{
"type": "FeatureCollection",
"name": "0204",
"crs": { "type": "name", "properties": { "name": "urn:ogc:def:crs:OGC:1.3:CRS84" } },
"features": [
{ "type": "Feature", "properties": { "fid": 1.0, "cat": 3, "CLAVE_ACUI": "0204", "NOM_ACUIF": "LOS MEDANOS", "VULNERABIL": 1 }, "geometry": { "type": "MultiPolygon", "coordinates": [ [ [ [ -116.915849764944625, 32.310505263124327 ], [ -116.916583069602069, 32.31007274418009 ], [ -116.917141145326667, 32.309599511746683 ], [ -116.917173121371789, 32.309477749867426 ], [ -116.917205097331006, 32.309355987977611 ], [ -116.917075283247271, 32.309024382722477 ], [ -116.916945470106754, 32.30869277731798 ], [ -116.916931737552474, 32.308464425374922 ], [ -116.917127276181148, 32.308061993795206 ], [ -116.917420347678302, 32.307715442892004 ], [ -116.918592458089421, 32.306500630343521 ], [ -116.918987090117298, 32.306149066873076 ], [ -116.919656611034085, 32.305723254494055 ], [ -116.920218437359651, 32.305466513496761 ], [ -116.922170756351278, 32.304694184979745 ], [ -116.922577217721525, 32.304457634708079 ], [ -116.922521738779238, 32.304126080352979 ], [ -116.922036025723401, 32.303888981075879 ], [ -116.919824866387259, 32.303114048625829 ], [ -116.91921968892521, 32.302866713974758 ], [ -116.918606666981006, 32.302487439772896 ], [ -116.918336097496564, 32.302192956103127 ], [ -116.917686467353334, 32.301197972884587 ], [ -116.917517479223264, 32.300888330719808 ], [ -116.917378490315429, 32.300438319169274 ], [ -116.917348922069237, 32.300105087873419 ], [ -116.917349924963759, 32.2990000200368 ], [ -116.917374109609042, 32.298682046734328 ], [ -116.917485967858909, 32.298303239202127 ], [ -116.917529165185925, 32.298225562909153 ], [ -116.917941148873481, 32.297673571502457 ], [ -116.918143267196001, 32.296648319031171 ], [ -116.91824348780743, 32.295917685233462 ], [ -116.918217823408767, 32.295564561961044 ], [ -116.918217258379443, 32.295560212197294 ], [ -116.918147796459678, 32.295301378013114 ], [ -116.917933701515736, 32.294970563966721 ], [ -116.917719608124997, 32.294639749542469 ], [ -116.917659968539269, 32.294411432386028 ], [ -116.917614435941218, 32.294237119966034 ], [ -116.917095466138832, 32.292689682882006 ], [ -116.916840954380064, 32.292292028695833 ], [ -116.916851582058371, 32.291538745925898 ], [ -116.916861639741768, 32.291444634174987 ], [ -116.917029330260689, 32.290971143071694 ], [ -116.917232736977923, 32.290632989827493 ], [ -116.918014267349633, 32.289528429543061 ], [ -116.918217676291263, 32.289180126024497 ], [ -116.918385397996531, 32.28865927279891 ], [ -116.918421592544334, 32.288263500547551 ], [ -116.918422186206669, 32.287600458605695 ], [ -116.918422779849493, 32.286937416594114 ], [ -116.918452977606364, 32.286567011873707 ], [ -116.918592712462356, 32.286164540523941 ], [ -116.918762135492798, 32.285959985998289 ], [ -116.918787014984545, 32.285938882504915 ], [ -116.919413037408205, 32.285407867598295 ], [ -116.919618251226638, 32.285254077789617 ], [ -116.919925017910074, 32.285088512033774 ], [ -116.920158042440519, 32.285005779254661 ], [ -116.920938721953618, 32.284785256225618 ], [ -116.921261301841227, 32.284748246199207 ], [ -116.921985997892591, 32.284796056185769 ], [ -116.922698699706899, 32.28490136347552 ], [ -116.92276214158008, 32.284912182932445 ], [ -116.925299960431985, 32.28534495750332 ], [ -116.925650325504208, 32.285417895997639 ], [ -116.926000691139208, 32.285490833519845 ], [ -116.926669493723878, 32.285728024612773 ], [ -116.926924194284211, 32.285920995879664 ], [ -116.927443996788583, 32.286584338183687 ], [ -116.92760316989802, 32.286726510083362 ], [ -116.927826170646711, 32.286726637740237 ], [ -116.927985569190895, 32.28658464820586 ], [ -116.928506423710715, 32.285921901607637 ], [ -116.928696376526105, 32.285850133795101 ], [ -116.92870758038103, 32.285845900751596 ], [ -116.929125463308679, 32.28615397719517 ], [ -116.929466459008466, 32.286598598118438 ], [ -116.929521286342762, 32.28667008644473 ], [ -116.930950615830184, 32.288770510487105 ], [ -116.931346368783039, 32.289408397053812 ], [ -116.931555109040374, 32.289846591851784 ], [ -116.931763851302378, 32.290284786276963 ], [ -116.931964499536477, 32.290898885098755 ], [ -116.932483384286499, 32.292888289625594 ], [ -116.932540892019276, 32.293059930419425 ], [ -116.932672133221359, 32.293451637716707 ], [ -116.93303406620258, 32.294091191940417 ], [ -116.933362364549907, 32.294441492281024 ], [ -116.934402478644245, 32.2953260860304 ], [ -116.934532502964728, 32.295436666986198 ], [ -116.934860877241874, 32.295695626038714 ], [ -116.935223137627148, 32.295908932937309 ], [ -116.935317707170157, 32.29593181576292 ], [ -116.935412276760772, 32.295954698517662 ], [ -116.935672470699132, 32.295954831356553 ], [ -116.935932664639168, 32.295954963659227 ], [ -116.936163589124092, 32.296046417991768 ], [ -116.936720852007056, 32.296472939530773 ], [ -116.937286022422356, 32.296990799862442 ], [ -116.93936627349423, 32.298980940254751 ], [ -116.939991215244717, 32.299498816985768 ], [ -116.940827308579344, 32.299925452423423 ], [ -116.941383649013332, 32.300014943068149 ], [ -116.941396780813989, 32.300017055364094 ], [ -116.943218219860654, 32.300017887734825 ], [ -116.94369816181468, 32.299982582621929 ], [ -116.943907306556824, 32.299899795568869 ], [ -116.944116450919168, 32.299817008167807 ], [ -116.944234064700325, 32.299615779798565 ], [ -116.944364639477698, 32.298842289233541 ], [ -116.944428494579114, 32.298625814060706 ], [ -116.944533882306715, 32.298476795845886 ], [ -116.944683566765065, 32.29832823403401 ], [ -116.944868228319777, 32.298218000121871 ], [ -116.945207139794121, 32.29804547784866 ], [ -116.945505752915665, 32.297915411244716 ], [ -116.945729742449188, 32.297860017016475 ], [ -116.94614792998928, 32.297808268512931 ], [ -116.946587484063883, 32.297777351285873 ], [ -116.947611709560334, 32.297766463429568 ], [ -116.948990120306661, 32.297751810466735 ], [ -116.949646276571201, 32.297773222840299 ], [ -116.9501396863281, 32.297836948758132 ], [ -116.95068470354704, 32.297941081483593 ], [ -116.951141809174587, 32.29806048320026 ], [ -116.951562647350016, 32.298225241230959 ], [ -116.951923846814495, 32.298446542063132 ], [ -116.952580277319072, 32.298919782659453 ], [ -116.953006558780459, 32.299304811076183 ], [ -116.953240229210962, 32.299571498374476 ], [ -116.953299102022214, 32.299686846372651 ], [ -116.953337154437691, 32.299898044595231 ], [ -116.953345136355225, 32.300169429791303 ], [ -116.953349307180844, 32.30031123786241 ], [ -116.953308614494077, 32.300542654270082 ], [ -116.953229960579179, 32.300770750623272 ], [ -116.953031519300765, 32.301070548882016 ], [ -116.952828004207689, 32.301272725738443 ], [ -116.952558610285749, 32.30142238902841 ], [ -116.952105864607049, 32.301673914405463 ], [ -116.951595206521787, 32.30197993698517 ], [ -116.951143158162608, 32.302278459486509 ], [ -116.950520279174285, 32.302637965919502 ], [ -116.94976665533531, 32.302867404390177 ], [ -116.948777424229874, 32.303027792730738 ], [ -116.947440965135229, 32.303118094020917 ], [ -116.94681268736214, 32.303212335686879 ], [ -116.946181721798069, 32.303329133265819 ], [ -116.945919026448678, 32.303394357238489 ], [ -116.945660544566522, 32.303483126721645 ], [ -116.945349365071721, 32.303621428719332 ], [ -116.945169709284272, 32.303701275735982 ], [ -116.944963218830566, 32.303836550537831 ], [ -116.944872031010405, 32.303994087899561 ], [ -116.944832100675697, 32.304107351295748 ], [ -116.944810823845756, 32.304270313028752 ], [ -116.944810501570458, 32.30436069055736 ], [ -116.944838795154581, 32.304438323382215 ], [ -116.944933796639091, 32.304545576374139 ], [ -116.945019960015756, 32.304629880553314 ], [ -116.945104601602395, 32.304702878039237 ], [ -116.945288402993285, 32.304827937041182 ], [ -116.94544402817975, 32.304908528765715 ], [ -116.945610312846313, 32.30498298654188 ], [ -116.94578265195301, 32.305042388921954 ], [ -116.946107611193227, 32.305154396884994 ], [ -116.946517297159218, 32.305317251717526 ], [ -116.947042724873, 32.305556080473472 ], [ -116.947827016754673, 32.305941096488105 ], [ -116.949046476084007, 32.306631633698693 ], [ -116.949452282531283, 32.306911146520548 ], [ -116.949689898986904, 32.307116316294696 ], [ -116.949954241968683, 32.307396843858264 ], [ -116.95007546976268, 32.307543761935854 ], [ -116.950424606508861, 32.307935053024664 ], [ -116.950716595259038, 32.308239593036149 ], [ -116.951129949066384, 32.308583210268665 ], [ -116.951652952859462, 32.308956670761269 ], [ -116.9525783925517, 32.309521799245417 ], [ -116.954340322981338, 32.310245452257732 ], [ -116.956175383025155, 32.310911511088449 ], [ -116.957827152433111, 32.311502983025285 ], [ -116.959884711931821, 32.312239761837141 ], [ -116.956834981888321, 32.313782540280499 ], [ -116.956669306289285, 32.313532921186479 ], [ -116.956429101441259, 32.313289173147311 ], [ -116.95602901037546, 32.312948030802083 ], [ -116.955620235432548, 32.312647934521387 ], [ -116.954906451957896, 32.312196594126497 ], [ -116.953997634792799, 32.311586020380922 ], [ -116.953440101580114, 32.311349015936464 ], [ -116.953041804272701, 32.311298125525568 ], [ -116.952391209618639, 32.311297881809899 ], [ -116.951740614972493, 32.311297634740853 ], [ -116.951342270024966, 32.311338076099652 ], [ -116.95078451481109, 32.311527299868231 ], [ -116.950386065185654, 32.311757178169962 ], [ -116.949084374882261, 32.312640713069968 ], [ -116.948721788672103, 32.312830006255268 ], [ -116.948526607003089, 32.312829926809286 ], [ -116.948331425334828, 32.312829847061465 ], [ -116.948136351606024, 32.312640327087522 ], [ -116.947616377001822, 32.311756059099729 ], [ -116.947421336370681, 32.311515795146448 ], [ -116.947031116468949, 32.311278831985121 ], [ -116.946668699889059, 32.31118057651446 ], [ -116.945367645040889, 32.310959006739694 ], [ -116.945017132137281, 32.310941940255432 ], [ -116.944682455611826, 32.311083874038367 ], [ -116.944554858556046, 32.311303703780197 ], [ -116.944294079705045, 32.312187642261478 ], [ -116.94408280633121, 32.312448028808376 ], [ -116.943357642652316, 32.312779225408143 ], [ -116.942532965671148, 32.312991972582068 ], [ -116.939409612476524, 32.313653551671479 ], [ -116.938405743448016, 32.313754551449271 ], [ -116.938395019954086, 32.313753245117354 ], [ -116.936844405984331, 32.313564339932363 ], [ -116.935617803358426, 32.313191606066155 ], [ -116.93103396736025, 32.311499638602946 ], [ -116.930342064295274, 32.31124422612119 ], [ -116.929310647147688, 32.31093581272026 ], [ -116.928950199191874, 32.310893324629312 ], [ -116.928299520674969, 32.311003463353678 ], [ -116.928124216350398, 32.31105748936217 ], [ -116.927956808654486, 32.31119947391263 ], [ -116.92789295912641, 32.31134828315313 ], [ -116.927763967228785, 32.311894117235191 ], [ -116.927762401709074, 32.311900741749376 ], [ -116.927585040465914, 32.312034262948053 ], [ -116.926887912395685, 32.312104901052606 ], [ -116.926069377345414, 32.312072287135379 ], [ -116.926005647224741, 32.312067739205816 ], [ -116.922946685213105, 32.311849406193609 ], [ -116.922080354890824, 32.311816737223587 ], [ -116.921160161946375, 32.311887205792459 ], [ -116.920711929266389, 32.312020547843005 ], [ -116.919540361946758, 32.312572339606234 ], [ -116.919235477003568, 32.312756510526384 ], [ -116.918984255503474, 32.313064189388257 ], [ -116.918930253378534, 32.313319560302766 ], [ -116.918929465973136, 32.314203612614286 ], [ -116.91889935417818, 32.314469147375881 ], [ -116.918759619230997, 32.314824257253228 ], [ -116.918749569245847, 32.314838591145836 ], [ -116.918590109057433, 32.315066022129656 ], [ -116.917938790469094, 32.315839146340366 ], [ -116.917727473045403, 32.316055511421894 ], [ -116.917392649322622, 32.316292092487792 ], [ -116.917125647390975, 32.316413700182885 ], [ -116.916670029879214, 32.316579168825477 ], [ -116.916214459140264, 32.316744618229322 ], [ -116.915953420148995, 32.31687637595148 ], [ -116.915799924960297, 32.317018353482716 ], [ -116.915566977462476, 32.317298001886421 ], [ -116.915372026113545, 32.317635806055485 ], [ -116.915179237938034, 32.318036935088358 ], [ -116.914650705668137, 32.319136637586688 ], [ -116.909215822667548, 32.319136722074333 ], [ -116.910553273361657, 32.317430835096573 ], [ -116.910768725514231, 32.317080862323138 ], [ -116.910992425809056, 32.316441661016164 ], [ -116.911096545814388, 32.315878489279321 ], [ -116.911358733770356, 32.313889555373777 ], [ -116.911558472834173, 32.313301078724614 ], [ -116.912228400757996, 32.312543786765353 ], [ -116.912985696813763, 32.312050414170535 ], [ -116.915849764944625, 32.310505263124327 ] ] ] ] } },
{ "type": "Feature", "properties": { "fid": 2.0, "cat": 4, "CLAVE_ACUI": "0204", "NOM_ACUIF": "LOS MEDANOS", "VULNERABIL": 2 }, "geometry": { "type": "MultiPolygon", "coordinates": [ [ [ [ -116.864283526136049, 32.309469175710383 ], [ -116.862854747354518, 32.307810032376644 ], [ -116.862698821274378, 32.307538388700493 ], [ -116.862542896122363, 32.307266744822563 ], [ -116.862516337858835, 32.306390556158497 ], [ -116.862790241920109, 32.305682145724298 ], [ -116.864094976448797, 32.303252410233839 ], [ -116.864494265305396, 32.302579650650678 ], [ -116.865052915872639, 32.301869848726341 ], [ -116.865451701741165, 32.301528605615161 ], [ -116.866754041870806, 32.300645932977922 ], [ -116.86712881590482, 32.300375699196124 ], [ -116.867575434330888, 32.299997288145228 ], [ -116.867838687180125, 32.299726935192062 ], [ -116.868620575087647, 32.298843697067738 ], [ -116.868812089636521, 32.298603713099517 ], [ -116.868923945152375, 32.298367029011587 ], [ -116.868892225114323, 32.298268893103234 ], [ -116.868762284336853, 32.298158251297934 ], [ -116.868632343875106, 32.298047609357788 ], [ -116.868610488136326, 32.298013758001908 ], [ -116.868588632413775, 32.297979906642126 ], [ -116.868616579219491, 32.297932575670636 ], [ -116.868644525996103, 32.297885244692544 ], [ -116.868768085221532, 32.297817715961202 ], [ -116.869288799901497, 32.297597242534621 ], [ -116.869412416464087, 32.297489118888969 ], [ -116.869468580388698, 32.297205016591576 ], [ -116.869425198491726, 32.296907279893496 ], [ -116.869166589712009, 32.295801943860702 ], [ -116.8691527771973, 32.295694072574463 ], [ -116.869123267782683, 32.295463612705937 ], [ -116.869134557738732, 32.295368880908065 ], [ -116.869179703414702, 32.294990070407941 ], [ -116.869303646619997, 32.294651912472006 ], [ -116.869612959605078, 32.293997371215312 ], [ -116.86982560526431, 32.29354738299272 ], [ -116.870027208765308, 32.293204230010659 ], [ -116.870446071391811, 32.292707379479985 ], [ -116.870842841650116, 32.292340745197514 ], [ -116.872275553152903, 32.291126626545939 ], [ -116.872755909654472, 32.29078036785485 ], [ -116.873564880686871, 32.290378619512502 ], [ -116.874240197331005, 32.290150950493349 ], [ -116.876582687747984, 32.289490220107467 ], [ -116.877204222949402, 32.289267556903411 ], [ -116.877762247875808, 32.288889217296884 ], [ -116.877937892671667, 32.288571397738444 ], [ -116.878199542392309, 32.287466580467417 ], [ -116.878315396158584, 32.287189297029485 ], [ -116.878594400523127, 32.287000125000048 ], [ -116.878877125060882, 32.287007162245828 ], [ -116.879917505669965, 32.287229169933354 ], [ -116.880218050745938, 32.287312335645424 ], [ -116.880580211533641, 32.287478439184632 ], [ -116.880797039167192, 32.287632564532501 ], [ -116.88144674465579, 32.288185711200342 ], [ -116.881603762991034, 32.288400670590178 ], [ -116.881686805437667, 32.28885066973784 ], [ -116.881648418228067, 32.289278566408633 ], [ -116.881386229519705, 32.290825417869172 ], [ -116.881335906209358, 32.291243154497622 ], [ -116.881356017719256, 32.291539168621796 ], [ -116.881363258402843, 32.291645741191331 ], [ -116.881452656934869, 32.291803128396012 ], [ -116.881764527422206, 32.292068634638454 ], [ -116.881842499472228, 32.29213501460567 ], [ -116.881866019709776, 32.292147624980224 ], [ -116.882003674423984, 32.292221428392388 ], [ -116.882355528995376, 32.292290747624747 ], [ -116.88236598028351, 32.292292806627188 ], [ -116.882368206416459, 32.292292903784634 ], [ -116.882722384977072, 32.292308361067697 ], [ -116.883372842839492, 32.29230896356674 ], [ -116.884023300721282, 32.292309562714848 ], [ -116.884421617506177, 32.292249036383865 ], [ -116.884979511271595, 32.291965385154114 ], [ -116.885378183462237, 32.291620695420356 ], [ -116.88668073901178, 32.290295787688528 ], [ -116.887067450578613, 32.289951081776202 ], [ -116.887569570124384, 32.289667369072106 ], [ -116.887900174310474, 32.289606771412657 ], [ -116.88894087622522, 32.289607691055899 ], [ -116.889265376362346, 32.289653644757024 ], [ -116.88973900974247, 32.289867179846745 ], [ -116.89009113014248, 32.290126276142352 ], [ -116.891260739465679, 32.291121851539486 ], [ -116.891297555176607, 32.29115559940707 ], [ -116.891571024112551, 32.291406279127457 ], [ -116.891710209238084, 32.291572158623012 ], [ -116.891849395517355, 32.291738038733335 ], [ -116.891936782967562, 32.291927554039368 ], [ -116.89206621938142, 32.292480199467612 ], [ -116.892129074919595, 32.29260687414375 ], [ -116.892147664410899, 32.292644338036695 ], [ -116.892398304566498, 32.292857672400395 ], [ -116.892674917380148, 32.292998296739611 ], [ -116.893715142461943, 32.29344120438801 ], [ -116.893997785908411, 32.293536162220263 ], [ -116.894276557425783, 32.293536395957915 ], [ -116.894392158297833, 32.293441772482957 ], [ -116.894652855976432, 32.292999962553679 ], [ -116.894887951879426, 32.292885141068872 ], [ -116.895724368914131, 32.292791114384016 ], [ -116.896684154660832, 32.292771606205932 ], [ -116.900326739139913, 32.292774534290707 ], [ -116.900839489235452, 32.292762252280042 ], [ -116.901352239198587, 32.292749968186776 ], [ -116.902495319568061, 32.292632455798504 ], [ -116.903102790298277, 32.29248915165266 ], [ -116.904794562710634, 32.29193790383237 ], [ -116.90518700863079, 32.291763981518564 ], [ -116.905326662426887, 32.291503605588687 ], [ -116.905159003718396, 32.291331511699738 ], [ -116.905133723914247, 32.291305563077131 ], [ -116.904613682464827, 32.290973632720103 ], [ -116.904093700086293, 32.290641735494887 ], [ -116.90379326497488, 32.290423312014823 ], [ -116.903431250789339, 32.290067834610404 ], [ -116.903322888234428, 32.289923136313483 ], [ -116.903214522722735, 32.289778433513469 ], [ -116.903095244445026, 32.28959566110936 ], [ -116.902565146149541, 32.288783370998154 ], [ -116.902378252555195, 32.288529511546194 ], [ -116.902155450984637, 32.288339898484217 ], [ -116.902024055778838, 32.288322882259244 ], [ -116.901633678587572, 32.288433085777427 ], [ -116.90147244407828, 32.288390674219293 ], [ -116.901110395617863, 32.288082550195043 ], [ -116.900754420553099, 32.287684783881573 ], [ -116.899455277340309, 32.286136657453149 ], [ -116.899141179798022, 32.285693251087125 ], [ -116.898974508851651, 32.285172155942156 ], [ -116.899050502017829, 32.284871141305942 ], [ -116.899571800437712, 32.283987500245175 ], [ -116.899609271430464, 32.283859010649458 ], [ -116.899647745928931, 32.283727079597654 ], [ -116.899480866686332, 32.283395425554332 ], [ -116.899166523899609, 32.28318205409137 ], [ -116.897866480920086, 32.2825179666387 ], [ -116.897516330133058, 32.282284264854127 ], [ -116.897182326484227, 32.281857751573625 ], [ -116.897055328560498, 32.281482149375513 ], [ -116.896796677874022, 32.280155852466535 ], [ -116.896687596462556, 32.27978533875114 ], [ -116.896437197365543, 32.279382571822175 ], [ -116.89618856598095, 32.279177703887768 ], [ -116.895278690654436, 32.278624416774782 ], [ -116.895260532334134, 32.278615800299953 ], [ -116.895018025060537, 32.278500725492385 ], [ -116.894865615644434, 32.278488826312113 ], [ -116.894711454335351, 32.278476790164639 ], [ -116.894534160852601, 32.278566288366562 ], [ -116.894013358828573, 32.279007881092376 ], [ -116.893903790856058, 32.279048659938724 ], [ -116.893800239081088, 32.279087199564295 ], [ -116.893326485801595, 32.279015759958057 ], [ -116.892862817036274, 32.278834383764938 ], [ -116.892809531963394, 32.278809949247666 ], [ -116.891172799768682, 32.278059388463575 ], [ -116.89073307942968, 32.277837430591184 ], [ -116.890371052228701, 32.277576635605172 ], [ -116.89031078256501, 32.27745945812611 ], [ -116.89029358924617, 32.277426030472888 ], [ -116.890293855256189, 32.277205016301934 ], [ -116.890294121263281, 32.276984002123235 ], [ -116.890354058761872, 32.276808144740244 ], [ -116.890633233668623, 32.276429504929908 ], [ -116.890972115354145, 32.276064447530985 ], [ -116.892274366727506, 32.274739478166538 ], [ -116.892565516000516, 32.274323632527697 ], [ -116.892621983758829, 32.273707997228883 ], [ -116.892570581330148, 32.273594769792787 ], [ -116.892411506787596, 32.273244364144844 ], [ -116.892065283551716, 32.272728374958255 ], [ -116.891372835018103, 32.271696373066945 ], [ -116.891138552874366, 32.271171825469835 ], [ -116.891083887229101, 32.270271933040611 ], [ -116.89124007107705, 32.269510920179023 ], [ -116.892023566241974, 32.266859415657677 ], [ -116.892215495608241, 32.266159323543739 ], [ -116.892327697688103, 32.265543735121213 ], [ -116.892296059630056, 32.265364415511449 ], [ -116.892036214971895, 32.265143178859773 ], [ -116.892009312643268, 32.265069527871553 ], [ -116.891998515677216, 32.265039968788543 ], [ -116.892082429235828, 32.264779558727781 ], [ -116.892240004179413, 32.264510754258794 ], [ -116.892891432014252, 32.263516741352092 ], [ -116.89308480873062, 32.263268263407817 ], [ -116.893335813654474, 32.263102714421073 ], [ -116.893501016334795, 32.263114693891147 ], [ -116.894020959341447, 32.263336146077336 ], [ -116.894162252193127, 32.263368401908252 ], [ -116.89417197982965, 32.263363453481148 ], [ -116.894301674160289, 32.263297478139656 ], [ -116.894359555317536, 32.26316390274836 ], [ -116.894490244582087, 32.262611474671544 ], [ -116.894566057544395, 32.262462691178648 ], [ -116.894789162649758, 32.262320796159933 ], [ -116.895032071234198, 32.262266872127455 ], [ -116.895942538624965, 32.262157117915208 ], [ -116.896197389329714, 32.262103201475654 ], [ -116.896215576049215, 32.262093949401823 ], [ -116.896476226021178, 32.261961349247912 ], [ -116.896619713304005, 32.261812619943477 ], [ -116.896837818022902, 32.261504403975465 ], [ -116.897010481581717, 32.261260401691317 ], [ -116.897112206099351, 32.261076117487534 ], [ -116.897196154768224, 32.260768343514044 ], [ -116.89721435718215, 32.260512950676606 ], [ -116.897215353430752, 32.259628891377155 ], [ -116.897185806933209, 32.259353162338293 ], [ -116.897120940060745, 32.259049922722099 ], [ -116.896886105658979, 32.258664153261506 ], [ -116.896878076320846, 32.258650963163127 ], [ -116.89630300006587, 32.257755300874535 ], [ -116.896030234760261, 32.257401984005703 ], [ -116.89575179020855, 32.257212313015593 ], [ -116.895552766384114, 32.257195234207074 ], [ -116.894902431438624, 32.257305202429663 ], [ -116.894727175655802, 32.257389628623756 ], [ -116.894559650593166, 32.257673651198623 ], [ -116.894495584746963, 32.257994971705948 ], [ -116.894364134339696, 32.259210444746152 ], [ -116.894282170011707, 32.259516527122408 ], [ -116.894031121665677, 32.259729438425715 ], [ -116.893754445980747, 32.259727514597948 ], [ -116.892714344928834, 32.259505620543052 ], [ -116.892413891912526, 32.259412335739292 ], [ -116.892051876831019, 32.259198905275291 ], [ -116.891835165775589, 32.258987289703455 ], [ -116.891185868254269, 32.258213179394907 ], [ -116.891028935631709, 32.257950870628683 ], [ -116.890951538311683, 32.257531558885837 ], [ -116.89094587472276, 32.257500875379186 ], [ -116.890978135326549, 32.257180115478832 ], [ -116.890984147862795, 32.257120333932349 ], [ -116.891099524596697, 32.256535718264423 ], [ -116.891245811612535, 32.255794468639884 ], [ -116.891290035801106, 32.255429155101297 ], [ -116.891283539825864, 32.255384626376085 ], [ -116.891290138596403, 32.255342891614468 ], [ -116.891234774675468, 32.255035001391605 ], [ -116.891111562653052, 32.254874208196163 ], [ -116.890649680690402, 32.254480897716711 ], [ -116.890591939971287, 32.254431728887297 ], [ -116.890444863767101, 32.254255691374468 ], [ -116.890361496014705, 32.254066177444336 ], [ -116.890278128607676, 32.253876663454257 ], [ -116.890187011861769, 32.253511232585794 ], [ -116.890076233809339, 32.252942795154787 ], [ -116.889928539229871, 32.252184916118487 ], [ -116.889944975952716, 32.25175868666625 ], [ -116.890091231311345, 32.251469487180749 ], [ -116.890280145799807, 32.25109593224807 ], [ -116.890742518791996, 32.250575368216317 ], [ -116.891583685346973, 32.249760046104768 ], [ -116.892565049677742, 32.248808808053369 ], [ -116.893009456150082, 32.248313591896235 ], [ -116.89336246548794, 32.247682981449103 ], [ -116.893378818105688, 32.247314260278849 ], [ -116.892984413717897, 32.246473842523045 ], [ -116.892985061651387, 32.245921304320881 ], [ -116.892967373813704, 32.245806422535615 ], [ -116.892961359958932, 32.245767362727598 ], [ -116.892850104383342, 32.245601506795559 ], [ -116.892714869681129, 32.245518511226415 ], [ -116.892195031269267, 32.245297053264125 ], [ -116.892059827623228, 32.245188685336757 ], [ -116.891948714571171, 32.244904427538344 ], [ -116.891925185140735, 32.244606713005133 ], [ -116.891926493721684, 32.243501636263908 ], [ -116.891986586040048, 32.243173547139797 ], [ -116.892265706737149, 32.242747541024208 ], [ -116.892604356872781, 32.24246704923695 ], [ -116.893905589783287, 32.241584085830759 ], [ -116.894250171425, 32.241328966246236 ], [ -116.894557000196244, 32.241021379369954 ], [ -116.894650746684775, 32.240837089877708 ], [ -116.894781401816886, 32.240284659474199 ], [ -116.894869159383191, 32.240115587831745 ], [ -116.895148039648745, 32.239879016969624 ], [ -116.89545868176279, 32.239710129638915 ], [ -116.896629456996664, 32.239158553372512 ], [ -116.896904261840945, 32.238999781826372 ], [ -116.897015917509194, 32.23881043077936 ], [ -116.896900621814027, 32.238698701252162 ], [ -116.896250922723425, 32.238366645870236 ], [ -116.89602214545404, 32.238300491398739 ], [ -116.895604214286749, 32.238323827106804 ], [ -116.895453409923945, 32.238364568280048 ], [ -116.895143883540442, 32.238299765734588 ], [ -116.894837393274358, 32.238323191322628 ], [ -116.894715886964164, 32.238422885542988 ], [ -116.894585616969309, 32.238643792719813 ], [ -116.893935284736756, 32.238864264337444 ], [ -116.893549119980179, 32.238948511996817 ], [ -116.893047687045993, 32.238900728099217 ], [ -116.892717520581797, 32.238748217999927 ], [ -116.892115754325076, 32.238363805845424 ], [ -116.891317597592234, 32.237932673947327 ], [ -116.890902989348774, 32.237758350826894 ], [ -116.891506381202802, 32.237331059689119 ], [ -116.893761144600518, 32.235734351992136 ], [ -116.899327620201944, 32.231792459708956 ], [ -116.901526644325202, 32.230235223704973 ], [ -116.902636248344322, 32.230904031093736 ], [ -116.903478522915762, 32.231504726058191 ], [ -116.904518882874086, 32.232314561058473 ], [ -116.905567065362135, 32.233248031253673 ], [ -116.906763627416751, 32.23439429800208 ], [ -116.90764639889376, 32.235145949320213 ], [ -116.908611109084191, 32.236061229326225 ], [ -116.908818982151701, 32.236350090029667 ], [ -116.90899330974942, 32.236542057740401 ], [ -116.909321147143572, 32.236825482966289 ], [ -116.910137973399458, 32.237428244142755 ], [ -116.91083916771575, 32.237932802131333 ], [ -116.91098986013786, 32.238029947426476 ], [ -116.911249972308482, 32.238141060758821 ], [ -116.91154796661894, 32.238230507664404 ], [ -116.91156049108217, 32.238400372007462 ], [ -116.911567247593908, 32.238592445353305 ], [ -116.911567104698079, 32.238739952040206 ], [ -116.911566888238539, 32.23896339310911 ], [ -116.911580297937334, 32.23909737086764 ], [ -116.911654811194495, 32.239249988431823 ], [ -116.911735877693047, 32.239328865323735 ], [ -116.91187033421491, 32.239426120817797 ], [ -116.912101432937661, 32.239547852274391 ], [ -116.9124934914839, 32.239711377548389 ], [ -116.912718518781716, 32.239789151960075 ], [ -116.912894841230951, 32.239835730061316 ], [ -116.913064274064666, 32.239861453283858 ], [ -116.913241482322789, 32.239869628819626 ], [ -116.913451105515847, 32.239854004583876 ], [ -116.91361846486798, 32.239823642979282 ], [ -116.91392685892248, 32.239705345491835 ], [ -116.914225445721897, 32.23955454407799 ], [ -116.914578321030291, 32.239352470183434 ], [ -116.91489802002765, 32.239114203949562 ], [ -116.915130254204968, 32.238863873602575 ], [ -116.91528119536585, 32.238661324537546 ], [ -116.915464107058071, 32.23865126439447 ], [ -116.915747785994583, 32.23863842548888 ], [ -116.916030232916171, 32.238642206148555 ], [ -116.916421527648723, 32.238660120592947 ], [ -116.917301059121868, 32.238660698678032 ], [ -116.917591664417841, 32.238660889056177 ], [ -116.917703680332195, 32.238646719566646 ], [ -116.917817022937186, 32.238618014728715 ], [ -116.917961850836221, 32.23855824145538 ], [ -116.918116667892448, 32.238461228314478 ], [ -116.91822997726652, 32.238363212908617 ], [ -116.918306203180066, 32.23825441832539 ], [ -116.918364783120936, 32.238153843676592 ], [ -116.918443788317404, 32.237974215883931 ], [ -116.918542827285592, 32.237694387864941 ], [ -116.91863136223769, 32.237444236387105 ], [ -116.91873351507148, 32.237155606405601 ], [ -116.918795136273999, 32.236981496485313 ], [ -116.918843692881765, 32.236866487459146 ], [ -116.918898185019017, 32.236737419430455 ], [ -116.918937947881417, 32.236643238361154 ], [ -116.919004931926949, 32.236477047933427 ], [ -116.919087080270231, 32.23631219989359 ], [ -116.919405557588817, 32.236311180253473 ], [ -116.919650133083934, 32.236307930891577 ], [ -116.919938672411902, 32.236317244311799 ], [ -116.920250098427474, 32.236312604049601 ], [ -116.920762777560086, 32.236271951814643 ], [ -116.923553267174682, 32.23570684600368 ], [ -116.924892383729627, 32.235519852250512 ], [ -116.925937940673279, 32.235463363356757 ], [ -116.925899360170519, 32.235641247388656 ], [ -116.925845663968985, 32.235680332244797 ], [ -116.925754099570426, 32.235757389209027 ], [ -116.925607437506798, 32.235888447414204 ], [ -116.925423873918362, 32.236083476177861 ], [ -116.924512879316694, 32.2371880149148 ], [ -116.924162371505687, 32.237510871663801 ], [ -116.923815462865306, 32.237703368498295 ], [ -116.923437672508598, 32.237912999335506 ], [ -116.922752894942562, 32.238164608365132 ], [ -116.920281943850966, 32.238936629279742 ], [ -116.919662803401366, 32.239208560267919 ], [ -116.919244454946565, 32.239705579193462 ], [ -116.919265958049181, 32.240143677806486 ], [ -116.919784667729104, 32.241691118438318 ], [ -116.919919525226589, 32.24222570117729 ], [ -116.92003014127009, 32.243172981357084 ], [ -116.920053305694182, 32.243991656083168 ], [ -116.920050788697822, 32.24686485730696 ], [ -116.920026170972761, 32.247703798661583 ], [ -116.919913803896279, 32.248745657719553 ], [ -116.9197778959728, 32.249395086363506 ], [ -116.919256013778963, 32.251383892766867 ], [ -116.919120079210856, 32.252053617736031 ], [ -116.919007612235376, 32.253190196045892 ], [ -116.918982880942409, 32.254144154436602 ], [ -116.918979936643979, 32.257459381080025 ], [ -116.91900297032484, 32.258418443778922 ], [ -116.91911340711394, 32.259578843936104 ], [ -116.9191475932885, 32.259756113804507 ], [ -116.919180650467595, 32.26006771372635 ], [ -116.919382631507077, 32.261255234949466 ], [ -116.919783925892119, 32.262559476792148 ], [ -116.920146263262879, 32.263737071682449 ], [ -116.920171090206281, 32.264045486196885 ], [ -116.920430228772318, 32.265150724348331 ], [ -116.920563313571847, 32.265478947587873 ], [ -116.920421157335369, 32.266421554246008 ], [ -116.920664175371272, 32.267276092910684 ], [ -116.920689191216908, 32.267364056666707 ], [ -116.92069473890848, 32.267383564110197 ], [ -116.920865703090513, 32.267984724184764 ], [ -116.921229756433789, 32.269004252719995 ], [ -116.921239045835648, 32.269030267303968 ], [ -116.922538287294259, 32.272332005558532 ], [ -116.922910305412955, 32.273259896073718 ], [ -116.923355444609982, 32.274207372488327 ], [ -116.923617862312781, 32.274647305399462 ], [ -116.924397344922951, 32.275752847246181 ], [ -116.924701642772334, 32.27611668816985 ], [ -116.925342210378432, 32.276709071656057 ], [ -116.925953012541825, 32.277191490959325 ], [ -116.926353266590979, 32.277491955150651 ], [ -116.926706373528475, 32.277832421392638 ], [ -116.927321134465089, 32.278362196546119 ], [ -116.928240462040193, 32.27895472526707 ], [ -116.928444645340377, 32.279047292553315 ], [ -116.928809590552831, 32.279302355777126 ], [ -116.929617554997009, 32.27975273087845 ], [ -116.930125094551315, 32.279944145085103 ], [ -116.932067912842385, 32.280387233922205 ], [ -116.933405685983615, 32.280577387366719 ], [ -116.934528549254864, 32.280618568973672 ], [ -116.938430801541969, 32.280620531755453 ], [ -116.939661239251862, 32.280570382540745 ], [ -116.941501023626827, 32.280334447014155 ], [ -116.942898842983382, 32.280047542497478 ], [ -116.947582152689733, 32.278944500922591 ], [ -116.94902776442207, 32.278566210683287 ], [ -116.951090693306867, 32.277903982923952 ], [ -116.952592117138224, 32.277336232370772 ], [ -116.957535720211396, 32.275348860076278 ], [ -116.959072937622025, 32.274689706548436 ], [ -116.961303114247059, 32.273601122975073 ], [ -116.962951854790902, 32.272705154665751 ], [ -116.964178899030358, 32.272010633157983 ], [ -116.965553660289871, 32.271306506865933 ], [ -116.967720428023114, 32.270005959304711 ], [ -116.968415608038512, 32.269612432257858 ], [ -116.970082156078291, 32.268614888280354 ], [ -116.972395803865027, 32.26705252402796 ], [ -116.974034460228964, 32.265818119620398 ], [ -116.975534948487436, 32.264636987693123 ], [ -116.979367625478687, 32.26161981740654 ], [ -116.980725405167618, 32.260496914110242 ], [ -116.981861593965363, 32.259331174401346 ], [ -116.982383918353904, 32.259518718615702 ], [ -116.983055320541709, 32.259514894696451 ], [ -116.983093466899746, 32.259324164213695 ], [ -116.983055317280758, 32.258919818766287 ], [ -116.98323079651648, 32.258839709552731 ], [ -116.983497831938081, 32.258839705575653 ], [ -116.983803015929254, 32.259217345142901 ], [ -116.983848796231641, 32.259743757329638 ], [ -116.98419975872703, 32.260155727738088 ], [ -116.985039012520346, 32.260346445137124 ], [ -116.985885892960411, 32.260083225632215 ], [ -116.986236850645028, 32.259778053267283 ], [ -116.986458106422674, 32.259369889154939 ], [ -116.986992175741747, 32.259255443973373 ], [ -116.987213435072576, 32.259667415403264 ], [ -116.987785653445826, 32.259858136780586 ], [ -116.987953506453721, 32.260312070156203 ], [ -116.988708836117681, 32.260800326294827 ], [ -116.989731200772752, 32.261212285761616 ], [ -116.991058746142315, 32.261402995853842 ], [ -116.991852220559679, 32.26140298401431 ], [ -116.992035332025154, 32.261734850293777 ], [ -116.992874585983017, 32.261963713101643 ], [ -116.993362878763051, 32.262184951517654 ], [ -116.994202131898902, 32.262261230764686 ], [ -116.994774348833559, 32.262188745258641 ], [ -116.99481249415372, 32.261628000358691 ], [ -116.994774340620182, 32.260643837463974 ], [ -116.995079523255143, 32.260609501388743 ], [ -116.995613593813047, 32.260727745451732 ], [ -116.995705154383344, 32.261807272484546 ], [ -116.995880635688749, 32.262116251780377 ], [ -116.996590186284024, 32.262306970174883 ], [ -116.99711662894336, 32.262829560294264 ], [ -116.997246334282636, 32.263245348751262 ], [ -116.997734626859341, 32.263432256526322 ], [ -116.998360252173057, 32.263539055660139 ], [ -116.998306842899368, 32.263020272399594 ], [ -116.998627283124492, 32.262863869253025 ], [ -116.999100317098325, 32.262982114210168 ], [ -116.999245281125127, 32.2633139810305 ], [ -116.999687795094303, 32.263275828982138 ], [ -116.999817497436126, 32.26312324349999 ], [ -117.000572824253567, 32.263088900693631 ], [ -117.000694900351107, 32.263657272791441 ], [ -117.001106902222929, 32.26388232835658 ], [ -117.002022465336481, 32.264145525057927 ], [ -117.002342914212761, 32.264515537147084 ], [ -117.002915138838873, 32.264217993911934 ], [ -117.00397566451862, 32.264107359917652 ], [ -117.004639447181944, 32.264145498659097 ], [ -117.005265082859566, 32.264370553759129 ], [ -117.005967015751239, 32.264820667707561 ], [ -117.006058575049607, 32.265381411112287 ], [ -117.006409540554529, 32.265347076052812 ], [ -117.007332734315895, 32.265686565385302 ], [ -117.008309336686295, 32.266247298994209 ], [ -117.008843418853388, 32.266960621522003 ], [ -117.00888157167654, 32.26767394904104 ], [ -117.009194391232768, 32.26816984200962 ], [ -116.976646707006182, 32.30376030816285 ], [ -116.959884711931821, 32.312239761837141 ], [ -116.957827152433111, 32.311502983025285 ], [ -116.956175383025155, 32.310911511088449 ], [ -116.954340322981338, 32.310245452257732 ], [ -116.952585236743545, 32.309524610264489 ], [ -116.952554367186991, 32.309507127929656 ], [ -116.951652952859462, 32.308956670761269 ], [ -116.951129949066384, 32.308583210268665 ], [ -116.950716595259038, 32.308239593036149 ], [ -116.950424606508861, 32.307935053024664 ], [ -116.95007546976268, 32.307543761935854 ], [ -116.949954241968683, 32.307396843858264 ], [ -116.949689898986904, 32.307116316294696 ], [ -116.949452282531283, 32.306911146520548 ], [ -116.949046476084007, 32.306631633698693 ], [ -116.947827016754673, 32.305941096488105 ], [ -116.947042724873, 32.305556080473472 ], [ -116.946517297159218, 32.305317251717526 ], [ -116.946107611193227, 32.305154396884994 ], [ -116.94578265195301, 32.305042388921954 ], [ -116.945610312846313, 32.30498298654188 ], [ -116.94544402817975, 32.304908528765715 ], [ -116.945288402993285, 32.304827937041182 ], [ -116.945104601602395, 32.304702878039237 ], [ -116.945019960015756, 32.304629880553314 ], [ -116.944933796639091, 32.304545576374139 ], [ -116.944838795154581, 32.304438323382215 ], [ -116.944810501570458, 32.30436069055736 ], [ -116.944810823845756, 32.304270313028752 ], [ -116.944832100675697, 32.304107351295748 ], [ -116.944872031010405, 32.303994087899561 ], [ -116.944963218830566, 32.303836550537831 ], [ -116.945169709284272, 32.303701275735982 ], [ -116.945349365071721, 32.303621428719332 ], [ -116.945660544566522, 32.303483126721645 ], [ -116.945919026448678, 32.303394357238489 ], [ -116.946181721798069, 32.303329133265819 ], [ -116.94681268736214, 32.303212335686879 ], [ -116.947440965135229, 32.303118094020917 ], [ -116.948777424229874, 32.303027792730738 ], [ -116.94976665533531, 32.302867404390177 ], [ -116.950520279174285, 32.302637965919502 ], [ -116.951143158162608, 32.302278459486509 ], [ -116.951595206521787, 32.30197993698517 ], [ -116.952105864607049, 32.301673914405463 ], [ -116.952558610285749, 32.30142238902841 ], [ -116.952828004207689, 32.301272725738443 ], [ -116.953031519300765, 32.301070548882016 ], [ -116.953229960579179, 32.300770750623272 ], [ -116.953308614494077, 32.300542654270082 ], [ -116.953349307180844, 32.30031123786241 ], [ -116.953345136355225, 32.300169429791303 ], [ -116.953337154437691, 32.299898044595231 ], [ -116.953299102022214, 32.299686846372651 ], [ -116.953240229210962, 32.299571498374476 ], [ -116.953006558780459, 32.299304811076183 ], [ -116.952580277319072, 32.298919782659453 ], [ -116.951923846814495, 32.298446542063132 ], [ -116.951562647350016, 32.298225241230959 ], [ -116.951141809174587, 32.29806048320026 ], [ -116.95068470354704, 32.297941081483593 ], [ -116.9501396863281, 32.297836948758132 ], [ -116.949646276571201, 32.297773222840299 ], [ -116.948990120306661, 32.297751810466735 ], [ -116.947611709560334, 32.297766463429568 ], [ -116.946587484063883, 32.297777351285873 ], [ -116.94614792998928, 32.297808268512931 ], [ -116.945729742449188, 32.297860017016475 ], [ -116.945505752915665, 32.297915411244716 ], [ -116.945207139794121, 32.29804547784866 ], [ -116.944868228319777, 32.298218000121871 ], [ -116.944683566765065, 32.29832823403401 ], [ -116.944533882306715, 32.298476795845886 ], [ -116.944428494579114, 32.298625814060706 ], [ -116.944364639477698, 32.298842289233541 ], [ -116.944234064700325, 32.299615779798557 ], [ -116.944116450919168, 32.299817008167807 ], [ -116.943907306556824, 32.299899795568869 ], [ -116.94369816181468, 32.299982582621929 ], [ -116.943218219860654, 32.300017887734825 ], [ -116.941396780813989, 32.300017055364094 ], [ -116.941383649013332, 32.300014943068149 ], [ -116.940827308579344, 32.299925452423423 ], [ -116.939991215244717, 32.299498816985768 ], [ -116.93936627349423, 32.298980940254751 ], [ -116.937286022422356, 32.296990799862442 ], [ -116.936720852007056, 32.296472939530773 ], [ -116.936163589124092, 32.296046417991768 ], [ -116.935932664639168, 32.295954963659227 ], [ -116.935672470699132, 32.295954831356553 ], [ -116.935412276760772, 32.295954698517662 ], [ -116.935317707170157, 32.29593181576292 ], [ -116.935223137627148, 32.295908932937309 ], [ -116.934860877241874, 32.295695626038714 ], [ -116.934532502964728, 32.295436666986198 ], [ -116.934402478644245, 32.2953260860304 ], [ -116.933362364549907, 32.294441492281003 ], [ -116.93303406620258, 32.29409119194041 ], [ -116.932672133221359, 32.293451637716707 ], [ -116.932540892019276, 32.293059930419425 ], [ -116.932483384286499, 32.292888289625594 ], [ -116.931964499536477, 32.290898885098755 ], [ -116.931763851302378, 32.290284786276963 ], [ -116.931555109040374, 32.289846591851784 ], [ -116.931346368783039, 32.289408397053812 ], [ -116.930950615830184, 32.288770510487105 ], [ -116.929521286342762, 32.28667008644473 ], [ -116.929466459008466, 32.286598598118438 ], [ -116.929125463308679, 32.28615397719517 ], [ -116.92870758038103, 32.285845900751596 ], [ -116.928696376526105, 32.285850133795101 ], [ -116.928506423710715, 32.285921901607637 ], [ -116.927985569190895, 32.28658464820586 ], [ -116.927826170646711, 32.286726637740237 ], [ -116.92760316989802, 32.286726510083362 ], [ -116.927443996788583, 32.286584338183687 ], [ -116.926924194284211, 32.285920995879664 ], [ -116.926669493723878, 32.285728024612773 ], [ -116.926000691139208, 32.285490833519845 ], [ -116.925650325504208, 32.285417895997639 ], [ -116.925299960431985, 32.28534495750332 ], [ -116.92276214158008, 32.284912182932445 ], [ -116.922698699706899, 32.28490136347552 ], [ -116.921985997892591, 32.284796056185769 ], [ -116.921261301841227, 32.284748246199207 ], [ -116.920938721953618, 32.284785256225618 ], [ -116.920158042440519, 32.285005779254661 ], [ -116.919925017910074, 32.285088512033774 ], [ -116.919618251226638, 32.285254077789617 ], [ -116.919413037408205, 32.285407867598295 ], [ -116.918787014984545, 32.285938882504915 ], [ -116.918762135492798, 32.285959985998289 ], [ -116.918592712462356, 32.286164540523941 ], [ -116.918452977606364, 32.286567011873707 ], [ -116.918422779849493, 32.286937416594114 ], [ -116.918422186206669, 32.287600458605695 ], [ -116.918421592544334, 32.288263500547551 ], [ -116.918385397996531, 32.28865927279891 ], [ -116.918217676291263, 32.289180126024497 ], [ -116.918014267349633, 32.289528429543061 ], [ -116.917232736977923, 32.290632989827493 ], [ -116.917029330260689, 32.290971143071694 ], [ -116.916861639741768, 32.291444634174987 ], [ -116.916851582058371, 32.291538745925898 ], [ -116.916840954380064, 32.292292028695833 ], [ -116.916172194721781, 32.291983745597165 ], [ -116.915471334220555, 32.291940992504813 ], [ -116.913025935995137, 32.29204319064371 ], [ -116.912869405092977, 32.29204973076591 ], [ -116.912210267815013, 32.292103400055701 ], [ -116.911736225778753, 32.292245149958099 ], [ -116.911718160750226, 32.292393983449998 ], [ -116.912070216420915, 32.292893336126667 ], [ -116.912107903082102, 32.29294679017238 ], [ -116.912280990421948, 32.293100830947772 ], [ -116.912698987067245, 32.293266881090894 ], [ -116.913123037955614, 32.293350053799315 ], [ -116.91468394917726, 32.293572132090581 ], [ -116.915113972272323, 32.29366037644575 ], [ -116.915559022301693, 32.29384977133909 ], [ -116.915766751309647, 32.294032928863295 ], [ -116.916286518626492, 32.294696316190034 ], [ -116.916451634277223, 32.294868951688741 ], [ -116.916702402546889, 32.295011197719603 ], [ -116.916895526860372, 32.295041770772023 ], [ -116.916963229678146, 32.295041815317305 ], [ -116.917546004919473, 32.29504219725473 ], [ -116.917691431048723, 32.294971251975383 ], [ -116.917719608124997, 32.294639749542469 ], [ -116.917933701515736, 32.294970563966721 ], [ -116.918147796459678, 32.295301378013114 ], [ -116.918217258379443, 32.295560212197294 ], [ -116.918217823408767, 32.295564561961044 ], [ -116.91824348780743, 32.295917685233462 ], [ -116.918143267196001, 32.296648319031171 ], [ -116.917941148873481, 32.297673571502457 ], [ -116.917529165185925, 32.298225562909153 ], [ -116.917485967858909, 32.298303239202127 ], [ -116.917374109609042, 32.298682046734328 ], [ -116.917349924963759, 32.2990000200368 ], [ -116.917348922069237, 32.300105087873419 ], [ -116.917378490315429, 32.300438319169274 ], [ -116.917517479223264, 32.300888330719808 ], [ -116.917686467353334, 32.301197972884587 ], [ -116.918336097496564, 32.302192956103127 ], [ -116.918606666981006, 32.302487439772904 ], [ -116.91921968892521, 32.302866713974758 ], [ -116.919824866387259, 32.303114048625829 ], [ -116.922036025723401, 32.303888981075879 ], [ -116.922521738779238, 32.304126080352979 ], [ -116.922577217721525, 32.304457634708079 ], [ -116.922170756351278, 32.304694184979745 ], [ -116.920218437359651, 32.305466513496761 ], [ -116.919656611034085, 32.305723254494055 ], [ -116.918987090117298, 32.306149066873076 ], [ -116.918592458089421, 32.306500630343521 ], [ -116.917420347678302, 32.307715442892004 ], [ -116.917127276181148, 32.308061993795206 ], [ -116.916931737552474, 32.308464425374922 ], [ -116.916945470106754, 32.30869277731798 ], [ -116.917075283247271, 32.309024382722477 ], [ -116.917205097331006, 32.309355987977611 ], [ -116.917173121371789, 32.309477749867426 ], [ -116.917141145326667, 32.309599511746683 ], [ -116.916583069602069, 32.310072744180083 ], [ -116.915849764944625, 32.310505263124327 ], [ -116.912985696813763, 32.312050414170535 ], [ -116.912228400757996, 32.312543786765353 ], [ -116.911558472834173, 32.313301078724614 ], [ -116.911358733770356, 32.313889555373777 ], [ -116.911096545814388, 32.315878489279321 ], [ -116.910992425809056, 32.316441661016164 ], [ -116.910768725514231, 32.317080862323138 ], [ -116.910553273361657, 32.317430835096573 ], [ -116.909215822667548, 32.319136722074333 ], [ -116.893660657044151, 32.319136963886237 ], [ -116.892731319415873, 32.318533021963063 ], [ -116.891650984515039, 32.317920068199371 ], [ -116.891203081550643, 32.317716711774423 ], [ -116.890283233881249, 32.317431755918832 ], [ -116.889417070352494, 32.317228028851979 ], [ -116.886294845917305, 32.316562215589705 ], [ -116.885398772700086, 32.316399028219053 ], [ -116.884339295617252, 32.316303341895306 ], [ -116.883721827099563, 32.316329837354225 ], [ -116.881899777782166, 32.316549158563191 ], [ -116.881389794115378, 32.316626485919713 ], [ -116.880831923886063, 32.316768040193722 ], [ -116.880544950145307, 32.316892934424452 ], [ -116.879763606038679, 32.317334218428876 ], [ -116.87948868704477, 32.317377933291183 ], [ -116.878987082032296, 32.317140653732139 ], [ -116.878545425816839, 32.316757967255157 ], [ -116.876985999105599, 32.315209365948995 ], [ -116.876508551569088, 32.314796191690405 ], [ -116.875839860961818, 32.314416656150307 ], [ -116.875362033674079, 32.314287636792308 ], [ -116.873800864889958, 32.314065072434254 ], [ -116.873275242288017, 32.313935997378316 ], [ -116.872383505449463, 32.31355621936487 ], [ -116.871635222795035, 32.313142752482044 ], [ -116.869244319899551, 32.311717737899357 ], [ -116.869035023200681, 32.311592989587297 ], [ -116.868298721588772, 32.311179515274851 ], [ -116.86746279742249, 32.310799760627418 ], [ -116.867004917068897, 32.310670730548495 ], [ -116.865704065896196, 32.31044834005727 ], [ -116.865299970264019, 32.310314286724171 ], [ -116.86471504107999, 32.3099111014754 ], [ -116.864283526136049, 32.309469175710383 ] ], [ [ -116.908925955662284, 32.291605483821328 ], [ -116.908424296367301, 32.29148672064273 ], [ -116.908121638535079, 32.291484809336723 ], [ -116.907698151510232, 32.291535885045448 ], [ -116.907492384085117, 32.291524944278351 ], [ -116.907505744650322, 32.291559090266141 ], [ -116.907210892492571, 32.291594650305171 ], [ -116.907063479344956, 32.291658816352388 ], [ -116.907286299251808, 32.291848420688638 ], [ -116.907752028527483, 32.29205511666342 ], [ -116.909702631529811, 32.292830075467172 ], [ -116.910228122780438, 32.293021582116829 ], [ -116.91072979289234, 32.29314033811896 ], [ -116.910782672027452, 32.293134293534166 ], [ -116.910920971270968, 32.293118484515276 ], [ -116.91131146498104, 32.292897745499488 ], [ -116.911347392397104, 32.292809816212092 ], [ -116.911156394577034, 32.292647304385063 ], [ -116.911124561673276, 32.292620219052182 ], [ -116.910955868280482, 32.292533112207146 ], [ -116.910770305921446, 32.29243729441658 ], [ -116.910459156302935, 32.292292840962801 ], [ -116.909339955251653, 32.291773233660372 ], [ -116.909286328275741, 32.291751504483237 ], [ -116.908925955662284, 32.291605483821328 ] ] ] ] } },
{ "type": "Feature", "properties": { "fid": 3.0, "cat": 2, "CLAVE_ACUI": "0204", "NOM_ACUIF": "LOS MEDANOS", "VULNERABIL": 2 }, "geometry": { "type": "MultiPolygon", "coordinates": [ [ [ [ -116.915953420148995, 32.31687637595148 ], [ -116.916214459140264, 32.316744618229322 ], [ -116.916670029879214, 32.316579168825477 ], [ -116.917125647390975, 32.316413700182885 ], [ -116.917392649322622, 32.316292092487792 ], [ -116.917727473045403, 32.316055511421894 ], [ -116.917938790469094, 32.315839146340366 ], [ -116.918590109057433, 32.315066022129656 ], [ -116.91874765095875, 32.314844546676603 ], [ -116.918749569245847, 32.314838591145836 ], [ -116.918759619230997, 32.314824257253228 ], [ -116.91889935417818, 32.314469147375881 ], [ -116.918929465973136, 32.314203612614286 ], [ -116.918930253378534, 32.313319560302766 ], [ -116.918984255503474, 32.313064189388257 ], [ -116.919235477003568, 32.312756510526384 ], [ -116.919540361946758, 32.312572339606234 ], [ -116.920711929266389, 32.312020547843005 ], [ -116.921160161946375, 32.311887205792459 ], [ -116.922080354890824, 32.311816737223587 ], [ -116.922946685212438, 32.311849406193588 ], [ -116.926005647224741, 32.312067739205816 ], [ -116.926069377345414, 32.312072287135379 ], [ -116.926887912395685, 32.312104901052606 ], [ -116.927585040465914, 32.312034262948053 ], [ -116.927762401709074, 32.311900741749376 ], [ -116.927763967228785, 32.311894117235191 ], [ -116.92789295912641, 32.31134828315313 ], [ -116.927956808654486, 32.31119947391263 ], [ -116.928124216350398, 32.31105748936217 ], [ -116.928299520674969, 32.311003463353678 ], [ -116.928950199191874, 32.310893324629312 ], [ -116.929310647147688, 32.31093581272026 ], [ -116.930342064295274, 32.31124422612119 ], [ -116.93103396736025, 32.311499638602946 ], [ -116.935617803358426, 32.313191606066155 ], [ -116.936844405984331, 32.313564339932363 ], [ -116.938381843413268, 32.313754539783766 ], [ -116.938395019954086, 32.313753245117354 ], [ -116.938405743448016, 32.313754551449271 ], [ -116.939409612476524, 32.313653551671479 ], [ -116.942532965671148, 32.312991972582068 ], [ -116.943357642652316, 32.312779225408143 ], [ -116.94408280633121, 32.312448028808376 ], [ -116.944294079705045, 32.312187642261478 ], [ -116.944554858556046, 32.311303703780197 ], [ -116.944682455611826, 32.311083874038367 ], [ -116.945017132137281, 32.310941940255432 ], [ -116.945367645040889, 32.310959006739694 ], [ -116.946668699889059, 32.31118057651446 ], [ -116.947031116468949, 32.311278831985121 ], [ -116.947421336370681, 32.311515795146448 ], [ -116.947616377001822, 32.311756059099729 ], [ -116.948136351606024, 32.312640327087522 ], [ -116.948331425334828, 32.312829847061465 ], [ -116.948526607003089, 32.312829926809286 ], [ -116.948721788672103, 32.312830006255268 ], [ -116.949084374882261, 32.312640713069968 ], [ -116.950386065185654, 32.311757178169962 ], [ -116.95078451481109, 32.311527299868239 ], [ -116.951342270024966, 32.311338076099652 ], [ -116.951740614972493, 32.311297634740853 ], [ -116.952391209618639, 32.311297881809899 ], [ -116.953041804272701, 32.311298125525568 ], [ -116.953440101580114, 32.311349015936464 ], [ -116.953997634792799, 32.311586020380922 ], [ -116.954906451957896, 32.312196594126497 ], [ -116.955620235432548, 32.312647934521387 ], [ -116.95602901037546, 32.312948030802083 ], [ -116.956429101441259, 32.313289173147311 ], [ -116.956669306289285, 32.313532921186479 ], [ -116.956834981888321, 32.313782540280499 ], [ -116.946252092741119, 32.319136146329207 ], [ -116.915594701399755, 32.319140490073764 ], [ -116.914650705668137, 32.319136637586688 ], [ -116.915179237938034, 32.318036935088358 ], [ -116.915372026113545, 32.317635806055485 ], [ -116.915566977462476, 32.317298001886421 ], [ -116.915799924960297, 32.317018353482716 ], [ -116.915953420148995, 32.31687637595148 ] ] ] ] } },
{ "type": "Feature", "properties": { "fid": 4.0, "cat": 5, "CLAVE_ACUI": "0204", "NOM_ACUIF": "LOS MEDANOS", "VULNERABIL": 3 }, "geometry": { "type": "MultiPolygon", "coordinates": [ [ [ [ -116.917659968539269, 32.294411432386028 ], [ -116.917719608124997, 32.294639749542469 ], [ -116.917691431048723, 32.294971251975383 ], [ -116.917546004919473, 32.29504219725473 ], [ -116.916963229678146, 32.295041815317305 ], [ -116.916895526860372, 32.295041770772023 ], [ -116.916702402546889, 32.295011197719603 ], [ -116.916451634277223, 32.294868951688741 ], [ -116.916286518626492, 32.294696316190034 ], [ -116.915766751309647, 32.294032928863295 ], [ -116.915559831975955, 32.293850115900845 ], [ -116.915559022301693, 32.29384977133909 ], [ -116.915113972272323, 32.29366037644575 ], [ -116.91468394917726, 32.293572132090581 ], [ -116.913123037955614, 32.293350053799315 ], [ -116.912698987067245, 32.293266881090894 ], [ -116.912280990421948, 32.293100830947772 ], [ -116.912107903082102, 32.29294679017238 ], [ -116.912070216420915, 32.292893336126667 ], [ -116.911718160750226, 32.292393983449998 ], [ -116.911736225778753, 32.292245149958099 ], [ -116.912210267815013, 32.292103400055701 ], [ -116.912869405092977, 32.29204973076591 ], [ -116.913025935995137, 32.29204319064371 ], [ -116.915471334220555, 32.291940992504813 ], [ -116.916172194721781, 32.291983745597165 ], [ -116.916840954380064, 32.292292028695833 ], [ -116.917095466138832, 32.292689682882006 ], [ -116.917614435941218, 32.294237119966034 ], [ -116.917659968539269, 32.294411432386028 ] ] ] ] } },
{ "type": "Feature", "properties": { "fid": 5.0, "cat": 6, "CLAVE_ACUI": "0204", "NOM_ACUIF": "LOS MEDANOS", "VULNERABIL": 1 }, "geometry": { "type": "MultiPolygon", "coordinates": [ [ [ [ -116.910770305921446, 32.29243729441658 ], [ -116.910955868280482, 32.292533112207146 ], [ -116.911124561673276, 32.292620219052182 ], [ -116.911156394577034, 32.292647304385063 ], [ -116.911347392397104, 32.292809816212092 ], [ -116.91131146498104, 32.292897745499488 ], [ -116.910920971270968, 32.293118484515276 ], [ -116.910782672027452, 32.293134293534166 ], [ -116.91072979289234, 32.29314033811896 ], [ -116.910228122780438, 32.293021582116829 ], [ -116.909702631529811, 32.292830075467172 ], [ -116.907752028527483, 32.29205511666342 ], [ -116.907286299251808, 32.291848420688638 ], [ -116.907063479344956, 32.291658816352388 ], [ -116.907210892492571, 32.291594650305171 ], [ -116.907505744650322, 32.291559090266141 ], [ -116.907698151510232, 32.291535885045448 ], [ -116.908121638535079, 32.291484809336723 ], [ -116.908424296367301, 32.29148672064273 ], [ -116.908925955662284, 32.291605483821328 ], [ -116.909286328275741, 32.291751504483237 ], [ -116.909339955251653, 32.291773233660372 ], [ -116.910459156302935, 32.292292840962801 ], [ -116.910770305921446, 32.29243729441658 ] ] ] ] } },
{ "type": "Feature", "properties": { "fid": 6.0, "cat": 1, "CLAVE_ACUI": "0204", "NOM_ACUIF": "LOS MEDANOS", "VULNERABIL": 1 }, "geometry": { "type": "MultiPolygon", "coordinates": [ [ [ [ -116.867567197674049, 32.263622493518092 ], [ -116.867912299516405, 32.263498258822459 ], [ -116.868236745541196, 32.263340019989606 ], [ -116.868612386128135, 32.263092386796629 ], [ -116.869026932366836, 32.262737614876059 ], [ -116.870459358300181, 32.261413002705922 ], [ -116.870773462111401, 32.261037929330627 ], [ -116.870820253643402, 32.260982054928597 ], [ -116.870840718247592, 32.260926258400936 ], [ -116.871061078482654, 32.260325443952702 ], [ -116.871072028935586, 32.26029558721109 ], [ -116.871070815485538, 32.259745867688707 ], [ -116.871263216961296, 32.26022474167435 ], [ -116.871903657805063, 32.260580595267321 ], [ -116.87194875222059, 32.260582435648814 ], [ -116.872626170519297, 32.260610080321335 ], [ -116.874704127139296, 32.260706879078775 ], [ -116.875428800963206, 32.260612875069228 ], [ -116.875862887537664, 32.260498284395048 ], [ -116.877163944348624, 32.260057526278985 ], [ -116.877508501758555, 32.25990732258493 ], [ -116.877815386075341, 32.259647137839828 ], [ -116.877909235406122, 32.259425649778258 ], [ -116.877970162941651, 32.259066151003466 ], [ -116.878758724772879, 32.258263883845203 ], [ -116.879169201871719, 32.257929371672589 ], [ -116.879782571465441, 32.257693154997803 ], [ -116.88024833918135, 32.257690214473108 ], [ -116.881808558844398, 32.257912698824796 ], [ -116.882399673417922, 32.25795046217825 ], [ -116.883597983057811, 32.25790421159914 ], [ -116.884718736832781, 32.257800369882233 ], [ -116.888750588905708, 32.257361954489546 ], [ -116.889811684740337, 32.257202197426729 ], [ -116.890731632772599, 32.256895153969047 ], [ -116.890984750233116, 32.256616284662243 ], [ -116.891227841695226, 32.255691115971537 ], [ -116.891246017289262, 32.255621941675273 ], [ -116.891283539825864, 32.255384626376085 ], [ -116.891290035801106, 32.255429155101297 ], [ -116.891245811612535, 32.255794468639884 ], [ -116.891099524596697, 32.256535718264423 ], [ -116.890984147862795, 32.257120333932349 ], [ -116.890978135326549, 32.257180115478832 ], [ -116.89094587472276, 32.257500875379186 ], [ -116.890951538311683, 32.257531558885837 ], [ -116.891028935631709, 32.257950870628683 ], [ -116.891185868254269, 32.258213179394907 ], [ -116.891835165775589, 32.258987289703455 ], [ -116.892051876831019, 32.259198905275291 ], [ -116.892413891912526, 32.259412335739292 ], [ -116.892714344928834, 32.259505620543052 ], [ -116.893754445980747, 32.259727514597948 ], [ -116.894031121665677, 32.259729438425715 ], [ -116.894282170011707, 32.259516527122408 ], [ -116.894364134339696, 32.259210444746152 ], [ -116.894495584746963, 32.257994971705948 ], [ -116.894559650593166, 32.257673651198623 ], [ -116.894727175655802, 32.257389628623756 ], [ -116.894902431438624, 32.257305202429663 ], [ -116.895552766384114, 32.257195234207074 ], [ -116.89575179020855, 32.257212313015593 ], [ -116.896030234760261, 32.257401984005703 ], [ -116.89630300006587, 32.257755300874535 ], [ -116.896886105658979, 32.258664153261506 ], [ -116.897120940060745, 32.259049922722099 ], [ -116.897185806933209, 32.259353162338293 ], [ -116.897215353430752, 32.259628891377155 ], [ -116.89721435718215, 32.260512950676606 ], [ -116.897196154768224, 32.260768343514044 ], [ -116.897112206099351, 32.261076117487534 ], [ -116.897010481581717, 32.261260401691317 ], [ -116.896837818022902, 32.261504403975465 ], [ -116.896619713304005, 32.26181261994347 ], [ -116.896476226021178, 32.261961349247912 ], [ -116.896215576049215, 32.262093949401823 ], [ -116.896197389329714, 32.262103201475654 ], [ -116.895942538624965, 32.262157117915208 ], [ -116.895032071234198, 32.262266872127455 ], [ -116.894789162649758, 32.262320796159933 ], [ -116.894566057544395, 32.262462691178648 ], [ -116.894490244582087, 32.262611474671544 ], [ -116.894359555317536, 32.26316390274836 ], [ -116.894301674160289, 32.263297478139656 ], [ -116.89417197982965, 32.263363453481148 ], [ -116.894162252193127, 32.263368401908252 ], [ -116.894020959341447, 32.263336146077336 ], [ -116.893501016334795, 32.263114693891147 ], [ -116.893335813654474, 32.263102714421073 ], [ -116.89308480873062, 32.263268263407817 ], [ -116.892891432014252, 32.263516741352092 ], [ -116.892240004179413, 32.264510754258794 ], [ -116.892082429235828, 32.264779558727781 ], [ -116.891998515677216, 32.265039968788543 ], [ -116.892009312643268, 32.265069527871553 ], [ -116.892036214971895, 32.265143178859773 ], [ -116.892296059630056, 32.265364415511449 ], [ -116.892327697688103, 32.265543735121213 ], [ -116.892215495608241, 32.266159323543739 ], [ -116.892023566241974, 32.266859415657677 ], [ -116.89124007107705, 32.269510920179023 ], [ -116.891083887229101, 32.270271933040611 ], [ -116.891138552874366, 32.271171825469843 ], [ -116.891372835018103, 32.271696373066952 ], [ -116.892065283551716, 32.272728374958255 ], [ -116.892411506787596, 32.273244364144844 ], [ -116.892570581330148, 32.273594769792787 ], [ -116.892621983758829, 32.273707997228883 ], [ -116.892565516000516, 32.274323632527697 ], [ -116.892274366727506, 32.274739478166538 ], [ -116.890972115354145, 32.276064447530985 ], [ -116.890633233668623, 32.276429504929908 ], [ -116.890354058761872, 32.276808144740244 ], [ -116.890294121263281, 32.276984002123235 ], [ -116.890293855256189, 32.277205016301934 ], [ -116.89029358924617, 32.277426030472888 ], [ -116.89031078256501, 32.27745945812611 ], [ -116.890371052228701, 32.277576635605179 ], [ -116.89073307942968, 32.277837430591198 ], [ -116.891172799768682, 32.278059388463575 ], [ -116.892809531963394, 32.278809949247666 ], [ -116.892862817036274, 32.278834383764938 ], [ -116.893326485801595, 32.279015759958057 ], [ -116.893800239081088, 32.279087199564295 ], [ -116.893903790856058, 32.279048659938724 ], [ -116.894013358828573, 32.279007881092383 ], [ -116.894534160852601, 32.278566288366562 ], [ -116.894711454335351, 32.278476790164646 ], [ -116.894865615644434, 32.278488826312113 ], [ -116.895018025060537, 32.278500725492385 ], [ -116.895260532334134, 32.278615800299953 ], [ -116.895278690654436, 32.278624416774782 ], [ -116.89618856598095, 32.279177703887768 ], [ -116.896437197365543, 32.279382571822175 ], [ -116.896687596462556, 32.27978533875114 ], [ -116.896796677874022, 32.280155852466535 ], [ -116.897055328560498, 32.281482149375513 ], [ -116.897182326484227, 32.281857751573625 ], [ -116.897516330133058, 32.282284264854127 ], [ -116.897866480920086, 32.2825179666387 ], [ -116.899166523899609, 32.28318205409137 ], [ -116.899480866686332, 32.283395425554332 ], [ -116.899647745928931, 32.283727079597654 ], [ -116.899609271430464, 32.283859010649458 ], [ -116.899571800437712, 32.283987500245175 ], [ -116.899050502017829, 32.284871141305942 ], [ -116.898974508851651, 32.285172155942156 ], [ -116.899141179798022, 32.285693251087125 ], [ -116.899455277340309, 32.286136657453149 ], [ -116.900754420553099, 32.287684783881573 ], [ -116.901110395617863, 32.288082550195043 ], [ -116.90147244407828, 32.288390674219293 ], [ -116.901633678587572, 32.288433085777427 ], [ -116.902024055778838, 32.288322882259244 ], [ -116.902155450984637, 32.288339898484217 ], [ -116.902378252555195, 32.288529511546194 ], [ -116.902565146149541, 32.288783370998161 ], [ -116.903095244445026, 32.28959566110936 ], [ -116.903214522722735, 32.289778433513469 ], [ -116.903322888234428, 32.289923136313483 ], [ -116.903431250789339, 32.290067834610404 ], [ -116.90379326497488, 32.290423312014823 ], [ -116.904093700086293, 32.290641735494887 ], [ -116.904613682464827, 32.290973632720103 ], [ -116.905133723914247, 32.291305563077131 ], [ -116.905159003718396, 32.291331511699738 ], [ -116.905326662426887, 32.291503605588687 ], [ -116.90518700863079, 32.291763981518564 ], [ -116.904794562710634, 32.29193790383237 ], [ -116.903102790298277, 32.292489151652653 ], [ -116.902495319568061, 32.292632455798504 ], [ -116.901352239198587, 32.292749968186776 ], [ -116.900839489235452, 32.292762252280042 ], [ -116.900326739139913, 32.292774534290707 ], [ -116.896684154660832, 32.292771606205932 ], [ -116.895724368914131, 32.292791114384016 ], [ -116.894887951879426, 32.292885141068872 ], [ -116.894652855976432, 32.292999962553679 ], [ -116.894392158297833, 32.293441772482957 ], [ -116.894276557425783, 32.293536395957915 ], [ -116.893997785908411, 32.293536162220263 ], [ -116.893715142461943, 32.29344120438801 ], [ -116.892674917380148, 32.292998296739611 ], [ -116.892398304566498, 32.292857672400395 ], [ -116.892147664410899, 32.292644338036695 ], [ -116.892129074919595, 32.29260687414375 ], [ -116.89206621938142, 32.292480199467612 ], [ -116.891936782967562, 32.291927554039368 ], [ -116.891849395517355, 32.291738038733335 ], [ -116.891710209238084, 32.291572158623012 ], [ -116.891571024112551, 32.29140627912745 ], [ -116.891297555176607, 32.29115559940707 ], [ -116.891260739465679, 32.291121851539486 ], [ -116.89009113014248, 32.290126276142352 ], [ -116.88973900974247, 32.289867179846745 ], [ -116.889265376362346, 32.289653644757024 ], [ -116.88894087622522, 32.289607691055899 ], [ -116.887900174310474, 32.289606771412657 ], [ -116.887569570124384, 32.289667369072106 ], [ -116.887067450578613, 32.289951081776202 ], [ -116.88668073901178, 32.290295787688528 ], [ -116.885378183462237, 32.291620695420349 ], [ -116.884979511271595, 32.291965385154114 ], [ -116.884421617506177, 32.292249036383865 ], [ -116.884023300721282, 32.292309562714848 ], [ -116.883372842839492, 32.29230896356674 ], [ -116.882722384977072, 32.29230836106769 ], [ -116.882368206416459, 32.292292903784634 ], [ -116.88236598028351, 32.292292806627188 ], [ -116.882355528995376, 32.292290747624747 ], [ -116.882003674423984, 32.292221428392381 ], [ -116.881866019709776, 32.292147624980224 ], [ -116.881842499472228, 32.29213501460567 ], [ -116.881764527422206, 32.292068634638454 ], [ -116.881452656934869, 32.291803128396005 ], [ -116.881363258402843, 32.291645741191324 ], [ -116.881356017719256, 32.291539168621796 ], [ -116.881335906209358, 32.291243154497622 ], [ -116.881386229519705, 32.290825417869172 ], [ -116.881648418228067, 32.289278566408633 ], [ -116.881686805437667, 32.28885066973784 ], [ -116.881603762991034, 32.288400670590178 ], [ -116.88144674465579, 32.288185711200342 ], [ -116.880797039167192, 32.287632564532501 ], [ -116.880580211533641, 32.287478439184632 ], [ -116.880218050745938, 32.287312335645424 ], [ -116.879917505669965, 32.287229169933354 ], [ -116.878877125060882, 32.287007162245828 ], [ -116.878594400523127, 32.287000125000048 ], [ -116.878315396158584, 32.287189297029478 ], [ -116.878199542392309, 32.287466580467417 ], [ -116.877937892671667, 32.288571397738444 ], [ -116.877762247875808, 32.288889217296884 ], [ -116.877204222949402, 32.289267556903411 ], [ -116.876582687747984, 32.289490220107467 ], [ -116.874240197331005, 32.290150950493349 ], [ -116.873564880686871, 32.290378619512502 ], [ -116.872755909654472, 32.29078036785485 ], [ -116.872275553152903, 32.291126626545939 ], [ -116.870842841650116, 32.292340745197514 ], [ -116.870446071391811, 32.292707379479985 ], [ -116.870027208765308, 32.293204230010659 ], [ -116.86982560526431, 32.29354738299272 ], [ -116.869612959605078, 32.293997371215312 ], [ -116.869303646619997, 32.294651912471998 ], [ -116.869179703414702, 32.294990070407934 ], [ -116.869134557738732, 32.295368880908065 ], [ -116.869123267782683, 32.295463612705937 ], [ -116.8691527771973, 32.295694072574463 ], [ -116.869166589712009, 32.29580194386071 ], [ -116.869425198491726, 32.296907279893496 ], [ -116.869468580388684, 32.297205016591576 ], [ -116.869412416464087, 32.297489118888969 ], [ -116.869288799901497, 32.297597242534621 ], [ -116.868768085221532, 32.297817715961202 ], [ -116.868644525996103, 32.297885244692544 ], [ -116.868616579219491, 32.297932575670636 ], [ -116.868588632413775, 32.297979906642126 ], [ -116.868610488136326, 32.298013758001908 ], [ -116.868632343875078, 32.298047609357788 ], [ -116.868762284336853, 32.298158251297934 ], [ -116.868892225114323, 32.298268893103234 ], [ -116.868923945152375, 32.298367029011587 ], [ -116.868812089636521, 32.298603713099517 ], [ -116.868620575087647, 32.298843697067738 ], [ -116.867838687180125, 32.299726935192062 ], [ -116.867575434330888, 32.299997288145228 ], [ -116.86712881590482, 32.300375699196124 ], [ -116.866754041870806, 32.300645932977922 ], [ -116.865451701741165, 32.301528605615161 ], [ -116.865052915872639, 32.301869848726341 ], [ -116.864494265305396, 32.302579650650678 ], [ -116.864094976448797, 32.303252410233839 ], [ -116.862790241920109, 32.305682145724298 ], [ -116.862516337858835, 32.306390556158497 ], [ -116.862542896122363, 32.307266744822563 ], [ -116.862698821274378, 32.307538388700493 ], [ -116.862854747354518, 32.307810032376644 ], [ -116.864283526136049, 32.309469175710383 ], [ -116.86471504107999, 32.3099111014754 ], [ -116.865299970264019, 32.310314286724171 ], [ -116.865704065896196, 32.31044834005727 ], [ -116.867004917068897, 32.310670730548495 ], [ -116.86746279742249, 32.310799760627425 ], [ -116.868298721588772, 32.311179515274851 ], [ -116.869035023200681, 32.311592989587297 ], [ -116.869244319899551, 32.311717737899357 ], [ -116.871635222795035, 32.313142752482044 ], [ -116.872383505449463, 32.31355621936487 ], [ -116.873275242288017, 32.313935997378316 ], [ -116.873800864889958, 32.314065072434254 ], [ -116.875362033674079, 32.314287636792308 ], [ -116.875839860961818, 32.314416656150321 ], [ -116.876508551569088, 32.314796191690405 ], [ -116.876985999105599, 32.315209365948995 ], [ -116.878545425816839, 32.316757967255157 ], [ -116.878987082032296, 32.317140653732139 ], [ -116.87948868704477, 32.317377933291183 ], [ -116.879763606038679, 32.317334218428876 ], [ -116.880544950145307, 32.316892934424452 ], [ -116.880831923886063, 32.316768040193722 ], [ -116.881389794115378, 32.316626485919713 ], [ -116.881899777782166, 32.316549158563191 ], [ -116.883721827099563, 32.316329837354225 ], [ -116.884339295617252, 32.316303341895306 ], [ -116.885398772700086, 32.316399028219053 ], [ -116.886294845917305, 32.31656221558972 ], [ -116.889417070352494, 32.317228028851979 ], [ -116.890283233881249, 32.317431755918847 ], [ -116.891203081550643, 32.317716711774423 ], [ -116.891650984515039, 32.317920068199378 ], [ -116.892731319415873, 32.318533021963063 ], [ -116.893660657044151, 32.319136963886237 ], [ -116.885462693850911, 32.319137091327185 ], [ -116.860355761110483, 32.370822180709823 ], [ -116.846769356629139, 32.310870677185427 ], [ -116.874190426248489, 32.279113878569383 ], [ -116.866523829989205, 32.263879612963237 ], [ -116.86714628030839, 32.263764386759966 ], [ -116.867567197674049, 32.263622493518092 ] ] ] ] } },
{ "type": "Feature", "properties": { "fid": 7.0, "cat": 8, "CLAVE_ACUI": "0204", "NOM_ACUIF": "LOS MEDANOS", "VULNERABIL": 4 }, "geometry": { "type": "MultiPolygon", "coordinates": [ [ [ [ -116.937361291029475, 32.255082641768723 ], [ -116.937231996137839, 32.254965867988119 ], [ -116.936758432247345, 32.254752509922881 ], [ -116.936211208934381, 32.254564484564369 ], [ -116.934131081103615, 32.25390037122451 ], [ -116.933500317702524, 32.253651398543965 ], [ -116.933068592822522, 32.25340252830658 ], [ -116.932636870299348, 32.253153656587294 ], [ -116.932034139670478, 32.252691569545057 ], [ -116.93008488144595, 32.251032890438573 ], [ -116.929506139627179, 32.250469317792238 ], [ -116.928754569376324, 32.249498006887741 ], [ -116.928259640921624, 32.248673993086577 ], [ -116.926701594844531, 32.245799896670043 ], [ -116.92630818294559, 32.245001305314567 ], [ -116.926030250475605, 32.244148654007539 ], [ -116.926026610171647, 32.24372917316191 ], [ -116.926157079659262, 32.243176710261395 ], [ -116.926287547560861, 32.242624247175478 ], [ -116.926462987064269, 32.242240390959424 ], [ -116.927020766112548, 32.241553986840266 ], [ -116.927469153817597, 32.24112339267046 ], [ -116.928113057332681, 32.24059670969978 ], [ -116.928624220897106, 32.240205335127548 ], [ -116.929029324542157, 32.239904908345878 ], [ -116.92933854341652, 32.239672705455007 ], [ -116.929592899772985, 32.2394494409196 ], [ -116.929751596700626, 32.239298379171792 ], [ -116.929842722513897, 32.239196178787438 ], [ -116.92994687011813, 32.239059915440542 ], [ -116.930069938393714, 32.238876763122988 ], [ -116.930228842590893, 32.238582647907513 ], [ -116.930332463008398, 32.238363510119925 ], [ -116.930444268823962, 32.238199216451918 ], [ -116.930505119170135, 32.238131538198317 ], [ -116.930574501242177, 32.23806488508265 ], [ -116.930675174101907, 32.237990258915005 ], [ -116.930785027546889, 32.237928842557537 ], [ -116.930915015195026, 32.237877632355996 ], [ -116.931061595617834, 32.237838914834619 ], [ -116.931403526020006, 32.237750114667136 ], [ -116.931639502849251, 32.238134832253614 ], [ -116.932700022465596, 32.239263939982187 ], [ -116.933943657481763, 32.240915646605238 ], [ -116.936415653130496, 32.242567335107864 ], [ -116.937209130564881, 32.242876306947565 ], [ -116.938208601433004, 32.242586381993419 ], [ -116.938513787798556, 32.242967837449996 ], [ -116.938399348176148, 32.243353114814674 ], [ -116.939040233666475, 32.243608683919774 ], [ -116.939131786795869, 32.24341795259928 ], [ -116.939490374429781, 32.243120407412917 ], [ -116.94010836998693, 32.243192876549799 ], [ -116.940283856494219, 32.243940536311356 ], [ -116.941008673779606, 32.244863660408079 ], [ -116.941123119680299, 32.245069648021854 ], [ -116.942099707458468, 32.245451093556497 ], [ -116.94271770503542, 32.245748624338965 ], [ -116.943328070791722, 32.245748615336112 ], [ -116.943778215812216, 32.245828714795074 ], [ -116.94386214490109, 32.246198730780669 ], [ -116.944571696363425, 32.246389450271849 ], [ -116.945594061162694, 32.246728935535813 ], [ -116.945677991000082, 32.247182872442799 ], [ -116.9467842816222, 32.247632979414533 ], [ -116.94761590720978, 32.2479343209435 ], [ -116.948508566003653, 32.247861830427041 ], [ -116.948996858596388, 32.247861823213142 ], [ -116.94885952387051, 32.247590988297446 ], [ -116.948203379949163, 32.247407896802756 ], [ -116.947448052034702, 32.247323987029773 ], [ -116.9472267927312, 32.247182849573065 ], [ -116.947181012207764, 32.246839535970388 ], [ -116.947844783891497, 32.246770862776813 ], [ -116.948470410464893, 32.246957769560318 ], [ -116.948859518830702, 32.247030241143314 ], [ -116.949477513734109, 32.247034046851795 ], [ -116.950011585131989, 32.247186623285408 ], [ -116.950232844934433, 32.247484158989607 ], [ -116.94992003461806, 32.247671079625256 ], [ -116.950144710789587, 32.248042991028015 ], [ -116.950454110698004, 32.24834625666918 ], [ -116.951026328776578, 32.248418725538052 ], [ -116.95116365908504, 32.248197476698522 ], [ -116.951819802219731, 32.248193652169633 ], [ -116.951775206676672, 32.248554650384783 ], [ -116.951730382017843, 32.248926178408098 ], [ -116.951665164716459, 32.249257359245114 ], [ -116.95157142349511, 32.249500026009386 ], [ -116.951522973026314, 32.249602831507922 ], [ -116.951472346810917, 32.249710253384023 ], [ -116.95137763572184, 32.249848915480136 ], [ -116.951229720118192, 32.249934384880056 ], [ -116.951213486800071, 32.249943573135518 ], [ -116.951066208195741, 32.249940133291965 ], [ -116.950571294897699, 32.249335333894528 ], [ -116.950388162226005, 32.249387696925062 ], [ -116.950053603483994, 32.249742768621324 ], [ -116.94975879277375, 32.250197650482271 ], [ -116.948717545265666, 32.251965355820182 ], [ -116.948386863188119, 32.252476037413558 ], [ -116.947884948072598, 32.253091517129214 ], [ -116.947498609051877, 32.253460092021321 ], [ -116.946197593724634, 32.25456462144858 ], [ -116.94579926316284, 32.254994077917921 ], [ -116.945241414976095, 32.255893685372378 ], [ -116.944842816380714, 32.256749382330661 ], [ -116.943540490758579, 32.259843019797735 ], [ -116.943082111923744, 32.260749427176535 ], [ -116.942245377372487, 32.261885696439499 ], [ -116.941508419039309, 32.26260252866323 ], [ -116.938905950828556, 32.264811446836624 ], [ -116.938228729809467, 32.265426801985882 ], [ -116.937949818360593, 32.265758187684419 ], [ -116.937670904883603, 32.266089572747205 ], [ -116.937551240179886, 32.266421036005909 ], [ -116.937550634731195, 32.267305095253988 ], [ -116.937604221516651, 32.267540231939087 ], [ -116.937854899358854, 32.267753476991139 ], [ -116.938159423938018, 32.267822975496969 ], [ -116.939329861829151, 32.267934050527181 ], [ -116.939644726816283, 32.267987053849502 ], [ -116.939652314243261, 32.26798833108122 ], [ -116.939986653176419, 32.268130571348607 ], [ -116.940141827912967, 32.268279491711716 ], [ -116.94053163998359, 32.268832212920962 ], [ -116.940591243796845, 32.26901153360366 ], [ -116.940479579564197, 32.269295642935134 ], [ -116.940260454293963, 32.269522192422869 ], [ -116.939879268560162, 32.26984571214745 ], [ -116.939349524976166, 32.270295310044951 ], [ -116.939028864146124, 32.270526882878528 ], [ -116.938443383239928, 32.270834440877636 ], [ -116.938223609063087, 32.270922989358553 ], [ -116.938162600246613, 32.270966799808839 ], [ -116.937674647186668, 32.271293007761408 ], [ -116.937089156798621, 32.271600559433992 ], [ -116.936740697251437, 32.271713711814286 ], [ -116.93570004243503, 32.271934201028635 ], [ -116.93541730006352, 32.272011862968341 ], [ -116.935169844050066, 32.272137840510815 ], [ -116.935138493000366, 32.272153800977371 ], [ -116.935022939706315, 32.272278908069019 ], [ -116.934762497055814, 32.272720803183795 ], [ -116.93464696435187, 32.272815464031154 ], [ -116.934368255919736, 32.272815319510812 ], [ -116.934085634425415, 32.272720451759007 ], [ -116.933045448688361, 32.2722778752658 ], [ -116.932715111906163, 32.27210179006758 ], [ -116.932213722386592, 32.27172263962872 ], [ -116.931827789971294, 32.271357081063137 ], [ -116.931325329336417, 32.27084411483996 ], [ -116.930166128629892, 32.269695179806071 ], [ -116.929776132599144, 32.26945816203601 ], [ -116.929581046512993, 32.269454670544711 ], [ -116.92932084259543, 32.269565032599182 ], [ -116.929060638048739, 32.269675394114806 ], [ -116.928865543609561, 32.269682050150919 ], [ -116.928475513871618, 32.269492388658016 ], [ -116.928113424869082, 32.269214786998205 ], [ -116.926813724082891, 32.268108966602092 ], [ -116.92658926610315, 32.267946631592807 ], [ -116.926415821848181, 32.267821190628567 ], [ -116.925858628160782, 32.267584063195791 ], [ -116.925460537658537, 32.26753308570116 ], [ -116.924159973937208, 32.267532311523816 ], [ -116.923755904163087, 32.2674914737078 ], [ -116.923170810389905, 32.267301677893954 ], [ -116.922739033462179, 32.267071378672654 ], [ -116.921309183617197, 32.266186436557483 ], [ -116.921029079281766, 32.265981423104385 ], [ -116.920925235661059, 32.265905417678063 ], [ -116.920563313571847, 32.265478947587873 ], [ -116.920430228772318, 32.265150724348331 ], [ -116.920171090206281, 32.264045486196885 ], [ -116.920146263262879, 32.263737071682449 ], [ -116.920145491076866, 32.263727479112198 ], [ -116.920285162536274, 32.263348684527301 ], [ -116.920510291235672, 32.263125556159267 ], [ -116.920646140013019, 32.263026760098178 ], [ -116.920655686166839, 32.263029235417818 ], [ -116.921322738359805, 32.262781010770794 ], [ -116.923459660623791, 32.261636009562046 ], [ -116.923654027325497, 32.261531861170219 ], [ -116.923699828958149, 32.261507318995065 ], [ -116.923699828958163, 32.261507318995051 ], [ -116.923794788594819, 32.261456436083918 ], [ -116.923857743408433, 32.26142466288934 ], [ -116.924497738352258, 32.261101655407785 ], [ -116.925306160318627, 32.26077061338853 ], [ -116.927071683619289, 32.26055738923457 ], [ -116.927248600636219, 32.260453461264376 ], [ -116.927421102991175, 32.260324177872356 ], [ -116.927811466195294, 32.260040239268911 ], [ -116.928006769711644, 32.259742656895867 ], [ -116.928315542454115, 32.259087967279932 ], [ -116.92852781671543, 32.258637877067322 ], [ -116.928723099024751, 32.258360590815414 ], [ -116.929113376159165, 32.258171368831327 ], [ -116.929475633672098, 32.258178337348603 ], [ -116.930775896433445, 32.258400071692243 ], [ -116.931138101360077, 32.25847807600443 ], [ -116.931528125143316, 32.258620369176981 ], [ -116.931544941916329, 32.258631174226757 ], [ -116.931723096977166, 32.258745641451121 ], [ -116.932185183803, 32.259138806826165 ], [ -116.93224294407284, 32.259187951643163 ], [ -116.932258364016931, 32.259197410825266 ], [ -116.932414047385691, 32.259292912728469 ], [ -116.932551599825274, 32.259316366670106 ], [ -116.932692679532437, 32.259340421874803 ], [ -116.932919621652388, 32.259303330849647 ], [ -116.93370005026803, 32.259082727690782 ], [ -116.933980803917251, 32.258949250762797 ], [ -116.934510558448608, 32.258546963157954 ], [ -116.934986593769793, 32.258105742485185 ], [ -116.936678302922616, 32.256448987585578 ], [ -116.937112521742492, 32.256002663443063 ], [ -116.937447202499285, 32.255576585851074 ], [ -116.937491102525613, 32.255414229002554 ], [ -116.937361291029475, 32.255082641768723 ] ] ] ] } },
{ "type": "Feature", "properties": { "fid": 8.0, "cat": 9, "CLAVE_ACUI": "0204", "NOM_ACUIF": "LOS MEDANOS", "VULNERABIL": 2 }, "geometry": { "type": "MultiPolygon", "coordinates": [ [ [ [ -116.870459358300181, 32.261413002705922 ], [ -116.869026932366836, 32.262737614876059 ], [ -116.868612386128135, 32.263092386796629 ], [ -116.868236745541196, 32.263340019989606 ], [ -116.867912299516405, 32.263498258822459 ], [ -116.867567197674049, 32.263622493518092 ], [ -116.86714628030839, 32.263764386759966 ], [ -116.866523829989205, 32.263879612963237 ], [ -116.865730692227416, 32.262303571794938 ], [ -116.865056555805111, 32.260963997756491 ], [ -116.864686927764964, 32.260229511219237 ], [ -116.86544851315756, 32.25969844571965 ], [ -116.865829130987805, 32.259426343745858 ], [ -116.866151574730466, 32.259161065499725 ], [ -116.866223825403466, 32.259088135041907 ], [ -116.866278591161262, 32.259004870795813 ], [ -116.86633806559135, 32.258885565910305 ], [ -116.866374132254435, 32.258720044265324 ], [ -116.866399796061074, 32.258560504841952 ], [ -116.86640940234976, 32.25842200791768 ], [ -116.866431399900364, 32.258104860322653 ], [ -116.86643406642429, 32.256283744465428 ], [ -116.86643431242581, 32.256115728177193 ], [ -116.86644060519302, 32.255476276050516 ], [ -116.866426302310543, 32.255091484152551 ], [ -116.867237232539409, 32.254517224991062 ], [ -116.867869104643859, 32.254069765601869 ], [ -116.868109554813913, 32.2543305277337 ], [ -116.868507701397661, 32.254702730014408 ], [ -116.869936069599376, 32.256140806691221 ], [ -116.870319564074251, 32.256601273094027 ], [ -116.870680812835715, 32.257312048896019 ], [ -116.870813386093957, 32.25786697734943 ], [ -116.871070815485538, 32.259745867688693 ], [ -116.871072028935586, 32.26029558721109 ], [ -116.871061078482654, 32.260325443952702 ], [ -116.870840718247592, 32.260926258400936 ], [ -116.870820253643402, 32.260982054928597 ], [ -116.870773462111401, 32.261037929330627 ], [ -116.870459358300181, 32.261413002705922 ] ] ] ] } },
{ "type": "Feature", "properties": { "fid": 9.0, "cat": 7, "CLAVE_ACUI": "0204", "NOM_ACUIF": "LOS MEDANOS", "VULNERABIL": 3 }, "geometry": { "type": "MultiPolygon", "coordinates": [ [ [ [ -116.926415821848181, 32.267821190628567 ], [ -116.92658926610315, 32.267946631592807 ], [ -116.926813724082891, 32.268108966602092 ], [ -116.928113424869082, 32.269214786998205 ], [ -116.928475513871618, 32.269492388658016 ], [ -116.928865543609561, 32.269682050150919 ], [ -116.929060638048739, 32.269675394114806 ], [ -116.92932084259543, 32.269565032599182 ], [ -116.929581046512993, 32.269454670544711 ], [ -116.929776132599144, 32.26945816203601 ], [ -116.930166128629892, 32.269695179806071 ], [ -116.931325329336417, 32.27084411483996 ], [ -116.931827789971294, 32.271357081063137 ], [ -116.932213722386592, 32.27172263962872 ], [ -116.932715111906163, 32.27210179006758 ], [ -116.933045448688361, 32.2722778752658 ], [ -116.934085634425415, 32.272720451759007 ], [ -116.934368255919736, 32.272815319510812 ], [ -116.93464696435187, 32.272815464031154 ], [ -116.934762497055814, 32.272720803183795 ], [ -116.935022939706315, 32.272278908069019 ], [ -116.935169844050066, 32.272137840510815 ], [ -116.93541730006352, 32.272011862968341 ], [ -116.93570004243503, 32.271934201028635 ], [ -116.936740697251437, 32.271713711814286 ], [ -116.937089156798621, 32.271600559433992 ], [ -116.937674647186668, 32.271293007761408 ], [ -116.938162600246613, 32.270966799808839 ], [ -116.938223609063087, 32.270922989358553 ], [ -116.938443383239928, 32.270834440877636 ], [ -116.939028864146124, 32.270526882878528 ], [ -116.939349524976166, 32.270295310044951 ], [ -116.939879268560162, 32.26984571214745 ], [ -116.940260454293963, 32.269522192422869 ], [ -116.940479579564197, 32.269295642935134 ], [ -116.940591243796845, 32.26901153360366 ], [ -116.94053163998359, 32.268832212920962 ], [ -116.940141827912967, 32.268279491711716 ], [ -116.939986653176419, 32.268130571348607 ], [ -116.939652314243261, 32.26798833108122 ], [ -116.939644726816283, 32.267987053849502 ], [ -116.939329861829151, 32.267934050527181 ], [ -116.938159423938018, 32.267822975496969 ], [ -116.937854899358854, 32.267753476991139 ], [ -116.937604221516651, 32.267540231939073 ], [ -116.937550634731195, 32.267305095253988 ], [ -116.937551240179886, 32.266421036005909 ], [ -116.937670904883603, 32.266089572747205 ], [ -116.937949818360593, 32.265758187684419 ], [ -116.938228729809467, 32.265426801985889 ], [ -116.938905950828556, 32.264811446836632 ], [ -116.941508419039309, 32.26260252866323 ], [ -116.942245377372487, 32.261885696439499 ], [ -116.943082111923744, 32.260749427176535 ], [ -116.943540490758579, 32.259843019797735 ], [ -116.944842816380714, 32.256749382330661 ], [ -116.945241414976095, 32.255893685372378 ], [ -116.94579926316284, 32.254994077917921 ], [ -116.946197593724634, 32.25456462144858 ], [ -116.947498609051877, 32.253460092021321 ], [ -116.947884948072598, 32.253091517129214 ], [ -116.948386863188119, 32.252476037413558 ], [ -116.948717545265666, 32.251965355820182 ], [ -116.94975879277375, 32.250197650482271 ], [ -116.950053603483994, 32.249742768621324 ], [ -116.950388162226005, 32.249387696925062 ], [ -116.950571294897699, 32.249335333894528 ], [ -116.951066208195741, 32.249940133291965 ], [ -116.951213486800071, 32.249943573135518 ], [ -116.951229720118192, 32.249934384880056 ], [ -116.95137763572184, 32.249848915480136 ], [ -116.951472346810917, 32.249710253384023 ], [ -116.951522973026314, 32.249602831507922 ], [ -116.95157142349511, 32.249500026009386 ], [ -116.951665164716459, 32.249257359245114 ], [ -116.951730382017843, 32.248926178408098 ], [ -116.951775206676672, 32.248554650384783 ], [ -116.951819802219731, 32.248193652169633 ], [ -116.952353877108578, 32.248838312333007 ], [ -116.952880319764077, 32.249135844411533 ], [ -116.953330470325426, 32.249738545341913 ], [ -116.953635657264627, 32.250261140540381 ], [ -116.955008982108907, 32.250749387792304 ], [ -116.955672756815929, 32.251165168545775 ], [ -116.955985571901209, 32.251695391755419 ], [ -116.957168578643433, 32.252117158116285 ], [ -116.958022669857783, 32.252183628236267 ], [ -116.958106591602686, 32.251653399162024 ], [ -116.95872458623586, 32.251619059367734 ], [ -116.959434137432808, 32.25187844009465 ], [ -116.961066865909615, 32.252069145860432 ], [ -116.961372050947176, 32.252446785541608 ], [ -116.962264711220669, 32.252599355914739 ], [ -116.963721961694787, 32.253087600942365 ], [ -116.964164477461892, 32.253198217716317 ], [ -116.964248403785234, 32.253457608596378 ], [ -116.964828251874422, 32.253575852060862 ], [ -116.965133434066146, 32.253461410281645 ], [ -116.965759058659756, 32.253575838250953 ], [ -116.966514388349808, 32.254029763027177 ], [ -116.967353641370593, 32.254064082105778 ], [ -116.968902448939048, 32.255116885026382 ], [ -116.969337334287957, 32.255002441320734 ], [ -116.969825627685012, 32.25531141517137 ], [ -116.970001110557106, 32.255715759536685 ], [ -116.971107399425691, 32.255986578747837 ], [ -116.972518868698629, 32.255986557769781 ], [ -116.973091089005081, 32.256509147380562 ], [ -116.973625161299452, 32.256924929940404 ], [ -116.974601746579182, 32.256963060862738 ], [ -116.974952708455291, 32.257413177668901 ], [ -116.975578335580963, 32.257828957953244 ], [ -116.976455737019634, 32.258054005455051 ], [ -116.97694403079754, 32.25827905874538 ], [ -116.977340769279053, 32.258424007690877 ], [ -116.978805646603419, 32.258542237929213 ], [ -116.979423640976179, 32.258469751752514 ], [ -116.979644898876984, 32.258614702407044 ], [ -116.980049266571129, 32.2586146963856 ], [ -116.980087412310837, 32.258313343478363 ], [ -116.980178965937725, 32.258092096378874 ], [ -116.981010588043617, 32.257973831054656 ], [ -116.981193698980007, 32.258198889776708 ], [ -116.981109775731525, 32.258649012122838 ], [ -116.981109777433062, 32.258957993187842 ], [ -116.98154466483463, 32.259217378786701 ], [ -116.981861593965363, 32.259331174401346 ], [ -116.980725405167618, 32.260496914110242 ], [ -116.979367625478687, 32.26161981740654 ], [ -116.975534948487436, 32.264636987693123 ], [ -116.974034460228964, 32.265818119620398 ], [ -116.972395803865027, 32.26705252402796 ], [ -116.970082156078291, 32.268614888280354 ], [ -116.968415608038512, 32.269612432257858 ], [ -116.967720428023114, 32.270005959304711 ], [ -116.965553660289871, 32.271306506865933 ], [ -116.964178899030358, 32.272010633157983 ], [ -116.962951854790902, 32.272705154665751 ], [ -116.961303114247059, 32.273601122975073 ], [ -116.959072937622025, 32.274689706548436 ], [ -116.957535720211396, 32.275348860076278 ], [ -116.952592117138224, 32.277336232370772 ], [ -116.951090693306867, 32.277903982923952 ], [ -116.94902776442207, 32.278566210683287 ], [ -116.947582152689733, 32.278944500922591 ], [ -116.942898842983382, 32.280047542497478 ], [ -116.941501023626827, 32.280334447014155 ], [ -116.939661239251862, 32.280570382540745 ], [ -116.938430801541969, 32.280620531755453 ], [ -116.934528549254864, 32.280618568973672 ], [ -116.933405685983615, 32.280577387366719 ], [ -116.932067912842385, 32.280387233922205 ], [ -116.930125094551315, 32.279944145085103 ], [ -116.929617554997009, 32.27975273087845 ], [ -116.928809590552831, 32.279302355777126 ], [ -116.928444645340377, 32.279047292553315 ], [ -116.928240462040193, 32.27895472526707 ], [ -116.927321134465089, 32.278362196546119 ], [ -116.926706373528475, 32.277832421392638 ], [ -116.926353266590979, 32.277491955150651 ], [ -116.925953012541825, 32.277191490959325 ], [ -116.925342210378432, 32.276709071656057 ], [ -116.924701642772334, 32.27611668816985 ], [ -116.924397344922951, 32.275752847246181 ], [ -116.923617862312781, 32.274647305399462 ], [ -116.923355444609982, 32.274207372488327 ], [ -116.922910305412955, 32.273259896073718 ], [ -116.922538287294259, 32.272332005558532 ], [ -116.921229756433789, 32.269004252719995 ], [ -116.920865703090513, 32.267984724184764 ], [ -116.92069473890848, 32.267383564110197 ], [ -116.920689191216908, 32.267364056666707 ], [ -116.920664175371272, 32.267276092910684 ], [ -116.920421157335369, 32.266421554246008 ], [ -116.920563313571847, 32.265478947587873 ], [ -116.920925235661059, 32.265905417678063 ], [ -116.921029079281766, 32.265981423104385 ], [ -116.921309183617197, 32.266186436557483 ], [ -116.922739033462179, 32.267071378672654 ], [ -116.923170810389905, 32.267301677893954 ], [ -116.923755904163087, 32.2674914737078 ], [ -116.924159973937208, 32.267532311523816 ], [ -116.925460537658537, 32.26753308570116 ], [ -116.925858628160782, 32.267584063195791 ], [ -116.926415821848181, 32.267821190628567 ] ] ] ] } },
{ "type": "Feature", "properties": { "fid": 10.0, "cat": 11, "CLAVE_ACUI": "0204", "NOM_ACUIF": "LOS MEDANOS", "VULNERABIL": 3 }, "geometry": { "type": "MultiPolygon", "coordinates": [ [ [ [ -116.888750588905708, 32.257361954489546 ], [ -116.884718736832781, 32.257800369882233 ], [ -116.883597983057811, 32.25790421159914 ], [ -116.882399673417922, 32.25795046217825 ], [ -116.881808558844398, 32.257912698824796 ], [ -116.880248339181364, 32.257690214473108 ], [ -116.88024833918135, 32.257690214473108 ], [ -116.879782571465441, 32.257693154997803 ], [ -116.879169201871719, 32.257929371672589 ], [ -116.878758724772879, 32.258263883845203 ], [ -116.877970162941651, 32.259066151003466 ], [ -116.877909235406122, 32.259425649778258 ], [ -116.877815386075341, 32.259647137839828 ], [ -116.877508501758555, 32.25990732258493 ], [ -116.877163944348624, 32.260057526278985 ], [ -116.875862887537664, 32.260498284395048 ], [ -116.875428800963206, 32.260612875069228 ], [ -116.874704127139296, 32.260706879078775 ], [ -116.872626170519297, 32.260610080321335 ], [ -116.87194875222059, 32.260582435648814 ], [ -116.871903657805063, 32.260580595267321 ], [ -116.871263216961296, 32.26022474167435 ], [ -116.871070815485538, 32.259745867688707 ], [ -116.871070815485538, 32.259745867688693 ], [ -116.870813386093957, 32.25786697734943 ], [ -116.870686784132644, 32.257312055008235 ], [ -116.870319564074251, 32.256601273094027 ], [ -116.869936069599376, 32.256140806691221 ], [ -116.868507701397661, 32.254702730014408 ], [ -116.868109554813913, 32.2543305277337 ], [ -116.867869104643859, 32.254069765601869 ], [ -116.868856301480406, 32.253370683476909 ], [ -116.871142500783463, 32.25175171448543 ], [ -116.879893197536305, 32.245554920234959 ], [ -116.8818201573241, 32.244635507560162 ], [ -116.882689826296996, 32.24431578270466 ], [ -116.88334192158274, 32.244138916200193 ], [ -116.884195638773051, 32.244012583324839 ], [ -116.884943158770625, 32.243990500497418 ], [ -116.885544069479593, 32.244080692829627 ], [ -116.886118049535099, 32.244239811432713 ], [ -116.886658168294971, 32.244389540127059 ], [ -116.887648832799741, 32.244740554043872 ], [ -116.891157892616135, 32.246069718458592 ], [ -116.892071011106751, 32.246390184827284 ], [ -116.892076327275007, 32.246391361046115 ], [ -116.892823110383517, 32.246556586616116 ], [ -116.892984413717897, 32.246473842523045 ], [ -116.893378818105688, 32.247314260278849 ], [ -116.89336246548794, 32.247682981449103 ], [ -116.893009456150082, 32.248313591896235 ], [ -116.892565049677742, 32.248808808053369 ], [ -116.891583685346973, 32.249760046104768 ], [ -116.890742518791996, 32.250575368216317 ], [ -116.890280145799807, 32.251095932248056 ], [ -116.890091231311345, 32.251469487180749 ], [ -116.889944975952716, 32.25175868666625 ], [ -116.889928539229871, 32.252184916118487 ], [ -116.889928539229871, 32.252184916118495 ], [ -116.890076233809339, 32.252942795154787 ], [ -116.890187011861769, 32.253511232585794 ], [ -116.890278128607676, 32.253876663454257 ], [ -116.890361496014705, 32.254066177444336 ], [ -116.890444863767101, 32.254255691374468 ], [ -116.890591939971287, 32.254431728887297 ], [ -116.890649680690402, 32.254480897716711 ], [ -116.891111562653052, 32.254874208196163 ], [ -116.891234774675468, 32.255035001391605 ], [ -116.891290138596403, 32.255342891614468 ], [ -116.891283539825864, 32.255384626376085 ], [ -116.891246017289262, 32.255621941675273 ], [ -116.891227841695226, 32.255691115971537 ], [ -116.890984750233116, 32.256616284662243 ], [ -116.890731632772599, 32.256895153969047 ], [ -116.889811684740337, 32.257202197426729 ], [ -116.888750588905708, 32.257361954489546 ] ] ] ] } },
{ "type": "Feature", "properties": { "fid": 11.0, "cat": 12, "CLAVE_ACUI": "0204", "NOM_ACUIF": "LOS MEDANOS", "VULNERABIL": 1 }, "geometry": { "type": "MultiPolygon", "coordinates": [ [ [ [ -116.864686927764964, 32.260229511219237 ], [ -116.863237600805078, 32.257349558876612 ], [ -116.866426302310543, 32.255091484152551 ], [ -116.86644060519302, 32.255476276050516 ], [ -116.86643431242581, 32.256115728177193 ], [ -116.86643406642429, 32.256283744465428 ], [ -116.866431399900364, 32.258104860322653 ], [ -116.86640940234976, 32.25842200791768 ], [ -116.866399796061074, 32.258560504841952 ], [ -116.866374132254435, 32.258720044265324 ], [ -116.86633806559135, 32.258885565910305 ], [ -116.866278591161262, 32.259004870795813 ], [ -116.866223825403466, 32.259088135041907 ], [ -116.866151574730466, 32.259161065499725 ], [ -116.865829130987805, 32.259426343745858 ], [ -116.86544851315756, 32.25969844571965 ], [ -116.864686927764964, 32.260229511219237 ] ] ] ] } },
{ "type": "Feature", "properties": { "fid": 13.0, "cat": 14, "CLAVE_ACUI": "0204", "NOM_ACUIF": "LOS MEDANOS", "VULNERABIL": 1 }, "geometry": { "type": "MultiPolygon", "coordinates": [ [ [ [ -116.887648832799741, 32.244740554043872 ], [ -116.886658168294971, 32.244389540127059 ], [ -116.886118049535099, 32.244239811432713 ], [ -116.885544069479593, 32.244080692829627 ], [ -116.884943158770625, 32.243990500497418 ], [ -116.884195638773051, 32.244012583324839 ], [ -116.88334192158274, 32.244138916200193 ], [ -116.882689826296996, 32.24431578270466 ], [ -116.8818201573241, 32.244635507560162 ], [ -116.879893197536305, 32.245554920234959 ], [ -116.882571931687181, 32.243657978213832 ], [ -116.888505129553408, 32.239456392047281 ], [ -116.889590071784042, 32.238688091651682 ], [ -116.890902989348774, 32.237758350826894 ], [ -116.891317597592234, 32.237932673947327 ], [ -116.892115754325076, 32.238363805845424 ], [ -116.892717520581797, 32.238748217999927 ], [ -116.893047687045993, 32.238900728099217 ], [ -116.893549119980179, 32.238948511996817 ], [ -116.893935284736756, 32.238864264337444 ], [ -116.894585616969309, 32.238643792719813 ], [ -116.894715886964164, 32.238422885542988 ], [ -116.894837393274358, 32.238323191322628 ], [ -116.895143883540442, 32.238299765734588 ], [ -116.895453409923945, 32.238364568280048 ], [ -116.895604214286749, 32.238323827106804 ], [ -116.89602214545404, 32.238300491398739 ], [ -116.896250922723425, 32.238366645870236 ], [ -116.896900621814027, 32.238698701252162 ], [ -116.897015917509194, 32.23881043077936 ], [ -116.896904261840945, 32.238999781826372 ], [ -116.896629456996664, 32.239158553372512 ], [ -116.89545868176279, 32.239710129638915 ], [ -116.895148039648745, 32.239879016969624 ], [ -116.894869159383191, 32.240115587831745 ], [ -116.894781401816886, 32.240284659474199 ], [ -116.894650746684775, 32.240837089877708 ], [ -116.894557000196244, 32.241021379369954 ], [ -116.894250171425, 32.241328966246236 ], [ -116.893905589783287, 32.241584085830759 ], [ -116.892604356872781, 32.242467049236936 ], [ -116.892265706737149, 32.242747541024208 ], [ -116.891986586040048, 32.243173547139797 ], [ -116.891926493721684, 32.243501636263908 ], [ -116.891925185140735, 32.244606713005133 ], [ -116.891948714571171, 32.244904427538344 ], [ -116.892059827623228, 32.245188685336757 ], [ -116.892195031269267, 32.245297053264125 ], [ -116.892714869681129, 32.245518511226415 ], [ -116.892850104383342, 32.245601506795559 ], [ -116.892961359958932, 32.245767362727598 ], [ -116.892967373813704, 32.245806422535615 ], [ -116.892985061651387, 32.245921304320881 ], [ -116.892984413717897, 32.246473842523045 ], [ -116.892823110383517, 32.246556586616116 ], [ -116.892076327275007, 32.246391361046115 ], [ -116.892071011106751, 32.246390184827284 ], [ -116.891157892616135, 32.246069718458592 ], [ -116.887648832799741, 32.244740554043872 ] ] ] ] } },
{ "type": "Feature", "properties": { "fid": 14.0, "cat": 17, "CLAVE_ACUI": "0204", "NOM_ACUIF": "LOS MEDANOS", "VULNERABIL": 4 }, "geometry": { "type": "MultiPolygon", "coordinates": [ [ [ [ -116.922218513245383, 32.227857294477715 ], [ -116.921664635266126, 32.228134373705373 ], [ -116.920285548353746, 32.228730428050859 ], [ -116.919765987415843, 32.228980433960594 ], [ -116.91929215966988, 32.229264295937874 ], [ -116.919134825787523, 32.229419808795718 ], [ -116.918874429004319, 32.229861674230591 ], [ -116.918770855176575, 32.229976626312833 ], [ -116.918547908682555, 32.230071204035383 ], [ -116.918332987660591, 32.230091362748801 ], [ -116.917552969677402, 32.230090856339608 ], [ -116.917332074273062, 32.230116083803345 ], [ -116.917081246630147, 32.230234320995088 ], [ -116.916943816565606, 32.230378004003271 ], [ -116.916553301430184, 32.23093028705393 ], [ -116.916666587611346, 32.231079209374641 ], [ -116.917585776216299, 32.231221893862866 ], [ -116.918785617548366, 32.231276796933919 ], [ -116.923465694034704, 32.231390225628033 ], [ -116.924361281677193, 32.231462763097625 ], [ -116.925437211078034, 32.231467523129901 ], [ -116.926042877564299, 32.231449734353475 ], [ -116.926868426384388, 32.232269328172919 ], [ -116.927748377405592, 32.233244562917463 ], [ -116.928374011256579, 32.234301199768403 ], [ -116.928087218814852, 32.234451976047851 ], [ -116.927904335505801, 32.234590768961638 ], [ -116.927747011249792, 32.234735940404605 ], [ -116.927558812575484, 32.234975654640444 ], [ -116.927452810664832, 32.235087416682127 ], [ -116.927371805268749, 32.235153195079484 ], [ -116.927278964863575, 32.235215798287676 ], [ -116.927112158065896, 32.235300662127422 ], [ -116.927109529896512, 32.235301999222486 ], [ -116.926965993648707, 32.235357142524052 ], [ -116.926872549937428, 32.235378988722836 ], [ -116.926811331720728, 32.235384884985123 ], [ -116.926768638128038, 32.235385536556841 ], [ -116.926648829050578, 32.235374797825038 ], [ -116.926532726108661, 32.235363772787181 ], [ -116.926454198812237, 32.235367948479059 ], [ -116.926347240369637, 32.235388655020479 ], [ -116.926265836019027, 32.235412419588613 ], [ -116.92620378413298, 32.235439585437639 ], [ -116.926115139998998, 32.235487927681717 ], [ -116.926005497841714, 32.235562530693002 ], [ -116.925899360170519, 32.235641247388656 ], [ -116.925937940673279, 32.235463363356757 ], [ -116.925951671811177, 32.235286101416726 ], [ -116.925951808889621, 32.235117211288291 ], [ -116.925935283772404, 32.234999295857556 ], [ -116.925867335557427, 32.23487167453591 ], [ -116.925731596422253, 32.234746066751754 ], [ -116.925594193331989, 32.234645845155804 ], [ -116.925300774676145, 32.234432958129183 ], [ -116.925097195669665, 32.234280352852949 ], [ -116.924829675648851, 32.234055372232959 ], [ -116.924585363202738, 32.2338731781471 ], [ -116.92434715356859, 32.233729797090461 ], [ -116.924031641871721, 32.233588323739092 ], [ -116.923720234299438, 32.233479653347466 ], [ -116.923515235497248, 32.233416994321168 ], [ -116.923295591879835, 32.233372401480196 ], [ -116.922966140337749, 32.233355125061308 ], [ -116.92277187687435, 32.233342124165297 ], [ -116.922516810225162, 32.233352861580457 ], [ -116.922126118826128, 32.233405051291257 ], [ -116.921508635879277, 32.233534511008372 ], [ -116.921085414442743, 32.233610584346593 ], [ -116.920731173102425, 32.233729499149781 ], [ -116.920491301151074, 32.233853159814714 ], [ -116.920229841741403, 32.2340359067816 ], [ -116.919980007591789, 32.234215516871487 ], [ -116.919737129020575, 32.23442021265906 ], [ -116.919567115894964, 32.234603525708984 ], [ -116.919395303386352, 32.23489463330408 ], [ -116.919240495677315, 32.235236470218993 ], [ -116.919193640082668, 32.235339933877356 ], [ -116.919193507071512, 32.235340390817385 ], [ -116.919135781707453, 32.235538697713054 ], [ -116.919111591198046, 32.235671499285964 ], [ -116.919101149500662, 32.235778966211463 ], [ -116.919102804052272, 32.235939065403322 ], [ -116.919101828578746, 32.236094449614647 ], [ -116.919087080270231, 32.23631219989359 ], [ -116.919004931926949, 32.236477047933427 ], [ -116.918488358480914, 32.236601233500913 ], [ -116.918145781446995, 32.236691138811501 ], [ -116.91777402479363, 32.236806675873659 ], [ -116.917286178845458, 32.236979809499474 ], [ -116.917102167915814, 32.237045113884101 ], [ -116.916889284949661, 32.23713842024042 ], [ -116.91667083513795, 32.237261015909972 ], [ -116.916488222944395, 32.237363499239947 ], [ -116.91634336476119, 32.237472003007476 ], [ -116.916234874561226, 32.237588847648489 ], [ -116.916135795839196, 32.23772550795475 ], [ -116.916058436907051, 32.237871600299471 ], [ -116.915993802399711, 32.238042621299392 ], [ -116.915945355876346, 32.23818353859015 ], [ -116.915863954991138, 32.238381729740695 ], [ -116.915783352691804, 32.238556996804732 ], [ -116.915747785994583, 32.23863842548888 ], [ -116.915464107058071, 32.23865126439447 ], [ -116.91528119536585, 32.238661324537546 ], [ -116.914916116197176, 32.238681403891825 ], [ -116.914565841409953, 32.238693502106834 ], [ -116.914204294420884, 32.238689262834775 ], [ -116.913987621529003, 32.238673784745487 ], [ -116.913853087493436, 32.238660238990818 ], [ -116.913509139005996, 32.238625607368682 ], [ -116.913135859652797, 32.238584285862999 ], [ -116.913016018382706, 32.238574334887993 ], [ -116.912929426220103, 32.238562135042848 ], [ -116.912864418327374, 32.23854779512908 ], [ -116.91279715720114, 32.238522979774366 ], [ -116.912736980034012, 32.238487958519201 ], [ -116.912662428704607, 32.238440876190992 ], [ -116.912569171318921, 32.238393315656765 ], [ -116.912476191923517, 32.238357213035471 ], [ -116.912330625956798, 32.238320988512726 ], [ -116.912188513901739, 32.238299077059786 ], [ -116.912041166689804, 32.238288975915651 ], [ -116.91154796661894, 32.238230507664404 ], [ -116.911249972308482, 32.238141060758821 ], [ -116.91098986013786, 32.238029947426476 ], [ -116.91083916771575, 32.237932802131333 ], [ -116.910137973399458, 32.237428244142755 ], [ -116.909321147143572, 32.236825482966289 ], [ -116.90899330974942, 32.236542057740401 ], [ -116.908818982151701, 32.236350090029667 ], [ -116.908611109084191, 32.236061229326225 ], [ -116.908881418098787, 32.235967106704109 ], [ -116.90919788252269, 32.235829291065691 ], [ -116.910758664333983, 32.235167355050578 ], [ -116.911170806579662, 32.234939299851064 ], [ -116.911533367026408, 32.234536989387607 ], [ -116.91163916933904, 32.234190316413461 ], [ -116.911770352814557, 32.232974820086206 ], [ -116.911894066370508, 32.232623084964835 ], [ -116.912340212439375, 32.232197149976187 ], [ -116.912853848770666, 32.231940404875864 ], [ -116.914804654776489, 32.231168178667318 ], [ -116.915169104939693, 32.230840282564316 ], [ -116.914919088873205, 32.23008234498058 ], [ -116.914197485262378, 32.22932747045698 ], [ -116.91249532946982, 32.227817787758489 ], [ -116.910584792786125, 32.226252259425593 ], [ -116.909104481696843, 32.22486898826314 ], [ -116.913436422184205, 32.221801330376728 ], [ -116.919662442256936, 32.21739238255465 ], [ -116.919714294201356, 32.217524683346468 ], [ -116.919447267273895, 32.218352457639668 ], [ -116.919531197807757, 32.218958979078288 ], [ -116.920690899866102, 32.219779102182954 ], [ -116.92095031246987, 32.220538205442274 ], [ -116.921568316631621, 32.22151473645544 ], [ -116.922277872188857, 32.222117433981126 ], [ -116.922445728356209, 32.222712510578063 ], [ -116.922186328483306, 32.223319036070244 ], [ -116.92236181754771, 32.224223096121491 ], [ -116.922361827983579, 32.225344590764294 ], [ -116.922712798242827, 32.226405045661089 ], [ -116.923071395382934, 32.227225181187592 ], [ -116.922746341795246, 32.227517680176156 ], [ -116.922218513245383, 32.227857294477715 ] ] ] ] } },
{ "type": "Feature", "properties": { "fid": 15.0, "cat": 15, "CLAVE_ACUI": "0204", "NOM_ACUIF": "LOS MEDANOS", "VULNERABIL": 3 }, "geometry": { "type": "MultiPolygon", "coordinates": [ [ [ [ -116.914225445721897, 32.23955454407799 ], [ -116.91392685892248, 32.239705345491835 ], [ -116.91373756916083, 32.239777955527195 ], [ -116.91361846486798, 32.239823642979282 ], [ -116.913451105515847, 32.239854004583876 ], [ -116.913241482322789, 32.239869628819626 ], [ -116.913064274064666, 32.239861453283858 ], [ -116.912894841230951, 32.239835730061316 ], [ -116.912718518781716, 32.239789151960075 ], [ -116.9124934914839, 32.239711377548389 ], [ -116.912101432937661, 32.239547852274391 ], [ -116.91187033421491, 32.239426120817797 ], [ -116.911735877693047, 32.239328865323735 ], [ -116.911654811194495, 32.239249988431823 ], [ -116.911580297937334, 32.23909737086764 ], [ -116.911566888238539, 32.23896339310911 ], [ -116.911567104698079, 32.238739952040206 ], [ -116.911567247593908, 32.238592445353305 ], [ -116.91156049108217, 32.238400372007462 ], [ -116.91154796661894, 32.238230507664404 ], [ -116.912041166689804, 32.238288975915651 ], [ -116.912188513901739, 32.238299077059786 ], [ -116.912330625956798, 32.238320988512726 ], [ -116.912476191923517, 32.238357213035471 ], [ -116.912569171318921, 32.238393315656765 ], [ -116.912662428704607, 32.238440876190992 ], [ -116.912736980034012, 32.238487958519201 ], [ -116.91279715720114, 32.238522979774366 ], [ -116.912864418327374, 32.23854779512908 ], [ -116.912929426220103, 32.238562135042848 ], [ -116.913016018382706, 32.238574334887993 ], [ -116.913135859652797, 32.238584285862999 ], [ -116.913509139005996, 32.238625607368682 ], [ -116.913853087493436, 32.238660238990818 ], [ -116.913987621529003, 32.238673784745487 ], [ -116.914204294420884, 32.238689262834775 ], [ -116.914565841409953, 32.238693502106834 ], [ -116.914916116197176, 32.238681403891825 ], [ -116.91528119536585, 32.238661324537546 ], [ -116.915130254204968, 32.238863873602575 ], [ -116.91489802002765, 32.239114203949562 ], [ -116.914578321030291, 32.239352470183434 ], [ -116.914225445721897, 32.23955454407799 ] ] ] ] } },
{ "type": "Feature", "properties": { "fid": 16.0, "cat": 10, "CLAVE_ACUI": "0204", "NOM_ACUIF": "LOS MEDANOS", "VULNERABIL": 3 }, "geometry": { "type": "MultiPolygon", "coordinates": [ [ [ [ -116.926462987064269, 32.242240390959424 ], [ -116.926287547560861, 32.242624247175478 ], [ -116.926157079659262, 32.243176710261395 ], [ -116.926026610171647, 32.24372917316191 ], [ -116.926030250475605, 32.244148654007539 ], [ -116.92630818294559, 32.245001305314567 ], [ -116.926701594844531, 32.245799896670043 ], [ -116.928259640921624, 32.248673993086577 ], [ -116.928754569376324, 32.249498006887741 ], [ -116.929506139627179, 32.250469317792238 ], [ -116.93008488144595, 32.251032890438573 ], [ -116.932034139670478, 32.252691569545057 ], [ -116.932636870299348, 32.253153656587294 ], [ -116.933068592822522, 32.25340252830658 ], [ -116.933500317702524, 32.253651398543965 ], [ -116.934131081103615, 32.253900371224518 ], [ -116.936211208934381, 32.254564484564369 ], [ -116.936758432247345, 32.254752509922881 ], [ -116.937231996137839, 32.254965867988119 ], [ -116.937361291029475, 32.255082641768723 ], [ -116.937491102525613, 32.255414229002554 ], [ -116.937447202499285, 32.255576585851074 ], [ -116.937112521742492, 32.256002663443063 ], [ -116.936678302922616, 32.256448987585578 ], [ -116.934986593769793, 32.258105742485185 ], [ -116.934510558448608, 32.258546963157954 ], [ -116.933980803917251, 32.258949250762797 ], [ -116.933700050268001, 32.259082727690782 ], [ -116.932919621652388, 32.259303330849647 ], [ -116.932692679532437, 32.259340421874803 ], [ -116.932551599825274, 32.259316366670106 ], [ -116.932414047385691, 32.259292912728469 ], [ -116.932258364016931, 32.259197410825266 ], [ -116.93224294407284, 32.259187951643163 ], [ -116.932185183803, 32.259138806826165 ], [ -116.931723096977166, 32.258745641451114 ], [ -116.931544941916329, 32.258631174226757 ], [ -116.931528125143316, 32.258620369176981 ], [ -116.931138101360077, 32.25847807600443 ], [ -116.930775896433445, 32.258400071692243 ], [ -116.929475633672098, 32.258178337348603 ], [ -116.929113376159165, 32.258171368831327 ], [ -116.928723099024751, 32.258360590815414 ], [ -116.92852781671543, 32.258637877067322 ], [ -116.928315542454115, 32.259087967279932 ], [ -116.928006769711644, 32.259742656895867 ], [ -116.927811466195294, 32.260040239268911 ], [ -116.927421102991175, 32.260324177872356 ], [ -116.927248600636219, 32.260453461264376 ], [ -116.927071683619289, 32.26055738923457 ], [ -116.925306160318627, 32.26077061338853 ], [ -116.924497738352258, 32.261101655407785 ], [ -116.923857743408433, 32.26142466288934 ], [ -116.923794788594819, 32.261456436083918 ], [ -116.923699828958163, 32.261507318995051 ], [ -116.923654027325497, 32.261531861170219 ], [ -116.923459660623791, 32.261636009562046 ], [ -116.921322738359805, 32.262781010770794 ], [ -116.920655686166839, 32.263029235417818 ], [ -116.920646140013019, 32.263026760098178 ], [ -116.920510291235672, 32.263125556159267 ], [ -116.920285162536274, 32.263348684527301 ], [ -116.920145491076866, 32.263727479112198 ], [ -116.920146263262879, 32.263737071682449 ], [ -116.919783925892119, 32.262559476792148 ], [ -116.919382631507077, 32.261255234949466 ], [ -116.919180650467595, 32.26006771372635 ], [ -116.9191475932885, 32.259756113804507 ], [ -116.91911340711394, 32.259578843936104 ], [ -116.91900297032484, 32.258418443778922 ], [ -116.918979936643979, 32.257459381080025 ], [ -116.918982880942409, 32.254144154436602 ], [ -116.919007612235376, 32.253190196045892 ], [ -116.919120079210856, 32.252053617736031 ], [ -116.919256013778963, 32.251383892766867 ], [ -116.9197778959728, 32.249395086363506 ], [ -116.919913803896279, 32.248745657719553 ], [ -116.920026170972761, 32.247703798661597 ], [ -116.920050788697822, 32.24686485730696 ], [ -116.920053305694182, 32.243991656083168 ], [ -116.92003014127009, 32.243172981357084 ], [ -116.919919525226589, 32.24222570117729 ], [ -116.919784667729104, 32.241691118438318 ], [ -116.919265958049181, 32.240143677806486 ], [ -116.919244454946565, 32.239705579193462 ], [ -116.919662803401366, 32.239208560267919 ], [ -116.920281943850966, 32.238936629279742 ], [ -116.922752894942562, 32.238164608365132 ], [ -116.923437672508598, 32.237912999335506 ], [ -116.923815462865306, 32.237703368498295 ], [ -116.924162371505687, 32.237510871663801 ], [ -116.924512879316694, 32.2371880149148 ], [ -116.925423873918362, 32.236083476177861 ], [ -116.925607437506798, 32.235888447414204 ], [ -116.925754099570426, 32.235757389209027 ], [ -116.925845663968985, 32.235680332244797 ], [ -116.925899360170519, 32.235641247388656 ], [ -116.926005497841714, 32.235562530693002 ], [ -116.926115139998998, 32.235487927681717 ], [ -116.92620378413298, 32.235439585437639 ], [ -116.926265836019027, 32.235412419588613 ], [ -116.926347240369637, 32.235388655020479 ], [ -116.926454198812237, 32.235367948479059 ], [ -116.926532726108661, 32.235363772787181 ], [ -116.926648829050578, 32.235374797825038 ], [ -116.926768638128038, 32.235385536556841 ], [ -116.926811331720728, 32.235384884985123 ], [ -116.926872549937428, 32.235378988722836 ], [ -116.926965993648707, 32.235357142524052 ], [ -116.927109529896512, 32.235301999222486 ], [ -116.927278964863575, 32.235215798287676 ], [ -116.927371805268749, 32.235153195079484 ], [ -116.927452810664832, 32.235087416682127 ], [ -116.927558812575484, 32.234975654640444 ], [ -116.927747011249792, 32.234735940404605 ], [ -116.927904335505801, 32.234590768961638 ], [ -116.928087218814852, 32.234451976047851 ], [ -116.928374011256579, 32.234301199768403 ], [ -116.929785490144383, 32.23520524165091 ], [ -116.930760290566425, 32.236701606219022 ], [ -116.931403526020006, 32.237750114667136 ], [ -116.931061595617834, 32.237838914834619 ], [ -116.930915015195026, 32.237877632355996 ], [ -116.930785027546889, 32.237928842557537 ], [ -116.930675174101907, 32.237990258915005 ], [ -116.930574501242177, 32.23806488508265 ], [ -116.930505119170135, 32.238131538198317 ], [ -116.930444268823962, 32.238199216451918 ], [ -116.930332463008398, 32.238363510119925 ], [ -116.930228842590893, 32.238582647907513 ], [ -116.930069938393714, 32.238876763122988 ], [ -116.92994687011813, 32.239059915440542 ], [ -116.929842722513897, 32.239196178787438 ], [ -116.929751596700626, 32.239298379171792 ], [ -116.929592899772985, 32.2394494409196 ], [ -116.92933854341652, 32.239672705455007 ], [ -116.929029324542157, 32.239904908345878 ], [ -116.928624220897106, 32.240205335127548 ], [ -116.928113057332681, 32.24059670969978 ], [ -116.927469153817597, 32.24112339267046 ], [ -116.927020766112548, 32.241553986840266 ], [ -116.926462987064269, 32.242240390959424 ] ] ] ] } },
{ "type": "Feature", "properties": { "fid": 17.0, "cat": 16, "CLAVE_ACUI": "0204", "NOM_ACUIF": "LOS MEDANOS", "VULNERABIL": 3 }, "geometry": { "type": "MultiPolygon", "coordinates": [ [ [ [ -116.918843692881765, 32.236866487459146 ], [ -116.918795136273999, 32.236981496485313 ], [ -116.91873351507148, 32.237155606405601 ], [ -116.91863136223769, 32.237444236387105 ], [ -116.918542827285592, 32.237694387864941 ], [ -116.918443788317404, 32.237974215883931 ], [ -116.918364783120936, 32.238153843676592 ], [ -116.918306203180066, 32.23825441832539 ], [ -116.918303435582118, 32.238258368421242 ], [ -116.91822997726652, 32.238363212908617 ], [ -116.918116667892448, 32.238461228314478 ], [ -116.917961850836221, 32.23855824145538 ], [ -116.917817022937186, 32.238618014728715 ], [ -116.917703680332195, 32.238646719566646 ], [ -116.917591664417841, 32.238660889056177 ], [ -116.917301059121868, 32.238660698678032 ], [ -116.916421527648723, 32.238660120592947 ], [ -116.916030232916171, 32.238642206148555 ], [ -116.915747785994583, 32.23863842548888 ], [ -116.915783352691804, 32.238556996804732 ], [ -116.915863954991138, 32.238381729740695 ], [ -116.915945355876346, 32.23818353859015 ], [ -116.915993802399711, 32.238042621299392 ], [ -116.916058436907051, 32.237871600299471 ], [ -116.916135795839196, 32.23772550795475 ], [ -116.916234874561226, 32.237588847648489 ], [ -116.91634336476119, 32.237472003007476 ], [ -116.916488222944395, 32.237363499239947 ], [ -116.91667083513795, 32.237261015909972 ], [ -116.916889284949661, 32.23713842024042 ], [ -116.917102167915814, 32.237045113884101 ], [ -116.917286178845458, 32.236979809499474 ], [ -116.91777402479363, 32.236806675873659 ], [ -116.918145781446995, 32.236691138811501 ], [ -116.918488358480914, 32.236601233500913 ], [ -116.919004931926949, 32.236477047933427 ], [ -116.918937947881417, 32.236643238361154 ], [ -116.918898185019017, 32.236737419430455 ], [ -116.918843692881765, 32.236866487459146 ] ] ] ] } },
{ "type": "Feature", "properties": { "fid": 18.0, "cat": 18, "CLAVE_ACUI": "0204", "NOM_ACUIF": "LOS MEDANOS", "VULNERABIL": 3 }, "geometry": { "type": "MultiPolygon", "coordinates": [ ] } },
{ "type": "Feature", "properties": { "fid": 19.0, "cat": 19, "CLAVE_ACUI": "0204", "NOM_ACUIF": "LOS MEDANOS", "VULNERABIL": 3 }, "geometry": { "type": "MultiPolygon", "coordinates": [ [ [ [ -116.920250098427474, 32.236312604049601 ], [ -116.919938672411902, 32.236317244311799 ], [ -116.919650133083934, 32.236307930891577 ], [ -116.919405557588817, 32.236311180253473 ], [ -116.919087080270231, 32.23631219989359 ], [ -116.919101828578746, 32.236094449614647 ], [ -116.919102804052272, 32.235939065403322 ], [ -116.919101149500662, 32.235778966211463 ], [ -116.919111591198046, 32.235671499285964 ], [ -116.919135781707453, 32.235538697713054 ], [ -116.919193507071512, 32.235340390817385 ], [ -116.919193640082668, 32.235339933877356 ], [ -116.919240495677315, 32.235236470218993 ], [ -116.919395303386352, 32.23489463330408 ], [ -116.919567115894964, 32.234603525708984 ], [ -116.919737129020575, 32.23442021265906 ], [ -116.919980007591789, 32.234215516871487 ], [ -116.920229841741403, 32.2340359067816 ], [ -116.920491301151074, 32.233853159814714 ], [ -116.920731173102425, 32.233729499149781 ], [ -116.921085414442743, 32.233610584346593 ], [ -116.921508635879277, 32.233534511008372 ], [ -116.922126118826128, 32.233405051291257 ], [ -116.922516810225162, 32.233352861580457 ], [ -116.92277187687435, 32.233342124165297 ], [ -116.922966140337749, 32.233355125061308 ], [ -116.923295591879835, 32.233372401480196 ], [ -116.923515235497248, 32.233416994321168 ], [ -116.923720234299438, 32.233479653347466 ], [ -116.924031641871721, 32.233588323739092 ], [ -116.92434715356859, 32.233729797090461 ], [ -116.924585363202738, 32.2338731781471 ], [ -116.924829675648851, 32.234055372232959 ], [ -116.925097195669665, 32.234280352852949 ], [ -116.925300774676145, 32.234432958129183 ], [ -116.925594193331989, 32.234645845155804 ], [ -116.925731596422253, 32.234746066751754 ], [ -116.925867335557427, 32.23487167453591 ], [ -116.925935283772404, 32.234999295857556 ], [ -116.925951808889621, 32.235117211288291 ], [ -116.925951671811177, 32.235286101416726 ], [ -116.925937940673279, 32.235463363356757 ], [ -116.924892383729627, 32.235519852250512 ], [ -116.923553267174682, 32.23570684600368 ], [ -116.920762777560086, 32.236271951814643 ], [ -116.920250098427474, 32.236312604049601 ] ] ] ] } },
{ "type": "Feature", "properties": { "fid": 20.0, "cat": 20, "CLAVE_ACUI": "0204", "NOM_ACUIF": "LOS MEDANOS", "VULNERABIL": 3 }, "geometry": { "type": "MultiPolygon", "coordinates": [ [ [ [ -116.901526644325202, 32.230235223704973 ], [ -116.901971869998476, 32.229919937737414 ], [ -116.904135064691758, 32.228388074296532 ], [ -116.909104481696843, 32.22486898826314 ], [ -116.910584792786125, 32.226252259425593 ], [ -116.91249532946982, 32.227817787758489 ], [ -116.914197485262378, 32.22932747045698 ], [ -116.914919088873205, 32.23008234498058 ], [ -116.915169104939693, 32.230840282564316 ], [ -116.914804654776489, 32.231168178667318 ], [ -116.912853848770666, 32.231940404875864 ], [ -116.912340212439375, 32.232197149976187 ], [ -116.911894066370508, 32.232623084964835 ], [ -116.911770352814557, 32.232974820086206 ], [ -116.91163916933904, 32.234190316413461 ], [ -116.911533371943236, 32.234531915044997 ], [ -116.911170806579662, 32.234939299851064 ], [ -116.910758664333983, 32.235167355050578 ], [ -116.90919788252269, 32.235829291065691 ], [ -116.908881418098787, 32.235967106704109 ], [ -116.908611109084191, 32.236061229326225 ], [ -116.90764639889376, 32.235145949320213 ], [ -116.906763627416751, 32.23439429800208 ], [ -116.905567065362135, 32.233248031253673 ], [ -116.904518882874086, 32.232314561058473 ], [ -116.903478522915762, 32.231504726058191 ], [ -116.902636248344322, 32.230904031093736 ], [ -116.901526644325202, 32.230235223704973 ] ] ] ] } },
{ "type": "Feature", "properties": { "fid": 21.0, "cat": 21, "CLAVE_ACUI": "0204", "NOM_ACUIF": "LOS MEDANOS", "VULNERABIL": 5 }, "geometry": { "type": "MultiPolygon", "coordinates": [ [ [ [ -116.925437211078034, 32.231467523129901 ], [ -116.924361281677193, 32.231462763097625 ], [ -116.923465694034704, 32.231390225628033 ], [ -116.918785617548366, 32.231276796933919 ], [ -116.917585776216299, 32.231221893862866 ], [ -116.916666587611346, 32.231079209374641 ], [ -116.916553301430184, 32.23093028705393 ], [ -116.916943816565606, 32.230378004003271 ], [ -116.917081246630147, 32.230234320995088 ], [ -116.917332074273062, 32.230116083803345 ], [ -116.917552969677402, 32.230090856339608 ], [ -116.918332987660591, 32.230091362748801 ], [ -116.918547908682555, 32.230071204035397 ], [ -116.918770855176604, 32.229976626312833 ], [ -116.918874429004319, 32.229861674230591 ], [ -116.919134825787523, 32.229419808795718 ], [ -116.91929215966988, 32.229264295937874 ], [ -116.919765987415843, 32.228980433960594 ], [ -116.920285548353746, 32.228730428050859 ], [ -116.921664635266126, 32.228134373705373 ], [ -116.922218513245383, 32.227857294477715 ], [ -116.922746341795246, 32.227517680176156 ], [ -116.923071395382934, 32.227225181187592 ], [ -116.924131909211937, 32.227606626674543 ], [ -116.924734657675799, 32.228964617832034 ], [ -116.925360293769344, 32.230158580673987 ], [ -116.925901997941153, 32.230688803206078 ], [ -116.9258028178796, 32.231211406311459 ], [ -116.926042877564299, 32.231449734353475 ], [ -116.925437211078034, 32.231467523129901 ] ] ] ] } }
]
}
