{
"type": "FeatureCollection",
"name": "0211",
"crs": { "type": "name", "properties": { "name": "urn:ogc:def:crs:OGC:1.3:CRS84" } },
"features": [
{ "type": "Feature", "properties": { "VULNERABIL": 4.0, "fid": 1.0, "cat": 2, "CLAVE_ACUI": "0211", "NOM_ACUIF": "ENSENADA" }, "geometry": { "type": "MultiPolygon", "coordinates": [ [ [ [ -116.849100522407113, 32.05908566941774 ], [ -116.84910184683153, 32.058278840056524 ], [ -116.849039549331977, 32.05777673768732 ], [ -116.848851334339543, 32.0570772597775 ], [ -116.848599942539124, 32.056413565239417 ], [ -116.848033990792672, 32.055121957939228 ], [ -116.847866858225046, 32.054404573983184 ], [ -116.847931400883368, 32.053544031140561 ], [ -116.848206099036332, 32.052827176708746 ], [ -116.848965637418317, 32.051537153105585 ], [ -116.849282487474198, 32.050766557504261 ], [ -116.849473510644657, 32.049744797245488 ], [ -116.84947427370642, 32.04927862848681 ], [ -116.849475036750533, 32.048812459693792 ], [ -116.849381817224497, 32.047924833494605 ], [ -116.849288599462241, 32.047037207107962 ], [ -116.849289363381217, 32.0465710381539 ], [ -116.849290127282515, 32.046104869165504 ], [ -116.849374558032778, 32.045653238036465 ], [ -116.849481140468015, 32.045083108113396 ], [ -116.849797963747292, 32.044312510357628 ], [ -116.850177689053581, 32.043667493389194 ], [ -116.85055740902007, 32.043022475201674 ], [ -116.850895369346247, 32.042180180840454 ], [ -116.85114981468486, 32.040943335648322 ], [ -116.851235933017549, 32.039724221941221 ], [ -116.851237890052445, 32.038513974041358 ], [ -116.851239846969776, 32.037303725910057 ], [ -116.851199674652278, 32.036129287398573 ], [ -116.851136173703949, 32.035566474378747 ], [ -116.851041432019812, 32.035011516696976 ], [ -116.850895245094208, 32.034430128074995 ], [ -116.850720838997191, 32.033922181693363 ], [ -116.850530847117597, 32.033474913390542 ], [ -116.850221258855314, 32.032740674151597 ], [ -116.850395002465433, 32.032855133639998 ], [ -116.850782583975942, 32.033146959718493 ], [ -116.851366108320988, 32.033645335524305 ], [ -116.852296287449832, 32.034409323709944 ], [ -116.85465968636224, 32.036348456165534 ], [ -116.855857256247333, 32.03728216448264 ], [ -116.857086515934299, 32.038144178567329 ], [ -116.857937700197553, 32.038647164911701 ], [ -116.859261990374407, 32.039294108609539 ], [ -116.859987128790465, 32.039698328188273 ], [ -116.860838248404875, 32.040264048633382 ], [ -116.861531644072258, 32.040802696735106 ], [ -116.862760723184635, 32.0418529164115 ], [ -116.863369967406925, 32.042409392876088 ], [ -116.863968607621487, 32.043028608690719 ], [ -116.864357094404014, 32.043504159976699 ], [ -116.864923915790044, 32.044311598190099 ], [ -116.8652596220155, 32.04492156254603 ], [ -116.865699919184195, 32.045944018028628 ], [ -116.86593643710134, 32.046594017972602 ], [ -116.866852145610935, 32.049298071127403 ], [ -116.867271455387879, 32.050311533661606 ], [ -116.867565805111298, 32.051045411539747 ], [ -116.867768419504969, 32.051449319295536 ], [ -116.868157269291842, 32.05226481373176 ], [ -116.868502858088533, 32.052916074477935 ], [ -116.86867050886498, 32.05330462063494 ], [ -116.868800043501466, 32.053669722090618 ], [ -116.868928015192381, 32.054177086323925 ], [ -116.869052912830568, 32.055118519120242 ], [ -116.869093703471435, 32.056024005645902 ], [ -116.869091175925305, 32.057799032265507 ], [ -116.86923700600903, 32.058821169092781 ], [ -116.869485726701129, 32.059551116001856 ], [ -116.869530355406965, 32.059682091302804 ], [ -116.86967703215646, 32.060112552114767 ], [ -116.86975157848849, 32.060255944008162 ], [ -116.870264587949208, 32.061242718273618 ], [ -116.870850749434538, 32.062172981056626 ], [ -116.871587261170561, 32.063341825340302 ], [ -116.872217007452363, 32.064427200762395 ], [ -116.872783542361816, 32.065584227718787 ], [ -116.872852632054034, 32.065769438196341 ], [ -116.873098013652992, 32.066427232476563 ], [ -116.873377786203449, 32.067445724495236 ], [ -116.873665628719962, 32.068007176634239 ], [ -116.873947444409637, 32.068463085206787 ], [ -116.874163788522509, 32.068968139338729 ], [ -116.874281264642832, 32.069367423358528 ], [ -116.846223774273795, 32.064525572304355 ], [ -116.847305545063378, 32.063001130628727 ], [ -116.848255219499677, 32.061307927170226 ], [ -116.848677433345529, 32.060465742156858 ], [ -116.848994419989424, 32.059632395079014 ], [ -116.849100522407113, 32.05908566941774 ] ] ] ] } },
{ "type": "Feature", "properties": { "VULNERABIL": 5.0, "fid": 2.0, "cat": 1, "CLAVE_ACUI": "0211", "NOM_ACUIF": "ENSENADA" }, "geometry": { "type": "MultiPolygon", "coordinates": [ [ [ [ -116.883746961957328, 32.060294654273854 ], [ -116.883830902602114, 32.061801424257354 ], [ -116.883296838694903, 32.062549093853342 ], [ -116.882686482604555, 32.06367441157677 ], [ -116.882419454880107, 32.06443352230712 ], [ -116.883212933505149, 32.064578466985274 ], [ -116.883907233024971, 32.06533756548685 ], [ -116.884273461277047, 32.066157701924787 ], [ -116.884174285004917, 32.067061765271838 ], [ -116.883113778573019, 32.067664486844563 ], [ -116.882678898387965, 32.068267200453747 ], [ -116.882678916036014, 32.070071510717106 ], [ -116.883739429737545, 32.070216452832724 ], [ -116.883823359152487, 32.070666575386966 ], [ -116.883113810121216, 32.070891646269168 ], [ -116.874281264642832, 32.069367423358528 ], [ -116.874163788522509, 32.068968139338729 ], [ -116.873947444409637, 32.068463085206787 ], [ -116.873665628719962, 32.068007176634239 ], [ -116.873377786203449, 32.067445724495236 ], [ -116.873098013652992, 32.066427232476563 ], [ -116.872852632054034, 32.065769438196341 ], [ -116.872783542361816, 32.065584227718787 ], [ -116.872217007452363, 32.064427200762395 ], [ -116.871587261170561, 32.063341825340302 ], [ -116.870850749434538, 32.062172981056626 ], [ -116.870264587949208, 32.061242718273618 ], [ -116.86975157848849, 32.060255944008162 ], [ -116.86967703215646, 32.060112552114767 ], [ -116.869530355406965, 32.059682091302804 ], [ -116.869485726701129, 32.059551116001856 ], [ -116.86923700600903, 32.058821169092781 ], [ -116.869091175925305, 32.057799032265507 ], [ -116.869093703471435, 32.056024005645902 ], [ -116.869052912830568, 32.055118519120242 ], [ -116.868928015192381, 32.054177086323925 ], [ -116.868800043501466, 32.053669722090618 ], [ -116.86867050886498, 32.05330462063494 ], [ -116.868502858088533, 32.052916074477935 ], [ -116.868157269291842, 32.05226481373176 ], [ -116.867768419504969, 32.051449319295536 ], [ -116.868167156918062, 32.051415731769495 ], [ -116.868493552444235, 32.051424996326013 ], [ -116.86895292638313, 32.051460777721452 ], [ -116.869439333692029, 32.051490684187037 ], [ -116.869892620437739, 32.051540551029426 ], [ -116.870172295095017, 32.052098533279732 ], [ -116.870180376825843, 32.052111816958536 ], [ -116.870581613921061, 32.052771311866401 ], [ -116.871243112004137, 32.053659500642155 ], [ -116.87193629493315, 32.054467034694241 ], [ -116.873354368661211, 32.056001439694811 ], [ -116.874163481314127, 32.056683569968314 ], [ -116.874849082082449, 32.057031379211224 ], [ -116.875172721517529, 32.057195561165855 ], [ -116.876045668881176, 32.05736674891444 ], [ -116.877655263345986, 32.057368312702401 ], [ -116.878444398822211, 32.057279423964331 ], [ -116.87920220776364, 32.057011204552992 ], [ -116.879676085444785, 32.056653063432407 ], [ -116.880339904716635, 32.055846860112219 ], [ -116.880750663520416, 32.055479690496391 ], [ -116.881319125998445, 32.055184385659274 ], [ -116.881855806121138, 32.055059379812235 ], [ -116.882752147276165, 32.054936890558807 ], [ -116.883475986227552, 32.054859161238525 ], [ -116.884033590992544, 32.054811489014348 ], [ -116.884876087087662, 32.054755828738436 ], [ -116.884486984501734, 32.055465350797427 ], [ -116.884876099143824, 32.055991761727903 ], [ -116.884700626588582, 32.056857680362555 ], [ -116.884097905430181, 32.058490340494778 ], [ -116.883746961957328, 32.060294654273854 ] ] ] ] } },
{ "type": "Feature", "properties": { "VULNERABIL": 4.0, "fid": 3.0, "cat": 4, "CLAVE_ACUI": "0211", "NOM_ACUIF": "ENSENADA" }, "geometry": { "type": "MultiPolygon", "coordinates": [ [ [ [ -116.884463842279857, 32.029449718119267 ], [ -116.884563032776512, 32.030090571509049 ], [ -116.884906365186751, 32.030124899000249 ], [ -116.885135255578135, 32.030395733318684 ], [ -116.885356520612547, 32.031147208234238 ], [ -116.886409416536566, 32.032501381822421 ], [ -116.886844308079688, 32.032951500062893 ], [ -116.887370750142765, 32.03302397093681 ], [ -116.887553868384714, 32.033851738511665 ], [ -116.887691209817106, 32.03475579976174 ], [ -116.887508105524347, 32.035362324896923 ], [ -116.887065594652938, 32.035919263084637 ], [ -116.8866307109692, 32.036182475935171 ], [ -116.886493383045277, 32.036666932970661 ], [ -116.886668872769533, 32.037651099903968 ], [ -116.887195321407674, 32.038402571898793 ], [ -116.887180070908428, 32.039295190535064 ], [ -116.887157185554031, 32.039600358773782 ], [ -116.886928300019662, 32.039825424323233 ], [ -116.886569709702158, 32.039825428781107 ], [ -116.886569714529443, 32.040321327721806 ], [ -116.886890160235964, 32.040618862919857 ], [ -116.887096162001242, 32.04095454609628 ], [ -116.887012237538528, 32.041107131567749 ], [ -116.885867802735788, 32.041404684998412 ], [ -116.885951732361519, 32.041782330190209 ], [ -116.88613484316015, 32.041938727173893 ], [ -116.886302701768031, 32.042720719603572 ], [ -116.885951743695699, 32.042945785785776 ], [ -116.885562640004594, 32.043548498683741 ], [ -116.885562643722508, 32.043929959757556 ], [ -116.885905981909929, 32.044563180403998 ], [ -116.886478207755914, 32.04528413490678 ], [ -116.88647821354931, 32.045879213276493 ], [ -116.886699475263342, 32.04629500330082 ], [ -116.887225920210554, 32.046672642949105 ], [ -116.887409047586331, 32.048442619105096 ], [ -116.887798164022428, 32.049152131359932 ], [ -116.88783631630514, 32.049644215879141 ], [ -116.887576914625058, 32.050094342739918 ], [ -116.887042846230173, 32.05039188862402 ], [ -116.886386704596035, 32.050616958665671 ], [ -116.886249377143031, 32.051147191053367 ], [ -116.885898417426574, 32.051292151118247 ], [ -116.885288050247297, 32.051292158784918 ], [ -116.885066791180805, 32.051147205905593 ], [ -116.88439538683555, 32.051101439008377 ], [ -116.884006280032821, 32.051288360049313 ], [ -116.884799768381271, 32.05241747397158 ], [ -116.884876087087662, 32.054755828738436 ], [ -116.884033590992544, 32.054811489014348 ], [ -116.883475986227552, 32.054859161238525 ], [ -116.882752147276165, 32.054936890558807 ], [ -116.881855806121138, 32.055059379812235 ], [ -116.881319125998445, 32.055184385659274 ], [ -116.880750663520416, 32.055479690496391 ], [ -116.880339904716635, 32.055846860112219 ], [ -116.879676085444785, 32.056653063432407 ], [ -116.87920220776364, 32.057011204552992 ], [ -116.878444398822211, 32.057279423964331 ], [ -116.877655263345986, 32.057368312702401 ], [ -116.876045668881176, 32.05736674891444 ], [ -116.875172721517529, 32.057195561165855 ], [ -116.874849082082449, 32.057031379211224 ], [ -116.874163481314127, 32.056683569968314 ], [ -116.873354368661211, 32.056001439694811 ], [ -116.87193629493315, 32.054467034694241 ], [ -116.871243112004137, 32.053659500642155 ], [ -116.870581613921061, 32.052771311866401 ], [ -116.870180376825843, 32.052111816958536 ], [ -116.870172295095017, 32.052098533279732 ], [ -116.869892620437739, 32.051540551029426 ], [ -116.869739508642823, 32.051211295236492 ], [ -116.86955745116974, 32.050777594377841 ], [ -116.869432690921201, 32.050285647090227 ], [ -116.869390789865292, 32.050015334968776 ], [ -116.86927166074247, 32.049246800370597 ], [ -116.869230475932085, 32.048619221516191 ], [ -116.869294546869313, 32.047946927114403 ], [ -116.869435392491908, 32.047477741397103 ], [ -116.869442514861717, 32.04745401518624 ], [ -116.869822344082806, 32.046647573035486 ], [ -116.869991383029486, 32.046127787563037 ], [ -116.870118673699665, 32.045374873986709 ], [ -116.87016178683804, 32.044639803635611 ], [ -116.87016383688848, 32.043187506085083 ], [ -116.870017792636006, 32.042326734274802 ], [ -116.869577617106799, 32.041196715482421 ], [ -116.868990043739146, 32.040174120578307 ], [ -116.868601820247818, 32.039605297878097 ], [ -116.86766752906351, 32.038236346299485 ], [ -116.866680548770702, 32.037051956026815 ], [ -116.865042123831174, 32.035436554694677 ], [ -116.863298421307036, 32.033928596337034 ], [ -116.86160259096205, 32.032555695569215 ], [ -116.859705851771864, 32.031020068554866 ], [ -116.858140819733094, 32.029700497501828 ], [ -116.857008738888993, 32.028544530629141 ], [ -116.856916259480897, 32.028348180234545 ], [ -116.856893099703839, 32.028180238901186 ], [ -116.857012414818627, 32.028026189579634 ], [ -116.857302291097241, 32.027870731014289 ], [ -116.857609502000145, 32.027818715202343 ], [ -116.857775673758724, 32.027790579280783 ], [ -116.858043873792823, 32.027777432524246 ], [ -116.858312073752558, 32.027764285200256 ], [ -116.859447891665383, 32.027765549090809 ], [ -116.85973180516649, 32.027792757930023 ], [ -116.860015718837886, 32.027819966133997 ], [ -116.860583383733214, 32.027981958461694 ], [ -116.860961665594189, 32.028197529759566 ], [ -116.861357765728698, 32.028536042405605 ], [ -116.861528848926554, 32.02868225131386 ], [ -116.861886101958333, 32.028897796876215 ], [ -116.862390674926374, 32.029059712375847 ], [ -116.862796940645254, 32.029105330524956 ], [ -116.862874375963344, 32.029114025311777 ], [ -116.863820904950217, 32.029115045248012 ], [ -116.864047040079924, 32.029101840626403 ], [ -116.86427317514628, 32.029088635601354 ], [ -116.864683456241892, 32.029008390547958 ], [ -116.864914987643516, 32.028901059389156 ], [ -116.865199300230827, 32.028659311419261 ], [ -116.865304758253643, 32.0284621971322 ], [ -116.86532078944029, 32.028287399897607 ], [ -116.865336820564806, 32.028112602656002 ], [ -116.865319907160952, 32.027987250641175 ], [ -116.865284800433514, 32.027727059523897 ], [ -116.865212867870781, 32.027418470983733 ], [ -116.865096680076562, 32.026920024373922 ], [ -116.864950050816532, 32.02650748585291 ], [ -116.864698282777681, 32.026076905340055 ], [ -116.86443790906911, 32.025785902808479 ], [ -116.864425299039695, 32.025771809349308 ], [ -116.864141707913333, 32.025529455261093 ], [ -116.863858118280319, 32.025287100533568 ], [ -116.863564119921193, 32.024973015261416 ], [ -116.863249303703569, 32.024515469428209 ], [ -116.863018608555791, 32.024066978508799 ], [ -116.862884334256833, 32.02375095469823 ], [ -116.862794753010547, 32.023540117668176 ], [ -116.862649402387817, 32.023275920559108 ], [ -116.862571184139995, 32.023165694523286 ], [ -116.86239597612915, 32.02294710708059 ], [ -116.862264205133897, 32.022821923586108 ], [ -116.862349994382697, 32.022191015152423 ], [ -116.862576135764058, 32.022290739577876 ], [ -116.863005150684245, 32.022438694538387 ], [ -116.863495189247061, 32.022555831046674 ], [ -116.864016550444333, 32.02263983800291 ], [ -116.865250122082969, 32.022679818693923 ], [ -116.868515612149181, 32.023001432924104 ], [ -116.868588156945634, 32.02300899707231 ], [ -116.870139472776856, 32.02318695024848 ], [ -116.871558875063855, 32.023403551834448 ], [ -116.872347351920766, 32.023583644717796 ], [ -116.873183522365679, 32.023869740366997 ], [ -116.873293380163986, 32.023907327661426 ], [ -116.873755929551578, 32.024033296703372 ], [ -116.874197545372084, 32.024087524565019 ], [ -116.874471021167452, 32.02405193616913 ], [ -116.874902028569082, 32.023960145723336 ], [ -116.875265341256963, 32.023953763176117 ], [ -116.875720640092155, 32.024007313871941 ], [ -116.876237682533585, 32.024125391163757 ], [ -116.877373002539201, 32.024467157937586 ], [ -116.878875369426709, 32.024961393140195 ], [ -116.879179621130106, 32.025061480186885 ], [ -116.879432796311789, 32.025144764290701 ], [ -116.87964166428614, 32.025251348809995 ], [ -116.8799062306027, 32.025419855114777 ], [ -116.880197290971438, 32.025567222925794 ], [ -116.880505326146462, 32.025689366203288 ], [ -116.881207940798234, 32.02589564115889 ], [ -116.881798383293685, 32.026034398299579 ], [ -116.882331144481228, 32.026103759521639 ], [ -116.882754782262793, 32.026140298957131 ], [ -116.882754788924785, 32.026821473857652 ], [ -116.883143904639283, 32.02753480108003 ], [ -116.884028952014731, 32.029041560343579 ], [ -116.884463842279857, 32.029449718119267 ] ] ] ] } },
{ "type": "Feature", "properties": { "VULNERABIL": 3.0, "fid": 6.0, "cat": 3, "CLAVE_ACUI": "0211", "NOM_ACUIF": "ENSENADA" }, "geometry": { "type": "MultiPolygon", "coordinates": [ [ [ [ -116.808130845330311, 32.045466548270667 ], [ -116.808625733942804, 32.045225246692837 ], [ -116.809257698679801, 32.044822783078857 ], [ -116.809816082531043, 32.044393311520786 ], [ -116.810859259632565, 32.043507356735546 ], [ -116.811365219083257, 32.04298815198554 ], [ -116.81183992909817, 32.04231649712672 ], [ -116.812012793477436, 32.041952728170514 ], [ -116.81212515458742, 32.041716278208611 ], [ -116.812506119394158, 32.040587276642157 ], [ -116.812654543685923, 32.040013748402451 ], [ -116.812696445185807, 32.039628323585909 ], [ -116.812718857468425, 32.039422166110036 ], [ -116.812677624596986, 32.039009724017411 ], [ -116.812489614509587, 32.038363979869622 ], [ -116.812290595241478, 32.037960268961314 ], [ -116.812088422395604, 32.037680823866367 ], [ -116.811881549124081, 32.037394879706632 ], [ -116.811398827988015, 32.036856273966066 ], [ -116.810979762282457, 32.036432643666089 ], [ -116.810359723159081, 32.035805841167061 ], [ -116.809834837425072, 32.035320955191231 ], [ -116.809299272385388, 32.034916734281815 ], [ -116.808931546505988, 32.03472791963982 ], [ -116.808363932110964, 32.034565696444808 ], [ -116.807796095013472, 32.034511048139386 ], [ -116.806660196838465, 32.034509321326198 ], [ -116.80615045538643, 32.03452923113138 ], [ -116.805250879779905, 32.034489235086191 ], [ -116.802316304160172, 32.034565377489791 ], [ -116.801254164279399, 32.034500963526717 ], [ -116.801002324227255, 32.0342316241859 ], [ -116.801644725171201, 32.033847143721168 ], [ -116.803823739264104, 32.032963016848214 ], [ -116.804813287349234, 32.032534232691482 ], [ -116.805602940731049, 32.032132028936203 ], [ -116.806707101748671, 32.031551585098349 ], [ -116.80804184933973, 32.030985259275269 ], [ -116.809094496574019, 32.030538607336801 ], [ -116.810708535888693, 32.029853723922919 ], [ -116.812364319975401, 32.029200019926421 ], [ -116.81390642232131, 32.028677057789864 ], [ -116.815267207287818, 32.028129114993646 ], [ -116.817149707131605, 32.027478531535941 ], [ -116.819801444905139, 32.026711351973496 ], [ -116.824346812213491, 32.025588160425151 ], [ -116.826472105191755, 32.025089055634858 ], [ -116.828302680447749, 32.024715024148051 ], [ -116.829228362566624, 32.024590766301095 ], [ -116.830174843545549, 32.024592037202105 ], [ -116.830658666483515, 32.024556824802559 ], [ -116.831163653502728, 32.024449920067433 ], [ -116.831521474999775, 32.024306958572922 ], [ -116.832089950600931, 32.02398497845018 ], [ -116.832584514296073, 32.023824265232022 ], [ -116.833499730323709, 32.023664103006084 ], [ -116.834530526177389, 32.023557874021726 ], [ -116.836707694928904, 32.023399328772108 ], [ -116.838518280528291, 32.023187605276334 ], [ -116.838630146259916, 32.023259077455307 ], [ -116.838782920791687, 32.023323593058358 ], [ -116.838699323969223, 32.023913899341068 ], [ -116.838668131226669, 32.024134162161658 ], [ -116.838664049819954, 32.024455732064141 ], [ -116.838693143574929, 32.024621087090374 ], [ -116.838850325514116, 32.024944020940197 ], [ -116.839060232311667, 32.025186337996281 ], [ -116.839284060641049, 32.025377709114316 ], [ -116.839532772798108, 32.025590354271237 ], [ -116.839714176330844, 32.02569700526724 ], [ -116.839868960075265, 32.025788005522216 ], [ -116.840130242243731, 32.025880103032321 ], [ -116.840404980127389, 32.025976942672884 ], [ -116.840946054446547, 32.02609079659431 ], [ -116.840962159590816, 32.026094185430722 ], [ -116.841940736930667, 32.026234472999619 ], [ -116.842097679163231, 32.026256971290813 ], [ -116.842104798209775, 32.026258801524897 ], [ -116.842728402579581, 32.0264191220001 ], [ -116.843485054107092, 32.026742792030817 ], [ -116.844115418922073, 32.027120091368324 ], [ -116.844518961112627, 32.027407591894978 ], [ -116.845249871579668, 32.027928315570705 ], [ -116.845880311808713, 32.028269746860829 ], [ -116.846637168951943, 32.028485820325983 ], [ -116.847268153756019, 32.02850451147372 ], [ -116.84840424603901, 32.028344507664734 ], [ -116.84896171498157, 32.028300348667329 ], [ -116.84949803235213, 32.028327880768444 ], [ -116.849834426642872, 32.028417927849759 ], [ -116.85028977995438, 32.028651551822705 ], [ -116.850389650350905, 32.028704727143861 ], [ -116.850496324549994, 32.028807313815101 ], [ -116.850555374721267, 32.028911325233139 ], [ -116.850614233283295, 32.029006206666217 ], [ -116.850682347910933, 32.029142048424035 ], [ -116.850703692213571, 32.029355944483491 ], [ -116.850674792722344, 32.029593503806176 ], [ -116.850612671155858, 32.029722572348263 ], [ -116.850551554456146, 32.029831389936142 ], [ -116.850458287989056, 32.02991045399591 ], [ -116.850305077167505, 32.030023188860682 ], [ -116.849883867270265, 32.030345424789239 ], [ -116.849053938529991, 32.03090975350198 ], [ -116.848886249176132, 32.031085395776287 ], [ -116.848795790588937, 32.031235097482046 ], [ -116.848763866329406, 32.031381382064922 ], [ -116.848741716810039, 32.031482876453474 ], [ -116.848752569494749, 32.031589591993459 ], [ -116.848785652538083, 32.031685969334447 ], [ -116.848935846067747, 32.031894218919831 ], [ -116.849252779105697, 32.032132620647019 ], [ -116.849491792811719, 32.03229036630411 ], [ -116.849938859548303, 32.032554634042349 ], [ -116.850221258855314, 32.032740674151597 ], [ -116.850530847117597, 32.033474913390542 ], [ -116.850720838997191, 32.033922181693363 ], [ -116.850895245094208, 32.034430128074995 ], [ -116.851041432019812, 32.035011516696976 ], [ -116.851136173703949, 32.035566474378747 ], [ -116.851199674652278, 32.036129287398573 ], [ -116.851239846969776, 32.037303725910057 ], [ -116.851237890052445, 32.038513974041358 ], [ -116.851235933017549, 32.039724221941221 ], [ -116.85114981468486, 32.040943335648322 ], [ -116.850895369346247, 32.042180180840454 ], [ -116.85055740902007, 32.043022475201674 ], [ -116.850177689053581, 32.043667493389194 ], [ -116.849797963747292, 32.044312510357628 ], [ -116.849481140468015, 32.045083108113396 ], [ -116.849374558032778, 32.045653238036465 ], [ -116.849290127282515, 32.046104869165504 ], [ -116.849289363381217, 32.0465710381539 ], [ -116.849288599462241, 32.047037207107962 ], [ -116.849381817224497, 32.047924833494605 ], [ -116.849475036750533, 32.048812459693792 ], [ -116.84947427370642, 32.04927862848681 ], [ -116.849473510644657, 32.049744797245488 ], [ -116.849282487474198, 32.050766557504261 ], [ -116.848965637418317, 32.051537153105585 ], [ -116.848206099036332, 32.052827176708746 ], [ -116.847931400883368, 32.053544031140547 ], [ -116.847866858225046, 32.054404573983184 ], [ -116.848033990792672, 32.055121957939228 ], [ -116.848599942539124, 32.056413565239417 ], [ -116.848851334339543, 32.0570772597775 ], [ -116.849039549331977, 32.05777673768732 ], [ -116.84910184683153, 32.058278840056524 ], [ -116.849100522407113, 32.05908566941774 ], [ -116.848994419989424, 32.059632395079014 ], [ -116.848677433345529, 32.060465742156858 ], [ -116.848255219499677, 32.061307927170226 ], [ -116.847305545063378, 32.063001130628727 ], [ -116.846223774273795, 32.064525572304355 ], [ -116.835276327853592, 32.062636383203937 ], [ -116.806778284585462, 32.04607701857605 ], [ -116.806930645028487, 32.045966754910019 ], [ -116.807278143954974, 32.045787987671943 ], [ -116.808130845330311, 32.045466548270667 ] ] ] ] } },
{ "type": "Feature", "properties": { "VULNERABIL": 2.0, "fid": 7.0, "cat": 8, "CLAVE_ACUI": "0211", "NOM_ACUIF": "ENSENADA" }, "geometry": { "type": "MultiPolygon", "coordinates": [ [ [ [ -116.747070457305711, 31.906932724665747 ], [ -116.747182616065189, 31.907141427065753 ], [ -116.747446655349847, 31.907632741091945 ], [ -116.747510440414658, 31.907840372980946 ], [ -116.747634046936668, 31.908242731769313 ], [ -116.747757456321025, 31.908992548013785 ], [ -116.747820022841879, 31.909372687849718 ], [ -116.747901946925595, 31.910143838160341 ], [ -116.747961741254286, 31.911327333151142 ], [ -116.747966878897628, 31.911675403503793 ], [ -116.747979473608325, 31.912528674421534 ], [ -116.747976174335136, 31.913738938719383 ], [ -116.747972874863635, 31.914949202786104 ], [ -116.747906233087718, 31.916275885505929 ], [ -116.747712902561986, 31.917835405443423 ], [ -116.747457322706794, 31.919107922232719 ], [ -116.747170614508249, 31.920236936948374 ], [ -116.746883899211767, 31.92136595078021 ], [ -116.74678633626084, 31.922468446013017 ], [ -116.747067094029475, 31.923517905013579 ], [ -116.74710750874857, 31.923564116134266 ], [ -116.747632594850813, 31.924164506303924 ], [ -116.748988878948992, 31.925017439751233 ], [ -116.749048353569833, 31.925054841173793 ], [ -116.749719608850498, 31.92545062329193 ], [ -116.750317600323427, 31.925747643412226 ], [ -116.750628551940537, 31.92584249197294 ], [ -116.750642993450356, 31.925846896996504 ], [ -116.751021178795938, 31.9258476387513 ], [ -116.751231426584411, 31.925794260920654 ], [ -116.751483984009781, 31.925633386084005 ], [ -116.751694664671874, 31.925418639177337 ], [ -116.752074147164848, 31.924935272840802 ], [ -116.752295329880823, 31.924720545399943 ], [ -116.752556174199157, 31.924551491521534 ], [ -116.752777687715067, 31.924456238200456 ], [ -116.753014995638921, 31.924392528194407 ], [ -116.753506672273048, 31.924338646197743 ], [ -116.753961831898479, 31.924310049781479 ], [ -116.75432823265858, 31.924295574885384 ], [ -116.754728919884258, 31.924331784931006 ], [ -116.754599231544034, 31.925405603207722 ], [ -116.754530584862493, 31.926757887862514 ], [ -116.754919709245428, 31.927831700279942 ], [ -116.755705581470338, 31.929517755870197 ], [ -116.756430423533516, 31.931671102636457 ], [ -116.756430443559367, 31.933078699138761 ], [ -116.756026090542534, 31.934150613104197 ], [ -116.755568328998507, 31.935159587134368 ], [ -116.75548441991161, 31.936286809216501 ], [ -116.755156365987844, 31.93763909772245 ], [ -116.755553120406731, 31.938714817432292 ], [ -116.755820169630965, 31.939616972771013 ], [ -116.755614188466083, 31.940912040715066 ], [ -116.755347168162984, 31.941978230870927 ], [ -116.755667633727356, 31.943555574711247 ], [ -116.756255158202791, 31.946780833229592 ], [ -116.756857911133196, 31.947847013398533 ], [ -116.757041039215849, 31.949094393926242 ], [ -116.75743780071511, 31.950671735941764 ], [ -116.758162635225972, 31.952304386807132 ], [ -116.758818789370849, 31.952985289716114 ], [ -116.758353392409646, 31.953549859798084 ], [ -116.758551774785019, 31.954453923294665 ], [ -116.758811192254456, 31.955239732888206 ], [ -116.75974201821424, 31.956366944108392 ], [ -116.759734423573349, 31.958796859624755 ], [ -116.76006251420624, 31.960093827885427 ], [ -116.760917044184211, 31.961160005914792 ], [ -116.761374838304874, 31.962514191815316 ], [ -116.762557449439171, 31.964213593505175 ], [ -116.763282280615854, 31.965621181475367 ], [ -116.764213109843624, 31.966923864913252 ], [ -116.765395709612363, 31.967826009413564 ], [ -116.766456235903902, 31.968733877597064 ], [ -116.767570170333585, 31.969742833291257 ], [ -116.768432335096875, 31.97121717494279 ], [ -116.771316351141508, 31.973378125535138 ], [ -116.773719687488324, 31.974438562881421 ], [ -116.776573178747526, 31.976092169084374 ], [ -116.7784042901867, 31.976755891977223 ], [ -116.779861553613955, 31.977608443554651 ], [ -116.781646887626508, 31.978285518017113 ], [ -116.783363551057718, 31.978630721069994 ], [ -116.784355396748097, 31.978569675376185 ], [ -116.786476415724749, 31.978016530376813 ], [ -116.788528770120109, 31.977621692597424 ], [ -116.790245430400006, 31.977741832972036 ], [ -116.791038915412969, 31.978247260688793 ], [ -116.79189344258964, 31.979204721329392 ], [ -116.793480404689362, 31.979713954520552 ], [ -116.795326778549125, 31.980619906545581 ], [ -116.79652463641429, 31.981468645248025 ], [ -116.798500708236688, 31.982038908685333 ], [ -116.801224473308537, 31.982098003079734 ], [ -116.802544389790299, 31.981874832269593 ], [ -116.804131344814039, 31.981878627473908 ], [ -116.805786965011151, 31.981764169624729 ], [ -116.806969544908313, 31.981260625199099 ], [ -116.810021365832583, 31.980137182568633 ], [ -116.812729859291508, 31.979292211860351 ], [ -116.814911921150554, 31.979240689270512 ], [ -116.818551239381605, 31.979418026062131 ], [ -116.820939291514364, 31.978691312340029 ], [ -116.822663574571052, 31.978349883727429 ], [ -116.823586751367259, 31.978069497645826 ], [ -116.824311567109476, 31.978405176026715 ], [ -116.826493635337229, 31.978752280879299 ], [ -116.829141106852873, 31.978983034541002 ], [ -116.830598357570352, 31.978864764252997 ], [ -116.831391836263009, 31.978984915439785 ], [ -116.832978798205644, 31.979494148444552 ], [ -116.834565770126218, 31.98073769660607 ], [ -116.836076448315993, 31.982147181647196 ], [ -116.836946235213517, 31.9831046407702 ], [ -116.837999130788774, 31.984010600854685 ], [ -116.839059660120896, 31.985191213724583 ], [ -116.840112553510608, 31.985872111209432 ], [ -116.840768707838237, 31.98661213993606 ], [ -116.841432482148861, 31.986610224641389 ], [ -116.842233584575354, 31.986268806909404 ], [ -116.843683215419119, 31.986840982779608 ], [ -116.845064180710352, 31.987573374077503 ], [ -116.846857138942127, 31.987855634472172 ], [ -116.848581426524902, 31.987853706582676 ], [ -116.850168382243226, 31.987914721717186 ], [ -116.851412021016642, 31.989043835387669 ], [ -116.85187744030442, 31.99011573826483 ], [ -116.853075300726545, 31.99118953984021 ], [ -116.854852995055694, 31.99119333353277 ], [ -116.855112407335241, 31.991643455503816 ], [ -116.854921680783661, 31.992600927011765 ], [ -116.856111905807523, 31.993279916159675 ], [ -116.857630218257654, 31.995032716252307 ], [ -116.858751780334714, 31.995934860373918 ], [ -116.859209574682197, 31.997393947789305 ], [ -116.859865734952336, 31.998523067384905 ], [ -116.861200929408071, 31.99970749142328 ], [ -116.865320912681341, 32.000081274604362 ], [ -116.865542176588306, 32.000603873067199 ], [ -116.865275144412863, 32.001012039486419 ], [ -116.864916563726155, 32.001992399200006 ], [ -116.864741094794908, 32.003121525450645 ], [ -116.864825031547824, 32.004288795150806 ], [ -116.865175998437977, 32.004845723774118 ], [ -116.865702443020538, 32.00515088636422 ], [ -116.866061037179946, 32.00552089869467 ], [ -116.866190745256105, 32.005974835684384 ], [ -116.867075784434263, 32.006695786823663 ], [ -116.867815859106059, 32.007149716443081 ], [ -116.869097632302342, 32.007294655765357 ], [ -116.870074220958344, 32.007451043274763 ], [ -116.870333630403195, 32.007779096274554 ], [ -116.870554893131796, 32.00827880747012 ], [ -116.870867709533911, 32.008542012101678 ], [ -116.871523855125815, 32.008686958957156 ], [ -116.872141858941461, 32.009411727191228 ], [ -116.872492828329968, 32.010228049316773 ], [ -116.873240535588309, 32.010945187189066 ], [ -116.873202392417909, 32.011475418392472 ], [ -116.873324470742602, 32.01196368625633 ], [ -116.87412557830983, 32.012036154836352 ], [ -116.874789356586277, 32.01245193873865 ], [ -116.877070624892966, 32.01451942895082 ], [ -116.877474998810598, 32.015122133040258 ], [ -116.877337672106989, 32.01572865764804 ], [ -116.877597079695406, 32.015873609264943 ], [ -116.877963299445497, 32.015801127425583 ], [ -116.879145897975079, 32.017120968005067 ], [ -116.879672341755594, 32.017265916363122 ], [ -116.880244569638947, 32.018169971519427 ], [ -116.881091459557013, 32.0187383384512 ], [ -116.88152635542005, 32.019711057806411 ], [ -116.881831548313244, 32.020649447912923 ], [ -116.882090960396425, 32.021255967650383 ], [ -116.881923112685456, 32.021595470296361 ], [ -116.881740008667208, 32.022228697495336 ], [ -116.881961277450856, 32.023357818713549 ], [ -116.882144394274349, 32.024033002822627 ], [ -116.883059957164534, 32.025242222567222 ], [ -116.883281218950302, 32.025658011759653 ], [ -116.883105740572006, 32.025841115233654 ], [ -116.882754780082948, 32.025917411758613 ], [ -116.882754782262793, 32.026140298957131 ], [ -116.882331144481228, 32.026103759521639 ], [ -116.881798383293685, 32.026034398299579 ], [ -116.881207940798234, 32.02589564115889 ], [ -116.880505326146462, 32.025689366203288 ], [ -116.880197290971438, 32.025567222925794 ], [ -116.8799062306027, 32.025419855114777 ], [ -116.87964166428614, 32.025251348809995 ], [ -116.879432796311789, 32.025144764290701 ], [ -116.879179621130106, 32.025061480186885 ], [ -116.878875369426709, 32.024961393140195 ], [ -116.877373002539201, 32.024467157937586 ], [ -116.876237682533585, 32.024125391163757 ], [ -116.875720640092155, 32.024007313871941 ], [ -116.875265341256963, 32.023953763176117 ], [ -116.874902028569082, 32.023960145723336 ], [ -116.874471021167452, 32.02405193616913 ], [ -116.874197545372084, 32.024087524565019 ], [ -116.873755929551578, 32.024033296703372 ], [ -116.873293380163986, 32.023907327661412 ], [ -116.873183522365679, 32.023869740366997 ], [ -116.872347351920766, 32.023583644717796 ], [ -116.871558875063855, 32.023403551834448 ], [ -116.870139472776856, 32.02318695024848 ], [ -116.868588156945634, 32.02300899707231 ], [ -116.868515612149181, 32.023001432924104 ], [ -116.865250122082969, 32.022679818693923 ], [ -116.864016550444333, 32.02263983800291 ], [ -116.863495189247061, 32.022555831046674 ], [ -116.863005150684245, 32.022438694538387 ], [ -116.862576135764058, 32.022290739577876 ], [ -116.862349994382697, 32.022191015152423 ], [ -116.862175587537905, 32.022098209211585 ], [ -116.861949983208859, 32.021961798207109 ], [ -116.86180598022851, 32.021855267879829 ], [ -116.861610856537453, 32.021676815666289 ], [ -116.861463617793262, 32.021525800741273 ], [ -116.861301971160302, 32.021392690712901 ], [ -116.861170515876481, 32.02129638622155 ], [ -116.861000762394738, 32.021212092361381 ], [ -116.860809887656799, 32.021136737480916 ], [ -116.860635832685986, 32.021089725307291 ], [ -116.860368135766322, 32.021052416299618 ], [ -116.860076596807062, 32.021042614856015 ], [ -116.859563318393995, 32.021042048063542 ], [ -116.859079744093236, 32.020933933587479 ], [ -116.858386181105118, 32.020610426739779 ], [ -116.857713821220315, 32.020179361749783 ], [ -116.857236878532277, 32.019829918302754 ], [ -116.856390319893734, 32.01920966690529 ], [ -116.855974533445178, 32.019009091415562 ], [ -116.855570702085103, 32.018814283063584 ], [ -116.854435334974781, 32.018597828864799 ], [ -116.853362668006881, 32.018632452689616 ], [ -116.851280021057974, 32.018952762295569 ], [ -116.850165314754719, 32.018969380081103 ], [ -116.848903857336367, 32.018698938312731 ], [ -116.847916142938061, 32.018231585928568 ], [ -116.846214480099363, 32.017099963632575 ], [ -116.845310920994706, 32.016632692903798 ], [ -116.844301882577284, 32.016362512934059 ], [ -116.843523703422633, 32.016379485046912 ], [ -116.84219819428138, 32.016700577436985 ], [ -116.841524982404977, 32.016825245976229 ], [ -116.840830861521965, 32.016878165934479 ], [ -116.840347207019363, 32.016841698716185 ], [ -116.839590366706858, 32.016679376629781 ], [ -116.839117558253889, 32.016454656675862 ], [ -116.838455976321143, 32.015942819596042 ], [ -116.837826153241323, 32.015314476631396 ], [ -116.836598285418006, 32.013941279087263 ], [ -116.835989934148458, 32.013079868415495 ], [ -116.835392734206877, 32.011868839991656 ], [ -116.835005750883951, 32.010711871266992 ], [ -116.834442008707128, 32.008451993364844 ], [ -116.833949906674292, 32.007294883625619 ], [ -116.833037340447163, 32.006083429978744 ], [ -116.832008504329067, 32.005221445252843 ], [ -116.829834589531089, 32.003846924313365 ], [ -116.828721496475367, 32.003092378062568 ], [ -116.827556103807652, 32.002203277964895 ], [ -116.826726871622625, 32.00147599418721 ], [ -116.825404577457107, 32.000183240842929 ], [ -116.824648787831862, 31.999554657905801 ], [ -116.823703696518749, 31.998961667012718 ], [ -116.822884330838491, 31.998601931185792 ], [ -116.821371327686677, 31.998115707284743 ], [ -116.820646407225823, 31.997854703475294 ], [ -116.819984641148579, 31.997557925662207 ], [ -116.81960661638395, 31.997324302190886 ], [ -116.819134308078674, 31.996920210710694 ], [ -116.818840640938973, 31.996561196982096 ], [ -116.818431949030895, 31.995888247545007 ], [ -116.818238206720352, 31.995506961154994 ], [ -116.818044466272411, 31.995125678430618 ], [ -116.817290723466741, 31.993510918241078 ], [ -116.816871810692177, 31.992703475670712 ], [ -116.816368803505611, 31.9918959099669 ], [ -116.815949369034129, 31.991357409733276 ], [ -116.815194075766016, 31.990549473079504 ], [ -116.814827234772054, 31.990002080755037 ], [ -116.814482000382881, 31.989167842784255 ], [ -116.814273450272765, 31.988324839011455 ], [ -116.813993036956717, 31.986630065658325 ], [ -116.813679050630469, 31.985948273928976 ], [ -116.813017501561731, 31.985597670483898 ], [ -116.812228901095324, 31.985695119877715 ], [ -116.810524629619138, 31.986338058441731 ], [ -116.809598937236871, 31.986641478995526 ], [ -116.808526143230921, 31.986908811385891 ], [ -116.807663848350629, 31.987050945550241 ], [ -116.806149758414534, 31.987210009663293 ], [ -116.805413641270704, 31.987334391430032 ], [ -116.8047193810566, 31.987548482131068 ], [ -116.804298397720032, 31.987780920492721 ], [ -116.803729706087466, 31.988264145682699 ], [ -116.803245643077133, 31.988496482936785 ], [ -116.80236214694223, 31.988710267132085 ], [ -116.801373716247397, 31.988834232192453 ], [ -116.799291918373726, 31.988992324505219 ], [ -116.798292987887592, 31.989107284064048 ], [ -116.797377996487825, 31.989294088805298 ], [ -116.796851941480881, 31.989490475025551 ], [ -116.796188766455458, 31.989892831013655 ], [ -116.796061942361519, 31.990197432975759 ], [ -116.796138869584084, 31.990336603599562 ], [ -116.796344651041792, 31.990708884778712 ], [ -116.796942662629064, 31.991256700335214 ], [ -116.798454011392451, 31.992388683607608 ], [ -116.799156979284604, 31.9930263040062 ], [ -116.799754516168377, 31.993807192050909 ], [ -116.800047438660826, 31.994471054278904 ], [ -116.800328667387433, 31.99568175428163 ], [ -116.80055879226569, 31.996220008196662 ], [ -116.800967935694757, 31.996624069601864 ], [ -116.801419715459772, 31.996759250439023 ], [ -116.802365908981642, 31.996760727728557 ], [ -116.802849442309665, 31.996797339407902 ], [ -116.803353849523518, 31.996905700525371 ], [ -116.803710995466162, 31.997049691378294 ], [ -116.804278027942701, 31.997373302464606 ], [ -116.804645519446851, 31.997597990430513 ], [ -116.805180961541055, 31.997948443423205 ], [ -116.805705875370421, 31.99830784289006 ], [ -116.806121598124378, 31.998598939172737 ], [ -116.806745183000373, 31.999035584118467 ], [ -116.807322470746328, 31.999493670123069 ], [ -116.808015021876031, 32.000140190057948 ], [ -116.808591987619138, 32.000759637264764 ], [ -116.809630345425361, 32.001971455740197 ], [ -116.810280986378686, 32.002564111087203 ], [ -116.811194540744651, 32.003130260011943 ], [ -116.812066489040291, 32.0034811841048 ], [ -116.813768784124846, 32.003967796642847 ], [ -116.814651354547934, 32.004273894266227 ], [ -116.815596764597529, 32.004705585110941 ], [ -116.816289877861706, 32.00511897410238 ], [ -116.817423814959966, 32.005927448150189 ], [ -116.818137974369279, 32.006340857291043 ], [ -116.819146508542218, 32.006772612100846 ], [ -116.820113239451132, 32.007078791642186 ], [ -116.82200490509662, 32.007565562017128 ], [ -116.823023796010276, 32.008095913922084 ], [ -116.824188808306886, 32.009200210849372 ], [ -116.825111616103044, 32.010510354859733 ], [ -116.8267150739686, 32.013336483038536 ], [ -116.827543237144383, 32.014691303575582 ], [ -116.828424219172518, 32.015929646944571 ], [ -116.829064347816043, 32.016638733891291 ], [ -116.830103749334043, 32.017527649832978 ], [ -116.830796859578385, 32.018030607496577 ], [ -116.831836784764022, 32.018650564568503 ], [ -116.832356837597814, 32.0189157156872 ], [ -116.832876886706316, 32.019180864906545 ], [ -116.834716179999134, 32.02003926654988 ], [ -116.834957287324514, 32.020151791792671 ], [ -116.835955376205106, 32.02067304731677 ], [ -116.836869220756768, 32.021265905352706 ], [ -116.83723702347659, 32.02159297866109 ], [ -116.837578968476024, 32.021958486425405 ], [ -116.837886022750979, 32.022333623457016 ], [ -116.838072313873127, 32.022547855752265 ], [ -116.838224073432499, 32.022738458350958 ], [ -116.838336935263357, 32.022921427298009 ], [ -116.838432494728778, 32.023098203323642 ], [ -116.838518280528291, 32.023187605276334 ], [ -116.836707694928904, 32.023399328772108 ], [ -116.834530526177389, 32.023557874021726 ], [ -116.833499730323709, 32.023664103006084 ], [ -116.832584514296073, 32.023824265232022 ], [ -116.832089950600931, 32.02398497845018 ], [ -116.831521474999775, 32.024306958572922 ], [ -116.831163653502728, 32.024449920067433 ], [ -116.830658666483515, 32.024556824802559 ], [ -116.830174843545549, 32.024592037202105 ], [ -116.829228362566624, 32.024590766301095 ], [ -116.828302680447749, 32.024715024148044 ], [ -116.826472105191755, 32.025089055634858 ], [ -116.824346812213491, 32.025588160425151 ], [ -116.819801444905139, 32.026711351973496 ], [ -116.817149707131605, 32.027478531535941 ], [ -116.815267207287818, 32.028129114993646 ], [ -116.81390642232131, 32.028677057789864 ], [ -116.812364319975401, 32.029200019926421 ], [ -116.810708535888693, 32.029853723922919 ], [ -116.809094496574019, 32.030538607336801 ], [ -116.80804184933973, 32.030985259275269 ], [ -116.806707101748671, 32.031551585098349 ], [ -116.805602940731049, 32.032132028936203 ], [ -116.804813287349234, 32.032534232691482 ], [ -116.803823739264104, 32.032963016848214 ], [ -116.801644725171201, 32.033847143721168 ], [ -116.801002324227255, 32.0342316241859 ], [ -116.801254164279399, 32.034500963526717 ], [ -116.802316304160172, 32.034565377489791 ], [ -116.805250879779905, 32.034489235086191 ], [ -116.80615045538643, 32.03452923113138 ], [ -116.806660196838465, 32.034509321326198 ], [ -116.807796095013472, 32.034511048139386 ], [ -116.808363932110964, 32.034565696444808 ], [ -116.808931546505988, 32.03472791963982 ], [ -116.809299272385388, 32.034916734281815 ], [ -116.809834837425072, 32.035320955191231 ], [ -116.810359723159081, 32.035805841167061 ], [ -116.810979762282457, 32.036432643666089 ], [ -116.811398827988015, 32.036856273966066 ], [ -116.811881549124081, 32.037394879706632 ], [ -116.812088422395604, 32.037680823866367 ], [ -116.812290595241478, 32.037960268961314 ], [ -116.812489614509587, 32.038363979869622 ], [ -116.812677624596986, 32.039009724017411 ], [ -116.812718857468425, 32.039422166110036 ], [ -116.812696445185807, 32.039628323585909 ], [ -116.812654543685923, 32.040013748402451 ], [ -116.812506119394158, 32.040587276642157 ], [ -116.81212515458742, 32.041716278208611 ], [ -116.812012793477436, 32.041952728170514 ], [ -116.81183992909817, 32.04231649712672 ], [ -116.811365219083257, 32.04298815198554 ], [ -116.810859259632565, 32.043507356735546 ], [ -116.809816082531043, 32.044393311520786 ], [ -116.809257698679801, 32.044822783078857 ], [ -116.808625733942804, 32.045225246692837 ], [ -116.808130845330311, 32.045466548270667 ], [ -116.807278143954974, 32.045787987671943 ], [ -116.806930645028487, 32.045966754910019 ], [ -116.806778284585462, 32.04607701857605 ], [ -116.793093674380842, 32.03812529894266 ], [ -116.793693668629928, 32.037982524909538 ], [ -116.795195965320147, 32.037394497348934 ], [ -116.795979275449668, 32.037056790604559 ], [ -116.79682691668927, 32.036631706069436 ], [ -116.797456342492112, 32.036260939959561 ], [ -116.798496973517956, 32.035573724197413 ], [ -116.798921057301527, 32.035235427760888 ], [ -116.799152686874407, 32.034907759701007 ], [ -116.799114655008367, 32.034699943849603 ], [ -116.798768932421737, 32.034404164021595 ], [ -116.798435681135842, 32.034272420664003 ], [ -116.797781649337708, 32.034172968804668 ], [ -116.79702484732816, 32.034138956151381 ], [ -116.795408472281423, 32.034136358561341 ], [ -116.794536045312896, 32.034178685990454 ], [ -116.793535137464744, 32.034308274326868 ], [ -116.792739382919649, 32.034481928254401 ], [ -116.791353021172029, 32.034873296823307 ], [ -116.790672564898614, 32.035112734419904 ], [ -116.790017562541578, 32.035439686514906 ], [ -116.789606348855912, 32.035745170929211 ], [ -116.789385235101918, 32.035970435268588 ], [ -116.787864872875673, 32.035086998036284 ], [ -116.787605409455026, 32.034041524538658 ], [ -116.786456682287806, 32.031183704406459 ], [ -116.785882103433309, 32.029858739757138 ], [ -116.785307056045355, 32.028741671702925 ], [ -116.784923213002301, 32.028204857558499 ], [ -116.784346726118855, 32.02771148325391 ], [ -116.784000503122684, 32.027557704381799 ], [ -116.783538316689473, 32.027589742700755 ], [ -116.783114226511913, 32.027796918379551 ], [ -116.782809436364516, 32.028055410745928 ], [ -116.782478266580085, 32.028370892946604 ], [ -116.782226371303295, 32.028766734857186 ], [ -116.782057560979467, 32.029128027005363 ], [ -116.781962019313369, 32.029406014151988 ], [ -116.78176939075459, 32.02916712644717 ], [ -116.781614687063438, 32.029008406790055 ], [ -116.781362481070019, 32.028806411470917 ], [ -116.780868545531334, 32.028488087301575 ], [ -116.780638713717551, 32.02836009620156 ], [ -116.780395742366707, 32.028164702074399 ], [ -116.780230005112259, 32.028001316178525 ], [ -116.780069835510687, 32.027761261936256 ], [ -116.779979296156839, 32.027575536535565 ], [ -116.779826401246552, 32.027132352339763 ], [ -116.779744262667521, 32.026298481645405 ], [ -116.779748510100148, 32.024523454707158 ], [ -116.779687600155199, 32.023608937105273 ], [ -116.779500625719621, 32.022640411299129 ], [ -116.779249913706863, 32.021940718904091 ], [ -116.778684758729355, 32.020810166023914 ], [ -116.778255179375435, 32.020154983395074 ], [ -116.777531595820179, 32.019319987374502 ], [ -116.776755207637791, 32.018583507339621 ], [ -116.776608291862445, 32.018457741072595 ], [ -116.775149649867188, 32.017209052438268 ], [ -116.774246804895228, 32.01659784031083 ], [ -116.773143803158888, 32.016138666048839 ], [ -116.772208304840859, 32.015984587372834 ], [ -116.771356554603486, 32.015983054915097 ], [ -116.770504804431027, 32.01598151673803 ], [ -116.769452991745808, 32.016087187338151 ], [ -116.76800104726324, 32.016407273902622 ], [ -116.76663294426038, 32.016835076022112 ], [ -116.763980549595018, 32.017798369689793 ], [ -116.762770050354618, 32.018262282402269 ], [ -116.761790978049163, 32.018690759036254 ], [ -116.761369697995761, 32.018940982227072 ], [ -116.76104821530059, 32.019115542027237 ], [ -116.760657350624541, 32.0192775167558 ], [ -116.742688762966864, 32.008836505347688 ], [ -116.731685771424424, 32.002728877338988 ], [ -116.731604889971834, 32.001712923523385 ], [ -116.73161102853912, 32.00053050164167 ], [ -116.73174592125801, 31.998867395528233 ], [ -116.731807528332965, 31.998038690920733 ], [ -116.731768971814901, 31.996837320167305 ], [ -116.731457258966998, 31.995572617438309 ], [ -116.7309763008885, 31.994666148976286 ], [ -116.729845157622705, 31.993211440152006 ], [ -116.72936372742079, 31.992475296508303 ], [ -116.729050559726787, 31.99172158065932 ], [ -116.729010037992026, 31.991201532674729 ], [ -116.729201634824904, 31.990395104852595 ], [ -116.729192360297532, 31.989973736896694 ], [ -116.729057090869958, 31.989691582222104 ], [ -116.728972943594954, 31.98951606085765 ], [ -116.728616525672606, 31.989174634633745 ], [ -116.727766694141593, 31.988608028478616 ], [ -116.727073786471905, 31.988301735045429 ], [ -116.72584489433315, 31.987949456778512 ], [ -116.724489651427348, 31.987668611233296 ], [ -116.7216528289633, 31.987178318587226 ], [ -116.720339876366438, 31.986825802672307 ], [ -116.719237829679798, 31.986258583398683 ], [ -116.718714035068231, 31.985665742951433 ], [ -116.718244696995271, 31.984454445981243 ], [ -116.717941747475933, 31.983835197753947 ], [ -116.717669642494471, 31.983434981114943 ], [ -116.717502232936383, 31.983188750271374 ], [ -116.717400286590333, 31.983080019445495 ], [ -116.717072658399388, 31.98273058546587 ], [ -116.716789587116423, 31.982487901394382 ], [ -116.716223454175648, 31.982002535774587 ], [ -116.715709191718844, 31.981741403894553 ], [ -116.715015600206598, 31.981686059213903 ], [ -116.714694736051982, 31.981770504690669 ], [ -116.714373872608647, 31.981854949011371 ], [ -116.713758073566424, 31.982135954791577 ], [ -116.713142270787586, 31.982416957549631 ], [ -116.712857900374942, 31.982595611692517 ], [ -116.712573528862563, 31.982774265186777 ], [ -116.712396640403, 31.982964312103693 ], [ -116.712098911367221, 31.983284186388168 ], [ -116.711906183943199, 31.983711251442866 ], [ -116.711876625737958, 31.983776749142482 ], [ -116.711828521217441, 31.984018918974392 ], [ -116.711684387107539, 31.984744517126838 ], [ -116.711525166943872, 31.985237222388516 ], [ -116.711239745708582, 31.985747570029783 ], [ -116.710923263220977, 31.986105443709555 ], [ -116.710259233702317, 31.986668715193858 ], [ -116.709901260163093, 31.986847194460751 ], [ -116.709491374645864, 31.986819362276922 ], [ -116.709166208032016, 31.986594496189934 ], [ -116.70860059881575, 31.985947729301174 ], [ -116.708432917908823, 31.985785976808348 ], [ -116.708265237589828, 31.985624224093346 ], [ -116.707824759912896, 31.985300476033803 ], [ -116.707425991296233, 31.985084400853999 ], [ -116.707350371642704, 31.985051937335697 ], [ -116.706670164623887, 31.98475992140116 ], [ -116.706348688132067, 31.984663725456372 ], [ -116.706187078166181, 31.984615366254648 ], [ -116.705493643015032, 31.984506180738119 ], [ -116.704821003458477, 31.98446875864067 ], [ -116.703496518960065, 31.984465671170629 ], [ -116.702876410585091, 31.984437326341077 ], [ -116.702608490567755, 31.984396356993543 ], [ -116.702340570470227, 31.984355387032185 ], [ -116.702067612177672, 31.984247168301081 ], [ -116.701784577761217, 31.984004452500848 ], [ -116.70172205848003, 31.983833973354848 ], [ -116.701659539427666, 31.983663494174873 ], [ -116.701567458852494, 31.982883335316036 ], [ -116.701539029235221, 31.981924028867741 ], [ -116.701545819484622, 31.979826268020197 ], [ -116.701486350709445, 31.978714485473773 ], [ -116.701301157829093, 31.977476898824825 ], [ -116.701051974794538, 31.976526036647087 ], [ -116.700489628335362, 31.974911035228594 ], [ -116.700257578187092, 31.973991670337369 ], [ -116.700240576940374, 31.973924311971651 ], [ -116.700210102701675, 31.973702512058679 ], [ -116.700055759714402, 31.972579145126797 ], [ -116.699996779373535, 31.971323923917293 ], [ -116.700004651460475, 31.968903426863932 ], [ -116.699987305027022, 31.967773811581829 ], [ -116.699927395052072, 31.966805463293934 ], [ -116.699844891956516, 31.96632116485527 ], [ -116.699657293164123, 31.965836617737935 ], [ -116.699437671037529, 31.965504397448932 ], [ -116.69896640563087, 31.964992282728211 ], [ -116.698400589265589, 31.964470976772425 ], [ -116.697174420731855, 31.963419166901176 ], [ -116.696535029431715, 31.962906641943079 ], [ -116.695843010292961, 31.96242088232712 ], [ -116.695329033332001, 31.962123808840023 ], [ -116.694479121725266, 31.961718346724634 ], [ -116.694059586792022, 31.961466319741792 ], [ -116.693650890667627, 31.961115703810897 ], [ -116.693389265058499, 31.960783371578803 ], [ -116.693013085778972, 31.960136990925456 ], [ -116.692867451670651, 31.959688394484989 ], [ -116.692806725714888, 31.958988986515013 ], [ -116.692851148187529, 31.958271903076803 ], [ -116.693045136779446, 31.956820060354687 ], [ -116.693099975319825, 31.956129896423995 ], [ -116.693070506786682, 31.955511247755187 ], [ -116.692966555322172, 31.95517033057536 ], [ -116.692684170863998, 31.954766227322263 ], [ -116.692506095754595, 31.954595463263423 ], [ -116.692254253638396, 31.954487274433745 ], [ -116.692251681202976, 31.954487172769973 ], [ -116.692012591403952, 31.954477723608889 ], [ -116.691776018745642, 31.954517491583772 ], [ -116.691539445887145, 31.954557259116363 ], [ -116.691400850524019, 31.954509572950855 ], [ -116.691329518499529, 31.954485029838629 ], [ -116.691294302103714, 31.954418430270518 ], [ -116.691172883053298, 31.954188807543577 ], [ -116.691129796580555, 31.953833648881119 ], [ -116.691121751459377, 31.953767333236389 ], [ -116.691124991354172, 31.952799132644952 ], [ -116.691084698825748, 31.952279070759023 ], [ -116.690960582489609, 31.95168708568043 ], [ -116.69079401544704, 31.951220505616956 ], [ -116.690561490966857, 31.950720421538275 ], [ -116.690418433963018, 31.95041274983463 ], [ -116.69013619544765, 31.949972781477292 ], [ -116.689665060516816, 31.949460631798161 ], [ -116.689210976698774, 31.949087228963329 ], [ -116.68916207561216, 31.949047016276985 ], [ -116.689070011118559, 31.948982373873509 ], [ -116.688124263288515, 31.948318314922414 ], [ -116.687536866622779, 31.948012064399109 ], [ -116.686812480021104, 31.947822017078732 ], [ -116.686192562688461, 31.947811521813392 ], [ -116.68505719274016, 31.947970079297065 ], [ -116.684510429658658, 31.948076300898549 ], [ -116.684005511746975, 31.948236413657362 ], [ -116.683710745148673, 31.948397047989214 ], [ -116.683331362659757, 31.948718838796694 ], [ -116.683047193395765, 31.948852603301983 ], [ -116.682804561971935, 31.948893374574265 ], [ -116.682574069322627, 31.948932105608861 ], [ -116.682321884230134, 31.948931474985361 ], [ -116.682069699145572, 31.948930843861049 ], [ -116.681555552879743, 31.948889667130885 ], [ -116.681029714522012, 31.948847551819398 ], [ -116.680567934022832, 31.948685022957257 ], [ -116.680222577859141, 31.948280733453043 ], [ -116.6801087644304, 31.94776944770506 ], [ -116.680112678150039, 31.946639880461198 ], [ -116.680156695521788, 31.946066237803461 ], [ -116.680284832947649, 31.945474877078482 ], [ -116.680454377193442, 31.945062918374099 ], [ -116.680834870059698, 31.944418402289298 ], [ -116.681004224051833, 31.944060231701489 ], [ -116.681131795919981, 31.943630236739487 ], [ -116.681175062488933, 31.943271749231204 ], [ -116.681177291083188, 31.94262628173448 ], [ -116.681164184394859, 31.942528751506472 ], [ -116.681136315615632, 31.942321372104246 ], [ -116.681011161149002, 31.942052110667479 ], [ -116.680843546047242, 31.941908251080438 ], [ -116.680465855616077, 31.941745933096936 ], [ -116.680340269425386, 31.94160217857932 ], [ -116.68034120038601, 31.941333233748132 ], [ -116.680468337188628, 31.941028746862525 ], [ -116.680848813083571, 31.940384230217933 ], [ -116.680997641552295, 31.939882569271742 ], [ -116.681063653756453, 31.939022103798298 ], [ -116.681024847499472, 31.938089655686809 ], [ -116.680878892771275, 31.936540004231162 ], [ -116.680842422252624, 31.936152776396437 ], [ -116.680656719034658, 31.935166169084837 ], [ -116.68028203523906, 31.934143226164906 ], [ -116.679843267794084, 31.933424927687156 ], [ -116.678901659126709, 31.932292971296864 ], [ -116.678483610580244, 31.931664369553278 ], [ -116.678171061633748, 31.930910524849978 ], [ -116.678068191827279, 31.930282719766428 ], [ -116.678072127838917, 31.929153149634718 ], [ -116.677948187285082, 31.928543220737822 ], [ -116.677572433530855, 31.927843003545675 ], [ -116.677070121382798, 31.927285902327753 ], [ -116.675938950771908, 31.926314809923941 ], [ -116.675478677031009, 31.925757809581121 ], [ -116.675229013061269, 31.925057907303803 ], [ -116.675273175263683, 31.924448405132782 ], [ -116.675655317048822, 31.923319800317728 ], [ -116.675435755454487, 31.9230233969046 ], [ -116.674394931638574, 31.923262786706793 ], [ -116.672879767601941, 31.923958158792455 ], [ -116.669375009834468, 31.925804825522437 ], [ -116.667670222696216, 31.926625150121048 ], [ -116.66606069790241, 31.927239508902659 ], [ -116.665082964423249, 31.927443128109029 ], [ -116.663759303100321, 31.927439631483903 ], [ -116.66313959156443, 31.927411094938098 ], [ -116.662604118774595, 31.927328989619117 ], [ -116.662331375846676, 31.92722068591673 ], [ -116.662048620195321, 31.926977881210686 ], [ -116.661944224249993, 31.926798305064366 ], [ -116.661924296782516, 31.926604535594752 ], [ -116.661913791198799, 31.92650238173724 ], [ -116.661967464770072, 31.926188752376273 ], [ -116.662158799081112, 31.92554418329625 ], [ -116.662158916602678, 31.925543787385383 ], [ -116.662218585391159, 31.925444747548848 ], [ -116.662423147164318, 31.925105208643956 ], [ -116.663024382992944, 31.924434435674605 ], [ -116.663762205479259, 31.923755056398996 ], [ -116.664683552909395, 31.922973631855442 ], [ -116.664913192072945, 31.922778864327238 ], [ -116.664926032246299, 31.922767973949249 ], [ -116.665374411135232, 31.922387679471861 ], [ -116.665739772106818, 31.922119593910267 ], [ -116.665741676878568, 31.922118196266929 ], [ -116.666311819736862, 31.921699845628094 ], [ -116.66695914343704, 31.921324349327502 ], [ -116.667511859676551, 31.921003727386758 ], [ -116.668574520148738, 31.920531362632737 ], [ -116.670562453119942, 31.919810373370186 ], [ -116.671425948273736, 31.919211958908416 ], [ -116.672028511887376, 31.918137723626977 ], [ -116.672169295336744, 31.916945750429861 ], [ -116.671989097557358, 31.914444067425311 ], [ -116.67200335462455, 31.913386241150093 ], [ -116.672226315328913, 31.91271444578971 ], [ -116.672583659410336, 31.912652612467802 ], [ -116.673432739112087, 31.913138904417533 ], [ -116.674020120676872, 31.913373501188655 ], [ -116.674933182596462, 31.913590998959947 ], [ -116.675867570614344, 31.9137188951523 ], [ -116.677757674546086, 31.913885071601232 ], [ -116.678639924907287, 31.913905235865833 ], [ -116.679396566234757, 31.913799567915337 ], [ -116.679775383118923, 31.913603294381833 ], [ -116.680155190915869, 31.913120143945704 ], [ -116.680629124375685, 31.912753773236588 ], [ -116.681671110382894, 31.912137806547424 ], [ -116.682933808898852, 31.911477557371711 ], [ -116.685679873851583, 31.910112742221997 ], [ -116.686995487668469, 31.909318108824454 ], [ -116.68819630033903, 31.908299056099647 ], [ -116.688882048255962, 31.907395276249297 ], [ -116.689738475936522, 31.905702992928209 ], [ -116.690244952797428, 31.90500496152924 ], [ -116.690907972911717, 31.904603152586578 ], [ -116.691505286415222, 31.904631442694132 ], [ -116.691506536027021, 31.904631501875599 ], [ -116.692071476786438, 31.904874328349948 ], [ -116.692639217083922, 31.905118354327382 ], [ -116.693352630607606, 31.905353166777335 ], [ -116.694360185331433, 31.905570753070087 ], [ -116.695326028944251, 31.905698581772945 ], [ -116.697216006534077, 31.905864468185932 ], [ -116.698129255320097, 31.906019045168136 ], [ -116.698979023086508, 31.906316904640569 ], [ -116.699482054406403, 31.906658763761378 ], [ -116.700141383828878, 31.907386483132775 ], [ -116.700360872101399, 31.907718704416418 ], [ -116.700360000583103, 31.907987651182118 ], [ -116.700139058081845, 31.908103674505757 ], [ -116.699477101367904, 31.908182795414454 ], [ -116.699035387764567, 31.90836104923341 ], [ -116.698372200054237, 31.908816689729797 ], [ -116.697708595486787, 31.909397835122899 ], [ -116.696380949167036, 31.91068562358836 ], [ -116.695675127835472, 31.911320446938493 ], [ -116.694885327820103, 31.911937134741439 ], [ -116.694274819406402, 31.912330125239691 ], [ -116.69323309278208, 31.912892406508401 ], [ -116.6927699799473, 31.913178166025229 ], [ -116.69242237500697, 31.913473168434287 ], [ -116.692306148142706, 31.913679080881185 ], [ -116.692305073957741, 31.914001816454252 ], [ -116.692209794008278, 31.914225709412744 ], [ -116.69192502691925, 31.914574652278848 ], [ -116.691545693076009, 31.914932329892835 ], [ -116.69069245116161, 31.915656416385055 ], [ -116.690102848249438, 31.916067367224905 ], [ -116.689989839266786, 31.916130165282436 ], [ -116.689187283641573, 31.916576132715353 ], [ -116.68825094267936, 31.917013121007002 ], [ -116.686357469311247, 31.917815305840843 ], [ -116.685463119453331, 31.918252377051132 ], [ -116.684673559248253, 31.91876142153232 ], [ -116.684251979162852, 31.919172761734828 ], [ -116.683776799904535, 31.919897739924792 ], [ -116.683617975515091, 31.920264906946045 ], [ -116.683616686581956, 31.920641431076856 ], [ -116.683678949954341, 31.920744902894427 ], [ -116.683683947716901, 31.920753208369231 ], [ -116.683695025416398, 31.920771617711917 ], [ -116.683773364470355, 31.920901804297415 ], [ -116.68424468983585, 31.921306398678055 ], [ -116.68462230376862, 31.921468705451762 ], [ -116.685178705088347, 31.921537949277084 ], [ -116.685260994542887, 31.921548189937059 ], [ -116.685283818255897, 31.921551030265466 ], [ -116.686008727115706, 31.921525929097889 ], [ -116.686765331716131, 31.921447112323079 ], [ -116.68752193506495, 31.921368291033236 ], [ -116.68840425957012, 31.921388387944464 ], [ -116.68953803209493, 31.921606322055258 ], [ -116.690545334145327, 31.921949447196099 ], [ -116.6924334863768, 31.922760876597863 ], [ -116.693503781170136, 31.923122060668526 ], [ -116.694826496360989, 31.923394192960931 ], [ -116.695393608897902, 31.923440378648802 ], [ -116.695960722023088, 31.923486561808271 ], [ -116.698040678893221, 31.923491522513061 ], [ -116.699049026232274, 31.923529774921725 ], [ -116.699994112574629, 31.923639589465125 ], [ -116.700560909854076, 31.923784365677282 ], [ -116.700938562945041, 31.92394662413119 ], [ -116.701316217369268, 31.924108881466374 ], [ -116.701924981504362, 31.924271680136552 ], [ -116.702995965420158, 31.924435557334689 ], [ -116.704172175063022, 31.924545880954764 ], [ -116.706629823680359, 31.924712948959961 ], [ -116.707816461421956, 31.924850157761679 ], [ -116.708918723784819, 31.925094741466488 ], [ -116.709569190153402, 31.925365178370033 ], [ -116.710418329913608, 31.925931907958539 ], [ -116.710868675687891, 31.926372215709797 ], [ -116.711370571734207, 31.927126411802238 ], [ -116.711756721362036, 31.927943097828837 ], [ -116.712011780387286, 31.928601906672078 ], [ -116.712036659493762, 31.928666168035171 ], [ -116.712413284678163, 31.929638958695964 ], [ -116.712789031841524, 31.930428722981851 ], [ -116.713259698653133, 31.931102156258959 ], [ -116.713668393427866, 31.931434780653788 ], [ -116.714423809937941, 31.931759218759257 ], [ -116.714948656833513, 31.931903836535877 ], [ -116.715767778775884, 31.932013251230487 ], [ -116.716608134375164, 31.932050988563468 ], [ -116.717459106209304, 31.932052884222657 ], [ -116.718310078123409, 31.932054774181122 ], [ -116.719160804835468, 31.932137342294869 ], [ -116.720011044030414, 31.93238127243723 ], [ -116.720410712798369, 31.932609910193719 ], [ -116.720420821312061, 31.932615692921043 ], [ -116.720449226991363, 31.93263194280906 ], [ -116.720577384577979, 31.932705257097588 ], [ -116.721426172924652, 31.933433280933546 ], [ -116.721802660511969, 31.934007861686819 ], [ -116.722083329989786, 31.935003583402246 ], [ -116.722174622770581, 31.936088539563393 ], [ -116.722171225053302, 31.937218113026852 ], [ -116.722167827145441, 31.938347686288843 ], [ -116.722248482441927, 31.93947744319037 ], [ -116.722497248454445, 31.940607567270789 ], [ -116.72283120601449, 31.941361349946678 ], [ -116.723584320944298, 31.942492571287719 ], [ -116.723855519565234, 31.943156565300736 ], [ -116.723915988955866, 31.944017328948451 ], [ -116.723905501549467, 31.944064751253432 ], [ -116.723915345644642, 31.94423248557694 ], [ -116.723744279782366, 31.945218254436874 ], [ -116.72317107821776, 31.947153427820918 ], [ -116.722999998763314, 31.948139195149604 ], [ -116.723059979007076, 31.949161325836307 ], [ -116.723331031861946, 31.949879109466654 ], [ -116.724084221613197, 31.951010326751184 ], [ -116.72460777565847, 31.951630041911439 ], [ -116.725425244377732, 31.952357969635361 ], [ -116.726264141227119, 31.952951464662199 ], [ -116.727963380353273, 31.95400401040277 ], [ -116.728229723489363, 31.954223242656187 ], [ -116.728782002983465, 31.954355392880274 ], [ -116.729066913235727, 31.953952580376761 ], [ -116.728974707374761, 31.953145542047643 ], [ -116.728413197362912, 31.951127238023325 ], [ -116.72822706204893, 31.950104840042787 ], [ -116.728230149853147, 31.949055952002343 ], [ -116.728421425837524, 31.948330203270373 ], [ -116.728992156736027, 31.947201843335613 ], [ -116.729246125884274, 31.946592770799484 ], [ -116.729437309832846, 31.945893914767048 ], [ -116.729469646345862, 31.945616071218392 ], [ -116.729501982658022, 31.945338227648264 ], [ -116.729504819048699, 31.944370022479422 ], [ -116.729401480630571, 31.94377811763739 ], [ -116.729245055983526, 31.943374362832429 ], [ -116.729088632692481, 31.942970607816676 ], [ -116.728879596635224, 31.942593635047146 ], [ -116.728670562275653, 31.94221666192059 ], [ -116.728199884963587, 31.941489496778974 ], [ -116.72772921503379, 31.940762329850781 ], [ -116.727311059726659, 31.940044238805907 ], [ -116.726997924503081, 31.939344301956492 ], [ -116.726894183387472, 31.938895832634508 ], [ -116.726896092082228, 31.938250362022654 ], [ -116.72704424341687, 31.937892083400087 ], [ -116.727486786021373, 31.937462717125531 ], [ -116.72807620298083, 31.937105383225504 ], [ -116.729401901748872, 31.936462739526434 ], [ -116.729991357368959, 31.936087466856041 ], [ -116.730434034619933, 31.935604300809604 ], [ -116.730582377126694, 31.935174298795236 ], [ -116.730584730425619, 31.934367459800026 ], [ -116.730565777222949, 31.934218528183042 ], [ -116.730523106087418, 31.933883222637164 ], [ -116.730429493500878, 31.933560286356531 ], [ -116.730335881560876, 31.933237349994116 ], [ -116.730233822324621, 31.932995986033006 ], [ -116.730221455837551, 31.932966739943179 ], [ -116.730212240852097, 31.932944946975663 ], [ -116.730085467068449, 31.932645132377477 ], [ -116.72992328514087, 31.932319978346808 ], [ -116.72989746113096, 31.93226820427838 ], [ -116.7295214555418, 31.931514350635663 ], [ -116.72927173391723, 31.930689044365991 ], [ -116.729086574919364, 31.92934390870186 ], [ -116.729027695999321, 31.927927322390172 ], [ -116.729036213921205, 31.925022698581373 ], [ -116.729166320688435, 31.923642374113022 ], [ -116.7295481169987, 31.922406024441699 ], [ -116.730054334668907, 31.921725764783471 ], [ -116.731191185079325, 31.920921329520574 ], [ -116.731696809937873, 31.920438290822307 ], [ -116.732076843729686, 31.919793616091692 ], [ -116.732204611425388, 31.919202198413917 ], [ -116.732207884149489, 31.918072620797687 ], [ -116.732314744030873, 31.917445298937508 ], [ -116.732632047602849, 31.916692910500903 ], [ -116.73305402359918, 31.916066250565684 ], [ -116.734002636024513, 31.914938654864159 ], [ -116.734424543157729, 31.914329919929074 ], [ -116.734741664375946, 31.913631315167709 ], [ -116.734794980362409, 31.913353512556643 ], [ -116.734848296022392, 31.913075709909325 ], [ -116.734851072872019, 31.912107499393056 ], [ -116.734936592206068, 31.911587709733059 ], [ -116.735190371267805, 31.910996550981732 ], [ -116.735527815096162, 31.910531075381531 ], [ -116.736066807421949, 31.909958884054518 ], [ -116.73628636087804, 31.909725804584223 ], [ -116.736432210936712, 31.909514048734476 ], [ -116.73668714592705, 31.909143912587115 ], [ -116.737010008622946, 31.9084597938451 ], [ -116.737130958055189, 31.908203509368757 ], [ -116.737469858100766, 31.907218062867802 ], [ -116.738042735311652, 31.905202125504431 ], [ -116.738315312697551, 31.903993331006383 ], [ -116.738459986899301, 31.903220397726898 ], [ -116.738531042366219, 31.902590483573167 ], [ -116.739522885927457, 31.90264769398825 ], [ -116.740438436254749, 31.90292996784455 ], [ -116.741033543601475, 31.903048216694508 ], [ -116.742963811083584, 31.902376825291132 ], [ -116.745077199439748, 31.902434025795579 ], [ -116.745061958984309, 31.902807133317236 ], [ -116.745032473640407, 31.903054501386574 ], [ -116.744944403452052, 31.903427391155954 ], [ -116.744873516549447, 31.903814610014503 ], [ -116.744857607651596, 31.904080939192994 ], [ -116.744886086833645, 31.90428056421008 ], [ -116.744955627049777, 31.904472093700356 ], [ -116.745188944911845, 31.904812487860621 ], [ -116.745269449131811, 31.904929937108637 ], [ -116.745688253198125, 31.905405919805307 ], [ -116.746630854419735, 31.906376020323442 ], [ -116.746949215971455, 31.906779187875753 ], [ -116.747070457305711, 31.906932724665747 ] ], [ [ -116.729921513395226, 31.956374925098665 ], [ -116.730014517324008, 31.956913017018458 ], [ -116.730076022353231, 31.957442076968178 ], [ -116.730167534131866, 31.95849116481746 ], [ -116.730188918659351, 31.958628744939777 ], [ -116.73021910868647, 31.958822975690079 ], [ -116.73028231919524, 31.958769320589035 ], [ -116.730336094794723, 31.958348084534308 ], [ -116.730434209338739, 31.957138031278951 ], [ -116.730435911338262, 31.956555316262229 ], [ -116.730342905295018, 31.956017224609262 ], [ -116.730247955946425, 31.955826912880102 ], [ -116.730186194110871, 31.955703120084795 ], [ -116.729997630689667, 31.955501008925584 ], [ -116.729809068093104, 31.95529889748444 ], [ -116.729662290705093, 31.955182041318977 ], [ -116.729599082310884, 31.955235696153185 ], [ -116.729640512223185, 31.955441977162778 ], [ -116.729828011918173, 31.956007165169197 ], [ -116.729921513395226, 31.956374925098665 ] ], [ [ -116.767080369755021, 32.002079773656888 ], [ -116.766924022881099, 32.00154159555828 ], [ -116.766367315283958, 32.001334380092864 ], [ -116.764853540068614, 32.001250899915561 ], [ -116.763938752152654, 32.001285060593133 ], [ -116.762708158451403, 32.001471026859242 ], [ -116.761571951981026, 32.001746807061977 ], [ -116.759393909461608, 32.002388164312997 ], [ -116.758288894361272, 32.002789482001539 ], [ -116.75715190242137, 32.003352096013458 ], [ -116.756361931265033, 32.003888472094751 ], [ -116.755129000289088, 32.004934985003352 ], [ -116.754433249419677, 32.005614968139348 ], [ -116.75357893415503, 32.006608408834289 ], [ -116.752850822099532, 32.007584159816766 ], [ -116.751520776150244, 32.009517966193641 ], [ -116.751003157371414, 32.010404469786181 ], [ -116.750780381976824, 32.011130183736192 ], [ -116.750926717254785, 32.011453205078652 ], [ -116.751588503193204, 32.011696553187889 ], [ -116.752009003840826, 32.011733235260934 ], [ -116.752608716355539, 32.011599933769105 ], [ -116.753187733696791, 32.011341081521174 ], [ -116.754325063785302, 32.010697821272501 ], [ -116.754956716169204, 32.010412168303198 ], [ -116.755714351472506, 32.010198473505064 ], [ -116.756345426960252, 32.010127968503468 ], [ -116.757481020527564, 32.010130144552946 ], [ -116.758133312091488, 32.009987952524732 ], [ -116.75895458805158, 32.00955920357859 ], [ -116.759671084226895, 32.008986813409976 ], [ -116.760335184380679, 32.008342596027923 ], [ -116.760999277083911, 32.007698385873354 ], [ -116.761694810018312, 32.007090085168919 ], [ -116.762453234871714, 32.006553617075888 ], [ -116.763021747896488, 32.006267805362711 ], [ -116.763968863626658, 32.005946836651773 ], [ -116.764505894238326, 32.005634065129343 ], [ -116.7651698687813, 32.005016721633631 ], [ -116.765739458218405, 32.004300587030521 ], [ -116.766784234696743, 32.00276952300959 ], [ -116.767080369755021, 32.002079773656888 ] ], [ [ -116.731153765567569, 31.962450706025166 ], [ -116.730734089314808, 31.962410027590519 ], [ -116.730397634804291, 31.962463102930837 ], [ -116.730239287680604, 31.962704818711238 ], [ -116.730311831055019, 31.963054603674131 ], [ -116.730687813215383, 31.963862242136486 ], [ -116.730769781890515, 31.964136001840025 ], [ -116.73085434316458, 31.964418418580777 ], [ -116.730895527649125, 31.964705264910538 ], [ -116.730977947991661, 31.965279310088437 ], [ -116.731017425051505, 31.966157952924707 ], [ -116.731012249601818, 31.967932989743694 ], [ -116.731037204307484, 31.968385766589893 ], [ -116.731062159548159, 31.968838548965881 ], [ -116.73113961298867, 31.969309369490706 ], [ -116.731217067202138, 31.969780189937655 ], [ -116.731425338319951, 31.970444032134029 ], [ -116.731895249038473, 31.971493916722487 ], [ -116.732167580449428, 31.971817227349767 ], [ -116.732514656486416, 31.971737275244248 ], [ -116.732820781179512, 31.971280710949994 ], [ -116.733392068890808, 31.969990968861648 ], [ -116.733772090492963, 31.969418013781997 ], [ -116.734340874790192, 31.968988890840418 ], [ -116.734908829420306, 31.968846639946406 ], [ -116.736043912627494, 31.968849005177262 ], [ -116.736054471300122, 31.968850269808605 ], [ -116.736653289664474, 31.968921989876495 ], [ -116.737283295791755, 31.96911888061781 ], [ -116.737346339665251, 31.96913858299364 ], [ -116.737892047909156, 31.969426587287099 ], [ -116.738836129301092, 31.970074004888335 ], [ -116.739308301653452, 31.970352886888961 ], [ -116.739651507780081, 31.970490358703913 ], [ -116.739860623934263, 31.97055137167461 ], [ -116.740095935528132, 31.970578624091193 ], [ -116.740345171691828, 31.970561972873679 ], [ -116.740544155088315, 31.970518482490629 ], [ -116.740693094756338, 31.970448778725984 ], [ -116.740800703142483, 31.970373869063195 ], [ -116.740929015190474, 31.970228348017326 ], [ -116.741032379853607, 31.970051445393874 ], [ -116.741091077008406, 31.969894844714286 ], [ -116.74115990902115, 31.969711204027053 ], [ -116.741255632438708, 31.969307976475239 ], [ -116.741351353699827, 31.968904754328413 ], [ -116.741373730999712, 31.968420695923012 ], [ -116.741249421623792, 31.967774970559109 ], [ -116.741019864571271, 31.967182819694461 ], [ -116.740455510818748, 31.966052090824938 ], [ -116.740236346521868, 31.965504784124573 ], [ -116.740143198891019, 31.964993594581838 ], [ -116.7402071147295, 31.964688919001183 ], [ -116.740349561445271, 31.964487500294997 ], [ -116.7404920075371, 31.964286081419321 ], [ -116.740597304520364, 31.964214577315119 ], [ -116.740702600936103, 31.96414307339662 ], [ -116.741049489862789, 31.964116886729695 ], [ -116.741417045835306, 31.964216249743114 ], [ -116.741794937796271, 31.964378387531642 ], [ -116.742172828510832, 31.964540523090967 ], [ -116.742383299802725, 31.964609407546355 ], [ -116.742613829249066, 31.964684856250809 ], [ -116.743181046133074, 31.964793583688447 ], [ -116.74368540609089, 31.964830462545571 ], [ -116.744158337152882, 31.964831416487403 ], [ -116.744631268237256, 31.964832368667501 ], [ -116.745209567476678, 31.964734916746874 ], [ -116.745998599652538, 31.964440656265243 ], [ -116.746735349996229, 31.964047672697646 ], [ -116.74815655405321, 31.963162974990006 ], [ -116.748789702877417, 31.962213952922134 ], [ -116.749267957485912, 31.960251580943204 ], [ -116.749387883541104, 31.958553301169211 ], [ -116.749431897861683, 31.957929995236718 ], [ -116.749438688399437, 31.95542879924405 ], [ -116.749445478093961, 31.952927602263543 ], [ -116.749395517148514, 31.951404528442637 ], [ -116.749367838305218, 31.950560711440069 ], [ -116.749121348204426, 31.948462433833718 ], [ -116.748788174767185, 31.947332195214088 ], [ -116.74803515129868, 31.946039754624341 ], [ -116.747564105621748, 31.945384379784151 ], [ -116.746903984483708, 31.944710696631276 ], [ -116.746274828031062, 31.944243265146216 ], [ -116.745047486338436, 31.943514648249415 ], [ -116.744439212788578, 31.943101039113717 ], [ -116.743841725308585, 31.942588834621137 ], [ -116.743454184976088, 31.94214877097707 ], [ -116.742889053611037, 31.941340784705258 ], [ -116.742438506915036, 31.940891625412984 ], [ -116.741651997755625, 31.940352132272924 ], [ -116.740791699078116, 31.939902132965294 ], [ -116.738997327156255, 31.939091614569026 ], [ -116.738219911689029, 31.939063119831182 ], [ -116.737682010476064, 31.939788169267967 ], [ -116.737562920861308, 31.941025083242934 ], [ -116.737743566193359, 31.944010776269344 ], [ -116.73777412761379, 31.945133913576594 ], [ -116.737781623434671, 31.945409382604538 ], [ -116.737748382584925, 31.946014446069785 ], [ -116.737715141270428, 31.946619509466331 ], [ -116.737566278005801, 31.947237781288482 ], [ -116.737186168059935, 31.94788246925528 ], [ -116.737016666785422, 31.948366223838722 ], [ -116.736888274933818, 31.949172800280429 ], [ -116.736843790512978, 31.950033339875269 ], [ -116.736838730334441, 31.951808382049229 ], [ -116.736878309507375, 31.952669095483348 ], [ -116.737002108911241, 31.95347619380226 ], [ -116.737051470077745, 31.953619597402067 ], [ -116.737168862921465, 31.953960644135819 ], [ -116.737419787408101, 31.954391390719284 ], [ -116.737545327636752, 31.954606896189528 ], [ -116.737615173286969, 31.954779554691758 ], [ -116.737712290310341, 31.955019626915561 ], [ -116.737757045291659, 31.955232552700842 ], [ -116.737836711164022, 31.955611567696725 ], [ -116.737877115775873, 31.956185405080426 ], [ -116.737873907591862, 31.957314976428393 ], [ -116.737798589133135, 31.957933399240048 ], [ -116.737575839699502, 31.958659096133061 ], [ -116.737279906882875, 31.959250167619338 ], [ -116.736836536772344, 31.959948512614005 ], [ -116.736614850121313, 31.96029768302202 ], [ -116.73639342101292, 31.960557201140343 ], [ -116.736171983152317, 31.960816727650155 ], [ -116.735508444231314, 31.961326346258126 ], [ -116.734845413208447, 31.961656664463565 ], [ -116.733519854780269, 31.962137993536771 ], [ -116.732836155658546, 31.962342749252027 ], [ -116.73211062451071, 31.962475693851928 ], [ -116.731585107320612, 31.962492513692702 ], [ -116.731153765567569, 31.962450706025166 ] ] ] ] } },
{ "type": "Feature", "properties": { "VULNERABIL": 1.0, "fid": 8.0, "cat": 9, "CLAVE_ACUI": "0211", "NOM_ACUIF": "ENSENADA" }, "geometry": { "type": "MultiPolygon", "coordinates": [ [ [ [ -116.789606348855912, 32.035745170929211 ], [ -116.790017562541578, 32.035439686514906 ], [ -116.790672564898614, 32.035112734419904 ], [ -116.791353021172029, 32.034873296823307 ], [ -116.792739382919649, 32.034481928254401 ], [ -116.793535137464744, 32.034308274326868 ], [ -116.794536045312896, 32.034178685990454 ], [ -116.795408472281423, 32.034136358561341 ], [ -116.79702484732816, 32.034138956151381 ], [ -116.797781649337708, 32.034172968804668 ], [ -116.798435681135842, 32.034272420664003 ], [ -116.798768932421737, 32.034404164021595 ], [ -116.799114655008367, 32.034699943849603 ], [ -116.799152686874407, 32.034907759701007 ], [ -116.798921057301527, 32.035235427760888 ], [ -116.798496973517956, 32.035573724197413 ], [ -116.797456342492112, 32.036260939959561 ], [ -116.79682691668927, 32.036631706069436 ], [ -116.795979275449668, 32.037056790604559 ], [ -116.795195965320147, 32.037394497348934 ], [ -116.793693668629928, 32.037982524909538 ], [ -116.793093674380842, 32.03812529894266 ], [ -116.789385235101918, 32.035970435268588 ], [ -116.789606348855912, 32.035745170929211 ] ] ] ] } },
{ "type": "Feature", "properties": { "VULNERABIL": 1.0, "fid": 9.0, "cat": 10, "CLAVE_ACUI": "0211", "NOM_ACUIF": "ENSENADA" }, "geometry": { "type": "MultiPolygon", "coordinates": [ [ [ [ -116.7823856644264, 32.03012089174284 ], [ -116.782238759871404, 32.029844785925505 ], [ -116.781962019313369, 32.029406014151988 ], [ -116.782057560979467, 32.029128027005363 ], [ -116.782226371303295, 32.028766734857186 ], [ -116.782478266580085, 32.028370892946604 ], [ -116.782809436364516, 32.028055410745928 ], [ -116.783114226511913, 32.027796918379551 ], [ -116.783538316689473, 32.027589742700755 ], [ -116.784000503122684, 32.027557704381799 ], [ -116.784346726118855, 32.02771148325391 ], [ -116.784923213002301, 32.028204857558499 ], [ -116.785307056045355, 32.028741671702925 ], [ -116.785882103433309, 32.029858739757138 ], [ -116.786456682287806, 32.031183704406459 ], [ -116.787605409455026, 32.034041524538658 ], [ -116.787864872875673, 32.035086998036284 ], [ -116.784371160046774, 32.033056905510477 ], [ -116.782897418585392, 32.032200558216843 ], [ -116.782893194138239, 32.031731609624927 ], [ -116.782849060359709, 32.031407570720269 ], [ -116.782760568094872, 32.031079066654328 ], [ -116.782603768204822, 32.030611987515655 ], [ -116.7823856644264, 32.03012089174284 ] ] ] ] } },
{ "type": "Feature", "properties": { "VULNERABIL": 3.0, "fid": 10.0, "cat": 11, "CLAVE_ACUI": "0211", "NOM_ACUIF": "ENSENADA" }, "geometry": { "type": "MultiPolygon", "coordinates": [ [ [ [ -116.771107142071472, 32.024439680396441 ], [ -116.77074750754899, 32.022785241872931 ], [ -116.770385508243507, 32.022084023523533 ], [ -116.769659141088326, 32.021634805153965 ], [ -116.768810524808075, 32.021587322549486 ], [ -116.767577374326635, 32.021795224349738 ], [ -116.766990083421632, 32.021949300518138 ], [ -116.766689878950984, 32.022076832195644 ], [ -116.766336687776473, 32.022274993619135 ], [ -116.766081674139258, 32.022429429681715 ], [ -116.760657350624541, 32.0192775167558 ], [ -116.76104821530059, 32.019115542027237 ], [ -116.761369697995761, 32.018940982227072 ], [ -116.761790978049163, 32.018690759036254 ], [ -116.762770050354618, 32.018262282402269 ], [ -116.763980549595018, 32.017798369689793 ], [ -116.76663294426038, 32.016835076022112 ], [ -116.76800104726324, 32.016407273902622 ], [ -116.769452991745808, 32.016087187338151 ], [ -116.770504804431027, 32.01598151673803 ], [ -116.771356554603486, 32.015983054915097 ], [ -116.772208304840859, 32.015984587372841 ], [ -116.773143803158888, 32.016138666048839 ], [ -116.774246804895228, 32.01659784031083 ], [ -116.775149649867188, 32.017209052438268 ], [ -116.776608291862445, 32.018457741072595 ], [ -116.776755207637791, 32.018583507339621 ], [ -116.777531595820179, 32.019319987374502 ], [ -116.778255179375435, 32.020154983395074 ], [ -116.778684758729355, 32.020810166023914 ], [ -116.779249913706863, 32.021940718904091 ], [ -116.779500625719621, 32.022640411299129 ], [ -116.779687600155199, 32.023608937105273 ], [ -116.779748510100148, 32.024523454707158 ], [ -116.779744262667521, 32.026298481645405 ], [ -116.779826401246552, 32.027132352339763 ], [ -116.779979296156839, 32.027575536535565 ], [ -116.780069835510687, 32.027761261936256 ], [ -116.780230005112259, 32.028001316178525 ], [ -116.780395742366707, 32.028164702074399 ], [ -116.780638713717551, 32.02836009620156 ], [ -116.780868545531334, 32.028488087301575 ], [ -116.781362481070019, 32.028806411470917 ], [ -116.781614687063438, 32.029008406790055 ], [ -116.78176939075459, 32.02916712644717 ], [ -116.781962019313369, 32.029406014151988 ], [ -116.782238759871404, 32.029844785925505 ], [ -116.7823856644264, 32.03012089174284 ], [ -116.782603768204822, 32.030611987515655 ], [ -116.782760568094872, 32.031079066654328 ], [ -116.782849060359709, 32.031407570720269 ], [ -116.782893194138239, 32.031731609624927 ], [ -116.782897418585392, 32.032200558216843 ], [ -116.782639938710815, 32.032050944326265 ], [ -116.780094385310235, 32.030571799019917 ], [ -116.771167507334624, 32.025384655959044 ], [ -116.771145845885556, 32.025128828855017 ], [ -116.771107142071472, 32.024439680396441 ] ] ] ] } },
{ "type": "Feature", "properties": { "VULNERABIL": 1.0, "fid": 12.0, "cat": 13, "CLAVE_ACUI": "0211", "NOM_ACUIF": "ENSENADA" }, "geometry": { "type": "MultiPolygon", "coordinates": [ [ [ [ -116.768324540147347, 32.023732692354507 ], [ -116.766935540323772, 32.022925585904083 ], [ -116.766081674139258, 32.022429429681715 ], [ -116.766336687776473, 32.022274993619135 ], [ -116.766689878950984, 32.022076832195644 ], [ -116.766990083421632, 32.021949300518138 ], [ -116.767577374326635, 32.021795224349738 ], [ -116.768810524808075, 32.021587322549486 ], [ -116.769659141088326, 32.021634805153965 ], [ -116.770385508243507, 32.022084023523533 ], [ -116.77074750754899, 32.022785241872931 ], [ -116.771107142071472, 32.024439680396441 ], [ -116.771145845885556, 32.025128828855017 ], [ -116.771167507334624, 32.025384655959044 ], [ -116.768324540147347, 32.023732692354507 ] ] ] ] } },
{ "type": "Feature", "properties": { "VULNERABIL": 1.0, "fid": 18.0, "cat": 6, "CLAVE_ACUI": "0211", "NOM_ACUIF": "ENSENADA" }, "geometry": { "type": "MultiPolygon", "coordinates": [ [ [ [ -116.58915538973234, 31.824589425748211 ], [ -116.587844714221518, 31.825401213628037 ], [ -116.58669308240097, 31.826114472174233 ], [ -116.585598297177953, 31.826881903897547 ], [ -116.58477629344749, 31.827659181424263 ], [ -116.58454451470655, 31.827944481904236 ], [ -116.584501084387554, 31.828187219445169 ], [ -116.584497470035373, 31.828994059594006 ], [ -116.584736463622022, 31.82952377598501 ], [ -116.584909247100214, 31.829711355961823 ], [ -116.585457066915382, 31.830306082362103 ], [ -116.586419089512987, 31.831080204523847 ], [ -116.588584593961414, 31.832620242936073 ], [ -116.589530903578009, 31.833222167181557 ], [ -116.590643952191215, 31.833819526417344 ], [ -116.591316956800114, 31.834144136464229 ], [ -116.592605623915432, 31.834641345088126 ], [ -116.593891841876328, 31.835041539791447 ], [ -116.594779750485316, 31.835256163262997 ], [ -116.595476892120601, 31.835506261725101 ], [ -116.59583928826666, 31.835750555335228 ], [ -116.596220816095695, 31.836054992222529 ], [ -116.596724636567373, 31.836520702965608 ], [ -116.59702878939828, 31.837012853819484 ], [ -116.597148551135163, 31.837291932612718 ], [ -116.597243081075945, 31.837652974917368 ], [ -116.597312522366934, 31.838269230836858 ], [ -116.597403474383867, 31.839076369932506 ], [ -116.597528826603437, 31.839520717855493 ], [ -116.597651545205167, 31.839955725954823 ], [ -116.597932700732642, 31.840467620490418 ], [ -116.59802642106402, 31.84063825393228 ], [ -116.598213859340078, 31.840979514389119 ], [ -116.598558420564615, 31.841392992604845 ], [ -116.598902984852458, 31.841806469885785 ], [ -116.599655521791632, 31.84253500606485 ], [ -116.600408070544887, 31.8432635378059 ], [ -116.600711952574926, 31.84361981742331 ], [ -116.600936464680842, 31.843909370720517 ], [ -116.601103774716563, 31.844167937674293 ], [ -116.601246488612944, 31.844475961009643 ], [ -116.601324561454902, 31.844729553430874 ], [ -116.601323190810504, 31.844824900790716 ], [ -116.60129911703595, 31.844925611670806 ], [ -116.60126400950125, 31.845004925388583 ], [ -116.601188215935807, 31.845110377484087 ], [ -116.601089180942822, 31.845208334122272 ], [ -116.600958129225759, 31.845337958866452 ], [ -116.600786007837598, 31.845478377613318 ], [ -116.600532075849557, 31.845661576185439 ], [ -116.600275629954311, 31.845817383174843 ], [ -116.599912348735813, 31.846022284173756 ], [ -116.59935976317729, 31.846313803317987 ], [ -116.598966585209325, 31.846489683682051 ], [ -116.59847116539855, 31.8466735049508 ], [ -116.597211497640444, 31.847027724144851 ], [ -116.596161033941442, 31.847221623696246 ], [ -116.594712106705344, 31.847324595648253 ], [ -116.593347695776714, 31.847302311286931 ], [ -116.590703399126411, 31.847132460677614 ], [ -116.589433337743358, 31.847137332879619 ], [ -116.588267440349156, 31.847321829535812 ], [ -116.587594335905663, 31.847624459015755 ], [ -116.586740914103387, 31.848347854006153 ], [ -116.586319066175236, 31.848794732558094 ], [ -116.58590694939285, 31.84941197620952 ], [ -116.585641936587564, 31.849993837741678 ], [ -116.585259012321245, 31.851122178693274 ], [ -116.585015144146595, 31.851668247700832 ], [ -116.584666467630981, 31.852178114040271 ], [ -116.58432920883503, 31.852481821954136 ], [ -116.583666107720106, 31.852883077688418 ], [ -116.583287501229179, 31.853043207644141 ], [ -116.582814786161364, 31.85312234295467 ], [ -116.582405535456601, 31.853094105045056 ], [ -116.58165050074814, 31.852930254206584 ], [ -116.581126800803801, 31.85267751106073 ], [ -116.580679717035068, 31.852351878185999 ], [ -116.580310740856817, 31.85208313196955 ], [ -116.579940066693197, 31.851756113534211 ], [ -116.57947434924283, 31.851345240633474 ], [ -116.578865870690038, 31.850763285625661 ], [ -116.57778126675862, 31.849725934224942 ], [ -116.576923596661473, 31.84905967534667 ], [ -116.576043634294862, 31.848680216046041 ], [ -116.575434690244904, 31.848714045017879 ], [ -116.574487809106273, 31.849194990485518 ], [ -116.573983164477497, 31.849372601131456 ], [ -116.573416117841887, 31.849424490692705 ], [ -116.572975686982829, 31.849333363052988 ], [ -116.572221445000906, 31.849008089300032 ], [ -116.571844491671001, 31.848809591368173 ], [ -116.571467871573716, 31.848539373548974 ], [ -116.571217124531472, 31.848287508942335 ], [ -116.570841504646665, 31.847802132938707 ], [ -116.570632579443512, 31.847586268209415 ], [ -116.570381421695274, 31.847424050438015 ], [ -116.570171750074678, 31.847369552213387 ], [ -116.569793892389242, 31.847368274890872 ], [ -116.569604797037698, 31.847403495195802 ], [ -116.569415368362399, 31.84751043398947 ], [ -116.569288749053996, 31.847653445127218 ], [ -116.569098319205025, 31.847975539729951 ], [ -116.568961160943871, 31.84812747981093 ], [ -116.568740116474814, 31.848261205398128 ], [ -116.568508867368692, 31.848332141080753 ], [ -116.568036164418871, 31.848411221626623 ], [ -116.567825739540183, 31.848518086714346 ], [ -116.567667167823586, 31.84875960246535 ], [ -116.567613306610156, 31.849055263880985 ], [ -116.567610295176479, 31.849700732475789 ], [ -116.567733909258436, 31.850203191656661 ], [ -116.568107767582575, 31.851065099879101 ], [ -116.568607257643365, 31.851999152913113 ], [ -116.56973189607065, 31.85393939781591 ], [ -116.570231001913143, 31.854963092699865 ], [ -116.570603655823632, 31.856093938387438 ], [ -116.570725632836968, 31.856954987766223 ], [ -116.570718903680657, 31.85840729080126 ], [ -116.570914241758928, 31.859295482221363 ], [ -116.571506995710678, 31.860507751764011 ], [ -116.572299593382638, 31.861640005917593 ], [ -116.574084678127022, 31.863824484027699 ], [ -116.575003805574241, 31.864849565180297 ], [ -116.57597605970814, 31.865740342312975 ], [ -116.57667734516879, 31.866199891947769 ], [ -116.577808942965319, 31.866687761980778 ], [ -116.578647905444654, 31.866887773806194 ], [ -116.580033189433735, 31.866999935876237 ], [ -116.581503030483674, 31.866986851647845 ], [ -116.583003230337795, 31.866911731072136 ], [ -116.58452726125708, 31.866835398927609 ], [ -116.585923651841128, 31.866813058617034 ], [ -116.587088600355457, 31.866897531309387 ], [ -116.587633792580718, 31.867060669851963 ], [ -116.588104421987055, 31.867465618735721 ], [ -116.588291240172239, 31.867950332027085 ], [ -116.58838106384367, 31.86899952402651 ], [ -116.588343949264058, 31.870263464087252 ], [ -116.588142772019964, 31.873006091349524 ], [ -116.588105651950258, 31.874270030504444 ], [ -116.588195478820282, 31.875319221627471 ], [ -116.588382312854435, 31.875803934324516 ], [ -116.58885298956551, 31.87620888028308 ], [ -116.589251407685239, 31.876335677416577 ], [ -116.589975982364038, 31.876311121259171 ], [ -116.590785185524908, 31.876143394046792 ], [ -116.592488208969527, 31.87566475599245 ], [ -116.593329018029408, 31.875470218933732 ], [ -116.594148432149382, 31.875365257609033 ], [ -116.594696215869888, 31.875389827742492 ], [ -116.595428557511582, 31.875548636534852 ], [ -116.595889899516138, 31.875693543036469 ], [ -116.596518684943078, 31.875964488795763 ], [ -116.597105320606047, 31.876271157740419 ], [ -116.598236450312115, 31.876920214209747 ], [ -116.59882270928982, 31.877316523657726 ], [ -116.599450350781609, 31.877856400142356 ], [ -116.599910160923855, 31.878359885655421 ], [ -116.60028605622216, 31.878845175780697 ], [ -116.600661955445659, 31.879330464789767 ], [ -116.600814851987835, 31.879500697633311 ], [ -116.601017245461705, 31.879726038415985 ], [ -116.601331311500573, 31.879942182622781 ], [ -116.601499462358788, 31.879906849956484 ], [ -116.601556059279531, 31.879811084951889 ], [ -116.601561048699523, 31.8798026425766 ], [ -116.601562923990286, 31.879799469480151 ], [ -116.601689847025128, 31.879584708056804 ], [ -116.601858536911848, 31.87942386717495 ], [ -116.602174222069735, 31.87926348610592 ], [ -116.602531673932447, 31.879157024581453 ], [ -116.60328834338668, 31.878998018589233 ], [ -116.603708176911127, 31.879035187741497 ], [ -116.604211011699917, 31.879305702891838 ], [ -116.604629238861222, 31.879719392332614 ], [ -116.604899809551824, 31.880068668279211 ], [ -116.604945775472544, 31.880128004729464 ], [ -116.605381094056639, 31.880689943844242 ], [ -116.605778409201889, 31.88108563464338 ], [ -116.606218490353427, 31.881302157497949 ], [ -116.606554640885932, 31.881267338401372 ], [ -116.607123007334309, 31.880946357540662 ], [ -116.607427998751021, 31.880830755196051 ], [ -116.607774609048107, 31.88080493011773 ], [ -116.608047302410895, 31.880877490791168 ], [ -116.608283037886849, 31.880999244293978 ], [ -116.60851877398602, 31.881120997362316 ], [ -116.608623431355625, 31.881202003673767 ], [ -116.608728090337124, 31.881283011005202 ], [ -116.608884566696901, 31.88152554639116 ], [ -116.608936043902148, 31.881767758643544 ], [ -116.608933998581918, 31.88225186012021 ], [ -116.60874317866994, 31.882681590984774 ], [ -116.608536505535312, 31.882973290328412 ], [ -116.608257745709423, 31.883253853346385 ], [ -116.607498996636281, 31.883896989866173 ], [ -116.60702431633338, 31.884406525857028 ], [ -116.606359023003705, 31.885291997957129 ], [ -116.605724874626347, 31.88625824755065 ], [ -116.605616993347041, 31.88643380751758 ], [ -116.604943627834658, 31.887241966613264 ], [ -116.604373145390497, 31.88804703780924 ], [ -116.604182292129181, 31.888476761169525 ], [ -116.604181289271395, 31.888711214206833 ], [ -116.603864314513359, 31.889166071557174 ], [ -116.603354520958632, 31.889706040505608 ], [ -116.60315778052238, 31.889874467616092 ], [ -116.602972370492282, 31.889970191833509 ], [ -116.60271587517633, 31.890058981982467 ], [ -116.601984986177484, 31.890131374767233 ], [ -116.601529686960617, 31.890153782674915 ], [ -116.601050333107963, 31.889474065064409 ], [ -116.599693117340095, 31.889646170717828 ], [ -116.59860510933953, 31.890079874288293 ], [ -116.598465416729027, 31.890593696576911 ], [ -116.597204677042527, 31.891149081863126 ], [ -116.596143806682818, 31.89193966597912 ], [ -116.594816626530786, 31.893171478268354 ], [ -116.594949905525752, 31.894128252056632 ], [ -116.595740501317593, 31.894699165178043 ], [ -116.595737544658519, 31.895375817669475 ], [ -116.595205857368398, 31.896050787197758 ], [ -116.594873619495033, 31.897060210069796 ], [ -116.593999800424271, 31.898582165634757 ], [ -116.59360432776667, 31.899537249734987 ], [ -116.592404859842688, 31.900552911391326 ], [ -116.592243011498226, 31.901283186225186 ], [ -116.593000932734384, 31.902079564808222 ], [ -116.593794832848076, 31.901910684103839 ], [ -116.594517432328999, 31.901119042670206 ], [ -116.595578383145053, 31.900337496291741 ], [ -116.596110841192115, 31.899491107330533 ], [ -116.59711003929587, 31.898312376745494 ], [ -116.598236618070828, 31.897016752652288 ], [ -116.598772945214549, 31.895268148189928 ], [ -116.599381553169664, 31.893916743866171 ], [ -116.6009740124058, 31.892460162777464 ], [ -116.601039313083959, 31.892347195247336 ], [ -116.601581390040849, 31.892583544873549 ], [ -116.602808646807148, 31.892910123584308 ], [ -116.603438184093889, 31.893037598378463 ], [ -116.604099533889865, 31.89309344962415 ], [ -116.604572244583494, 31.893059061315839 ], [ -116.605329024607798, 31.892900044414777 ], [ -116.605718373354918, 31.892712988957545 ], [ -116.606129638888461, 31.892310841584113 ], [ -116.606425731459169, 31.891827651786592 ], [ -116.606902738750165, 31.890780229324481 ], [ -116.607251593490503, 31.890234445973242 ], [ -116.607821152843698, 31.889644517971082 ], [ -116.608421562469687, 31.889207086485957 ], [ -116.608936440759862, 31.88890511185296 ], [ -116.609653224070769, 31.888484713696158 ], [ -116.610327160272973, 31.888038533857291 ], [ -116.61111731304338, 31.887422371873335 ], [ -116.611760296852125, 31.886841615301524 ], [ -116.612899084014828, 31.885715503859451 ], [ -116.613415440998708, 31.885277792304588 ], [ -116.613825742190556, 31.885090775266825 ], [ -116.613993224798975, 31.885216793315891 ], [ -116.614085373256813, 31.88578186532407 ], [ -116.614220646011077, 31.886078119439048 ], [ -116.614534316550575, 31.886401809332398 ], [ -116.614921828977117, 31.886645037554125 ], [ -116.615770699250504, 31.887051029084169 ], [ -116.616348121041895, 31.887079667911621 ], [ -116.61723150711147, 31.886759592486019 ], [ -116.618126386455558, 31.886197491564644 ], [ -116.618884055513007, 31.885622801432486 ], [ -116.619927607038775, 31.884831250874559 ], [ -116.620823185999541, 31.884089833498805 ], [ -116.621708726756268, 31.883231835272561 ], [ -116.622289053603637, 31.882543258577574 ], [ -116.623144489393738, 31.881335526887892 ], [ -116.623693038811638, 31.880709604045549 ], [ -116.6244832586017, 31.88003956793283 ], [ -116.625251741615685, 31.879548762112506 ], [ -116.626766961059545, 31.878746371903777 ], [ -116.627524380620983, 31.87838999424828 ], [ -116.628281434413211, 31.87812326069551 ], [ -116.62878577505866, 31.878035084483685 ], [ -116.629163760589236, 31.87803618752335 ], [ -116.62954174614049, 31.878037289439337 ], [ -116.629919588358931, 31.878074249710139 ], [ -116.630297144475165, 31.878182927819175 ], [ -116.630548562828636, 31.878327098231122 ], [ -116.630925262931797, 31.878650931360404 ], [ -116.631155898484167, 31.878741250398033 ], [ -116.631471103046366, 31.878688374600358 ], [ -116.6316184552458, 31.878599151891766 ], [ -116.631933801646909, 31.878510415456507 ], [ -116.632691199696197, 31.87815400684207 ], [ -116.63424151994225, 31.877303815157209 ], [ -116.634269542276456, 31.877297919115911 ], [ -116.634658625983633, 31.877146633116091 ], [ -116.635069272813979, 31.876851968163344 ], [ -116.635364599761246, 31.876512146295415 ], [ -116.635839930524384, 31.875787345273896 ], [ -116.636051432926607, 31.875402456715371 ], [ -116.636210613360674, 31.874972593178473 ], [ -116.636264412781202, 31.87464104278504 ], [ -116.636266631564851, 31.874076255267603 ], [ -116.635732162102428, 31.873823705704837 ], [ -116.635731008221029, 31.873823567102956 ], [ -116.635659232631042, 31.873680057030938 ], [ -116.635388294604638, 31.873571700600646 ], [ -116.635764646947663, 31.873572779249685 ], [ -116.636006196736957, 31.873555540993415 ], [ -116.636163894578345, 31.87350220243566 ], [ -116.636185174566123, 31.873430543459669 ], [ -116.636091317025162, 31.873268905173724 ], [ -116.635997072135439, 31.873205880526097 ], [ -116.63580819486674, 31.873178444729842 ], [ -116.63558764414293, 31.873195742799439 ], [ -116.635114868635142, 31.873275071814412 ], [ -116.634904710583655, 31.87331929346923 ], [ -116.634824775367321, 31.873346329308333 ], [ -116.634778686380713, 31.873327896532167 ], [ -116.633571541660388, 31.873261668615029 ], [ -116.630830643598856, 31.873415109970274 ], [ -116.629570790423813, 31.873402480916898 ], [ -116.628532137527515, 31.873211186200603 ], [ -116.628060904662604, 31.872904999321275 ], [ -116.627685859942446, 31.87217773827496 ], [ -116.62752011288589, 31.871621423997162 ], [ -116.62748692720325, 31.871365692193987 ], [ -116.627397914131862, 31.870679742814438 ], [ -116.627359995602347, 31.869666588520996 ], [ -116.627368436590586, 31.867568806518637 ], [ -116.62747760360169, 31.866529187720992 ], [ -116.627796659470036, 31.865508113115105 ], [ -116.628219249435162, 31.864845939913334 ], [ -116.629167955018929, 31.863880490676209 ], [ -116.629610985803893, 31.863352847121249 ], [ -116.629614770869566, 31.863346703074246 ], [ -116.629632089209409, 31.863326013599007 ], [ -116.630075794918952, 31.862628035403613 ], [ -116.630351171779068, 31.862019216370395 ], [ -116.630523152817844, 31.861511726297916 ], [ -116.630518933758694, 31.861211710148499 ], [ -116.630382192469284, 31.860873423900589 ], [ -116.630074555011049, 31.86063799305931 ], [ -116.629459593381526, 31.8604860884803 ], [ -116.628980291818081, 31.860457110579354 ], [ -116.629051421393797, 31.860173549809456 ], [ -116.628335338212864, 31.859494792239005 ], [ -116.628137649619987, 31.858709280736914 ], [ -116.627875201788171, 31.858257401765194 ], [ -116.628468045066455, 31.858033579382756 ], [ -116.629461437847354, 31.858090610915152 ], [ -116.630117481954571, 31.857921098304605 ], [ -116.630055609168167, 31.857532962525955 ], [ -116.62834641265114, 31.856734023168041 ], [ -116.627945652182802, 31.856507295696471 ], [ -116.628348656306585, 31.856174651508645 ], [ -116.629004472046873, 31.856059277248264 ], [ -116.630385338571031, 31.857019654173687 ], [ -116.63091449535203, 31.856858790784596 ], [ -116.632114083990217, 31.855563065084688 ], [ -116.632317599611895, 31.854886986139011 ], [ -116.631391247749946, 31.853927947991654 ], [ -116.629742820633211, 31.853805870867486 ], [ -116.62907872702381, 31.853352824194648 ], [ -116.627963981065847, 31.851942099769882 ], [ -116.627967820186768, 31.850985753956746 ], [ -116.62882644343857, 31.850365728064794 ], [ -116.628766206987478, 31.849571595261398 ], [ -116.627913712036928, 31.848666880370825 ], [ -116.627125555886138, 31.84753679230003 ], [ -116.626533685650045, 31.847535055927722 ], [ -116.626006140205888, 31.847307949915709 ], [ -116.625543141587698, 31.846801342258864 ], [ -116.625809625355032, 31.84624274742529 ], [ -116.626011345671188, 31.846017784583069 ], [ -116.624432877311378, 31.844316952192763 ], [ -116.624613152664196, 31.843933949770484 ], [ -116.625406629117577, 31.844061733556934 ], [ -116.625994109365919, 31.844290606437031 ], [ -116.627306420030777, 31.845755412514144 ], [ -116.628626363666797, 31.847506315536794 ], [ -116.629549555426465, 31.848360784911769 ], [ -116.630869496975563, 31.849943844154421 ], [ -116.631067876059205, 31.850556090724037 ], [ -116.631777439781473, 31.851408653541935 ], [ -116.634020571712995, 31.853785147956454 ], [ -116.63388324708562, 31.854237182441103 ], [ -116.634806442196506, 31.855305271016192 ], [ -116.637377640056542, 31.857403294312789 ], [ -116.640139588497561, 31.860228002553686 ], [ -116.642596319030559, 31.860893634178854 ], [ -116.644892813793007, 31.860691439898243 ], [ -116.646678132392282, 31.860750551326475 ], [ -116.648860181182272, 31.860369069764264 ], [ -116.651034612735074, 31.860763865278241 ], [ -116.653148012429483, 31.861391353023638 ], [ -116.655261408365291, 31.861847183099854 ], [ -116.657107770828702, 31.862360234656936 ], [ -116.659556881362661, 31.863664816518558 ], [ -116.660876805076654, 31.864236999176637 ], [ -116.662128053886647, 31.86429420769063 ], [ -116.66563762152694, 31.862381142634401 ], [ -116.667285601594841, 31.862051163487305 ], [ -116.668544475974372, 31.86182799728147 ], [ -116.669398998278893, 31.862564212715409 ], [ -116.669574496802383, 31.863691433078081 ], [ -116.669391406137393, 31.864872061761542 ], [ -116.671573482128508, 31.866193811687566 ], [ -116.672878154230901, 31.867307671256693 ], [ -116.674675134839845, 31.868673111840003 ], [ -116.674646073087658, 31.86904921566466 ], [ -116.674640513336527, 31.86941124703236 ], [ -116.674665779111606, 31.869823147380036 ], [ -116.674723482099083, 31.870236696068108 ], [ -116.674832769540416, 31.870808616801437 ], [ -116.674954851987891, 31.871554298046703 ], [ -116.675005490148038, 31.872083362587254 ], [ -116.675003913879081, 31.872105130704746 ], [ -116.675005364287827, 31.872119222271159 ], [ -116.674972356865595, 31.872549457953991 ], [ -116.674866579614516, 31.872773312538655 ], [ -116.674582254512003, 31.873014640199774 ], [ -116.674414143145611, 31.873050069846744 ], [ -116.674194135565941, 31.87291503131026 ], [ -116.673995568625003, 31.872654537363797 ], [ -116.673619878429278, 31.872008093553259 ], [ -116.673421315033622, 31.871747598696622 ], [ -116.673201311994916, 31.871612558444941 ], [ -116.673033202667341, 31.871647986287424 ], [ -116.672748876306443, 31.871889309882789 ], [ -116.672620606795888, 31.872534459720626 ], [ -116.672520122972259, 31.87422858570519 ], [ -116.672480919052958, 31.876406978723985 ], [ -116.672463791014167, 31.88124802969995 ], [ -116.672413541609444, 31.883578796555557 ], [ -116.672279919733214, 31.885730048006057 ], [ -116.672107464602789, 31.886984700537216 ], [ -116.67191559223069, 31.887791053566755 ], [ -116.67172371645276, 31.888597406182022 ], [ -116.671437297017519, 31.889412479033496 ], [ -116.670961790205169, 31.890244991751121 ], [ -116.670455697350462, 31.890817439035779 ], [ -116.669412918042738, 31.891702263594368 ], [ -116.668854846770543, 31.892122164605421 ], [ -116.668223422156203, 31.892497046825998 ], [ -116.667729121378869, 31.892701949970739 ], [ -116.666877644151114, 31.892941775484722 ], [ -116.666540793759481, 31.893165016450393 ], [ -116.666395342632214, 31.89355810641332 ], [ -116.666454229645424, 31.893873021786192 ], [ -116.666829375813293, 31.894680852684843 ], [ -116.666953522325144, 31.895201146067851 ], [ -116.66695335048999, 31.895248878002178 ], [ -116.666950811294555, 31.895954196035408 ], [ -116.666822143624387, 31.896688985871876 ], [ -116.66670654648, 31.897126685284022 ], [ -116.666440265939315, 31.897745849850097 ], [ -116.666332983567216, 31.898373115549454 ], [ -116.66635112975797, 31.898677046436884 ], [ -116.666309974580557, 31.898928882696293 ], [ -116.666306675762854, 31.899843299905406 ], [ -116.666430050045946, 31.900578750359987 ], [ -116.666803478661933, 31.901870683743415 ], [ -116.667115870917428, 31.902615593701714 ], [ -116.667323776990244, 31.902963291683669 ], [ -116.667532616529925, 31.903549039903684 ], [ -116.668095989222266, 31.904599412053585 ], [ -116.668660627344678, 31.905300151761512 ], [ -116.669791177680267, 31.906351993752985 ], [ -116.670356830005844, 31.906774814997366 ], [ -116.670923221294117, 31.906991441768781 ], [ -116.67119978434998, 31.90694628319233 ], [ -116.671090789892361, 31.907126349844052 ], [ -116.671025188786814, 31.907852340986565 ], [ -116.671127158105094, 31.908713240018702 ], [ -116.671498677611822, 31.910569945036059 ], [ -116.671758142001508, 31.911449180174749 ], [ -116.672165010488612, 31.912230180690678 ], [ -116.672583659410336, 31.912652612467802 ], [ -116.672226315328913, 31.91271444578971 ], [ -116.67200335462455, 31.913386241150093 ], [ -116.671989097557358, 31.914444067425311 ], [ -116.672169295336744, 31.916945750429861 ], [ -116.672028511887376, 31.918137723626977 ], [ -116.671425948273736, 31.919211958908416 ], [ -116.670562453119942, 31.919810373370186 ], [ -116.668574520148738, 31.920531362632737 ], [ -116.667511859676551, 31.921003727386758 ], [ -116.66695914343704, 31.921324349327502 ], [ -116.666311819736862, 31.921699845628094 ], [ -116.665741676878568, 31.922118196266929 ], [ -116.665739772106818, 31.922119593910267 ], [ -116.665374411135232, 31.922387679471861 ], [ -116.664926032246299, 31.922767973949249 ], [ -116.664913192072945, 31.922778864327238 ], [ -116.664683552909395, 31.922973631855442 ], [ -116.663762205479259, 31.923755056398996 ], [ -116.663024382992944, 31.924434435674605 ], [ -116.662423147164318, 31.925105208643956 ], [ -116.662218585391159, 31.925444747548848 ], [ -116.662158916602678, 31.925543787385383 ], [ -116.662158799081112, 31.92554418329625 ], [ -116.661967464770072, 31.926188752376273 ], [ -116.661913791198799, 31.92650238173724 ], [ -116.661924296782516, 31.926604535594752 ], [ -116.661944224249993, 31.926798305064366 ], [ -116.662048620195321, 31.926977881210686 ], [ -116.662331375846676, 31.92722068591673 ], [ -116.662604118774595, 31.927328989619117 ], [ -116.66313959156443, 31.927411094938098 ], [ -116.663759303100321, 31.927439631483903 ], [ -116.665082964423249, 31.927443128109029 ], [ -116.66606069790241, 31.927239508902659 ], [ -116.667670222696216, 31.926625150121048 ], [ -116.669375009834468, 31.925804825522437 ], [ -116.672879767601941, 31.923958158792455 ], [ -116.674394931638574, 31.923262786706793 ], [ -116.675435755454487, 31.9230233969046 ], [ -116.675655317048822, 31.923319800317728 ], [ -116.675273175263683, 31.924448405132782 ], [ -116.675229013061269, 31.925057907303803 ], [ -116.675478677031009, 31.925757809581121 ], [ -116.675938950771908, 31.926314809923941 ], [ -116.677070121382798, 31.927285902327753 ], [ -116.677572433530855, 31.927843003545675 ], [ -116.677948187285082, 31.928543220737822 ], [ -116.678072127838917, 31.929153149634718 ], [ -116.678068191827279, 31.930282719766428 ], [ -116.678171061633748, 31.930910524849978 ], [ -116.678483610580244, 31.931664369553278 ], [ -116.678901659126709, 31.932292971296864 ], [ -116.679843267794084, 31.933424927687156 ], [ -116.68028203523906, 31.934143226164906 ], [ -116.680656719034658, 31.935166169084837 ], [ -116.680842422252624, 31.936152776396437 ], [ -116.680878892771275, 31.936540004231162 ], [ -116.681024847499472, 31.938089655686809 ], [ -116.681063653756453, 31.939022103798298 ], [ -116.680997641552295, 31.939882569271742 ], [ -116.680848813083571, 31.940384230217933 ], [ -116.680468337188628, 31.941028746862525 ], [ -116.68034120038601, 31.941333233748132 ], [ -116.680340269425386, 31.94160217857932 ], [ -116.680465855616077, 31.941745933096936 ], [ -116.680843546047242, 31.941908251080438 ], [ -116.681011161149002, 31.942052110667479 ], [ -116.681136315615632, 31.942321372104246 ], [ -116.681164184394859, 31.942528751506472 ], [ -116.681177291083188, 31.94262628173448 ], [ -116.681175062488933, 31.943271749231204 ], [ -116.681131795919981, 31.943630236739487 ], [ -116.681004224051833, 31.944060231701489 ], [ -116.680834870059698, 31.944418402289298 ], [ -116.680454377193442, 31.945062918374099 ], [ -116.680284832947649, 31.945474877078482 ], [ -116.680156695521788, 31.946066237803461 ], [ -116.680112678150039, 31.946639880461198 ], [ -116.6801087644304, 31.94776944770506 ], [ -116.680222577859141, 31.948280733453043 ], [ -116.680567934022832, 31.948685022957257 ], [ -116.681029714522012, 31.948847551819398 ], [ -116.681555552879743, 31.948889667130885 ], [ -116.682069699145572, 31.948930843861064 ], [ -116.682321884230134, 31.948931474985361 ], [ -116.682574069322627, 31.948932105608861 ], [ -116.682804561971935, 31.948893374574265 ], [ -116.683047193395765, 31.948852603301983 ], [ -116.683331362659757, 31.948718838796694 ], [ -116.683710745148673, 31.948397047989214 ], [ -116.684005511746975, 31.948236413657362 ], [ -116.684510429658658, 31.948076300898549 ], [ -116.68505719274016, 31.947970079297065 ], [ -116.686192562688461, 31.947811521813392 ], [ -116.686812480021104, 31.947822017078732 ], [ -116.687536866622779, 31.948012064399109 ], [ -116.688124263288515, 31.948318314922414 ], [ -116.689070011118559, 31.948982373873509 ], [ -116.68916207561216, 31.949047016276985 ], [ -116.689210976698774, 31.949087228963329 ], [ -116.689665060516816, 31.949460631798161 ], [ -116.69013619544765, 31.949972781477292 ], [ -116.690418433963018, 31.95041274983463 ], [ -116.690561490966857, 31.950720421538275 ], [ -116.69079401544704, 31.951220505616956 ], [ -116.690960582489609, 31.95168708568043 ], [ -116.691084698825748, 31.952279070759023 ], [ -116.691124991354172, 31.952799132644952 ], [ -116.691121751459377, 31.953767333236389 ], [ -116.691129796580555, 31.953833648881119 ], [ -116.691172883053298, 31.954188807543577 ], [ -116.691294302103714, 31.954418430270518 ], [ -116.691329518499529, 31.954485029838629 ], [ -116.691400850524019, 31.954509572950855 ], [ -116.691539445887145, 31.954557259116363 ], [ -116.691776018745642, 31.954517491583772 ], [ -116.692012591403952, 31.954477723608896 ], [ -116.692251681202976, 31.954487172769973 ], [ -116.692254253638396, 31.954487274433745 ], [ -116.692506095754595, 31.954595463263423 ], [ -116.692684170863998, 31.954766227322263 ], [ -116.692966555322172, 31.95517033057536 ], [ -116.693070506786682, 31.955511247755187 ], [ -116.693099975319825, 31.956129896423995 ], [ -116.693045136779446, 31.956820060354687 ], [ -116.692851148187529, 31.958271903076803 ], [ -116.692806725714888, 31.958988986515013 ], [ -116.692867451670651, 31.959688394484989 ], [ -116.693013085778972, 31.960136990925456 ], [ -116.693389265058499, 31.960783371578803 ], [ -116.693650890667627, 31.961115703810897 ], [ -116.694059586792022, 31.961466319741792 ], [ -116.694479121725266, 31.961718346724634 ], [ -116.695329033332001, 31.962123808840023 ], [ -116.695843010292961, 31.96242088232712 ], [ -116.696535029431715, 31.962906641943079 ], [ -116.697174420731855, 31.963419166901176 ], [ -116.698400589265589, 31.964470976772425 ], [ -116.69896640563087, 31.964992282728211 ], [ -116.699437671037529, 31.965504397448932 ], [ -116.699657293164123, 31.965836617737935 ], [ -116.699844891956516, 31.96632116485527 ], [ -116.699927395052072, 31.966805463293934 ], [ -116.699987305027022, 31.967773811581829 ], [ -116.700004651460475, 31.968903426863932 ], [ -116.699996779373535, 31.971323923917293 ], [ -116.700055759714402, 31.972579145126797 ], [ -116.700210102701675, 31.973702512058679 ], [ -116.700240576940374, 31.973924311971651 ], [ -116.700257578187092, 31.973991670337369 ], [ -116.700489628335362, 31.974911035228594 ], [ -116.701051974794538, 31.976526036647087 ], [ -116.701301157829093, 31.977476898824825 ], [ -116.701486350709445, 31.978714485473773 ], [ -116.701545819484622, 31.979826268020197 ], [ -116.701539029235221, 31.981924028867741 ], [ -116.701567458852494, 31.982883335316036 ], [ -116.701659539427666, 31.983663494174873 ], [ -116.70172205848003, 31.983833973354848 ], [ -116.701784577761217, 31.984004452500848 ], [ -116.702067612177672, 31.984247168301081 ], [ -116.702340570470227, 31.984355387032185 ], [ -116.702608490567755, 31.984396356993543 ], [ -116.702876410585091, 31.984437326341084 ], [ -116.703496518960065, 31.984465671170629 ], [ -116.704821003458477, 31.98446875864067 ], [ -116.705493643015032, 31.984506180738119 ], [ -116.706187078166181, 31.984615366254648 ], [ -116.706348688132067, 31.984663725456372 ], [ -116.706670164623887, 31.98475992140116 ], [ -116.707350371642704, 31.985051937335697 ], [ -116.707425991296219, 31.985084400853999 ], [ -116.707824759912896, 31.985300476033803 ], [ -116.708265237589828, 31.985624224093346 ], [ -116.708432917908823, 31.985785976808348 ], [ -116.70860059881575, 31.985947729301174 ], [ -116.709166208032016, 31.986594496189934 ], [ -116.709491374645864, 31.986819362276922 ], [ -116.709901260163093, 31.986847194460751 ], [ -116.710259233702317, 31.986668715193858 ], [ -116.710923263220977, 31.986105443709555 ], [ -116.711239745708582, 31.985747570029783 ], [ -116.711525166943872, 31.985237222388516 ], [ -116.711684387107539, 31.984744517126838 ], [ -116.711828521217441, 31.984018918974392 ], [ -116.711876625737958, 31.983776749142489 ], [ -116.711906183943199, 31.983711251442866 ], [ -116.712098911367221, 31.983284186388168 ], [ -116.712396640403, 31.982964312103693 ], [ -116.712573528862563, 31.982774265186777 ], [ -116.712857900374942, 31.982595611692517 ], [ -116.713142270787586, 31.982416957549631 ], [ -116.713758073566424, 31.982135954791577 ], [ -116.714373872608647, 31.981854949011371 ], [ -116.714694736051982, 31.981770504690669 ], [ -116.715015600206598, 31.981686059213903 ], [ -116.715709191718844, 31.981741403894553 ], [ -116.716223454175648, 31.982002535774587 ], [ -116.716789587116423, 31.982487901394382 ], [ -116.717072658399388, 31.98273058546587 ], [ -116.717400286590333, 31.983080019445495 ], [ -116.717502232936383, 31.983188750271374 ], [ -116.717669642494471, 31.983434981114943 ], [ -116.717941747475933, 31.983835197753947 ], [ -116.718244696995271, 31.984454445981243 ], [ -116.718714035068231, 31.985665742951433 ], [ -116.719237829679798, 31.986258583398683 ], [ -116.720339876366438, 31.986825802672307 ], [ -116.7216528289633, 31.987178318587226 ], [ -116.724489651427348, 31.987668611233296 ], [ -116.72584489433315, 31.987949456778512 ], [ -116.727073786471905, 31.988301735045429 ], [ -116.727766694141593, 31.988608028478616 ], [ -116.728616525672606, 31.989174634633745 ], [ -116.728972943594954, 31.98951606085765 ], [ -116.729057090869958, 31.989691582222104 ], [ -116.729192360297532, 31.989973736896697 ], [ -116.729201634824904, 31.990395104852595 ], [ -116.729010037992026, 31.991201532674729 ], [ -116.729050559726787, 31.99172158065932 ], [ -116.72936372742079, 31.992475296508303 ], [ -116.729845157622705, 31.993211440152006 ], [ -116.7309763008885, 31.994666148976286 ], [ -116.731457258966998, 31.995572617438309 ], [ -116.731768971814901, 31.996837320167305 ], [ -116.731807528332965, 31.998038690920733 ], [ -116.73174592125801, 31.998867395528233 ], [ -116.73161102853912, 32.00053050164167 ], [ -116.731604889971834, 32.001712923523385 ], [ -116.731685771424424, 32.002728877338988 ], [ -116.693268112274666, 31.981403697714939 ], [ -116.597156140533826, 32.02255756981004 ], [ -116.565477905523153, 32.025786692594245 ], [ -116.507451626212344, 32.053094282903267 ], [ -116.481943671849507, 32.023670583738017 ], [ -116.445065822882995, 32.018049966464602 ], [ -116.368732948784483, 31.991154387538277 ], [ -116.363487088809492, 31.93209245772082 ], [ -116.321922037836629, 31.902254724746967 ], [ -116.452498752731259, 31.859696334844379 ], [ -116.456487354010832, 31.81455909989759 ], [ -116.516444914044641, 31.82880665683167 ], [ -116.55770840825538, 31.831655885396149 ], [ -116.592384106504738, 31.819622015200846 ], [ -116.592648483148125, 31.820027267394131 ], [ -116.592777053842255, 31.820264709627335 ], [ -116.592848469482533, 31.820428318596218 ], [ -116.592925881120507, 31.820780302834255 ], [ -116.592934179601301, 31.82111261234969 ], [ -116.59285555682186, 31.821485339539208 ], [ -116.592691150893486, 31.821899928402079 ], [ -116.592335284380042, 31.822344761543874 ], [ -116.591826903646563, 31.822840432759023 ], [ -116.59131852291307, 31.823240782586648 ], [ -116.590133949771911, 31.824028928551577 ], [ -116.58915538973234, 31.824589425748211 ] ] ] ] } },
{ "type": "Feature", "properties": { "VULNERABIL": 3.0, "fid": 19.0, "cat": 18, "CLAVE_ACUI": "0211", "NOM_ACUIF": "ENSENADA" }, "geometry": { "type": "MultiPolygon", "coordinates": [ [ [ [ -116.678096825234292, 31.870532893674234 ], [ -116.6786843174431, 31.871555208229147 ], [ -116.678943739591418, 31.872627116898702 ], [ -116.679935604380006, 31.87398320785196 ], [ -116.681110575941204, 31.875224858793342 ], [ -116.682361859051241, 31.877481199823947 ], [ -116.683216385228164, 31.878438663092538 ], [ -116.684078547732852, 31.879857697467287 ], [ -116.685322187376059, 31.88121569355684 ], [ -116.68630642432187, 31.882733905823642 ], [ -116.687893391987444, 31.883983182752122 ], [ -116.689343033483468, 31.885619645072232 ], [ -116.689999192595195, 31.886695364124105 ], [ -116.691219942985086, 31.888068618803544 ], [ -116.692196545494369, 31.889323622337045 ], [ -116.693440172464008, 31.88989580526983 ], [ -116.694348101475398, 31.890647278433818 ], [ -116.695668041419822, 31.892346683218051 ], [ -116.696644640981432, 31.893424306802757 ], [ -116.698040865792024, 31.894437077784442 ], [ -116.699810937772028, 31.89539834764377 ], [ -116.7004823366198, 31.895236220388011 ], [ -116.702130325997047, 31.895573800612311 ], [ -116.703122172295963, 31.895856073925358 ], [ -116.704075868024873, 31.895928543252765 ], [ -116.705105842627077, 31.894904307370716 ], [ -116.70609767956698, 31.894572426253621 ], [ -116.707219226234699, 31.894683040844182 ], [ -116.708150043801083, 31.895417347759395 ], [ -116.709729383790773, 31.89688787236755 ], [ -116.710843311557227, 31.897677490307917 ], [ -116.71263626038413, 31.89791016614895 ], [ -116.71468098507188, 31.898139025813784 ], [ -116.716130611751922, 31.898880957798514 ], [ -116.717587869881626, 31.899722069568973 ], [ -116.718083805880312, 31.900727219464823 ], [ -116.719090927478476, 31.902045163852517 ], [ -116.720616848650238, 31.90272606105523 ], [ -116.722196173659128, 31.903233391881095 ], [ -116.723920451476189, 31.903118938260356 ], [ -116.725377686919515, 31.902447550950015 ], [ -116.72610248888995, 31.902060360426237 ], [ -116.726834928242994, 31.902170978375068 ], [ -116.727491065321743, 31.901890597130205 ], [ -116.72842186326163, 31.901326024063525 ], [ -116.729276373973292, 31.90138895798291 ], [ -116.730809911370798, 31.901140994346211 ], [ -116.731389765725211, 31.901673128717793 ], [ -116.732839383725363, 31.901848589218034 ], [ -116.733899903587201, 31.902636300026884 ], [ -116.734624713015023, 31.902754546838217 ], [ -116.735288483317348, 31.902691599511147 ], [ -116.735952250476714, 31.902413126539297 ], [ -116.737005128843464, 31.902416931188494 ], [ -116.73767653091187, 31.90247414533642 ], [ -116.738531042366219, 31.902590483573167 ], [ -116.738459986899301, 31.903220397726898 ], [ -116.738315312697551, 31.903993331006383 ], [ -116.738042735311652, 31.905202125504431 ], [ -116.737469858100766, 31.907218062867802 ], [ -116.737130958055189, 31.908203509368757 ], [ -116.737010008622946, 31.9084597938451 ], [ -116.73668714592705, 31.909143912587115 ], [ -116.736432210936712, 31.909514048734476 ], [ -116.73628636087804, 31.909725804584223 ], [ -116.736066807421949, 31.909958884054518 ], [ -116.735527815096162, 31.910531075381531 ], [ -116.735190371267805, 31.910996550981732 ], [ -116.734936592206068, 31.911587709733059 ], [ -116.734851072872019, 31.912107499393056 ], [ -116.734848296022392, 31.913075709909325 ], [ -116.734794980362409, 31.913353512556643 ], [ -116.734741664375946, 31.913631315167709 ], [ -116.734424543157729, 31.914329919929074 ], [ -116.734002636024513, 31.914938654864159 ], [ -116.73305402359918, 31.916066250565684 ], [ -116.732632047602849, 31.916692910500903 ], [ -116.732314744030873, 31.917445298937508 ], [ -116.732207884149489, 31.918072620797687 ], [ -116.732204611425388, 31.919202198413917 ], [ -116.732076843729686, 31.919793616091692 ], [ -116.731696809937873, 31.920438290822307 ], [ -116.731191185079325, 31.920921329520574 ], [ -116.730054334668907, 31.921725764783471 ], [ -116.7295481169987, 31.922406024441699 ], [ -116.729166320688435, 31.923642374113022 ], [ -116.729036213921205, 31.925022698581373 ], [ -116.729027695999321, 31.927927322390172 ], [ -116.729086574919364, 31.92934390870186 ], [ -116.72927173391723, 31.930689044365991 ], [ -116.7295214555418, 31.931514350635663 ], [ -116.72989746113096, 31.93226820427838 ], [ -116.72992328514087, 31.932319978346808 ], [ -116.730085467068449, 31.932645132377477 ], [ -116.730212240852097, 31.932944946975663 ], [ -116.730221455837551, 31.932966739943179 ], [ -116.730233822324621, 31.932995986033006 ], [ -116.730335881560876, 31.933237349994116 ], [ -116.730429493500878, 31.933560286356531 ], [ -116.730523106087418, 31.933883222637164 ], [ -116.730565777222949, 31.934218528183042 ], [ -116.730584730425619, 31.934367459800026 ], [ -116.730582377126694, 31.935174298795236 ], [ -116.730434034619933, 31.935604300809604 ], [ -116.729991357368959, 31.936087466856041 ], [ -116.729401901748872, 31.936462739526434 ], [ -116.72807620298083, 31.937105383225504 ], [ -116.727486786021373, 31.937462717125531 ], [ -116.72704424341687, 31.937892083400087 ], [ -116.726896092082228, 31.938250362022654 ], [ -116.726894183387472, 31.938895832634508 ], [ -116.726997924503081, 31.939344301956492 ], [ -116.727311059726659, 31.940044238805907 ], [ -116.72772921503379, 31.940762329850781 ], [ -116.728199884963587, 31.941489496778974 ], [ -116.728670562275653, 31.94221666192059 ], [ -116.728879596635224, 31.942593635047146 ], [ -116.729088632692481, 31.942970607816676 ], [ -116.729245055983526, 31.943374362832429 ], [ -116.729401480630571, 31.94377811763739 ], [ -116.729504819048699, 31.944370022479422 ], [ -116.729501982658022, 31.945338227648264 ], [ -116.729469646345862, 31.945616071218392 ], [ -116.729437309832846, 31.945893914767048 ], [ -116.729246125884274, 31.946592770799484 ], [ -116.728992156736027, 31.947201843335613 ], [ -116.728421425837524, 31.948330203270373 ], [ -116.728230149853147, 31.949055952002343 ], [ -116.72822706204893, 31.950104840042787 ], [ -116.728413197362912, 31.951127238023325 ], [ -116.728974707374761, 31.953145542047643 ], [ -116.729066913235727, 31.953952580376761 ], [ -116.728782002983465, 31.954355392880274 ], [ -116.728229723489363, 31.954223242656187 ], [ -116.727963380353273, 31.95400401040277 ], [ -116.726264141227119, 31.952951464662199 ], [ -116.725425244377732, 31.952357969635361 ], [ -116.72460777565847, 31.951630041911439 ], [ -116.724084221613197, 31.951010326751184 ], [ -116.723331031861946, 31.949879109466654 ], [ -116.723059979007076, 31.949161325836307 ], [ -116.722999998763314, 31.948139195149604 ], [ -116.72317107821776, 31.947153427820918 ], [ -116.723744279782366, 31.945218254436874 ], [ -116.723915345644642, 31.94423248557694 ], [ -116.723905501549467, 31.944064751253432 ], [ -116.723915988955866, 31.944017328948451 ], [ -116.723855519565234, 31.943156565300736 ], [ -116.723584320944298, 31.942492571287719 ], [ -116.72283120601449, 31.941361349946678 ], [ -116.722497248454445, 31.940607567270789 ], [ -116.722248482441927, 31.93947744319037 ], [ -116.722167827145441, 31.938347686288843 ], [ -116.722171225053302, 31.937218113026852 ], [ -116.722174622770581, 31.936088539563393 ], [ -116.722083329989786, 31.935003583402246 ], [ -116.721802660511969, 31.934007861686819 ], [ -116.721426172924652, 31.933433280933546 ], [ -116.720577384577979, 31.932705257097588 ], [ -116.720449226991363, 31.93263194280906 ], [ -116.720420821312061, 31.932615692921043 ], [ -116.720410712798369, 31.932609910193719 ], [ -116.720011044030414, 31.93238127243723 ], [ -116.719160804835468, 31.932137342294869 ], [ -116.718310078123409, 31.932054774181122 ], [ -116.717459106209304, 31.932052884222657 ], [ -116.716608134375164, 31.932050988563468 ], [ -116.715767778775884, 31.932013251230487 ], [ -116.714948656833513, 31.931903836535877 ], [ -116.714423809937941, 31.931759218759257 ], [ -116.713668393427866, 31.931434780653788 ], [ -116.713259698653133, 31.931102156258959 ], [ -116.712789031841524, 31.930428722981851 ], [ -116.712413284678163, 31.929638958695964 ], [ -116.712036659493762, 31.928666168035171 ], [ -116.712011780387286, 31.928601906672078 ], [ -116.711756721362036, 31.927943097828837 ], [ -116.711370571734207, 31.927126411802238 ], [ -116.710868675687891, 31.926372215709797 ], [ -116.710418329913608, 31.925931907958539 ], [ -116.709569190153402, 31.925365178370033 ], [ -116.708918723784819, 31.925094741466488 ], [ -116.707816461421956, 31.924850157761679 ], [ -116.706629823680359, 31.924712948959961 ], [ -116.704172175063022, 31.924545880954764 ], [ -116.702995965420158, 31.924435557334689 ], [ -116.701924981504362, 31.924271680136552 ], [ -116.701316217369268, 31.924108881466374 ], [ -116.700938562945041, 31.92394662413119 ], [ -116.700560909854076, 31.923784365677282 ], [ -116.699994112574629, 31.923639589465125 ], [ -116.699049026232274, 31.923529774921725 ], [ -116.698040678893221, 31.923491522513061 ], [ -116.695960722023088, 31.923486561808271 ], [ -116.695393608897902, 31.923440378648802 ], [ -116.694826496360989, 31.923394192960931 ], [ -116.693503781170136, 31.923122060668526 ], [ -116.6924334863768, 31.922760876597863 ], [ -116.690545334145327, 31.921949447196099 ], [ -116.68953803209493, 31.921606322055258 ], [ -116.68840425957012, 31.921388387944464 ], [ -116.68752193506495, 31.921368291033236 ], [ -116.686765331716131, 31.921447112323079 ], [ -116.686008727115706, 31.921525929097889 ], [ -116.685283818255897, 31.921551030265466 ], [ -116.685260994542887, 31.921548189937059 ], [ -116.685178705088347, 31.921537949277084 ], [ -116.68462230376862, 31.921468705451762 ], [ -116.68424468983585, 31.921306398678055 ], [ -116.683773364470355, 31.920901804297415 ], [ -116.683695025416398, 31.920771617711917 ], [ -116.683683947716901, 31.920753208369231 ], [ -116.683678949954341, 31.920744902894427 ], [ -116.683616686581956, 31.920641431076856 ], [ -116.683617975515091, 31.920264906946045 ], [ -116.683776799904535, 31.919897739924792 ], [ -116.684251979162852, 31.919172761734828 ], [ -116.684673559248253, 31.91876142153232 ], [ -116.685463119453331, 31.918252377051132 ], [ -116.686357469311247, 31.917815305840843 ], [ -116.68825094267936, 31.917013121007002 ], [ -116.689187283641573, 31.916576132715353 ], [ -116.689989839266786, 31.916130165282436 ], [ -116.690102848249438, 31.916067367224905 ], [ -116.69069245116161, 31.915656416385055 ], [ -116.691545693076009, 31.914932329892835 ], [ -116.69192502691925, 31.914574652278848 ], [ -116.692209794008278, 31.914225709412744 ], [ -116.692305073957741, 31.914001816454252 ], [ -116.692306148142706, 31.913679080881185 ], [ -116.69242237500697, 31.913473168434287 ], [ -116.6927699799473, 31.913178166025229 ], [ -116.69323309278208, 31.912892406508401 ], [ -116.694274819406402, 31.912330125239691 ], [ -116.694885327820103, 31.911937134741439 ], [ -116.695675127835472, 31.911320446938493 ], [ -116.696380949167036, 31.91068562358836 ], [ -116.697708595486787, 31.909397835122899 ], [ -116.698372200054237, 31.908816689729797 ], [ -116.699035387764567, 31.90836104923341 ], [ -116.699477101367904, 31.908182795414454 ], [ -116.700139058081845, 31.908103674505757 ], [ -116.700360000583103, 31.907987651182118 ], [ -116.700360872101399, 31.907718704416418 ], [ -116.700141383828878, 31.907386483132775 ], [ -116.699482054406403, 31.906658763761378 ], [ -116.698979023086508, 31.906316904640569 ], [ -116.698129255320097, 31.906019045168136 ], [ -116.697216006534077, 31.905864468185932 ], [ -116.695326028944251, 31.905698581772945 ], [ -116.694360185331433, 31.905570753070087 ], [ -116.693352630607606, 31.905353166777335 ], [ -116.692639217083922, 31.905118354327382 ], [ -116.692071476786438, 31.904874328349948 ], [ -116.691506536027021, 31.904631501875599 ], [ -116.691505286415222, 31.904631442694132 ], [ -116.690907972911717, 31.904603152586578 ], [ -116.690244952797428, 31.90500496152924 ], [ -116.689738475936522, 31.905702992928209 ], [ -116.688882048255962, 31.907395276249297 ], [ -116.68819630033903, 31.908299056099647 ], [ -116.686995487668469, 31.909318108824454 ], [ -116.685679873851583, 31.910112742221997 ], [ -116.682933808898852, 31.911477557371711 ], [ -116.681671110382894, 31.912137806547424 ], [ -116.680629124375685, 31.912753773236588 ], [ -116.680155190915869, 31.913120143945704 ], [ -116.679775383118923, 31.913603294381833 ], [ -116.679396566234757, 31.913799567915337 ], [ -116.678639924907287, 31.913905235865833 ], [ -116.677757674546086, 31.913885071601232 ], [ -116.675867570614344, 31.9137188951523 ], [ -116.674933182596462, 31.913590998959947 ], [ -116.674020120676872, 31.913373501188655 ], [ -116.673432739112087, 31.913138904417533 ], [ -116.672583659410336, 31.912652612467802 ], [ -116.672165010488612, 31.912230180690678 ], [ -116.671758142001508, 31.911449180174749 ], [ -116.671498677611822, 31.910569945036059 ], [ -116.671127158105094, 31.908713240018702 ], [ -116.671025188786814, 31.907852340986565 ], [ -116.671090789892361, 31.907126349844052 ], [ -116.67119978434998, 31.90694628319233 ], [ -116.671301549909941, 31.906929666248118 ], [ -116.671870139397029, 31.906527712855627 ], [ -116.671940933964592, 31.906401135383685 ], [ -116.672123162114829, 31.906259417367039 ], [ -116.672313166444766, 31.905990958876128 ], [ -116.672377072675786, 31.905740104967037 ], [ -116.672378787749892, 31.905256001907844 ], [ -116.672316914913466, 31.904933104043746 ], [ -116.672129582652545, 31.904448513335335 ], [ -116.67187923680109, 31.903963759643595 ], [ -116.671315538046272, 31.902994087764029 ], [ -116.671066962163991, 31.902440966195201 ], [ -116.67096349305379, 31.901576713535153 ], [ -116.670987622922965, 31.900698210029571 ], [ -116.671182399407527, 31.899085021172478 ], [ -116.671342764809651, 31.898287554296907 ], [ -116.671629085979674, 31.897508342514321 ], [ -116.671945922027874, 31.897007122660444 ], [ -116.672320590799416, 31.896598459184247 ], [ -116.672610105305708, 31.896282672981222 ], [ -116.673021034827642, 31.895898237214162 ], [ -116.673589643552958, 31.895469380268814 ], [ -116.674126394915689, 31.895139053712455 ], [ -116.675127066476861, 31.894599036324802 ], [ -116.675168035381816, 31.894576926947035 ], [ -116.675536626368753, 31.894282024367214 ], [ -116.675600766966383, 31.893959449138759 ], [ -116.675339079952209, 31.893716726785165 ], [ -116.674489883604352, 31.893311131220624 ], [ -116.673849488940107, 31.893255699807678 ], [ -116.67365027982477, 31.893300169537486 ], [ -116.673009378973816, 31.893253541381114 ], [ -116.671937380612974, 31.893492833315854 ], [ -116.670917118608713, 31.893947409393949 ], [ -116.668928302480325, 31.895071830656555 ], [ -116.668002780447409, 31.895454910106327 ], [ -116.667215062347424, 31.895479745033114 ], [ -116.66695335048999, 31.895248878002178 ], [ -116.666953522325144, 31.895201146067851 ], [ -116.666829375813293, 31.894680852684843 ], [ -116.666454229645424, 31.893873021786192 ], [ -116.666395342632214, 31.89355810641332 ], [ -116.666540793759481, 31.893165016450393 ], [ -116.666877644151114, 31.892941775484722 ], [ -116.667729121378869, 31.892701949970739 ], [ -116.668223422156203, 31.892497046825998 ], [ -116.668854846770543, 31.892122164605421 ], [ -116.669412918042738, 31.891702263594368 ], [ -116.670455697350462, 31.890817439035779 ], [ -116.670961790205169, 31.890244991751121 ], [ -116.671437297017519, 31.889412479033496 ], [ -116.67172371645276, 31.888597406182022 ], [ -116.67191559223069, 31.887791053566755 ], [ -116.672107464602789, 31.886984700537216 ], [ -116.672279919733214, 31.885730048006057 ], [ -116.672413541609444, 31.883578796555557 ], [ -116.672463791014167, 31.88124802969995 ], [ -116.672480919052958, 31.876406978723985 ], [ -116.672520122972259, 31.87422858570519 ], [ -116.672620606795888, 31.872534459720626 ], [ -116.672748876306443, 31.871889309882789 ], [ -116.673033202667341, 31.871647986287424 ], [ -116.673201311994916, 31.871612558444941 ], [ -116.673421315033622, 31.871747598696622 ], [ -116.673619878429278, 31.872008093553259 ], [ -116.673995568625003, 31.872654537363797 ], [ -116.674194135565941, 31.87291503131026 ], [ -116.674414143145611, 31.873050069846744 ], [ -116.674582254512003, 31.873014640199774 ], [ -116.674866579614516, 31.872773312538655 ], [ -116.674972356865595, 31.872549457953991 ], [ -116.675005364287827, 31.872119222271159 ], [ -116.675003913879081, 31.872105130704746 ], [ -116.675005490148038, 31.872083362587254 ], [ -116.674954851987891, 31.871554298046703 ], [ -116.674832769540416, 31.870808616801437 ], [ -116.674723482099083, 31.870236696068108 ], [ -116.674665779111606, 31.869823147380036 ], [ -116.674640513336527, 31.86941124703236 ], [ -116.674646073087658, 31.86904921566466 ], [ -116.674675134839845, 31.868673111840003 ], [ -116.675189939077697, 31.8690642872346 ], [ -116.67689896970613, 31.869573524942059 ], [ -116.678096825234292, 31.870532893674234 ] ], [ [ -116.727561357839789, 31.919636000501406 ], [ -116.728129652112358, 31.91894252536725 ], [ -116.728501693724411, 31.918416323318695 ], [ -116.728984052730482, 31.917734081710957 ], [ -116.729070313565771, 31.917570946810415 ], [ -116.729396000200396, 31.916955008452504 ], [ -116.729777450662127, 31.915826235467922 ], [ -116.729862975897262, 31.915315414606724 ], [ -116.729738108134072, 31.914911725844203 ], [ -116.729444471558963, 31.914749731642623 ], [ -116.728688429797785, 31.914667434900483 ], [ -116.728310159130345, 31.91471145143705 ], [ -116.727931386801615, 31.914925800019613 ], [ -116.727678369160742, 31.915239031600379 ], [ -116.72729808573294, 31.915964377688102 ], [ -116.726918458421892, 31.91646560000396 ], [ -116.726670941655911, 31.916719551507185 ], [ -116.726629706868223, 31.916761858098631 ], [ -116.72660668903977, 31.916785474199841 ], [ -116.726159855391401, 31.917243918569415 ], [ -116.725275135427466, 31.918039889743842 ], [ -116.72337954308118, 31.919649468459557 ], [ -116.722515704410128, 31.920472360269699 ], [ -116.72181981611088, 31.921331473691733 ], [ -116.721523850124001, 31.921940441822699 ], [ -116.721427850071748, 31.922424331949202 ], [ -116.721331846377424, 31.92290823515404 ], [ -116.721319908756882, 31.923383351133115 ], [ -116.721476103394465, 31.92384090590183 ], [ -116.721748366877677, 31.924128380764326 ], [ -116.722408965536985, 31.924533248441865 ], [ -116.722945014943093, 31.924435804205061 ], [ -116.723892551111689, 31.923738601286207 ], [ -116.724935710293693, 31.922674035370662 ], [ -116.72691075597605, 31.920414179314935 ], [ -116.727117582450845, 31.920177519283488 ], [ -116.727561357839789, 31.919636000501406 ] ], [ [ -116.715600988846177, 31.914522271442543 ], [ -116.715431713292944, 31.914916350528618 ], [ -116.714862513042121, 31.915560551265372 ], [ -116.714609366534731, 31.915900651203369 ], [ -116.71441913152394, 31.916276751844094 ], [ -116.714355220852354, 31.916563486696113 ], [ -116.714353724863074, 31.917047590797498 ], [ -116.714436871530864, 31.917334656178646 ], [ -116.714687808906959, 31.91771174790798 ], [ -116.715022892769468, 31.918053168083755 ], [ -116.715777212663198, 31.91870033423049 ], [ -116.716112193985836, 31.919077611079921 ], [ -116.716362812759513, 31.919562278126133 ], [ -116.716445527813462, 31.919992780336063 ], [ -116.716443052394041, 31.920799620195165 ], [ -116.716473383426006, 31.921185180645018 ], [ -116.716566852472567, 31.921535022148014 ], [ -116.71669230341962, 31.92173253079163 ], [ -116.716975187739578, 31.921975214855067 ], [ -116.717163997605013, 31.922065284796563 ], [ -116.717447542006795, 31.922092810556755 ], [ -116.717731305635425, 31.922048616597468 ], [ -116.718299050704132, 31.92188850767911 ], [ -116.718604150204285, 31.921736779701458 ], [ -116.718951703456113, 31.921441705737028 ], [ -116.719225858555887, 31.921101643870532 ], [ -116.719700767094224, 31.920376531619841 ], [ -116.720143530557408, 31.919857540553704 ], [ -116.720806494783417, 31.919211290950038 ], [ -116.720996907146755, 31.919025676920626 ], [ -116.721976427273162, 31.91815822366955 ], [ -116.724061568059852, 31.916387708057471 ], [ -116.724968170609429, 31.915295948843365 ], [ -116.725602876836817, 31.913791207826051 ], [ -116.725678506012073, 31.913083126718849 ], [ -116.725754131331513, 31.912375070348453 ], [ -116.725573209215483, 31.909631400439746 ], [ -116.725419466963203, 31.908349077927937 ], [ -116.725139159975342, 31.907245780707811 ], [ -116.724825723613776, 31.906689274215598 ], [ -116.724165722510264, 31.906123050185439 ], [ -116.723756859866938, 31.905871142876201 ], [ -116.723190269211415, 31.905681645588004 ], [ -116.722654812915508, 31.905617723331805 ], [ -116.721615033202383, 31.905615449859067 ], [ -116.720953192953615, 31.905667788144182 ], [ -116.720007449705264, 31.905827077436538 ], [ -116.719093048450787, 31.906040218778013 ], [ -116.717295577749468, 31.906520341172431 ], [ -116.716422927889724, 31.906814240816395 ], [ -116.715602456602014, 31.907215830823361 ], [ -116.715107655509485, 31.907591251110535 ], [ -116.714443721302175, 31.908315923133177 ], [ -116.714255696663074, 31.908589385750286 ], [ -116.714148303509148, 31.908745577253061 ], [ -116.714103907985873, 31.908858265542655 ], [ -116.713925989461671, 31.909309869694859 ], [ -116.713850885365304, 31.909820703491217 ], [ -116.713847888852996, 31.910788912643085 ], [ -116.713930251794068, 31.911326995749874 ], [ -116.714055295231276, 31.911650015771464 ], [ -116.714180339534195, 31.911973035658683 ], [ -116.714347565206936, 31.912242360484917 ], [ -116.714514791849453, 31.912511685085331 ], [ -116.714891428581211, 31.912996638508059 ], [ -116.715268069253028, 31.913481590800352 ], [ -116.715539621014031, 31.913984236647845 ], [ -116.715600988846177, 31.914522271442543 ] ] ], [ [ [ -116.671066962163991, 31.902440966195201 ], [ -116.671066962163991, 31.902440966195208 ], [ -116.671066961929313, 31.902440965673009 ], [ -116.671066962163991, 31.902440966195201 ] ] ] ] } },
{ "type": "Feature", "properties": { "VULNERABIL": 3.0, "fid": 21.0, "cat": 19, "CLAVE_ACUI": "0211", "NOM_ACUIF": "ENSENADA" }, "geometry": { "type": "MultiPolygon", "coordinates": [ [ [ [ -116.75147084822342, 31.90791367653765 ], [ -116.75205834155507, 31.908935989051191 ], [ -116.752317761552405, 31.909889642376431 ], [ -116.753179915568808, 31.910568635864678 ], [ -116.75449984803673, 31.911421190085065 ], [ -116.75509497444537, 31.912659028976972 ], [ -116.755621434837323, 31.913955995220785 ], [ -116.755880856534446, 31.915031716550207 ], [ -116.755682494899162, 31.915590561216767 ], [ -116.755278132977438, 31.916103632672666 ], [ -116.75520948221039, 31.917169821446503 ], [ -116.755346827055931, 31.918016666548993 ], [ -116.755529991250853, 31.921796957361693 ], [ -116.755194308899718, 31.923202650230095 ], [ -116.754728919884258, 31.924331784931006 ], [ -116.75432823265858, 31.924295574885384 ], [ -116.753961831898479, 31.924310049781479 ], [ -116.753506672273048, 31.924338646197743 ], [ -116.753014995638921, 31.924392528194407 ], [ -116.752777687715067, 31.924456238200456 ], [ -116.752556174199157, 31.924551491521534 ], [ -116.752295329880823, 31.924720545399943 ], [ -116.752074147164848, 31.924935272840802 ], [ -116.751694664671874, 31.925418639177337 ], [ -116.751483984009781, 31.925633386084005 ], [ -116.751231426584411, 31.925794260920654 ], [ -116.751021178795938, 31.9258476387513 ], [ -116.750642993450356, 31.925846896996504 ], [ -116.750628551940537, 31.92584249197294 ], [ -116.750317600323427, 31.925747643412226 ], [ -116.749719608850498, 31.92545062329193 ], [ -116.749048353569833, 31.925054841173793 ], [ -116.748988878948992, 31.925017439751233 ], [ -116.747632594850813, 31.924164506303924 ], [ -116.74710750874857, 31.923564116134266 ], [ -116.747067094029475, 31.923517905013579 ], [ -116.74678633626084, 31.922468446013017 ], [ -116.746883899211767, 31.92136595078021 ], [ -116.747170614508249, 31.920236936948374 ], [ -116.747457322706794, 31.919107922232719 ], [ -116.747712902561986, 31.917835405443423 ], [ -116.747906233087718, 31.916275885505929 ], [ -116.747972874863635, 31.914949202786104 ], [ -116.747976174335136, 31.913738938719383 ], [ -116.747979473608325, 31.912528674421534 ], [ -116.747966878897628, 31.911675403503793 ], [ -116.747961741254286, 31.911327333151142 ], [ -116.747901946925595, 31.910143838160341 ], [ -116.747820022841879, 31.909372687849718 ], [ -116.747757456321025, 31.908992548013785 ], [ -116.747634046936668, 31.908242731769313 ], [ -116.747510440414658, 31.907840372980946 ], [ -116.747446655349847, 31.907632741091945 ], [ -116.747182616065189, 31.907141427065753 ], [ -116.747070457305711, 31.906932724665747 ], [ -116.746949215971455, 31.906779187875753 ], [ -116.746630854419735, 31.906376020323428 ], [ -116.745688253198125, 31.905405919805307 ], [ -116.745269449131811, 31.904929937108637 ], [ -116.745188944911845, 31.904812487860621 ], [ -116.744955627049777, 31.904472093700356 ], [ -116.744886086833645, 31.90428056421008 ], [ -116.744857607651596, 31.904080939192994 ], [ -116.744873516549447, 31.903814610014503 ], [ -116.744944403452052, 31.903427391155954 ], [ -116.745032473640407, 31.903054501386574 ], [ -116.745061958984309, 31.902807133317236 ], [ -116.745077199439748, 31.902434025795579 ], [ -116.746320825381616, 31.903004300954862 ], [ -116.747251645288401, 31.904018983004722 ], [ -116.748243501681785, 31.905037479351638 ], [ -116.749822837679019, 31.906277218376793 ], [ -116.75147084822342, 31.90791367653765 ] ] ] ] } },
{ "type": "Feature", "properties": { "VULNERABIL": 3.0, "fid": 26.0, "cat": 26, "CLAVE_ACUI": "0211", "NOM_ACUIF": "ENSENADA" }, "geometry": { "type": "MultiPolygon", "coordinates": [ [ [ [ -116.611680965311166, 31.839617806612335 ], [ -116.612993303958874, 31.842724810138236 ], [ -116.613977543158612, 31.844189620028509 ], [ -116.614366662444084, 31.844870527981339 ], [ -116.614236966096286, 31.84521193794712 ], [ -116.613771555049667, 31.844811405422877 ], [ -116.613115417818406, 31.845089879198426 ], [ -116.613039133797216, 31.845766976213138 ], [ -116.614038608926037, 31.845887128555642 ], [ -116.615617930243673, 31.845999647205534 ], [ -116.615440807156645, 31.846374223584554 ], [ -116.615702899212536, 31.846889283201826 ], [ -116.616291963461293, 31.847567729254237 ], [ -116.616943780233115, 31.848408761780924 ], [ -116.617279424053137, 31.849032306349685 ], [ -116.616877791792717, 31.849031097258983 ], [ -116.61648859540901, 31.848578812659415 ], [ -116.615762835168027, 31.847728532259982 ], [ -116.615097205447682, 31.84767238642393 ], [ -116.614375690636734, 31.848346868725532 ], [ -116.614638269861814, 31.848744642810651 ], [ -116.615090648751192, 31.84925125763171 ], [ -116.615754157763831, 31.849821664434618 ], [ -116.616482510192739, 31.850049418453803 ], [ -116.616670893337471, 31.850501097959317 ], [ -116.617722031633235, 31.851911729628565 ], [ -116.618124382775065, 31.851741515878945 ], [ -116.617862449783757, 31.851181350834363 ], [ -116.618391185659277, 31.851119782638492 ], [ -116.619184121372768, 31.851068025760032 ], [ -116.619709820012204, 31.851746266050693 ], [ -116.620362362247761, 31.852424882798214 ], [ -116.620432876266591, 31.853273182943592 ], [ -116.620030781560544, 31.85338024910078 ], [ -116.620166339546444, 31.853831765481246 ], [ -116.620556499370281, 31.854058485792962 ], [ -116.620692282464063, 31.854455868881502 ], [ -116.62075293245141, 31.855132716856197 ], [ -116.620087024351591, 31.855130729463919 ], [ -116.619431908610778, 31.85507463751626 ], [ -116.618837912475072, 31.85557810342857 ], [ -116.618963602584074, 31.855858169059243 ], [ -116.619427054379955, 31.85625653463627 ], [ -116.620079625938914, 31.856935152579418 ], [ -116.620681424179935, 31.857108371152954 ], [ -116.621211335559522, 31.856767105963648 ], [ -116.621932609564539, 31.856155740731431 ], [ -116.622136200649535, 31.85547967872153 ], [ -116.62272790092382, 31.855535568659541 ], [ -116.62266080672623, 31.85643759235078 ], [ -116.621069975477525, 31.857732062919457 ], [ -116.62106883161816, 31.858011748452494 ], [ -116.622124500154285, 31.858348711753024 ], [ -116.623052377527856, 31.858919865415199 ], [ -116.623906309700914, 31.859481771430893 ], [ -116.624561203600791, 31.859600995358157 ], [ -116.625291953699858, 31.859260306043719 ], [ -116.625427545683252, 31.859711816658304 ], [ -116.625753153750281, 31.860227041983716 ], [ -116.627199069360699, 31.860790666638618 ], [ -116.628329004109617, 31.861073662892835 ], [ -116.628922514892153, 31.860687440500982 ], [ -116.628950585895112, 31.860455314600873 ], [ -116.628980291818081, 31.860457110579354 ], [ -116.629459593381526, 31.8604860884803 ], [ -116.630074555011049, 31.86063799305931 ], [ -116.630382192469284, 31.860873423900589 ], [ -116.630518933758694, 31.861211710148499 ], [ -116.630523152817844, 31.861511726297916 ], [ -116.630351171779068, 31.862019216370395 ], [ -116.630075794918952, 31.862628035403613 ], [ -116.629614770869566, 31.863346703074246 ], [ -116.629610985803893, 31.863352847121249 ], [ -116.629167955018929, 31.863880490676209 ], [ -116.628219249435162, 31.864845939913334 ], [ -116.627796659470036, 31.865508113115105 ], [ -116.62747760360169, 31.866529187720992 ], [ -116.627368436590586, 31.867568806518637 ], [ -116.627359995602347, 31.869666588520996 ], [ -116.627397914131862, 31.870679742814438 ], [ -116.62748692720325, 31.871365692193987 ], [ -116.62752011288589, 31.871621423997162 ], [ -116.627685859942446, 31.87217773827496 ], [ -116.628060904662604, 31.872904999321275 ], [ -116.628007112991938, 31.873227581245363 ], [ -116.627470687517857, 31.873468065205508 ], [ -116.626736507387207, 31.873536411430958 ], [ -116.624898304862526, 31.873487397533083 ], [ -116.62291463670455, 31.873320160567957 ], [ -116.621876108885971, 31.873101916984474 ], [ -116.620744196593634, 31.872614437115718 ], [ -116.620010151458331, 31.872397086131446 ], [ -116.618939922943923, 31.872232513739799 ], [ -116.617890252206436, 31.87217557385469 ], [ -116.61581146634046, 31.872169309923748 ], [ -116.614793481721236, 31.872067615342068 ], [ -116.614793462150189, 31.872067609345269 ], [ -116.613818317540478, 31.871768813221525 ], [ -116.613211030835757, 31.871372508468884 ], [ -116.612364341490391, 31.870482397537859 ], [ -116.611988791589908, 31.869907493623813 ], [ -116.611708823717592, 31.869072896111064 ], [ -116.611617758010382, 31.868256804944117 ], [ -116.611624525085418, 31.86664312913901 ], [ -116.611512390686229, 31.865844903220083 ], [ -116.611169224592473, 31.865063900891951 ], [ -116.610709418004475, 31.864560455080824 ], [ -116.60967317141656, 31.863831115027722 ], [ -116.609023735627872, 31.863488450660672 ], [ -116.608111667912368, 31.863189798871876 ], [ -116.607240989362481, 31.863034708141633 ], [ -116.605541021708788, 31.862868076958769 ], [ -116.604691422855282, 31.862695104214716 ], [ -116.603842594041637, 31.862342828529631 ], [ -116.603277479668236, 31.861928677658135 ], [ -116.602430971850197, 31.861038500732533 ], [ -116.602076747770226, 31.86040984393787 ], [ -116.60186057554516, 31.859414053907102 ], [ -116.601854508771908, 31.858383061325199 ], [ -116.602052471329444, 31.856285873219246 ], [ -116.602077931684633, 31.85524601377643 ], [ -116.601956358224243, 31.854223624096161 ], [ -116.601728278573162, 31.85355950052088 ], [ -116.601165619171098, 31.852589517953749 ], [ -116.600906020673364, 31.851934258947267 ], [ -116.600689879806083, 31.850938465865326 ], [ -116.600589242272989, 31.849934070012871 ], [ -116.600604414748162, 31.847881758435133 ], [ -116.600612659426929, 31.847024311843857 ], [ -116.600575306044547, 31.846118229907383 ], [ -116.600532075849557, 31.845661576185439 ], [ -116.600786007837598, 31.845478377613318 ], [ -116.600958129225759, 31.845337958866452 ], [ -116.601089180942822, 31.845208334122272 ], [ -116.601188215935807, 31.845110377484087 ], [ -116.60126400950125, 31.845004925388583 ], [ -116.60129911703595, 31.844925611670806 ], [ -116.601323190810504, 31.844824900790716 ], [ -116.601324561454902, 31.844729553430874 ], [ -116.601246488612944, 31.844475961009643 ], [ -116.601103774716563, 31.844167937674293 ], [ -116.600936464680842, 31.843909370720517 ], [ -116.600711952574926, 31.84361981742331 ], [ -116.600408070544887, 31.8432635378059 ], [ -116.599655521791632, 31.84253500606485 ], [ -116.598902984852458, 31.841806469885785 ], [ -116.598558420564615, 31.841392992604845 ], [ -116.598213859340078, 31.840979514389112 ], [ -116.59802642106402, 31.84063825393228 ], [ -116.597932700732642, 31.840467620490418 ], [ -116.597651545205167, 31.839955725954823 ], [ -116.597528826603437, 31.839520717855493 ], [ -116.597403474383867, 31.839076369932506 ], [ -116.597312522366934, 31.838269230836858 ], [ -116.597243081075945, 31.837652974917368 ], [ -116.597148551135163, 31.837291932612718 ], [ -116.59702878939828, 31.837012853819484 ], [ -116.596724636567373, 31.836520702965608 ], [ -116.596220816095695, 31.836054992222529 ], [ -116.59583928826666, 31.835750555335228 ], [ -116.595476892120601, 31.835506261725101 ], [ -116.595483908716105, 31.835222250017058 ], [ -116.595451159751875, 31.834962075865167 ], [ -116.595378214188258, 31.83474202786223 ], [ -116.595142811899734, 31.834342831153197 ], [ -116.594906808556473, 31.833994246032912 ], [ -116.594322407181551, 31.833239322453025 ], [ -116.593007184655917, 31.831621418610069 ], [ -116.592444747471589, 31.830651395989523 ], [ -116.592072634745975, 31.829359240210536 ], [ -116.592014875753293, 31.828175671707495 ], [ -116.592213697844528, 31.825917122024919 ], [ -116.592260203979407, 31.824886292588825 ], [ -116.592206372124593, 31.824217351281437 ], [ -116.592055576571013, 31.823540773374173 ], [ -116.591826903646563, 31.822840432759023 ], [ -116.592335284380042, 31.822344761543874 ], [ -116.592691150893486, 31.821899928402079 ], [ -116.59285555682186, 31.821485339539208 ], [ -116.592934179601301, 31.82111261234969 ], [ -116.592925881120507, 31.820780302834255 ], [ -116.592848469482533, 31.820428318596218 ], [ -116.592777053842255, 31.820264709627335 ], [ -116.592648483148125, 31.820027267394131 ], [ -116.592384106504738, 31.819622015200846 ], [ -116.600398408090172, 31.816840728309614 ], [ -116.610001934581646, 31.813507916079438 ], [ -116.609597726193712, 31.818410395461115 ], [ -116.609376538354226, 31.822415757290909 ], [ -116.609239252906306, 31.825122237463493 ], [ -116.609613160047587, 31.8285058097999 ], [ -116.610132018680915, 31.831267597232277 ], [ -116.610322793588267, 31.833354197516208 ], [ -116.611040039472101, 31.837187892907281 ], [ -116.611680965311166, 31.839617806612335 ] ] ] ] } },
{ "type": "Feature", "properties": { "VULNERABIL": 2.0, "fid": 27.0, "cat": 27, "CLAVE_ACUI": "0211", "NOM_ACUIF": "ENSENADA" }, "geometry": { "type": "MultiPolygon", "coordinates": [ [ [ [ -116.58454451470655, 31.827944481904236 ], [ -116.58477629344749, 31.827659181424263 ], [ -116.585598297177953, 31.826881903897547 ], [ -116.58669308240097, 31.826114472174233 ], [ -116.587844714221518, 31.825401213628037 ], [ -116.58915538973234, 31.824589425748211 ], [ -116.590133949771911, 31.824028928551577 ], [ -116.59131852291307, 31.823240782586648 ], [ -116.591826903646563, 31.822840432759023 ], [ -116.592055576571013, 31.823540773374173 ], [ -116.592206372124593, 31.824217351281437 ], [ -116.592260203979407, 31.824886292588825 ], [ -116.592213697844528, 31.825917122024919 ], [ -116.592014875753293, 31.828175671707495 ], [ -116.592072634745975, 31.829359240210536 ], [ -116.592444747471589, 31.830651395989523 ], [ -116.593007184655917, 31.831621418610069 ], [ -116.594322407181551, 31.833239322453025 ], [ -116.594906808556473, 31.833994246032912 ], [ -116.595142811899734, 31.834342831153197 ], [ -116.595378214188258, 31.83474202786223 ], [ -116.595451159751875, 31.834962075865167 ], [ -116.595483908716105, 31.835222250017058 ], [ -116.595476892120601, 31.835506261725101 ], [ -116.594779750485316, 31.835256163262997 ], [ -116.593891841876328, 31.835041539791447 ], [ -116.592605623915432, 31.834641345088126 ], [ -116.591316956800114, 31.834144136464229 ], [ -116.590643952191215, 31.833819526417344 ], [ -116.589530903578009, 31.833222167181557 ], [ -116.588584593961414, 31.832620242936073 ], [ -116.586419089512987, 31.831080204523847 ], [ -116.585457066915382, 31.830306082362103 ], [ -116.584909247100214, 31.829711355961823 ], [ -116.584736463622022, 31.82952377598501 ], [ -116.584497470035373, 31.828994059594006 ], [ -116.584501084387554, 31.828187219445173 ], [ -116.58454451470655, 31.827944481904236 ] ] ] ] } },
{ "type": "Feature", "properties": { "VULNERABIL": 2.0, "fid": 5.0, "cat": 7, "CLAVE_ACUI": "0211", "NOM_ACUIF": "ENSENADA" }, "geometry": { "type": "MultiPolygon", "coordinates": [ [ [ [ -116.864914987643516, 32.028901059389156 ], [ -116.864683456241892, 32.029008390547958 ], [ -116.86427317514628, 32.029088635601354 ], [ -116.864047040079924, 32.029101840626403 ], [ -116.863820904950217, 32.029115045248012 ], [ -116.862874375963344, 32.029114025311777 ], [ -116.862796940645254, 32.029105330524956 ], [ -116.862390674926374, 32.029059712375847 ], [ -116.861886101958333, 32.028897796876215 ], [ -116.861528848926554, 32.02868225131386 ], [ -116.861357765728698, 32.028536042405605 ], [ -116.860961665594189, 32.028197529759566 ], [ -116.860583383733214, 32.027981958461694 ], [ -116.860015718837886, 32.027819966133997 ], [ -116.85973180516649, 32.027792757930023 ], [ -116.859447891665383, 32.027765549090809 ], [ -116.858312073752558, 32.027764285200256 ], [ -116.858043873792823, 32.027777432524246 ], [ -116.857775673758724, 32.027790579280783 ], [ -116.857609502000145, 32.027818715202343 ], [ -116.857302291097241, 32.027870731014289 ], [ -116.857012414818627, 32.028026189579634 ], [ -116.856893099703839, 32.028180238901186 ], [ -116.856916259480897, 32.028348180234545 ], [ -116.857008738888993, 32.028544530629141 ], [ -116.858140819733094, 32.029700497501828 ], [ -116.859705851771864, 32.031020068554866 ], [ -116.86160259096205, 32.032555695569215 ], [ -116.863298421307036, 32.033928596337041 ], [ -116.865042123831174, 32.035436554694677 ], [ -116.866680548770702, 32.037051956026815 ], [ -116.86766752906351, 32.038236346299485 ], [ -116.868601820247818, 32.039605297878097 ], [ -116.868990043739146, 32.040174120578307 ], [ -116.869577617106799, 32.041196715482421 ], [ -116.870017792636006, 32.042326734274802 ], [ -116.87016383688848, 32.043187506085083 ], [ -116.87016178683804, 32.044639803635611 ], [ -116.870118673699665, 32.045374873986709 ], [ -116.869991383029486, 32.046127787563037 ], [ -116.869822344082806, 32.046647573035486 ], [ -116.869442514861717, 32.04745401518624 ], [ -116.869294546869313, 32.047946927114403 ], [ -116.869230475932085, 32.048619221516191 ], [ -116.86927166074247, 32.049246800370597 ], [ -116.869390789865292, 32.050015334968776 ], [ -116.869432690921201, 32.050285647090227 ], [ -116.86955745116974, 32.050777594377841 ], [ -116.869739508642823, 32.051211295236492 ], [ -116.869892620437739, 32.051540551029426 ], [ -116.869439333692029, 32.051490684187037 ], [ -116.86895292638313, 32.051460777721452 ], [ -116.868493552444235, 32.051424996326013 ], [ -116.868167156918062, 32.051415731769495 ], [ -116.867768419504969, 32.051449319295536 ], [ -116.867565805111298, 32.051045411539747 ], [ -116.867271455387879, 32.050311533661606 ], [ -116.866852145610935, 32.049298071127403 ], [ -116.86593643710134, 32.046594017972602 ], [ -116.865699919184195, 32.045944018028628 ], [ -116.8652596220155, 32.04492156254603 ], [ -116.864923915790044, 32.044311598190099 ], [ -116.864357094404014, 32.043504159976699 ], [ -116.863968607621487, 32.043028608690719 ], [ -116.863369967406925, 32.042409392876088 ], [ -116.862760723184635, 32.0418529164115 ], [ -116.861531644072258, 32.040802696735106 ], [ -116.860838248404875, 32.040264048633382 ], [ -116.859987128790465, 32.039698328188273 ], [ -116.859261990374407, 32.039294108609539 ], [ -116.857937700197553, 32.038647164911701 ], [ -116.857086515934299, 32.038144178567329 ], [ -116.855857256247333, 32.03728216448264 ], [ -116.85465968636224, 32.036348456165534 ], [ -116.852296287449832, 32.034409323709944 ], [ -116.851366108320988, 32.033645335524305 ], [ -116.850782583975942, 32.033146959718493 ], [ -116.850395002465433, 32.032855133639998 ], [ -116.850221258855314, 32.032740674151597 ], [ -116.849938859548303, 32.032554634042349 ], [ -116.849491792811719, 32.03229036630411 ], [ -116.849252779105697, 32.032132620647019 ], [ -116.848935846067747, 32.031894218919831 ], [ -116.848785652538083, 32.031685969334447 ], [ -116.848752569494749, 32.031589591993459 ], [ -116.848741716810039, 32.031482876453474 ], [ -116.848763866329406, 32.031381382064922 ], [ -116.848795790588937, 32.031235097482046 ], [ -116.848886249176132, 32.031085395776287 ], [ -116.849053938529991, 32.03090975350198 ], [ -116.849883867270265, 32.030345424789239 ], [ -116.850305077167505, 32.030023188860682 ], [ -116.850458287989056, 32.02991045399591 ], [ -116.850551554456146, 32.029831389936142 ], [ -116.850612671155858, 32.029722572348263 ], [ -116.850674792722344, 32.029593503806176 ], [ -116.850703692213571, 32.029355944483491 ], [ -116.850682347910933, 32.029142048424035 ], [ -116.850614233283295, 32.029006206666217 ], [ -116.850555374721267, 32.028911325233139 ], [ -116.850496324549994, 32.028807313815101 ], [ -116.850389650350905, 32.028704727143861 ], [ -116.85028977995438, 32.028651551822705 ], [ -116.849834426642872, 32.028417927849759 ], [ -116.84949803235213, 32.028327880768444 ], [ -116.84896171498157, 32.028300348667329 ], [ -116.84840424603901, 32.028344507664734 ], [ -116.847268153756019, 32.02850451147372 ], [ -116.846637168951943, 32.028485820325983 ], [ -116.845880311808713, 32.028269746860829 ], [ -116.845249871579668, 32.027928315570705 ], [ -116.844518961112627, 32.027407591894978 ], [ -116.844115418922073, 32.027120091368324 ], [ -116.843485054107092, 32.026742792030817 ], [ -116.842728402579581, 32.0264191220001 ], [ -116.842104798209775, 32.026258801524897 ], [ -116.842097679163231, 32.026256971290813 ], [ -116.841940736930667, 32.026234472999619 ], [ -116.840962159590816, 32.026094185430722 ], [ -116.840946054446547, 32.02609079659431 ], [ -116.840404980127389, 32.025976942672877 ], [ -116.840130242243731, 32.025880103032321 ], [ -116.839868960075265, 32.025788005522216 ], [ -116.839714176330844, 32.02569700526724 ], [ -116.839532772798108, 32.02559035427123 ], [ -116.839284060641049, 32.025377709114316 ], [ -116.839060232311667, 32.025186337996281 ], [ -116.838850325514116, 32.024944020940197 ], [ -116.838693143574929, 32.024621087090374 ], [ -116.838664049819954, 32.024455732064141 ], [ -116.838668131226669, 32.024134162161658 ], [ -116.838699323969223, 32.023913899341068 ], [ -116.838782920791687, 32.023323593058358 ], [ -116.838967369831451, 32.023355495772286 ], [ -116.839185109937276, 32.023349765769503 ], [ -116.839487755342674, 32.023304488110426 ], [ -116.83989287123967, 32.0232091667229 ], [ -116.84076744497024, 32.022985161462209 ], [ -116.841217573229585, 32.022885490204786 ], [ -116.841438118108101, 32.022837420585404 ], [ -116.841840811276356, 32.022718541323037 ], [ -116.842087629567175, 32.022633423451921 ], [ -116.842326056833485, 32.022561059034956 ], [ -116.842629363561315, 32.022512381143841 ], [ -116.843047763369356, 32.022494889339747 ], [ -116.843408119019898, 32.022511294785012 ], [ -116.844922183633557, 32.022674522177034 ], [ -116.845805488112518, 32.022711458483442 ], [ -116.846941332471758, 32.022659045267417 ], [ -116.847951099182154, 32.022534752080574 ], [ -116.849844547075335, 32.0222142736379 ], [ -116.851117209593923, 32.022090266186325 ], [ -116.853041756613649, 32.022038721683174 ], [ -116.854976676540261, 32.022076808244549 ], [ -116.857907624664549, 32.022202004288765 ], [ -116.859609694920877, 32.022315974004187 ], [ -116.860557178357084, 32.022408383516279 ], [ -116.861194540412697, 32.022490106902012 ], [ -116.861618076028037, 32.022560971965817 ], [ -116.86180224425614, 32.022606326827962 ], [ -116.862001067972898, 32.022683813198192 ], [ -116.862264205133897, 32.022821923586108 ], [ -116.86239597612915, 32.02294710708059 ], [ -116.862571184139995, 32.023165694523286 ], [ -116.862649402387817, 32.023275920559108 ], [ -116.862794753010547, 32.023540117668176 ], [ -116.862884334256833, 32.02375095469823 ], [ -116.863018608555791, 32.024066978508799 ], [ -116.863249303703569, 32.024515469428209 ], [ -116.863564119921193, 32.024973015261416 ], [ -116.863858118280319, 32.025287100533568 ], [ -116.864141707913333, 32.025529455261093 ], [ -116.864425299039695, 32.025771809349308 ], [ -116.86443790906911, 32.025785902808479 ], [ -116.864698282777681, 32.026076905340055 ], [ -116.864950050816532, 32.02650748585291 ], [ -116.865096680076562, 32.026920024373922 ], [ -116.865212867870781, 32.027418470983733 ], [ -116.865284800433514, 32.027727059523897 ], [ -116.865319907160952, 32.027987250641175 ], [ -116.865336820564806, 32.028112602656002 ], [ -116.86532078944029, 32.028287399897607 ], [ -116.865304758253643, 32.0284621971322 ], [ -116.865199300230827, 32.028659311419261 ], [ -116.864914987643516, 32.028901059389156 ] ] ] ] } },
{ "type": "Feature", "properties": { "VULNERABIL": 1.0, "fid": 13.0, "cat": 14, "CLAVE_ACUI": "0211", "NOM_ACUIF": "ENSENADA" }, "geometry": { "type": "MultiPolygon", "coordinates": [ [ [ [ -116.851117209593923, 32.022090266186325 ], [ -116.849844547075335, 32.0222142736379 ], [ -116.847951099182154, 32.022534752080574 ], [ -116.846941332471758, 32.022659045267417 ], [ -116.845805488112518, 32.022711458483442 ], [ -116.844922183633557, 32.022674522177034 ], [ -116.843408119019898, 32.022511294785012 ], [ -116.843047763369356, 32.022494889339747 ], [ -116.842629363561315, 32.022512381143841 ], [ -116.842326056833485, 32.022561059034956 ], [ -116.842087629567175, 32.022633423451921 ], [ -116.841840811276356, 32.022718541323037 ], [ -116.841438118108101, 32.022837420585404 ], [ -116.841217573229585, 32.022885490204786 ], [ -116.84076744497024, 32.022985161462209 ], [ -116.83989287123967, 32.0232091667229 ], [ -116.839487755342674, 32.023304488110426 ], [ -116.839185109937276, 32.023349765769503 ], [ -116.838967369831451, 32.023355495772286 ], [ -116.838782920791687, 32.023323593058358 ], [ -116.838630146259916, 32.023259077455307 ], [ -116.838518280528291, 32.023187605276334 ], [ -116.838432494728778, 32.023098203323642 ], [ -116.838336935263357, 32.022921427298009 ], [ -116.838224073432499, 32.022738458350958 ], [ -116.838072313873127, 32.022547855752265 ], [ -116.837886022750979, 32.022333623457016 ], [ -116.837578968476024, 32.021958486425405 ], [ -116.83723702347659, 32.02159297866109 ], [ -116.836869220756768, 32.021265905352706 ], [ -116.835955376205106, 32.02067304731677 ], [ -116.834957287324514, 32.020151791792664 ], [ -116.832876886706316, 32.019180864906545 ], [ -116.831836784764022, 32.018650564568496 ], [ -116.830796859578385, 32.018030607496577 ], [ -116.830103749334043, 32.017527649832978 ], [ -116.829064347816043, 32.016638733891291 ], [ -116.828424219172518, 32.015929646944571 ], [ -116.827543237144383, 32.014691303575574 ], [ -116.8267150739686, 32.013336483038536 ], [ -116.825111616103044, 32.010510354859733 ], [ -116.824188808306886, 32.009200210849372 ], [ -116.823023796010276, 32.008095913922084 ], [ -116.82200490509662, 32.00756556201712 ], [ -116.820113239451132, 32.007078791642186 ], [ -116.819146508542218, 32.006772612100846 ], [ -116.818137974369279, 32.006340857291043 ], [ -116.817423814959966, 32.005927448150189 ], [ -116.816289877861706, 32.00511897410238 ], [ -116.815596764597529, 32.004705585110941 ], [ -116.814651354547934, 32.004273894266227 ], [ -116.813768784124846, 32.003967796642847 ], [ -116.812066489040291, 32.0034811841048 ], [ -116.811194540744651, 32.003130260011936 ], [ -116.810280986378686, 32.002564111087196 ], [ -116.809630345425361, 32.001971455740197 ], [ -116.808591987619138, 32.000759637264764 ], [ -116.808015021876031, 32.000140190057948 ], [ -116.807322470746328, 31.999493670123069 ], [ -116.806745183000373, 31.999035584118456 ], [ -116.805705875370421, 31.99830784289006 ], [ -116.805180961541055, 31.997948443423205 ], [ -116.804645519446851, 31.997597990430513 ], [ -116.804278027942701, 31.997373302464599 ], [ -116.803710995466162, 31.997049691378294 ], [ -116.803353849523518, 31.996905700525371 ], [ -116.802849442309665, 31.996797339407902 ], [ -116.802365908981642, 31.996760727728557 ], [ -116.801419715459772, 31.996759250439023 ], [ -116.800967935694757, 31.996624069601857 ], [ -116.80055879226569, 31.996220008196662 ], [ -116.800328667387433, 31.99568175428163 ], [ -116.800047438660897, 31.994471054279057 ], [ -116.799754516168377, 31.993807192050909 ], [ -116.799156979284604, 31.9930263040062 ], [ -116.798454011392451, 31.992388683607608 ], [ -116.796942662629064, 31.991256700335214 ], [ -116.796344651041792, 31.990708884778712 ], [ -116.796061942361519, 31.990197432975759 ], [ -116.796188766455458, 31.989892831013655 ], [ -116.796851941480881, 31.989490475025551 ], [ -116.797377996487825, 31.989294088805298 ], [ -116.798292987887592, 31.989107284064048 ], [ -116.799291918373726, 31.988992324505219 ], [ -116.801373716247397, 31.988834232192453 ], [ -116.80236214694223, 31.988710267132085 ], [ -116.803245643077133, 31.988496482936785 ], [ -116.803729706087466, 31.988264145682699 ], [ -116.804298397720032, 31.987780920492721 ], [ -116.8047193810566, 31.987548482131068 ], [ -116.805413641270704, 31.987334391430032 ], [ -116.806149758414534, 31.987210009663293 ], [ -116.807663848350629, 31.987050945550241 ], [ -116.808526143230921, 31.986908811385891 ], [ -116.809598937236871, 31.986641478995526 ], [ -116.810524629619138, 31.986338058441731 ], [ -116.812228901095324, 31.985695119877715 ], [ -116.813017501561731, 31.985597670483898 ], [ -116.813679050630469, 31.985948273928976 ], [ -116.813993036956717, 31.986630065658325 ], [ -116.814273450272765, 31.988324839011455 ], [ -116.814482000382881, 31.989167842784255 ], [ -116.814827234772054, 31.990002080755037 ], [ -116.815194075766016, 31.990549473079504 ], [ -116.815949369034129, 31.991357409733283 ], [ -116.816368803505611, 31.9918959099669 ], [ -116.816871810692177, 31.992703475670719 ], [ -116.817290723466741, 31.993510918241078 ], [ -116.818044466272411, 31.995125678430625 ], [ -116.818431949030895, 31.995888247545007 ], [ -116.818840640938973, 31.996561196982096 ], [ -116.819134308078674, 31.996920210710694 ], [ -116.81960661638395, 31.997324302190886 ], [ -116.819984641148579, 31.997557925662207 ], [ -116.820646407225823, 31.997854703475294 ], [ -116.821371327686677, 31.998115707284743 ], [ -116.822884330838491, 31.998601931185792 ], [ -116.823703696518749, 31.998961667012718 ], [ -116.824648787831862, 31.999554657905801 ], [ -116.825404577457107, 32.000183240842929 ], [ -116.826726871622625, 32.00147599418721 ], [ -116.827556103807652, 32.002203277964895 ], [ -116.828721496475367, 32.003092378062568 ], [ -116.829834589531089, 32.003846924313365 ], [ -116.832008504329067, 32.005221445252843 ], [ -116.833037340447163, 32.006083429978744 ], [ -116.833949906674292, 32.007294883625619 ], [ -116.834442008707128, 32.008451993364844 ], [ -116.835005750883951, 32.010711871266992 ], [ -116.835392734206877, 32.011868839991656 ], [ -116.835989934148458, 32.013079868415495 ], [ -116.836598285418006, 32.013941279087263 ], [ -116.837826153241323, 32.015314476631396 ], [ -116.838455976321143, 32.015942819596042 ], [ -116.839117558253889, 32.016454656675862 ], [ -116.839590366706858, 32.016679376629781 ], [ -116.840347207019363, 32.016841698716185 ], [ -116.840830861521965, 32.016878165934479 ], [ -116.841524982404977, 32.016825245976229 ], [ -116.84219819428138, 32.016700577436985 ], [ -116.843523703422633, 32.016379485046912 ], [ -116.844301882577284, 32.016362512934059 ], [ -116.845310920994706, 32.016632692903798 ], [ -116.846214480099363, 32.017099963632575 ], [ -116.847916142938061, 32.018231585928575 ], [ -116.848903857336367, 32.018698938312731 ], [ -116.850165314754719, 32.018969380081103 ], [ -116.851280021057974, 32.018952762295569 ], [ -116.853362668006881, 32.018632452689616 ], [ -116.854435334974781, 32.018597828864799 ], [ -116.855570702085103, 32.018814283063598 ], [ -116.856390319893734, 32.01920966690529 ], [ -116.857713821220315, 32.02017936174979 ], [ -116.858386181105118, 32.020610426739779 ], [ -116.859079744093236, 32.020933933587479 ], [ -116.859563318393995, 32.021042048063542 ], [ -116.860076596807062, 32.021042614856015 ], [ -116.860368135766322, 32.021052416299618 ], [ -116.860635832685986, 32.021089725307291 ], [ -116.860809887656799, 32.021136737480916 ], [ -116.861000762394738, 32.021212092361381 ], [ -116.861170515876481, 32.02129638622155 ], [ -116.861301971160302, 32.021392690712901 ], [ -116.861463617793262, 32.021525800741273 ], [ -116.861610856537453, 32.021676815666289 ], [ -116.86180598022851, 32.021855267879829 ], [ -116.861949983208859, 32.021961798207109 ], [ -116.862175587537905, 32.022098209211585 ], [ -116.862349994382697, 32.022191015152423 ], [ -116.862264205133897, 32.022821923586108 ], [ -116.862001067972898, 32.022683813198192 ], [ -116.86180224425614, 32.022606326827962 ], [ -116.861618076028037, 32.022560971965817 ], [ -116.861194540412697, 32.022490106902012 ], [ -116.860557178357084, 32.022408383516279 ], [ -116.859609694920877, 32.022315974004187 ], [ -116.857907624664549, 32.022202004288765 ], [ -116.854976676540261, 32.022076808244549 ], [ -116.853041756613649, 32.022038721683174 ], [ -116.851117209593923, 32.022090266186325 ] ] ] ] } },
{ "type": "Feature", "properties": { "VULNERABIL": 3.0, "fid": 14.0, "cat": 15, "CLAVE_ACUI": "0211", "NOM_ACUIF": "ENSENADA" }, "geometry": { "type": "MultiPolygon", "coordinates": [ [ [ [ -116.761571951981026, 32.001746807061977 ], [ -116.762708158451403, 32.001471026859242 ], [ -116.763938752152654, 32.00128506059314 ], [ -116.764853540068614, 32.001250899915561 ], [ -116.766367315283958, 32.001334380092864 ], [ -116.766924022881099, 32.00154159555828 ], [ -116.767080369755021, 32.002079773656888 ], [ -116.766784234696743, 32.00276952300959 ], [ -116.765739458218405, 32.004300587030521 ], [ -116.7651698687813, 32.005016721633631 ], [ -116.764505894238326, 32.005634065129343 ], [ -116.763968863626658, 32.005946836651773 ], [ -116.763021747896488, 32.006267805362711 ], [ -116.762453234871714, 32.00655361707588 ], [ -116.761694810018312, 32.007090085168912 ], [ -116.760999277083911, 32.007698385873347 ], [ -116.759671084226895, 32.008986813409976 ], [ -116.75895458805158, 32.00955920357859 ], [ -116.758133312091488, 32.009987952524732 ], [ -116.757481020527564, 32.010130144552946 ], [ -116.756345426960252, 32.010127968503468 ], [ -116.755714351472506, 32.010198473505056 ], [ -116.754956716169204, 32.010412168303198 ], [ -116.754325063785302, 32.010697821272501 ], [ -116.753187733696791, 32.011341081521174 ], [ -116.752608716355539, 32.011599933769105 ], [ -116.752009003840826, 32.011733235260934 ], [ -116.751588503193204, 32.011696553187889 ], [ -116.750926717254785, 32.011453205078652 ], [ -116.750780381976824, 32.011130183736192 ], [ -116.751003157371414, 32.010404469786181 ], [ -116.751520776150244, 32.009517966193641 ], [ -116.752850822099532, 32.007584159816766 ], [ -116.75357893415503, 32.006608408834289 ], [ -116.754433249419677, 32.005614968139348 ], [ -116.755129000289088, 32.004934985003352 ], [ -116.756361931265033, 32.003888472094751 ], [ -116.75715190242137, 32.003352096013458 ], [ -116.758288894361272, 32.002789482001539 ], [ -116.759393909461608, 32.002388164312997 ], [ -116.761571951981026, 32.001746807061977 ] ] ] ] } },
{ "type": "Feature", "properties": { "VULNERABIL": 3.0, "fid": 15.0, "cat": 17, "CLAVE_ACUI": "0211", "NOM_ACUIF": "ENSENADA" }, "geometry": { "type": "MultiPolygon", "coordinates": [ [ [ [ -116.730434209338739, 31.957138031278951 ], [ -116.730336094794723, 31.958348084534308 ], [ -116.730336094794723, 31.958348084534308 ], [ -116.730336094794723, 31.958348084534308 ], [ -116.73028231919524, 31.958769320589035 ], [ -116.73021910868647, 31.958822975690079 ], [ -116.730167534131866, 31.95849116481746 ], [ -116.730076022353231, 31.957442076968178 ], [ -116.730014517324008, 31.956913017018458 ], [ -116.729921513395226, 31.956374925098665 ], [ -116.729828011918173, 31.956007165169197 ], [ -116.729640512223185, 31.955441977162778 ], [ -116.729599082310884, 31.955235696153185 ], [ -116.729662290705093, 31.955182041318977 ], [ -116.729809068093104, 31.955298897484447 ], [ -116.729997630689667, 31.955501008925584 ], [ -116.730186194110871, 31.955703120084795 ], [ -116.730247955946425, 31.955826912880102 ], [ -116.730342905295018, 31.956017224609262 ], [ -116.730435911338262, 31.956555316262229 ], [ -116.730434209338739, 31.957138031278951 ], [ -116.730434209338739, 31.957138031278951 ] ] ] ] } },
{ "type": "Feature", "properties": { "VULNERABIL": 3.0, "fid": 16.0, "cat": 16, "CLAVE_ACUI": "0211", "NOM_ACUIF": "ENSENADA" }, "geometry": { "type": "MultiPolygon", "coordinates": [ [ [ [ -116.741049489862789, 31.964116886729695 ], [ -116.740702600936103, 31.96414307339662 ], [ -116.740597304520364, 31.964214577315119 ], [ -116.7404920075371, 31.964286081419321 ], [ -116.740349561445271, 31.964487500294997 ], [ -116.7402071147295, 31.964688919001183 ], [ -116.740143198891019, 31.964993594581838 ], [ -116.740236346521868, 31.965504784124573 ], [ -116.740455510818748, 31.966052090824938 ], [ -116.741019864571271, 31.967182819694461 ], [ -116.741249421623792, 31.967774970559109 ], [ -116.741373730999712, 31.968420695923012 ], [ -116.741351353699827, 31.968904754328413 ], [ -116.741255632438708, 31.969307976475239 ], [ -116.74115990902115, 31.969711204027053 ], [ -116.741091077008406, 31.969894844714286 ], [ -116.741032379853607, 31.970051445393874 ], [ -116.740929015190474, 31.970228348017326 ], [ -116.740800703142483, 31.970373869063195 ], [ -116.740693094756338, 31.970448778725984 ], [ -116.740544155088315, 31.970518482490629 ], [ -116.740345171691828, 31.970561972873679 ], [ -116.740095935528132, 31.970578624091193 ], [ -116.739860623934263, 31.97055137167461 ], [ -116.739651507780081, 31.970490358703913 ], [ -116.739308301653452, 31.970352886888961 ], [ -116.738836129301092, 31.970074004888335 ], [ -116.737892047909156, 31.969426587287099 ], [ -116.737346339665251, 31.96913858299364 ], [ -116.736653289664474, 31.968921989876495 ], [ -116.736054471300122, 31.968850269808605 ], [ -116.736043912627494, 31.968849005177262 ], [ -116.734908829420306, 31.968846639946406 ], [ -116.734340874790192, 31.968988890840418 ], [ -116.733772090492963, 31.969418013781997 ], [ -116.733392068890808, 31.969990968861648 ], [ -116.732820781179512, 31.971280710949994 ], [ -116.732514656486416, 31.971737275244248 ], [ -116.732167580449428, 31.971817227349767 ], [ -116.731895249038473, 31.971493916722487 ], [ -116.731425338319951, 31.970444032134029 ], [ -116.731217067202138, 31.969780189937655 ], [ -116.73113961298867, 31.969309369490706 ], [ -116.731062159548159, 31.968838548965881 ], [ -116.731037204307484, 31.968385766589893 ], [ -116.731012249601818, 31.967932989743694 ], [ -116.731017425051505, 31.966157952924707 ], [ -116.730977947991661, 31.965279310088437 ], [ -116.73085434316458, 31.964418418580777 ], [ -116.730769781890515, 31.964136001840025 ], [ -116.730687813215383, 31.963862242136486 ], [ -116.730311831055019, 31.963054603674131 ], [ -116.730239287680604, 31.962704818711238 ], [ -116.730397634804291, 31.962463102930837 ], [ -116.730734089314808, 31.962410027590519 ], [ -116.731153765567569, 31.962450706025166 ], [ -116.731585107320612, 31.962492513692702 ], [ -116.73211062451071, 31.962475693851928 ], [ -116.732836155658546, 31.962342749252027 ], [ -116.733519854780269, 31.962137993536771 ], [ -116.734845413208447, 31.961656664463565 ], [ -116.735508444231314, 31.961326346258126 ], [ -116.736171983152317, 31.960816727650155 ], [ -116.73639342101292, 31.960557201140343 ], [ -116.736614850121313, 31.96029768302202 ], [ -116.736836536772344, 31.959948512614005 ], [ -116.737279906882875, 31.959250167619338 ], [ -116.737575839699502, 31.958659096133061 ], [ -116.737798589133135, 31.957933399240048 ], [ -116.737873907591862, 31.957314976428393 ], [ -116.737877115775873, 31.956185405080426 ], [ -116.737836711164022, 31.955611567696725 ], [ -116.737757045291659, 31.955232552700842 ], [ -116.737712290310341, 31.955019626915561 ], [ -116.737615173286969, 31.954779554691758 ], [ -116.737545327636752, 31.954606896189528 ], [ -116.737419787408101, 31.954391390719284 ], [ -116.737168862921465, 31.953960644135819 ], [ -116.737002108911241, 31.95347619380226 ], [ -116.736878309507375, 31.952669095483348 ], [ -116.736838730334441, 31.951808382049229 ], [ -116.736843790512978, 31.950033339875269 ], [ -116.736888274933818, 31.949172800280429 ], [ -116.737016666785422, 31.948366223838722 ], [ -116.737186168059935, 31.94788246925528 ], [ -116.737566278005801, 31.947237781288482 ], [ -116.737715141270428, 31.946619509466331 ], [ -116.737748382584925, 31.946014446069785 ], [ -116.737781623434671, 31.945409382604538 ], [ -116.73777412761379, 31.945133913576594 ], [ -116.737743566193359, 31.944010776269344 ], [ -116.737562920861308, 31.941025083242934 ], [ -116.737682010476064, 31.939788169267967 ], [ -116.738219911689029, 31.939063119831182 ], [ -116.738997327156255, 31.939091614569026 ], [ -116.740791699078116, 31.939902132965294 ], [ -116.741651997755625, 31.940352132272924 ], [ -116.742438506915036, 31.940891625412984 ], [ -116.742889053611037, 31.941340784705258 ], [ -116.743454184976088, 31.94214877097707 ], [ -116.743841725308585, 31.942588834621148 ], [ -116.744439212788578, 31.943101039113717 ], [ -116.745047486338436, 31.943514648249415 ], [ -116.746274828031062, 31.944243265146216 ], [ -116.746903984483708, 31.944710696631276 ], [ -116.747564105621748, 31.945384379784151 ], [ -116.74803515129868, 31.946039754624341 ], [ -116.748788174767185, 31.947332195214088 ], [ -116.749121348204426, 31.948462433833718 ], [ -116.749367838305218, 31.950560711440076 ], [ -116.749395517148514, 31.951404528442637 ], [ -116.749445478093961, 31.952927602263543 ], [ -116.749431897861683, 31.957929995236718 ], [ -116.749267957485912, 31.960251580943204 ], [ -116.748789702877417, 31.962213952922134 ], [ -116.74815655405321, 31.963162974990006 ], [ -116.746735349996229, 31.964047672697646 ], [ -116.745998599652538, 31.964440656265236 ], [ -116.745209567476678, 31.964734916746867 ], [ -116.744631268237256, 31.964832368667501 ], [ -116.74368540609089, 31.964830462545571 ], [ -116.743181046133074, 31.964793583688447 ], [ -116.742613829249066, 31.964684856250809 ], [ -116.742383299802725, 31.964609407546355 ], [ -116.742172828510832, 31.96454052309096 ], [ -116.741794937796271, 31.964378387531642 ], [ -116.741417045835306, 31.964216249743114 ], [ -116.741049489862789, 31.964116886729695 ] ] ] ] } },
{ "type": "Feature", "properties": { "VULNERABIL": 2.0, "fid": 17.0, "cat": 20, "CLAVE_ACUI": "0211", "NOM_ACUIF": "ENSENADA" }, "geometry": { "type": "MultiPolygon", "coordinates": [ [ [ [ -116.722945014943093, 31.924435804205061 ], [ -116.722408965536985, 31.924533248441865 ], [ -116.721748366877677, 31.924128380764326 ], [ -116.721476103394465, 31.92384090590183 ], [ -116.721319908756882, 31.923383351133115 ], [ -116.721331846377424, 31.92290823515404 ], [ -116.721427850071748, 31.922424331949202 ], [ -116.721523850124001, 31.921940441822699 ], [ -116.72181981611088, 31.921331473691733 ], [ -116.722515704410128, 31.920472360269699 ], [ -116.72337954308118, 31.919649468459557 ], [ -116.725275135427466, 31.918039889743842 ], [ -116.726159855391401, 31.917243918569415 ], [ -116.72660668903977, 31.916785474199841 ], [ -116.726629706868223, 31.916761858098631 ], [ -116.726670941655911, 31.916719551507185 ], [ -116.726918458421892, 31.91646560000396 ], [ -116.72729808573294, 31.915964377688102 ], [ -116.727678369160742, 31.915239031600379 ], [ -116.727931386801615, 31.914925800019613 ], [ -116.728310159130345, 31.91471145143705 ], [ -116.728688429797785, 31.914667434900483 ], [ -116.729444471558963, 31.914749731642623 ], [ -116.729738108134072, 31.914911725844203 ], [ -116.729862975897262, 31.915315414606724 ], [ -116.729777450662127, 31.915826235467922 ], [ -116.729396000200396, 31.916955008452504 ], [ -116.729070313565771, 31.917570946810415 ], [ -116.728984052730482, 31.917734081710957 ], [ -116.728501693724411, 31.918416323318695 ], [ -116.728129652112358, 31.91894252536725 ], [ -116.727561357839789, 31.919636000501406 ], [ -116.727117582450845, 31.920177519283488 ], [ -116.72691075597605, 31.920414179314935 ], [ -116.724935710293693, 31.922674035370662 ], [ -116.723892551111689, 31.923738601286207 ], [ -116.722945014943093, 31.924435804205061 ] ] ] ] } },
{ "type": "Feature", "properties": { "VULNERABIL": 2.0, "fid": 20.0, "cat": 21, "CLAVE_ACUI": "0211", "NOM_ACUIF": "ENSENADA" }, "geometry": { "type": "MultiPolygon", "coordinates": [ [ [ [ -116.717731305635425, 31.922048616597468 ], [ -116.717447542006795, 31.922092810556755 ], [ -116.717163997605013, 31.922065284796563 ], [ -116.716975187739578, 31.921975214855067 ], [ -116.71669230341962, 31.92173253079163 ], [ -116.716566852472567, 31.921535022148014 ], [ -116.716473383426006, 31.921185180645018 ], [ -116.716443052394041, 31.920799620195165 ], [ -116.716445527813462, 31.919992780336063 ], [ -116.716362812759513, 31.919562278126133 ], [ -116.716112193985836, 31.919077611079921 ], [ -116.715777212663198, 31.91870033423049 ], [ -116.715022892769468, 31.918053168083755 ], [ -116.714687808906959, 31.91771174790798 ], [ -116.714436871530864, 31.917334656178646 ], [ -116.714353724863074, 31.917047590797498 ], [ -116.714355220852354, 31.916563486696113 ], [ -116.71441913152394, 31.916276751844094 ], [ -116.714609366534731, 31.915900651203369 ], [ -116.714862513042121, 31.915560551265372 ], [ -116.715431713292944, 31.914916350528618 ], [ -116.715600988846177, 31.914522271442543 ], [ -116.715539621014031, 31.913984236647845 ], [ -116.715268069253028, 31.913481590800352 ], [ -116.714891428581211, 31.912996638508059 ], [ -116.714514791849453, 31.912511685085331 ], [ -116.714347565206936, 31.912242360484917 ], [ -116.714180339534195, 31.911973035658683 ], [ -116.714055295231276, 31.911650015771464 ], [ -116.713930251794068, 31.911326995749874 ], [ -116.713847888852996, 31.910788912643085 ], [ -116.713850885365304, 31.909820703491217 ], [ -116.713925989461671, 31.909309869694859 ], [ -116.714103907985873, 31.908858265542655 ], [ -116.714148303509148, 31.908745577253061 ], [ -116.714255696663074, 31.908589385750286 ], [ -116.714443721302175, 31.908315923133177 ], [ -116.715107655509485, 31.907591251110535 ], [ -116.715602456602014, 31.907215830823361 ], [ -116.716422927889724, 31.906814240816395 ], [ -116.717295577749468, 31.906520341172431 ], [ -116.719093048450787, 31.906040218778013 ], [ -116.720007449705264, 31.905827077436538 ], [ -116.720953192953615, 31.905667788144182 ], [ -116.721615033202383, 31.905615449859067 ], [ -116.722654812915508, 31.905617723331805 ], [ -116.723190269211415, 31.905681645588004 ], [ -116.723756859866938, 31.905871142876201 ], [ -116.724165722510264, 31.906123050185439 ], [ -116.724825723613776, 31.906689274215598 ], [ -116.725139159975342, 31.907245780707811 ], [ -116.725419466963203, 31.908349077927937 ], [ -116.725573209215483, 31.909631400439746 ], [ -116.725754131331513, 31.912375070348453 ], [ -116.725678506012073, 31.913083126718849 ], [ -116.725602876836817, 31.913791207826051 ], [ -116.724968170609429, 31.915295948843365 ], [ -116.724061568059852, 31.916387708057471 ], [ -116.721976427273162, 31.91815822366955 ], [ -116.720996907146755, 31.919025676920626 ], [ -116.720806494783417, 31.919211290950038 ], [ -116.720143530557408, 31.919857540553704 ], [ -116.719700767094224, 31.920376531619841 ], [ -116.719225858555887, 31.921101643870532 ], [ -116.718951703456113, 31.921441705737028 ], [ -116.718604150204285, 31.921736779701458 ], [ -116.718299050704132, 31.92188850767911 ], [ -116.717731305635425, 31.922048616597468 ] ] ] ] } },
{ "type": "Feature", "properties": { "VULNERABIL": 2.0, "fid": 22.0, "cat": 22, "CLAVE_ACUI": "0211", "NOM_ACUIF": "ENSENADA" }, "geometry": { "type": "MultiPolygon", "coordinates": [ [ [ [ -116.667115870917428, 31.902615593701714 ], [ -116.666803478661933, 31.901870683743415 ], [ -116.666430050045946, 31.900578750359987 ], [ -116.666306675762854, 31.899843299905406 ], [ -116.666309974580557, 31.898928882696293 ], [ -116.66635112975797, 31.898677046436884 ], [ -116.666332983567216, 31.898373115549454 ], [ -116.666440265939315, 31.897745849850097 ], [ -116.66670654648, 31.897126685284022 ], [ -116.666822143624387, 31.896688985871876 ], [ -116.666950811294555, 31.895954196035408 ], [ -116.66695335048999, 31.895248878002178 ], [ -116.667215062347424, 31.895479745033114 ], [ -116.668002780447409, 31.895454910106327 ], [ -116.668928302480325, 31.895071830656555 ], [ -116.670917118608713, 31.893947409393949 ], [ -116.671937380612974, 31.893492833315854 ], [ -116.673009378973816, 31.893253541381114 ], [ -116.67365027982477, 31.893300169537486 ], [ -116.673849488940107, 31.893255699807678 ], [ -116.674489883604352, 31.893311131220624 ], [ -116.675339079952209, 31.893716726785165 ], [ -116.675600766966383, 31.893959449138759 ], [ -116.675536626368753, 31.894282024367214 ], [ -116.675168035381816, 31.894576926947035 ], [ -116.674126394915689, 31.895139053712455 ], [ -116.673589643552958, 31.895469380268814 ], [ -116.673021034827642, 31.895898237214162 ], [ -116.672610105305708, 31.896282672981222 ], [ -116.671945922027874, 31.897007122660444 ], [ -116.671629085979674, 31.897508342514321 ], [ -116.671342764809651, 31.898287554296907 ], [ -116.671182399407527, 31.899085021172478 ], [ -116.670987622922965, 31.900698210029571 ], [ -116.67096349305379, 31.901576713535153 ], [ -116.671066962163991, 31.902440966195201 ], [ -116.671315538046272, 31.902994087764029 ], [ -116.67187923680109, 31.903963759643595 ], [ -116.672129582652545, 31.904448513335335 ], [ -116.672316914913466, 31.904933104043746 ], [ -116.672378787749892, 31.905256001907844 ], [ -116.672377072675786, 31.905740104967037 ], [ -116.672313166444766, 31.905990958876128 ], [ -116.672123162114829, 31.906259417367039 ], [ -116.671940933964592, 31.906401135383685 ], [ -116.671870139397029, 31.906527712855627 ], [ -116.671301549909941, 31.906929666248118 ], [ -116.670923221294117, 31.906991441768781 ], [ -116.670356830005844, 31.906774814997366 ], [ -116.669791177680267, 31.906351993752985 ], [ -116.668660627344678, 31.905300151761512 ], [ -116.668095989222266, 31.904599412053585 ], [ -116.667532616529925, 31.903549039903684 ], [ -116.667323776990244, 31.902963291683669 ], [ -116.667115870917428, 31.902615593701714 ] ], [ [ -116.671066961929313, 31.902440965673009 ], [ -116.671085886366654, 31.902599035521028 ], [ -116.671066962163991, 31.902440966195201 ], [ -116.671066961929313, 31.902440965673009 ] ] ] ] } },
{ "type": "Feature", "properties": { "VULNERABIL": 2.0, "fid": 23.0, "cat": 23, "CLAVE_ACUI": "0211", "NOM_ACUIF": "ENSENADA" }, "geometry": { "type": "MultiPolygon", "coordinates": [ [ [ [ -116.631155898484167, 31.878741250398033 ], [ -116.630925262931797, 31.878650931360404 ], [ -116.630548562828636, 31.878327098231122 ], [ -116.630297144475165, 31.878182927819175 ], [ -116.629919588358931, 31.878074249710139 ], [ -116.62954174614049, 31.878037289439337 ], [ -116.629163760589236, 31.87803618752335 ], [ -116.62878577505866, 31.878035084483685 ], [ -116.628281434413211, 31.87812326069551 ], [ -116.627524380620983, 31.87838999424828 ], [ -116.626766961059545, 31.878746371903777 ], [ -116.625251741615685, 31.879548762112506 ], [ -116.6244832586017, 31.88003956793283 ], [ -116.623693038811638, 31.880709604045549 ], [ -116.623144489393738, 31.881335526887892 ], [ -116.622289053603637, 31.882543258577574 ], [ -116.621708726756268, 31.883231835272561 ], [ -116.620823185999541, 31.884089833498805 ], [ -116.619927607038775, 31.884831250874559 ], [ -116.618884055513007, 31.885622801432486 ], [ -116.618126386455558, 31.886197491564644 ], [ -116.61723150711147, 31.886759592486019 ], [ -116.616348121041895, 31.887079667911621 ], [ -116.615770699250504, 31.887051029084169 ], [ -116.614921828977117, 31.886645037554125 ], [ -116.614534316550575, 31.886401809332398 ], [ -116.614220646011077, 31.886078119439048 ], [ -116.614085373256813, 31.88578186532407 ], [ -116.613993224798975, 31.885216793315891 ], [ -116.613825742190556, 31.885090775266825 ], [ -116.613415440998708, 31.885277792304588 ], [ -116.612899084014828, 31.885715503859451 ], [ -116.611760296852125, 31.886841615301524 ], [ -116.61111731304338, 31.887422371873335 ], [ -116.610327160272973, 31.888038533857291 ], [ -116.609653224070769, 31.888484713696151 ], [ -116.608421562469687, 31.889207086485957 ], [ -116.607821152843698, 31.889644517971082 ], [ -116.607251593490503, 31.890234445973242 ], [ -116.606902738750165, 31.890780229324481 ], [ -116.606425731459169, 31.891827651786592 ], [ -116.606129638888461, 31.892310841584113 ], [ -116.605718373354918, 31.892712988957545 ], [ -116.605329024607798, 31.892900044414777 ], [ -116.604572244583494, 31.893059061315839 ], [ -116.604099533889865, 31.89309344962415 ], [ -116.603438184093889, 31.893037598378463 ], [ -116.602808646807148, 31.892910123584308 ], [ -116.601581390040849, 31.892583544873549 ], [ -116.601039313083959, 31.892347195247336 ], [ -116.601432123248316, 31.891667649562326 ], [ -116.601617865068135, 31.890278818099596 ], [ -116.601529686960617, 31.890153782674915 ], [ -116.601984986177484, 31.890131374767233 ], [ -116.60271587517633, 31.890058981982467 ], [ -116.602972370492282, 31.889970191833509 ], [ -116.60315778052238, 31.889874467616092 ], [ -116.603354520958632, 31.889706040505608 ], [ -116.603864314513359, 31.889166071557174 ], [ -116.604181289271395, 31.888711214206833 ], [ -116.604182292129181, 31.888476761169525 ], [ -116.604373145390497, 31.88804703780924 ], [ -116.604943627834658, 31.887241966613264 ], [ -116.605616993347041, 31.88643380751758 ], [ -116.605724874626347, 31.88625824755065 ], [ -116.606359023003705, 31.885291997957129 ], [ -116.60702431633338, 31.884406525857028 ], [ -116.607498996636281, 31.883896989866173 ], [ -116.608257745709423, 31.883253853346385 ], [ -116.608536505535312, 31.882973290328412 ], [ -116.60874317866994, 31.882681590984774 ], [ -116.608933998581918, 31.88225186012021 ], [ -116.608936043902148, 31.881767758643544 ], [ -116.608884566696901, 31.88152554639116 ], [ -116.608728090337124, 31.881283011005202 ], [ -116.608623431355625, 31.881202003673767 ], [ -116.60851877398602, 31.881120997362316 ], [ -116.608283037886849, 31.880999244293978 ], [ -116.608047302410895, 31.880877490791168 ], [ -116.607774609048107, 31.88080493011773 ], [ -116.607427998751021, 31.880830755196051 ], [ -116.607123007334309, 31.880946357540662 ], [ -116.606554640885932, 31.881267338401372 ], [ -116.606218490353427, 31.881302157497949 ], [ -116.605778409201889, 31.88108563464338 ], [ -116.605381094056639, 31.880689943844242 ], [ -116.604629238861222, 31.879719392332614 ], [ -116.604211011699917, 31.879305702891838 ], [ -116.603708176911127, 31.879035187741497 ], [ -116.60328834338668, 31.878998018589233 ], [ -116.602531673932447, 31.879157024581453 ], [ -116.602174222069735, 31.87926348610592 ], [ -116.601858536911848, 31.879423867174943 ], [ -116.601689847025128, 31.8795847080568 ], [ -116.601499462358788, 31.879906849956484 ], [ -116.601331311500573, 31.879942182622781 ], [ -116.601017245461705, 31.879726038415985 ], [ -116.600814851987835, 31.879500697633311 ], [ -116.600661955445659, 31.879330464789767 ], [ -116.60028605622216, 31.878845175780697 ], [ -116.599910160923855, 31.878359885655421 ], [ -116.599450350781609, 31.877856400142356 ], [ -116.59882270928982, 31.877316523657726 ], [ -116.598236450312115, 31.876920214209747 ], [ -116.597105320606047, 31.876271157740419 ], [ -116.596518684943078, 31.875964488795763 ], [ -116.595889899516138, 31.875693543036459 ], [ -116.595428557511582, 31.875548636534841 ], [ -116.594696215869888, 31.875389827742492 ], [ -116.594148432149382, 31.875365257609033 ], [ -116.593329018029408, 31.875470218933732 ], [ -116.592488208969527, 31.87566475599245 ], [ -116.590785185524908, 31.876143394046792 ], [ -116.589975982364038, 31.876311121259171 ], [ -116.589251407685239, 31.876335677416577 ], [ -116.58885298956551, 31.87620888028308 ], [ -116.588382312854435, 31.875803934324516 ], [ -116.588195478820282, 31.875319221627471 ], [ -116.588105651950258, 31.874270030504444 ], [ -116.588142772019964, 31.873006091349524 ], [ -116.588343949264058, 31.870263464087252 ], [ -116.58838106384367, 31.86899952402651 ], [ -116.588291240172239, 31.867950332027085 ], [ -116.588104421987055, 31.867465618735721 ], [ -116.587633792580718, 31.867060669851963 ], [ -116.587088600355457, 31.866897531309387 ], [ -116.585923651841128, 31.866813058617034 ], [ -116.58452726125708, 31.866835398927609 ], [ -116.583003230337795, 31.866911731072136 ], [ -116.581503030483674, 31.866986851647845 ], [ -116.580033189433735, 31.866999935876237 ], [ -116.578647905444654, 31.866887773806194 ], [ -116.577808942965319, 31.866687761980778 ], [ -116.57667734516879, 31.866199891947769 ], [ -116.57597605970814, 31.865740342312975 ], [ -116.575003805574241, 31.864849565180297 ], [ -116.574084678127022, 31.863824484027699 ], [ -116.572299593382638, 31.861640005917593 ], [ -116.571506995710678, 31.860507751764011 ], [ -116.570914241758928, 31.859295482221363 ], [ -116.570718903680657, 31.85840729080126 ], [ -116.570725632836968, 31.856954987766223 ], [ -116.570603655823632, 31.856093938387438 ], [ -116.570231001913143, 31.854963092699865 ], [ -116.56973189607065, 31.85393939781591 ], [ -116.568607257643365, 31.851999152913113 ], [ -116.568107767582575, 31.851065099879101 ], [ -116.567733909258436, 31.850203191656661 ], [ -116.567610295176479, 31.849700732475789 ], [ -116.567613306610156, 31.849055263880985 ], [ -116.567667167823586, 31.84875960246535 ], [ -116.567825739540183, 31.848518086714346 ], [ -116.568036164418871, 31.848411221626623 ], [ -116.568508867368692, 31.848332141080753 ], [ -116.568740116474814, 31.848261205398128 ], [ -116.568961160943871, 31.84812747981093 ], [ -116.569098319205025, 31.847975539729951 ], [ -116.569288749053996, 31.847653445127218 ], [ -116.569415368362399, 31.84751043398947 ], [ -116.569604797037698, 31.847403495195802 ], [ -116.569793892389242, 31.847368274890872 ], [ -116.570171750074678, 31.847369552213387 ], [ -116.570381421695274, 31.847424050438015 ], [ -116.570632579443512, 31.847586268209415 ], [ -116.570841504646665, 31.847802132938707 ], [ -116.571217124531472, 31.848287508942335 ], [ -116.571467871573716, 31.848539373548974 ], [ -116.571844491671001, 31.848809591368173 ], [ -116.572221445000906, 31.849008089300032 ], [ -116.572975686982829, 31.849333363052988 ], [ -116.573416117841887, 31.849424490692705 ], [ -116.573983164477497, 31.849372601131456 ], [ -116.574487809106273, 31.849194990485518 ], [ -116.575434690244904, 31.848714045017879 ], [ -116.576043634294862, 31.848680216046041 ], [ -116.576923596661473, 31.849059675346677 ], [ -116.57778126675862, 31.849725934224942 ], [ -116.578865870690038, 31.850763285625661 ], [ -116.57947434924283, 31.851345240633474 ], [ -116.579940066693197, 31.851756113534211 ], [ -116.580310740856817, 31.85208313196955 ], [ -116.580679717035068, 31.852351878185999 ], [ -116.581126800803801, 31.85267751106074 ], [ -116.58165050074814, 31.852930254206584 ], [ -116.582405535456601, 31.853094105045056 ], [ -116.582814786161364, 31.85312234295467 ], [ -116.583287501229179, 31.853043207644141 ], [ -116.583666107720106, 31.852883077688418 ], [ -116.58432920883503, 31.852481821954136 ], [ -116.584666467630981, 31.852178114040271 ], [ -116.585015144146595, 31.851668247700832 ], [ -116.585259012321245, 31.851122178693274 ], [ -116.585641936587564, 31.849993837741678 ], [ -116.58590694939285, 31.84941197620952 ], [ -116.586319066175236, 31.848794732558094 ], [ -116.586740914103387, 31.848347854006153 ], [ -116.587594335905663, 31.847624459015755 ], [ -116.588267440349156, 31.847321829535812 ], [ -116.589433337743358, 31.847137332879619 ], [ -116.590703399126411, 31.847132460677614 ], [ -116.593347695776714, 31.847302311286931 ], [ -116.594712106705344, 31.847324595648253 ], [ -116.596161033941442, 31.847221623696246 ], [ -116.597211497640444, 31.847027724144851 ], [ -116.59847116539855, 31.8466735049508 ], [ -116.598966585209325, 31.846489683682051 ], [ -116.59935976317729, 31.846313803317987 ], [ -116.599912348735813, 31.846022284173756 ], [ -116.600275629954311, 31.845817383174843 ], [ -116.600532075849557, 31.845661576185439 ], [ -116.600575306044547, 31.846118229907383 ], [ -116.600612659426929, 31.847024311843857 ], [ -116.600604414748162, 31.847881758435133 ], [ -116.600589242272989, 31.849934070012871 ], [ -116.600689879806083, 31.850938465865326 ], [ -116.600906020673364, 31.851934258947267 ], [ -116.601165619171098, 31.852589517953749 ], [ -116.601728278573162, 31.85355950052088 ], [ -116.601956358224243, 31.854223624096161 ], [ -116.602077931684633, 31.85524601377643 ], [ -116.602052471329444, 31.856285873219246 ], [ -116.601854508771908, 31.858383061325199 ], [ -116.60186057554516, 31.859414053907102 ], [ -116.602076747770226, 31.86040984393787 ], [ -116.602430971850197, 31.861038500732533 ], [ -116.603277479668236, 31.861928677658135 ], [ -116.603842594041637, 31.862342828529631 ], [ -116.604691422855282, 31.862695104214716 ], [ -116.605541021708788, 31.862868076958769 ], [ -116.607240989362481, 31.863034708141633 ], [ -116.608111667912368, 31.863189798871876 ], [ -116.609023735627872, 31.863488450660672 ], [ -116.60967317141656, 31.863831115027722 ], [ -116.610709418004475, 31.864560455080831 ], [ -116.611169224592473, 31.865063900891951 ], [ -116.611512390686229, 31.865844903220083 ], [ -116.611624525085418, 31.86664312913901 ], [ -116.611617758010382, 31.868256804944117 ], [ -116.611708823717592, 31.869072896111064 ], [ -116.611988791589908, 31.869907493623813 ], [ -116.612364341490391, 31.870482397537859 ], [ -116.613211030835757, 31.871372508468884 ], [ -116.613818317540478, 31.871768813221525 ], [ -116.614793481721236, 31.872067615342075 ], [ -116.61581146634046, 31.872169309923748 ], [ -116.617890252206436, 31.87217557385469 ], [ -116.618939922943923, 31.872232513739799 ], [ -116.620010151458331, 31.872397086131446 ], [ -116.620744196593634, 31.872614437115718 ], [ -116.621876108885971, 31.873101916984474 ], [ -116.62291463670455, 31.873320160567957 ], [ -116.624898304862526, 31.873487397533083 ], [ -116.626736507387207, 31.873536411430958 ], [ -116.627470687517857, 31.873468065205508 ], [ -116.628007112991938, 31.873227581245363 ], [ -116.628060904662604, 31.872904999321275 ], [ -116.628532137527515, 31.873211186200603 ], [ -116.629570790423813, 31.873402480916898 ], [ -116.630830643598856, 31.873415109970274 ], [ -116.633571541660388, 31.873261668615029 ], [ -116.634778686380713, 31.873327896532167 ], [ -116.634824775367321, 31.873346329308333 ], [ -116.6347470123455, 31.873372630463724 ], [ -116.634694340117306, 31.873417304061061 ], [ -116.634694021790068, 31.873497987989435 ], [ -116.634756874877027, 31.873534028480691 ], [ -116.634945752542521, 31.873561465840194 ], [ -116.635197695571676, 31.873571153907118 ], [ -116.635388294604638, 31.873571700600646 ], [ -116.635659232631042, 31.873680057030938 ], [ -116.635731008221029, 31.873823567102956 ], [ -116.635732162102428, 31.873823705704837 ], [ -116.636266631564851, 31.874076255267603 ], [ -116.636264412781202, 31.87464104278504 ], [ -116.636210613360674, 31.874972593178473 ], [ -116.636051432926607, 31.875402456715371 ], [ -116.635839930524384, 31.875787345273896 ], [ -116.635364599761246, 31.876512146295415 ], [ -116.635069272813979, 31.876851968163344 ], [ -116.634658625983633, 31.877146633116091 ], [ -116.634269542276456, 31.877297919115911 ], [ -116.63424151994225, 31.877303815157209 ], [ -116.632691199696197, 31.87815400684207 ], [ -116.631933801646909, 31.878510415456507 ], [ -116.6316184552458, 31.878599151891766 ], [ -116.631471103046366, 31.878688374600358 ], [ -116.631155898484167, 31.878741250398033 ] ] ] ] } },
{ "type": "Feature", "properties": { "VULNERABIL": 3.0, "fid": 25.0, "cat": 25, "CLAVE_ACUI": "0211", "NOM_ACUIF": "ENSENADA" }, "geometry": { "type": "MultiPolygon", "coordinates": [ [ [ [ -116.636185174566123, 31.873430543459669 ], [ -116.636163894578345, 31.87350220243566 ], [ -116.636006196736957, 31.873555540993415 ], [ -116.635764646947663, 31.873572779249685 ], [ -116.635197695571676, 31.873571153907118 ], [ -116.634945752542521, 31.873561465840194 ], [ -116.634756874877027, 31.873534028480691 ], [ -116.634694021790068, 31.873497987989435 ], [ -116.634694340117306, 31.873417304061061 ], [ -116.6347470123455, 31.873372630463724 ], [ -116.634904710583655, 31.87331929346923 ], [ -116.635114868635142, 31.873275071814412 ], [ -116.63558764414293, 31.873195742799439 ], [ -116.63580819486674, 31.873178444729842 ], [ -116.635997072135439, 31.873205880526097 ], [ -116.636091317025162, 31.873268905173724 ], [ -116.636185174566123, 31.873430543459669 ] ] ] ] } },
{ "type": "Feature", "properties": { "VULNERABIL": 3.0, "fid": 28.0, "cat": 28, "CLAVE_ACUI": "0211", "NOM_ACUIF": "ENSENADA" }, "geometry": null }
]
}
