{
"type": "FeatureCollection",
"name": "0245",
"crs": { "type": "name", "properties": { "name": "urn:ogc:def:crs:OGC:1.3:CRS84" } },
"features": [
{ "type": "Feature", "properties": { "fid": 1.0, "cat": 2, "CLAVE_ACUI": "0245", "NOM_ACUIF": "ROSARITO", "VULNERABIL": 3 }, "geometry": { "type": "MultiPolygon", "coordinates": [ [ [ [ -117.090512776905797, 32.490738119782385 ], [ -117.090743443512892, 32.490454106685185 ], [ -117.091004515066473, 32.490083488922764 ], [ -117.092307051673302, 32.488756437272301 ], [ -117.092645908348047, 32.488350238320422 ], [ -117.09292472397307, 32.487781702772303 ], [ -117.092984177470356, 32.487375708831749 ], [ -117.09298326826557, 32.486491640457025 ], [ -117.092982813678105, 32.486049606223027 ], [ -117.093006385800649, 32.485684233679592 ], [ -117.093117752212436, 32.485305264516285 ], [ -117.093253274674623, 32.48512925243481 ], [ -117.09360065471688, 32.484834304809858 ], [ -117.093774343888171, 32.484686830634232 ], [ -117.093897943074268, 32.484561570504219 ], [ -117.09395367305234, 32.484419446337569 ], [ -117.093909688476046, 32.484341672034553 ], [ -117.09373569469831, 32.484194456829975 ], [ -117.093648698021894, 32.484120849135806 ], [ -117.093718469311924, 32.484048064450903 ], [ -117.094305057405521, 32.483929224162125 ], [ -117.095073267790852, 32.48383223305526 ], [ -117.097072190999526, 32.483609689942917 ], [ -117.098071648883007, 32.483498406486405 ], [ -117.098857762007427, 32.48335570892759 ], [ -117.099527919392742, 32.483023654735106 ], [ -117.099699175015843, 32.48269199312282 ], [ -117.099785199686394, 32.481881527798926 ], [ -117.099828211450856, 32.481476295076874 ], [ -117.099879741073764, 32.481154876798577 ], [ -117.09999117786785, 32.480870623031159 ], [ -117.1000988438024, 32.480785964451243 ], [ -117.100489847876617, 32.480675144175109 ], [ -117.100615580245929, 32.480686883956452 ], [ -117.100811328247303, 32.480852490427992 ], [ -117.100965236503896, 32.481077331259016 ], [ -117.101487732808494, 32.481960980782667 ], [ -117.101725481666378, 32.48220605052952 ], [ -117.102312475867393, 32.482466059556401 ], [ -117.102913290478895, 32.482592429225861 ], [ -117.105130105501573, 32.48292212326097 ], [ -117.105671130356669, 32.483109422211143 ], [ -117.105979090498636, 32.483653813188106 ], [ -117.105878005690528, 32.48424421750515 ], [ -117.105098291125358, 32.486455043808704 ], [ -117.105003261146692, 32.487111408990053 ], [ -117.10533952940412, 32.487963622932725 ], [ -117.105914949841889, 32.4885247040664 ], [ -117.10826402880717, 32.490290842333344 ], [ -117.108875302120509, 32.490765614516448 ], [ -117.109378779281116, 32.491215105562084 ], [ -117.10948675393837, 32.491382465926755 ], [ -117.109663341131181, 32.491795654732805 ], [ -117.096353811467338, 32.492334236896433 ], [ -117.090240090981752, 32.49096537442658 ], [ -117.090512776905797, 32.490738119782385 ] ] ] ] } },
{ "type": "Feature", "properties": { "fid": 2.0, "cat": 1, "CLAVE_ACUI": "0245", "NOM_ACUIF": "ROSARITO", "VULNERABIL": 2 }, "geometry": { "type": "MultiPolygon", "coordinates": [ [ [ [ -117.04876986887372, 32.311533689912267 ], [ -117.049082689518229, 32.312021953638123 ], [ -117.04925817855073, 32.312815386831311 ], [ -117.048991140863336, 32.313151073355144 ], [ -117.048418916769876, 32.313597385235802 ], [ -117.048602032482336, 32.314016988917274 ], [ -117.0490903351659, 32.314276375541731 ], [ -117.049563374453896, 32.314085641958719 ], [ -117.050189011566061, 32.314314511454334 ], [ -117.050631538938219, 32.314989689138251 ], [ -117.050501839287406, 32.315817456789325 ], [ -117.049967764678385, 32.316343874928464 ], [ -117.049975397591652, 32.316874102743306 ], [ -117.049830436829225, 32.317328040188727 ], [ -117.05041792526147, 32.317587426795875 ], [ -117.050852820710872, 32.317999397582426 ], [ -117.050852825683549, 32.318716540647628 ], [ -117.050585788331787, 32.31897593534417 ], [ -117.050684978221454, 32.319582454113544 ], [ -117.051745505162671, 32.319391714106679 ], [ -117.051959140994484, 32.319986788256578 ], [ -117.051875218404902, 32.32051701694774 ], [ -117.051759017011193, 32.321044366084578 ], [ -117.051447694701778, 32.321721164171549 ], [ -117.051126927747603, 32.322085058067451 ], [ -117.05059988512626, 32.322386123479433 ], [ -117.050033114825681, 32.322649837288573 ], [ -117.049539685578608, 32.322897630419305 ], [ -117.048955597815464, 32.323260498757534 ], [ -117.048382108655474, 32.323552045170338 ], [ -117.047904075125274, 32.323805986946709 ], [ -117.04731866690588, 32.324196911102298 ], [ -117.046147813201884, 32.325191948433762 ], [ -117.045807320351585, 32.325511766514957 ], [ -117.045389220195247, 32.326009219376793 ], [ -117.045132427268371, 32.326400048570854 ], [ -117.045035513332991, 32.326564797450281 ], [ -117.044461632417196, 32.327540352694605 ], [ -117.04435214940429, 32.327726463057282 ], [ -117.044149138818881, 32.328122345740233 ], [ -117.043982046594763, 32.328643386701508 ], [ -117.043946355272283, 32.328991848521603 ], [ -117.043946819478023, 32.329952708778009 ], [ -117.043985950687954, 32.330345705156219 ], [ -117.04412321406403, 32.330707352633389 ], [ -117.04431442313583, 32.331062488895519 ], [ -117.044586847333875, 32.331479770618351 ], [ -117.044835286532759, 32.331805272762921 ], [ -117.045175361447903, 32.332184563868239 ], [ -117.04555337032528, 32.332643000166328 ], [ -117.045824905317517, 32.333004365635304 ], [ -117.046004646124331, 32.333332492476281 ], [ -117.046076148559948, 32.333616171957011 ], [ -117.046095250072369, 32.333703636777038 ], [ -117.045679635648114, 32.333643726862334 ], [ -117.045340856483804, 32.333611282862101 ], [ -117.045013049662103, 32.333615119476164 ], [ -117.044801315627055, 32.333649378310575 ], [ -117.044132001935225, 32.333862743256631 ], [ -117.043458722277919, 32.334121776525059 ], [ -117.0427270138225, 32.33441634749969 ], [ -117.041343794137475, 32.334973186836763 ], [ -117.041048484386437, 32.335092066102064 ], [ -117.040986033254484, 32.335117206168334 ], [ -117.040360567517354, 32.335411728824162 ], [ -117.039914447065954, 32.335790766761491 ], [ -117.039902601263961, 32.336037729508604 ], [ -117.040293447603815, 32.336811184564922 ], [ -117.040314433582012, 32.336829300246166 ], [ -117.040520666602418, 32.337007325764333 ], [ -117.041190172815277, 32.337149194941311 ], [ -117.041919390515346, 32.337155720765885 ], [ -117.043082049114346, 32.337108324680131 ], [ -117.044652894860661, 32.337044271642448 ], [ -117.045316370748353, 32.33706602458048 ], [ -117.045544234123597, 32.337199831233349 ], [ -117.045544379703585, 32.337490508875092 ], [ -117.045550170478805, 32.337529703325622 ], [ -117.045533789159023, 32.337561555677297 ], [ -117.044357512884801, 32.338724598604415 ], [ -117.044166395456074, 32.339044358995139 ], [ -117.044067012447314, 32.339536619972286 ], [ -117.044074930001742, 32.339783793413034 ], [ -117.044087128774066, 32.339932423695643 ], [ -117.044143217385709, 32.340586427064871 ], [ -117.044348122437455, 32.341258467206025 ], [ -117.044439952591688, 32.341618724067686 ], [ -117.04460749580781, 32.341973879598477 ], [ -117.044755012891017, 32.342120987705783 ], [ -117.045018495860546, 32.342288600689535 ], [ -117.045275884238563, 32.342452335505357 ], [ -117.045278431727198, 32.342452509934255 ], [ -117.045423323439778, 32.342462430717966 ], [ -117.045957581725276, 32.342732252959159 ], [ -117.04620246564464, 32.342855928037977 ], [ -117.046427194026123, 32.342969423137276 ], [ -117.047875612645711, 32.343536120404657 ], [ -117.048120478822653, 32.343631948169019 ], [ -117.048165975802775, 32.343647623443225 ], [ -117.048620696481748, 32.343804289152992 ], [ -117.049262369803841, 32.343946126030296 ], [ -117.049678826943349, 32.343976409679307 ], [ -117.050980619038924, 32.34397589032622 ], [ -117.051361179632693, 32.343950363497271 ], [ -117.051835336242718, 32.343831764721905 ], [ -117.0521321416185, 32.343687865109061 ], [ -117.052587607587114, 32.343411398093586 ], [ -117.053043070784511, 32.343134929424508 ], [ -117.053255870441845, 32.342964063462802 ], [ -117.053379623956133, 32.34281955833579 ], [ -117.053454748031484, 32.342675764683399 ], [ -117.053492227978495, 32.342571074638371 ], [ -117.053517192990469, 32.342384268829377 ], [ -117.053516690675266, 32.342115463645925 ], [ -117.053516620780925, 32.341996717521191 ], [ -117.053508282955235, 32.341838083477676 ], [ -117.053475978604126, 32.341642691023736 ], [ -117.053411557645248, 32.341430272885454 ], [ -117.053309868474955, 32.34117548304944 ], [ -117.053150489901768, 32.340880555826502 ], [ -117.052984655975905, 32.340592682760111 ], [ -117.052507963519048, 32.339793693746735 ], [ -117.052323197355292, 32.339477229228187 ], [ -117.052195987851576, 32.339208469055471 ], [ -117.052000421195459, 32.338669807359928 ], [ -117.051908091762954, 32.338408582608807 ], [ -117.051730838420113, 32.337867417556005 ], [ -117.051659801945632, 32.337650537057463 ], [ -117.051491458444659, 32.336902167106452 ], [ -117.051421761915663, 32.336412788419253 ], [ -117.051389289118831, 32.335847025671903 ], [ -117.05138879472554, 32.335473146200243 ], [ -117.051389633758973, 32.334893842836699 ], [ -117.051715181363477, 32.334351611180359 ], [ -117.051918109465817, 32.334015427316253 ], [ -117.052232364944501, 32.333627230727352 ], [ -117.052633898163862, 32.333312704587705 ], [ -117.052634895535988, 32.333312000400895 ], [ -117.053088882745314, 32.333157602525475 ], [ -117.053454254776639, 32.333079424301829 ], [ -117.053825841597188, 32.333023298181928 ], [ -117.05548077942214, 32.332835223763823 ], [ -117.056179804935923, 32.332766979488724 ], [ -117.056987374963541, 32.332699759442129 ], [ -117.057193207369224, 32.332956342131155 ], [ -117.057376323573408, 32.333410276541507 ], [ -117.057376326248573, 32.333784106015827 ], [ -117.057765444861147, 32.334344847068373 ], [ -117.058215603989737, 32.335176423303452 ], [ -117.058520797274042, 32.33599655734033 ], [ -117.058703915715341, 32.336755658154367 ], [ -117.058749696103334, 32.337053196288231 ], [ -117.058925181421756, 32.337274440502178 ], [ -117.059726302783247, 32.337621560671138 ], [ -117.06020698260582, 32.338819337414513 ], [ -117.061000481975228, 32.340280317410596 ], [ -117.061755828822641, 32.341001268429608 ], [ -117.062244131730296, 32.341336947971172 ], [ -117.062205986931772, 32.341787069642606 ], [ -117.062389103240633, 32.342237189281938 ], [ -117.062740072785971, 32.342759784392612 ], [ -117.062740076425229, 32.343255681711064 ], [ -117.063129191453513, 32.343175571500204 ], [ -117.063533565841439, 32.343209899338305 ], [ -117.063617494188151, 32.343480734328757 ], [ -117.063449643422544, 32.343743941994823 ], [ -117.062961341439262, 32.343663840727068 ], [ -117.062824008660712, 32.343934677743441 ], [ -117.062862160034967, 32.344380983901921 ], [ -117.063396239977905, 32.344419125374024 ], [ -117.063617503295291, 32.344716661022609 ], [ -117.06380061967208, 32.345170595491659 ], [ -117.06398373743427, 32.345811445163825 ], [ -117.0642889288726, 32.346223417342422 ], [ -117.064601752064689, 32.346971074395022 ], [ -117.064952720116523, 32.347157986394812 ], [ -117.064990872766089, 32.347650067662492 ], [ -117.06517399028661, 32.348252770985049 ], [ -117.065524959159447, 32.348668558476533 ], [ -117.065578371724143, 32.349225487888319 ], [ -117.066013268167282, 32.349679420087121 ], [ -117.065524969509454, 32.350060883670842 ], [ -117.065524973365896, 32.350579668104082 ], [ -117.066585502754833, 32.350579658468519 ], [ -117.066905954272301, 32.351067922367498 ], [ -117.066997513918324, 32.351483712233019 ], [ -117.067348482039307, 32.351670623357059 ], [ -117.067836787205266, 32.352155071825358 ], [ -117.067752864770441, 32.352799738777989 ], [ -117.06734849193252, 32.35299047156704 ], [ -117.067653682605098, 32.353284192574264 ], [ -117.068508209424124, 32.35328418483715 ], [ -117.069431412353865, 32.354375149224474 ], [ -117.070270690965174, 32.355729320541002 ], [ -117.070316476918961, 32.356740186236152 ], [ -117.070720854376106, 32.357152158489335 ], [ -117.070942120217524, 32.357758676345114 ], [ -117.071209168038976, 32.358731394592766 ], [ -117.071026058643525, 32.359219663072913 ], [ -117.070942134776487, 32.35966978609266 ], [ -117.071254955572002, 32.359944432984705 ], [ -117.071781406724924, 32.360123714742997 ], [ -117.0720484525866, 32.36095147807287 ], [ -117.071781415067207, 32.361214686619661 ], [ -117.071560158336496, 32.361924203106291 ], [ -117.072277356102092, 32.362530715643771 ], [ -117.072445214172916, 32.363099088534121 ], [ -117.072010322015828, 32.363244046457567 ], [ -117.071705134899375, 32.363434779219979 ], [ -117.072010325724051, 32.363728499379633 ], [ -117.073032712666588, 32.364521925331196 ], [ -117.073421832337914, 32.365128441725368 ], [ -117.073467614917618, 32.365685371266252 ], [ -117.073116650922529, 32.365944766633049 ], [ -117.0731624318543, 32.366288079033907 ], [ -117.073871994943005, 32.366291887532931 ], [ -117.074490006645718, 32.366967064107698 ], [ -117.0739177804777, 32.367230276256549 ], [ -117.073872007131328, 32.367871127185126 ], [ -117.07413905076433, 32.368393724114128 ], [ -117.07510802648747, 32.368687438408095 ], [ -117.076168558314606, 32.368916304508595 ], [ -117.076305892336691, 32.368805680799454 ], [ -117.076305889688356, 32.368466181895705 ], [ -117.076168552723715, 32.368199162132257 ], [ -117.07568787880264, 32.367905442602407 ], [ -117.07528350111707, 32.367607908480359 ], [ -117.075245351212189, 32.367379033308339 ], [ -117.075863357118607, 32.367302735976189 ], [ -117.076435587051847, 32.367523976768808 ], [ -117.076839964504728, 32.367905432366364 ], [ -117.077023084424397, 32.368767528065888 ], [ -117.077023088812311, 32.369328272854702 ], [ -117.076351676197092, 32.369519007954374 ], [ -117.076397458005701, 32.369969129842573 ], [ -117.076534796708216, 32.370457395490597 ], [ -117.076656878664821, 32.37128897499705 ], [ -117.076923923840525, 32.371998487182651 ], [ -117.077152821850419, 32.372830065752098 ], [ -117.077686903734943, 32.373161930313032 ], [ -117.077770836101976, 32.373802780122865 ], [ -117.077595354823828, 32.374027842370509 ], [ -117.077686915290187, 32.374634361460245 ], [ -117.077290171994747, 32.37477550508094 ], [ -117.077503809135834, 32.375420168565086 ], [ -117.077992116392821, 32.376213599399421 ], [ -117.078259162274776, 32.37688877915928 ], [ -117.078709317526844, 32.377186313832588 ], [ -117.079197620682933, 32.377338893227709 ], [ -117.079281544689891, 32.377029910312011 ], [ -117.079502806060475, 32.377029908369551 ], [ -117.079899552360573, 32.377151971832326 ], [ -117.079899557679866, 32.377823340034297 ], [ -117.079815634825209, 32.378277276100548 ], [ -117.079502816771438, 32.378384087419334 ], [ -117.079548599004355, 32.378879984433162 ], [ -117.080303943917897, 32.379288138945384 ], [ -117.080838025974856, 32.379509380162695 ], [ -117.081013514203491, 32.380043421521997 ], [ -117.081494186307268, 32.380077747973615 ], [ -117.081448411037329, 32.380459207586455 ], [ -117.081326336387463, 32.380566017232624 ], [ -117.081547599276121, 32.380752930538414 ], [ -117.08202827111765, 32.380752926339326 ], [ -117.082386867134176, 32.380600339520036 ], [ -117.08265390809872, 32.380756735690859 ], [ -117.082699688767335, 32.381050458214347 ], [ -117.082295317439034, 32.381466252516098 ], [ -117.082478431950207, 32.381622648522466 ], [ -117.082966731850561, 32.381470060573996 ], [ -117.083722074767039, 32.381504385536545 ], [ -117.08402726509253, 32.381809550252235 ], [ -117.084027267491763, 32.382107087997298 ], [ -117.083493191081246, 32.382484737059045 ], [ -117.082966742108823, 32.382747948733581 ], [ -117.083004893575122, 32.383049300959726 ], [ -117.083233786968975, 32.383274359681472 ], [ -117.083188011410101, 32.383617672928573 ], [ -117.08323379294697, 32.384018204936481 ], [ -117.083584761590856, 32.384208931045073 ], [ -117.083722093567516, 32.38383891507943 ], [ -117.084073058544178, 32.383686328336324 ], [ -117.084477434999286, 32.383793133400772 ], [ -117.084607148325674, 32.384849773655155 ], [ -117.084958119397115, 32.385338038417721 ], [ -117.084828421668533, 32.386322203901081 ], [ -117.084958130050822, 32.386654072079956 ], [ -117.0854845824161, 32.386913459793604 ], [ -117.085492221747387, 32.38804257815022 ], [ -117.085629559786284, 32.388530844777797 ], [ -117.086018676933918, 32.388645278733733 ], [ -117.08628571854986, 32.388870337148518 ], [ -117.08611786741821, 32.389206022724309 ], [ -117.086468837385922, 32.389549332554282 ], [ -117.087140255562161, 32.389881196069268 ], [ -117.087620930082423, 32.390190174130119 ], [ -117.087842197396839, 32.390903500776872 ], [ -117.088330502269102, 32.391231551067875 ], [ -117.08833050637179, 32.391731262451337 ], [ -117.088376288993814, 32.392253861445184 ], [ -117.088864598320157, 32.393119768607306 ], [ -117.08913164675441, 32.394164964198481 ], [ -117.089215579820603, 32.394962213529134 ], [ -117.089749664088359, 32.39540851559854 ], [ -117.090199827220687, 32.396610108159052 ], [ -117.090505015857417, 32.396575773991529 ], [ -117.09055079071878, 32.39615616887157 ], [ -117.09090938667606, 32.396087502687543 ], [ -117.091344283803963, 32.3963850367359 ], [ -117.091565548748122, 32.396797010840906 ], [ -117.09156555281065, 32.397285278690205 ], [ -117.091176439246595, 32.397510342750842 ], [ -117.091077255530365, 32.397887988035748 ], [ -117.091527412831596, 32.398269443449792 ], [ -117.092015714805953, 32.398338101500187 ], [ -117.092099645712722, 32.398757706419381 ], [ -117.091756310179264, 32.399055247118739 ], [ -117.091527422510325, 32.399432893509392 ], [ -117.092198840738618, 32.399844863790229 ], [ -117.092633740510422, 32.400558188682382 ], [ -117.092595597025081, 32.401118932997619 ], [ -117.092900792311653, 32.401874220194308 ], [ -117.092900799204628, 32.402698171303435 ], [ -117.092732946825848, 32.402885087990491 ], [ -117.092465910703254, 32.403339026550832 ], [ -117.092778734933987, 32.404052352496272 ], [ -117.092778738984791, 32.404536805534953 ], [ -117.092908448042181, 32.405036515847605 ], [ -117.093579865045257, 32.405177649425205 ], [ -117.093846910969972, 32.405890975773097 ], [ -117.093930847276141, 32.406947616561453 ], [ -117.093801144371952, 32.407290930545926 ], [ -117.093976630021515, 32.4074702155973 ], [ -117.094503082229281, 32.407657125529276 ], [ -117.094724347334861, 32.40807291449584 ], [ -117.094464938256436, 32.408263645865226 ], [ -117.094335234968113, 32.408454377041359 ], [ -117.094464940761426, 32.408561184545576 ], [ -117.094869316696133, 32.408561181143341 ], [ -117.095258434147823, 32.408782423798506 ], [ -117.095258437691825, 32.409202028549792 ], [ -117.094548879282044, 32.409877217647988 ], [ -117.094548881787858, 32.410174755429267 ], [ -117.094869330303055, 32.410174752739152 ], [ -117.09530422143105, 32.409839064927375 ], [ -117.095754377070278, 32.410102268271771 ], [ -117.095838308936052, 32.410624866100981 ], [ -117.095670462274995, 32.411490779839582 ], [ -117.09526608948967, 32.411868427684098 ], [ -117.094999050427987, 32.411979053334491 ], [ -117.095044830399615, 32.412169782137788 ], [ -117.095838321078389, 32.412059152080012 ], [ -117.096288479279892, 32.412619893224907 ], [ -117.096288485685577, 32.413375182145948 ], [ -117.096471605197053, 32.414088509242347 ], [ -117.096998059485969, 32.414504295688204 ], [ -117.097265103954584, 32.415026892002324 ], [ -117.097043845510242, 32.415404538311186 ], [ -117.097211702674102, 32.415774552640805 ], [ -117.097173558714132, 32.416377258174599 ], [ -117.096776815693929, 32.41660613704483 ], [ -117.09668526216322, 32.416983782268893 ], [ -117.097005711086183, 32.417128733681352 ], [ -117.097623718914988, 32.417056251503908 ], [ -117.098012836532561, 32.417281309022158 ], [ -117.097883134249074, 32.417697100946029 ], [ -117.097440612487631, 32.417884018996666 ], [ -117.097356691424551, 32.418635494705796 ], [ -117.09784500077069, 32.419421296331947 ], [ -117.097806859931708, 32.420283394182221 ], [ -117.098157827878296, 32.420435974991612 ], [ -117.098775836148732, 32.420512260835537 ], [ -117.099134437079314, 32.420886088422684 ], [ -117.099042882911363, 32.421187441794459 ], [ -117.098646139921129, 32.42153075798452 ], [ -117.098867404176616, 32.421828293952366 ], [ -117.099264153061156, 32.422171604487126 ], [ -117.099134452883845, 32.422728535672782 ], [ -117.099309938446453, 32.422987926543357 ], [ -117.099401502673501, 32.423857652074581 ], [ -117.09914209348598, 32.424048384306197 ], [ -117.098508827246647, 32.424155198121127 ], [ -117.098608017421384, 32.424532841775246 ], [ -117.098997132889068, 32.424494692194777 ], [ -117.099180250931951, 32.425021104059802 ], [ -117.09935573722926, 32.425364416428998 ], [ -117.099760112495929, 32.425364413105541 ], [ -117.09984404250774, 32.425658135397576 ], [ -117.099531227281233, 32.426039597259951 ], [ -117.099088703818197, 32.426146409494862 ], [ -117.099180264153901, 32.426562199595104 ], [ -117.099531232787129, 32.42668044887133 ], [ -117.099981385439222, 32.426562193021994 ], [ -117.100286576315114, 32.426752919716229 ], [ -117.100294209146497, 32.427164895693167 ], [ -117.099889834806788, 32.427275521528983 ], [ -117.099943246675878, 32.427763788987932 ], [ -117.099676208471024, 32.427988851933357 ], [ -117.099577027889467, 32.428625889539475 ], [ -117.09918791411944, 32.42897302045278 ], [ -117.099187915035841, 32.42907982905421 ], [ -117.099805924147049, 32.429232407719063 ], [ -117.100027190094096, 32.42961386520512 ], [ -117.099989043219026, 32.42987325783708 ], [ -117.09988985942158, 32.430136464885514 ], [ -117.099943269654545, 32.430434003148711 ], [ -117.100690989166964, 32.431105364511829 ], [ -117.10131662821324, 32.431223611569756 ], [ -117.101484485976044, 32.431750024486803 ], [ -117.101217446394131, 32.431818688886132 ], [ -117.100690994401845, 32.431711884570177 ], [ -117.100294249645074, 32.4318644715201 ], [ -117.100294255496365, 32.432543468617098 ], [ -117.100607076640784, 32.432841003874323 ], [ -117.100790196674907, 32.433588662609374 ], [ -117.101049614442346, 32.434382095844363 ], [ -117.100958062493106, 32.43494284063236 ], [ -117.101278513192554, 32.435164084878039 ], [ -117.102117787767384, 32.435618014422396 ], [ -117.102514536905346, 32.436068132739834 ], [ -117.102552692621416, 32.436827236224815 ], [ -117.102117800845463, 32.437124777548718 ], [ -117.102079655965355, 32.43761304576585 ], [ -117.102209368346195, 32.438356890136859 ], [ -117.102293300535266, 32.438997740192271 ], [ -117.101812630022224, 32.439260951210443 ], [ -117.102026267508705, 32.439829323176795 ], [ -117.102560353910945, 32.44050831689097 ], [ -117.103010510021093, 32.440660896094137 ], [ -117.104208389768928, 32.442121875406087 ], [ -117.10527656317322, 32.443319648643062 ], [ -117.105627534313669, 32.443697290332942 ], [ -117.105543609795973, 32.444040603942433 ], [ -117.105894577622024, 32.444040601133885 ], [ -117.106291322480573, 32.443884199411983 ], [ -117.106428655426612, 32.443624806872428 ], [ -117.106077684579418, 32.443281495843763 ], [ -117.105711455646855, 32.443094584385413 ], [ -117.105757231740341, 32.442831376862948 ], [ -117.105627523740694, 32.442495693701616 ], [ -117.105665667702397, 32.442011240284558 ], [ -117.106016636445446, 32.442118046077695 ], [ -117.106512569400934, 32.442190519144653 ], [ -117.106916948238862, 32.44256816040712 ], [ -117.106779615335782, 32.442831368667207 ], [ -117.107039026630702, 32.442865698151806 ], [ -117.107306069496133, 32.443056425225031 ], [ -117.107267923748779, 32.44343788485741 ], [ -117.107267928038581, 32.443922337977455 ], [ -117.107534974005603, 32.44456318751098 ], [ -117.107977502660475, 32.445013305531994 ], [ -117.108023286765231, 32.445654155941284 ], [ -117.108206408085138, 32.446516252117412 ], [ -117.108252191485249, 32.447076996744237 ], [ -117.108473461731492, 32.448015384488485 ], [ -117.109396661393262, 32.448240437926785 ], [ -117.11015200922283, 32.448728699873563 ], [ -117.1102817199437, 32.449258927100487 ], [ -117.110914990654734, 32.449594606292862 ], [ -117.11134988386425, 32.449445833921089 ], [ -117.111937373797943, 32.449518306307795 ], [ -117.112280713779555, 32.449670887321659 ], [ -117.1126393085123, 32.449400048561429 ], [ -117.113081834970018, 32.44959077427427 ], [ -117.113127617811799, 32.450079041882212 ], [ -117.113394664688684, 32.450799997268113 ], [ -117.113882968521594, 32.450872470451621 ], [ -117.113799044703185, 32.451284447220587 ], [ -117.113257335468091, 32.451467551999578 ], [ -117.113318376961004, 32.451864269243927 ], [ -117.113455716833229, 32.452371608423789 ], [ -117.113455723161692, 32.453069678816888 ], [ -117.113661729505949, 32.453496911667479 ], [ -117.113661739230949, 32.454568811780391 ], [ -117.113730413277594, 32.455224921330306 ], [ -117.113623599191229, 32.455472870077401 ], [ -117.113623602201741, 32.455804739491199 ], [ -117.113760938566287, 32.455922991485608 ], [ -117.114195833242221, 32.455926801984418 ], [ -117.114295022303637, 32.456148048081545 ], [ -117.114325546357762, 32.456708792872867 ], [ -117.114821482013284, 32.457048287133105 ], [ -117.115187713370645, 32.457475518742747 ], [ -117.11559209416896, 32.458032445790856 ], [ -117.115622617238785, 32.458482567151009 ], [ -117.116065146227299, 32.458932686184845 ], [ -117.116065154014606, 32.459783339446012 ], [ -117.115958342514503, 32.460313568573945 ], [ -117.116126205307793, 32.461244328115072 ], [ -117.116461917401963, 32.461728778667258 ], [ -117.116789998420003, 32.461919505343843 ], [ -117.117659788196207, 32.461953830132195 ], [ -117.11805653594287, 32.462091152414445 ], [ -117.118262540797843, 32.462342913547097 ], [ -117.11822439462388, 32.462567974650774 ], [ -117.117888687357521, 32.462709117458196 ], [ -117.117354605087385, 32.462659531673395 ], [ -117.117430909719459, 32.463445336935237 ], [ -117.11769795470147, 32.463838237787513 ], [ -117.118995011274549, 32.464009884650871 ], [ -117.119025533343503, 32.464345568666936 ], [ -117.11848382404105, 32.464543931750036 ], [ -117.11829308116593, 32.464662185412685 ], [ -117.118293084475667, 32.4650207567759 ], [ -117.118735611805036, 32.465276330900345 ], [ -117.118796655234988, 32.465871407056035 ], [ -117.118331243524807, 32.466092656650879 ], [ -117.11823205879962, 32.466348234975797 ], [ -117.118659330544347, 32.467023414989313 ], [ -117.119300236661005, 32.467870249405109 ], [ -117.120162399593468, 32.468148707419594 ], [ -117.120757525610415, 32.468907806777551 ], [ -117.120727014281343, 32.469727944468488 ], [ -117.120459977486789, 32.470128478205687 ], [ -117.120101383140167, 32.470460351304865 ], [ -117.120162423417781, 32.470712113578756 ], [ -117.12069650607647, 32.470883766418503 ], [ -117.120696514957018, 32.471837414433978 ], [ -117.12060496636721, 32.472634664578678 ], [ -117.120467634084974, 32.472966535072345 ], [ -117.120734675985616, 32.473111487142042 ], [ -117.121093275800177, 32.473363248038865 ], [ -117.121093279997879, 32.473813369666829 ], [ -117.120666016882879, 32.473985029886983 ], [ -117.120467648530393, 32.474519073645332 ], [ -117.12060498994606, 32.475167553100817 ], [ -117.120872032364943, 32.475365909941395 ], [ -117.121200111988486, 32.47548415962067 ], [ -117.121207745028727, 32.475789327073016 ], [ -117.120872039189578, 32.476098311964066 ], [ -117.120704187741552, 32.476411109491877 ], [ -117.120872047329385, 32.476971853285448 ], [ -117.120734716664231, 32.477479195540532 ], [ -117.12097124279552, 32.47796364693648 ], [ -117.121703701871795, 32.47835272949186 ], [ -117.121902084249385, 32.479317819569054 ], [ -117.122039432287238, 32.480668184324166 ], [ -117.122245442558011, 32.481480690595582 ], [ -117.122275968969632, 32.482274125902109 ], [ -117.122481976397879, 32.482781464664399 ], [ -117.123206805529819, 32.483086626707312 ], [ -117.123702743636869, 32.48362829486058 ], [ -117.124114761050635, 32.484810815446629 ], [ -117.124381817333258, 32.48646634589312 ], [ -117.124351312494611, 32.487965480898559 ], [ -117.123946947257068, 32.489121305687092 ], [ -117.124381854630144, 32.490418263502839 ], [ -117.124282874521583, 32.491202490094807 ], [ -117.109663341131181, 32.491795654732805 ], [ -117.10948675393837, 32.491382465926755 ], [ -117.109378779281116, 32.491215105562084 ], [ -117.108875302120509, 32.490765614516448 ], [ -117.10826402880717, 32.490290842333344 ], [ -117.105914949841889, 32.4885247040664 ], [ -117.10533952940412, 32.487963622932725 ], [ -117.105003261146692, 32.487111408990053 ], [ -117.105098291125358, 32.486455043808704 ], [ -117.105488153156344, 32.485349631347994 ], [ -117.105878005690528, 32.48424421750515 ], [ -117.105979090498636, 32.483653813188106 ], [ -117.105671130356669, 32.483109422211143 ], [ -117.105130105501573, 32.48292212326097 ], [ -117.102913290478895, 32.482592429225861 ], [ -117.102312475867393, 32.482466059556401 ], [ -117.101725481666378, 32.48220605052952 ], [ -117.101487732808494, 32.481960980782667 ], [ -117.100965236503896, 32.481077331259016 ], [ -117.100811328247303, 32.480852490427992 ], [ -117.100615580245929, 32.480686883956452 ], [ -117.100489847876617, 32.480675144175109 ], [ -117.1000988438024, 32.480785964451243 ], [ -117.09999117786785, 32.480870623031159 ], [ -117.099879741073764, 32.481154876798577 ], [ -117.099828211450856, 32.481476295076874 ], [ -117.099785199686394, 32.481881527798926 ], [ -117.099699175015843, 32.48269199312282 ], [ -117.099527919392742, 32.483023654735106 ], [ -117.098857762007427, 32.48335570892759 ], [ -117.098071648883007, 32.483498406486405 ], [ -117.097072190999526, 32.483609689942917 ], [ -117.095073267790852, 32.48383223305526 ], [ -117.094305057405521, 32.483929224162125 ], [ -117.093718469311924, 32.484048064450903 ], [ -117.093648698021894, 32.484120849135806 ], [ -117.09373569469831, 32.484194456829975 ], [ -117.093779193089617, 32.484231260654099 ], [ -117.093909688476046, 32.484341672034553 ], [ -117.09395367305234, 32.484419446337569 ], [ -117.093897943074268, 32.484561570504219 ], [ -117.093774343888171, 32.484686830634232 ], [ -117.09360065471688, 32.484834304809858 ], [ -117.093253274674623, 32.48512925243481 ], [ -117.093117752212436, 32.485305264516285 ], [ -117.093006385800649, 32.485684233679592 ], [ -117.092982813678105, 32.486049606223027 ], [ -117.09298326826557, 32.486491640457025 ], [ -117.092984177470356, 32.487375708831749 ], [ -117.09292472397307, 32.487781702772303 ], [ -117.092645908348047, 32.488350238320422 ], [ -117.092307051673302, 32.488756437272301 ], [ -117.091004515066473, 32.490083488922764 ], [ -117.090743443512892, 32.490454106685185 ], [ -117.090512776905797, 32.490738119782385 ], [ -117.090240090981752, 32.49096537442658 ], [ -117.042910055878181, 32.48036778930431 ], [ -117.042572898747196, 32.479000958958601 ], [ -117.042410545879406, 32.478691466391858 ], [ -117.042149137123559, 32.478443614010928 ], [ -117.037698145156156, 32.477342108707923 ], [ -117.033899582933756, 32.476291815462432 ], [ -117.033173169812514, 32.47612624892335 ], [ -117.032598470984496, 32.476114561371936 ], [ -117.031531171105499, 32.476148363495106 ], [ -117.030219917248729, 32.476133370293965 ], [ -117.029924500136232, 32.476176862106023 ], [ -117.028798955379756, 32.476377428630236 ], [ -117.027735922687654, 32.476970189948155 ], [ -117.022218933224934, 32.475734895673938 ], [ -117.003013174137394, 32.467088052700021 ], [ -117.003120684458608, 32.466373843070173 ], [ -117.003181611792712, 32.465732166896935 ], [ -117.003181618236241, 32.464874894919689 ], [ -117.003205563002922, 32.464480783459308 ], [ -117.003317293846081, 32.464078215048893 ], [ -117.0034529642857, 32.463897228676295 ], [ -117.003802335226524, 32.463601034784482 ], [ -117.003974359671886, 32.463455192760705 ], [ -117.00411002796092, 32.463309726456863 ], [ -117.004221753994344, 32.463072920885367 ], [ -117.004245694608457, 32.462880093633849 ], [ -117.004245691795987, 32.46221703872137 ], [ -117.004209778933983, 32.461943021213948 ], [ -117.004042189774736, 32.461327327628823 ], [ -117.003838691681807, 32.460721782561521 ], [ -117.003447663506151, 32.459616689943644 ], [ -117.003056644878328, 32.458511595917372 ], [ -117.002793309784835, 32.457885750878347 ], [ -117.002346440557105, 32.45717532974917 ], [ -117.001971390684673, 32.456786287011887 ], [ -117.001319712482911, 32.456233729251821 ], [ -117.000668042236569, 32.455681168071173 ], [ -117.000358837278853, 32.45533779174297 ], [ -116.996561514807183, 32.453501496836715 ], [ -116.996357409282481, 32.453103165885516 ], [ -116.996467145189797, 32.452736120296393 ], [ -116.996793005254247, 32.452128327870483 ], [ -116.997118860943175, 32.451520534542396 ], [ -116.997312375925389, 32.451204234089126 ], [ -116.997563739836693, 32.450943752941008 ], [ -116.997729317132197, 32.450887937549261 ], [ -116.998250648144889, 32.450887945870114 ], [ -116.998422207898301, 32.45092854339903 ], [ -116.998701489777687, 32.451117991143946 ], [ -116.998928904989214, 32.451348033093311 ], [ -116.999319901915385, 32.451790073069859 ], [ -116.999710902659615, 32.452232111801386 ], [ -116.999974231859412, 32.452472300712827 ], [ -117.000421095934755, 32.452709105646889 ], [ -117.000796143488699, 32.452807209023526 ], [ -117.001447822836894, 32.452917712509141 ], [ -117.002099503775824, 32.45302821262036 ], [ -117.002498492330631, 32.453075566459994 ], [ -117.003057074769444, 32.453075554138721 ], [ -117.003456060417491, 32.453028182697331 ], [ -117.004107734573481, 32.452917653836785 ], [ -117.004759407137854, 32.452807121602071 ], [ -117.005170357395357, 32.452709000211108 ], [ -117.005784780456892, 32.452472167850857 ], [ -117.006251576081794, 32.452231956961398 ], [ -117.007033549863351, 32.451789878488924 ], [ -117.007815516007753, 32.451347795130843 ], [ -117.008449873428461, 32.451127863171102 ], [ -117.0098462840146, 32.450985678318432 ], [ -117.011206801905885, 32.451002479288675 ], [ -117.013683143989724, 32.451112743896289 ], [ -117.016159492085734, 32.451222959806017 ], [ -117.017460169740758, 32.451249849696495 ], [ -117.018577292599048, 32.451154967584777 ], [ -117.018872503189868, 32.450992542647938 ], [ -117.019002766503974, 32.450660995084505 ], [ -117.01913302886463, 32.450329447369207 ], [ -117.019230748720716, 32.450192423462774 ], [ -117.019426251418437, 32.450216074029257 ], [ -117.0196078219642, 32.450386884299455 ], [ -117.019933737180224, 32.450773615785288 ], [ -117.020259655180908, 32.451160346402787 ], [ -117.020429273540771, 32.451392050272354 ], [ -117.020568986484406, 32.451699874899049 ], [ -117.020598957423161, 32.451907920685976 ], [ -117.020599032854136, 32.452239448581395 ], [ -117.020599108286333, 32.452570976459342 ], [ -117.02062308901229, 32.452753651160357 ], [ -117.020734848484565, 32.452943077303786 ], [ -117.020870524289151, 32.453031011262112 ], [ -117.021131221742635, 32.453141477071348 ], [ -117.02139191983207, 32.45325194233866 ], [ -117.02152763052419, 32.453481958936983 ], [ -117.021639551282533, 32.454334439837488 ], [ -117.021663727255572, 32.455322253092724 ], [ -117.021664176868697, 32.45720090990266 ], [ -117.021664626523688, 32.459079566151289 ], [ -117.021706765974798, 32.460092747561809 ], [ -117.021902519930407, 32.461063615505239 ], [ -117.022140029847705, 32.461437388050335 ], [ -117.022596344185544, 32.461824088956156 ], [ -117.023052662422927, 32.462210788182745 ], [ -117.023338013896748, 32.462391722493862 ], [ -117.023712481988909, 32.462455143929631 ], [ -117.023934559252325, 32.462383153178642 ], [ -117.024716534288572, 32.461940965608427 ], [ -117.025015777980045, 32.461846184401168 ], [ -117.025468007537086, 32.46184609374184 ], [ -117.025630278142359, 32.461846060815162 ], [ -117.0260825076966, 32.461845967948776 ], [ -117.026605259701483, 32.461940580686203 ], [ -117.028430279704111, 32.462382218323071 ], [ -117.029072752428959, 32.462497091309658 ], [ -117.030245929153935, 32.462591537057165 ], [ -117.031279422178017, 32.462611582145264 ], [ -117.034929211315003, 32.462610622546961 ], [ -117.035998654546404, 32.462721958082547 ], [ -117.037339609957399, 32.463242539043783 ], [ -117.038185825135116, 32.46387489342429 ], [ -117.039489869849561, 32.465090091016322 ], [ -117.040793949591773, 32.466305274839449 ], [ -117.041544459896443, 32.466968083653143 ], [ -117.042438639743452, 32.467630839571477 ], [ -117.042965522683843, 32.467914826909208 ], [ -117.043747826400349, 32.468246084535764 ], [ -117.044530135840773, 32.46857733727888 ], [ -117.044955213342675, 32.468744641175661 ], [ -117.045374281957848, 32.468862893335526 ], [ -117.045547872576236, 32.468864522117123 ], [ -117.045743382541758, 32.468809196734973 ], [ -117.045938892267841, 32.468753871048918 ], [ -117.046040772732283, 32.468673832144923 ], [ -117.046158185198408, 32.468385051624715 ], [ -117.046209898188351, 32.46806365442162 ], [ -117.046339633064974, 32.466848007518806 ], [ -117.046427263942462, 32.466536745712702 ], [ -117.046568064464765, 32.466417277561639 ], [ -117.046706474377089, 32.466299837361774 ], [ -117.047017715900651, 32.466272658077074 ], [ -117.047393071922386, 32.466307872276282 ], [ -117.048190968521567, 32.466382723505809 ], [ -117.048436375461492, 32.466370789080059 ], [ -117.048408353565307, 32.466205036298831 ], [ -117.048122916606374, 32.46598018088563 ], [ -117.047816989161035, 32.465772889778272 ], [ -117.046818914756187, 32.465096600121832 ], [ -117.046395751631067, 32.464744931990523 ], [ -117.045724983593672, 32.463987400866436 ], [ -117.04518991121671, 32.463256880894178 ], [ -117.044276808733713, 32.461931096023292 ], [ -117.043363733018907, 32.460605304227961 ], [ -117.042888518651523, 32.459803711833786 ], [ -117.042496970525775, 32.458714539950591 ], [ -117.04241282446597, 32.457960174003283 ], [ -117.042412254882265, 32.456744572995909 ], [ -117.042411685332851, 32.455528971753509 ], [ -117.042375455611122, 32.454845630907343 ], [ -117.042207524337414, 32.454087909586221 ], [ -117.04200385329743, 32.453688791171807 ], [ -117.041612589064613, 32.453136374722646 ], [ -117.041221329609186, 32.452583957005388 ], [ -117.040993718109732, 32.452164547067134 ], [ -117.04071404640095, 32.451312137484756 ], [ -117.040542127677369, 32.450513819535381 ], [ -117.04028082418256, 32.449077282043234 ], [ -117.040019529003615, 32.447640743674199 ], [ -117.0398236724253, 32.446811985412403 ], [ -117.039432258765103, 32.445817524009868 ], [ -117.03906895395717, 32.445225622538004 ], [ -117.038416956050767, 32.444341747717324 ], [ -117.037764970876637, 32.443457869387622 ], [ -117.03746155718629, 32.442936986869533 ], [ -117.037349579789804, 32.442273963353337 ], [ -117.037493021656203, 32.441847669917315 ], [ -117.037883703459585, 32.441184496130646 ], [ -117.038274379545655, 32.440521321066527 ], [ -117.038477671063077, 32.440135603521284 ], [ -117.038645019744891, 32.439661940107285 ], [ -117.038680799048919, 32.439370995910465 ], [ -117.03868061028426, 32.438928957880648 ], [ -117.038680421523736, 32.438486919819752 ], [ -117.038548601265376, 32.43807424093842 ], [ -117.037933826165641, 32.437032480391942 ], [ -117.037187410332365, 32.435956926134999 ], [ -117.035753201641128, 32.4339681686291 ], [ -117.034319055941282, 32.431979394121676 ], [ -117.033572720927609, 32.430893668677442 ], [ -117.032958034596021, 32.429804521294635 ], [ -117.032826232233589, 32.429334325686121 ], [ -117.032826032068996, 32.428781777227016 ], [ -117.032825831909875, 32.428229228719374 ], [ -117.032873570860644, 32.427880772358805 ], [ -117.033096751384548, 32.427359739495564 ], [ -117.03336784005235, 32.426963862710231 ], [ -117.033888785349177, 32.426300665190375 ], [ -117.03440972302397, 32.425637465451651 ], [ -117.034608993518262, 32.425211158917286 ], [ -117.034497059027345, 32.424548130967182 ], [ -117.034137887220382, 32.424027254097638 ], [ -117.033355797316005, 32.423143385198365 ], [ -117.032573722668559, 32.422259511310173 ], [ -117.032118818366257, 32.42165746230409 ], [ -117.03156006692565, 32.420615653564553 ], [ -117.031216755457862, 32.419729404914769 ], [ -117.030695079918374, 32.418182394753053 ], [ -117.030173422203902, 32.416635382040397 ], [ -117.029830146073138, 32.415769426776656 ], [ -117.029271487853435, 32.414822329687084 ], [ -117.028816679388214, 32.414335288578279 ], [ -117.028034793367283, 32.413672405146471 ], [ -117.027252918779041, 32.413009516787021 ], [ -117.026881910202491, 32.412623939167226 ], [ -117.026714270754141, 32.412150360541823 ], [ -117.026845791005087, 32.411859398090435 ], [ -117.027236488061803, 32.411417274209356 ], [ -117.027627181309327, 32.410975149087996 ], [ -117.027818517045617, 32.410684172440796 ], [ -117.027930035388607, 32.410210533353855 ], [ -117.027898012846805, 32.409824882964664 ], [ -117.027767536129559, 32.409161851493479 ], [ -117.02763706132383, 32.408498819816295 ], [ -117.02751531762479, 32.408128412194806 ], [ -117.027208128899431, 32.407725906471946 ], [ -117.026891031931953, 32.407521305352383 ], [ -117.026304735091927, 32.40724515387879 ], [ -117.025718441820985, 32.406968999663633 ], [ -117.025395381894171, 32.406810065959903 ], [ -117.025060351194668, 32.406620687144638 ], [ -117.024904795199788, 32.406509080226478 ], [ -117.024709346647072, 32.406343353544159 ], [ -117.024513898808607, 32.406177626554026 ], [ -117.024424144392285, 32.406071080661633 ], [ -117.024396185168158, 32.405905320910712 ], [ -117.024445997534883, 32.405775067195904 ], [ -117.024576205518485, 32.40555402163865 ], [ -117.024706412867658, 32.405332975939395 ], [ -117.024666484540049, 32.405146920796774 ], [ -117.024219741101547, 32.404720754085652 ], [ -117.023621469117586, 32.404297997215977 ], [ -117.02244888588028, 32.403524640498532 ], [ -117.021276322635288, 32.402751272767816 ], [ -117.020630207204348, 32.402247318476263 ], [ -117.019960107012736, 32.401442280747354 ], [ -117.019648934123069, 32.400796183281827 ], [ -117.019257917340994, 32.399691141499886 ], [ -117.018866910091234, 32.398586098307263 ], [ -117.018591635583959, 32.39790954585289 ], [ -117.018089028473398, 32.396962388160489 ], [ -117.017646294944853, 32.396285857385564 ], [ -117.016082852133493, 32.394075860506305 ], [ -117.015604271146003, 32.393450071352703 ], [ -117.014934296136175, 32.392739728895457 ], [ -117.014455767842165, 32.392350743143645 ], [ -117.012892627554535, 32.391245809078683 ], [ -117.012461969890978, 32.390917704232258 ], [ -117.012015353852618, 32.390491493260654 ], [ -117.011807987048144, 32.390210726255383 ], [ -117.01154743972991, 32.389768708811069 ], [ -117.011286894950217, 32.389326690796636 ], [ -117.011151297595134, 32.389025618381446 ], [ -117.011039596650264, 32.388504650534102 ], [ -117.011015620661624, 32.388061483273312 ], [ -117.011015526773534, 32.387287910230455 ], [ -117.011015432889053, 32.386514337092557 ], [ -117.010979488788109, 32.386005202748443 ], [ -117.010811939273239, 32.385176388685707 ], [ -117.010608529153174, 32.384501502642969 ], [ -117.010217686507659, 32.383341174655769 ], [ -117.009826853857589, 32.382180845241059 ], [ -117.009546116780328, 32.381447637925177 ], [ -117.009510716737765, 32.381355182840721 ], [ -117.009456104521959, 32.38125259500066 ], [ -117.009349564271147, 32.381132131024543 ], [ -117.009689840258986, 32.381013202893392 ], [ -117.010028178025351, 32.380868023636133 ], [ -117.010513428840099, 32.380664274360477 ], [ -117.010881816325309, 32.380521972737384 ], [ -117.011598062079315, 32.380300887757691 ], [ -117.012024614804062, 32.380140156412558 ], [ -117.012582705364522, 32.379832251075541 ], [ -117.012953424215411, 32.379553117946784 ], [ -117.013967905605142, 32.378692030134985 ], [ -117.014125341666528, 32.37855839681972 ], [ -117.014454188207978, 32.378258966042083 ], [ -117.014816901588304, 32.377856349596094 ], [ -117.015006217885173, 32.377580614511317 ], [ -117.015526976353797, 32.376696466497584 ], [ -117.015662464165544, 32.376385215719864 ], [ -117.015773987460676, 32.375816861392764 ], [ -117.015797819208871, 32.375316177516488 ], [ -117.015797511601662, 32.373548006876931 ], [ -117.015755566901433, 32.373042256581343 ], [ -117.015560134105897, 32.372450259258081 ], [ -117.015322890210157, 32.372110298742918 ], [ -117.014858831773921, 32.371604101122799 ], [ -117.01479669479599, 32.371536321187435 ], [ -117.014411195401635, 32.371115809779134 ], [ -117.014018500057531, 32.370806311240536 ], [ -117.013097610007421, 32.370356473687529 ], [ -117.012713837767365, 32.370204542288832 ], [ -117.012233207695175, 32.369960187791079 ], [ -117.011996785645294, 32.369869953949646 ], [ -117.011627897905939, 32.369777903865916 ], [ -117.011330391606435, 32.369724972919876 ], [ -117.011112788402869, 32.369676817629838 ], [ -117.010931150843206, 32.369617546901409 ], [ -117.010611444199355, 32.369506429124471 ], [ -117.010403721555491, 32.369421047791711 ], [ -117.010190810550469, 32.369319291297884 ], [ -117.010060642204692, 32.369241463136611 ], [ -117.009924137272705, 32.369136482471184 ], [ -117.009777534539978, 32.369004413609439 ], [ -117.00964284456569, 32.368917677787103 ], [ -117.00953387661626, 32.368869514224713 ], [ -117.009181808871929, 32.368755396619001 ], [ -117.008750832132449, 32.368628397168763 ], [ -117.008480685292895, 32.368539000260903 ], [ -117.008357634683733, 32.368496641480277 ], [ -117.00817327225802, 32.368437222525948 ], [ -117.007883853729155, 32.368395670735971 ], [ -117.007751235662937, 32.368400988019779 ], [ -117.007100173032839, 32.368511537131582 ], [ -117.006942724028789, 32.3685656736235 ], [ -117.006859025443617, 32.368707763480238 ], [ -117.006896905305439, 32.368856612652714 ], [ -117.007101614525169, 32.369290860090011 ], [ -117.007209094826862, 32.369490822968146 ], [ -117.007269080835385, 32.369607643199743 ], [ -117.007301083689356, 32.36969365086977 ], [ -117.007302664071091, 32.36987302419584 ], [ -117.007297476975907, 32.370151290475491 ], [ -117.007126887531896, 32.370228457586819 ], [ -117.006948208380976, 32.370331540850337 ], [ -117.006731054345039, 32.370477818221772 ], [ -117.006501074189757, 32.370651869553505 ], [ -117.006365550245405, 32.370773663807313 ], [ -117.006287916912683, 32.370938402840835 ], [ -117.006245080342808, 32.371157453751103 ], [ -117.006222794034144, 32.371397131680567 ], [ -117.006206254440045, 32.37160458643821 ], [ -117.006213283607849, 32.371717765550656 ], [ -117.006205016383788, 32.371900862286516 ], [ -117.006208855593272, 32.372424700752298 ], [ -117.006192693297621, 32.372732299358738 ], [ -117.006166193565278, 32.372953592890511 ], [ -117.006137476128941, 32.3731242557825 ], [ -117.006106736491688, 32.373188096632077 ], [ -117.006063635973106, 32.373237888359625 ], [ -117.005970771760289, 32.373291629362463 ], [ -117.005897196116621, 32.373362671858764 ], [ -117.005871444538457, 32.373439975913563 ], [ -117.005887639968321, 32.373554456521376 ], [ -117.00591295326096, 32.373626378129003 ], [ -117.005955270570396, 32.373702646222903 ], [ -117.006258819006206, 32.374158341356974 ], [ -117.006783078679163, 32.374796005905687 ], [ -117.007110928810334, 32.375178507218592 ], [ -117.008866890857846, 32.377227110687798 ], [ -117.009397171668255, 32.377915508296596 ], [ -117.009787940697052, 32.378707095316635 ], [ -117.009815892088113, 32.3791248908326 ], [ -117.009685727299626, 32.379732709093588 ], [ -117.009585556740006, 32.380200459719525 ], [ -117.00952201151182, 32.380352294800339 ], [ -117.009374197633164, 32.380636551211502 ], [ -117.009106445758405, 32.38098077393569 ], [ -117.008945950110927, 32.380925340172958 ], [ -117.008132353943509, 32.380743201182064 ], [ -117.006895133600182, 32.380522253794943 ], [ -117.005657919276871, 32.38030129425843 ], [ -117.004948282160584, 32.380130483790744 ], [ -117.004111066307289, 32.379775301315981 ], [ -117.003624681572106, 32.379438710037043 ], [ -117.002192121308099, 32.37822312657142 ], [ -117.001795449158408, 32.377856079760342 ], [ -117.001376852218101, 32.377358787265827 ], [ -117.001175527306998, 32.377015417017418 ], [ -117.000654612910353, 32.375910314462523 ], [ -117.000531029865243, 32.375541570335429 ], [ -117.000475216145759, 32.374925868336767 ], [ -117.000519064033412, 32.374415038253211 ], [ -117.000779494611805, 32.372646865952213 ], [ -117.000901072671169, 32.372120811632414 ], [ -117.001208009708364, 32.371434063903237 ], [ -117.001524911628792, 32.370979049470627 ], [ -117.00211087571283, 32.370260721238743 ], [ -117.002696830528095, 32.369542390202476 ], [ -117.00306753371521, 32.369143189806351 ], [ -117.003625582351503, 32.368716919186276 ], [ -117.004052092597178, 32.368507161269378 ], [ -117.004768257329971, 32.368230859284715 ], [ -117.005484417705148, 32.367954553221182 ], [ -117.005809276242545, 32.367780315040186 ], [ -117.005892967933747, 32.367519821442528 ], [ -117.005687670775103, 32.367321926338427 ], [ -117.005166801087299, 32.366990416365006 ], [ -117.004645935201339, 32.366658904222362 ], [ -117.004398788280241, 32.366445785099735 ], [ -117.004287162817306, 32.366114256507586 ], [ -117.004374843378216, 32.365853763712686 ], [ -117.004635242027604, 32.365411711116579 ], [ -117.004895638142841, 32.364969657951967 ], [ -117.004947440298508, 32.3646787192354 ], [ -117.004668396848047, 32.364205111969341 ], [ -117.004217964724305, 32.363819467518894 ], [ -117.003306486780886, 32.363156429543089 ], [ -117.002395022141954, 32.362493384909129 ], [ -117.001872860949788, 32.362036690606693 ], [ -117.001259025597292, 32.361231547430954 ], [ -117.00090427928437, 32.36053803814935 ], [ -117.000383462215908, 32.359322420647771 ], [ -116.999862659083391, 32.358106800760837 ], [ -116.999519892580309, 32.357423436220103 ], [ -116.998961907574298, 32.356665643323751 ], [ -116.998507551651301, 32.356266446026098 ], [ -116.997726384294708, 32.355713879399893 ], [ -116.9969452264382, 32.355161307887656 ], [ -116.996455017321068, 32.354751953257207 ], [ -116.995729684719691, 32.353946779058184 ], [ -116.99518370821886, 32.353205884392402 ], [ -116.994272444444263, 32.351879713668808 ], [ -116.993361207260776, 32.350553536085975 ], [ -116.992910922451088, 32.349761891292701 ], [ -116.99263203360249, 32.348719913409042 ], [ -116.992683898428282, 32.348023019734633 ], [ -116.99320480386433, 32.345812825837193 ], [ -116.993292524307407, 32.345176827433725 ], [ -116.993180997451589, 32.344419030445444 ], [ -116.992933956035401, 32.34397246139153 ], [ -116.992413294352772, 32.343309363900069 ], [ -116.99189264026441, 32.342646264191153 ], [ -116.991597791850083, 32.342179391332962 ], [ -116.991263133720778, 32.341326853305084 ], [ -116.991079899091559, 32.340575815007711 ], [ -116.990819684201767, 32.339249661050196 ], [ -116.990559476897147, 32.337923506278223 ], [ -116.990364303813308, 32.337142018646368 ], [ -116.989973905046241, 32.336147386243965 ], [ -116.989611367088344, 32.335507969842517 ], [ -116.988960652143945, 32.334513312347013 ], [ -116.988309951430324, 32.333518651341777 ], [ -116.987995248082328, 32.332899532467245 ], [ -116.987828015564503, 32.331999637864598 ], [ -116.98790381072935, 32.331333193640212 ], [ -116.988164276845495, 32.330228104000469 ], [ -116.988424736628787, 32.3291230136278 ], [ -116.988464671859205, 32.328405820401571 ], [ -116.988130130821034, 32.327269099809698 ], [ -116.98761228913061, 32.326362404641216 ], [ -116.986571285123375, 32.324815136809043 ], [ -116.985530316516389, 32.323267860019264 ], [ -116.984904946873598, 32.322391587866775 ], [ -116.984068452956237, 32.3213968807379 ], [ -116.983498826848972, 32.320852143217252 ], [ -116.982587951736889, 32.320078439535777 ], [ -116.981677092113941, 32.319304729190563 ], [ -116.981203085747097, 32.318871634290986 ], [ -116.980812755620946, 32.318397954215357 ], [ -116.980729144067283, 32.318154364774742 ], [ -116.98072921427098, 32.317822829815448 ], [ -116.980729284473497, 32.317491294838739 ], [ -116.980615795743248, 32.317242626207381 ], [ -116.980086044780819, 32.316745241200209 ], [ -116.979442751445546, 32.316283357102606 ], [ -116.978206623474364, 32.315454312012406 ], [ -116.976970518025439, 32.314625254716582 ], [ -116.976279442274489, 32.314193792728418 ], [ -116.975526604397729, 32.313838432740368 ], [ -116.97514219244519, 32.313762239845808 ], [ -116.974101104312993, 32.31376203051564 ], [ -116.973758510111054, 32.313731512643869 ], [ -116.973200826353249, 32.313589308955407 ], [ -116.97274673074169, 32.313416678099337 ], [ -116.971966019730502, 32.313084971901908 ], [ -116.971185314412239, 32.312753260861236 ], [ -116.970737223561812, 32.312514655378195 ], [ -116.970207538610424, 32.312064590756876 ], [ -116.969898937005354, 32.311660247477526 ], [ -116.968988495395323, 32.310223373986915 ], [ -116.968751611675415, 32.309813970866919 ], [ -116.968556579715269, 32.309340300435629 ], [ -116.968514844746977, 32.309073031889007 ], [ -116.96843326195166, 32.30791527459359 ], [ -116.976646707006182, 32.30376030816285 ], [ -117.009194391232768, 32.26816984200962 ], [ -117.009774248048046, 32.268242314051982 ], [ -117.01052195983408, 32.268799236087787 ], [ -117.011231522050522, 32.269070064563998 ], [ -117.011803747680091, 32.268951806788692 ], [ -117.012559086824865, 32.268844990717092 ], [ -117.013436501979996, 32.269070042447112 ], [ -117.014329175877307, 32.269180656803613 ], [ -117.014764069450706, 32.269478189948146 ], [ -117.01582459678697, 32.269630762884596 ], [ -117.016145044163835, 32.26985582021269 ], [ -117.017419202358354, 32.269924469601619 ], [ -117.018533132753674, 32.269176799827335 ], [ -117.019112986569056, 32.26888307040565 ], [ -117.020173511659848, 32.268654184400837 ], [ -117.020127731297649, 32.268276540733112 ], [ -117.019990394639066, 32.267895084070346 ], [ -117.020173506357963, 32.267753942197942 ], [ -117.020829659659398, 32.267753935606443 ], [ -117.021272182060258, 32.267822593321739 ], [ -117.021890187804317, 32.268047647669157 ], [ -117.022950721677105, 32.269295007573433 ], [ -117.023263539864629, 32.269520064995348 ], [ -117.023263538241068, 32.26924922936194 ], [ -117.022912568715483, 32.268616011467998 ], [ -117.022950716472693, 32.268425282057891 ], [ -117.023576350588996, 32.268501566669833 ], [ -117.024018873512844, 32.268654145811688 ], [ -117.024591100672581, 32.268799094924169 ], [ -117.025170961906966, 32.269592522851312 ], [ -117.02574319189651, 32.270199036646574 ], [ -117.025918677060133, 32.270649156020127 ], [ -117.025918680681187, 32.271244232008691 ], [ -117.02548379106716, 32.271621880510438 ], [ -117.025483792873274, 32.271919418952898 ], [ -117.025788981658366, 32.272110144935347 ], [ -117.026139949010158, 32.272369533525591 ], [ -117.026628250150296, 32.272522112234483 ], [ -117.026712180006371, 32.273128630934302 ], [ -117.0272996671398, 32.273353685638519 ], [ -117.027513300993789, 32.273761844383763 ], [ -117.027337821285244, 32.274208152458627 ], [ -117.027826123416133, 32.274662083545834 ], [ -117.02844413380339, 32.275608095652899 ], [ -117.028528065052683, 32.276287091349566 ], [ -117.0288408838056, 32.276584625792736 ], [ -117.029199480410227, 32.27668761592728 ], [ -117.02919947698274, 32.276134501078559 ], [ -117.029466514086437, 32.275867477583709 ], [ -117.030389706565472, 32.275905613845467 ], [ -117.030878007285565, 32.275978085969363 ], [ -117.031320533262871, 32.276737184733172 ], [ -117.031549431992545, 32.278007440226169 ], [ -117.031763069271406, 32.278945826778255 ], [ -117.031671514878639, 32.279250994880108 ], [ -117.031183215464225, 32.279395953686972 ], [ -117.030961957430705, 32.279811746403006 ], [ -117.031366332845991, 32.280155055039636 ], [ -117.032342940855088, 32.281318494630938 ], [ -117.032999096407707, 32.281768609310959 ], [ -117.033670511055504, 32.282027994796088 ], [ -117.034204590045164, 32.282100466505135 ], [ -117.034471628179233, 32.281993656244929 ], [ -117.034463996527819, 32.281616012130371 ], [ -117.034242733081797, 32.281318475844948 ], [ -117.034204582880164, 32.280975163568506 ], [ -117.034593695093449, 32.280711952780749 ], [ -117.035127772401694, 32.280525033256481 ], [ -117.03553214763096, 32.280830195562423 ], [ -117.035921266105177, 32.281543519838678 ], [ -117.036539275619262, 32.282291173396537 ], [ -117.037073356125049, 32.282596335334382 ], [ -117.037698991924657, 32.282741283134726 ], [ -117.038805304141817, 32.283832244572245 ], [ -117.039110494705497, 32.284400614836628 ], [ -117.039377540356341, 32.285304670323185 ], [ -117.039865843308291, 32.285827263712015 ], [ -117.040041329931569, 32.286315529543629 ], [ -117.039949776778442, 32.286799983185723 ], [ -117.039728519063331, 32.287253921378188 ], [ -117.040216822354708, 32.287822289863797 ], [ -117.04062120029468, 32.288379215632766 ], [ -117.040705136642515, 32.289920309300527 ], [ -117.040621213182035, 32.290336099792505 ], [ -117.040316026092711, 32.290446726122141 ], [ -117.04017106343457, 32.29075189476427 ], [ -117.04039995751225, 32.291240159186351 ], [ -117.040438108924889, 32.291617803029588 ], [ -117.040926410742628, 32.291949667393531 ], [ -117.041056122769263, 32.292971976337874 ], [ -117.0407890846908, 32.293235185000547 ], [ -117.040750945332391, 32.294551218360475 ], [ -117.040972209529528, 32.295073815307276 ], [ -117.041239249840729, 32.295146289701009 ], [ -117.041239243389057, 32.294169755471351 ], [ -117.041544430488401, 32.294055314338543 ], [ -117.041903026780261, 32.29420789446057 ], [ -117.041994586122783, 32.29465801478419 ], [ -117.041994589892482, 32.295226388975792 ], [ -117.041811479623703, 32.295596405348626 ], [ -117.042299782954601, 32.296008376363496 ], [ -117.042566826412724, 32.296687370411028 ], [ -117.042566833187664, 32.297705865824632 ], [ -117.042650766618095, 32.298789207787749 ], [ -117.043016996376224, 32.299430055432111 ], [ -117.043367964767199, 32.299773364725347 ], [ -117.043894413700471, 32.299807691171196 ], [ -117.044649751596907, 32.299548291710082 ], [ -117.045046498375697, 32.299918303375613 ], [ -117.044832870171206, 32.300414201758208 ], [ -117.044428498853534, 32.300746074814967 ], [ -117.04328404679174, 32.301009291939863 ], [ -117.043284049567703, 32.301425082522428 ], [ -117.043367979060534, 32.301913349288562 ], [ -117.043856279964103, 32.301943861300316 ], [ -117.044207245887321, 32.301913341189874 ], [ -117.044832880797998, 32.30199344087886 ], [ -117.045534814008178, 32.302134574180769 ], [ -117.045717931593273, 32.302847900621437 ], [ -117.046290163146466, 32.303526891777722 ], [ -117.046816614950458, 32.30397319403184 ], [ -117.046511430383134, 32.304472907211427 ], [ -117.046374100378287, 32.305148091289105 ], [ -117.046862406447445, 32.305930076993192 ], [ -117.047221010056106, 32.307131669367422 ], [ -117.047663534518037, 32.307406315649452 ], [ -117.047488053874162, 32.30770004013516 ], [ -117.047175237285742, 32.307928918569402 ], [ -117.047175239857054, 32.30830656281497 ], [ -117.04796872890077, 32.308340886757428 ], [ -117.048235771531594, 32.308863482445979 ], [ -117.047884810742474, 32.309656920657844 ], [ -117.047228662262427, 32.310370255150268 ], [ -117.047312591846378, 32.310858521048182 ], [ -117.047846674234563, 32.31134678355172 ], [ -117.048334975325773, 32.311381110433899 ], [ -117.04876986887372, 32.311533689912267 ] ], [ [ -117.02368301827893, 32.334170869824284 ], [ -117.023913580479146, 32.333935694155763 ], [ -117.023913691323401, 32.333935605543935 ], [ -117.024023820369152, 32.333840689949255 ], [ -117.024024020510254, 32.333840517455769 ], [ -117.024024195205229, 32.333840546220884 ], [ -117.024426409922967, 32.333685231986294 ], [ -117.024759813117683, 32.333497290559102 ], [ -117.025103853834764, 32.333197565746183 ], [ -117.025529717611917, 32.332745388241072 ], [ -117.025884600858745, 32.332368572532381 ], [ -117.026665333652844, 32.33153957438595 ], [ -117.027071606598923, 32.331037111977814 ], [ -117.027406098688402, 32.330350290163288 ], [ -117.027477674759965, 32.329871579629447 ], [ -117.027477207424397, 32.328324419304302 ], [ -117.027453167323614, 32.32788125096252 ], [ -117.027341448278719, 32.327360292503265 ], [ -117.027205890306604, 32.327059234368782 ], [ -117.026685010852205, 32.326175253569751 ], [ -117.026459814816505, 32.325889437024379 ], [ -117.026394057894919, 32.325833631202684 ], [ -117.025929776471372, 32.325439607289489 ], [ -117.025557158667027, 32.325123372250168 ], [ -117.02480779134531, 32.324565835827954 ], [ -117.024338079331642, 32.324252578616345 ], [ -117.022837897275906, 32.323309157223555 ], [ -117.021695848762633, 32.322471529561625 ], [ -117.021135773738195, 32.321917888392434 ], [ -117.019460200569668, 32.320211205348713 ], [ -117.01895596089048, 32.319789137305477 ], [ -117.018533864818338, 32.319352329454333 ], [ -117.018033486919236, 32.31866795687754 ], [ -117.017698875423719, 32.318256085305904 ], [ -117.016982926969092, 32.317372090394137 ], [ -117.016266992425059, 32.316488091292399 ], [ -117.015810751739053, 32.315987463663085 ], [ -117.015696242423687, 32.315894141549073 ], [ -117.015113483040807, 32.315419203210084 ], [ -117.014573624457043, 32.315108029652428 ], [ -117.014520955458607, 32.315082480026341 ], [ -117.012751569293471, 32.314224133156515 ], [ -117.012169907220354, 32.313994145763175 ], [ -117.011277520147132, 32.313804779972735 ], [ -117.010584341570066, 32.31376424385828 ], [ -117.008241893017299, 32.313764418554875 ], [ -117.007584574958344, 32.313784757838995 ], [ -117.006859538330403, 32.313879523666671 ], [ -117.006481089215001, 32.313994566079877 ], [ -117.00596055824542, 32.314215615189575 ], [ -117.005440024747273, 32.314436662145077 ], [ -117.005079503392395, 32.314637966372707 ], [ -117.00443813675605, 32.315135293266003 ], [ -117.003882416129628, 32.315644454795127 ], [ -117.002906405723223, 32.316583830427611 ], [ -117.001930375168911, 32.317523198373479 ], [ -117.001398530213308, 32.318072944525838 ], [ -117.000868672124398, 32.31875970026443 ], [ -117.000643580601022, 32.319191035317964 ], [ -117.000383295809286, 32.319854106171654 ], [ -117.000123007224417, 32.32051717641879 ], [ -116.999987549405475, 32.320963733600578 ], [ -116.999875994377717, 32.321721527372624 ], [ -116.999852088717276, 32.322357532814415 ], [ -116.999852086920768, 32.323462648545053 ], [ -116.999852085124189, 32.324567764081891 ], [ -116.999911847924224, 32.325224067354696 ], [ -117.000190747757856, 32.326076584719964 ], [ -117.000270609906138, 32.326209012392312 ], [ -117.000800354913906, 32.327213272118144 ], [ -117.002193588606545, 32.32891716222553 ], [ -117.002620720419117, 32.329601578350498 ], [ -117.002827767798991, 32.330004415575814 ], [ -117.003300004904645, 32.331006706667594 ], [ -117.003435491825044, 32.331365301358161 ], [ -117.003547080738443, 32.331933642714823 ], [ -117.003551435397682, 32.332016153080836 ], [ -117.00357100584624, 32.332386964357553 ], [ -117.00357106659186, 32.333934123860686 ], [ -117.003612923514282, 32.334392519344469 ], [ -117.003808196614244, 32.334984538778954 ], [ -117.004045302621236, 32.335371884985491 ], [ -117.004055031655966, 32.335384863778735 ], [ -117.004088478366086, 32.335552874125696 ], [ -117.004395331955891, 32.336192250880195 ], [ -117.004712134334881, 32.33649501795712 ], [ -117.005279595696777, 32.336869688785001 ], [ -117.005883701327477, 32.337268548057175 ], [ -117.006332003700237, 32.337469814828999 ], [ -117.007252504382947, 32.337635532247738 ], [ -117.007685853043398, 32.337653267340286 ], [ -117.008088842545959, 32.337669758621452 ], [ -117.008119201872589, 32.337671000944333 ], [ -117.011243287417983, 32.337670761223585 ], [ -117.012175723156943, 32.337609780696013 ], [ -117.013402999756437, 32.337325484333128 ], [ -117.014223812069957, 32.336980328503479 ], [ -117.015525391269463, 32.336317107072816 ], [ -117.01682695148078, 32.335653872151255 ], [ -117.017599919312332, 32.335308700643402 ], [ -117.018604005415639, 32.335024384530151 ], [ -117.019265450536224, 32.334963391253751 ], [ -117.021348112122396, 32.334963056063003 ], [ -117.021931863450135, 32.334942657939258 ], [ -117.022573373934861, 32.334847820776908 ], [ -117.022906065664628, 32.334732738788645 ], [ -117.023187090268692, 32.334596332678835 ], [ -117.023445683887061, 32.334422480229364 ], [ -117.02368301827893, 32.334170869824284 ] ], [ [ -117.04502583483324, 32.363254435489949 ], [ -117.045025506206898, 32.362591370468401 ], [ -117.044929674086703, 32.362246340106729 ], [ -117.044482791808562, 32.361299262429959 ], [ -117.043940230296229, 32.360291322630331 ], [ -117.042897722556589, 32.358412995880499 ], [ -117.041855257953216, 32.356534659917138 ], [ -117.041312680263545, 32.35536432453231 ], [ -117.040865528842517, 32.353659443238911 ], [ -117.04076930919058, 32.352394235817101 ], [ -117.040768367346516, 32.350294525938359 ], [ -117.040767425600436, 32.348194815359683 ], [ -117.040713123775248, 32.347076753480927 ], [ -117.04046160203815, 32.346058553130213 ], [ -117.0401565878675, 32.34572204262512 ], [ -117.03957064983112, 32.345445949870886 ], [ -117.03898471535166, 32.345169854380259 ], [ -117.038476558913487, 32.345046531071077 ], [ -117.037277026445878, 32.345023210259932 ], [ -117.036071561864148, 32.345113210076718 ], [ -117.034657853409144, 32.345254800472965 ], [ -117.033527141376084, 32.345368035555794 ], [ -117.031645566289299, 32.345556442678173 ], [ -117.031072327606225, 32.345647656820518 ], [ -117.030475967290542, 32.345681901467323 ], [ -117.029443858523265, 32.34582423237002 ], [ -117.02913901873309, 32.345902112032881 ], [ -117.028748542625465, 32.346123223946698 ], [ -117.028658905561912, 32.346216276695706 ], [ -117.028645952856664, 32.346315477770112 ], [ -117.028399929293116, 32.346409165956238 ], [ -117.028287070166954, 32.346475159706856 ], [ -117.028286372031729, 32.346475159863395 ], [ -117.028003474716229, 32.346640989708845 ], [ -117.027482859409929, 32.347027893222212 ], [ -117.02696223967159, 32.347414794565651 ], [ -117.026667412566823, 32.347687188249182 ], [ -117.026332796330479, 32.348184558623963 ], [ -117.026149600242363, 32.348622694390933 ], [ -117.025889448772801, 32.349396325824458 ], [ -117.025629292879103, 32.350169956628712 ], [ -117.025505905550745, 32.350734941369744 ], [ -117.025450415324286, 32.351824275989564 ], [ -117.025494533026759, 32.352815483561464 ], [ -117.025625223496306, 32.354583633530645 ], [ -117.025755919075706, 32.35635178286546 ], [ -117.025847870324299, 32.357342979822626 ], [ -117.026015580138591, 32.358432267608421 ], [ -117.026163214189765, 32.358997196059178 ], [ -117.026684471621692, 32.360544239750361 ], [ -117.026897853932383, 32.361022887060543 ], [ -117.02718470746369, 32.361437973662625 ], [ -117.027372374185092, 32.361709531229593 ], [ -117.027836880403555, 32.362211803009075 ], [ -117.028584981586008, 32.362944039424718 ], [ -117.029530088990512, 32.363869080855245 ], [ -117.030118337043206, 32.364315618676613 ], [ -117.030819876480336, 32.364848146369972 ], [ -117.031360057520416, 32.365076364656872 ], [ -117.033183232285978, 32.365738963026722 ], [ -117.033753306678477, 32.365931641824645 ], [ -117.034590465586064, 32.366168223852931 ], [ -117.035216332135747, 32.366313518933765 ], [ -117.035313248121852, 32.366334053383376 ], [ -117.037299893425043, 32.366754963069326 ], [ -117.03792575138867, 32.366859648887996 ], [ -117.038762848844357, 32.366906756127108 ], [ -117.039332842764125, 32.366869366817141 ], [ -117.040625317464375, 32.366712245469579 ], [ -117.041148593848419, 32.366638479273391 ], [ -117.041671869380153, 32.36656471090572 ], [ -117.042257744406044, 32.366398749751156 ], [ -117.042578550220782, 32.366244716089156 ], [ -117.043489763561823, 32.36569185112058 ], [ -117.043750745102557, 32.365476941365536 ], [ -117.043899195220732, 32.365259113984699 ], [ -117.044036897443149, 32.365112043310333 ], [ -117.044687455675714, 32.364117217019782 ], [ -117.044856716214639, 32.363827911725686 ], [ -117.044996048481764, 32.363472648664064 ], [ -117.04502583483324, 32.363254435489949 ] ], [ [ -117.0483153839143, 32.46646894052995 ], [ -117.04833734682515, 32.466497687001848 ], [ -117.048467761204833, 32.466608145899137 ], [ -117.048507678597119, 32.466631811033196 ], [ -117.048563545188031, 32.466631789496546 ], [ -117.048603437175814, 32.466608093595895 ], [ -117.048733733001313, 32.466497534194986 ], [ -117.048755665063993, 32.466468770801697 ], [ -117.048727719066548, 32.46644510111296 ], [ -117.048665864168072, 32.466440050642717 ], [ -117.048405153962861, 32.466440151146344 ], [ -117.048343304507739, 32.466445249304556 ], [ -117.0483153839143, 32.46646894052995 ] ] ] ] } },
{ "type": "Feature", "properties": { "fid": 3.0, "cat": 3, "CLAVE_ACUI": "0245", "NOM_ACUIF": "ROSARITO", "VULNERABIL": 1 }, "geometry": { "type": "MultiPolygon", "coordinates": [ ] } },
{ "type": "Feature", "properties": { "fid": 4.0, "cat": 4, "CLAVE_ACUI": "0245", "NOM_ACUIF": "ROSARITO", "VULNERABIL": 1 }, "geometry": { "type": "MultiPolygon", "coordinates": [ [ [ [ -117.042149137123559, 32.478443614010928 ], [ -117.042410545879406, 32.478691466391858 ], [ -117.042572898747196, 32.479000958958601 ], [ -117.042910055878181, 32.48036778930431 ], [ -117.027735922687654, 32.476970189948155 ], [ -117.028798955379756, 32.476377428630236 ], [ -117.029924500136232, 32.476176862106023 ], [ -117.030219917248729, 32.476133370293965 ], [ -117.031531171105499, 32.476148363495106 ], [ -117.032598470984496, 32.476114561371936 ], [ -117.033173169812514, 32.47612624892335 ], [ -117.033899582933756, 32.476291815462432 ], [ -117.037698145156156, 32.477342108707923 ], [ -117.042149137123559, 32.478443614010928 ] ] ] ] } },
{ "type": "Feature", "properties": { "fid": 5.0, "cat": 6, "CLAVE_ACUI": "0245", "NOM_ACUIF": "ROSARITO", "VULNERABIL": 1 }, "geometry": { "type": "MultiPolygon", "coordinates": [ [ [ [ -117.048665864168072, 32.466440050642717 ], [ -117.048727719066548, 32.46644510111296 ], [ -117.048755665063993, 32.466468770801697 ], [ -117.048733733001313, 32.466497534194986 ], [ -117.048603437175814, 32.466608093595895 ], [ -117.048563545188031, 32.466631789496546 ], [ -117.048507678597119, 32.466631811033196 ], [ -117.048467761204833, 32.466608145899137 ], [ -117.04833734682515, 32.466497687001848 ], [ -117.0483153839143, 32.46646894052995 ], [ -117.048343304507739, 32.466445249304556 ], [ -117.048405153962861, 32.466440151146344 ], [ -117.048665864168072, 32.466440050642717 ] ] ] ] } },
{ "type": "Feature", "properties": { "fid": 6.0, "cat": 7, "CLAVE_ACUI": "0245", "NOM_ACUIF": "ROSARITO", "VULNERABIL": 1 }, "geometry": { "type": "MultiPolygon", "coordinates": [ ] } },
{ "type": "Feature", "properties": { "fid": 7.0, "cat": 5, "CLAVE_ACUI": "0245", "NOM_ACUIF": "ROSARITO", "VULNERABIL": 1 }, "geometry": { "type": "MultiPolygon", "coordinates": [ [ [ [ -117.023712481988909, 32.462455143929631 ], [ -117.023338013896748, 32.462391722493862 ], [ -117.023052662422927, 32.462210788182745 ], [ -117.022596344185544, 32.461824088956156 ], [ -117.022140029847705, 32.461437388050335 ], [ -117.021902519930407, 32.461063615505239 ], [ -117.021706765974798, 32.460092747561809 ], [ -117.021664626523688, 32.459079566151289 ], [ -117.021664176868697, 32.45720090990266 ], [ -117.021663727255572, 32.455322253092724 ], [ -117.021639551282533, 32.454334439837488 ], [ -117.02152763052419, 32.453481958936983 ], [ -117.02139191983207, 32.45325194233866 ], [ -117.021131221742635, 32.453141477071348 ], [ -117.020870524289151, 32.453031011262112 ], [ -117.020734848484565, 32.452943077303786 ], [ -117.02062308901229, 32.452753651160357 ], [ -117.020599108286333, 32.452570976459342 ], [ -117.020599032854136, 32.452239448581395 ], [ -117.020598957423161, 32.451907920685976 ], [ -117.020568986484406, 32.451699874899049 ], [ -117.020429273540771, 32.451392050272354 ], [ -117.020259655180908, 32.451160346402787 ], [ -117.019933737180224, 32.450773615785288 ], [ -117.0196078219642, 32.450386884299455 ], [ -117.019426251418437, 32.450216074029257 ], [ -117.019230748720716, 32.450192423462774 ], [ -117.01913302886463, 32.450329447369207 ], [ -117.019002766503974, 32.450660995084505 ], [ -117.018872503189868, 32.450992542647938 ], [ -117.018577292599048, 32.451154967584777 ], [ -117.017460169740758, 32.451249849696495 ], [ -117.016159492085734, 32.451222959806017 ], [ -117.013683143989724, 32.451112743896289 ], [ -117.011206801905885, 32.451002479288675 ], [ -117.0098462840146, 32.450985678318432 ], [ -117.008449873428461, 32.451127863171102 ], [ -117.007815516007753, 32.451347795130843 ], [ -117.007033549863351, 32.451789878488924 ], [ -117.006251576081794, 32.452231956961398 ], [ -117.005784780456892, 32.452472167850857 ], [ -117.005170357395357, 32.452709000211108 ], [ -117.004759407137854, 32.452807121602071 ], [ -117.004107734573481, 32.452917653836785 ], [ -117.003456060417491, 32.453028182697331 ], [ -117.003057074769444, 32.453075554138721 ], [ -117.002498492330631, 32.453075566459994 ], [ -117.002099503775824, 32.45302821262036 ], [ -117.001447822836894, 32.452917712509141 ], [ -117.000796143488699, 32.452807209023526 ], [ -117.000421095934755, 32.452709105646889 ], [ -116.999974231859412, 32.452472300712827 ], [ -116.999710902659615, 32.452232111801386 ], [ -116.999319901915385, 32.451790073069859 ], [ -116.998928904989214, 32.451348033093311 ], [ -116.998701489777687, 32.451117991143946 ], [ -116.998422207898301, 32.45092854339903 ], [ -116.998250648144889, 32.450887945870114 ], [ -116.997729317132197, 32.450887937549261 ], [ -116.997563739836693, 32.450943752941008 ], [ -116.997312375925389, 32.451204234089126 ], [ -116.997118860943175, 32.451520534542396 ], [ -116.996793005254247, 32.452128327870483 ], [ -116.996467145189797, 32.452736120296393 ], [ -116.996357409282481, 32.453103165885516 ], [ -116.996561514807183, 32.453501496836715 ], [ -117.000358837278853, 32.45533779174297 ], [ -117.000668042236569, 32.455681168071173 ], [ -117.001319712482911, 32.456233729251821 ], [ -117.001971390684673, 32.456786287011887 ], [ -117.002346440557105, 32.45717532974917 ], [ -117.002793309784835, 32.457885750878347 ], [ -117.003056644878328, 32.458511595917372 ], [ -117.003447663506151, 32.459616689943644 ], [ -117.003838691681807, 32.460721782561521 ], [ -117.004042189774736, 32.461327327628823 ], [ -117.004209778933983, 32.461943021213948 ], [ -117.004245691795987, 32.46221703872137 ], [ -117.004245694608457, 32.462880093633849 ], [ -117.004221753994344, 32.463072920885367 ], [ -117.00411002796092, 32.463309726456863 ], [ -117.003974359671886, 32.463455192760705 ], [ -117.003802335226524, 32.463601034784482 ], [ -117.0034529642857, 32.463897228676295 ], [ -117.003317293846081, 32.464078215048893 ], [ -117.003205563002922, 32.464480783459308 ], [ -117.003181618236241, 32.464874894919689 ], [ -117.003181611792712, 32.465732166896935 ], [ -117.003120684458608, 32.466373843070173 ], [ -117.003013174137394, 32.467088052700021 ], [ -116.921515761430356, 32.430396176724358 ], [ -116.91989697436648, 32.428819368130718 ], [ -116.920449129977996, 32.428645024782654 ], [ -116.920087884831858, 32.42819372189993 ], [ -116.919166719952273, 32.428108050711913 ], [ -116.860355761110483, 32.370822180709823 ], [ -116.885462693850911, 32.319137091327185 ], [ -116.895219263111002, 32.319136939657021 ], [ -116.903794613865131, 32.319136806349412 ], [ -116.903179793682241, 32.32015837452213 ], [ -116.902904875345683, 32.320605116819038 ], [ -116.902641134318856, 32.321208514449808 ], [ -116.902499995770199, 32.321628796403921 ], [ -116.902322964359627, 32.322364932883623 ], [ -116.902207515529454, 32.323103805396755 ], [ -116.902093129864426, 32.324390644128385 ], [ -116.902043338498103, 32.325447080756312 ], [ -116.90204126312598, 32.325656017439826 ], [ -116.902057875202502, 32.325796341898297 ], [ -116.902087528224314, 32.325920623548768 ], [ -116.902113421506641, 32.325959139976604 ], [ -116.902159013132021, 32.325994596817729 ], [ -116.90230144784023, 32.326017333375958 ], [ -116.902443129174998, 32.325996766123986 ], [ -116.902827934007931, 32.325892478975398 ], [ -116.903200387900597, 32.325815345822903 ], [ -116.903563419316143, 32.325788118466733 ], [ -116.90436928349277, 32.325830534644254 ], [ -116.905099914704749, 32.325934087616396 ], [ -116.905873184159219, 32.326137634757728 ], [ -116.906659608011182, 32.326444089493314 ], [ -116.90846180860008, 32.327254499688443 ], [ -116.908885814019186, 32.327581266347835 ], [ -116.909190568657664, 32.328047961884032 ], [ -116.909399075036603, 32.328545667702876 ], [ -116.909583905076616, 32.329390002940734 ], [ -116.909745145363829, 32.330261819299118 ], [ -116.909940825992749, 32.331267570036793 ], [ -116.909983641472479, 32.33146968737146 ], [ -116.910150476948232, 32.331990788405101 ], [ -116.910269833207238, 32.332173555373281 ], [ -116.910464913337123, 32.332339460976932 ], [ -116.910659994178644, 32.332505366275839 ], [ -116.910779451690857, 32.332586642810142 ], [ -116.910946757487835, 32.332634123006208 ], [ -116.911066308045591, 32.332620675323795 ], [ -116.91126160622683, 32.332565557150936 ], [ -116.911456904172013, 32.332510438674888 ], [ -116.911558588066271, 32.332431009477524 ], [ -116.911642517060116, 32.332170577234066 ], [ -116.911660731777872, 32.331877960426183 ], [ -116.911661268424979, 32.331325403982014 ], [ -116.911661805057378, 32.330772847489385 ], [ -116.911739826061478, 32.330439676441316 ], [ -116.912102848655906, 32.329989990614123 ], [ -116.912543429301081, 32.329680752069521 ], [ -116.913389934001486, 32.329184034612041 ], [ -116.914236429464381, 32.328687311420822 ], [ -116.914748668046073, 32.328428858822498 ], [ -116.915446135056214, 32.328216198921758 ], [ -116.915930279982291, 32.328170851862694 ], [ -116.91749215798427, 32.32817188276541 ], [ -116.917970256464343, 32.328202641492325 ], [ -116.918639505932148, 32.328345160897591 ], [ -116.919117479388746, 32.328518001319992 ], [ -116.919898129491045, 32.32885003355819 ], [ -116.920678785300055, 32.329182060958466 ], [ -116.921144813737413, 32.329354886177249 ], [ -116.921758294511505, 32.329497354165021 ], [ -116.922168665910192, 32.329528054973508 ], [ -116.9224818307476, 32.32952824774668 ], [ -116.923505750465921, 32.329521314516555 ], [ -116.92385674997081, 32.329518935893915 ], [ -116.924358829097258, 32.329471875827927 ], [ -116.924689585262286, 32.329414562621864 ], [ -116.925731032164819, 32.329194157045272 ], [ -116.92601398986146, 32.329116514204969 ], [ -116.926233248454494, 32.328974556452771 ], [ -116.926408664141547, 32.328849487769098 ], [ -116.926539000129139, 32.328628540850083 ], [ -116.926669335482785, 32.32840759378778 ], [ -116.926820834981484, 32.328292659627593 ], [ -116.927267162279492, 32.328198193582551 ], [ -116.927753273353176, 32.328178174814617 ], [ -116.929575465016896, 32.32817920492699 ], [ -116.930133255426043, 32.328209962024893 ], [ -116.930914087106345, 32.328352478078429 ], [ -116.931471772006333, 32.328525315341636 ], [ -116.932382624943997, 32.328857341026762 ], [ -116.933293484540741, 32.329189360128439 ], [ -116.933821262609982, 32.329407841718279 ], [ -116.934462501272307, 32.329763391686143 ], [ -116.934850778378163, 32.330052839477673 ], [ -116.935436142012449, 32.33055044170554 ], [ -116.936021512051127, 32.331048041186783 ], [ -116.936326124617779, 32.331337441938715 ], [ -116.93657690189066, 32.331692783429347 ], [ -116.936630541141696, 32.331911013987025 ], [ -116.936630079175742, 32.332574082036459 ], [ -116.936653859408551, 32.332756776042572 ], [ -116.936765296084943, 32.332946280001153 ], [ -116.936900711246409, 32.333034305819787 ], [ -116.93716096193026, 32.333144947064504 ], [ -116.937421213247958, 32.333255587771291 ], [ -116.937544675672243, 32.33334360696665 ], [ -116.937600330251598, 32.333533082548428 ], [ -116.937556374015529, 32.333715742841392 ], [ -116.937295587881408, 32.334378681605791 ], [ -116.937245657126724, 32.334556264295621 ], [ -116.937273435446144, 32.334722045116671 ], [ -116.937363049779805, 32.334781292137976 ], [ -116.937558260871455, 32.334836644564469 ], [ -116.93775347220118, 32.334891996688754 ], [ -116.937867029772775, 32.334900510160338 ], [ -116.93800654197517, 32.334829535783314 ], [ -116.938092287355403, 32.334719630380036 ], [ -116.938222603421323, 32.334498671572476 ], [ -116.93835291885334, 32.334277712621791 ], [ -116.938480450602796, 32.334243944863388 ], [ -116.938814970078312, 32.334528279551911 ], [ -116.9391653262538, 32.334968238982796 ], [ -116.939815572650915, 32.33585264144488 ], [ -116.940465831686453, 32.336737040446728 ], [ -116.940935721359054, 32.337217647152507 ], [ -116.941828009356001, 32.337691681539582 ], [ -116.942632815565418, 32.337888263963627 ], [ -116.944064554899839, 32.338109929410976 ], [ -116.945496301238322, 32.338331578610827 ], [ -116.946277248017026, 32.338467233497028 ], [ -116.947058165618941, 32.33865701150804 ], [ -116.947392814276441, 32.338792471419289 ], [ -116.947783202708692, 32.339013656141105 ], [ -116.948173593041261, 32.339234839649201 ], [ -116.948484347733952, 32.339349988850017 ], [ -116.949153753773302, 32.339444984348916 ], [ -116.94979929300473, 32.339465540847947 ], [ -116.952142402591406, 32.339466451413863 ], [ -116.952317948347755, 32.339474647045392 ], [ -116.952320389183114, 32.339475540131509 ], [ -116.952799892046897, 32.339497146086543 ], [ -116.953525067904025, 32.339639501215593 ], [ -116.953914500058602, 32.339819154603717 ], [ -116.954217727539628, 32.340012396808199 ], [ -116.954944602304266, 32.340475616570949 ], [ -116.955275266192174, 32.340648267093741 ], [ -116.95569722871322, 32.340767840415893 ], [ -116.955729484238944, 32.340780364194423 ], [ -116.95574733376624, 32.34078203878407 ], [ -116.955777298560349, 32.340790529955505 ], [ -116.95616382292414, 32.340821111825626 ], [ -116.957465569982759, 32.340821557416852 ], [ -116.957822229177282, 32.340806453670005 ], [ -116.958184891332962, 32.340735531448054 ], [ -116.958346320771923, 32.340649318415295 ], [ -116.958541658047793, 32.340483615880501 ], [ -116.958736994611726, 32.340317913038334 ], [ -116.958826712712252, 32.340191079938002 ], [ -116.958854724972525, 32.339930598249637 ], [ -116.958805024826859, 32.339685314684267 ], [ -116.958675052640245, 32.33924322709742 ], [ -116.958545081715116, 32.338801139346678 ], [ -116.958501371858901, 32.338530485097344 ], [ -116.958557332293921, 32.338151607640171 ], [ -116.95868098478212, 32.337881008288434 ], [ -116.958941525368942, 32.337439048136268 ], [ -116.959202063421486, 32.336997087413025 ], [ -116.959373520478167, 32.336746800777476 ], [ -116.95965257986596, 32.336462718357176 ], [ -116.959879779219676, 32.336307172819318 ], [ -116.960270380525614, 32.336086273762469 ], [ -116.960660979934744, 32.33586537348716 ], [ -116.960864293979597, 32.335648924708167 ], [ -116.961031895473198, 32.335080632530193 ], [ -116.961068012550754, 32.33448523556919 ], [ -116.96106848560332, 32.333380122027634 ], [ -116.961068958629994, 32.332275008292257 ], [ -116.961045301890124, 32.331689741622377 ], [ -116.960933958526965, 32.331168724825424 ], [ -116.960798553466518, 32.331009681708522 ], [ -116.960538280073095, 32.330899089158997 ], [ -116.960278007313022, 32.330788496071158 ], [ -116.960142577282994, 32.330690346284534 ], [ -116.960031115443542, 32.330453500826721 ], [ -116.960007314132227, 32.330213300072458 ], [ -116.960007508479734, 32.329771254385051 ], [ -116.960007702822978, 32.32932920866665 ], [ -116.959930132229402, 32.329043320252815 ], [ -116.959567749621868, 32.328593265153103 ], [ -116.959127633299261, 32.328236216441795 ], [ -116.95828189350631, 32.327628126572556 ], [ -116.957436165021676, 32.327020030985778 ], [ -116.956804812514022, 32.326673058458077 ], [ -116.955549948384473, 32.326270045083653 ], [ -116.954388638729341, 32.326041277830114 ], [ -116.952306355781559, 32.325708973506813 ], [ -116.950224088089399, 32.325376634821239 ], [ -116.949086714490164, 32.325137679179846 ], [ -116.947943458587659, 32.324744784095799 ], [ -116.947447621602933, 32.324397820485977 ], [ -116.94627697873544, 32.323181700653826 ], [ -116.945990321560686, 32.32283989462664 ], [ -116.94582321279519, 32.322460926233354 ], [ -116.945891692007166, 32.322232299037594 ], [ -116.946261911861868, 32.321708958548427 ], [ -116.946578738350951, 32.321555166223668 ], [ -116.94766649174872, 32.321389854617038 ], [ -116.948903597705652, 32.321307477873248 ], [ -116.951246298782038, 32.321197893054823 ], [ -116.953588994273019, 32.32108826474127 ], [ -116.95486792108116, 32.321010919406717 ], [ -116.956150860773789, 32.320869285352011 ], [ -116.956704705498723, 32.320744305272413 ], [ -116.957355538964606, 32.320523503670373 ], [ -116.958006369275353, 32.320302698701582 ], [ -116.958339133520468, 32.320091370962849 ], [ -116.958590375389235, 32.319546789262162 ], [ -116.958616529132627, 32.318980143847533 ], [ -116.958551935568025, 32.317930262082967 ], [ -116.958487343479902, 32.316880380111677 ], [ -116.958429831244587, 32.316323855980961 ], [ -116.958290623802043, 32.315826507492545 ], [ -116.95814926807418, 32.315672533708771 ], [ -116.957889041754882, 32.31556193546475 ], [ -116.957628816068492, 32.315451336682777 ], [ -116.957481457862698, 32.315358254325666 ], [ -116.957314237179673, 32.315145068186389 ], [ -116.957222708800259, 32.314933599001009 ], [ -116.957092753473205, 32.314546763928803 ], [ -116.956834981888321, 32.313782540280499 ], [ -116.96843326195166, 32.30791527459359 ], [ -116.968514844746977, 32.309073031889007 ], [ -116.968556579715269, 32.309340300435629 ], [ -116.968751611675415, 32.309813970866919 ], [ -116.968988495395323, 32.310223373986915 ], [ -116.969898937005354, 32.311660247477526 ], [ -116.970207538610424, 32.312064590756876 ], [ -116.970737223561812, 32.312514655378195 ], [ -116.971185314412239, 32.312753260861236 ], [ -116.971966019730502, 32.313084971901908 ], [ -116.97274673074169, 32.313416678099337 ], [ -116.973200826353249, 32.313589308955407 ], [ -116.973758510111054, 32.313731512643869 ], [ -116.974101104312993, 32.31376203051564 ], [ -116.97514219244519, 32.313762239845808 ], [ -116.975526604397729, 32.313838432740368 ], [ -116.976279442274489, 32.314193792728418 ], [ -116.976970518025439, 32.314625254716582 ], [ -116.978206623474364, 32.315454312012406 ], [ -116.979442751445546, 32.316283357102606 ], [ -116.980086044780819, 32.316745241200209 ], [ -116.980615795743248, 32.317242626207381 ], [ -116.980729284473497, 32.317491294838739 ], [ -116.98072921427098, 32.317822829815448 ], [ -116.980729144067283, 32.318154364774742 ], [ -116.980812755620946, 32.318397954215357 ], [ -116.981203085747097, 32.318871634290986 ], [ -116.981677092113941, 32.319304729190563 ], [ -116.982587951736889, 32.320078439535777 ], [ -116.983498826848972, 32.320852143217252 ], [ -116.984068452956237, 32.3213968807379 ], [ -116.984904946873598, 32.322391587866775 ], [ -116.985530316516389, 32.323267860019264 ], [ -116.986571285123375, 32.324815136809043 ], [ -116.98761228913061, 32.326362404641216 ], [ -116.988130130821034, 32.327269099809698 ], [ -116.988464671859205, 32.328405820401571 ], [ -116.988424736628787, 32.3291230136278 ], [ -116.988164276845495, 32.330228104000469 ], [ -116.98790381072935, 32.331333193640212 ], [ -116.987828015564503, 32.331999637864598 ], [ -116.987995248082328, 32.332899532467245 ], [ -116.988309951430324, 32.333518651341777 ], [ -116.988960652143945, 32.334513312347013 ], [ -116.989611367088344, 32.335507969842517 ], [ -116.989973905046241, 32.336147386243965 ], [ -116.990364303813308, 32.337142018646368 ], [ -116.990559476897147, 32.337923506278223 ], [ -116.990819684201767, 32.339249661050196 ], [ -116.991079899091559, 32.340575815007711 ], [ -116.991263133720778, 32.341326853305084 ], [ -116.991597791850083, 32.342179391332962 ], [ -116.99189264026441, 32.342646264191153 ], [ -116.992413294352772, 32.343309363900069 ], [ -116.992933956035401, 32.34397246139153 ], [ -116.993180997451589, 32.344419030445444 ], [ -116.993292524307407, 32.345176827433725 ], [ -116.99320480386433, 32.345812825837193 ], [ -116.992683898428282, 32.348023019734633 ], [ -116.99263203360249, 32.348719913409042 ], [ -116.992910922451088, 32.349761891292701 ], [ -116.993361207260776, 32.350553536085975 ], [ -116.994272444444263, 32.351879713668808 ], [ -116.99518370821886, 32.353205884392402 ], [ -116.995729684719691, 32.353946779058184 ], [ -116.996455017321068, 32.354751953257207 ], [ -116.9969452264382, 32.355161307887656 ], [ -116.997726384294708, 32.355713879399893 ], [ -116.998507551651301, 32.356266446026098 ], [ -116.998961907574298, 32.356665643323751 ], [ -116.999519892580309, 32.357423436220103 ], [ -116.999862659083391, 32.358106800760837 ], [ -117.000383462215908, 32.359322420647771 ], [ -117.00090427928437, 32.36053803814935 ], [ -117.001259025597292, 32.361231547430954 ], [ -117.001872860949788, 32.362036690606693 ], [ -117.002395022141954, 32.362493384909129 ], [ -117.003306486780886, 32.363156429543089 ], [ -117.004217964724305, 32.363819467518894 ], [ -117.004668396848047, 32.364205111969341 ], [ -117.004947440298508, 32.3646787192354 ], [ -117.004895638142841, 32.364969657951967 ], [ -117.004635242027604, 32.365411711116579 ], [ -117.004374843378216, 32.365853763712686 ], [ -117.004287162817306, 32.366114256507586 ], [ -117.004398788280241, 32.366445785099735 ], [ -117.004645935201339, 32.366658904222362 ], [ -117.005166801087299, 32.366990416365006 ], [ -117.005687670775103, 32.367321926338427 ], [ -117.005892967933747, 32.367519821442528 ], [ -117.005809276242545, 32.367780315040186 ], [ -117.005484417705148, 32.367954553221182 ], [ -117.004768257329971, 32.368230859284715 ], [ -117.004052092597178, 32.368507161269378 ], [ -117.003625582351503, 32.368716919186276 ], [ -117.00306753371521, 32.369143189806351 ], [ -117.002696830528095, 32.369542390202476 ], [ -117.00211087571283, 32.370260721238743 ], [ -117.001524911628792, 32.370979049470627 ], [ -117.001208009708364, 32.371434063903237 ], [ -117.000901072671169, 32.372120811632414 ], [ -117.000779494611805, 32.372646865952213 ], [ -117.000519064033412, 32.374415038253211 ], [ -117.000475216145759, 32.374925868336767 ], [ -117.000531029865243, 32.375541570335429 ], [ -117.000654612910353, 32.375910314462523 ], [ -117.001175527306998, 32.377015417017418 ], [ -117.001376852218101, 32.377358787265827 ], [ -117.001795449158408, 32.377856079760342 ], [ -117.002192121308099, 32.37822312657142 ], [ -117.003624681572106, 32.379438710037043 ], [ -117.004111066307289, 32.379775301315981 ], [ -117.004948282160584, 32.380130483790744 ], [ -117.005657919276871, 32.38030129425843 ], [ -117.006895133600182, 32.380522253794943 ], [ -117.008132353943509, 32.380743201182064 ], [ -117.008945950110927, 32.380925340172958 ], [ -117.009106445758405, 32.38098077393569 ], [ -117.009250568966891, 32.381058045417134 ], [ -117.009349564271147, 32.381132131024543 ], [ -117.009456104521959, 32.38125259500066 ], [ -117.009510716737765, 32.381355182840721 ], [ -117.009546116780328, 32.381447637925177 ], [ -117.009826853857589, 32.382180845241059 ], [ -117.010217686507659, 32.383341174655769 ], [ -117.010608529153174, 32.384501502642969 ], [ -117.010811939273239, 32.385176388685707 ], [ -117.010979488788109, 32.386005202748443 ], [ -117.011015432889053, 32.386514337092557 ], [ -117.011015526773534, 32.387287910230455 ], [ -117.011015620661624, 32.388061483273312 ], [ -117.011039596650264, 32.388504650534102 ], [ -117.011151297595134, 32.389025618381446 ], [ -117.011286894950217, 32.389326690796636 ], [ -117.01154743972991, 32.389768708811069 ], [ -117.011807987048144, 32.390210726255383 ], [ -117.012015353852618, 32.390491493260654 ], [ -117.012461969890978, 32.390917704232258 ], [ -117.012892627554535, 32.391245809078683 ], [ -117.014455767842165, 32.392350743143645 ], [ -117.014934296136175, 32.392739728895457 ], [ -117.015604271146003, 32.393450071352703 ], [ -117.016082852133493, 32.394075860506305 ], [ -117.017646294944853, 32.396285857385564 ], [ -117.018089028473398, 32.396962388160489 ], [ -117.018591635583959, 32.39790954585289 ], [ -117.018866910091234, 32.398586098307263 ], [ -117.019257917340994, 32.399691141499886 ], [ -117.019648934123069, 32.400796183281827 ], [ -117.019960107012736, 32.401442280747354 ], [ -117.020630207204348, 32.402247318476263 ], [ -117.021276322635288, 32.402751272767816 ], [ -117.02244888588028, 32.403524640498532 ], [ -117.023621469117586, 32.404297997215977 ], [ -117.024219741101547, 32.404720754085652 ], [ -117.024666484540049, 32.405146920796774 ], [ -117.024706412867658, 32.405332975939395 ], [ -117.024576205518485, 32.40555402163865 ], [ -117.024445997534883, 32.405775067195904 ], [ -117.024396185168158, 32.405905320910712 ], [ -117.024424144392285, 32.406071080661633 ], [ -117.024513898808607, 32.406177626554026 ], [ -117.024709346647072, 32.406343353544159 ], [ -117.024904795199788, 32.406509080226478 ], [ -117.025060351194668, 32.406620687144638 ], [ -117.025395381894171, 32.406810065959903 ], [ -117.025718441820985, 32.406968999663633 ], [ -117.026304735091927, 32.40724515387879 ], [ -117.026891031931953, 32.407521305352383 ], [ -117.027208128899431, 32.407725906471946 ], [ -117.02751531762479, 32.408128412194806 ], [ -117.02763706132383, 32.408498819816295 ], [ -117.027767536129559, 32.409161851493479 ], [ -117.027898012846805, 32.409824882964664 ], [ -117.027930035388607, 32.410210533353855 ], [ -117.027818517045617, 32.410684172440796 ], [ -117.027627181309327, 32.410975149087996 ], [ -117.027236488061803, 32.411417274209356 ], [ -117.026845791005087, 32.411859398090435 ], [ -117.026714270754141, 32.412150360541823 ], [ -117.026881910202491, 32.412623939167226 ], [ -117.027252918779041, 32.413009516787021 ], [ -117.028034793367283, 32.413672405146471 ], [ -117.028816679388214, 32.414335288578279 ], [ -117.029271487853435, 32.414822329687084 ], [ -117.029830146073138, 32.415769426776656 ], [ -117.030173422203902, 32.416635382040397 ], [ -117.030695079918374, 32.418182394753053 ], [ -117.031216755457862, 32.419729404914769 ], [ -117.03156006692565, 32.420615653564553 ], [ -117.032118818366257, 32.42165746230409 ], [ -117.032573722668559, 32.422259511310173 ], [ -117.033355797316005, 32.423143385198365 ], [ -117.034137887220382, 32.424027254097638 ], [ -117.034497059027345, 32.424548130967182 ], [ -117.034608993518262, 32.425211158917286 ], [ -117.03440972302397, 32.425637465451651 ], [ -117.033888785349177, 32.426300665190375 ], [ -117.03336784005235, 32.426963862710231 ], [ -117.033096751384548, 32.427359739495564 ], [ -117.032873570860644, 32.427880772358805 ], [ -117.032825831909875, 32.428229228719374 ], [ -117.032826032068996, 32.428781777227016 ], [ -117.032826232233589, 32.429334325686121 ], [ -117.032958034596021, 32.429804521294635 ], [ -117.033572720927609, 32.430893668677442 ], [ -117.034319055941282, 32.431979394121676 ], [ -117.035753201641128, 32.4339681686291 ], [ -117.037187410332365, 32.435956926134999 ], [ -117.037933826165641, 32.437032480391942 ], [ -117.038548601265376, 32.43807424093842 ], [ -117.038680421523736, 32.438486919819752 ], [ -117.03868061028426, 32.438928957880648 ], [ -117.038680799048919, 32.439370995910465 ], [ -117.038645019744891, 32.439661940107285 ], [ -117.038477671063077, 32.440135603521284 ], [ -117.038274379545655, 32.440521321066527 ], [ -117.037883703459585, 32.441184496130646 ], [ -117.037493021656203, 32.441847669917315 ], [ -117.037349579789804, 32.442273963353337 ], [ -117.03746155718629, 32.442936986869533 ], [ -117.037764970876637, 32.443457869387622 ], [ -117.038416956050767, 32.444341747717324 ], [ -117.03906895395717, 32.445225622538004 ], [ -117.039432258765103, 32.445817524009868 ], [ -117.0398236724253, 32.446811985412403 ], [ -117.040019529003615, 32.447640743674199 ], [ -117.04028082418256, 32.449077282043234 ], [ -117.040542127677369, 32.450513819535381 ], [ -117.04071404640095, 32.451312137484756 ], [ -117.040993718109732, 32.452164547067134 ], [ -117.041221329609186, 32.452583957005388 ], [ -117.041612589064613, 32.453136374722646 ], [ -117.04200385329743, 32.453688791171807 ], [ -117.042207524337414, 32.454087909586221 ], [ -117.042375455611122, 32.454845630907343 ], [ -117.042411685332851, 32.455528971753509 ], [ -117.042412254882265, 32.456744572995909 ], [ -117.04241282446597, 32.457960174003283 ], [ -117.042496970525775, 32.458714539950591 ], [ -117.042888518651523, 32.459803711833786 ], [ -117.043363733018907, 32.460605304227961 ], [ -117.044276808733713, 32.461931096023292 ], [ -117.04518991121671, 32.463256880894178 ], [ -117.045724983593672, 32.463987400866436 ], [ -117.046395751631067, 32.464744931990523 ], [ -117.046818914756187, 32.465096600121832 ], [ -117.047816989161035, 32.465772889778272 ], [ -117.048122916606374, 32.46598018088563 ], [ -117.048408353565307, 32.466205036298831 ], [ -117.048436375461492, 32.466370789080059 ], [ -117.048190968521567, 32.466382723505809 ], [ -117.047393071922386, 32.466307872276282 ], [ -117.047017715900651, 32.466272658077074 ], [ -117.046706474377089, 32.466299837361774 ], [ -117.046568064464765, 32.466417277561639 ], [ -117.046427263942462, 32.466536745712702 ], [ -117.046339633064974, 32.466848007518806 ], [ -117.046209898188351, 32.46806365442162 ], [ -117.046158185198408, 32.468385051624715 ], [ -117.046040772732283, 32.468673832144923 ], [ -117.045938892267841, 32.468753871048918 ], [ -117.045743382541758, 32.468809196734973 ], [ -117.045547872576236, 32.468864522117123 ], [ -117.045374281957848, 32.468862893335526 ], [ -117.044955213342675, 32.468744641175661 ], [ -117.044530135840773, 32.46857733727888 ], [ -117.043747826400349, 32.468246084535764 ], [ -117.042965522683843, 32.467914826909208 ], [ -117.042438639743452, 32.467630839571477 ], [ -117.041544459896443, 32.466968083653143 ], [ -117.040793949591773, 32.466305274839449 ], [ -117.039489869849561, 32.465090091016322 ], [ -117.038185825135116, 32.46387489342429 ], [ -117.037339609957399, 32.463242539043783 ], [ -117.035998654546404, 32.462721958082547 ], [ -117.034929211315003, 32.462610622546961 ], [ -117.031279422178017, 32.462611582145264 ], [ -117.030245929153935, 32.462591537057165 ], [ -117.029072752428959, 32.462497091309658 ], [ -117.028430279704111, 32.462382218323071 ], [ -117.026605259701483, 32.461940580686203 ], [ -117.0260825076966, 32.461845967948776 ], [ -117.025630278142359, 32.461846060815162 ], [ -117.025468007537086, 32.46184609374184 ], [ -117.025015777980045, 32.461846184401168 ], [ -117.024716534288572, 32.461940965608427 ], [ -117.023934559252325, 32.462383153178642 ], [ -117.023712481988909, 32.462455143929631 ] ], [ [ -116.974577115869096, 32.378057071981601 ], [ -116.973274574758207, 32.378940887358112 ], [ -116.971972008291488, 32.379824689140499 ], [ -116.97131205762939, 32.380330295684715 ], [ -116.970837453271542, 32.380922207627492 ], [ -116.970819403840068, 32.381262192529427 ], [ -116.971014594084352, 32.381759534979857 ], [ -116.971209786465394, 32.382256877090022 ], [ -116.97136519001252, 32.382510635622801 ], [ -116.971700019600135, 32.382700157831927 ], [ -116.972022943400461, 32.382717144780258 ], [ -116.973195088974919, 32.382606888920968 ], [ -116.973523979568114, 32.382669543457148 ], [ -116.973886660438765, 32.383072193122416 ], [ -116.97407588680349, 32.383584752847426 ], [ -116.974336077643514, 32.384579400536822 ], [ -116.974596274178452, 32.385574047534966 ], [ -116.974773537693551, 32.386127199279848 ], [ -116.975080368653806, 32.386719280594541 ], [ -116.975341434678171, 32.387011959081143 ], [ -116.975797174815426, 32.387398833943024 ], [ -116.976252918837886, 32.387785707135428 ], [ -116.976555875022342, 32.388002274068192 ], [ -116.977058178546969, 32.388239174534796 ], [ -116.977472798544341, 32.388361036303941 ], [ -116.978189094518243, 32.38852692789915 ], [ -116.978905393112939, 32.388692815421066 ], [ -116.979254230235085, 32.388819734756346 ], [ -116.97944953655238, 32.389080255572814 ], [ -116.979379707304176, 32.38932550961372 ], [ -116.979119117079023, 32.389767508321569 ], [ -116.978858524314603, 32.390209506458646 ], [ -116.97873486768431, 32.390449676602351 ], [ -116.97867899238878, 32.39068647512709 ], [ -116.978722827805441, 32.390784588687062 ], [ -116.978853048407274, 32.390895120977483 ], [ -116.978983269326349, 32.3910056531316 ], [ -116.979015146130934, 32.391093615678876 ], [ -116.978903461977993, 32.391283043389002 ], [ -116.978712035675969, 32.391465691612218 ], [ -116.978321214483302, 32.391797156097667 ], [ -116.977930390435532, 32.392128619352739 ], [ -116.977732965893665, 32.392367084017323 ], [ -116.977593302697414, 32.392816994252406 ], [ -116.977591209252907, 32.393221258743893 ], [ -116.977656157299947, 32.3939395874146 ], [ -116.977721106371817, 32.394657915970321 ], [ -116.977838643000482, 32.395021605813554 ], [ -116.978257249119466, 32.395282167284776 ], [ -116.978737720509869, 32.395290706668689 ], [ -116.979649515049729, 32.395180346873993 ], [ -116.980561307375098, 32.395069980480891 ], [ -116.981155442888209, 32.394951666806634 ], [ -116.982104489588664, 32.394620274188753 ], [ -116.982866131326162, 32.394265168289579 ], [ -116.984168760541635, 32.393602276672461 ], [ -116.985471370728362, 32.392939371518338 ], [ -116.986268867027704, 32.392604546905552 ], [ -116.987385319701133, 32.392367855681591 ], [ -116.988182760745673, 32.392364549991498 ], [ -116.989485234218137, 32.392475175717884 ], [ -116.990787710869938, 32.392585787984999 ], [ -116.991477498020913, 32.392592602448417 ], [ -116.992091545324854, 32.392403196151321 ], [ -116.992278967545246, 32.392125804224499 ], [ -116.992409262051609, 32.391573260322666 ], [ -116.99253955497062, 32.391020716237435 ], [ -116.992655204594996, 32.390743319421809 ], [ -116.992934318564053, 32.39055388900254 ], [ -116.993217403818363, 32.390560670493812 ], [ -116.993738380354444, 32.390671207833286 ], [ -116.994259358159994, 32.390781743017868 ], [ -116.994584302768999, 32.390895086920281 ], [ -116.995058755474375, 32.391202956747698 ], [ -116.995411601912366, 32.391529426744391 ], [ -116.995997688545586, 32.392137253715099 ], [ -116.996583783030147, 32.392745077902724 ], [ -116.996870851064514, 32.393086765298911 ], [ -116.997038302554969, 32.393465661933099 ], [ -116.996990448918936, 32.393665255993412 ], [ -116.996795063415348, 32.393941526999761 ], [ -116.996599676721928, 32.394217797691041 ], [ -116.99640827957225, 32.394407238645698 ], [ -116.995905865731402, 32.394738754275075 ], [ -116.995379526700106, 32.395022905449338 ], [ -116.994402602680665, 32.395520162217572 ], [ -116.993425667954071, 32.39601741137372 ], [ -116.992905290438188, 32.396357371438597 ], [ -116.992430743019796, 32.396949363184902 ], [ -116.992273197473452, 32.397455107254792 ], [ -116.992142864972251, 32.398339181252375 ], [ -116.99201252992907, 32.399223254990595 ], [ -116.991878903259305, 32.399728999897881 ], [ -116.991515982975471, 32.400320995023854 ], [ -116.991131150912153, 32.400660956579806 ], [ -116.990414665400849, 32.40115820004339 ], [ -116.989698172035091, 32.401655439393146 ], [ -116.989169777803212, 32.401954787492549 ], [ -116.988136930443318, 32.402357267311693 ], [ -116.987189826520265, 32.402632886217255 ], [ -116.985496332048569, 32.403074743386362 ], [ -116.983802821086471, 32.403516577764123 ], [ -116.982825796604146, 32.403726192176215 ], [ -116.981653393019315, 32.403820749947805 ], [ -116.980955560049438, 32.403746221227088 ], [ -116.978871423608624, 32.40330384844281 ], [ -116.978251365190459, 32.403193796635847 ], [ -116.977441884099377, 32.40312261210282 ], [ -116.976905539595606, 32.40313097237366 ], [ -116.9760588085135, 32.403186069453191 ], [ -116.975212076406493, 32.403241160843102 ], [ -116.974795352971682, 32.403279982279898 ], [ -116.974585424668945, 32.403386986494404 ], [ -116.974581113218946, 32.403391046264957 ], [ -116.974544092908559, 32.40340848441263 ], [ -116.9745457190037, 32.403411864110787 ], [ -116.974601880756538, 32.403528591290588 ], [ -116.975053088644515, 32.403620514568814 ], [ -116.975122975746899, 32.403634752304853 ], [ -116.975153938619385, 32.403661970437156 ], [ -116.975234548182428, 32.40373282734177 ], [ -116.975234486806443, 32.403924075406792 ], [ -116.975234474368293, 32.403969630129893 ], [ -116.975192007075236, 32.404060922229085 ], [ -116.97512275253689, 32.404209798541828 ], [ -116.974601442475844, 32.405093775634008 ], [ -116.974549514236273, 32.405404997750928 ], [ -116.974557807975501, 32.405421895127112 ], [ -116.974828500806666, 32.405973391520348 ], [ -116.975278985820893, 32.406474159133538 ], [ -116.976190635871433, 32.407358415422401 ], [ -116.977102303698189, 32.408242665000444 ], [ -116.977552805000599, 32.408773870964751 ], [ -116.977831786014875, 32.40948434214053 ], [ -116.977779824060747, 32.409968096353786 ], [ -116.977519084487938, 32.410741620353384 ], [ -116.977258340462981, 32.411515143716443 ], [ -116.977200401112171, 32.411963375381227 ], [ -116.977451513716161, 32.412508077001959 ], [ -116.977868188423841, 32.412837989374992 ], [ -116.978714878828157, 32.413335430178776 ], [ -116.979561578524496, 32.413832865258016 ], [ -116.98006203177124, 32.414101890623193 ], [ -116.980704069830509, 32.414362478355187 ], [ -116.98112081209365, 32.414465721704161 ], [ -116.981772191693693, 32.414576327575574 ], [ -116.982423572884571, 32.414686930078467 ], [ -116.982804442224904, 32.414698822981499 ], [ -116.983279066772525, 32.41453312191382 ], [ -116.983576231029659, 32.41428451357384 ], [ -116.984032298975464, 32.413787277316992 ], [ -116.984488361918608, 32.413290039368654 ], [ -116.984713749882872, 32.412939930672948 ], [ -116.984717534628544, 32.412922608049229 ], [ -116.984725719333824, 32.412909485493984 ], [ -116.98492126648371, 32.412128045481488 ], [ -116.984963263252283, 32.411392256796013 ], [ -116.984963703035234, 32.40874001584141 ], [ -116.984981765495391, 32.408034670549426 ], [ -116.985008163164522, 32.407833387476437 ], [ -116.985065616509303, 32.407395300746643 ], [ -116.985167341055813, 32.407187260599763 ], [ -116.98555820357636, 32.406855775710234 ], [ -116.985713738920509, 32.406794900117902 ], [ -116.986048709953394, 32.406842299116249 ], [ -116.986371705612413, 32.406970887021451 ], [ -116.986957879079284, 32.407247224282621 ], [ -116.987544056118963, 32.407523558806112 ], [ -116.987849083013288, 32.407860193280563 ], [ -116.9881001860916, 32.408878488622427 ], [ -116.988153877077437, 32.40999656223358 ], [ -116.988153602774062, 32.412096252689743 ], [ -116.988153328442138, 32.414195942445303 ], [ -116.98812925507319, 32.415298784478118 ], [ -116.988017459969214, 32.416246001973931 ], [ -116.987881825911472, 32.4164963278279 ], [ -116.987621244251955, 32.416606812426387 ], [ -116.987360661957439, 32.416717296483903 ], [ -116.987201114299822, 32.416835683869529 ], [ -116.98697772306825, 32.41716719074229 ], [ -116.986818139685951, 32.417522384588082 ], [ -116.98655747184786, 32.418185416481712 ], [ -116.986296800195149, 32.418848447765193 ], [ -116.986185060951371, 32.419274687974045 ], [ -116.9861849599002, 32.41993774721098 ], [ -116.986296556768423, 32.420458734472099 ], [ -116.986557003614223, 32.421342841345137 ], [ -116.986817455537775, 32.422226947556901 ], [ -116.986982907773992, 32.422722567492407 ], [ -116.987234108940726, 32.423267248713707 ], [ -116.987427515001443, 32.423549744763221 ], [ -116.987753196295685, 32.423936561149716 ], [ -116.988078880369599, 32.424323376671225 ], [ -116.988326159264773, 32.424438420221051 ], [ -116.988828753729194, 32.424201659089917 ], [ -116.989299462390207, 32.423748384243474 ], [ -116.990146473623611, 32.422809119942045 ], [ -116.990993467301095, 32.421869849802867 ], [ -116.991446212047322, 32.421340449005626 ], [ -116.99186505526481, 32.420748459689392 ], [ -116.992010661603729, 32.420432162728218 ], [ -116.992140988871938, 32.419990131464814 ], [ -116.992271314868646, 32.419548100035364 ], [ -116.99233914994349, 32.419165830205401 ], [ -116.992395062773852, 32.418265967335067 ], [ -116.992407103451967, 32.417362718718486 ], [ -116.992407242281828, 32.415705069783009 ], [ -116.992407381100278, 32.414047420410817 ], [ -116.992455314979068, 32.413134024465009 ], [ -116.99267872595756, 32.412186809091907 ], [ -116.992949949205538, 32.411747039824697 ], [ -116.993471094842448, 32.41119451781006 ], [ -116.993992234128271, 32.410641993590893 ], [ -116.994263447668686, 32.41018192362472 ], [ -116.994486838240505, 32.409139981691197 ], [ -116.994534755502542, 32.408111563547486 ], [ -116.994534868712719, 32.406232891951035 ], [ -116.994534981912381, 32.404354219793753 ], [ -116.99455896693982, 32.403376544280356 ], [ -116.994670669479063, 32.402571403544059 ], [ -116.994806259510085, 32.40239887801058 ], [ -116.995327311653796, 32.402398898405529 ], [ -116.995492796104557, 32.40245472334842 ], [ -116.995744005606696, 32.40271522035102 ], [ -116.995937392846528, 32.40303153390272 ], [ -116.996263027667325, 32.403639349867987 ], [ -116.996588666851977, 32.404247164933501 ], [ -116.996794023520607, 32.404563477417454 ], [ -116.997101071107949, 32.404823973036315 ], [ -116.997334352876535, 32.404879797081144 ], [ -116.998115952472034, 32.404879811189147 ], [ -116.99840307176305, 32.404818921814524 ], [ -116.998961360068094, 32.404534758725227 ], [ -116.999471792525057, 32.404189699612566 ], [ -117.000383648978101, 32.403526639219876 ], [ -117.001295492099672, 32.402863572160136 ], [ -117.001805906272779, 32.402518503502904 ], [ -117.002364169758252, 32.402234325236641 ], [ -117.002651277823261, 32.402173426158654 ], [ -117.003432854097895, 32.402173407293951 ], [ -117.003702015461542, 32.402076985178944 ], [ -117.003886509508135, 32.401902040346059 ], [ -117.004176522693086, 32.401627036012371 ], [ -117.004182183308799, 32.401619468821245 ], [ -117.004783266350472, 32.400912644952392 ], [ -117.006058822088178, 32.398964519854509 ], [ -117.00608574192124, 32.398923404804492 ], [ -117.006349877819119, 32.398419118495582 ], [ -117.006388750512826, 32.398344902512029 ], [ -117.006430329645895, 32.39808021292685 ], [ -117.006494367863723, 32.397639548495036 ], [ -117.006356770432703, 32.397198078275949 ], [ -117.005965960128137, 32.396535035728974 ], [ -117.005575155536135, 32.395871991899796 ], [ -117.00534785524647, 32.395516790083576 ], [ -117.005068722823381, 32.395185270711885 ], [ -117.004897261376129, 32.395066873591112 ], [ -117.00463675071137, 32.394956373135464 ], [ -117.004376240681097, 32.394845872139435 ], [ -117.004240667962762, 32.394757919586695 ], [ -117.004129014714451, 32.394568477041112 ], [ -117.004105082650909, 32.394385797502515 ], [ -117.0041050526535, 32.393722735555762 ], [ -117.004128967916714, 32.393540054429849 ], [ -117.004240602192198, 32.39335060443463 ], [ -117.004376164323816, 32.393262642593641 ], [ -117.00463665851467, 32.39315212294148 ], [ -117.004897152070967, 32.393041602749122 ], [ -117.005056634215236, 32.392913043603869 ], [ -117.005279896883962, 32.392534141828598 ], [ -117.005439360560615, 32.392121412702828 ], [ -117.005699808533222, 32.391347828638658 ], [ -117.005960252066416, 32.390574243941799 ], [ -117.006119709206132, 32.390161513827643 ], [ -117.006342960668391, 32.389782610005227 ], [ -117.006502435037604, 32.389654048965163 ], [ -117.00676291628055, 32.389543524857309 ], [ -117.007023396888954, 32.389433000209344 ], [ -117.007158948870071, 32.389324737492245 ], [ -117.007270564047289, 32.389040561478829 ], [ -117.007294462461132, 32.38874285857213 ], [ -117.007294418051174, 32.388190306462427 ], [ -117.007294373642409, 32.387637754304215 ], [ -117.007168760980022, 32.38735528329461 ], [ -117.006582659041968, 32.387142187976472 ], [ -117.005870982848748, 32.387120233805199 ], [ -117.004503454005928, 32.387175545297758 ], [ -117.003135923494767, 32.387230841955358 ], [ -117.002418267649475, 32.387234240737392 ], [ -117.001804271220664, 32.387139527781422 ], [ -117.001644789770694, 32.387000828075081 ], [ -117.001579664496148, 32.386724552780507 ], [ -117.0015145396181, 32.386448277440152 ], [ -117.001456726473506, 32.386294352838433 ], [ -117.001317181297949, 32.386128588680045 ], [ -117.001175644244768, 32.386045707230942 ], [ -117.000915164006756, 32.385935198924656 ], [ -117.000654684402988, 32.385824690078202 ], [ -117.000543050299086, 32.385746882216424 ], [ -117.000543049449007, 32.385604797324085 ], [ -117.000654681914142, 32.385479626766923 ], [ -117.000915157185048, 32.38525860419076 ], [ -117.001175631187422, 32.385037581068687 ], [ -117.001293242034535, 32.384887037573606 ], [ -117.001321146364475, 32.384626548276955 ], [ -117.001243399500112, 32.384404964254315 ], [ -117.001048039222823, 32.384018179288383 ], [ -117.000852680610393, 32.383631393995927 ], [ -117.000655331747367, 32.383450406025766 ], [ -117.000125085736855, 32.383379365195239 ], [ -116.999564938796269, 32.38345886441536 ], [ -116.998523048397743, 32.383679877532352 ], [ -116.99748115292617, 32.383900882031 ], [ -116.996920999764086, 32.384000667344367 ], [ -116.996390749696559, 32.38402433410085 ], [ -116.996193404052633, 32.383958360293363 ], [ -116.995998056510743, 32.383792588488753 ], [ -116.995802709682351, 32.383626816377159 ], [ -116.995701052764232, 32.383479653549514 ], [ -116.995617346848292, 32.383124438303085 ], [ -116.995599423727114, 32.382764150831562 ], [ -116.995599455869382, 32.382101087660949 ], [ -116.995599488010626, 32.381438024420511 ], [ -116.995659308265729, 32.381032069373084 ], [ -116.995938403053543, 32.380463738659344 ], [ -116.996277287516961, 32.380057791936821 ], [ -116.996928464804597, 32.379394746025064 ], [ -116.997579632580951, 32.378731696679779 ], [ -116.997954383432301, 32.37828515028972 ], [ -116.998400894247794, 32.3775273697158 ], [ -116.998664015989903, 32.376891372881175 ], [ -116.999054706783213, 32.375786270058377 ], [ -116.999445388066576, 32.374681165830921 ], [ -116.999624779669148, 32.374095911005583 ], [ -116.999680591110362, 32.373574932240921 ], [ -116.999580932400264, 32.373415931880992 ], [ -116.999320490336558, 32.373305420058486 ], [ -116.99906004890677, 32.373194907696096 ], [ -116.998888637078139, 32.373056204106625 ], [ -116.998609598755593, 32.37262994579271 ], [ -116.998382385964121, 32.372159708756563 ], [ -116.997991746582557, 32.371275617405814 ], [ -116.997601114806045, 32.370391524721107 ], [ -116.997338037771712, 32.369890838110031 ], [ -116.996891601026391, 32.369322486876037 ], [ -116.996516910999148, 32.369011242693794 ], [ -116.995865855472331, 32.36856917995803 ], [ -116.995214806283087, 32.368127113830461 ], [ -116.99484610410498, 32.367851386175985 ], [ -116.994427585518011, 32.367448793363366 ], [ -116.994198403381844, 32.367149388988757 ], [ -116.993872905777053, 32.366652074989126 ], [ -116.993547411736088, 32.366154760110511 ], [ -116.993360086206806, 32.365895952097105 ], [ -116.993136884030221, 32.365682812136534 ], [ -116.993005348512483, 32.365637134620535 ], [ -116.992614717637281, 32.365637112349312 ], [ -116.992507090659458, 32.365687850766037 ], [ -116.992395461951119, 32.365924652984447 ], [ -116.992343619168665, 32.366212203500304 ], [ -116.992278466640428, 32.366764753568717 ], [ -116.992213313318857, 32.36731730355487 ], [ -116.992119614068812, 32.367615000273403 ], [ -116.991812657512526, 32.367899151310233 ], [ -116.991467847220306, 32.368007383912413 ], [ -116.990816767602368, 32.368117848960559 ], [ -116.99016568640161, 32.368228310644959 ], [ -116.989790977930852, 32.3683263873721 ], [ -116.989344501650194, 32.368563159236629 ], [ -116.98908138636763, 32.368803328503382 ], [ -116.988690686838865, 32.369245337122265 ], [ -116.988299983507034, 32.369687344498757 ], [ -116.988066759504022, 32.369922439901565 ], [ -116.987759792045352, 32.370135538344982 ], [ -116.987554491867442, 32.37020486937945 ], [ -116.987228942002957, 32.370260092199892 ], [ -116.986903391742857, 32.370315314179287 ], [ -116.986704069118787, 32.370389718920457 ], [ -116.98642499707492, 32.370626497907992 ], [ -116.986225644643426, 32.370890348854374 ], [ -116.98590002288617, 32.371387611129826 ], [ -116.985574397562374, 32.371884872524149 ], [ -116.985333179491136, 32.372174089565888 ], [ -116.984858748648605, 32.372529246467572 ], [ -116.984422207897168, 32.372747395540578 ], [ -116.983640825285335, 32.373078828669406 ], [ -116.982859436971609, 32.373410256936822 ], [ -116.982357120788919, 32.373582719639231 ], [ -116.981575761894064, 32.373724693051926 ], [ -116.980961852357524, 32.373755048675122 ], [ -116.97887830158416, 32.373754716876611 ], [ -116.978294277934324, 32.373830734743045 ], [ -116.977652381939819, 32.374185835490437 ], [ -116.977319409452662, 32.374617105932721 ], [ -116.976863417222347, 32.375445852997949 ], [ -116.976407416664685, 32.376274598301173 ], [ -116.976050490096327, 32.376787052240502 ], [ -116.975296838391245, 32.377521013077697 ], [ -116.974577115869096, 32.378057071981601 ] ] ] ] } },
{ "type": "Feature", "properties": { "fid": 8.0, "cat": 9, "CLAVE_ACUI": "0245", "NOM_ACUIF": "ROSARITO", "VULNERABIL": 3 }, "geometry": { "type": "MultiPolygon", "coordinates": [ [ [ [ -117.00591295326096, 32.373626378129003 ], [ -117.005887639968321, 32.373554456521376 ], [ -117.005871444538457, 32.373439975913563 ], [ -117.005897196116621, 32.373362671858764 ], [ -117.005970771760289, 32.373291629362463 ], [ -117.006063635973106, 32.373237888359625 ], [ -117.006294191858572, 32.373327173543423 ], [ -117.006641527768096, 32.373503292989781 ], [ -117.007156551949905, 32.373829289767713 ], [ -117.008012185752406, 32.374313295373881 ], [ -117.008353039688771, 32.374485805217745 ], [ -117.008771627271713, 32.37462786193587 ], [ -117.009028754642401, 32.374658290602312 ], [ -117.009810093992854, 32.374658232233777 ], [ -117.010055256336187, 32.374632840574954 ], [ -117.010418007347894, 32.37451440684039 ], [ -117.010691060117125, 32.374370607349817 ], [ -117.010970756304388, 32.374229062006769 ], [ -117.011389302244879, 32.37401589716837 ], [ -117.011608999056392, 32.373813199412126 ], [ -117.011851674408589, 32.373633577820982 ], [ -117.012102775334853, 32.373325702776185 ], [ -117.012269498501269, 32.373030803546563 ], [ -117.012403005544556, 32.372768609499623 ], [ -117.012450951972085, 32.372484985040039 ], [ -117.012472686540335, 32.37218616611851 ], [ -117.012492578800675, 32.371900302261757 ], [ -117.012325092963678, 32.371450382255063 ], [ -117.012065937059617, 32.37109350278844 ], [ -117.011179622921745, 32.370059487973244 ], [ -117.011010494087685, 32.369897386909777 ], [ -117.0107836556558, 32.369740167773053 ], [ -117.010654405047632, 32.369664869211206 ], [ -117.010573764517076, 32.369607189019284 ], [ -117.010514312934575, 32.369557884738633 ], [ -117.010441585760987, 32.369477722459195 ], [ -117.010403721555491, 32.369421047791711 ], [ -117.010611444199355, 32.369506429124471 ], [ -117.010931150843206, 32.369617546901409 ], [ -117.011112788402869, 32.369676817629838 ], [ -117.011330391606435, 32.369724972919876 ], [ -117.011627897905939, 32.369777903865916 ], [ -117.011996785645294, 32.369869953949646 ], [ -117.012233207695175, 32.369960187791079 ], [ -117.012713837767365, 32.370204542288832 ], [ -117.013097610007421, 32.370356473687529 ], [ -117.014018500057531, 32.370806311240536 ], [ -117.014411195401635, 32.371115809779134 ], [ -117.01479669479599, 32.371536321187435 ], [ -117.014858831773921, 32.371604101122799 ], [ -117.015322890210157, 32.372110298742918 ], [ -117.015560134105897, 32.372450259258081 ], [ -117.015755566901433, 32.373042256581343 ], [ -117.015797511601662, 32.373548006876931 ], [ -117.015797819208871, 32.375316177516488 ], [ -117.015773987460676, 32.375816861392764 ], [ -117.015662464165544, 32.376385215719864 ], [ -117.015526976353797, 32.376696466497584 ], [ -117.015006217885173, 32.377580614511317 ], [ -117.014816901588304, 32.377856349596094 ], [ -117.014454188207978, 32.378258966042083 ], [ -117.014125341666528, 32.37855839681972 ], [ -117.013967905605142, 32.378692030134985 ], [ -117.012953424215411, 32.379553117946784 ], [ -117.012582705364522, 32.379832251075541 ], [ -117.012024614804062, 32.380140156412558 ], [ -117.011598062079315, 32.380300887757691 ], [ -117.010881816325309, 32.380521972737384 ], [ -117.010513428840099, 32.380664274360477 ], [ -117.010028178025351, 32.380868023636133 ], [ -117.009689840258986, 32.381013202893392 ], [ -117.009349564271147, 32.381132131024543 ], [ -117.009250568966891, 32.381058045417134 ], [ -117.009106445758405, 32.38098077393569 ], [ -117.009374197633164, 32.380636551211502 ], [ -117.00952201151182, 32.380352294800339 ], [ -117.009585556740006, 32.380200459719525 ], [ -117.009685727299626, 32.379732709093588 ], [ -117.009815892088113, 32.3791248908326 ], [ -117.009787939602944, 32.378696946384665 ], [ -117.009397171668255, 32.377915508296596 ], [ -117.008866890857846, 32.377227110687798 ], [ -117.007110928810334, 32.375178507218592 ], [ -117.006783078679163, 32.374796005905687 ], [ -117.006258819006206, 32.374158341356974 ], [ -117.005955270570396, 32.373702646222903 ], [ -117.00591295326096, 32.373626378129003 ] ] ] ] } },
{ "type": "Feature", "properties": { "fid": 9.0, "cat": 10, "CLAVE_ACUI": "0245", "NOM_ACUIF": "ROSARITO", "VULNERABIL": 4 }, "geometry": { "type": "MultiPolygon", "coordinates": [ [ [ [ -117.007050965108817, 32.372076396585193 ], [ -117.007157573553883, 32.371882111552608 ], [ -117.007223420961182, 32.371722683893054 ], [ -117.007269162700595, 32.371540424076137 ], [ -117.00729306304433, 32.371323911894876 ], [ -117.007293024060573, 32.370838454057981 ], [ -117.007292988771653, 32.370398996945823 ], [ -117.007292983663945, 32.370335389089803 ], [ -117.007297476975907, 32.370151290475491 ], [ -117.007302664071091, 32.36987302419584 ], [ -117.007301083689356, 32.36969365086977 ], [ -117.007445853046619, 32.36968912682736 ], [ -117.007586267703033, 32.369675416639261 ], [ -117.007862947956994, 32.369623133774958 ], [ -117.00818899486984, 32.369544546716078 ], [ -117.008928644877798, 32.369418949774122 ], [ -117.0094369565916, 32.369317478666886 ], [ -117.009750356203284, 32.36927317323623 ], [ -117.010060642204692, 32.369241463136611 ], [ -117.010190810550469, 32.369319291297884 ], [ -117.010403721555491, 32.369421047791711 ], [ -117.010441585760987, 32.369477722459195 ], [ -117.010514312934575, 32.369557884738633 ], [ -117.010573764517076, 32.369607189019284 ], [ -117.010654405047632, 32.369664869211206 ], [ -117.0107836556558, 32.369740167773053 ], [ -117.011010494087685, 32.369897386909777 ], [ -117.011179622921745, 32.370059487973244 ], [ -117.012065937059617, 32.37109350278844 ], [ -117.012325092963678, 32.371450382255063 ], [ -117.012492578800675, 32.371900302261757 ], [ -117.012472686540335, 32.37218616611851 ], [ -117.012450951972085, 32.372484985040039 ], [ -117.012403005544556, 32.372768609499623 ], [ -117.012269498501269, 32.373030803546563 ], [ -117.012102775334853, 32.373325702776185 ], [ -117.011851674408589, 32.373633577820982 ], [ -117.011608999056392, 32.373813199412126 ], [ -117.011602549200035, 32.373817973401472 ], [ -117.011389302244879, 32.37401589716837 ], [ -117.010970756304388, 32.374229062006769 ], [ -117.010691060117125, 32.374370607349817 ], [ -117.010418007347894, 32.37451440684039 ], [ -117.010055256336187, 32.374632840574954 ], [ -117.009810093992854, 32.374658232233777 ], [ -117.009028754642401, 32.374658290602312 ], [ -117.008771627271713, 32.37462786193587 ], [ -117.008353039688771, 32.374485805217745 ], [ -117.008012185752406, 32.374313295373881 ], [ -117.007156551949905, 32.373829289767713 ], [ -117.006641527768096, 32.373503292989781 ], [ -117.006294191858572, 32.373327173543423 ], [ -117.006063635973106, 32.373237888359625 ], [ -117.006106736491688, 32.373188096632077 ], [ -117.006137476128941, 32.3731242557825 ], [ -117.006166193565278, 32.372953592890511 ], [ -117.006192693297621, 32.372732299358738 ], [ -117.006208855593272, 32.372424700752298 ], [ -117.006518047347981, 32.372359819866539 ], [ -117.006739320053399, 32.372294167525368 ], [ -117.006874542605374, 32.372225027072794 ], [ -117.007050965108817, 32.372076396585193 ] ] ] ] } },
{ "type": "Feature", "properties": { "fid": 10.0, "cat": 11, "CLAVE_ACUI": "0245", "NOM_ACUIF": "ROSARITO", "VULNERABIL": 3 }, "geometry": { "type": "MultiPolygon", "coordinates": [ [ [ [ -117.007293024060573, 32.370838454057981 ], [ -117.00729306304433, 32.371323911894876 ], [ -117.007269162700595, 32.371540424076137 ], [ -117.007223420961182, 32.371722683893054 ], [ -117.007157573553883, 32.371882111552608 ], [ -117.007050965108817, 32.372076396585193 ], [ -117.006874542605374, 32.372225027072794 ], [ -117.006739320053399, 32.372294167525368 ], [ -117.006518047347981, 32.372359819866539 ], [ -117.006208855593272, 32.372424700752298 ], [ -117.006205016383788, 32.371900862286516 ], [ -117.006213283607849, 32.371717765550656 ], [ -117.006206254440045, 32.37160458643821 ], [ -117.006222794034144, 32.371397131680567 ], [ -117.006245080342808, 32.371157453751103 ], [ -117.006287916912683, 32.370938402840835 ], [ -117.006365550245405, 32.370773663807313 ], [ -117.006501074189757, 32.370651869553505 ], [ -117.006731054345039, 32.370477818221772 ], [ -117.006948208380976, 32.370331540850337 ], [ -117.007126887531896, 32.370228457586819 ], [ -117.007297476975907, 32.370151290475491 ], [ -117.007292983663945, 32.370335389089803 ], [ -117.007292988771653, 32.370398996945823 ], [ -117.007293000924321, 32.370550336787495 ], [ -117.007293024060573, 32.370838454057981 ] ] ] ] } },
{ "type": "Feature", "properties": { "fid": 11.0, "cat": 12, "CLAVE_ACUI": "0245", "NOM_ACUIF": "ROSARITO", "VULNERABIL": 3 }, "geometry": { "type": "MultiPolygon", "coordinates": [ ] } },
{ "type": "Feature", "properties": { "fid": 12.0, "cat": 13, "CLAVE_ACUI": "0245", "NOM_ACUIF": "ROSARITO", "VULNERABIL": 3 }, "geometry": { "type": "MultiPolygon", "coordinates": [ [ [ [ -117.0094369565916, 32.369317478666886 ], [ -117.008928644877798, 32.369418949774122 ], [ -117.00818899486984, 32.369544546716078 ], [ -117.007862947956994, 32.369623133774958 ], [ -117.007586267703033, 32.369675416639261 ], [ -117.007445853046619, 32.36968912682736 ], [ -117.007301083689356, 32.36969365086977 ], [ -117.007269080835385, 32.369607643199743 ], [ -117.007209094826862, 32.369490822968146 ], [ -117.007101614525169, 32.369290860090011 ], [ -117.006896905305439, 32.368856612652714 ], [ -117.006859025443617, 32.368707763480238 ], [ -117.006942724028789, 32.3685656736235 ], [ -117.007100173032839, 32.368511537131582 ], [ -117.007751235662937, 32.368400988019779 ], [ -117.007883853729155, 32.368395670735971 ], [ -117.00817327225802, 32.368437222525948 ], [ -117.008357634683733, 32.368496641480277 ], [ -117.008480685292895, 32.368539000260903 ], [ -117.008750832132449, 32.368628397168763 ], [ -117.009181808871929, 32.368755396619001 ], [ -117.009352803113259, 32.368810821899295 ], [ -117.00953387661626, 32.368869514224713 ], [ -117.00964284456569, 32.368917677787103 ], [ -117.009777534539978, 32.369004413609439 ], [ -117.009924137272705, 32.369136482471184 ], [ -117.010060642204692, 32.369241463136611 ], [ -117.009750356203284, 32.36927317323623 ], [ -117.0094369565916, 32.369317478666886 ] ] ] ] } },
{ "type": "Feature", "properties": { "fid": 13.0, "cat": 8, "CLAVE_ACUI": "0245", "NOM_ACUIF": "ROSARITO", "VULNERABIL": 2 }, "geometry": { "type": "MultiPolygon", "coordinates": [ [ [ [ -116.993136884030221, 32.365682812136534 ], [ -116.993360086206806, 32.365895952097105 ], [ -116.993547411736088, 32.366154760110511 ], [ -116.993872905777053, 32.366652074989126 ], [ -116.994198403381844, 32.367149388988757 ], [ -116.994427585518011, 32.367448793363366 ], [ -116.99484610410498, 32.367851386175985 ], [ -116.995214806283087, 32.368127113830461 ], [ -116.995865855472331, 32.36856917995803 ], [ -116.996516910999148, 32.369011242693794 ], [ -116.996891601026391, 32.369322486876037 ], [ -116.997338037771712, 32.369890838110031 ], [ -116.997601114806045, 32.370391524721107 ], [ -116.997991746582557, 32.371275617405814 ], [ -116.998382385964121, 32.372159708756563 ], [ -116.998609598755593, 32.37262994579271 ], [ -116.998888637078139, 32.373056204106625 ], [ -116.99906004890677, 32.373194907696096 ], [ -116.999320490336558, 32.373305420058486 ], [ -116.999580932400264, 32.373415931880992 ], [ -116.999680591110362, 32.373574932240921 ], [ -116.999624779669148, 32.374095911005583 ], [ -116.999445388066576, 32.374681165830921 ], [ -116.999054706783213, 32.375786270058377 ], [ -116.998664015989903, 32.376891372881175 ], [ -116.998400894247794, 32.3775273697158 ], [ -116.997954383432301, 32.37828515028972 ], [ -116.997579632580951, 32.378731696679779 ], [ -116.996928464804597, 32.379394746025064 ], [ -116.996277287516961, 32.380057791936821 ], [ -116.995938403053543, 32.380463738659344 ], [ -116.995659308265729, 32.381032069373084 ], [ -116.995599488010626, 32.381438024420511 ], [ -116.995599455869382, 32.382101087660949 ], [ -116.995599423727114, 32.382764150831562 ], [ -116.995617346848292, 32.383124438303085 ], [ -116.995701052764232, 32.383479653549514 ], [ -116.995802709682351, 32.383626816377159 ], [ -116.995998056510743, 32.383792588488753 ], [ -116.996193404052633, 32.383958360293363 ], [ -116.996390749696559, 32.38402433410085 ], [ -116.996920999764086, 32.384000667344367 ], [ -116.99748115292617, 32.383900882031 ], [ -116.998523048397743, 32.383679877532352 ], [ -116.999564938796269, 32.38345886441536 ], [ -117.000125085736855, 32.383379365195239 ], [ -117.000655331747367, 32.383450406025766 ], [ -117.000852680610393, 32.383631393995927 ], [ -117.001048039222823, 32.384018179288383 ], [ -117.001243399500112, 32.384404964254315 ], [ -117.001321146364475, 32.384626548276955 ], [ -117.001293242034535, 32.384887037573606 ], [ -117.001175631187422, 32.385037581068687 ], [ -117.000915157185048, 32.38525860419076 ], [ -117.000654681914142, 32.385479626766923 ], [ -117.000543049449007, 32.385604797324085 ], [ -117.000543050299086, 32.385746882216424 ], [ -117.000654684402988, 32.385824690078202 ], [ -117.000915164006756, 32.385935198924656 ], [ -117.001175644244768, 32.386045707230942 ], [ -117.001317181297949, 32.386128588680045 ], [ -117.001456726473506, 32.386294352838433 ], [ -117.0015145396181, 32.386448277440152 ], [ -117.001579664496148, 32.386724552780507 ], [ -117.001644789770694, 32.387000828075081 ], [ -117.001804271220664, 32.387139527781422 ], [ -117.002418267649475, 32.387234240737392 ], [ -117.003135923494767, 32.387230841955358 ], [ -117.004503454005928, 32.387175545297758 ], [ -117.005870982848748, 32.387120233805199 ], [ -117.006582659041968, 32.387142187976472 ], [ -117.007168760980022, 32.38735528329461 ], [ -117.007294373642409, 32.387637754304215 ], [ -117.007294418051174, 32.388190306462427 ], [ -117.007294462461132, 32.38874285857213 ], [ -117.007270564047289, 32.389040561478829 ], [ -117.007158948870071, 32.389324737492245 ], [ -117.007023396888954, 32.389433000209344 ], [ -117.00676291628055, 32.389543524857309 ], [ -117.006502435037604, 32.389654048965163 ], [ -117.006342960668391, 32.389782610005227 ], [ -117.006119709206132, 32.390161513827643 ], [ -117.005960252066416, 32.390574243941799 ], [ -117.005699808533222, 32.391347828638658 ], [ -117.005439360560615, 32.392121412702828 ], [ -117.005279896883962, 32.392534141828598 ], [ -117.005056634215236, 32.392913043603869 ], [ -117.004897152070967, 32.393041602749122 ], [ -117.00463665851467, 32.39315212294148 ], [ -117.004376164323816, 32.393262642593641 ], [ -117.004240602192198, 32.39335060443463 ], [ -117.004128967916714, 32.393540054429849 ], [ -117.0041050526535, 32.393722735555762 ], [ -117.004105082650909, 32.394385797502515 ], [ -117.004129014714451, 32.394568477041112 ], [ -117.004240667962762, 32.394757919586695 ], [ -117.004376240681097, 32.394845872139435 ], [ -117.00463675071137, 32.394956373135464 ], [ -117.004897261376129, 32.395066873591112 ], [ -117.005068722823381, 32.395185270711885 ], [ -117.00534785524647, 32.395516790083576 ], [ -117.005575155536135, 32.395871991899796 ], [ -117.005965960128137, 32.396535035728974 ], [ -117.006356770432703, 32.397198078275949 ], [ -117.006494367863723, 32.397639548495036 ], [ -117.006430329645895, 32.39808021292685 ], [ -117.006388750512826, 32.398344902512029 ], [ -117.006349877819119, 32.398419118495582 ], [ -117.00608574192124, 32.398923404804492 ], [ -117.006058822088178, 32.398964519854509 ], [ -117.004783266350472, 32.400912644952392 ], [ -117.004182183308799, 32.401619468821245 ], [ -117.004176522693086, 32.401627036012371 ], [ -117.003886509508135, 32.401902040346059 ], [ -117.003702015461542, 32.402076985178944 ], [ -117.003432854097895, 32.402173407293951 ], [ -117.002651277823261, 32.402173426158654 ], [ -117.002364169758252, 32.402234325236641 ], [ -117.001805906272779, 32.402518503502904 ], [ -117.001295492099672, 32.402863572160136 ], [ -117.000383648978101, 32.403526639219876 ], [ -116.999471792525057, 32.404189699612566 ], [ -116.998961360068094, 32.404534758725227 ], [ -116.99840307176305, 32.404818921814524 ], [ -116.998115952472034, 32.404879811189147 ], [ -116.997334352876535, 32.404879797081144 ], [ -116.997101071107949, 32.404823973036315 ], [ -116.996794023520607, 32.404563477417454 ], [ -116.996588666851977, 32.404247164933501 ], [ -116.996263027667325, 32.403639349867987 ], [ -116.995937392846528, 32.40303153390272 ], [ -116.995744005606696, 32.40271522035102 ], [ -116.995492796104557, 32.40245472334842 ], [ -116.995327311653796, 32.402398898405529 ], [ -116.994806259510085, 32.40239887801058 ], [ -116.994670669479063, 32.402571403544059 ], [ -116.99455896693982, 32.403376544280356 ], [ -116.994534981912381, 32.404354219793753 ], [ -116.994534868712719, 32.406232891951035 ], [ -116.994534755502542, 32.408111563547486 ], [ -116.994486838240505, 32.409139981691197 ], [ -116.994263447668686, 32.41018192362472 ], [ -116.993992234128271, 32.410641993590893 ], [ -116.993471094842448, 32.41119451781006 ], [ -116.992949949205538, 32.411747039824697 ], [ -116.99267872595756, 32.412186809091907 ], [ -116.992455314979068, 32.413134024465009 ], [ -116.992407381100278, 32.414047420410817 ], [ -116.992407242281828, 32.415705069783009 ], [ -116.992407103451967, 32.417362718718486 ], [ -116.992395062773852, 32.418265967335067 ], [ -116.99233914994349, 32.419165830205401 ], [ -116.992271314868646, 32.419548100035364 ], [ -116.992140988871938, 32.419990131464814 ], [ -116.992010661603729, 32.420432162728218 ], [ -116.99186505526481, 32.420748459689392 ], [ -116.991446212047322, 32.421340449005626 ], [ -116.990993467301095, 32.421869849802867 ], [ -116.990146473623611, 32.422809119942045 ], [ -116.989299462390207, 32.423748384243474 ], [ -116.988828753729194, 32.424201659089917 ], [ -116.988326159264773, 32.424438420221051 ], [ -116.988078880369599, 32.424323376671225 ], [ -116.987753196295685, 32.423936561149716 ], [ -116.987427515001443, 32.423549744763221 ], [ -116.987234108940726, 32.423267248713707 ], [ -116.986982907773992, 32.422722567492407 ], [ -116.986817455537775, 32.422226947556901 ], [ -116.986557003614223, 32.421342841345137 ], [ -116.986296556768423, 32.420458734472099 ], [ -116.9861849599002, 32.41993774721098 ], [ -116.986185060951371, 32.419274687974045 ], [ -116.986296800195149, 32.418848447765193 ], [ -116.98655747184786, 32.418185416481712 ], [ -116.98681813968598, 32.417522384588082 ], [ -116.98697772306825, 32.41716719074229 ], [ -116.987201114299822, 32.416835683869529 ], [ -116.987360661957439, 32.416717296483903 ], [ -116.987621244251955, 32.416606812426387 ], [ -116.987881825911472, 32.4164963278279 ], [ -116.988017459969214, 32.416246001973931 ], [ -116.98812925507319, 32.415298784478118 ], [ -116.988153328442138, 32.414195942445303 ], [ -116.988153602774062, 32.412096252689743 ], [ -116.988153877077437, 32.40999656223358 ], [ -116.9881001860916, 32.408878488622427 ], [ -116.987849083013288, 32.407860193280563 ], [ -116.987544056118963, 32.407523558806112 ], [ -116.986957879079284, 32.407247224282621 ], [ -116.986371705612413, 32.406970887021451 ], [ -116.986048709953394, 32.406842299116249 ], [ -116.985713738920509, 32.406794900117902 ], [ -116.98555820357636, 32.406855775710234 ], [ -116.985167341055813, 32.407187260599763 ], [ -116.985065616509303, 32.407395300746643 ], [ -116.985008163164522, 32.407833387476437 ], [ -116.984981765495391, 32.408034670549426 ], [ -116.984963703035234, 32.40874001584141 ], [ -116.984963263252283, 32.411392256796013 ], [ -116.98492126648371, 32.412128045481488 ], [ -116.984725719333824, 32.412909485493984 ], [ -116.984717534628544, 32.412922608049229 ], [ -116.984488361918608, 32.413290039368654 ], [ -116.984032298975464, 32.413787277316992 ], [ -116.983576231029659, 32.41428451357384 ], [ -116.983279066772525, 32.41453312191382 ], [ -116.982804442224904, 32.414698822981499 ], [ -116.982423572884571, 32.414686930078467 ], [ -116.981772191693693, 32.414576327575574 ], [ -116.981120812093678, 32.414465721704161 ], [ -116.980704069830509, 32.414362478355187 ], [ -116.98006203177124, 32.414101890623193 ], [ -116.979561578524496, 32.413832865258016 ], [ -116.978714878828157, 32.413335430178776 ], [ -116.977868188423841, 32.412837989374992 ], [ -116.977451513716161, 32.412508077001959 ], [ -116.977200401112171, 32.411963375381227 ], [ -116.977258340462981, 32.411515143716443 ], [ -116.977519084487938, 32.410741620353384 ], [ -116.977779824060747, 32.409968096353786 ], [ -116.977831786014875, 32.40948434214053 ], [ -116.977552805000599, 32.408773870964751 ], [ -116.977102303698189, 32.408242665000444 ], [ -116.976190635871433, 32.407358415422401 ], [ -116.975278985820893, 32.406474159133538 ], [ -116.974828500806666, 32.405973391520348 ], [ -116.974557807975501, 32.405421895127112 ], [ -116.974549514236273, 32.405404997750928 ], [ -116.974601442475844, 32.405093775634008 ], [ -116.97512275253689, 32.404209798541828 ], [ -116.975192007075236, 32.404060922229085 ], [ -116.975234474368293, 32.403969630129893 ], [ -116.975234486806443, 32.403924075406792 ], [ -116.975234548182428, 32.40373282734177 ], [ -116.975153938619385, 32.403661970437156 ], [ -116.975122975746899, 32.403634752304853 ], [ -116.975122910269732, 32.403634694746678 ], [ -116.975053088644515, 32.403620514568814 ], [ -116.974601880756538, 32.403528591290588 ], [ -116.9745457190037, 32.403411864110787 ], [ -116.974544092908559, 32.40340848441263 ], [ -116.974581113218946, 32.403391046264957 ], [ -116.974585424668945, 32.403386986494404 ], [ -116.974795352971682, 32.403279982279898 ], [ -116.975212076406493, 32.403241160843102 ], [ -116.9760588085135, 32.403186069453191 ], [ -116.976905539595606, 32.40313097237366 ], [ -116.977441884099377, 32.40312261210282 ], [ -116.978251365190459, 32.403193796635847 ], [ -116.978871423608595, 32.40330384844281 ], [ -116.980955560049438, 32.403746221227088 ], [ -116.981653393019315, 32.403820749947805 ], [ -116.982825796604146, 32.403726192176215 ], [ -116.983802821086471, 32.403516577764123 ], [ -116.985496332048569, 32.403074743386362 ], [ -116.987189826520265, 32.402632886217255 ], [ -116.988136930443318, 32.402357267311693 ], [ -116.989169777803212, 32.401954787492549 ], [ -116.989698172035091, 32.401655439393146 ], [ -116.990414665400849, 32.40115820004339 ], [ -116.991131150912153, 32.400660956579806 ], [ -116.991515982975471, 32.400320995023854 ], [ -116.991878903259305, 32.399728999897881 ], [ -116.99201252992907, 32.399223254990595 ], [ -116.992142864972251, 32.398339181252375 ], [ -116.992273197473452, 32.397455107254792 ], [ -116.992430743019796, 32.396949363184902 ], [ -116.992905290438188, 32.396357371438597 ], [ -116.993425667954071, 32.39601741137372 ], [ -116.994402602680665, 32.395520162217572 ], [ -116.995379526700106, 32.395022905449338 ], [ -116.995905865731402, 32.394738754275075 ], [ -116.99640827957225, 32.394407238645698 ], [ -116.996599676721928, 32.394217797691041 ], [ -116.996795063415348, 32.393941526999761 ], [ -116.996990448918936, 32.393665255993412 ], [ -116.997038302554969, 32.393465661933099 ], [ -116.996870851064514, 32.393086765298911 ], [ -116.996583783030147, 32.392745077902724 ], [ -116.995997688545586, 32.392137253715099 ], [ -116.995411601912366, 32.391529426744391 ], [ -116.995058755474375, 32.391202956747698 ], [ -116.994584302768999, 32.390895086920281 ], [ -116.994259358159994, 32.390781743017868 ], [ -116.993738380354444, 32.390671207833286 ], [ -116.993217403818363, 32.390560670493812 ], [ -116.992934318564053, 32.39055388900254 ], [ -116.992655204594996, 32.390743319421809 ], [ -116.99253955497062, 32.391020716237435 ], [ -116.992409262051609, 32.391573260322666 ], [ -116.992278967545246, 32.392125804224499 ], [ -116.992091545324854, 32.392403196151321 ], [ -116.991477498020913, 32.392592602448417 ], [ -116.990787710869938, 32.392585787984999 ], [ -116.989485234218137, 32.392475175717884 ], [ -116.988182760745673, 32.392364549991498 ], [ -116.988182760745673, 32.392364549991498 ], [ -116.987385319701133, 32.392367855681591 ], [ -116.986268867027704, 32.392604546905552 ], [ -116.985471370728362, 32.392939371518338 ], [ -116.984168760541635, 32.393602276672461 ], [ -116.982866131326162, 32.394265168289579 ], [ -116.982104489588664, 32.394620274188753 ], [ -116.981155442888209, 32.394951666806634 ], [ -116.980561307375098, 32.395069980480891 ], [ -116.979649515049729, 32.395180346873993 ], [ -116.978737720509869, 32.395290706668689 ], [ -116.978257249119466, 32.395282167284776 ], [ -116.977838643000482, 32.395021605813554 ], [ -116.977721106371817, 32.394657915970321 ], [ -116.977656157299947, 32.3939395874146 ], [ -116.977591209252907, 32.393221258743893 ], [ -116.977593302697414, 32.392816994252406 ], [ -116.977732965893665, 32.392367084017323 ], [ -116.977930390435532, 32.392128619352739 ], [ -116.978321214483302, 32.391797156097667 ], [ -116.978712035675969, 32.391465691612218 ], [ -116.978903461977993, 32.391283043389002 ], [ -116.979015146130934, 32.391093615678876 ], [ -116.978983269326349, 32.3910056531316 ], [ -116.978853048407274, 32.390895120977483 ], [ -116.978722827805441, 32.390784588687062 ], [ -116.97867899238878, 32.39068647512709 ], [ -116.97873486768431, 32.390449676602351 ], [ -116.978858524314603, 32.390209506458646 ], [ -116.979119117079023, 32.389767508321569 ], [ -116.979379707304176, 32.38932550961372 ], [ -116.97944953655238, 32.389080255572814 ], [ -116.979254230235085, 32.388819734756346 ], [ -116.978905393112939, 32.388692815421066 ], [ -116.978189094518243, 32.38852692789915 ], [ -116.977472798544341, 32.388361036303941 ], [ -116.977058178546969, 32.388239174534796 ], [ -116.976555875022342, 32.388002274068192 ], [ -116.976252918837886, 32.387785707135428 ], [ -116.975797174815426, 32.387398833943024 ], [ -116.975341434678171, 32.387011959081143 ], [ -116.975080368653806, 32.386719280594541 ], [ -116.974773537693551, 32.386127199279848 ], [ -116.974596274178452, 32.385574047534966 ], [ -116.974336077643514, 32.384579400536822 ], [ -116.97407588680349, 32.383584752847426 ], [ -116.973886660438765, 32.383072193122416 ], [ -116.973523979568114, 32.382669543457148 ], [ -116.973195088974919, 32.382606888920968 ], [ -116.972022943400461, 32.382717144780258 ], [ -116.971700019600135, 32.382700157831927 ], [ -116.97136519001252, 32.382510635622801 ], [ -116.971209786465394, 32.382256877090022 ], [ -116.971014594084352, 32.381759534979857 ], [ -116.970819403840068, 32.381262192529427 ], [ -116.970837453271542, 32.380922207627492 ], [ -116.97131205762939, 32.380330295684715 ], [ -116.971972008291488, 32.379824689140499 ], [ -116.973274574758207, 32.378940887358112 ], [ -116.974577115869096, 32.378057071981601 ], [ -116.975296838391245, 32.377521013077697 ], [ -116.976050490096327, 32.376787052240502 ], [ -116.976407416664685, 32.376274598301173 ], [ -116.976863417222347, 32.375445852997949 ], [ -116.977319409452662, 32.374617105932721 ], [ -116.977652381939819, 32.374185835490437 ], [ -116.978294277934324, 32.373830734743045 ], [ -116.97887830158416, 32.373754716876611 ], [ -116.97887830158416, 32.373754716876611 ], [ -116.980961852357524, 32.373755048675122 ], [ -116.980961852357524, 32.373755048675122 ], [ -116.981575761894064, 32.373724693051926 ], [ -116.982357120788919, 32.373582719639231 ], [ -116.982859436971609, 32.373410256936822 ], [ -116.983640825285335, 32.373078828669406 ], [ -116.984422207897168, 32.372747395540578 ], [ -116.984858748648605, 32.372529246467572 ], [ -116.985333179491136, 32.372174089565888 ], [ -116.985574397562374, 32.371884872524149 ], [ -116.98590002288617, 32.371387611129826 ], [ -116.986225644643426, 32.370890348854374 ], [ -116.98642499707492, 32.370626497907992 ], [ -116.986704069118787, 32.370389718920457 ], [ -116.986903391742857, 32.370315314179287 ], [ -116.987228942002957, 32.370260092199892 ], [ -116.987554491867442, 32.37020486937945 ], [ -116.987759792045352, 32.370135538344982 ], [ -116.988066759504022, 32.369922439901565 ], [ -116.988299983507034, 32.369687344498757 ], [ -116.988690686838865, 32.369245337122265 ], [ -116.98908138636763, 32.368803328503382 ], [ -116.989344501650194, 32.368563159236629 ], [ -116.989790977930852, 32.3683263873721 ], [ -116.99016568640161, 32.368228310644959 ], [ -116.990816767602368, 32.368117848960559 ], [ -116.991467847220306, 32.368007383912413 ], [ -116.991812657512526, 32.367899151310233 ], [ -116.992119614068812, 32.367615000273403 ], [ -116.992213313318857, 32.36731730355487 ], [ -116.992278466640428, 32.366764753568717 ], [ -116.992343619168665, 32.366212203500304 ], [ -116.992395461951119, 32.365924652984447 ], [ -116.992507090659458, 32.365687850766037 ], [ -116.992614717637281, 32.365637112349312 ], [ -116.992614717637281, 32.365637112349312 ], [ -116.993005348512483, 32.365637134620535 ], [ -116.993136884030221, 32.365682812136534 ] ] ] ] } },
{ "type": "Feature", "properties": { "fid": 14.0, "cat": 14, "CLAVE_ACUI": "0245", "NOM_ACUIF": "ROSARITO", "VULNERABIL": 4 }, "geometry": { "type": "MultiPolygon", "coordinates": [ [ [ [ -117.039332842764125, 32.366869366817141 ], [ -117.038762848844357, 32.366906756127108 ], [ -117.038876312521566, 32.36658026329529 ], [ -117.038367943578166, 32.366237046148754 ], [ -117.037586379607561, 32.3655189612548 ], [ -117.036804827994416, 32.364800871426112 ], [ -117.036410048699025, 32.364386570400924 ], [ -117.036130832750828, 32.363889351922737 ], [ -117.036126729082469, 32.363593341900099 ], [ -117.036256759999389, 32.3631512611693 ], [ -117.036386789652809, 32.362709180274337 ], [ -117.036394648967516, 32.3624283901894 ], [ -117.036171269540986, 32.362002198225603 ], [ -117.035844298807802, 32.361674141922471 ], [ -117.035193061829929, 32.361121770885738 ], [ -117.034541832770785, 32.360569396432325 ], [ -117.034190946869316, 32.360210895427734 ], [ -117.033855928681248, 32.359642643954075 ], [ -117.033728215901959, 32.359189357849509 ], [ -117.033597728829363, 32.358415816130204 ], [ -117.033467243984461, 32.357642274179426 ], [ -117.03329769585244, 32.357214371001987 ], [ -117.032767440931025, 32.356764572364462 ], [ -117.032179483033346, 32.356549903941605 ], [ -117.031072711935835, 32.356273904012461 ], [ -117.029965947553947, 32.355997894355333 ], [ -117.029360080796607, 32.355828887370791 ], [ -117.028746223705454, 32.355592219500181 ], [ -117.028475150704608, 32.355423131505916 ], [ -117.028149576025157, 32.355146927088356 ], [ -117.027824003324767, 32.3548707218172 ], [ -117.027642592069142, 32.354645792865455 ], [ -117.02744715008285, 32.354148535977245 ], [ -117.027349358627035, 32.353663098078151 ], [ -117.027218900724222, 32.352779038009238 ], [ -117.027088445365749, 32.351894977679933 ], [ -117.027068360052155, 32.351363852286099 ], [ -117.027235534086486, 32.350653387963099 ], [ -117.027494436906068, 32.350169563882936 ], [ -117.028014950932928, 32.349395871683321 ], [ -117.02853545610219, 32.348622177245808 ], [ -117.028794360690313, 32.348184020759028 ], [ -117.028961583306597, 32.347686682401388 ], [ -117.028941570393258, 32.347414355983702 ], [ -117.028811263635106, 32.347027596819949 ], [ -117.028680957986978, 32.346640837497219 ], [ -117.028631076447567, 32.346429411673796 ], [ -117.028645952856664, 32.346315477770112 ], [ -117.028658905561912, 32.346216276695706 ], [ -117.028748542625465, 32.346123223946698 ], [ -117.02913901873309, 32.345902112032881 ], [ -117.029443858523265, 32.34582423237002 ], [ -117.030475967290542, 32.345681901467323 ], [ -117.031072327606225, 32.345647656820518 ], [ -117.031645566289299, 32.345556442678173 ], [ -117.033527141376084, 32.345368035555794 ], [ -117.034657853409144, 32.345254800472965 ], [ -117.036071561864148, 32.345113210076718 ], [ -117.037277026445878, 32.345023210259932 ], [ -117.038476558913487, 32.345046531071077 ], [ -117.03898471535166, 32.345169854380259 ], [ -117.03957064983112, 32.345445949870886 ], [ -117.0401565878675, 32.34572204262512 ], [ -117.04046160203815, 32.346058553130213 ], [ -117.040713123775248, 32.347076753480927 ], [ -117.040767425600436, 32.348194815359683 ], [ -117.040768367346516, 32.350294525938359 ], [ -117.04076930919058, 32.352394235817101 ], [ -117.040865528842517, 32.353659443238911 ], [ -117.041312680263545, 32.35536432453231 ], [ -117.041855257953216, 32.356534659917138 ], [ -117.042897722556589, 32.358412995880499 ], [ -117.043940230296229, 32.360291322630331 ], [ -117.044482791808562, 32.361299262429959 ], [ -117.044929674086703, 32.362246340106729 ], [ -117.045025506206898, 32.362591370468401 ], [ -117.04502583483324, 32.363254435489949 ], [ -117.044996048481764, 32.363472648664064 ], [ -117.044856716214639, 32.363827911725686 ], [ -117.044687455675714, 32.364117217019782 ], [ -117.044036897443149, 32.365112043310333 ], [ -117.043899195220732, 32.365259113984699 ], [ -117.043750745102557, 32.365476941365536 ], [ -117.043489763561823, 32.36569185112058 ], [ -117.042578550220782, 32.366244716089156 ], [ -117.042257744406044, 32.366398749751156 ], [ -117.041671869380153, 32.36656471090572 ], [ -117.041148593848419, 32.366638479273391 ], [ -117.040625317464375, 32.366712245469579 ], [ -117.039332842764125, 32.366869366817141 ] ] ] ] } },
{ "type": "Feature", "properties": { "fid": 15.0, "cat": 15, "CLAVE_ACUI": "0245", "NOM_ACUIF": "ROSARITO", "VULNERABIL": 3 }, "geometry": { "type": "MultiPolygon", "coordinates": [ [ [ [ -117.028286372031729, 32.346475159863395 ], [ -117.028287070166954, 32.346475159706856 ], [ -117.028399929293116, 32.346409165956238 ], [ -117.028645952856664, 32.346315477770112 ], [ -117.028631076447567, 32.346429411673796 ], [ -117.028680957986978, 32.346640837497219 ], [ -117.028811263635106, 32.347027596819949 ], [ -117.028941570393258, 32.347414355983702 ], [ -117.028961583306597, 32.347686682401388 ], [ -117.028794360690313, 32.348184020759028 ], [ -117.02853545610219, 32.348622177245808 ], [ -117.028014950932928, 32.349395871683321 ], [ -117.027494436906068, 32.350169563882936 ], [ -117.027235534086486, 32.350653387963099 ], [ -117.027068360052155, 32.351363852286099 ], [ -117.027088445365749, 32.351894977679933 ], [ -117.027218900724222, 32.352779038009238 ], [ -117.027349358627035, 32.353663098078151 ], [ -117.02744715008285, 32.354148535977245 ], [ -117.027642592069142, 32.354645792865455 ], [ -117.027824003324767, 32.3548707218172 ], [ -117.028149576025157, 32.355146927088356 ], [ -117.028475150704608, 32.355423131505916 ], [ -117.028746223705454, 32.355592219500181 ], [ -117.029360080796607, 32.355828887370791 ], [ -117.029965947553947, 32.355997894355333 ], [ -117.031072711935835, 32.356273904012461 ], [ -117.032179483033346, 32.356549903941605 ], [ -117.032767440931025, 32.356764572364462 ], [ -117.03329769585244, 32.357214371001987 ], [ -117.033467243984461, 32.357642274179426 ], [ -117.033597728829363, 32.358415816130204 ], [ -117.033728215901959, 32.359189357849509 ], [ -117.033855928681248, 32.359642643954075 ], [ -117.034190946869316, 32.360210895427734 ], [ -117.034541832770785, 32.360569396432325 ], [ -117.035193061829929, 32.361121770885738 ], [ -117.035844298807802, 32.361674141922471 ], [ -117.036171269540986, 32.362002198225603 ], [ -117.036394648967516, 32.3624283901894 ], [ -117.036386789652809, 32.362709180274337 ], [ -117.036256759999389, 32.3631512611693 ], [ -117.036126729082469, 32.363593341900099 ], [ -117.036130832750828, 32.363889351922737 ], [ -117.036410048699025, 32.364386570400924 ], [ -117.036804827994416, 32.364800871426112 ], [ -117.037586379607561, 32.3655189612548 ], [ -117.038367943578166, 32.366237046148754 ], [ -117.038876312521566, 32.36658026329529 ], [ -117.038762848844357, 32.366906756127108 ], [ -117.03792575138867, 32.366859648887996 ], [ -117.037299893425043, 32.366754963069326 ], [ -117.035313248121852, 32.366334053383376 ], [ -117.034590465586064, 32.366168223852931 ], [ -117.033753306678477, 32.365931641824645 ], [ -117.033183232285978, 32.365738963026722 ], [ -117.031360057520416, 32.365076364656872 ], [ -117.030819876480336, 32.364848146369972 ], [ -117.030118337043206, 32.364315618676613 ], [ -117.029530088990512, 32.363869080855245 ], [ -117.028584981586008, 32.362944039424718 ], [ -117.027836880403555, 32.362211803009075 ], [ -117.027372374185092, 32.361709531229593 ], [ -117.02718470746369, 32.361437973662625 ], [ -117.026897853932383, 32.361022887060543 ], [ -117.026684471621692, 32.360544239750361 ], [ -117.026163214189765, 32.358997196059178 ], [ -117.026015580138591, 32.358432267608421 ], [ -117.025847870324299, 32.357342979822626 ], [ -117.025755919075706, 32.35635178286546 ], [ -117.025625223496306, 32.354583633530645 ], [ -117.025494533026759, 32.352815483561464 ], [ -117.025450415324286, 32.351824275989564 ], [ -117.025505905550745, 32.350734941369744 ], [ -117.025629292879103, 32.350169956628712 ], [ -117.025889448772801, 32.349396325824458 ], [ -117.026149600242363, 32.348622694390933 ], [ -117.026332796330479, 32.348184558623963 ], [ -117.026667412566823, 32.347687188249182 ], [ -117.02696223967159, 32.347414794565651 ], [ -117.027482859409929, 32.347027893222212 ], [ -117.028003474716229, 32.346640989708845 ], [ -117.028286372031729, 32.346475159863395 ] ] ] ] } },
{ "type": "Feature", "properties": { "fid": 16.0, "cat": 17, "CLAVE_ACUI": "0245", "NOM_ACUIF": "ROSARITO", "VULNERABIL": 3 }, "geometry": { "type": "MultiPolygon", "coordinates": [ [ [ [ -117.044652894860661, 32.337044271642448 ], [ -117.043082049114346, 32.337108324680131 ], [ -117.041919390515346, 32.337155720765885 ], [ -117.041190172815277, 32.337149194941311 ], [ -117.040520666602418, 32.337007325764333 ], [ -117.040314433582012, 32.336829300246166 ], [ -117.040293447603815, 32.336811184564922 ], [ -117.039902601263961, 32.336037729508604 ], [ -117.039914447065954, 32.335790766761491 ], [ -117.040360567517354, 32.335411728824162 ], [ -117.040986033254484, 32.335117206168334 ], [ -117.041048484386437, 32.335092066102064 ], [ -117.041343794137475, 32.334973186836763 ], [ -117.0427270138225, 32.33441634749969 ], [ -117.043458722277919, 32.334121776525059 ], [ -117.044132001935225, 32.333862743256631 ], [ -117.044801315627055, 32.333649378310575 ], [ -117.045013049662103, 32.333615119476164 ], [ -117.045340856483804, 32.333611282862101 ], [ -117.045679635648114, 32.333643726862334 ], [ -117.046095250072369, 32.333703636777038 ], [ -117.046286402788269, 32.333807669767509 ], [ -117.04657623228735, 32.334028158771275 ], [ -117.04682449139186, 32.334271217986377 ], [ -117.047056662983195, 32.334530198207375 ], [ -117.047293963749226, 32.334830433609049 ], [ -117.047370967199427, 32.334953780498111 ], [ -117.047501661758062, 32.335101565883697 ], [ -117.04763018736476, 32.335213184444825 ], [ -117.047797242813928, 32.335865169437888 ], [ -117.047868466535846, 32.336143141800164 ], [ -117.04790106171194, 32.336376727431222 ], [ -117.047914820158951, 32.336641422777191 ], [ -117.047896864474737, 32.33697792497415 ], [ -117.047837364192659, 32.337230622296303 ], [ -117.04772470206747, 32.337452048450992 ], [ -117.047576775014988, 32.337638479655091 ], [ -117.047353205961457, 32.337849732982619 ], [ -117.046951379445275, 32.338229418450453 ], [ -117.046622130883961, 32.338587748106519 ], [ -117.046410944941627, 32.338891436937622 ], [ -117.046189974396796, 32.339326920111915 ], [ -117.046052092606374, 32.339690751649528 ], [ -117.045941523167656, 32.34010429493938 ], [ -117.045811767084999, 32.340933176490203 ], [ -117.045682008645969, 32.341762057800686 ], [ -117.045590567634164, 32.342178177146813 ], [ -117.045590562729345, 32.342178199467085 ], [ -117.045588408244484, 32.342181861388077 ], [ -117.045423334728611, 32.342462431490901 ], [ -117.045423323439778, 32.342462430717966 ], [ -117.045278431727198, 32.342452509934255 ], [ -117.045275884238563, 32.342452335505357 ], [ -117.045018495860546, 32.342288600689535 ], [ -117.044755012891017, 32.342120987705783 ], [ -117.04460749580781, 32.341973879598477 ], [ -117.044439952591688, 32.341618724067686 ], [ -117.044348122437455, 32.341258467206025 ], [ -117.044143217385709, 32.340586427064871 ], [ -117.044087128774066, 32.339932423695643 ], [ -117.044074930001742, 32.339783793413034 ], [ -117.044067012447314, 32.339536619972286 ], [ -117.044166395456074, 32.339044358995139 ], [ -117.044357512884801, 32.338724598604415 ], [ -117.045533789159023, 32.337561555677297 ], [ -117.045550170478805, 32.337529703325622 ], [ -117.045556374759627, 32.337571696521202 ], [ -117.045612185679616, 32.337619038342694 ], [ -117.045679920473759, 32.337605481841116 ], [ -117.045940204839837, 32.337494876033972 ], [ -117.046001946900176, 32.337450874549766 ], [ -117.046029792498601, 32.33735614041953 ], [ -117.046007829952956, 32.337264807453465 ], [ -117.045877493087829, 32.336933320987136 ], [ -117.045837604468815, 32.336852143500302 ], [ -117.045781793902762, 32.336804801772445 ], [ -117.045741953071044, 32.336818348220405 ], [ -117.045611839528263, 32.336928906638235 ], [ -117.045577991031394, 32.336972897861756 ], [ -117.045550145079019, 32.337067631898357 ], [ -117.045544213661742, 32.337158975019427 ], [ -117.045544234123597, 32.337199831233349 ], [ -117.045316370748353, 32.33706602458048 ], [ -117.044652894860661, 32.337044271642448 ] ] ] ] } },
{ "type": "Feature", "properties": { "fid": 17.0, "cat": 19, "CLAVE_ACUI": "0245", "NOM_ACUIF": "ROSARITO", "VULNERABIL": 4 }, "geometry": { "type": "MultiPolygon", "coordinates": [ [ [ [ -117.045679920473759, 32.337605481841116 ], [ -117.045612185679616, 32.337619038342694 ], [ -117.045556374759627, 32.337571696521202 ], [ -117.045550170478805, 32.337529703325622 ], [ -117.045544379703585, 32.337490508875092 ], [ -117.045544234123597, 32.337199831233349 ], [ -117.045544213661742, 32.337158975019427 ], [ -117.045550145079019, 32.337067631898357 ], [ -117.045577991031394, 32.336972897861756 ], [ -117.045611839528263, 32.336928906638235 ], [ -117.045741953071044, 32.336818348220405 ], [ -117.045781793902762, 32.336804801772445 ], [ -117.045837604468815, 32.336852143500302 ], [ -117.045877493087829, 32.336933320987136 ], [ -117.046007829952956, 32.337264807453465 ], [ -117.046029792498601, 32.33735614041953 ], [ -117.046001946900176, 32.337450874549766 ], [ -117.045940204839837, 32.337494876033972 ], [ -117.045679920473759, 32.337605481841116 ] ] ] ] } },
{ "type": "Feature", "properties": { "fid": 18.0, "cat": 16, "CLAVE_ACUI": "0245", "NOM_ACUIF": "ROSARITO", "VULNERABIL": 4 }, "geometry": { "type": "MultiPolygon", "coordinates": [ [ [ [ -117.049865228333616, 32.332651184771898 ], [ -117.049713976177927, 32.332518046013384 ], [ -117.049573979301812, 32.332442724709743 ], [ -117.049432349626201, 32.332402586515684 ], [ -117.049208592701717, 32.332391677590479 ], [ -117.049052249616608, 32.332421459328351 ], [ -117.048648757846181, 32.332519845678355 ], [ -117.04831014055847, 32.332647657105575 ], [ -117.048031358589853, 32.332836100603423 ], [ -117.047882904918495, 32.33297493444465 ], [ -117.047762951709018, 32.333135766558712 ], [ -117.047680564106642, 32.33331178954888 ], [ -117.047606770418298, 32.333529902731314 ], [ -117.047506340292571, 32.333755418692206 ], [ -117.047404200854629, 32.334025781545613 ], [ -117.047302603891822, 32.334382745810949 ], [ -117.047260560605537, 32.334550918956047 ], [ -117.047265746437191, 32.334689264667908 ], [ -117.047293963749226, 32.334830433609049 ], [ -117.047056662983195, 32.334530198207375 ], [ -117.04682449139186, 32.334271217986377 ], [ -117.04657623228735, 32.334028158771275 ], [ -117.046286402788269, 32.333807669767509 ], [ -117.046095250072369, 32.333703636777038 ], [ -117.046076148559948, 32.333616171957011 ], [ -117.046004646124331, 32.333332492476281 ], [ -117.045824905317517, 32.333004365635304 ], [ -117.04555337032528, 32.332643000166328 ], [ -117.045175361447903, 32.332184563868239 ], [ -117.044835286532759, 32.331805272762921 ], [ -117.044586847333875, 32.331479770618351 ], [ -117.04431442313583, 32.331062488895519 ], [ -117.04412321406403, 32.330707352633389 ], [ -117.043985950687954, 32.330345705156219 ], [ -117.043946819478023, 32.329952708778009 ], [ -117.043946355272283, 32.328991848521603 ], [ -117.043982046594763, 32.328643386701508 ], [ -117.044149138818881, 32.328122345740233 ], [ -117.04435214940429, 32.327726463057282 ], [ -117.044461632417196, 32.327540352694605 ], [ -117.045035513332991, 32.326564797450281 ], [ -117.045132427268371, 32.326400048570854 ], [ -117.045389220195247, 32.326009219376793 ], [ -117.045807320351585, 32.325511766514957 ], [ -117.046147813201884, 32.325191948433762 ], [ -117.04731866690588, 32.324196911102298 ], [ -117.047904075125274, 32.323805986946709 ], [ -117.048382108655474, 32.323552045170338 ], [ -117.048955597815464, 32.323260498757534 ], [ -117.049539685578608, 32.322897630419305 ], [ -117.050033114825681, 32.322649837288573 ], [ -117.05059988512626, 32.322386123479433 ], [ -117.051126927747603, 32.322085058067451 ], [ -117.051447694701778, 32.321721164171549 ], [ -117.051759017011193, 32.321044366084578 ], [ -117.051875218404902, 32.32051701694774 ], [ -117.05276027042558, 32.321566020858953 ], [ -117.052584790601657, 32.321981812240374 ], [ -117.052760275444854, 32.322283163040709 ], [ -117.053286726157694, 32.322512033537755 ], [ -117.053652957704088, 32.323332166909076 ], [ -117.053652963013292, 32.324087455456926 ], [ -117.053469856167411, 32.324949554267882 ], [ -117.054408316518902, 32.325964226200313 ], [ -117.054881365383736, 32.326978902510703 ], [ -117.055030996267803, 32.327714509528526 ], [ -117.054659452509554, 32.327877255269698 ], [ -117.054318147048818, 32.328093766076812 ], [ -117.05410191862083, 32.328269560657077 ], [ -117.053837714093405, 32.328589310658749 ], [ -117.053464805998757, 32.32914119476267 ], [ -117.05308722221325, 32.329792064978619 ], [ -117.052541318610366, 32.330675144336226 ], [ -117.052233393992879, 32.331268875465625 ], [ -117.051917971208781, 32.332001979564424 ], [ -117.051697455075569, 32.332784868441266 ], [ -117.051584121973676, 32.333374814124795 ], [ -117.051526674709351, 32.333655729482899 ], [ -117.051481768139425, 32.333966242529826 ], [ -117.051389633758973, 32.334893842836699 ], [ -117.05138879472554, 32.335473146200243 ], [ -117.051389289118831, 32.335847025671903 ], [ -117.051421761915663, 32.336412788419253 ], [ -117.051491458444659, 32.336902167106452 ], [ -117.051659801945632, 32.337650537057463 ], [ -117.051730838420113, 32.337867417556005 ], [ -117.051908091762954, 32.338408582608807 ], [ -117.052000421195459, 32.338669807359928 ], [ -117.052195987851576, 32.339208469055471 ], [ -117.052323197355292, 32.339477229228187 ], [ -117.052507963519048, 32.339793693746735 ], [ -117.052984655975905, 32.340592682760111 ], [ -117.053150489901768, 32.340880555826502 ], [ -117.053309868474955, 32.34117548304944 ], [ -117.053411557645248, 32.341430272885454 ], [ -117.053475978604126, 32.341642691023736 ], [ -117.053508282955235, 32.341838083477676 ], [ -117.053516620780925, 32.341996717521191 ], [ -117.053516690675266, 32.342115463645925 ], [ -117.053517192990469, 32.342384268829377 ], [ -117.053492227978495, 32.342571074638371 ], [ -117.053454748031484, 32.342675764683399 ], [ -117.053379623956133, 32.34281955833579 ], [ -117.053255870441845, 32.342964063462802 ], [ -117.053043070784511, 32.343134929424508 ], [ -117.052587607587114, 32.343411398093586 ], [ -117.0521321416185, 32.343687865109061 ], [ -117.051835336242718, 32.343831764721905 ], [ -117.051361179632693, 32.343950363497271 ], [ -117.050980619038924, 32.34397589032622 ], [ -117.049678826943349, 32.343976409679307 ], [ -117.049262369803841, 32.343946126030296 ], [ -117.048620696481748, 32.343804289152992 ], [ -117.048165975802775, 32.343647623443225 ], [ -117.048120478822653, 32.343631948169019 ], [ -117.047875612645711, 32.343536120404657 ], [ -117.046427816817399, 32.342969515260549 ], [ -117.04620246564464, 32.342855928037977 ], [ -117.045957581725276, 32.342732252959159 ], [ -117.045423323439778, 32.342462430717966 ], [ -117.045423334728611, 32.342462431490901 ], [ -117.045588408244484, 32.342181861388077 ], [ -117.045590562729345, 32.342178199467085 ], [ -117.045590567634164, 32.342178177146813 ], [ -117.045590587783238, 32.342178142769484 ], [ -117.045682008645969, 32.341762057800686 ], [ -117.045811767084999, 32.340933176490203 ], [ -117.045941523167656, 32.34010429493938 ], [ -117.046052092606374, 32.339690751649528 ], [ -117.046189974396796, 32.339326920111915 ], [ -117.046410944941627, 32.338891436937622 ], [ -117.046622130883961, 32.338587748106519 ], [ -117.046951379445275, 32.338229418450453 ], [ -117.047353205961457, 32.337849732982619 ], [ -117.047576775014988, 32.337638479655091 ], [ -117.04772470206747, 32.337452048450992 ], [ -117.047837364192659, 32.337230622296303 ], [ -117.047896864474737, 32.33697792497415 ], [ -117.047914820158951, 32.336641422777191 ], [ -117.04790106171194, 32.336376727431222 ], [ -117.047868466535846, 32.336143141800164 ], [ -117.047797242813928, 32.335865169437888 ], [ -117.04763018736476, 32.335213184444825 ], [ -117.047791837409207, 32.335310978579663 ], [ -117.048019413278993, 32.335399147340375 ], [ -117.048345949273354, 32.335464205552306 ], [ -117.048345498968075, 32.335464592425978 ], [ -117.048787957787468, 32.33550183127516 ], [ -117.049647671891009, 32.335574183232971 ], [ -117.049998319831758, 32.335562204268726 ], [ -117.050106504846894, 32.33555497546805 ], [ -117.050216589879014, 32.335510237715262 ], [ -117.050332943654041, 32.335396304222002 ], [ -117.050460329289521, 32.335171283832167 ], [ -117.050613241653281, 32.334650947241514 ], [ -117.050720169447104, 32.334287088869885 ], [ -117.050740350391976, 32.334053692485128 ], [ -117.050703781077075, 32.333798421101626 ], [ -117.05062403668488, 32.333589627492465 ], [ -117.050516472979112, 32.333424505359801 ], [ -117.050190849271516, 32.333037845499263 ], [ -117.049865228333616, 32.332651184771898 ] ] ] ] } },
{ "type": "Feature", "properties": { "fid": 19.0, "cat": 21, "CLAVE_ACUI": "0245", "NOM_ACUIF": "ROSARITO", "VULNERABIL": 5 }, "geometry": { "type": "MultiPolygon", "coordinates": [ [ [ [ -117.04763018736476, 32.335213184444825 ], [ -117.047501661758062, 32.335101565883697 ], [ -117.047370967199427, 32.334953780498111 ], [ -117.047293963749226, 32.334830433609049 ], [ -117.047265746437191, 32.334689264667908 ], [ -117.047260560605537, 32.334550918956047 ], [ -117.047302603891822, 32.334382745810949 ], [ -117.047404200854629, 32.334025781545613 ], [ -117.047506340292571, 32.333755418692206 ], [ -117.047606770418298, 32.333529902731314 ], [ -117.047680564106642, 32.33331178954888 ], [ -117.047762951709018, 32.333135766558712 ], [ -117.047882904918495, 32.33297493444465 ], [ -117.048031358589853, 32.332836100603423 ], [ -117.04831014055847, 32.332647657105575 ], [ -117.048648757846181, 32.332519845678355 ], [ -117.049052249616608, 32.332421459328351 ], [ -117.049208592701717, 32.332391677590479 ], [ -117.049432349626201, 32.332402586515684 ], [ -117.049573979301812, 32.332442724709743 ], [ -117.049713976177927, 32.332518046013384 ], [ -117.049865228333616, 32.332651184771898 ], [ -117.050190849271516, 32.333037845499263 ], [ -117.050516472979112, 32.333424505359801 ], [ -117.05062403668488, 32.333589627492465 ], [ -117.050703781077075, 32.333798421101626 ], [ -117.050740350391976, 32.334053692485128 ], [ -117.050720169447104, 32.334287088869885 ], [ -117.050613241653281, 32.334650947241514 ], [ -117.050460329289521, 32.335171283832167 ], [ -117.050332943654041, 32.335396304222002 ], [ -117.050216589879014, 32.335510237715262 ], [ -117.050106504846894, 32.33555497546805 ], [ -117.049998319831758, 32.335562204268726 ], [ -117.049647671891009, 32.335574183232971 ], [ -117.048787957787468, 32.33550183127516 ], [ -117.048345498968075, 32.335464592425978 ], [ -117.048345949273354, 32.335464205552306 ], [ -117.048019413278993, 32.335399147340375 ], [ -117.047791837409207, 32.335310978579663 ], [ -117.04763018736476, 32.335213184444825 ] ] ] ] } },
{ "type": "Feature", "properties": { "fid": 20.0, "cat": 22, "CLAVE_ACUI": "0245", "NOM_ACUIF": "ROSARITO", "VULNERABIL": 2 }, "geometry": { "type": "MultiPolygon", "coordinates": [ ] } },
{ "type": "Feature", "properties": { "fid": 21.0, "cat": 23, "CLAVE_ACUI": "0245", "NOM_ACUIF": "ROSARITO", "VULNERABIL": 3 }, "geometry": { "type": "MultiPolygon", "coordinates": [ [ [ [ -117.052634895535988, 32.333312000400895 ], [ -117.052633898163862, 32.333312704587705 ], [ -117.052232364944501, 32.333627230727352 ], [ -117.051918109465817, 32.334015427316253 ], [ -117.051715181363477, 32.334351611180359 ], [ -117.051389633758973, 32.334893842836699 ], [ -117.051481768139425, 32.333966242529826 ], [ -117.051526674709351, 32.333655729482899 ], [ -117.051584121973676, 32.333374814124795 ], [ -117.051697455075569, 32.332784868441266 ], [ -117.051917971208781, 32.332001979564424 ], [ -117.052233393992879, 32.331268875465625 ], [ -117.052541318610366, 32.330675144336226 ], [ -117.05308722221325, 32.329792064978619 ], [ -117.053464805998757, 32.32914119476267 ], [ -117.053837714093405, 32.328589310658749 ], [ -117.05410191862083, 32.328269560657077 ], [ -117.054318147048818, 32.328093766076812 ], [ -117.054659452509554, 32.327877255269698 ], [ -117.055030996267803, 32.327714509528526 ], [ -117.055064484673622, 32.327879143363873 ], [ -117.054759301588774, 32.328603918046909 ], [ -117.054759305282019, 32.329126517231217 ], [ -117.055415462036976, 32.329420233937036 ], [ -117.055903769287667, 32.330404393408045 ], [ -117.056216591151141, 32.330892658141977 ], [ -117.056170817990818, 32.331605986861959 ], [ -117.056620974745755, 32.332243019149814 ], [ -117.056987374963541, 32.332699759442129 ], [ -117.056179804935923, 32.332766979488724 ], [ -117.05548077942214, 32.332835223763823 ], [ -117.053825841597188, 32.333023298181928 ], [ -117.053454254776639, 32.333079424301829 ], [ -117.053088882745314, 32.333157602525475 ], [ -117.052634895535988, 32.333312000400895 ] ] ] ] } },
{ "type": "Feature", "properties": { "fid": 22.0, "cat": 26, "CLAVE_ACUI": "0245", "NOM_ACUIF": "ROSARITO", "VULNERABIL": 3 }, "geometry": { "type": "MultiPolygon", "coordinates": [ ] } },
{ "type": "Feature", "properties": { "fid": 23.0, "cat": 24, "CLAVE_ACUI": "0245", "NOM_ACUIF": "ROSARITO", "VULNERABIL": 4 }, "geometry": { "type": "MultiPolygon", "coordinates": [ [ [ [ -117.021925397500453, 32.332914549773847 ], [ -117.021423132233096, 32.332038438506743 ], [ -117.021092194821463, 32.331092945035579 ], [ -117.020571151704999, 32.329324847984324 ], [ -117.020397475171379, 32.328735481710375 ], [ -117.020050128861357, 32.327556748277267 ], [ -117.019731169500716, 32.32658587611337 ], [ -117.019284715143058, 32.325591341499553 ], [ -117.018965879454115, 32.325141450031026 ], [ -117.018445158245115, 32.324588969535256 ], [ -117.018271585914277, 32.324404808881241 ], [ -117.017924443360783, 32.324036486840079 ], [ -117.017677348012072, 32.323652550426615 ], [ -117.017565658143667, 32.322965815590095 ], [ -117.017653193789528, 32.322368702569513 ], [ -117.017913283768337, 32.321318805819658 ], [ -117.017999979095464, 32.320968840078869 ], [ -117.018185583648517, 32.320378496936208 ], [ -117.018398374050093, 32.319813861075467 ], [ -117.018533864818338, 32.319352329454333 ], [ -117.01895596089048, 32.319789137305477 ], [ -117.019460200569668, 32.320211205348713 ], [ -117.021135773738195, 32.321917888392434 ], [ -117.021695848762633, 32.322471529561625 ], [ -117.022837897275906, 32.323309157223555 ], [ -117.024338079331642, 32.324252578616345 ], [ -117.02480779134531, 32.324565835827954 ], [ -117.025557158667027, 32.325123372250168 ], [ -117.025929776471372, 32.325439607289489 ], [ -117.026394057894919, 32.325833631202684 ], [ -117.026459814816505, 32.325889437024379 ], [ -117.026685010852205, 32.326175253569751 ], [ -117.027205890306604, 32.327059234368782 ], [ -117.027341448278719, 32.327360292503265 ], [ -117.027453167323614, 32.32788125096252 ], [ -117.027477207424397, 32.328324419304302 ], [ -117.027477674759965, 32.329871579629447 ], [ -117.027406098688402, 32.330350290163288 ], [ -117.027071606598923, 32.331037111977814 ], [ -117.026665333652844, 32.33153957438595 ], [ -117.025529717611917, 32.332745388241072 ], [ -117.025103853834764, 32.333197565746183 ], [ -117.024759813117683, 32.333497290559102 ], [ -117.024426409922967, 32.333685231986294 ], [ -117.024024195205229, 32.333840546220884 ], [ -117.024024020510254, 32.333840517455769 ], [ -117.023613760246008, 32.333772963673972 ], [ -117.02274590383152, 32.333404751834891 ], [ -117.022311978258344, 32.33322064366763 ], [ -117.021925397500453, 32.332914549773847 ] ] ] ] } },
{ "type": "Feature", "properties": { "fid": 24.0, "cat": 20, "CLAVE_ACUI": "0245", "NOM_ACUIF": "ROSARITO", "VULNERABIL": 3 }, "geometry": { "type": "MultiPolygon", "coordinates": [ [ [ [ -117.017565658143667, 32.322965815590095 ], [ -117.017677348012072, 32.323652550426615 ], [ -117.017924443360783, 32.324036486840079 ], [ -117.018271585914277, 32.324404808881241 ], [ -117.018445158245115, 32.324588969535256 ], [ -117.018965879454115, 32.325141450031026 ], [ -117.019284715143058, 32.325591341499553 ], [ -117.019731169500716, 32.32658587611337 ], [ -117.020050128861357, 32.327556748277267 ], [ -117.020397475171379, 32.328735481710375 ], [ -117.020571151704999, 32.329324847984324 ], [ -117.021092194821463, 32.331092945035579 ], [ -117.021423132233096, 32.332038438506743 ], [ -117.021925397500453, 32.332914549773847 ], [ -117.022311978258344, 32.33322064366763 ], [ -117.02274590383152, 32.333404751834891 ], [ -117.022962867276632, 32.333496805356589 ], [ -117.023613760246008, 32.333772963673972 ], [ -117.024024020510254, 32.333840517455769 ], [ -117.024023820369152, 32.333840689949255 ], [ -117.023913691323401, 32.333935605543935 ], [ -117.023913580479146, 32.333935694155763 ], [ -117.02368301827893, 32.334170869824284 ], [ -117.023445683887061, 32.334422480229364 ], [ -117.023187090268692, 32.334596332678835 ], [ -117.022906065664628, 32.334732738788645 ], [ -117.022573373934861, 32.334847820776908 ], [ -117.021931863450135, 32.334942657939258 ], [ -117.021348112122396, 32.334963056063003 ], [ -117.019265450536224, 32.334963391253751 ], [ -117.018604005415639, 32.335024384530151 ], [ -117.017599919312332, 32.335308700643402 ], [ -117.01682695148078, 32.335653872151255 ], [ -117.015525391269463, 32.336317107072816 ], [ -117.014223812069957, 32.336980328503479 ], [ -117.013402999756437, 32.337325484333128 ], [ -117.012175723156943, 32.337609780696013 ], [ -117.011243287417983, 32.337670761223585 ], [ -117.008088842545959, 32.337669758621452 ], [ -117.007685853043398, 32.337653267340286 ], [ -117.007252504382947, 32.337635532247738 ], [ -117.006332003700237, 32.337469814828999 ], [ -117.005883701327477, 32.337268548057175 ], [ -117.005279595696777, 32.336869688785001 ], [ -117.004712134334881, 32.33649501795712 ], [ -117.004395331955891, 32.336192250880195 ], [ -117.004088478366086, 32.335552874125696 ], [ -117.004055031655966, 32.335384863778735 ], [ -117.004045302621236, 32.335371884985491 ], [ -117.003808196614244, 32.334984538778954 ], [ -117.003612923514282, 32.334392519344469 ], [ -117.00357106659186, 32.333934123860686 ], [ -117.00357100584624, 32.332386964357553 ], [ -117.003551435397682, 32.332016153080836 ], [ -117.003547080738443, 32.331933642714823 ], [ -117.003435491825044, 32.331365301358161 ], [ -117.003300004904645, 32.331006706667594 ], [ -117.002827767798991, 32.330004415575814 ], [ -117.002620720419117, 32.329601578350498 ], [ -117.002193588606545, 32.32891716222553 ], [ -117.000800354913906, 32.327213272118144 ], [ -117.000270609906138, 32.326209012392312 ], [ -117.000190747757856, 32.326076584719964 ], [ -116.999911847924224, 32.325224067354696 ], [ -116.999852085124189, 32.324567764081891 ], [ -116.999852086920768, 32.323462648545053 ], [ -116.999852088717276, 32.322357532814415 ], [ -116.999875994377717, 32.321721527372624 ], [ -116.999987549405475, 32.320963733600578 ], [ -117.000123007224417, 32.32051717641879 ], [ -117.000383295809286, 32.319854106171654 ], [ -117.000643580601022, 32.319191035317964 ], [ -117.000868672124398, 32.31875970026443 ], [ -117.001398530213308, 32.318072944525838 ], [ -117.001930375168911, 32.317523198373479 ], [ -117.002906405723223, 32.316583830427611 ], [ -117.003882416129628, 32.315644454795127 ], [ -117.00443813675605, 32.315135293266003 ], [ -117.005079503392395, 32.314637966372707 ], [ -117.005440024747273, 32.314436662145077 ], [ -117.00596055824542, 32.314215615189575 ], [ -117.006481089215001, 32.313994566079877 ], [ -117.006859538330403, 32.313879523666671 ], [ -117.007584574958344, 32.313784757838995 ], [ -117.008241893017299, 32.313764418554875 ], [ -117.010584341570066, 32.31376424385828 ], [ -117.011277520147132, 32.313804779972735 ], [ -117.012169907220354, 32.313994145763175 ], [ -117.012751569293471, 32.314224133156515 ], [ -117.014520955458607, 32.315082480026341 ], [ -117.014573624457043, 32.315108029652428 ], [ -117.015113483040807, 32.315419203210084 ], [ -117.015696242423687, 32.315894141549073 ], [ -117.015810751739053, 32.315987463663085 ], [ -117.016266992425059, 32.316488091292399 ], [ -117.016982926969092, 32.317372090394137 ], [ -117.017698875423719, 32.318256085305904 ], [ -117.018033486919236, 32.31866795687754 ], [ -117.018533864818338, 32.319352329454333 ], [ -117.018398374050093, 32.319813861075467 ], [ -117.018185583648517, 32.320378496936208 ], [ -117.017999979095464, 32.320968840078869 ], [ -117.017913283768337, 32.321318805819658 ], [ -117.017653193789528, 32.322368702569513 ], [ -117.017565658143667, 32.322965815590095 ] ] ] ] } },
{ "type": "Feature", "properties": { "fid": 25.0, "cat": 25, "CLAVE_ACUI": "0245", "NOM_ACUIF": "ROSARITO", "VULNERABIL": 1 }, "geometry": { "type": "MultiPolygon", "coordinates": [ [ [ [ -116.912857696049826, 32.320031035578552 ], [ -116.912694626996327, 32.320469166590563 ], [ -116.91252947044039, 32.320922995885354 ], [ -116.91227424684601, 32.321524622641874 ], [ -116.912115832025776, 32.321829778787475 ], [ -116.911869430374495, 32.322169121252742 ], [ -116.911516517704428, 32.322492526516989 ], [ -116.911234458332046, 32.322703668147923 ], [ -116.9109960643097, 32.322840815724504 ], [ -116.910722086410871, 32.32295407660704 ], [ -116.910481252071378, 32.323012439550489 ], [ -116.910153744697354, 32.323046612564255 ], [ -116.909596229964848, 32.323032200440885 ], [ -116.90843926620299, 32.322937682068428 ], [ -116.908123586205221, 32.322854381626236 ], [ -116.907845115410026, 32.322727349160665 ], [ -116.907635748948692, 32.322546914493707 ], [ -116.907518061983453, 32.322306336140628 ], [ -116.907439821289927, 32.322016626490708 ], [ -116.907422346936869, 32.32168126997955 ], [ -116.907421314398619, 32.321298807865688 ], [ -116.907422238997171, 32.320390021763089 ], [ -116.907422629463738, 32.320006217107718 ], [ -116.90744423510121, 32.319136749614444 ], [ -116.909960717064067, 32.319136710494625 ], [ -116.913261817671085, 32.319136659177559 ], [ -116.913031905107232, 32.319630714045232 ], [ -116.912857696049826, 32.320031035578552 ] ] ] ] } },
{ "type": "Feature", "properties": { "fid": 26.0, "cat": 18, "CLAVE_ACUI": "0245", "NOM_ACUIF": "ROSARITO", "VULNERABIL": 2 }, "geometry": { "type": "MultiPolygon", "coordinates": [ [ [ [ -116.958339133520468, 32.320091370962849 ], [ -116.958006369275353, 32.320302698701582 ], [ -116.957355538964606, 32.320523503670373 ], [ -116.956704705498723, 32.320744305272413 ], [ -116.956150860773789, 32.320869285352011 ], [ -116.95486792108116, 32.321010919406717 ], [ -116.953588994273019, 32.32108826474127 ], [ -116.951246298782038, 32.321197893054823 ], [ -116.948903597705652, 32.321307477873248 ], [ -116.94766649174872, 32.321389854617038 ], [ -116.946578738350951, 32.321555166223668 ], [ -116.946261911861868, 32.321708958548427 ], [ -116.945891692007166, 32.322232299037594 ], [ -116.945871141153035, 32.322261349387773 ], [ -116.94582321279519, 32.322460926233354 ], [ -116.945990321560686, 32.32283989462664 ], [ -116.94627697873544, 32.323181700653826 ], [ -116.947447621602933, 32.324397820485977 ], [ -116.947943458587659, 32.324744784095799 ], [ -116.949086708810739, 32.325147828194247 ], [ -116.950224088089399, 32.325376634821239 ], [ -116.952306355781559, 32.325708973506813 ], [ -116.954388638729341, 32.326041277830114 ], [ -116.955549948384473, 32.326270045083653 ], [ -116.956804812514022, 32.326673058458077 ], [ -116.957436165021676, 32.327020030985778 ], [ -116.95828189350631, 32.327628126572556 ], [ -116.959127633299261, 32.328236216441795 ], [ -116.959567749621868, 32.328593265153103 ], [ -116.959930132229402, 32.329043320252815 ], [ -116.960007702822978, 32.32932920866665 ], [ -116.960007508479734, 32.329771254385051 ], [ -116.960007314132227, 32.330213300072458 ], [ -116.960031115443542, 32.330453500826721 ], [ -116.960142577282994, 32.330690346284534 ], [ -116.960278007313022, 32.330788496071158 ], [ -116.960538280073095, 32.330899089158997 ], [ -116.960798553466518, 32.331009681708522 ], [ -116.960933958526965, 32.331168724825424 ], [ -116.961045301890124, 32.331689741622377 ], [ -116.961068958629994, 32.332275008292257 ], [ -116.96106848560332, 32.333380122027634 ], [ -116.961068012550754, 32.33448523556919 ], [ -116.961031895473198, 32.335080632530193 ], [ -116.960864293979597, 32.335648924708167 ], [ -116.960660979934744, 32.33586537348716 ], [ -116.960270380525614, 32.336086273762469 ], [ -116.959879779219676, 32.336307172819318 ], [ -116.95965257986596, 32.336462718357176 ], [ -116.959373520478167, 32.336746800777476 ], [ -116.959202063421486, 32.336997087413025 ], [ -116.958941525368942, 32.337439048136268 ], [ -116.95868098478212, 32.337881008288434 ], [ -116.958557332293921, 32.338151607640171 ], [ -116.958501371858901, 32.338530485097344 ], [ -116.958545081715116, 32.338801139346678 ], [ -116.958675052640245, 32.33924322709742 ], [ -116.958805024826859, 32.339685314684267 ], [ -116.958854724972525, 32.339930598249637 ], [ -116.958826712712252, 32.340191079938002 ], [ -116.958736994611726, 32.340317913038334 ], [ -116.958541658047793, 32.340483615880501 ], [ -116.958346320771923, 32.340649318415295 ], [ -116.958184891332962, 32.340735531448054 ], [ -116.957822229177282, 32.340806453670005 ], [ -116.957465569982759, 32.340821557416852 ], [ -116.95616382292414, 32.340821111825626 ], [ -116.955777298560349, 32.340790529955505 ], [ -116.95574733376624, 32.34078203878407 ], [ -116.95569722871322, 32.340767840415893 ], [ -116.955275266192174, 32.340648267093741 ], [ -116.954944602304266, 32.340475616570949 ], [ -116.954217727539628, 32.340012396808199 ], [ -116.953914500058602, 32.339819154603717 ], [ -116.953525067904025, 32.339639501215593 ], [ -116.952799892046897, 32.339497146086543 ], [ -116.952317948347755, 32.339474647045392 ], [ -116.952142402591406, 32.339466451413863 ], [ -116.94979929300473, 32.339465540847947 ], [ -116.949153753773302, 32.339444984348916 ], [ -116.948484347733952, 32.339349988850017 ], [ -116.948173593041261, 32.339234839649201 ], [ -116.947783202708692, 32.339013656141105 ], [ -116.947392814276441, 32.338792471419289 ], [ -116.947058165618941, 32.33865701150804 ], [ -116.946277248017026, 32.338467233497028 ], [ -116.945496301238322, 32.338331578610827 ], [ -116.944064554899839, 32.338109929410976 ], [ -116.942632815565418, 32.337888263963627 ], [ -116.941828009356001, 32.337691681539582 ], [ -116.940935721359054, 32.337217647152507 ], [ -116.940465831686453, 32.336737040446728 ], [ -116.939815572650915, 32.33585264144488 ], [ -116.9391653262538, 32.334968238982796 ], [ -116.938814970078312, 32.334528279551911 ], [ -116.938480450602796, 32.334243944863388 ], [ -116.93835291885334, 32.334277712621791 ], [ -116.938222603421323, 32.334498671572476 ], [ -116.938092287355403, 32.334719630380036 ], [ -116.93800654197517, 32.334829535783314 ], [ -116.937867029772775, 32.334900510160338 ], [ -116.93775347220118, 32.334891996688754 ], [ -116.937558260871455, 32.334836644564469 ], [ -116.937363049779805, 32.334781292137976 ], [ -116.937273435446144, 32.334722045116671 ], [ -116.937245657126724, 32.334556264295621 ], [ -116.937295587881408, 32.334378681605791 ], [ -116.937556374015529, 32.333715742841392 ], [ -116.937600330251598, 32.333533082548428 ], [ -116.937544675672243, 32.33334360696665 ], [ -116.937421213247958, 32.333255587771291 ], [ -116.93716096193026, 32.333144947064504 ], [ -116.936900711246409, 32.333034305819787 ], [ -116.936765296084943, 32.332946280001153 ], [ -116.936653859408551, 32.332756776042572 ], [ -116.936630079175742, 32.332574082036459 ], [ -116.936630541141696, 32.331911013987025 ], [ -116.93657690189066, 32.331692783429347 ], [ -116.936326124617779, 32.331337441938715 ], [ -116.936021512051127, 32.331048041186783 ], [ -116.935436142012449, 32.33055044170554 ], [ -116.934850778378163, 32.330052839477673 ], [ -116.934462501272307, 32.329763391686143 ], [ -116.933821262609982, 32.329407841718279 ], [ -116.933293484540741, 32.329189360128439 ], [ -116.932382624943997, 32.328857341026762 ], [ -116.931471772006333, 32.328525315341636 ], [ -116.930914087106345, 32.328352478078429 ], [ -116.930133255426043, 32.328209962024893 ], [ -116.929575465016896, 32.32817920492699 ], [ -116.927753273353176, 32.328178174814617 ], [ -116.927267162279492, 32.328198193582551 ], [ -116.926820834981484, 32.328292659627593 ], [ -116.926669335482785, 32.32840759378778 ], [ -116.926539000129139, 32.328628540850083 ], [ -116.926408664141547, 32.328849487769098 ], [ -116.926233248454494, 32.328974556452771 ], [ -116.92601398986146, 32.329116514204969 ], [ -116.925731032164819, 32.329194157045272 ], [ -116.924689585262286, 32.329414562621864 ], [ -116.924358829097258, 32.329471875827927 ], [ -116.92385674997081, 32.329518935893915 ], [ -116.923505750465921, 32.329521314516555 ], [ -116.9224818307476, 32.32952824774668 ], [ -116.922168665910192, 32.329528054973508 ], [ -116.921758294511505, 32.329497354165021 ], [ -116.921144813737413, 32.329354886177249 ], [ -116.920678785300055, 32.329182060958466 ], [ -116.919898129491045, 32.32885003355819 ], [ -116.919117479388746, 32.328518001319992 ], [ -116.918639505932148, 32.328345160897591 ], [ -116.917970256464343, 32.328202641492325 ], [ -116.91749215798427, 32.32817188276541 ], [ -116.915930279982291, 32.328170851862694 ], [ -116.915446135056214, 32.328216198921758 ], [ -116.914748668046073, 32.328428858822498 ], [ -116.914236429464353, 32.328687311420822 ], [ -116.913389934001486, 32.329184034612041 ], [ -116.912543429301081, 32.329680752069521 ], [ -116.912102848655906, 32.329989990614123 ], [ -116.911739826061478, 32.330439676441316 ], [ -116.911661805057378, 32.330772847489385 ], [ -116.911661268424979, 32.331325403982014 ], [ -116.911660731777872, 32.331877960426183 ], [ -116.911642517060116, 32.332170577234066 ], [ -116.911558588066271, 32.332431009477524 ], [ -116.911456904172013, 32.332510438674888 ], [ -116.91126160622683, 32.332565557150936 ], [ -116.911066308045591, 32.332620675323795 ], [ -116.910946757487835, 32.332634123006208 ], [ -116.910779451690857, 32.332586642810142 ], [ -116.910659994178644, 32.332505366275839 ], [ -116.910464913337123, 32.332339460976932 ], [ -116.910269833207238, 32.332173555373281 ], [ -116.910150476948232, 32.331990788405101 ], [ -116.909983641472479, 32.33146968737146 ], [ -116.909940825992749, 32.331267570036793 ], [ -116.909745145363829, 32.330261819299118 ], [ -116.909583905076616, 32.329390002940734 ], [ -116.909399075036603, 32.328545667702876 ], [ -116.909190568657664, 32.328047961884032 ], [ -116.908885814019186, 32.327581266347835 ], [ -116.90846180860008, 32.327254499688443 ], [ -116.906659608011182, 32.326444089493314 ], [ -116.905873184159219, 32.326137634757728 ], [ -116.905099914704749, 32.325934087616396 ], [ -116.90436928349277, 32.325830534644254 ], [ -116.903563419316143, 32.325788118466733 ], [ -116.903200387900597, 32.325815345822903 ], [ -116.902827934007931, 32.325892478975398 ], [ -116.902443129174998, 32.325996766123986 ], [ -116.90230144784023, 32.326017333375958 ], [ -116.902159013132021, 32.325994596817729 ], [ -116.902113421506641, 32.325959139976604 ], [ -116.902087528224314, 32.325920623548768 ], [ -116.902057875202502, 32.325796341898297 ], [ -116.90204126312598, 32.325656017439826 ], [ -116.902043338498103, 32.325447080756312 ], [ -116.902093129864426, 32.324390644128385 ], [ -116.902207515529454, 32.323103805396755 ], [ -116.902322964359627, 32.322364932883623 ], [ -116.902499995770199, 32.321628796403921 ], [ -116.902641134318856, 32.321208514449808 ], [ -116.902904875345683, 32.320605116819038 ], [ -116.903179793682241, 32.32015837452213 ], [ -116.903794613865131, 32.319136806349412 ], [ -116.90744423510121, 32.319136749614444 ], [ -116.907422629463738, 32.320006217107718 ], [ -116.907422238997171, 32.320390021763089 ], [ -116.907421314398619, 32.321298807865688 ], [ -116.907422346936869, 32.32168126997955 ], [ -116.907439821289927, 32.322016626490708 ], [ -116.907518061983453, 32.322306336140628 ], [ -116.907635748948692, 32.322546914493707 ], [ -116.907845115410026, 32.322727349160665 ], [ -116.908123586205221, 32.322854381626236 ], [ -116.90843926620299, 32.322937682068428 ], [ -116.909596229964848, 32.323032200440885 ], [ -116.910153744697354, 32.323046612564255 ], [ -116.910481252071378, 32.323012439550489 ], [ -116.910722086410871, 32.32295407660704 ], [ -116.9109960643097, 32.322840815724504 ], [ -116.911234458332046, 32.322703668147923 ], [ -116.911516517704428, 32.322492526516989 ], [ -116.911869430374495, 32.322169121252742 ], [ -116.912115832025776, 32.321829778787475 ], [ -116.91227424684601, 32.321524622641874 ], [ -116.91252947044039, 32.320922995885354 ], [ -116.912694626996327, 32.320469166590563 ], [ -116.912857696049826, 32.320031035578552 ], [ -116.913031905107232, 32.319630714045232 ], [ -116.913261817671085, 32.319136659177559 ], [ -116.915547782588831, 32.319136623641228 ], [ -116.946252092741119, 32.319136146329207 ], [ -116.956834981888321, 32.313782540280499 ], [ -116.957222708800259, 32.314933599001009 ], [ -116.957314237179673, 32.315145068186389 ], [ -116.957481457862698, 32.315358254325666 ], [ -116.957628816068492, 32.315451336682777 ], [ -116.957889041754882, 32.31556193546475 ], [ -116.95814926807418, 32.315672533708771 ], [ -116.958290623802043, 32.315826507492545 ], [ -116.958429831244587, 32.316323855980961 ], [ -116.958487343479902, 32.316880380111677 ], [ -116.958551935568025, 32.317930262082967 ], [ -116.958616529132627, 32.318980143847533 ], [ -116.958590375389235, 32.319546789262162 ], [ -116.958339133520468, 32.320091370962849 ] ] ] ] } }
]
}
