{
"type": "FeatureCollection",
"name": "0605",
"crs": { "type": "name", "properties": { "name": "urn:ogc:def:crs:OGC:1.3:CRS84" } },
"features": [
{ "type": "Feature", "properties": { "VULNERABIL": 2.0, "fid": 1, "cat": 2 }, "geometry": { "type": "MultiPolygon", "coordinates": [ [ [ [ -104.149151699627097, 19.041932036621819 ], [ -104.15032054719768, 19.045665121674134 ], [ -104.150813462443281, 19.047225847453397 ], [ -104.151428543554644, 19.049024459258405 ], [ -104.152049777497254, 19.050652348486899 ], [ -104.14899073112268, 19.05109541445519 ], [ -104.143808778253671, 19.051845957822117 ], [ -104.140278157845486, 19.052357325600919 ], [ -104.135681318303071, 19.05302312236029 ], [ -104.132824121218448, 19.053436952893691 ], [ -104.130806380464165, 19.053729198303405 ], [ -104.130943872527254, 19.056501910383506 ], [ -104.131087442148797, 19.059397184590868 ], [ -104.131195212211864, 19.061570512629007 ], [ -104.13129214593306, 19.063525311282 ], [ -104.130947893425429, 19.062783156589749 ], [ -104.130581389009393, 19.062257817512041 ], [ -104.130396979455398, 19.06207133282086 ], [ -104.130068698184999, 19.061902324621403 ], [ -104.129654423310029, 19.061786621190773 ], [ -104.129353828655169, 19.061750700117312 ], [ -104.128890103071527, 19.061750624309376 ], [ -104.128379356102684, 19.061829088305011 ], [ -104.12763673914219, 19.061853818311473 ], [ -104.12686486678102, 19.061793686918435 ], [ -104.126063740241349, 19.061648693805267 ], [ -104.125233360829483, 19.061418838638772 ], [ -104.124551625209349, 19.061161445228521 ], [ -104.124018532952022, 19.060876515206321 ], [ -104.123634083496484, 19.060564049838472 ], [ -104.123398276149771, 19.06022405002577 ], [ -104.122925031134571, 19.059854681426597 ], [ -104.122214350350546, 19.059455942283464 ], [ -104.121266235988159, 19.05902782993201 ], [ -104.120080690528894, 19.058570340801275 ], [ -104.11907363829593, 19.058057216604887 ], [ -104.118245078496912, 19.05748846023123 ], [ -104.117595010002631, 19.056864074035072 ], [ -104.117123431347196, 19.05618405983758 ], [ -104.116472773987098, 19.055672626867217 ], [ -104.115643037750516, 19.055329773244186 ], [ -104.114634221380669, 19.055155496514331 ], [ -104.113446322535992, 19.05514979364899 ], [ -104.112318419925558, 19.055031412076794 ], [ -104.111250515647114, 19.054800352981218 ], [ -104.110242611547491, 19.054456617473498 ], [ -104.109294709222496, 19.054000206592566 ], [ -104.108435300187082, 19.053657178106398 ], [ -104.107664382119381, 19.053427533170531 ], [ -104.106981953053619, 19.053311272823532 ], [ -104.106388011380133, 19.053308397987131 ], [ -104.105736037564824, 19.053051081132281 ], [ -104.10502603483333, 19.05253932175577 ], [ -104.104258006891826, 19.051773119300847 ], [ -104.103431957926702, 19.050752473157324 ], [ -104.10266424908562, 19.049929786291504 ], [ -104.101954876873236, 19.049305059336646 ], [ -104.101303838180357, 19.048878292874864 ], [ -104.100711130283756, 19.048649487437174 ], [ -104.100178425290892, 19.048308013196575 ], [ -104.099705723857213, 19.047853870689561 ], [ -104.099293026387329, 19.047287060380039 ], [ -104.098940333034989, 19.046607582659334 ], [ -104.098527641130715, 19.046040770796981 ], [ -104.098054950520591, 19.045586624401849 ], [ -104.097522260800062, 19.045245143010238 ], [ -104.096929571314007, 19.045016326085836 ], [ -104.096455971099346, 19.044731610456736 ], [ -104.096101459967613, 19.044390997028948 ], [ -104.095866037498965, 19.043994486467096 ], [ -104.095749703042259, 19.043542079194388 ], [ -104.095484587350285, 19.043145422765104 ], [ -104.095070691265363, 19.042804516578226 ], [ -104.094508015345582, 19.042519359659799 ], [ -104.093796559864955, 19.042289950662855 ], [ -104.093204499721608, 19.041948166013981 ], [ -104.092731835293492, 19.041494006868732 ], [ -104.092378566476469, 19.040927474127002 ], [ -104.092144692684528, 19.040248568432961 ], [ -104.091614643471232, 19.03942700666088 ], [ -104.090788424586691, 19.03846278646073 ], [ -104.089666043347123, 19.037355904114637 ], [ -104.08824750863468, 19.036106354537541 ], [ -104.08679791227101, 19.035110799476481 ], [ -104.085317248441228, 19.034369238029605 ], [ -104.083805510995532, 19.033881669246004 ], [ -104.08226269344884, 19.033648092125588 ], [ -104.080838188044112, 19.033499810376366 ], [ -104.079531992168185, 19.03343682663521 ], [ -104.078344103574523, 19.033459143324173 ], [ -104.077274520383213, 19.033566762650679 ], [ -104.076442951147499, 19.03359084662976 ], [ -104.075849397069618, 19.033531398534027 ], [ -104.075493858674548, 19.033388420683536 ], [ -104.075376335810134, 19.033161914445742 ], [ -104.075050960854753, 19.032934367507593 ], [ -104.074517734715016, 19.032705778806744 ], [ -104.073776658338261, 19.032476146579505 ], [ -104.072827732712568, 19.032245468360912 ], [ -104.07181879640946, 19.032127442778769 ], [ -104.070749847572614, 19.032122068772768 ], [ -104.07026600622045, 19.032168045241164 ], [ -104.068700557769816, 19.032196468069046 ], [ -104.06552230127356, 19.032378095778039 ], [ -104.063831559788284, 19.032515645136964 ], [ -104.061899120767492, 19.032472690599135 ], [ -104.060799065807188, 19.032467100951376 ], [ -104.060266005894164, 19.032464389987624 ], [ -104.058899492407747, 19.032570391930058 ], [ -104.057561831406588, 19.032824918651546 ], [ -104.056734595344025, 19.032965872218579 ], [ -104.055821138534029, 19.033107331581526 ], [ -104.053608756703525, 19.030556012084276 ], [ -104.048175908440427, 19.024290849575671 ], [ -104.0428008355223, 19.018092313614993 ], [ -104.036799449686995, 19.01117151338018 ], [ -104.035002045022352, 19.009098745695095 ], [ -104.033941111042964, 18.999268719159925 ], [ -104.033243314224066, 18.992803320389463 ], [ -104.0327368775107, 18.988110958350376 ], [ -104.032036453794518, 18.981621220204882 ], [ -104.033408530711753, 18.976624605939019 ], [ -104.034491525478686, 18.972680725654818 ], [ -104.03522832144553, 18.969997577798704 ], [ -104.035861753753949, 18.967690843483055 ], [ -104.036264737846437, 18.966223319293885 ], [ -104.036742063096469, 18.9666452294043 ], [ -104.036898899287607, 18.966854853979346 ], [ -104.037153958550675, 18.967120726664543 ], [ -104.037428486495088, 18.967310898229179 ], [ -104.03771639598655, 18.967425441508773 ], [ -104.038077443908918, 18.967506688136819 ], [ -104.038487137388117, 18.96759888147642 ], [ -104.039525174306689, 18.967745464545814 ], [ -104.040830507166874, 18.967865186233283 ], [ -104.042456371351562, 18.969031425884587 ], [ -104.042776904079233, 18.970077952471499 ], [ -104.042769165453834, 18.9714334194224 ], [ -104.042857558339279, 18.971767979994514 ], [ -104.042697558841155, 18.972363101130494 ], [ -104.04244398871657, 18.972876331266274 ], [ -104.04204630895606, 18.973265264166812 ], [ -104.04109356693796, 18.973768648814456 ], [ -104.039785761744909, 18.974072509929684 ], [ -104.038122896536137, 18.974176840129591 ], [ -104.037023023504346, 18.974453521491547 ], [ -104.036486141513279, 18.974902564005173 ], [ -104.036512253124599, 18.975523972669492 ], [ -104.037101364599323, 18.976317747492796 ], [ -104.037750496014951, 18.976998873771329 ], [ -104.038459646892377, 18.977567350872583 ], [ -104.039228816502046, 18.978023178090943 ], [ -104.04005800386382, 18.97836635464774 ], [ -104.04151005932377, 18.978797471858691 ], [ -104.043584990655148, 18.979316515367987 ], [ -104.046282807888161, 18.979923464614711 ], [ -104.049603523306416, 18.980618292830819 ], [ -104.051107683122311, 18.980859163911735 ], [ -104.051908175079973, 18.980978858168491 ], [ -104.052867735123783, 18.981069863399835 ], [ -104.053977841354552, 18.981106431052293 ], [ -104.054998597334603, 18.981130637474696 ], [ -104.055028674143699, 18.981281856927954 ], [ -104.055074563170095, 18.981444314117574 ], [ -104.05515297431559, 18.981618149498377 ], [ -104.055221180723663, 18.981727442981693 ], [ -104.055280531290848, 18.98179401926652 ], [ -104.055349035437899, 18.981847639044584 ], [ -104.055382087420725, 18.98208838361835 ], [ -104.055467984508226, 18.982399040709545 ], [ -104.055588176932531, 18.982682179170158 ], [ -104.055940567619857, 18.983361731065205 ], [ -104.056353284115644, 18.983872151195367 ], [ -104.056826325814626, 18.984213439154363 ], [ -104.057359691724344, 18.984385594451982 ], [ -104.057953380464994, 18.984388616514128 ], [ -104.058546434565685, 18.984504592603482 ], [ -104.059138855213263, 18.98473352277373 ], [ -104.059730643581162, 18.985075407074298 ], [ -104.060321800829442, 18.985530245550347 ], [ -104.060943279257657, 18.985872276855098 ], [ -104.06159507784335, 18.986101500649212 ], [ -104.061996786956428, 18.986170059702339 ], [ -104.062455304241766, 18.986218818740674 ], [ -104.062989630733568, 18.9862215242273 ], [ -104.063286478823713, 18.986223026609199 ], [ -104.063740875455878, 18.986221538674176 ], [ -104.064209837096953, 18.986170870802692 ], [ -104.064317877394572, 18.986404566125845 ], [ -104.064428082845581, 18.986700461412173 ], [ -104.06451948614378, 18.987070183050761 ], [ -104.064617648867156, 18.98752069490299 ], [ -104.064671475805127, 18.987724909169248 ], [ -104.064715253270975, 18.987890996697228 ], [ -104.064872615527463, 18.988285822414607 ], [ -104.065055317960542, 18.988641077145587 ], [ -104.065103542966696, 18.988712922711958 ], [ -104.06530399627222, 18.989011557079333 ], [ -104.065603425259781, 18.989371886877908 ], [ -104.065737914550795, 18.989506376168922 ], [ -104.066024117154356, 18.989686915656758 ], [ -104.066295755029117, 18.989769891697431 ], [ -104.066600409529997, 18.989819299818752 ], [ -104.067415224387815, 18.989894618839219 ], [ -104.06803961344545, 18.989938055522479 ], [ -104.068982693586918, 18.989952952643183 ], [ -104.070300490014205, 18.989927120696727 ], [ -104.071810232916903, 18.990006270326102 ], [ -104.072236538594083, 18.990686329382559 ], [ -104.072585449490603, 18.991032702745276 ], [ -104.072922884207429, 18.991307060553364 ], [ -104.073349646639869, 18.991639251278308 ], [ -104.074177728312122, 18.992208193096239 ], [ -104.075066435650641, 18.992551515444703 ], [ -104.076015765541754, 18.992669217338047 ], [ -104.077025714341431, 18.992561297694255 ], [ -104.078096277875417, 18.992227755335115 ], [ -104.079195746982478, 18.992035549927806 ], [ -104.080324124393869, 18.991984681079384 ], [ -104.081481412971002, 18.992075148382824 ], [ -104.082667615705645, 18.992306951417032 ], [ -104.083259790870983, 18.992592285072163 ], [ -104.083496661520599, 18.992706418024902 ], [ -104.083968550071091, 18.993273552982881 ], [ -104.084015791265571, 18.993576120135739 ], [ -104.083966387314248, 18.993668901213578 ], [ -104.083784870106982, 18.994289280845226 ], [ -104.083661797214191, 18.995079389147772 ], [ -104.083748538841178, 18.99550341744656 ], [ -104.083864194952739, 18.996068788447264 ], [ -104.084392069702091, 18.997257477885267 ], [ -104.085245430214428, 18.99864545496996 ], [ -104.085441904919435, 18.998909998879437 ], [ -104.084948403893279, 18.998672226027882 ], [ -104.084591848672844, 18.998726941981111 ], [ -104.084411717523452, 18.999093169451104 ], [ -104.084087475222674, 18.998667965857269 ], [ -104.083435284777423, 18.998495296494827 ], [ -104.082455144448076, 18.998575157827588 ], [ -104.081147049554602, 18.998907544429606 ], [ -104.079778488667486, 18.999437299983498 ], [ -104.078349456346402, 19.000164422884577 ], [ -104.076859946692849, 19.001088911437435 ], [ -104.076084952586982, 19.001649839397128 ], [ -104.075765540656633, 19.001881022387906 ], [ -104.075206772431258, 19.002352292753198 ], [ -104.073818065087323, 19.003558811971324 ], [ -104.072977117523848, 19.004350333507929 ], [ -104.072266150212513, 19.005019505140716 ], [ -104.071642302775231, 19.005519647220432 ], [ -104.071252048946079, 19.005861609884107 ], [ -104.07041512722509, 19.006874038059401 ], [ -104.069756484506087, 19.007859119032926 ], [ -104.069276124193948, 19.008816854866065 ], [ -104.068974049542646, 19.009747247097177 ], [ -104.068850263655392, 19.010650296741382 ], [ -104.06890476948449, 19.011526004290459 ], [ -104.069137569831426, 19.012374369712699 ], [ -104.069548667346766, 19.013195392452765 ], [ -104.070138064530056, 19.013989071431588 ], [ -104.070995304113012, 19.014671135675094 ], [ -104.072120387896263, 19.015241581547382 ], [ -104.073513316651514, 19.015700404198256 ], [ -104.075174090120967, 19.01604759756335 ], [ -104.076776581877709, 19.016196806512209 ], [ -104.078320786026367, 19.016148032322437 ], [ -104.079806697055531, 19.015901276222372 ], [ -104.08109409818438, 19.015500219404576 ], [ -104.081234309838123, 19.015456539390964 ], [ -104.082543619903149, 19.014926484619618 ], [ -104.083734626216796, 19.014311114371491 ], [ -104.084807328112305, 19.013610430895465 ], [ -104.085761725290013, 19.012824436226044 ], [ -104.086567511423922, 19.0120659420073 ], [ -104.087224688861184, 19.011334950290799 ], [ -104.087733259818179, 19.010631462763101 ], [ -104.087940470923087, 19.010242340634967 ], [ -104.088134316998023, 19.009810030582251 ], [ -104.088243563895119, 19.009423324808804 ], [ -104.088818987951171, 19.00963668193592 ], [ -104.089518309597977, 19.009962503046822 ], [ -104.090081637233155, 19.010106475460105 ], [ -104.090087208761673, 19.010106910695477 ], [ -104.09010743298272, 19.010114409292658 ], [ -104.090823562136237, 19.010166604651094 ], [ -104.090845042758303, 19.010166109415913 ], [ -104.09085325142361, 19.010166750624233 ], [ -104.091833151360362, 19.010143325894131 ], [ -104.093021335635427, 19.01003619789256 ], [ -104.094002611425239, 19.009758608931683 ], [ -104.094776976569534, 19.009310562209144 ], [ -104.09534443018164, 19.008692060271191 ], [ -104.095704972648093, 19.007903105012527 ], [ -104.095858453034523, 19.006971936888061 ], [ -104.095804874274791, 19.00589855649811 ], [ -104.09554424037357, 19.004682963784713 ], [ -104.095076556406127, 19.003325158031835 ], [ -104.094903772955419, 19.002335913899163 ], [ -104.095025883911305, 19.001715232065553 ], [ -104.095442887014173, 19.001463111917442 ], [ -104.096154783854175, 19.001579551548978 ], [ -104.096778380269015, 19.001554357452545 ], [ -104.097313674671398, 19.001387530456199 ], [ -104.097760665911807, 19.001079071273768 ], [ -104.098119353278562, 19.000628980504754 ], [ -104.098655860040367, 19.000236235402884 ], [ -104.099370185586025, 18.999900834399188 ], [ -104.100262329690494, 18.999622775425987 ], [ -104.101332292514755, 18.999402055916889 ], [ -104.102196561142904, 18.998784971727204 ], [ -104.102855131379229, 18.997771525502952 ], [ -104.103308001854657, 18.996361719274095 ], [ -104.103519864095873, 18.994813578054835 ], [ -104.103555174026255, 18.994555554454198 ], [ -104.103621549522416, 18.994168142937983 ], [ -104.103632758680206, 18.994068279544763 ], [ -104.103639676844239, 18.994068955991459 ], [ -104.103767451877076, 18.994081449576697 ], [ -104.103961102856687, 18.994101655723252 ], [ -104.104177296487904, 18.994106726500629 ], [ -104.104415178145871, 18.994098666876141 ], [ -104.104453609376975, 18.994095716995997 ], [ -104.10457561080176, 18.994417823445083 ], [ -104.104632237726477, 18.994547807031125 ], [ -104.104769122261814, 18.994967627365753 ], [ -104.104870802173281, 18.995424343695234 ], [ -104.105031052521326, 18.996144141241277 ], [ -104.105376430515349, 18.99817909474633 ], [ -104.105718194813647, 19.00089179090261 ], [ -104.106092371529996, 19.003096322133306 ], [ -104.106321912523086, 19.004054017149613 ], [ -104.106498959457156, 19.004792688512655 ], [ -104.10651359259974, 19.004832295243709 ], [ -104.106557130214924, 19.005018889753032 ], [ -104.106937956587061, 19.005980889991125 ], [ -104.10740936011122, 19.006660926395487 ], [ -104.108267024457774, 19.007286344504756 ], [ -104.109510953389247, 19.007857139097627 ], [ -104.111141150017815, 19.008373302499649 ], [ -104.113157616804088, 19.00883482458303 ], [ -104.115530815524522, 19.009213311409649 ], [ -104.118260745704603, 19.009508749206827 ], [ -104.118701696539759, 19.009539091326182 ], [ -104.119855710112461, 19.009618494750676 ], [ -104.121347405889622, 19.009721122091822 ], [ -104.121801576678436, 19.010066268511313 ], [ -104.122070956118606, 19.010303423627757 ], [ -104.122545944850728, 19.010802059753793 ], [ -104.122913100412831, 19.011225280913493 ], [ -104.123326684797917, 19.011622603820157 ], [ -104.123888572661016, 19.012048868736642 ], [ -104.124598765477955, 19.012504074363932 ], [ -104.125160511917301, 19.012958575041907 ], [ -104.125517451645564, 19.01335049071178 ], [ -104.125838660574715, 19.013865466410188 ], [ -104.125955060297485, 19.014317858637217 ], [ -104.126220650227097, 19.014629755372944 ], [ -104.12663543059216, 19.014801155994963 ], [ -104.1271994008695, 19.014832059483208 ], [ -104.127912559784093, 19.014722464420018 ], [ -104.128654672646491, 19.01475420370285 ], [ -104.12942574136656, 19.014927277057307 ], [ -104.130225767985806, 19.015241684194713 ], [ -104.13105475467745, 19.015697424812046 ], [ -104.131735292591941, 19.016152464681255 ], [ -104.131997736591359, 19.016376561124517 ], [ -104.132280456177966, 19.016662428435748 ], [ -104.132440021877144, 19.016885428877149 ], [ -104.132545083935739, 19.017073354024792 ], [ -104.13268236828182, 19.017350105184931 ], [ -104.132798907637849, 19.017643032950815 ], [ -104.132868860379574, 19.017858027880163 ], [ -104.132985267501027, 19.018239616032879 ], [ -104.133123240059447, 19.018612476054997 ], [ -104.133332359136318, 19.019097643117608 ], [ -104.133609663593759, 19.019876626823024 ], [ -104.133779095954978, 19.020521147921993 ], [ -104.134035160795634, 19.021483108258561 ], [ -104.13434589876141, 19.022898890806573 ], [ -104.134780600295187, 19.024384627179018 ], [ -104.135307170660425, 19.025912059472908 ], [ -104.135805955654021, 19.027072238604987 ], [ -104.136276951734231, 19.027865164783659 ], [ -104.136896125183497, 19.028715262390321 ], [ -104.137663478926228, 19.029622530033706 ], [ -104.138579016204247, 19.030586965976617 ], [ -104.139642740576889, 19.031608568135724 ], [ -104.140825543097705, 19.032574238073263 ], [ -104.142127424785855, 19.033483973552496 ], [ -104.143548386428463, 19.034337772095654 ], [ -104.145088428580507, 19.035135630983994 ], [ -104.146535651601184, 19.036667293126456 ], [ -104.147890071047783, 19.038932760987588 ], [ -104.149151699627097, 19.041932036621819 ] ], [ [ -104.085627415702078, 19.021098052380864 ], [ -104.08545204909197, 19.020588867373004 ], [ -104.085187146954567, 19.020163958638591 ], [ -104.084832709619477, 19.019823325815882 ], [ -104.084388891785594, 19.019538729316285 ], [ -104.08385569350618, 19.019310168501416 ], [ -104.083233114658185, 19.019137642594689 ], [ -104.082521154942327, 19.019021150681294 ], [ -104.081985945558714, 19.019159692497798 ], [ -104.081627484396577, 19.019553269483982 ], [ -104.081445770932149, 19.020201882619684 ], [ -104.081440806228741, 19.021105532424855 ], [ -104.081614454507687, 19.02192535031919 ], [ -104.081966718216606, 19.022661335920649 ], [ -104.08249759928394, 19.023313488304304 ], [ -104.083207099118894, 19.023881806002258 ], [ -104.083828766731386, 19.024223767037864 ], [ -104.084362599079796, 19.02433937219374 ], [ -104.084808593799352, 19.024228622140985 ], [ -104.085166749202216, 19.023891517439019 ], [ -104.085436291794963, 19.023469253934017 ], [ -104.08561722178942, 19.022961832013159 ], [ -104.085709539668159, 19.022369251945129 ], [ -104.085713246184511, 19.02169151388015 ], [ -104.085627415702078, 19.021098052380864 ] ], [ [ -104.128736167607329, 19.027603839923572 ], [ -104.128769098911505, 19.026982713079594 ], [ -104.128713246882128, 19.02630468736908 ], [ -104.12856861262992, 19.025569762744524 ], [ -104.128335197449871, 19.02477793903666 ], [ -104.128071355785195, 19.024127171999723 ], [ -104.12777708740164, 19.023617461520359 ], [ -104.127452391895829, 19.023248807457641 ], [ -104.127097268695323, 19.023021209643073 ], [ -104.126805073618385, 19.022561342990659 ], [ -104.126719754731269, 19.02236645998245 ], [ -104.12648052718032, 19.021719251079386 ], [ -104.126218910956226, 19.020644890620471 ], [ -104.125988465183795, 19.019288276147126 ], [ -104.125727150560365, 19.018157436176917 ], [ -104.125434966861917, 19.017252370643472 ], [ -104.125428093361407, 19.017237917644398 ], [ -104.125111913574699, 19.016573079438579 ], [ -104.124757989895201, 19.016119562412218 ], [ -104.124403476710583, 19.015779002382342 ], [ -104.124048373336748, 19.015551399329244 ], [ -104.123692679077067, 19.015436753229007 ], [ -104.123336393222388, 19.015435064053495 ], [ -104.122978626511653, 19.015715768135973 ], [ -104.122619377062051, 19.016278865369312 ], [ -104.12225864291203, 19.017124355620137 ], [ -104.121896422021138, 19.018252238728813 ], [ -104.121682206779369, 19.019465544408003 ], [ -104.121615999974907, 19.020764273255498 ], [ -104.121697804860062, 19.022148425529458 ], [ -104.121927625151628, 19.023618001148311 ], [ -104.122189069030711, 19.024720605782441 ], [ -104.122482135729996, 19.025456239383157 ], [ -104.122806823958641, 19.025824901825665 ], [ -104.123163131902302, 19.025826592909095 ], [ -104.123518699459794, 19.025969480140823 ], [ -104.123873527514192, 19.026253563554743 ], [ -104.124227616929005, 19.026678843178146 ], [ -104.124580968548202, 19.027245319031756 ], [ -104.125053536821611, 19.02772763861233 ], [ -104.125645322140386, 19.028125801030701 ], [ -104.126356324539969, 19.028439805150185 ], [ -104.127186543700006, 19.028669649586572 ], [ -104.127839639465193, 19.028700973734335 ], [ -104.128315609330102, 19.028533779377064 ], [ -104.128614452043323, 19.028168067826726 ], [ -104.128736167607329, 19.027603839923572 ] ], [ [ -104.054877380092961, 19.02969765499455 ], [ -104.05505393794418, 19.029980954443495 ], [ -104.055320052984285, 19.030179992801049 ], [ -104.055675725163624, 19.030294769681941 ], [ -104.056002502927726, 19.030268200069383 ], [ -104.056300385450484, 19.030100284080298 ], [ -104.056515574799207, 19.029852874306044 ], [ -104.056569372035938, 19.029791021817996 ], [ -104.056809462118437, 19.029340413372203 ], [ -104.05684122644881, 19.028973460131983 ], [ -104.056664666468549, 19.028690162275929 ], [ -104.056279783020926, 19.028490519248614 ], [ -104.055686576351093, 19.028374529760551 ], [ -104.055241033379787, 19.028400491704065 ], [ -104.055092093255922, 19.02848444896582 ], [ -104.054943152986098, 19.028568406100277 ], [ -104.054792934801426, 19.028878273642288 ], [ -104.054790379209393, 19.029330094695222 ], [ -104.054877380092961, 19.02969765499455 ] ] ] ] } },
{ "type": "Feature", "properties": { "VULNERABIL": 3.0, "fid": 2, "cat": 3 }, "geometry": { "type": "MultiPolygon", "coordinates": [ [ [ [ -104.111757230676218, 18.992985422474813 ], [ -104.111102780565062, 18.993236440874096 ], [ -104.110509051613306, 18.99323358796898 ], [ -104.110004532177641, 18.993202922138856 ], [ -104.109867160454186, 18.993183579511932 ], [ -104.108994673190182, 18.992896346963555 ], [ -104.108820080718687, 18.992632420282135 ], [ -104.108644668395527, 18.992123254040035 ], [ -104.108499995522237, 18.991416555154174 ], [ -104.108386062105225, 18.990512323657043 ], [ -104.108538249619855, 18.989807054629235 ], [ -104.108956555389568, 18.989300747343716 ], [ -104.109640978654767, 18.988993399990449 ], [ -104.110591520572413, 18.988885009676288 ], [ -104.111305025676145, 18.988690756154533 ], [ -104.111781493556208, 18.988410642150434 ], [ -104.112020924567261, 18.988044669505772 ], [ -104.112023319828225, 18.987592839178827 ], [ -104.111966044851727, 18.98719720280268 ], [ -104.111849100023377, 18.986857760343934 ], [ -104.11167248560875, 18.986574511705573 ], [ -104.111436201753321, 18.986347456726968 ], [ -104.11102135782869, 18.986204264375722 ], [ -104.11042795373352, 18.986144933448294 ], [ -104.109655988847777, 18.986169462200206 ], [ -104.108705462032873, 18.986277848345971 ], [ -104.107874727773705, 18.986189126283595 ], [ -104.107163788725714, 18.985903297732797 ], [ -104.106572646677307, 18.985420364133784 ], [ -104.106101302549874, 18.984740326647152 ], [ -104.105658591742241, 18.984258106977318 ], [ -104.105244512506815, 18.983973705285781 ], [ -104.10485906326781, 18.983887121716474 ], [ -104.104502242621109, 18.983998356395816 ], [ -104.104144515524382, 18.984279026440777 ], [ -104.10405485703842, 18.98439155285169 ], [ -104.10378588084906, 18.984729131786054 ], [ -104.103735712164976, 18.984815579358514 ], [ -104.103546588503349, 18.985066854025447 ], [ -104.102948050908935, 18.985967636705777 ], [ -104.102322394086272, 18.986388204630757 ], [ -104.10199600866676, 18.986358381502356 ], [ -104.101286594946103, 18.985790137576522 ], [ -104.100460872358937, 18.984769485113159 ], [ -104.099633793895222, 18.984002983075545 ], [ -104.098805355968835, 18.98349063135338 ], [ -104.097975554928993, 18.983232429814862 ], [ -104.097144387059927, 18.983228378306691 ], [ -104.096163577921317, 18.98344951281549 ], [ -104.095033123033645, 18.983895830757881 ], [ -104.093753016685326, 18.984567329120594 ], [ -104.09232325193247, 18.985464004460116 ], [ -104.091695275287663, 18.986308124106053 ], [ -104.091869099124651, 18.987099696763085 ], [ -104.092844734786468, 18.987838720652185 ], [ -104.094622192584467, 18.988525183508386 ], [ -104.096074038259118, 18.989040599760138 ], [ -104.096862395815052, 18.989281664380989 ], [ -104.097288407829865, 18.989554846823648 ], [ -104.097345952870953, 18.989894007699142 ], [ -104.096751019634553, 18.990117025313829 ], [ -104.096394790289281, 18.99011528644818 ], [ -104.095802294456348, 18.989886472710982 ], [ -104.095294531195705, 18.989909407380381 ], [ -104.095238113050968, 18.989911955590621 ], [ -104.094702243498674, 18.990191735237843 ], [ -104.094194683430288, 18.990725811780294 ], [ -104.093715430681755, 18.991514185322568 ], [ -104.09314833827915, 18.992076207093199 ], [ -104.092493407779543, 18.992411876383997 ], [ -104.091750641416311, 18.99252119237503 ], [ -104.090920042099, 18.992404154134711 ], [ -104.090266793723359, 18.992429183957544 ], [ -104.089790894616584, 18.992596283654702 ], [ -104.089671474508961, 18.992719952080805 ], [ -104.089492344015511, 18.992905454558578 ], [ -104.089371142066639, 18.993356697522884 ], [ -104.089191444404207, 18.993646281278668 ], [ -104.089192409904939, 18.993468777733632 ], [ -104.089015213821355, 18.993298465767293 ], [ -104.088659593232705, 18.993183754942592 ], [ -104.088125548204232, 18.993124644233287 ], [ -104.088066175720144, 18.993124351658686 ], [ -104.087413078467051, 18.993121132081132 ], [ -104.086878572278323, 18.993146735350848 ], [ -104.086522029368865, 18.993201455576216 ], [ -104.086343449678211, 18.993285293785057 ], [ -104.086343141516963, 18.993341772142287 ], [ -104.086106576118283, 18.99317116436794 ], [ -104.085662516188108, 18.992943051339076 ], [ -104.085247526606196, 18.992828040719559 ], [ -104.084861606473368, 18.992826132671354 ], [ -104.084718865936807, 18.992870610625374 ], [ -104.084504754998321, 18.992937327343569 ], [ -104.084206348833987, 18.993218250110385 ], [ -104.084015791265571, 18.993576120135739 ], [ -104.083968550071091, 18.993273552982881 ], [ -104.083496661520599, 18.992706418024902 ], [ -104.083259790870983, 18.992592285072163 ], [ -104.082667615705645, 18.992306951417032 ], [ -104.081481412971002, 18.992075148382824 ], [ -104.080324124393869, 18.991984681079384 ], [ -104.079195746982478, 18.992035549927806 ], [ -104.078096277875417, 18.992227755335115 ], [ -104.077025714341431, 18.992561297694255 ], [ -104.076015765541754, 18.992669217338047 ], [ -104.075066435650641, 18.992551515444703 ], [ -104.074177728312122, 18.992208193096239 ], [ -104.073349646639869, 18.991639251278308 ], [ -104.072922884207429, 18.991307060553364 ], [ -104.072585449490603, 18.991032702745276 ], [ -104.072236538594083, 18.990686329382559 ], [ -104.071810232916903, 18.990006270326102 ], [ -104.072358198226937, 18.990034183128113 ], [ -104.072764685140754, 18.990054889127961 ], [ -104.073337368540763, 18.990071046710202 ], [ -104.077632500211138, 18.990192172233289 ], [ -104.081581311524772, 18.990098850048891 ], [ -104.084611101526335, 18.989774980777266 ], [ -104.086721860867073, 18.989220609234824 ], [ -104.08791358839197, 18.988435766847132 ], [ -104.088310771414228, 18.98800282814576 ], [ -104.088480992077081, 18.987817282694667 ], [ -104.08842408034991, 18.987365162913132 ], [ -104.087742858185848, 18.987079407155122 ], [ -104.087000055741285, 18.987011474609123 ], [ -104.086437327108854, 18.986960008590874 ], [ -104.085073816242954, 18.98658615475415 ], [ -104.083988998452014, 18.986106655857789 ], [ -104.08365233217171, 18.985957844610734 ], [ -104.082172881955287, 18.985075077074494 ], [ -104.080635473129831, 18.983937851007582 ], [ -104.079856425489268, 18.983498814750444 ], [ -104.079041200221639, 18.982348491144119 ], [ -104.078337476487405, 18.980763553505227 ], [ -104.077813732314979, 18.978840630714462 ], [ -104.077469964059873, 18.976579723963976 ], [ -104.077422410213316, 18.974433251908405 ], [ -104.07767105949172, 18.972401214368141 ], [ -104.078215901883269, 18.9704836097896 ], [ -104.079056928647049, 18.968680435245961 ], [ -104.079720157377807, 18.966819892835634 ], [ -104.080205593136938, 18.964901984656517 ], [ -104.08051324137098, 18.962926712308427 ], [ -104.0806431079112, 18.960894076893251 ], [ -104.080644655467466, 18.96061168456724 ], [ -104.080651773873257, 18.959312679755314 ], [ -104.080653630753304, 18.958973808904474 ], [ -104.080541100338365, 18.957843650405895 ], [ -104.080488598488188, 18.957657789535819 ], [ -104.080305518319534, 18.957503601496242 ], [ -104.07995059864399, 18.957275920003958 ], [ -104.079625979308332, 18.956935428302277 ], [ -104.079461506977381, 18.956682112673715 ], [ -104.07933166074335, 18.956482126558093 ], [ -104.079067643247555, 18.955916014914209 ], [ -104.07883392698723, 18.955237093489359 ], [ -104.078362932919873, 18.954528752239675 ], [ -104.077654664365312, 18.953790989487608 ], [ -104.07670912493478, 18.953023802655011 ], [ -104.075526318531061, 18.952227188263379 ], [ -104.07416436071135, 18.951627352032087 ], [ -104.072623248890878, 18.951224289928508 ], [ -104.070902979217507, 18.951017997334169 ], [ -104.069003546571878, 18.951008469044357 ], [ -104.067726581683758, 18.951143252091885 ], [ -104.067072082133791, 18.951422359257339 ], [ -104.067040048992581, 18.951845797181885 ], [ -104.067049371664126, 18.951854761972047 ], [ -104.067039107191732, 18.952015232084687 ], [ -104.067628918091231, 18.952695957900644 ], [ -104.067922884347297, 18.953205755087183 ], [ -104.067921002372515, 18.953544624925438 ], [ -104.067623270429806, 18.953712567348262 ], [ -104.067029688632559, 18.95370958094005 ], [ -104.06549187984713, 18.952713437694531 ], [ -104.063009888467491, 18.950724115693706 ], [ -104.059583792252212, 18.9477415797368 ], [ -104.055213702300819, 18.943765781369976 ], [ -104.052055455794715, 18.940699759324872 ], [ -104.050108934412378, 18.938543571301462 ], [ -104.049374059685647, 18.937297252663338 ], [ -104.049709000123087, 18.936787116545652 ], [ -104.050237857995228, 18.936736879449157 ], [ -104.050771386763458, 18.936852569589263 ], [ -104.051274283438616, 18.93713754087138 ], [ -104.05174654933171, 18.937591793588879 ], [ -104.052101706541436, 18.937763047966019 ], [ -104.052339752923587, 18.937651304596905 ], [ -104.052460687459671, 18.937256563880034 ], [ -104.052464510256868, 18.936578826018255 ], [ -104.052408344126931, 18.936013741293085 ], [ -104.052292189619649, 18.935561309691799 ], [ -104.052286917990386, 18.935135086608543 ], [ -104.052313356231011, 18.934860549440732 ], [ -104.052508519784382, 18.934037460133066 ], [ -104.053289629210539, 18.932347052862553 ], [ -104.054297531356582, 18.930729450848666 ], [ -104.054620657294393, 18.930237779126674 ], [ -104.056191914158333, 18.928125847420926 ], [ -104.0578377819716, 18.925677333908567 ], [ -104.058621399341845, 18.92439509062595 ], [ -104.059263213657857, 18.923344863589794 ], [ -104.060103698956013, 18.921912296546001 ], [ -104.061181568511984, 18.920039520387466 ], [ -104.062242555980561, 18.918046600560118 ], [ -104.064029293536009, 18.914912006542277 ], [ -104.065437200447988, 18.912627802286291 ], [ -104.068655394481183, 18.914633190958909 ], [ -104.072424398055261, 18.916939050823693 ], [ -104.07844412248275, 18.920772614653867 ], [ -104.080914523873375, 18.922150062192557 ], [ -104.085737983854671, 18.925363353914531 ], [ -104.090575125936581, 18.928414946375959 ], [ -104.095297823917505, 18.930959210441078 ], [ -104.10884792330431, 18.938498548498867 ], [ -104.110823979740829, 18.939465520888511 ], [ -104.121162032318125, 18.944603634957495 ], [ -104.124496150363953, 18.946335412952017 ], [ -104.126800277052538, 18.947250888442159 ], [ -104.13092023847399, 18.94924777231596 ], [ -104.133537176922943, 18.950363508802948 ], [ -104.137504547876659, 18.952244050911563 ], [ -104.144378780378261, 18.955257494253036 ], [ -104.15081049822696, 18.95806114005682 ], [ -104.152061745165696, 18.958454031198155 ], [ -104.152519518955458, 18.958675271995155 ], [ -104.154472685181261, 18.959560232213544 ], [ -104.158897829227641, 18.961377833836483 ], [ -104.16132402931656, 18.962510736137087 ], [ -104.164688663435484, 18.963735184500234 ], [ -104.165291398678676, 18.964109005227105 ], [ -104.167442934304361, 18.965032110516276 ], [ -104.172320901233391, 18.967187881865488 ], [ -104.171999901630841, 18.968225607987605 ], [ -104.171682939102368, 18.969368334551682 ], [ -104.171360910019075, 18.970697771256322 ], [ -104.17117345903344, 18.972589046712553 ], [ -104.171042716759274, 18.975017144754354 ], [ -104.170981294418993, 18.977477027838738 ], [ -104.166815668206894, 18.975768773034218 ], [ -104.163554890183391, 18.974398461153523 ], [ -104.162011996334016, 18.973316033919122 ], [ -104.160480566866553, 18.971845037551077 ], [ -104.158765884658351, 18.970933516587358 ], [ -104.15739839082255, 18.970873076427136 ], [ -104.154970224101106, 18.970184209384762 ], [ -104.124533024402723, 18.954561864536934 ], [ -104.122865979103238, 18.95551194366811 ], [ -104.121739617469274, 18.954774584119022 ], [ -104.120624231050414, 18.953757112038144 ], [ -104.120327753119383, 18.952336840341776 ], [ -104.119505902800668, 18.951492464527565 ], [ -104.118799259690689, 18.950413661660715 ], [ -104.118033839027518, 18.949677996219052 ], [ -104.117251847695954, 18.950288814646566 ], [ -104.116801653473075, 18.951454365293358 ], [ -104.116356390895888, 18.952607147933481 ], [ -104.115274009758579, 18.954346193227256 ], [ -104.114324276814827, 18.954341657783459 ], [ -104.114018218384686, 18.955572255395047 ], [ -104.115077582666771, 18.955574334459481 ], [ -104.115578230204775, 18.956091852653099 ], [ -104.115154577523469, 18.957183349163994 ], [ -104.114414965609981, 18.95695388311302 ], [ -104.113966341585055, 18.957376493985297 ], [ -104.113225823294897, 18.957318728325088 ], [ -104.112694537113128, 18.957207737507673 ], [ -104.112746934822212, 18.958075572755561 ], [ -104.111977299766693, 18.958135147981871 ], [ -104.111877110613349, 18.959119737399078 ], [ -104.111420508333254, 18.959253108670818 ], [ -104.110985742221615, 18.960642772666382 ], [ -104.112076062019, 18.961009493509319 ], [ -104.112910808443118, 18.961212312772478 ], [ -104.113088732904373, 18.961692143168982 ], [ -104.113971688825544, 18.961759628505625 ], [ -104.114445526733519, 18.961960714985825 ], [ -104.114443475446805, 18.962349310651412 ], [ -104.114147373986256, 18.962664202054167 ], [ -104.112903927209089, 18.962513655895052 ], [ -104.11209977225522, 18.961913340378644 ], [ -104.110667145198875, 18.961617275603469 ], [ -104.110346770956852, 18.962926150359145 ], [ -104.110303075974002, 18.96400138249399 ], [ -104.111577964505983, 18.965390211159846 ], [ -104.112385576989837, 18.965339858121595 ], [ -104.114810947038109, 18.966508240582225 ], [ -104.11599448409055, 18.967218803902846 ], [ -104.11685481029609, 18.967982043418548 ], [ -104.11696536145358, 18.968633258568808 ], [ -104.116017500300842, 18.968258207157984 ], [ -104.115128539450382, 18.967521939086776 ], [ -104.113537018733538, 18.966728082596422 ], [ -104.112522834048704, 18.966325584537071 ], [ -104.110301213208004, 18.966143219725385 ], [ -104.109884500876419, 18.965915284982515 ], [ -104.109437952282406, 18.965940250971947 ], [ -104.10949752857772, 18.967241911796769 ], [ -104.110612738776922, 18.968295598656248 ], [ -104.110705179941078, 18.968775020574267 ], [ -104.109339128562041, 18.968452151347414 ], [ -104.109389205911683, 18.969753766189953 ], [ -104.110630161494029, 18.970383303725288 ], [ -104.111138562627929, 18.971235252325098 ], [ -104.110219483894866, 18.970806085477552 ], [ -104.109442739381393, 18.970404710549904 ], [ -104.109156976447935, 18.970556970834377 ], [ -104.109237851704421, 18.971424942296117 ], [ -104.109911606140599, 18.971545666415896 ], [ -104.109851209951998, 18.972187025762654 ], [ -104.110265971168232, 18.972785481667962 ], [ -104.110737485999607, 18.973429395816154 ], [ -104.111952084622615, 18.973661156753128 ], [ -104.112480407784702, 18.974341488403297 ], [ -104.112391141622538, 18.97505500890723 ], [ -104.110998649026456, 18.974334381459805 ], [ -104.110229082688861, 18.97436683498599 ], [ -104.110168686206322, 18.975008194249455 ], [ -104.111878001771004, 18.976887124354775 ], [ -104.11258967905907, 18.977026096033622 ], [ -104.113617524325633, 18.978449878119395 ], [ -104.113023248962932, 18.979459211921821 ], [ -104.113015022175574, 18.981013590918604 ], [ -104.113211896919111, 18.983300974664878 ], [ -104.11392044834237, 18.984036389947477 ], [ -104.114713446906563, 18.984971027500084 ], [ -104.114973596556212, 18.986074823915676 ], [ -104.114463120709317, 18.987400867450059 ], [ -104.11420066888958, 18.988529275494272 ], [ -104.114059314462281, 18.990110128093587 ], [ -104.113878986353257, 18.990789082717736 ], [ -104.113545253307947, 18.991121388791097 ], [ -104.113249775973898, 18.991439374538245 ], [ -104.112800743620397, 18.992143225131052 ], [ -104.112798494869864, 18.992161631810479 ], [ -104.112472398674257, 18.992480531974067 ], [ -104.111757230676218, 18.992985422474813 ] ] ], [ [ [ -104.117911380031089, 18.987408295763604 ], [ -104.118358651487469, 18.987256792365599 ], [ -104.119534557919735, 18.98764195733666 ], [ -104.119876206160939, 18.987904653242332 ], [ -104.119264945995951, 18.987938079331322 ], [ -104.118076631024692, 18.98810186215125 ], [ -104.117702741026406, 18.98819997581764 ], [ -104.117911380031089, 18.987408295763604 ] ] ], [ [ [ -104.114133229955414, 18.976129754518318 ], [ -104.113188011420689, 18.975248610281479 ], [ -104.11322066596631, 18.974462519645186 ], [ -104.113641417467306, 18.973931331781451 ], [ -104.113882795142132, 18.973191426238301 ], [ -104.114455371890188, 18.972688074565816 ], [ -104.1163498540337, 18.973682191828377 ], [ -104.117116514062232, 18.974200975996833 ], [ -104.117674116981803, 18.974736835895889 ], [ -104.118858008531234, 18.975393160501202 ], [ -104.119483155328595, 18.975730515270889 ], [ -104.120195214816192, 18.975797160919246 ], [ -104.120672086360202, 18.975428895132971 ], [ -104.121054539235786, 18.974951731886872 ], [ -104.121236811127289, 18.97460917805768 ], [ -104.121769578971907, 18.974449033208344 ], [ -104.122990156033978, 18.97535855140805 ], [ -104.124050592654157, 18.976014258951572 ], [ -104.124582843551337, 18.975953514418425 ], [ -104.125560584379684, 18.976075619361225 ], [ -104.12861090937966, 18.977671534086458 ], [ -104.132939094888272, 18.980150012180914 ], [ -104.135448874700373, 18.981598688536025 ], [ -104.138414326274187, 18.983112714964722 ], [ -104.142346614485206, 18.985046896421576 ], [ -104.148058790375018, 18.988182131614494 ], [ -104.15093802182831, 18.989885352321242 ], [ -104.152206509114848, 18.990767793464933 ], [ -104.153209296981842, 18.99159478638278 ], [ -104.154364407613571, 18.992359208596191 ], [ -104.156146049131038, 18.99321685597813 ], [ -104.157804213494643, 18.994073924776785 ], [ -104.157944572961014, 18.994499320793388 ], [ -104.156757700665338, 18.994376429692444 ], [ -104.155336301069227, 18.993665030682092 ], [ -104.154446025424946, 18.993127759081869 ], [ -104.153536482351171, 18.992644619514717 ], [ -104.152315334367913, 18.991789515932048 ], [ -104.151368402214217, 18.991188708907103 ], [ -104.150274308257565, 18.991509034006707 ], [ -104.148766042993969, 18.991077345796185 ], [ -104.147515927518214, 18.990321489474479 ], [ -104.146936507133702, 18.990309782173426 ], [ -104.147246169957768, 18.991061311123506 ], [ -104.147749091211693, 18.991172076351813 ], [ -104.148109796392504, 18.99122796138386 ], [ -104.148459531991065, 18.991572991176398 ], [ -104.150030995290578, 18.992655663270412 ], [ -104.150686466978669, 18.992658672857093 ], [ -104.151718947042312, 18.993250838295896 ], [ -104.154439637009745, 18.994392963328078 ], [ -104.155567685908238, 18.994877096120199 ], [ -104.157115004724673, 18.995110085910724 ], [ -104.159185087639102, 18.995291214912104 ], [ -104.15984156876209, 18.995095374416518 ], [ -104.161025641835437, 18.995778551591066 ], [ -104.161842397936525, 18.995827440303906 ], [ -104.162483630635421, 18.994881417543166 ], [ -104.163309702196258, 18.994966491400351 ], [ -104.163512537691673, 18.994298641084203 ], [ -104.162519045015301, 18.993498856230005 ], [ -104.161853525595873, 18.993604291686665 ], [ -104.161804308335135, 18.993947489767066 ], [ -104.161509682175122, 18.993973267094336 ], [ -104.160857464040234, 18.993319618090819 ], [ -104.160400257374732, 18.993561553762532 ], [ -104.160824572238596, 18.99419609609275 ], [ -104.160472630182866, 18.994284873544089 ], [ -104.159790782513667, 18.993857021254925 ], [ -104.158578092931933, 18.993200818716865 ], [ -104.156560768965235, 18.991980624784635 ], [ -104.15271469071098, 18.989839270472483 ], [ -104.148773674099687, 18.987706439868308 ], [ -104.147210199564455, 18.986931065961326 ], [ -104.145401420056743, 18.98582920147793 ], [ -104.142824021890632, 18.984570127193283 ], [ -104.139924995295772, 18.983056477985453 ], [ -104.137375994099145, 18.98183361173156 ], [ -104.134421053818116, 18.9801298342169 ], [ -104.132791930053145, 18.979218475406384 ], [ -104.1306044620666, 18.977906838578456 ], [ -104.128947167446086, 18.976941090840327 ], [ -104.126512939077543, 18.975601134580195 ], [ -104.125424753521372, 18.974800712295135 ], [ -104.123999504352071, 18.974884349527372 ], [ -104.123878385133381, 18.974431909439208 ], [ -104.122080771153051, 18.973067795639277 ], [ -104.120035234224986, 18.971892271628796 ], [ -104.118795369443674, 18.971045904678583 ], [ -104.117753553839847, 18.970471593247598 ], [ -104.117406399569347, 18.96965657931672 ], [ -104.117856380638557, 18.968980922575703 ], [ -104.118420050514388, 18.968360029663895 ], [ -104.119191914940714, 18.967884722296564 ], [ -104.121362389427091, 18.968771651830135 ], [ -104.121894286597865, 18.968774173929603 ], [ -104.123193503582044, 18.969168933923648 ], [ -104.125154443307736, 18.970172313820328 ], [ -104.131218580005552, 18.973047623504716 ], [ -104.132608864748846, 18.974210921976649 ], [ -104.134655269981408, 18.97524171715434 ], [ -104.136455342037436, 18.976153856194756 ], [ -104.137166436075887, 18.976410217052905 ], [ -104.137669863808171, 18.976412562041322 ], [ -104.137976283322828, 18.975935008185886 ], [ -104.138243405898677, 18.975710317210595 ], [ -104.138661762191006, 18.975630927206822 ], [ -104.139013070987815, 18.975659672979951 ], [ -104.139429849461706, 18.975887544504676 ], [ -104.140111756172345, 18.976279319115395 ], [ -104.140878505615831, 18.976798008168579 ], [ -104.141295011789481, 18.977080098630193 ], [ -104.141797424133244, 18.977281249988469 ], [ -104.1424139609599, 18.977455816473665 ], [ -104.142926613975831, 18.977512414258442 ], [ -104.143430646161946, 18.977397260595435 ], [ -104.144113676379874, 18.97757212906528 ], [ -104.14535238689858, 18.978680410739834 ], [ -104.145432116002752, 18.979810451096178 ], [ -104.145691588084333, 18.981085918837262 ], [ -104.146342732368709, 18.981929398481505 ], [ -104.147820665721284, 18.982704384641419 ], [ -104.150604216028711, 18.984524653703325 ], [ -104.150657774860136, 18.985202703195789 ], [ -104.152437903987192, 18.986340535685056 ], [ -104.155658855008284, 18.98809947256569 ], [ -104.156646604959391, 18.988140125519269 ], [ -104.157504955301945, 18.987466230187259 ], [ -104.158107408732292, 18.986673680703682 ], [ -104.158166674940517, 18.98622208047847 ], [ -104.158112222635069, 18.985715738647293 ], [ -104.157668167671318, 18.985234736509266 ], [ -104.157756386161893, 18.984692894145386 ], [ -104.158204117873254, 18.984441883599821 ], [ -104.158945731582577, 18.98430969355103 ], [ -104.15918252975267, 18.984446330255498 ], [ -104.159950102900339, 18.984820348505039 ], [ -104.160603553442584, 18.985220958411247 ], [ -104.161285233371188, 18.985675918421425 ], [ -104.163099765553355, 18.985647981577564 ], [ -104.163423280678757, 18.985540995099814 ], [ -104.163785108006024, 18.98537091927043 ], [ -104.164139238860798, 18.984839311634211 ], [ -104.164434434568236, 18.984696045793168 ], [ -104.164795673449106, 18.984643451544272 ], [ -104.166095215889612, 18.985019844188926 ], [ -104.167224093013928, 18.985332198274513 ], [ -104.167850053787561, 18.98553383643911 ], [ -104.168118006573721, 18.985137394575499 ], [ -104.16809175258129, 18.98468540582542 ], [ -104.16854072555661, 18.984181327656927 ], [ -104.167888380804783, 18.983554814795916 ], [ -104.165897345780877, 18.982786711875931 ], [ -104.163364185269288, 18.98157591305214 ], [ -104.16083516544272, 18.980703306589117 ], [ -104.158940367374768, 18.979700594497174 ], [ -104.157518489097242, 18.979106699115917 ], [ -104.156933970581392, 18.978227410731694 ], [ -104.157344417597002, 18.977831633347733 ], [ -104.157763498618564, 18.977607604908041 ], [ -104.158502858941162, 18.977918238098098 ], [ -104.161471003085069, 18.978925817998313 ], [ -104.169081910109028, 18.982322049358658 ], [ -104.17101039697063, 18.983021530942477 ], [ -104.171056547436123, 18.9842236044693 ], [ -104.171284251567926, 18.98620145671212 ], [ -104.171634474887398, 18.98741736429244 ], [ -104.172107216010204, 18.987871326731128 ], [ -104.172401982871449, 18.988296251891246 ], [ -104.172518773936787, 18.988692140569789 ], [ -104.172457587877929, 18.989058993057142 ], [ -104.172218423572502, 18.989396809136959 ], [ -104.172187760305093, 18.989594355223627 ], [ -104.172365598907035, 18.989651631460635 ], [ -104.172751939176678, 18.989568637240598 ], [ -104.173346779879253, 18.989345371205374 ], [ -104.174232835334934, 18.989376520983491 ], [ -104.174266914401059, 18.989377718967408 ], [ -104.175061238423822, 18.989561375903325 ], [ -104.175240442284661, 18.990624640594532 ], [ -104.175119192701459, 18.991132428752177 ], [ -104.174760309850726, 18.991667397770719 ], [ -104.174163791327004, 18.992229546169987 ], [ -104.173449218304157, 18.992649962943801 ], [ -104.172616591809529, 18.992928646778484 ], [ -104.171665913464622, 18.993065596150807 ], [ -104.170597185485178, 18.993060809328025 ], [ -104.169794939677644, 18.993198414204269 ], [ -104.169259174491799, 18.993478414186431 ], [ -104.16898988977006, 18.993900811575344 ], [ -104.168987086747791, 18.994465607565871 ], [ -104.169162967468068, 18.994918244192451 ], [ -104.169517533086477, 18.995258721003545 ], [ -104.170050784052677, 18.995487036998444 ], [ -104.170785441463849, 18.995678570319601 ], [ -104.171874864713587, 18.996070024515713 ], [ -104.171816377160511, 18.998657876684884 ], [ -104.171812004261341, 18.999541726812421 ], [ -104.170801188200343, 18.999609294063113 ], [ -104.170157022662337, 18.999235871938673 ], [ -104.169351898334412, 18.998753276156183 ], [ -104.168556547978497, 18.998216496507364 ], [ -104.167522311856189, 18.9979587982676 ], [ -104.165888053703952, 18.998005661637805 ], [ -104.165079027310952, 18.998309283769704 ], [ -104.164491699401864, 18.99797224854191 ], [ -104.163364008341631, 18.997406833816527 ], [ -104.162737467521012, 18.997313625509545 ], [ -104.16146294435228, 18.997615124537933 ], [ -104.160985232133399, 18.998155202091326 ], [ -104.160272465658821, 18.998206192536983 ], [ -104.159647466323349, 18.997805709557682 ], [ -104.159353967580429, 18.997605553646359 ], [ -104.159031788334516, 18.997441416468394 ], [ -104.158501248452851, 18.997149807753399 ], [ -104.15798893753454, 18.997011916081128 ], [ -104.15719181409969, 18.996836576263426 ], [ -104.156895589675401, 18.997178647163185 ], [ -104.156894042388615, 18.997485911126621 ], [ -104.157575896583566, 18.997913774209387 ], [ -104.157783757958754, 18.99814065519195 ], [ -104.158047755956957, 18.998539501738204 ], [ -104.157979847308994, 18.998819351553212 ], [ -104.158102074238471, 18.999072954570416 ], [ -104.158926437985485, 18.999501461435944 ], [ -104.159902443649671, 19.000002952561672 ], [ -104.160508043611387, 19.000484683325382 ], [ -104.160811230007269, 19.000648731964407 ], [ -104.161086143230946, 19.000767464966899 ], [ -104.161578653488405, 19.001067931717273 ], [ -104.16187225143635, 19.001250009993612 ], [ -104.162279489607485, 19.00150490162294 ], [ -104.162791366146891, 19.001733153858332 ], [ -104.163417155586671, 19.001979994737198 ], [ -104.164734655218453, 19.002591454101044 ], [ -104.166175082432048, 19.003320944698412 ], [ -104.167236950373209, 19.003759523696232 ], [ -104.168649167592164, 19.004434644229242 ], [ -104.169795355770333, 19.004941084059382 ], [ -104.169673272810925, 19.005141553294461 ], [ -104.169587872907911, 19.005282223176941 ], [ -104.169428523541455, 19.005515994059301 ], [ -104.169273666049719, 19.005758026765498 ], [ -104.169056583579845, 19.006202310674318 ], [ -104.168958193201817, 19.006651760296442 ], [ -104.168959344768425, 19.006655019562469 ], [ -104.169012920396028, 19.007202148130215 ], [ -104.169188532673061, 19.007711264148558 ], [ -104.169453354835454, 19.008192540290576 ], [ -104.169807387547195, 19.008645976201517 ], [ -104.170072212893814, 19.009127251533201 ], [ -104.170247830211409, 19.009636366640333 ], [ -104.170334238751778, 19.010173321744912 ], [ -104.17033143768252, 19.010738116936185 ], [ -104.170418267049186, 19.011190352696882 ], [ -104.170594727447138, 19.011530028938019 ], [ -104.170860819105854, 19.011757145422415 ], [ -104.171216541888711, 19.011871701764715 ], [ -104.171541595900521, 19.012183802756304 ], [ -104.171835982068202, 19.012693448576357 ], [ -104.172099701072668, 19.013400639368008 ], [ -104.172332753348925, 19.014305375238344 ], [ -104.172300267606943, 19.014870037540042 ], [ -104.17200224150541, 19.015094626100236 ], [ -104.1714386759039, 19.014979139687444 ], [ -104.17060957486315, 19.014523576011847 ], [ -104.170016882194233, 19.014294993186599 ], [ -104.169779357032752, 19.014293926720974 ], [ -104.169660594457952, 19.014293393373759 ], [ -104.169540710139614, 19.014518777884913 ], [ -104.169657229648976, 19.014971147181388 ], [ -104.169832991252818, 19.015452022809331 ], [ -104.170067995548919, 19.015961404618196 ], [ -104.170362243197474, 19.016499292402504 ], [ -104.17071573492106, 19.017065685901827 ], [ -104.171129871254919, 19.017378187363509 ], [ -104.171255912022701, 19.017393746543501 ], [ -104.17133645021606, 19.017633276872065 ], [ -104.17127202932457, 19.018649641406483 ], [ -104.170762793502803, 19.019551049292101 ], [ -104.169808736838476, 19.020337496651827 ], [ -104.169092346403474, 19.021096766982833 ], [ -104.1686136256846, 19.021828863191782 ], [ -104.168372577975006, 19.022533787259686 ], [ -104.168369206374351, 19.023211540241672 ], [ -104.168629133058104, 19.024681207295384 ], [ -104.16899393556605, 19.026073527996932 ], [ -104.169422070997555, 19.027883101963415 ], [ -104.169658113772101, 19.029243393901382 ], [ -104.170022397283105, 19.031126266296916 ], [ -104.170545667600891, 19.033387842320771 ], [ -104.171100046538299, 19.035367153227991 ], [ -104.171685532825322, 19.037064198852661 ], [ -104.172272429856946, 19.038478845888658 ], [ -104.172860734993932, 19.039611094339051 ], [ -104.173450445521965, 19.040460944180897 ], [ -104.174041558651851, 19.041028395365267 ], [ -104.17487065865356, 19.041512187376714 ], [ -104.175937746513625, 19.041912317053068 ], [ -104.17724282253586, 19.04222878028245 ], [ -104.178377124549556, 19.042399906155843 ], [ -104.179412281723742, 19.042422552693058 ], [ -104.180458705878408, 19.042357364230902 ], [ -104.17974485391629, 19.043573418326329 ], [ -104.177776747797822, 19.046926107164701 ], [ -104.173799725762393, 19.047502130834591 ], [ -104.167600009415693, 19.048400084964715 ], [ -104.161292410063794, 19.049313664646828 ], [ -104.15675295674265, 19.049971149704255 ], [ -104.154398736196498, 19.050312130153106 ], [ -104.152049777497254, 19.050652348486899 ], [ -104.151428543554644, 19.049024459258405 ], [ -104.150813462443281, 19.047225847453397 ], [ -104.15032054719768, 19.045665121674134 ], [ -104.149151699627097, 19.041932036621819 ], [ -104.147890071047783, 19.038932760987588 ], [ -104.146535651601184, 19.036667293126456 ], [ -104.145088428580507, 19.035135630983994 ], [ -104.143548386428463, 19.034337772095654 ], [ -104.142127424785855, 19.033483973552496 ], [ -104.140825543097705, 19.032574238073263 ], [ -104.139642740576889, 19.031608568135724 ], [ -104.138579016204247, 19.030586965976617 ], [ -104.137663478926228, 19.029622530033706 ], [ -104.136896125183497, 19.028715262390321 ], [ -104.136276951734231, 19.027865164783659 ], [ -104.135805955654021, 19.027072238604987 ], [ -104.135307170660425, 19.025912059472908 ], [ -104.134780600295187, 19.024384627179018 ], [ -104.13434589876141, 19.022898890806573 ], [ -104.134035160795634, 19.021483108258561 ], [ -104.133779095954978, 19.020521147921993 ], [ -104.133609663593759, 19.019876626823024 ], [ -104.133332359136318, 19.019097643117608 ], [ -104.134157676484904, 19.018816359191757 ], [ -104.134860824273758, 19.01853693715076 ], [ -104.135704505120614, 19.017978435202465 ], [ -104.13636120830536, 19.017303740463639 ], [ -104.136989672681864, 19.016346509555646 ], [ -104.137483682397345, 19.015326128200115 ], [ -104.137669865967425, 19.014969479875706 ], [ -104.137900248153429, 19.014448312067813 ], [ -104.138016645854023, 19.013923751743192 ], [ -104.138118308286394, 19.013336004993835 ], [ -104.138495681421176, 19.01340808240414 ], [ -104.138564283791212, 19.013902994081505 ], [ -104.13866137280489, 19.014603414294115 ], [ -104.138775481281158, 19.01550763203468 ], [ -104.1389790993139, 19.01632754601502 ], [ -104.139272227978907, 19.017063156001221 ], [ -104.139654868081408, 19.017714461616354 ], [ -104.140127020155873, 19.01828146234044 ], [ -104.140658993251947, 19.018764019478215 ], [ -104.141250787135846, 19.019162132514744 ], [ -104.141902401389515, 19.019475800867596 ], [ -104.142613835410359, 19.019705023886864 ], [ -104.143046550183215, 19.01977039544623 ], [ -104.143527057363883, 19.019822218282538 ], [ -104.143891279683231, 19.019823905441914 ], [ -104.144221480649051, 19.01981661344988 ], [ -104.144607615331395, 19.01977909097057 ], [ -104.145196545149147, 19.019710218783988 ], [ -104.145656198754907, 19.019677248741903 ], [ -104.146184722417416, 19.019623164203054 ], [ -104.14639128730721, 19.019591094768113 ], [ -104.146488559029038, 19.019573942814741 ], [ -104.146555358760722, 19.019559087611118 ], [ -104.146623122790317, 19.019535938753091 ], [ -104.146766249617414, 19.019479925337475 ], [ -104.146830773171018, 19.019440018885476 ], [ -104.146893007874723, 19.019395547265887 ], [ -104.146947834064235, 19.019333138859189 ], [ -104.147009496122152, 19.019244056361128 ], [ -104.147065125398484, 19.019117602328965 ], [ -104.147080703718188, 19.01908219038269 ], [ -104.147098860097515, 19.019053054123191 ], [ -104.147134813493082, 19.019019906762018 ], [ -104.147178130010403, 19.018996799636948 ], [ -104.14723068768717, 19.018982087691178 ], [ -104.147270661195918, 19.018981046884704 ], [ -104.147338536891951, 19.019001221301853 ], [ -104.14739782125362, 19.019036481983747 ], [ -104.147481235171824, 19.01911273450439 ], [ -104.147540867215952, 19.019190129285072 ], [ -104.147573049499044, 19.019266954584158 ], [ -104.147606043750301, 19.019398959648711 ], [ -104.147610733025815, 19.019506165710819 ], [ -104.147589663520662, 19.019619082218217 ], [ -104.147555203353065, 19.019726811108729 ], [ -104.147511703219038, 19.019961501920907 ], [ -104.147491034135129, 19.020179586954455 ], [ -104.147460220421252, 19.020391771426201 ], [ -104.147388969343041, 19.020743760427695 ], [ -104.147208514963708, 19.021194771485526 ], [ -104.146938984240776, 19.021645371191145 ], [ -104.146580376472841, 19.022095559126782 ], [ -104.146370226398844, 19.022546432046507 ], [ -104.146308535195388, 19.022997990503551 ], [ -104.14632188422398, 19.023067566535659 ], [ -104.146395304058217, 19.023450234693488 ], [ -104.146630534202274, 19.023903164454225 ], [ -104.146896034326474, 19.024243272830361 ], [ -104.14719180411339, 19.024470559689938 ], [ -104.147517843113704, 19.024585024877236 ], [ -104.147874150746233, 19.024586668212816 ], [ -104.148080989405116, 19.024785303388349 ], [ -104.148138359236881, 19.025180930900973 ], [ -104.148046259316601, 19.025773550831438 ], [ -104.147804687647792, 19.02656316284407 ], [ -104.147651183786536, 19.027550862118062 ], [ -104.147585748587474, 19.028736648849794 ], [ -104.147608383506778, 19.030120523121546 ], [ -104.147701935556597, 19.03145734727649 ], [ -104.147814603673879, 19.032149631556493 ], [ -104.147926255160726, 19.032992092775693 ], [ -104.148169858404842, 19.033804103589382 ], [ -104.148595219307154, 19.034587024757045 ], [ -104.14906859864179, 19.034928088424614 ], [ -104.149661188027196, 19.035184979189296 ], [ -104.150372987183587, 19.035357695896987 ], [ -104.151203995475043, 19.035446237146516 ], [ -104.152154211909547, 19.035450601289604 ], [ -104.153134695512961, 19.035342138458692 ], [ -104.154145444250446, 19.035120848088582 ], [ -104.155186455955416, 19.034786729590603 ], [ -104.156257728329535, 19.0343397823526 ], [ -104.156897673045506, 19.033902990551507 ], [ -104.158045067522863, 19.033218327933056 ], [ -104.159118596705071, 19.03231952957918 ], [ -104.160043930249955, 19.031363570235158 ], [ -104.160821069615849, 19.030350452172524 ], [ -104.161450016577973, 19.029280177316444 ], [ -104.161473279152119, 19.02922562428618 ], [ -104.161748932140355, 19.028886169774726 ], [ -104.162825808491476, 19.027309595973694 ], [ -104.162984653430087, 19.026981399206054 ], [ -104.163362825315716, 19.026803702926539 ], [ -104.163661449207169, 19.026466171168458 ], [ -104.163782480814845, 19.026014874072366 ], [ -104.163725921276523, 19.025449812016419 ], [ -104.163491772467097, 19.024770984890278 ], [ -104.163286469674873, 19.024261729931204 ], [ -104.163110012072806, 19.023922047229036 ], [ -104.162962398988213, 19.023751936857575 ], [ -104.162873322173738, 19.02375153337751 ], [ -104.162717978423956, 19.023148360364662 ], [ -104.162669436899193, 19.022959881138664 ], [ -104.162496660082979, 19.021885966557214 ], [ -104.162384117556357, 19.02064288287864 ], [ -104.162240186913067, 19.019738540541464 ], [ -104.162064868023649, 19.01917293955659 ], [ -104.161858160290578, 19.018946079867487 ], [ -104.161620062648169, 19.019057961350178 ], [ -104.161470047696142, 19.019367924299047 ], [ -104.161408115335362, 19.019875968907222 ], [ -104.161434266068284, 19.020582095253367 ], [ -104.161548500999032, 19.02148630330165 ], [ -104.161456734224842, 19.022022452746636 ], [ -104.16129490294324, 19.022113806366587 ], [ -104.160952112785566, 19.021991922223364 ], [ -104.160123575799062, 19.021423353002515 ], [ -104.159294050516991, 19.021052457783771 ], [ -104.158463534059791, 19.020879236464538 ], [ -104.158437817239957, 19.020879992782536 ], [ -104.158433842332556, 19.020879101272797 ], [ -104.157632023511155, 19.020903688929145 ], [ -104.156799515917953, 19.021125815048844 ], [ -104.156086201065094, 19.021263760793705 ], [ -104.155492080275252, 19.021317527600651 ], [ -104.155017154515392, 19.021287116659835 ], [ -104.154661424396664, 19.021172528914665 ], [ -104.154395055632648, 19.021001868832514 ], [ -104.154218048193798, 19.020775136796516 ], [ -104.154130401873871, 19.020492333052186 ], [ -104.154132116289929, 19.020153457707448 ], [ -104.153925704342669, 19.019870110314542 ], [ -104.153511166926592, 19.0196422902142 ], [ -104.152888504549225, 19.019469996026999 ], [ -104.15205771733126, 19.019353225653358 ], [ -104.151375709687983, 19.01934922291402 ], [ -104.150756308804446, 19.019299769787125 ], [ -104.151021099138887, 19.018840142784029 ], [ -104.151948690786071, 19.017432387852701 ], [ -104.153025006660073, 19.015968828421332 ], [ -104.154010231927785, 19.014900208999251 ], [ -104.154904375579164, 19.014226531517387 ], [ -104.155707445198033, 19.013947797671094 ], [ -104.156419446963085, 19.014064008920492 ], [ -104.157219525332337, 19.014378301086854 ], [ -104.158107683646449, 19.014890673135429 ], [ -104.159083925847611, 19.015601123916817 ], [ -104.160148256479744, 19.016509652166736 ], [ -104.160977478340243, 19.016937022282452 ], [ -104.161571582490367, 19.016883237149347 ], [ -104.161930563912321, 19.016348298837929 ], [ -104.162054421509652, 19.015332208603279 ], [ -104.162326023116918, 19.01445798924718 ], [ -104.162745367230485, 19.013725640095828 ], [ -104.163312453098456, 19.013135160143687 ], [ -104.164027280720518, 19.012686548053466 ], [ -104.164326864466133, 19.012151335719697 ], [ -104.164211207735676, 19.011529525281087 ], [ -104.163680315332059, 19.010821116125364 ], [ -104.16273419346048, 19.010026104889789 ], [ -104.161787090219448, 19.009428766999903 ], [ -104.16083900235229, 19.009029102350333 ], [ -104.159889926565938, 19.008827110822601 ], [ -104.158939859530761, 19.00882279228507 ], [ -104.158137956471919, 19.008875624076055 ], [ -104.157484216623544, 19.008985608095994 ], [ -104.156978639536021, 19.009152745899787 ], [ -104.15679993242378, 19.009264892389982 ], [ -104.15662122507608, 19.009377038696847 ], [ -104.156056409089246, 19.009515663408575 ], [ -104.155284192018044, 19.009568618151693 ], [ -104.154304574966744, 19.009535900367329 ], [ -104.1531175597014, 19.009417506821119 ], [ -104.152286106462114, 19.009441937443782 ], [ -104.151810213066568, 19.009609196954248 ], [ -104.151747181113166, 19.009771625654658 ], [ -104.151691311172826, 19.009636891820843 ], [ -104.151218568676128, 19.0091828780299 ], [ -104.150507739118268, 19.008840730675672 ], [ -104.149796051527574, 19.008668018385983 ], [ -104.149974188490475, 19.008668837284553 ], [ -104.150449507226156, 19.008614540933973 ], [ -104.1508063544442, 19.008503218802016 ], [ -104.150926258832925, 19.008277847100413 ], [ -104.150885745708706, 19.008160355295903 ], [ -104.150809221065103, 19.007938426309618 ], [ -104.150455242811773, 19.007484956032751 ], [ -104.149864326742218, 19.006917434995774 ], [ -104.149035902066458, 19.006348819517573 ], [ -104.147969971359416, 19.005779106501269 ], [ -104.146666537244982, 19.005208291935645 ], [ -104.145125602396419, 19.004636370895323 ], [ -104.144437921273962, 19.004524081122927 ], [ -104.144236384361875, 19.004349856300493 ], [ -104.144237539621301, 19.004123939593928 ], [ -104.144119507177379, 19.003982192183109 ], [ -104.143882287174037, 19.003924613848557 ], [ -104.143525879400016, 19.003951204123979 ], [ -104.143050283288815, 19.00406196229623 ], [ -104.142633195808529, 19.004342431918907 ], [ -104.142556357427424, 19.004438899431797 ], [ -104.142402680396373, 19.004631834348366 ], [ -104.142274615929949, 19.004792613334285 ], [ -104.141974542959915, 19.005412506833832 ], [ -104.141800452299975, 19.005981556142149 ], [ -104.141732976541107, 19.006202112658283 ], [ -104.141432753945594, 19.006850244566856 ], [ -104.141111938324585, 19.007303165917804 ], [ -104.1410143519754, 19.007384866074755 ], [ -104.140776838406495, 19.00738376273657 ], [ -104.140479076060544, 19.007551820438586 ], [ -104.14012106384321, 19.007889038837902 ], [ -104.139702800274762, 19.008395417509092 ], [ -104.139224283490037, 19.0090709559442 ], [ -104.138806304919328, 19.009520853235685 ], [ -104.138448866803941, 19.00974510991259 ], [ -104.138151970858075, 19.009743726408907 ], [ -104.137915618268693, 19.009516703063582 ], [ -104.137710993512712, 19.008894464530233 ], [ -104.137538097489085, 19.007877010878744 ], [ -104.137396930525227, 19.006464342094887 ], [ -104.137287492376927, 19.004656458080298 ], [ -104.136879424467608, 19.003186063132969 ], [ -104.136172732675419, 19.002053155649104 ], [ -104.135167419238797, 19.001257732399356 ], [ -104.133863482757619, 19.000799788528671 ], [ -104.133253292063017, 19.000597587989368 ], [ -104.132826159500297, 19.00045604644643 ], [ -104.13205544553459, 19.000226510501374 ], [ -104.13155133805995, 19.000111183928226 ], [ -104.131313835407781, 19.000110068847945 ], [ -104.131015491064844, 19.0003910695876 ], [ -104.13065630316639, 19.000954185755052 ], [ -104.130356279332432, 19.001557922372427 ], [ -104.130362211095729, 19.00041623994472 ], [ -104.129655869040477, 18.999226830455523 ], [ -104.12823659701597, 18.998118781158428 ], [ -104.129778730153149, 18.998436683160765 ], [ -104.130730783891707, 18.998045796075896 ], [ -104.13096370202949, 18.997338180804491 ], [ -104.131780374227901, 18.998445203003641 ], [ -104.132261541954222, 18.999089111360735 ], [ -104.133142974635504, 18.999490886552458 ], [ -104.133855329515342, 18.999521335260081 ], [ -104.134701151077806, 18.999462032184965 ], [ -104.135823589970641, 18.999187121431991 ], [ -104.136582706460686, 18.997518757386121 ], [ -104.13602478138084, 18.997019098819219 ], [ -104.13658554933096, 18.99696749260799 ], [ -104.137325788779393, 18.997115543238344 ], [ -104.138009356431482, 18.997200065479628 ], [ -104.138157445796011, 18.997959892596825 ], [ -104.138604357725569, 18.997880637876435 ], [ -104.138343431336139, 18.996894351841437 ], [ -104.137510242198971, 18.996348228709159 ], [ -104.135292384523666, 18.995352805955033 ], [ -104.133899574162427, 18.994641378762999 ], [ -104.133187380335485, 18.994583819668811 ], [ -104.13310455015224, 18.994068303165275 ], [ -104.1340172154475, 18.993937016632945 ], [ -104.13594991609348, 18.994958234528386 ], [ -104.136536426687954, 18.995439951894124 ], [ -104.13724857929634, 18.995506535411362 ], [ -104.138583716044806, 18.996353229801887 ], [ -104.138963706867244, 18.996354998608041 ], [ -104.138880811670504, 18.995848521184204 ], [ -104.137990441382698, 18.995338283538882 ], [ -104.136663697115779, 18.994708520664858 ], [ -104.13577394628156, 18.994080790121632 ], [ -104.135271305714127, 18.993915769580227 ], [ -104.135513788100397, 18.992949906519055 ], [ -104.136368283392613, 18.993044270045424 ], [ -104.137647701613631, 18.993637664696916 ], [ -104.13826168866639, 18.994318326444628 ], [ -104.13870482564478, 18.994971079004703 ], [ -104.139034991543198, 18.995424483195901 ], [ -104.139388199717516, 18.995091744396717 ], [ -104.139863324039865, 18.995066841663945 ], [ -104.139894747560007, 18.994497634462373 ], [ -104.138238119375089, 18.993360257426747 ], [ -104.13397437790384, 18.991198500735436 ], [ -104.131465830492601, 18.989487724109633 ], [ -104.130838731930211, 18.989511892141234 ], [ -104.130786143960833, 18.988662135025162 ], [ -104.12983870076593, 18.988178703938488 ], [ -104.129926963726106, 18.987645915739016 ], [ -104.13111380823824, 18.987759939251749 ], [ -104.131320448855661, 18.988212776403625 ], [ -104.131672484750354, 18.988105980198149 ], [ -104.13206312605044, 18.987881878855269 ], [ -104.132356012053492, 18.988190521833875 ], [ -104.132353952448995, 18.988588155382754 ], [ -104.133303883974961, 18.988592606170855 ], [ -104.134081379798658, 18.988876403207261 ], [ -104.134907075244442, 18.989024862118828 ], [ -104.135089335999396, 18.988682294648846 ], [ -104.134881797703102, 18.988401166812601 ], [ -104.133489326219859, 18.987635515585204 ], [ -104.131063843989665, 18.98640410303571 ], [ -104.128667130753215, 18.985127608499784 ], [ -104.126203726130925, 18.983895955944693 ], [ -104.123278408876445, 18.981993322076377 ], [ -104.121329308910006, 18.980520033988633 ], [ -104.12038227218433, 18.979973297278089 ], [ -104.119880022560963, 18.97974497725582 ], [ -104.118807705852575, 18.979541055702651 ], [ -104.117538868396082, 18.97877587728086 ], [ -104.114133229955414, 18.976129754518318 ] ] ], [ [ [ -104.170970868790192, 18.981991946977001 ], [ -104.169940182071059, 18.981648092870866 ], [ -104.168793222238932, 18.981154926311685 ], [ -104.167987199726269, 18.980871145901922 ], [ -104.167333746948259, 18.980470561846552 ], [ -104.166718248081338, 18.980079183806559 ], [ -104.16698605945129, 18.979709854765296 ], [ -104.167697354726286, 18.979938989012226 ], [ -104.170952728206387, 18.981519442196724 ], [ -104.170970868790192, 18.981991946977001 ] ] ] ] } },
{ "type": "Feature", "properties": { "VULNERABIL": 1.0, "fid": 3, "cat": 1 }, "geometry": { "type": "MultiPolygon", "coordinates": [ [ [ [ -104.073776658338261, 19.032476146579505 ], [ -104.074517734715016, 19.032705778806744 ], [ -104.075050960854753, 19.032934367507593 ], [ -104.075376335810134, 19.033161914445742 ], [ -104.075493858674548, 19.033388420683536 ], [ -104.075849397069618, 19.033531398534027 ], [ -104.076442951147499, 19.03359084662976 ], [ -104.077274520383213, 19.033566762650679 ], [ -104.078344103574523, 19.033459143324173 ], [ -104.079531992168185, 19.03343682663521 ], [ -104.080838188044112, 19.033499810376366 ], [ -104.08226269344884, 19.033648092125588 ], [ -104.083805510995532, 19.033881669246004 ], [ -104.085317248441228, 19.034369238029605 ], [ -104.08679791227101, 19.035110799476481 ], [ -104.08824750863468, 19.036106354537541 ], [ -104.089666043347123, 19.037355904114637 ], [ -104.090788424586691, 19.03846278646073 ], [ -104.091614643471232, 19.03942700666088 ], [ -104.092144692684528, 19.040248568432961 ], [ -104.092378566476469, 19.040927474127002 ], [ -104.092731835293492, 19.041494006868732 ], [ -104.093204499721608, 19.041948166013981 ], [ -104.093796559864955, 19.042289950662855 ], [ -104.094508015345582, 19.042519359659799 ], [ -104.095070691265363, 19.042804516578226 ], [ -104.095484587350285, 19.043145422765104 ], [ -104.095749703042259, 19.043542079194388 ], [ -104.095866037498965, 19.043994486467096 ], [ -104.096101459967613, 19.044390997028948 ], [ -104.096455971099346, 19.044731610456736 ], [ -104.096929571314007, 19.045016326085836 ], [ -104.097522260800062, 19.045245143010238 ], [ -104.098054950520591, 19.045586624401849 ], [ -104.098527641130715, 19.046040770796981 ], [ -104.098940333034989, 19.046607582659334 ], [ -104.099293026387329, 19.047287060380039 ], [ -104.099705723857213, 19.047853870689561 ], [ -104.100178425290892, 19.048308013196575 ], [ -104.100711130283756, 19.048649487437174 ], [ -104.101303838180357, 19.048878292874864 ], [ -104.101954876873236, 19.049305059336646 ], [ -104.10266424908562, 19.049929786291504 ], [ -104.103431957926702, 19.050752473157324 ], [ -104.104258006891826, 19.051773119300847 ], [ -104.10502603483333, 19.05253932175577 ], [ -104.105736037564824, 19.053051081132281 ], [ -104.106388011380133, 19.053308397987131 ], [ -104.106981953053619, 19.053311272823532 ], [ -104.107664382119381, 19.053427533170531 ], [ -104.108435300187082, 19.053657178106398 ], [ -104.109294709222496, 19.054000206592566 ], [ -104.110242611547491, 19.054456617473498 ], [ -104.111250515647114, 19.054800352981218 ], [ -104.112318419925558, 19.055031412076794 ], [ -104.113446322535992, 19.05514979364899 ], [ -104.114634221380669, 19.055155496514331 ], [ -104.115643037750516, 19.055329773244186 ], [ -104.116472773987098, 19.055672626867217 ], [ -104.117123431347196, 19.05618405983758 ], [ -104.117595010002631, 19.056864074035072 ], [ -104.118245078496912, 19.05748846023123 ], [ -104.11907363829593, 19.058057216604887 ], [ -104.120080690528894, 19.058570340801275 ], [ -104.121266235988159, 19.05902782993201 ], [ -104.122214350350546, 19.059455942283464 ], [ -104.122925031134571, 19.059854681426597 ], [ -104.123398276149771, 19.06022405002577 ], [ -104.123634083496484, 19.060564049838472 ], [ -104.124018532952022, 19.060876515206321 ], [ -104.124551625209349, 19.061161445228521 ], [ -104.125233360829483, 19.061418838638772 ], [ -104.126063740241349, 19.061648693805267 ], [ -104.12686486678102, 19.061793686918435 ], [ -104.12763673914219, 19.061853818311473 ], [ -104.128379356102684, 19.061829088305011 ], [ -104.128890103071527, 19.061750624309376 ], [ -104.129353828655169, 19.061750700117312 ], [ -104.129654423310029, 19.061786621190773 ], [ -104.130068698184999, 19.061902324621403 ], [ -104.130396979455398, 19.06207133282086 ], [ -104.130581389009393, 19.062257817512041 ], [ -104.130947893425429, 19.062783156589749 ], [ -104.13129214593306, 19.063525311282 ], [ -104.131506582298329, 19.067849708538478 ], [ -104.13168391616648, 19.071425884118121 ], [ -104.131875188011605, 19.075283137719957 ], [ -104.120667117139988, 19.079442707494312 ], [ -104.108438898780818, 19.083980877181464 ], [ -104.094399993123659, 19.089191805259404 ], [ -104.086213535748101, 19.092229214415759 ], [ -104.077259543068266, 19.095552244555154 ], [ -104.072097855026428, 19.097467864273252 ], [ -104.068713525141376, 19.098723865993581 ], [ -104.066551770980553, 19.097222471829589 ], [ -104.062735323130951, 19.094571850111176 ], [ -104.053964993754036, 19.08848062957308 ], [ -104.043886118012921, 19.08148058974826 ], [ -104.034051310360695, 19.074650061522359 ], [ -104.038802701769598, 19.068395454271897 ], [ -104.043697948306161, 19.061951479897793 ], [ -104.049637897019139, 19.054133238378455 ], [ -104.054456524882227, 19.047789171372528 ], [ -104.058514364632259, 19.042447537367334 ], [ -104.061038838930969, 19.039124385495949 ], [ -104.0581893540365, 19.035838358523534 ], [ -104.055821138534029, 19.033107331581526 ], [ -104.056734595344025, 19.032965872218579 ], [ -104.057561831406588, 19.032824918651546 ], [ -104.058899492407747, 19.032570391930058 ], [ -104.060266005894164, 19.032464389987624 ], [ -104.060799065807188, 19.032467100951376 ], [ -104.061899120767492, 19.032472690599135 ], [ -104.063831559788284, 19.032515645136964 ], [ -104.06552230127356, 19.032378095778039 ], [ -104.068700557769816, 19.032196468069046 ], [ -104.07026600622045, 19.032168045241164 ], [ -104.070749847572614, 19.032122068772768 ], [ -104.07181879640946, 19.032127442778769 ], [ -104.072827732712568, 19.032245468360912 ], [ -104.073776658338261, 19.032476146579505 ] ] ] ] } },
{ "type": "Feature", "properties": { "VULNERABIL": 1.0, "fid": 4, "cat": 6 }, "geometry": { "type": "MultiPolygon", "coordinates": [ [ [ [ -104.054792934801426, 19.028878273642288 ], [ -104.054943152986098, 19.028568406100277 ], [ -104.055241033379787, 19.028400491704065 ], [ -104.055686576351093, 19.028374529760551 ], [ -104.056279783020926, 19.028490519248614 ], [ -104.056664666468549, 19.028690162275929 ], [ -104.05684122644881, 19.028973460131983 ], [ -104.056809462118437, 19.029340413372203 ], [ -104.056569372035938, 19.029791021817996 ], [ -104.056300385450484, 19.030100284080298 ], [ -104.056002502927726, 19.030268200069383 ], [ -104.055675725163624, 19.030294769681941 ], [ -104.055320052984285, 19.030179992801049 ], [ -104.05505393794418, 19.029980954443495 ], [ -104.054877380092961, 19.02969765499455 ], [ -104.054790379209393, 19.029330094695222 ], [ -104.054792934801426, 19.028878273642288 ] ] ] ] } },
{ "type": "Feature", "properties": { "VULNERABIL": 2.0, "fid": 5, "cat": 5 }, "geometry": { "type": "MultiPolygon", "coordinates": [ [ [ [ -104.156897673045506, 19.033902990551507 ], [ -104.156257728329535, 19.0343397823526 ], [ -104.155186455955416, 19.034786729590603 ], [ -104.154145444250446, 19.035120848088582 ], [ -104.153134695512961, 19.035342138458692 ], [ -104.152154211909547, 19.035450601289604 ], [ -104.151203995475043, 19.035446237146516 ], [ -104.150372987183587, 19.035357695896987 ], [ -104.149661188027196, 19.035184979189296 ], [ -104.14906859864179, 19.034928088424614 ], [ -104.148595219307154, 19.034587024757045 ], [ -104.148169858404842, 19.033804103589382 ], [ -104.147926255160726, 19.032992092775693 ], [ -104.147814603673879, 19.032149631556493 ], [ -104.147701935556597, 19.03145734727649 ], [ -104.147608383506778, 19.030120523121546 ], [ -104.147585748587474, 19.028736648849794 ], [ -104.147651183786536, 19.027550862118062 ], [ -104.147804687647792, 19.02656316284407 ], [ -104.148046259316601, 19.025773550831438 ], [ -104.148138359236881, 19.025180930900973 ], [ -104.148080989405116, 19.024785303388349 ], [ -104.147874150746233, 19.024586668212816 ], [ -104.148261733544828, 19.024277812597344 ], [ -104.148680589110313, 19.023658457712301 ], [ -104.14887703627663, 19.023252645079261 ], [ -104.149011371676735, 19.022841014603454 ], [ -104.149371411663566, 19.022108426080553 ], [ -104.149612106834283, 19.021488248558057 ], [ -104.14971092089344, 19.021284993285729 ], [ -104.150242236366879, 19.020192095660928 ], [ -104.150756308804446, 19.019299769787125 ], [ -104.151375709687983, 19.01934922291402 ], [ -104.15205771733126, 19.019353225653358 ], [ -104.152888504549225, 19.019469996026999 ], [ -104.153511166926592, 19.0196422902142 ], [ -104.153925704342669, 19.019870110314542 ], [ -104.154132116289929, 19.020153457707448 ], [ -104.154130401873871, 19.020492333052186 ], [ -104.154218048193798, 19.020775136796516 ], [ -104.154395055632648, 19.021001868832514 ], [ -104.154661424396664, 19.021172528914665 ], [ -104.155017154515392, 19.021287116659835 ], [ -104.155492080275252, 19.021317527600651 ], [ -104.156086201065094, 19.021263760793705 ], [ -104.156799515917953, 19.021125815048844 ], [ -104.157632023511155, 19.020903688929145 ], [ -104.158433842332556, 19.020879101272797 ], [ -104.158437817239957, 19.020879992782536 ], [ -104.158463534059791, 19.020879236464538 ], [ -104.159294050516991, 19.021052457783771 ], [ -104.160123575799062, 19.021423353002515 ], [ -104.160952112785566, 19.021991922223364 ], [ -104.16129490294324, 19.022113806366587 ], [ -104.161456734224842, 19.022022452746636 ], [ -104.161548500999032, 19.02148630330165 ], [ -104.161434266068284, 19.020582095253367 ], [ -104.161408115335362, 19.019875968907222 ], [ -104.161470047696142, 19.019367924299047 ], [ -104.161620062648169, 19.019057961350178 ], [ -104.161858160290578, 19.018946079867487 ], [ -104.162064868023649, 19.01917293955659 ], [ -104.162240186913067, 19.019738540541464 ], [ -104.162384117556357, 19.02064288287864 ], [ -104.162496660082979, 19.021885966557214 ], [ -104.162669436899193, 19.022959881138664 ], [ -104.162717978423956, 19.023148360364662 ], [ -104.162873322173738, 19.02375153337751 ], [ -104.162843629902753, 19.023751398874623 ], [ -104.16272372926062, 19.0239767781258 ], [ -104.162602696532403, 19.024428074573741 ], [ -104.162480531140673, 19.025105288164351 ], [ -104.162418881992281, 19.025556853523138 ], [ -104.162357232459897, 19.026008418826784 ], [ -104.162383811644048, 19.026629825807962 ], [ -104.162560270366541, 19.026969509158313 ], [ -104.16288660873991, 19.027027468479918 ], [ -104.162984653430087, 19.026981399206054 ], [ -104.162825808491476, 19.027309595973694 ], [ -104.161748932140355, 19.028886169774726 ], [ -104.161473279152119, 19.02922562428618 ], [ -104.161450016577973, 19.029280177316444 ], [ -104.160821069615849, 19.030350452172524 ], [ -104.160043930249955, 19.031363570235158 ], [ -104.159118596705071, 19.03231952957918 ], [ -104.158045067522863, 19.033218327933056 ], [ -104.156823911656502, 19.033947004319018 ], [ -104.156897673045506, 19.033902990551507 ] ] ] ] } },
{ "type": "Feature", "properties": { "VULNERABIL": 4.0, "fid": 6, "cat": 9 }, "geometry": { "type": "MultiPolygon", "coordinates": [ [ [ [ -104.16288660873991, 19.027027468479918 ], [ -104.162560270366541, 19.026969509158313 ], [ -104.162383811644048, 19.026629825807962 ], [ -104.162357232459897, 19.026008418826784 ], [ -104.162480531140673, 19.025105288164351 ], [ -104.162602696532403, 19.024428074573741 ], [ -104.16272372926062, 19.0239767781258 ], [ -104.162843629902753, 19.023751398874623 ], [ -104.162962398988213, 19.023751936857575 ], [ -104.163110012072806, 19.023922047229036 ], [ -104.163286469674873, 19.024261729931204 ], [ -104.163491772467097, 19.024770984890278 ], [ -104.163725921276523, 19.025449812016419 ], [ -104.163782480814845, 19.026014874072366 ], [ -104.163661449207169, 19.026466171168458 ], [ -104.163362825315716, 19.026803702926539 ], [ -104.16288660873991, 19.027027468479918 ] ] ] ] } },
{ "type": "Feature", "properties": { "VULNERABIL": 4.0, "fid": 7, "cat": 11 }, "geometry": { "type": "MultiPolygon", "coordinates": [ [ [ [ -104.15679993242378, 19.009264892389982 ], [ -104.156978639536021, 19.009152745899787 ], [ -104.157484216623544, 19.008985608095994 ], [ -104.158137956471919, 19.008875624076055 ], [ -104.158939859530761, 19.00882279228507 ], [ -104.159889926565938, 19.008827110822601 ], [ -104.16083900235229, 19.009029102350333 ], [ -104.161787090219448, 19.009428766999903 ], [ -104.16273419346048, 19.010026104889789 ], [ -104.163680315332059, 19.010821116125364 ], [ -104.164211207735676, 19.011529525281087 ], [ -104.164326864466133, 19.012151335719697 ], [ -104.164027280720518, 19.012686548053466 ], [ -104.163312453098456, 19.013135160143687 ], [ -104.162745367230485, 19.013725640095828 ], [ -104.162326023116918, 19.01445798924718 ], [ -104.162054421509652, 19.015332208603279 ], [ -104.161930563912321, 19.016348298837929 ], [ -104.161571582490367, 19.016883237149347 ], [ -104.160977478340243, 19.016937022282452 ], [ -104.160148256479744, 19.016509652166736 ], [ -104.159083925847611, 19.015601123916817 ], [ -104.158107683646449, 19.014890673135429 ], [ -104.157219525332337, 19.014378301086854 ], [ -104.156419446963085, 19.014064008920492 ], [ -104.155707445198033, 19.013947797671094 ], [ -104.154904375579164, 19.014226531517387 ], [ -104.154010231927785, 19.014900208999251 ], [ -104.153025006660073, 19.015968828421332 ], [ -104.151948690786071, 19.017432387852701 ], [ -104.151021099138887, 19.018840142784029 ], [ -104.150242236366879, 19.020192095660928 ], [ -104.149612106834283, 19.021488248558057 ], [ -104.149371411663566, 19.022108426080553 ], [ -104.149011371676735, 19.022841014603454 ], [ -104.14887703627663, 19.023252645079257 ], [ -104.148680589110313, 19.023658457712301 ], [ -104.148261733544828, 19.024277812597344 ], [ -104.147874150746233, 19.024586668212816 ], [ -104.147517843113704, 19.024585024877236 ], [ -104.14719180411339, 19.024470559689938 ], [ -104.146896034326474, 19.024243272830361 ], [ -104.146630534202274, 19.023903164454225 ], [ -104.146395304058217, 19.023450234693488 ], [ -104.146308535195388, 19.022997990503551 ], [ -104.146370226398844, 19.022546432046507 ], [ -104.146580376472841, 19.022095559126782 ], [ -104.146938984240776, 19.021645371191145 ], [ -104.147208514963708, 19.021194771485526 ], [ -104.147388969343041, 19.020743760427695 ], [ -104.147460220421252, 19.020391771426201 ], [ -104.147491034135129, 19.020179586954455 ], [ -104.147511703219038, 19.019961501920907 ], [ -104.147555203353065, 19.019726811108729 ], [ -104.147589663520662, 19.019619082218217 ], [ -104.147610733025815, 19.019506165710819 ], [ -104.147606043750301, 19.019398959648711 ], [ -104.147573049499044, 19.019266954584158 ], [ -104.147808886847031, 19.019087906963275 ], [ -104.147893782071094, 19.019023454542904 ], [ -104.148021702766115, 19.018939303298591 ], [ -104.148200426017482, 19.01882716604069 ], [ -104.148676636803216, 19.018603437995438 ], [ -104.14918325600317, 19.018238647423992 ], [ -104.149720282107026, 19.017732794002136 ], [ -104.149805397088372, 19.017635756633368 ], [ -104.150287713435915, 19.017085877378356 ], [ -104.150885548142554, 19.016297897173882 ], [ -104.151364900850538, 19.01545289040455 ], [ -104.151725772789135, 19.014550858027587 ], [ -104.151968165437225, 19.013591800780659 ], [ -104.152092080523232, 19.012575719181907 ], [ -104.152125589659846, 19.011692265904006 ], [ -104.152070979139808, 19.010881205634192 ], [ -104.151925965500567, 19.010202773819874 ], [ -104.151747181113166, 19.009771625654658 ], [ -104.151810213066568, 19.009609196954248 ], [ -104.152286106462114, 19.009441937443782 ], [ -104.1531175597014, 19.009417506821119 ], [ -104.154304574966744, 19.009535900367329 ], [ -104.155284192018044, 19.009568618151693 ], [ -104.156056409089246, 19.009515663408575 ], [ -104.15662122507608, 19.009377038696847 ], [ -104.15679993242378, 19.009264892389982 ] ] ] ] } },
{ "type": "Feature", "properties": { "VULNERABIL": 3.0, "fid": 8, "cat": 13 }, "geometry": { "type": "MultiPolygon", "coordinates": [ ] } },
{ "type": "Feature", "properties": { "VULNERABIL": 1.0, "fid": 9, "cat": 10 }, "geometry": { "type": "MultiPolygon", "coordinates": [ [ [ [ -104.081445770932149, 19.020201882619684 ], [ -104.081627484396577, 19.019553269483982 ], [ -104.081985945558714, 19.019159692497798 ], [ -104.082521154942327, 19.019021150681294 ], [ -104.083233114658185, 19.019137642594689 ], [ -104.08385569350618, 19.019310168501416 ], [ -104.084388891785594, 19.019538729316285 ], [ -104.084832709619477, 19.019823325815882 ], [ -104.085187146954567, 19.020163958638591 ], [ -104.08545204909197, 19.020588867373004 ], [ -104.085627415702078, 19.021098052380864 ], [ -104.085713246184511, 19.02169151388015 ], [ -104.085709539668159, 19.022369251945129 ], [ -104.08561722178942, 19.022961832013159 ], [ -104.085436291794963, 19.023469253934017 ], [ -104.085166749202216, 19.023891517439019 ], [ -104.084808593799352, 19.024228622140985 ], [ -104.084362599079796, 19.02433937219374 ], [ -104.083828766731386, 19.024223767037864 ], [ -104.083207099118894, 19.023881806002258 ], [ -104.08249759928394, 19.023313488304304 ], [ -104.081966718216606, 19.022661335920649 ], [ -104.081614454507687, 19.02192535031919 ], [ -104.081440806228741, 19.021105532424855 ], [ -104.081445770932149, 19.020201882619684 ] ] ] ] } },
{ "type": "Feature", "properties": { "VULNERABIL": 4.0, "fid": 10, "cat": 4 }, "geometry": { "type": "MultiPolygon", "coordinates": [ [ [ [ -104.17033143768252, 19.010738116936185 ], [ -104.170334238751778, 19.010173321744912 ], [ -104.170247830211409, 19.009636366640333 ], [ -104.170072212893814, 19.009127251533201 ], [ -104.169807387547195, 19.008645976201517 ], [ -104.169453354835454, 19.008192540290576 ], [ -104.169188532673061, 19.007711264148558 ], [ -104.169012920396028, 19.007202148130215 ], [ -104.168959344768425, 19.006655019562469 ], [ -104.168958193201817, 19.006651760296442 ], [ -104.169056583579845, 19.006202310674318 ], [ -104.169273666049719, 19.005758026765498 ], [ -104.169428523541455, 19.005515994059301 ], [ -104.169587872907911, 19.005282223176941 ], [ -104.169673272810925, 19.005141553294461 ], [ -104.169795355770333, 19.004941084059382 ], [ -104.170156444803538, 19.005101143466597 ], [ -104.170896128542296, 19.005375582947408 ], [ -104.172848289977608, 19.006378438630964 ], [ -104.173910642224527, 19.006726608514022 ], [ -104.174612159666651, 19.007037012654536 ], [ -104.177058035813857, 19.008114327389098 ], [ -104.178310109125505, 19.008526578683195 ], [ -104.181136499834963, 19.009515157178544 ], [ -104.182122532386785, 19.009935242320825 ], [ -104.183649976203753, 19.010384825746304 ], [ -104.184352673856907, 19.010460226208156 ], [ -104.184989571831636, 19.010390735261815 ], [ -104.184784035637051, 19.009675872925836 ], [ -104.185231049798873, 19.009578431522293 ], [ -104.185496451637306, 19.009706124697015 ], [ -104.186153051051036, 19.009492117625573 ], [ -104.186534746003588, 19.009150375052293 ], [ -104.186669687525793, 19.008753321918718 ], [ -104.186687446382251, 19.007054363853577 ], [ -104.186517755488211, 19.006782494669068 ], [ -104.186044094292129, 19.006500250288724 ], [ -104.185343259968604, 19.006045293076728 ], [ -104.184167188930431, 19.00563342463186 ], [ -104.183095672263789, 19.005212973304602 ], [ -104.181910687057353, 19.004683564998579 ], [ -104.181161618745435, 19.004382015254595 ], [ -104.180279548887384, 19.00407987313729 ], [ -104.179501941267105, 19.003787227767262 ], [ -104.178276315064352, 19.003799861449256 ], [ -104.177775996319099, 19.003146944087916 ], [ -104.176952940823043, 19.002438365171535 ], [ -104.176375607096631, 19.001992962053016 ], [ -104.176017447366263, 19.001412972464774 ], [ -104.174814136314552, 19.000756914700897 ], [ -104.174853161344075, 19.000549228301416 ], [ -104.17508076286633, 19.000631580130555 ], [ -104.175412287077862, 19.000831881340449 ], [ -104.175925204317267, 19.00085224188787 ], [ -104.17609714051946, 19.00066322206845 ], [ -104.176090887453299, 19.000003462934565 ], [ -104.17519912782177, 18.999746441425309 ], [ -104.174639204011214, 18.999626457715021 ], [ -104.173954799549691, 18.999704739588413 ], [ -104.172796195903913, 18.999618225698644 ], [ -104.172321730145882, 18.999507654563317 ], [ -104.171812004261341, 18.999541726812421 ], [ -104.171816377160511, 18.998657876684884 ], [ -104.171874864713587, 18.996070024515713 ], [ -104.174279829709548, 18.996561180847969 ], [ -104.176278733482405, 18.996813927870278 ], [ -104.179244171232568, 18.997504877460379 ], [ -104.181379755660728, 18.997909705476317 ], [ -104.182685468685136, 18.998028440054846 ], [ -104.183161301140942, 18.997861098461026 ], [ -104.182807252776485, 18.99740768708503 ], [ -104.182513408981535, 18.99678509809937 ], [ -104.182279769885056, 18.995993331765415 ], [ -104.182106335232064, 18.995032388262874 ], [ -104.18199310438375, 18.993902267689798 ], [ -104.181434156895392, 18.9928548974917 ], [ -104.18042950053426, 18.991890273940328 ], [ -104.178979141874365, 18.991008390035876 ], [ -104.177083086297969, 18.990209235507443 ], [ -104.175512347340643, 18.989665675838808 ], [ -104.174266914401059, 18.989377718967408 ], [ -104.173346779879253, 18.989345371205374 ], [ -104.172751939176678, 18.989568637240598 ], [ -104.172365598907035, 18.989651631460635 ], [ -104.172187760305093, 18.989594355223627 ], [ -104.172218423572502, 18.989396809136959 ], [ -104.172457587877929, 18.989058993057142 ], [ -104.172518773936787, 18.988692140569789 ], [ -104.172401982871449, 18.988296251891246 ], [ -104.172107216010204, 18.987871326731128 ], [ -104.171634474887398, 18.98741736429244 ], [ -104.171284251567926, 18.98620145671212 ], [ -104.171056547436123, 18.9842236044693 ], [ -104.17101039697063, 18.983021530942477 ], [ -104.171831766988205, 18.983319450110216 ], [ -104.172457458743793, 18.983575296010706 ], [ -104.17281994251735, 18.98326964358262 ], [ -104.172547547558906, 18.982644843923339 ], [ -104.171960301882123, 18.982298796127306 ], [ -104.171400527985895, 18.982160730244207 ], [ -104.170970868790192, 18.981991946977001 ], [ -104.170952728206387, 18.981519442196724 ], [ -104.172284519673838, 18.982047198045546 ], [ -104.176286142754208, 18.983483922341954 ], [ -104.181736717040408, 18.985848791566596 ], [ -104.184940747966053, 18.987245656338953 ], [ -104.187842209949466, 18.988360978864517 ], [ -104.191189534413667, 18.989613767849473 ], [ -104.193029697902091, 18.9901911602682 ], [ -104.193949110532813, 18.990619927411444 ], [ -104.19456427988716, 18.991101590967261 ], [ -104.195305119117862, 18.9911319261827 ], [ -104.195959768046535, 18.991306483330121 ], [ -104.19695826851914, 18.991093919820919 ], [ -104.196229270447489, 18.990575619819218 ], [ -104.195432564582305, 18.990310071578595 ], [ -104.194929869554969, 18.990145211226558 ], [ -104.193829487283324, 18.989815072753192 ], [ -104.192502776849835, 18.98914051723467 ], [ -104.191725562914925, 18.988775626455741 ], [ -104.192145457296192, 18.98837981170832 ], [ -104.193074270134588, 18.988826698826067 ], [ -104.195170484964336, 18.989495560726887 ], [ -104.196772523561961, 18.990207442547351 ], [ -104.197568581858704, 18.990608544203091 ], [ -104.198791651065179, 18.991110903837196 ], [ -104.199618204324892, 18.991096405552565 ], [ -104.200568166387995, 18.991100511648419 ], [ -104.2010704393239, 18.991355729793309 ], [ -104.2018372397782, 18.991919361664205 ], [ -104.202273191571763, 18.992138140721146 ], [ -104.202573825069777, 18.992844359053812 ], [ -104.2021167187972, 18.993077362847128 ], [ -104.200050481859691, 18.992083358395092 ], [ -104.19933921592262, 18.991827233370749 ], [ -104.198314074687275, 18.991651083371696 ], [ -104.198454104045382, 18.992166825313014 ], [ -104.198774844825806, 18.992638162369595 ], [ -104.198772639731871, 18.993099063400035 ], [ -104.198115557226842, 18.993430603179466 ], [ -104.197792825547126, 18.993374979574167 ], [ -104.197289902266832, 18.993255311621308 ], [ -104.196719614682237, 18.993316099073901 ], [ -104.196518776011402, 18.993595388307838 ], [ -104.196479172561013, 18.993929602263176 ], [ -104.196684742661091, 18.994644453953988 ], [ -104.196834875783694, 18.995033716345485 ], [ -104.197041575355186, 18.995513598679825 ], [ -104.197419534025855, 18.995939999018141 ], [ -104.197864946488252, 18.99616786701776 ], [ -104.198226591938834, 18.996033872669095 ], [ -104.198999369244333, 18.99535037286617 ], [ -104.199532830266918, 18.99504540782214 ], [ -104.199801114771063, 18.994567582773112 ], [ -104.199802323965528, 18.99431453904975 ], [ -104.199899480962273, 18.99386308603134 ], [ -104.199778272659998, 18.993383576334661 ], [ -104.199931477573443, 18.993131189818179 ], [ -104.20014008328414, 18.99321342881732 ], [ -104.200585233767271, 18.993495513875089 ], [ -104.200792977673302, 18.993758497738192 ], [ -104.200723804910695, 18.994318521765397 ], [ -104.200484411252205, 18.99471513593118 ], [ -104.200282929506386, 18.995129988523136 ], [ -104.201137355584507, 18.995251166526366 ], [ -104.202004340767047, 18.994730734712256 ], [ -104.202923845661658, 18.995150421529335 ], [ -104.203248345846916, 18.994835507763622 ], [ -104.202689275333825, 18.994534863111902 ], [ -104.202177792004804, 18.994216347080208 ], [ -104.202359235281577, 18.994018305040424 ], [ -104.202862466149725, 18.99407469844035 ], [ -104.204673450881273, 18.994814526430556 ], [ -104.205602291823453, 18.995270390177641 ], [ -104.205369126574908, 18.994356604292562 ], [ -104.205322591603746, 18.992151260942634 ], [ -104.204851082449537, 18.991417200139953 ], [ -104.202605345509852, 18.990214591024113 ], [ -104.19898242999038, 18.988960812929726 ], [ -104.197152536011018, 18.988220849606964 ], [ -104.194602094500965, 18.987188535970521 ], [ -104.191813069065404, 18.986390120417454 ], [ -104.188381447845899, 18.984902000919149 ], [ -104.185232930592448, 18.983812713445541 ], [ -104.182694294266781, 18.98233745702559 ], [ -104.180675983198242, 18.981307304996459 ], [ -104.177952780057794, 18.980680688050985 ], [ -104.176532374235066, 18.979770632541364 ], [ -104.170981294418993, 18.977477027838738 ], [ -104.171042716759274, 18.975017144754354 ], [ -104.17117345903344, 18.972589046712553 ], [ -104.171360910019075, 18.970697771256322 ], [ -104.171682939102368, 18.969368334551682 ], [ -104.171999901630841, 18.968225607987605 ], [ -104.172320901233391, 18.967187881865488 ], [ -104.174050131734873, 18.967952098930812 ], [ -104.176483961060271, 18.969138403853098 ], [ -104.178813816673994, 18.969992040194771 ], [ -104.183152194649438, 18.971581579512968 ], [ -104.184563661754837, 18.971966840832177 ], [ -104.186081944432715, 18.972724016618624 ], [ -104.18702037999023, 18.973071134378579 ], [ -104.187905407928241, 18.973300002785656 ], [ -104.192300033250802, 18.974911620679162 ], [ -104.202111643607267, 18.978647905847826 ], [ -104.20607138492359, 18.980311021781056 ], [ -104.208528101657564, 18.981171186918498 ], [ -104.211038225583025, 18.981976041031814 ], [ -104.212693840258055, 18.982742753338517 ], [ -104.215173661101971, 18.98322008407607 ], [ -104.213081407367952, 18.986784259643251 ], [ -104.211857741355104, 18.988868787171842 ], [ -104.209126411062527, 18.993521636172161 ], [ -104.207272513525439, 18.996679769527745 ], [ -104.204581124550799, 19.001264578085721 ], [ -104.204026212302239, 19.002209876758677 ], [ -104.203833763291755, 19.002159061015359 ], [ -104.203537682184688, 19.001988342862123 ], [ -104.203271693654202, 19.001733032071513 ], [ -104.20303579794502, 19.001393128776126 ], [ -104.202680476412851, 19.001193913486254 ], [ -104.202205728636201, 19.001135385505496 ], [ -104.201611553586247, 19.001217543877722 ], [ -104.200897949626921, 19.00144038738701 ], [ -104.200095817830501, 19.001549882973325 ], [ -104.199205159708839, 19.001546029542236 ], [ -104.198225977129454, 19.001428825881455 ], [ -104.197158272315576, 19.001198270660851 ], [ -104.196149405139266, 19.001080927283464 ], [ -104.195199373400143, 19.001076796636379 ], [ -104.194308175129478, 19.001185879555027 ], [ -104.193475808590108, 19.00140817682324 ], [ -104.192643984856318, 19.001517510480284 ], [ -104.191812705622397, 19.001513880599759 ], [ -104.19098197257118, 19.001397287251226 ], [ -104.190151787373878, 19.001167730500228 ], [ -104.189647493631341, 19.001080800554593 ], [ -104.18946908944622, 19.001136500017065 ], [ -104.189616574643196, 19.001334829823204 ], [ -104.190089950769121, 19.001675789241435 ], [ -104.190503268684381, 19.002157687320043 ], [ -104.190856528848016, 19.002780524459304 ], [ -104.19114973140347, 19.003544300983354 ], [ -104.191382876178523, 19.004449017140232 ], [ -104.191824529764233, 19.005213441588868 ], [ -104.19247469404759, 19.005837572934446 ], [ -104.193333369880861, 19.006321409031553 ], [ -104.194400557081437, 19.006664946984198 ], [ -104.195438874076473, 19.006838910083754 ], [ -104.196448317620238, 19.006843298706059 ], [ -104.197428884622127, 19.006678113211002 ], [ -104.198380572146831, 19.006343353942498 ], [ -104.199242377015821, 19.006177643880008 ], [ -104.200014302077705, 19.006180984394959 ], [ -104.200696349620785, 19.006353376698343 ], [ -104.201392777468897, 19.006695959846081 ], [ -104.199828943368644, 19.009359967179726 ], [ -104.197493179725001, 19.013338964360617 ], [ -104.193900991949121, 19.019458292860492 ], [ -104.190006596805461, 19.026092434692458 ], [ -104.184745085308307, 19.035055473170871 ], [ -104.180458705878408, 19.042357364230902 ], [ -104.179412281723742, 19.042422552693058 ], [ -104.178377124549556, 19.042399906155843 ], [ -104.17724282253586, 19.04222878028245 ], [ -104.175937746513625, 19.041912317053068 ], [ -104.17487065865356, 19.041512187376714 ], [ -104.174041558651851, 19.041028395365267 ], [ -104.173450445521965, 19.040460944180897 ], [ -104.172860734993932, 19.039611094339051 ], [ -104.172272429856946, 19.038478845888658 ], [ -104.171685532825322, 19.037064198852661 ], [ -104.171100046538299, 19.035367153227991 ], [ -104.170545667600891, 19.033387842320771 ], [ -104.170022397283105, 19.031126266296916 ], [ -104.169658113772101, 19.029243393901382 ], [ -104.169422070997555, 19.027883101963415 ], [ -104.16899393556605, 19.026073527996932 ], [ -104.168629133058104, 19.024681207295384 ], [ -104.168369206374351, 19.023211540241672 ], [ -104.168372577975006, 19.022533787259686 ], [ -104.1686136256846, 19.021828863191782 ], [ -104.169092346403474, 19.021096766982833 ], [ -104.169808736838476, 19.020337496651827 ], [ -104.170762793502803, 19.019551049292101 ], [ -104.17127202932457, 19.018649641406483 ], [ -104.17133645021606, 19.017633276872065 ], [ -104.171255912022701, 19.017393746543501 ], [ -104.171604650729492, 19.017436796346598 ], [ -104.171129871254919, 19.017378187363509 ], [ -104.17071573492106, 19.017065685901827 ], [ -104.170362243197474, 19.016499292402504 ], [ -104.170067995548919, 19.015961404618196 ], [ -104.169832991252818, 19.015452022809331 ], [ -104.169657229648976, 19.014971147181388 ], [ -104.169540710139614, 19.014518777884913 ], [ -104.169660594457952, 19.014293393373759 ], [ -104.169779357032752, 19.014293926720974 ], [ -104.170016882194233, 19.014294993186599 ], [ -104.17060957486315, 19.014523576011847 ], [ -104.1714386759039, 19.014979139687444 ], [ -104.17200224150541, 19.015094626100236 ], [ -104.172300267606943, 19.014870037540042 ], [ -104.172332753348925, 19.014305375238344 ], [ -104.172099701072668, 19.013400639368008 ], [ -104.171835982068202, 19.012693448576357 ], [ -104.171541595900521, 19.012183802756304 ], [ -104.171216541888711, 19.011871701764715 ], [ -104.170860819105854, 19.011757145422415 ], [ -104.170594727447138, 19.011530028938019 ], [ -104.170418267049186, 19.011190352696882 ], [ -104.17033143768252, 19.010738116936185 ] ], [ [ -104.189972334312159, 19.013705729846787 ], [ -104.188188700265371, 19.014149754431898 ], [ -104.186850282461293, 19.014623960654237 ], [ -104.185957083554442, 19.01512835829287 ], [ -104.185509106812546, 19.01566295392843 ], [ -104.185506356117386, 19.01622775094275 ], [ -104.185414669267033, 19.016763915596961 ], [ -104.185234045469841, 19.017271447733489 ], [ -104.184964484030203, 19.017750347069491 ], [ -104.184605984348593, 19.018200613196861 ], [ -104.184011190783735, 19.018395671629456 ], [ -104.183180105363405, 19.018335520172833 ], [ -104.182112732268905, 19.018020155786505 ], [ -104.180809077834809, 19.017449574584404 ], [ -104.179504878374544, 19.016991943707602 ], [ -104.178200131288818, 19.016647263062605 ], [ -104.176894833966912, 19.016415532551356 ], [ -104.175588983786497, 19.016296752071305 ], [ -104.174550215579018, 19.016207395563701 ], [ -104.173778528182098, 19.016147467495323 ], [ -104.173273920762711, 19.016116971185504 ], [ -104.173036392817494, 19.016115908806224 ], [ -104.172827857490503, 19.016256177773883 ], [ -104.172648314306997, 19.016537778162981 ], [ -104.172497762924692, 19.016960710033523 ], [ -104.172494868654383, 19.016974144878009 ], [ -104.172376203133908, 19.017524973431041 ], [ -104.172697777063149, 19.018543066516866 ], [ -104.17346249517604, 19.020014987235591 ], [ -104.174670375134838, 19.021940730550217 ], [ -104.175548317531124, 19.023206052706186 ], [ -104.176321441803864, 19.024320288439412 ], [ -104.177678543336015, 19.026105476529306 ], [ -104.178422720872007, 19.026939054071647 ], [ -104.178741656359591, 19.027296300734925 ], [ -104.179510763565489, 19.027892765694208 ], [ -104.179985853711159, 19.027894874765796 ], [ -104.180373941907163, 19.027472990808189 ], [ -104.180675025702556, 19.026627114226152 ], [ -104.180889103842375, 19.025357245293595 ], [ -104.181016176267647, 19.023663384153441 ], [ -104.18120083155894, 19.022336903037409 ], [ -104.181443069932897, 19.021377801923553 ], [ -104.181742892267081, 19.020786080721262 ], [ -104.182100300100046, 19.020561739271223 ], [ -104.182694827361843, 19.020423167039741 ], [ -104.183526474481368, 19.020370361754427 ], [ -104.184595242649436, 19.020403320255099 ], [ -104.18590113381866, 19.020522038493652 ], [ -104.186999595873971, 19.02055511392032 ], [ -104.187890626853502, 19.020502550167244 ], [ -104.188574225456662, 19.020364350189624 ], [ -104.189050391044006, 19.020140516265606 ], [ -104.189587718354048, 19.019549823157259 ], [ -104.190186203063746, 19.018592270106343 ], [ -104.190845839948963, 19.017267856221142 ], [ -104.191566622885219, 19.015576580476587 ], [ -104.191661292033402, 19.014419134198576 ], [ -104.191129861715496, 19.013795519062544 ], [ -104.189972334312159, 19.013705729846787 ] ] ] ] } },
{ "type": "Feature", "properties": { "VULNERABIL": 4.0, "fid": 11, "cat": 15 }, "geometry": { "type": "MultiPolygon", "coordinates": [ [ [ [ -104.10651359259974, 19.004832295243709 ], [ -104.106498959457156, 19.004792688512655 ], [ -104.106321912523086, 19.004054017149613 ], [ -104.106092371529996, 19.003096322133306 ], [ -104.105718194813647, 19.00089179090261 ], [ -104.105376430515349, 18.99817909474633 ], [ -104.105031052521326, 18.996144141241277 ], [ -104.104870802173281, 18.995424343695234 ], [ -104.104769122261814, 18.994967627365753 ], [ -104.104632237726477, 18.994547807031125 ], [ -104.10457561080176, 18.994417823445083 ], [ -104.104453609376975, 18.994095716995997 ], [ -104.104415747155954, 18.993899167829639 ], [ -104.104392959795419, 18.993599735368395 ], [ -104.104393347528415, 18.993260570862141 ], [ -104.104365020490505, 18.993006273304161 ], [ -104.10430655407086, 18.992836550018918 ], [ -104.104247928049304, 18.992780211155441 ], [ -104.104142819358003, 18.992759443836455 ], [ -104.103903222184954, 18.992726922471057 ], [ -104.103748918287764, 18.992727297747475 ], [ -104.103728065377808, 18.992265522308248 ], [ -104.104829415607767, 18.992381719147872 ], [ -104.10570377214016, 18.992476186635663 ], [ -104.106890620785364, 18.992594878520112 ], [ -104.107752275985831, 18.992457834568331 ], [ -104.108288734357714, 18.992065059183201 ], [ -104.108499995522237, 18.991416555154174 ], [ -104.108644668395527, 18.992123254040035 ], [ -104.108820080718687, 18.992632420282135 ], [ -104.108994673190182, 18.992896346963555 ], [ -104.110360019270075, 18.993345831909092 ], [ -104.111128269716673, 18.994027285853608 ], [ -104.111245470023974, 18.994765209647287 ], [ -104.110973539377667, 18.995212626198086 ], [ -104.110611897505464, 18.996227531242948 ], [ -104.110338562123061, 18.997384060328482 ], [ -104.110153534216721, 18.998682213840009 ], [ -104.110056815210598, 19.00012199204831 ], [ -104.110048406966939, 19.001703395109633 ], [ -104.110308092654321, 19.003116647258608 ], [ -104.110835878525805, 19.004361747687064 ], [ -104.111631769248362, 19.005438694345521 ], [ -104.112695767902096, 19.006347483943049 ], [ -104.113968647658126, 19.007059588129891 ], [ -104.115450407000893, 19.007575002562529 ], [ -104.117141042940901, 19.007893722117522 ], [ -104.119040551014294, 19.008015740891906 ], [ -104.12088187142291, 19.007911542789479 ], [ -104.122664996707982, 19.007581129244503 ], [ -104.124389919845186, 19.007024501640206 ], [ -104.126056634245103, 19.006241661308607 ], [ -104.12748655976965, 19.005316487669344 ], [ -104.128679696350602, 19.00424898618564 ], [ -104.129636045153333, 19.003039161452428 ], [ -104.129995828363136, 19.00236308975666 ], [ -104.130355608576323, 19.001687017196282 ], [ -104.130356279332432, 19.001557922372427 ], [ -104.13065630316639, 19.000954185755052 ], [ -104.131015491064844, 19.0003910695876 ], [ -104.131313835407781, 19.000110068847945 ], [ -104.13155133805995, 19.000111183928226 ], [ -104.13205544553459, 19.000226510501374 ], [ -104.132826159500297, 19.00045604644643 ], [ -104.133863482757619, 19.000799788528671 ], [ -104.135167419238797, 19.001257732399356 ], [ -104.136172732675419, 19.002053155649104 ], [ -104.136879424467608, 19.003186063132969 ], [ -104.137287492376927, 19.004656458080298 ], [ -104.137396930525227, 19.006464342094887 ], [ -104.137538097489085, 19.007877010878744 ], [ -104.137710993512712, 19.008894464530233 ], [ -104.137915618268693, 19.009516703063582 ], [ -104.138151970858075, 19.009743726408907 ], [ -104.138448866803941, 19.00974510991259 ], [ -104.138806304919328, 19.009520853235685 ], [ -104.139224283490037, 19.0090709559442 ], [ -104.139702800274762, 19.008395417509092 ], [ -104.14012106384321, 19.007889038837902 ], [ -104.140479076060544, 19.007551820438586 ], [ -104.140776838406495, 19.00738376273657 ], [ -104.1410143519754, 19.007384866074755 ], [ -104.141111938324585, 19.007303165917804 ], [ -104.141432753945594, 19.006850244566856 ], [ -104.141732976541107, 19.006202112658283 ], [ -104.141800452299975, 19.005981556142149 ], [ -104.141974542959915, 19.005412506833832 ], [ -104.142274615929949, 19.004792613334285 ], [ -104.142402680396373, 19.004631834348366 ], [ -104.142556357427424, 19.004438899431797 ], [ -104.142633195808529, 19.004342431918907 ], [ -104.143050283288815, 19.00406196229623 ], [ -104.143525879400016, 19.003951204123979 ], [ -104.143882287174037, 19.003924613848557 ], [ -104.144119507177379, 19.003982192183109 ], [ -104.144237539621301, 19.004123939593928 ], [ -104.144236384361875, 19.004349856300493 ], [ -104.144437921273962, 19.004524081122927 ], [ -104.145125602396419, 19.004636370895323 ], [ -104.146666537244982, 19.005208291935645 ], [ -104.147969971359416, 19.005779106501269 ], [ -104.149035902066458, 19.006348819517573 ], [ -104.149864326742218, 19.006917434995774 ], [ -104.150455242811773, 19.007484956032751 ], [ -104.150809221065103, 19.007938426309618 ], [ -104.150926258832925, 19.008277847100413 ], [ -104.1508063544442, 19.008503218802016 ], [ -104.150449507226156, 19.008614540933973 ], [ -104.149974188490475, 19.008668837284553 ], [ -104.149796051527574, 19.008668018385983 ], [ -104.14955882268174, 19.00861044702604 ], [ -104.148371818624128, 19.00849202338798 ], [ -104.147920481472966, 19.00850124046136 ], [ -104.147243475742115, 19.008515064002129 ], [ -104.146173791148868, 19.008679569830456 ], [ -104.145162762241924, 19.008985541784 ], [ -104.144210386703065, 19.009432980722998 ], [ -104.143258440085475, 19.009795695843302 ], [ -104.142306923862122, 19.010073687217989 ], [ -104.141355839499155, 19.01026695491797 ], [ -104.140405188455887, 19.010375499011925 ], [ -104.139661638382279, 19.010626202918495 ], [ -104.13912518817709, 19.011019069086792 ], [ -104.138795837809496, 19.011554099305155 ], [ -104.138469954773456, 19.012351203368862 ], [ -104.138224906150953, 19.012943736419885 ], [ -104.138118308286394, 19.013336004993835 ], [ -104.138016645854023, 19.013923751743192 ], [ -104.137900248153429, 19.014448312067813 ], [ -104.137669865967425, 19.014969479875706 ], [ -104.137483682397345, 19.015326128200115 ], [ -104.136989672681864, 19.016346509555646 ], [ -104.13636120830536, 19.017303740463639 ], [ -104.135704505120614, 19.017978435202465 ], [ -104.134860824273758, 19.01853693715076 ], [ -104.134157676484904, 19.018816359191757 ], [ -104.133332359136318, 19.019097643117608 ], [ -104.133123240059447, 19.018612476054997 ], [ -104.132985267501027, 19.018239616032879 ], [ -104.133138776983387, 19.017863316303178 ], [ -104.133228563511807, 19.017404763270278 ], [ -104.133245896456273, 19.017127544291327 ], [ -104.133236043396934, 19.016807736536375 ], [ -104.133186199318672, 19.016553531737269 ], [ -104.13310642342752, 19.016146674692365 ], [ -104.132956710089502, 19.01536747296943 ], [ -104.132754294275756, 19.014321637713515 ], [ -104.132462370780601, 19.013360102722533 ], [ -104.132080940788725, 19.012482867642319 ], [ -104.131610005214199, 19.011689931975688 ], [ -104.131433038927, 19.011463179497191 ], [ -104.130984228895272, 19.011032054688854 ], [ -104.130624517988636, 19.010819156631829 ], [ -104.130251634799379, 19.010688197363653 ], [ -104.129538179321528, 19.010437623484936 ], [ -104.127521051158496, 19.010089235311771 ], [ -104.124790793642944, 19.009850412072403 ], [ -104.121561343943995, 19.009729156763466 ], [ -104.121347405889622, 19.009721122091822 ], [ -104.119855710112461, 19.009618494750676 ], [ -104.118743409134325, 19.009541961542624 ], [ -104.118260745704603, 19.009508749206827 ], [ -104.115530815524522, 19.009213311409649 ], [ -104.113157616804088, 19.00883482458303 ], [ -104.111141150017815, 19.008373302499649 ], [ -104.109510953389247, 19.007857139097627 ], [ -104.108267024457774, 19.007286344504756 ], [ -104.10740936011122, 19.006660926395487 ], [ -104.106937956587061, 19.005980889991125 ], [ -104.106557130214924, 19.005018889753032 ], [ -104.10651359259974, 19.004832295243709 ] ] ] ] } },
{ "type": "Feature", "properties": { "VULNERABIL": 5.0, "fid": 12, "cat": 8 }, "geometry": { "type": "MultiPolygon", "coordinates": [ [ [ [ -104.174670375134838, 19.021940730550217 ], [ -104.17346249517604, 19.020014987235591 ], [ -104.172697777063149, 19.018543066516866 ], [ -104.172376203133908, 19.017524973431041 ], [ -104.172497762924692, 19.016960710033523 ], [ -104.172648314306997, 19.016537778162981 ], [ -104.172827857490503, 19.016256177773883 ], [ -104.173036392817494, 19.016115908806224 ], [ -104.173273920762711, 19.016116971185504 ], [ -104.173778528182098, 19.016147467495323 ], [ -104.174550215579018, 19.016207395563701 ], [ -104.175588983786497, 19.016296752071305 ], [ -104.176894833966912, 19.016415532551356 ], [ -104.178200131288818, 19.016647263062605 ], [ -104.179504878374544, 19.016991943707602 ], [ -104.180809077834809, 19.017449574584404 ], [ -104.182112732268905, 19.018020155786505 ], [ -104.183180105363405, 19.018335520172833 ], [ -104.184011190783735, 19.018395671629456 ], [ -104.184605984348593, 19.018200613196861 ], [ -104.184964484030203, 19.017750347069491 ], [ -104.185234045469841, 19.017271447733489 ], [ -104.185414669267033, 19.016763915596961 ], [ -104.185506356117386, 19.01622775094275 ], [ -104.185509106812546, 19.01566295392843 ], [ -104.185957083554442, 19.01512835829287 ], [ -104.186850282461293, 19.014623960654237 ], [ -104.188188700265371, 19.014149754431898 ], [ -104.189972334312159, 19.013705729846787 ], [ -104.191129861715496, 19.013795519062544 ], [ -104.191661292033402, 19.014419134198576 ], [ -104.191566622885219, 19.015576580476587 ], [ -104.190845839948963, 19.017267856221142 ], [ -104.190186203063746, 19.018592270106343 ], [ -104.189587718354048, 19.019549823157259 ], [ -104.189050391044006, 19.020140516265606 ], [ -104.188574225456662, 19.020364350189624 ], [ -104.187890626853502, 19.020502550167244 ], [ -104.186999595873971, 19.02055511392032 ], [ -104.18590113381866, 19.020522038493652 ], [ -104.184595242649436, 19.020403320255099 ], [ -104.183526474481368, 19.020370361754427 ], [ -104.182694827361843, 19.020423167039741 ], [ -104.182100300100046, 19.020561739271223 ], [ -104.181742892267081, 19.020786080721262 ], [ -104.181443069932897, 19.021377801923553 ], [ -104.18120083155894, 19.022336903037409 ], [ -104.181016176267647, 19.023663384153441 ], [ -104.180889103842375, 19.025357245293595 ], [ -104.180675025702556, 19.026627114226152 ], [ -104.180373941907163, 19.027472990808189 ], [ -104.179985853711159, 19.027894874765796 ], [ -104.179510763565489, 19.027892765694208 ], [ -104.178741656359591, 19.027296300734925 ], [ -104.177678543336015, 19.026105476529306 ], [ -104.176321441803864, 19.024320288439412 ], [ -104.174670375134838, 19.021940730550217 ] ] ] ] } },
{ "type": "Feature", "properties": { "VULNERABIL": 1.0, "fid": 13, "cat": 7 }, "geometry": { "type": "MultiPolygon", "coordinates": [ [ [ [ -104.128071355785195, 19.024127171999723 ], [ -104.128335197449871, 19.02477793903666 ], [ -104.12856861262992, 19.025569762744524 ], [ -104.128713246882128, 19.02630468736908 ], [ -104.128769098911505, 19.026982713079594 ], [ -104.128736167607329, 19.027603839923572 ], [ -104.128614452043323, 19.028168067826726 ], [ -104.128315609330102, 19.028533779377064 ], [ -104.127839639465193, 19.028700973734335 ], [ -104.127186543700006, 19.028669649586572 ], [ -104.126356324539969, 19.028439805150185 ], [ -104.125645322140386, 19.028125801030701 ], [ -104.125053536821611, 19.02772763861233 ], [ -104.124580968548202, 19.027245319031756 ], [ -104.124227616929005, 19.026678843178146 ], [ -104.123873527514192, 19.026253563554743 ], [ -104.123518699459794, 19.025969480140823 ], [ -104.123163131902302, 19.025826592909095 ], [ -104.122806823958641, 19.025824901825665 ], [ -104.122482135729996, 19.025456239383157 ], [ -104.122189069030711, 19.024720605782441 ], [ -104.121927625151628, 19.023618001148311 ], [ -104.121697804860062, 19.022148425529458 ], [ -104.121615999974907, 19.020764273255498 ], [ -104.121682206779369, 19.019465544408003 ], [ -104.121896422021138, 19.018252238728813 ], [ -104.12225864291203, 19.017124355620137 ], [ -104.122619377062051, 19.016278865369312 ], [ -104.122978626511653, 19.015715768135973 ], [ -104.123336393222388, 19.015435064053495 ], [ -104.123692679077067, 19.015436753229007 ], [ -104.124048373336748, 19.015551399329244 ], [ -104.124403476710583, 19.015779002382342 ], [ -104.124757989895201, 19.016119562412218 ], [ -104.125111913574699, 19.016573079438579 ], [ -104.125434966861917, 19.017252370643472 ], [ -104.125727150560365, 19.018157436176917 ], [ -104.125988465183795, 19.019288276147126 ], [ -104.126218910956226, 19.020644890620471 ], [ -104.12648052718032, 19.021719251079386 ], [ -104.126719754731269, 19.02236645998245 ], [ -104.126805073618385, 19.022561342990659 ], [ -104.127097268695323, 19.023021209643073 ], [ -104.127452391895829, 19.023248807457641 ], [ -104.12777708740164, 19.023617461520359 ], [ -104.128071355785195, 19.024127171999723 ] ] ] ] } },
{ "type": "Feature", "properties": { "VULNERABIL": 4.0, "fid": 14, "cat": 18 }, "geometry": { "type": "MultiPolygon", "coordinates": [ ] } },
{ "type": "Feature", "properties": { "VULNERABIL": 4.0, "fid": 15, "cat": 12 }, "geometry": { "type": "MultiPolygon", "coordinates": [ [ [ [ -104.147178130010403, 19.018996799636948 ], [ -104.147134813493082, 19.019019906762018 ], [ -104.147098860097515, 19.019053054123191 ], [ -104.147080703718188, 19.01908219038269 ], [ -104.147065125398484, 19.019117602328965 ], [ -104.147009496122152, 19.019244056361128 ], [ -104.146947834064235, 19.019333138859189 ], [ -104.146893007874723, 19.019395547265887 ], [ -104.146830773171018, 19.019440018885476 ], [ -104.146766249617414, 19.019479925337475 ], [ -104.146623122790317, 19.019535938753091 ], [ -104.146555358760722, 19.019559087611118 ], [ -104.146488559029038, 19.019573942814741 ], [ -104.14639128730721, 19.019591094768113 ], [ -104.146184722417416, 19.019623164203054 ], [ -104.145656198754907, 19.019677248741903 ], [ -104.145196545149147, 19.019710218783988 ], [ -104.144607615331395, 19.01977909097057 ], [ -104.144221480649051, 19.01981661344988 ], [ -104.143891279683231, 19.019823905441914 ], [ -104.143527057363883, 19.019822218282538 ], [ -104.143046550183215, 19.01977039544623 ], [ -104.142613835410359, 19.019705023886864 ], [ -104.141902401389515, 19.019475800867596 ], [ -104.141250787135846, 19.019162132514744 ], [ -104.140658993251947, 19.018764019478215 ], [ -104.140127020155873, 19.01828146234044 ], [ -104.139654868081408, 19.017714461616354 ], [ -104.139272227978907, 19.017063156001221 ], [ -104.1389790993139, 19.01632754601502 ], [ -104.138775481281158, 19.01550763203468 ], [ -104.13866137280489, 19.014603414294115 ], [ -104.138564283791212, 19.013902994081505 ], [ -104.138495681421176, 19.01340808240414 ], [ -104.139113373542386, 19.013552534518087 ], [ -104.13973458700363, 19.013761205218675 ], [ -104.140564174747624, 19.014103945876943 ], [ -104.141333950173163, 19.014531125757607 ], [ -104.142043913927296, 19.015042745623994 ], [ -104.142694066472956, 19.015638806171907 ], [ -104.143284408089002, 19.016319308029725 ], [ -104.143781015883818, 19.016750860089783 ], [ -104.144438015239032, 19.017171857195667 ], [ -104.145237939128933, 19.017514440374882 ], [ -104.145949946962787, 19.01763069221499 ], [ -104.1465132122363, 19.017802735100663 ], [ -104.146927734987926, 19.018030570392757 ], [ -104.147193514971462, 19.018314199080397 ], [ -104.147265698723032, 19.018415788364585 ], [ -104.147324330884217, 19.018520307296615 ], [ -104.14736939541443, 19.018619522195799 ], [ -104.147414035307634, 19.018747376181327 ], [ -104.147456250655495, 19.018928109477383 ], [ -104.147481235171824, 19.01911273450439 ], [ -104.14739782125362, 19.019036481983747 ], [ -104.147338536891951, 19.019001221301853 ], [ -104.147270661195918, 19.018981046884704 ], [ -104.14723068768717, 19.018982087691178 ], [ -104.147178130010403, 19.018996799636948 ] ] ] ] } },
{ "type": "Feature", "properties": { "VULNERABIL": 5.0, "fid": 16, "cat": 14 }, "geometry": { "type": "MultiPolygon", "coordinates": [ [ [ [ -104.147414035307634, 19.018747376181327 ], [ -104.14736939541443, 19.018619522195799 ], [ -104.147324330884217, 19.018520307296615 ], [ -104.147265698723032, 19.018415788364585 ], [ -104.147193514971462, 19.018314199080397 ], [ -104.146927734987926, 19.018030570392757 ], [ -104.1465132122363, 19.017802735100663 ], [ -104.145949946962787, 19.01763069221499 ], [ -104.145237939128933, 19.017514440374882 ], [ -104.144438015239032, 19.017171857195667 ], [ -104.143781015883818, 19.016750860089783 ], [ -104.143284408089002, 19.016319308029725 ], [ -104.142694066472956, 19.015638806171907 ], [ -104.142043913927296, 19.015042745623994 ], [ -104.141333950173163, 19.014531125757607 ], [ -104.140564174747624, 19.014103945876943 ], [ -104.13973458700363, 19.013761205218675 ], [ -104.139113373542386, 19.013552534518087 ], [ -104.138495681421176, 19.01340808240414 ], [ -104.138118308286394, 19.013336004993835 ], [ -104.138224906150953, 19.012943736419885 ], [ -104.138469954773456, 19.012351203368862 ], [ -104.138795837809496, 19.011554099305155 ], [ -104.13912518817709, 19.011019069086792 ], [ -104.139661638382279, 19.010626202918495 ], [ -104.140405188455887, 19.010375499011925 ], [ -104.141355839499155, 19.01026695491797 ], [ -104.142306923862122, 19.010073687217989 ], [ -104.143258440085475, 19.009795695843302 ], [ -104.144210386703065, 19.009432980722998 ], [ -104.145162762241924, 19.008985541784 ], [ -104.146173791148868, 19.008679569830456 ], [ -104.147243475742115, 19.008515064002129 ], [ -104.147920481472966, 19.00850124046136 ], [ -104.148371818624128, 19.00849202338798 ], [ -104.14955882268174, 19.00861044702604 ], [ -104.149796051527574, 19.008668018385983 ], [ -104.150507739118268, 19.008840730675672 ], [ -104.151218568676128, 19.0091828780299 ], [ -104.151691311172826, 19.009636891820843 ], [ -104.151747181113166, 19.009771625654658 ], [ -104.151925965500567, 19.010202773819874 ], [ -104.152070979139808, 19.010881205634192 ], [ -104.152125589659846, 19.011692265904006 ], [ -104.152092080523232, 19.012575719181907 ], [ -104.151968165437225, 19.013591800780659 ], [ -104.151725772789135, 19.014550858027587 ], [ -104.151364900850538, 19.01545289040455 ], [ -104.150885548142554, 19.016297897173882 ], [ -104.150287713435915, 19.017085877378356 ], [ -104.149805397088372, 19.017635756633368 ], [ -104.149720282107026, 19.017732794002136 ], [ -104.14918325600317, 19.018238647423992 ], [ -104.148676636803216, 19.018603437995438 ], [ -104.148200426017482, 19.01882716604069 ], [ -104.148021702766115, 19.018939303298591 ], [ -104.147893782071094, 19.019023454542904 ], [ -104.147808886847031, 19.019087906963275 ], [ -104.147573049499044, 19.019266954584158 ], [ -104.147540867215952, 19.019190129285072 ], [ -104.147481235171824, 19.01911273450439 ], [ -104.147456250655495, 19.018928109477383 ], [ -104.147414035307634, 19.018747376181327 ] ] ] ] } },
{ "type": "Feature", "properties": { "VULNERABIL": 3.0, "fid": 17, "cat": 16 }, "geometry": { "type": "MultiPolygon", "coordinates": [ [ [ [ -104.132545083935739, 19.017073354024792 ], [ -104.132440021877144, 19.016885428877149 ], [ -104.132280456177966, 19.016662428435748 ], [ -104.131997736591359, 19.016376561124517 ], [ -104.131735292591941, 19.016152464681255 ], [ -104.13105475467745, 19.015697424812046 ], [ -104.130225767985806, 19.015241684194713 ], [ -104.12942574136656, 19.014927277057307 ], [ -104.128654672646491, 19.01475420370285 ], [ -104.127912559784093, 19.014722464420018 ], [ -104.1271994008695, 19.014832059483208 ], [ -104.12663543059216, 19.014801155994963 ], [ -104.126220650227097, 19.014629755372944 ], [ -104.125955060297485, 19.014317858637217 ], [ -104.125838660574715, 19.013865466410188 ], [ -104.125517451645564, 19.01335049071178 ], [ -104.125160511917301, 19.012958575041907 ], [ -104.124598765477955, 19.012504074363932 ], [ -104.123888572661016, 19.012048868736642 ], [ -104.123326684797917, 19.011622603820157 ], [ -104.122913100412831, 19.011225280913493 ], [ -104.122545944850728, 19.010802059753793 ], [ -104.122070956118606, 19.010303423627757 ], [ -104.121801576678436, 19.010066268511313 ], [ -104.121347405889622, 19.009721122091822 ], [ -104.121561343943995, 19.009729156763466 ], [ -104.124790793642944, 19.009850412072403 ], [ -104.127521051158496, 19.010089235311771 ], [ -104.129538179321528, 19.010437623484936 ], [ -104.130251634799379, 19.010688197363653 ], [ -104.130624517988636, 19.010819156631829 ], [ -104.130984228895272, 19.011032054688854 ], [ -104.131433038927, 19.011463179497191 ], [ -104.131610005214199, 19.011689931975688 ], [ -104.132080940788725, 19.012482867642319 ], [ -104.132462370780601, 19.013360102722533 ], [ -104.132754294275756, 19.014321637713515 ], [ -104.132956710089502, 19.01536747296943 ], [ -104.13310642342752, 19.016146674692365 ], [ -104.133186199318672, 19.016553531737269 ], [ -104.133236043396934, 19.016807736536375 ], [ -104.133245896456273, 19.017127544291327 ], [ -104.133228563511807, 19.017404763270278 ], [ -104.133138776983387, 19.017863316303178 ], [ -104.132985267501027, 19.018239616032879 ], [ -104.132868860379574, 19.017858027880163 ], [ -104.132798907637849, 19.017643032950815 ], [ -104.13268236828182, 19.017350105184931 ], [ -104.132545083935739, 19.017073354024792 ] ] ] ] } },
{ "type": "Feature", "properties": { "VULNERABIL": 1.0, "fid": 18, "cat": 19 }, "geometry": { "type": "MultiPolygon", "coordinates": [ [ [ [ -104.098475835451879, 18.989560634479904 ], [ -104.099010785669407, 18.989450279282075 ], [ -104.099189264272994, 18.989383371954947 ], [ -104.099605713819216, 18.989227254164149 ], [ -104.100260618466763, 18.988891558480177 ], [ -104.100557032357642, 18.988705650581949 ], [ -104.101271898559375, 18.988529351076611 ], [ -104.102102185376694, 18.988702821036416 ], [ -104.102390287410955, 18.988967112934187 ], [ -104.102751183575606, 18.989468449708973 ], [ -104.103047588999203, 18.990183905474701 ], [ -104.103257943584026, 18.990651963542113 ], [ -104.103391339794214, 18.991028552322149 ], [ -104.103553036110029, 18.991498657387989 ], [ -104.103625958337176, 18.9917683519874 ], [ -104.103728065377808, 18.992265522308248 ], [ -104.103748918287764, 18.992727297747475 ], [ -104.103733243531153, 18.993079223347653 ], [ -104.10367737526586, 18.993670786314599 ], [ -104.103632269787283, 18.994072635123679 ], [ -104.103621549522416, 18.994168142937983 ], [ -104.103555174026255, 18.994555554454198 ], [ -104.103519864095873, 18.994813578054835 ], [ -104.103308001854657, 18.996361719274095 ], [ -104.102855131379229, 18.997771525502952 ], [ -104.102196561142904, 18.998784971727204 ], [ -104.101332292514755, 18.999402055916889 ], [ -104.100262329690494, 18.999622775425987 ], [ -104.099370185586025, 18.999900834399188 ], [ -104.098655860040367, 19.000236235402884 ], [ -104.098119353278562, 19.000628980504754 ], [ -104.097760665911807, 19.001079071273768 ], [ -104.097313674671398, 19.001387530456199 ], [ -104.096778380269015, 19.001554357452545 ], [ -104.096154783854175, 19.001579551548978 ], [ -104.095442887014173, 19.001463111917442 ], [ -104.095025883911305, 19.001715232065553 ], [ -104.094903772955419, 19.002335913899163 ], [ -104.095076556406127, 19.003325158031835 ], [ -104.09554424037357, 19.004682963784713 ], [ -104.095804874274791, 19.00589855649811 ], [ -104.095858453034523, 19.006971936888061 ], [ -104.095704972648093, 19.007903105012527 ], [ -104.09534443018164, 19.008692060271191 ], [ -104.094776976569534, 19.009310562209144 ], [ -104.094002611425239, 19.009758608931683 ], [ -104.093021335635427, 19.01003619789256 ], [ -104.091833151360362, 19.010143325894131 ], [ -104.09085325142361, 19.010166750624233 ], [ -104.090845042758303, 19.010166109415913 ], [ -104.090823562136237, 19.010166604651094 ], [ -104.09010743298272, 19.010114409292658 ], [ -104.090087208761673, 19.010106910695477 ], [ -104.090081637233155, 19.010106475460105 ], [ -104.089518309597977, 19.009962503046822 ], [ -104.088818987951171, 19.00963668193592 ], [ -104.088243563895119, 19.009423324808804 ], [ -104.088244596676162, 19.009419669017653 ], [ -104.088187373129031, 19.009024028214768 ], [ -104.087921557130187, 19.008768558217028 ], [ -104.088277825331346, 19.008770315046903 ], [ -104.08851595288121, 19.0086585292904 ], [ -104.088635939500151, 19.008433201389558 ], [ -104.088637323920793, 19.008179049030502 ], [ -104.088637785389466, 19.008094331575911 ], [ -104.088669166266712, 19.007783847208525 ], [ -104.088730081991429, 19.007501748268968 ], [ -104.088820532453212, 19.007248034725666 ], [ -104.088894210210881, 19.007109670267429 ], [ -104.088924335883334, 19.00700277508755 ], [ -104.088911196330741, 19.006917075133835 ], [ -104.088883977276254, 19.006825188292936 ], [ -104.08882807033612, 19.006701359965025 ], [ -104.088655150074814, 19.006266363663734 ], [ -104.088556727579075, 19.005987044203355 ], [ -104.088401352200876, 19.005454868365767 ], [ -104.088187762696293, 19.004357868584606 ], [ -104.088032194103363, 19.003511049897352 ], [ -104.087777291899457, 19.002555066069451 ], [ -104.087338748750511, 19.001310346362171 ], [ -104.086809916863743, 19.000291099400943 ], [ -104.086190795977387, 18.999497324464603 ], [ -104.085481385064057, 18.998929020652973 ], [ -104.085441904919435, 18.998909998879437 ], [ -104.085245430214428, 18.99864545496996 ], [ -104.084392069702091, 18.997257477885267 ], [ -104.083864194952739, 18.996068788447264 ], [ -104.083748538841178, 18.99550341744656 ], [ -104.083661797214191, 18.995079389147772 ], [ -104.083784870106982, 18.994289280845226 ], [ -104.083966387314248, 18.993668901213578 ], [ -104.084015791265571, 18.993576120135739 ], [ -104.084206348833987, 18.993218250110385 ], [ -104.084504754998321, 18.992937327343569 ], [ -104.084718865936807, 18.992870610625374 ], [ -104.084861606473368, 18.992826132671354 ], [ -104.085247526606196, 18.992828040719559 ], [ -104.085662516188108, 18.992943051339076 ], [ -104.086106576118283, 18.99317116436794 ], [ -104.086343141516963, 18.993341772142287 ], [ -104.086342833354621, 18.993398250499169 ], [ -104.086520334807844, 18.993512086555 ], [ -104.086875954427583, 18.993626801455221 ], [ -104.087409692633088, 18.99374239418832 ], [ -104.088121549872866, 18.993858863228585 ], [ -104.088655750925227, 18.993889734847617 ], [ -104.088965381146934, 18.993842211152437 ], [ -104.089012294803609, 18.993835010546697 ], [ -104.089191181083976, 18.993694691335811 ], [ -104.089191444404207, 18.993646281278668 ], [ -104.089371142066639, 18.993356697522884 ], [ -104.089492344015511, 18.992905454558578 ], [ -104.089671474508961, 18.992719952080805 ], [ -104.089790894616584, 18.992596283654702 ], [ -104.090266793723359, 18.992429183957544 ], [ -104.090920042099, 18.992404154134711 ], [ -104.091750641416311, 18.99252119237503 ], [ -104.092493407779543, 18.992411876383997 ], [ -104.09314833827915, 18.992076207093199 ], [ -104.093715430681755, 18.991514185322568 ], [ -104.094194683430288, 18.990725811780294 ], [ -104.094702243498674, 18.990191735237843 ], [ -104.095238113050968, 18.989911955590621 ], [ -104.095294531195705, 18.989909407380381 ], [ -104.095802294456348, 18.989886472710982 ], [ -104.096394790289281, 18.99011528644818 ], [ -104.096751019634553, 18.990117025313829 ], [ -104.097345952870953, 18.989894007699142 ], [ -104.097288407829865, 18.989554846823648 ], [ -104.096862395815052, 18.989281664380989 ], [ -104.097200264076037, 18.989384976788742 ], [ -104.098000864351405, 18.989558320331298 ], [ -104.098475835451879, 18.989560634479904 ] ] ] ] } },
{ "type": "Feature", "properties": { "VULNERABIL": 3.0, "fid": 19, "cat": 17 }, "geometry": { "type": "MultiPolygon", "coordinates": [ [ [ [ -104.08673738796837, 19.008141436179507 ], [ -104.086855064674936, 19.008339696567575 ], [ -104.08709165160775, 19.008510304038705 ], [ -104.087447149038326, 19.008653258148275 ], [ -104.087921557130187, 19.008768558217028 ], [ -104.088187373129031, 19.009024028214768 ], [ -104.088244596676162, 19.009419669017653 ], [ -104.088243563895119, 19.009423324808804 ], [ -104.088134316998023, 19.009810030582251 ], [ -104.087940470923087, 19.010242340634967 ], [ -104.087733259818179, 19.010631462763101 ], [ -104.087224688861184, 19.011334950290799 ], [ -104.086567511423922, 19.0120659420073 ], [ -104.085761725290013, 19.012824436226044 ], [ -104.084807328112305, 19.013610430895465 ], [ -104.083734626216796, 19.014311114371491 ], [ -104.082543619903149, 19.014926484619618 ], [ -104.081234309838123, 19.015456539390964 ], [ -104.08109409818438, 19.015500219404576 ], [ -104.079806697055531, 19.015901276222372 ], [ -104.078320786026367, 19.016148032322437 ], [ -104.076776581877709, 19.016196806512209 ], [ -104.075174090120967, 19.01604759756335 ], [ -104.073513316651514, 19.015700404198256 ], [ -104.072120387896263, 19.015241581547382 ], [ -104.070995304113012, 19.014671135675094 ], [ -104.070138064530056, 19.013989071431588 ], [ -104.069548667346766, 19.013195392452765 ], [ -104.069137569831426, 19.012374369712699 ], [ -104.06890476948449, 19.011526004290459 ], [ -104.068850263655392, 19.010650296741382 ], [ -104.068974049542646, 19.009747247097177 ], [ -104.069276124193948, 19.008816854866065 ], [ -104.069756484506087, 19.007859119032926 ], [ -104.07041512722509, 19.006874038059401 ], [ -104.071252048946079, 19.005861609884107 ], [ -104.071642302775231, 19.005519647220432 ], [ -104.072266150212513, 19.005019505140716 ], [ -104.072977117523848, 19.004350333507929 ], [ -104.073429135066604, 19.004363930173565 ], [ -104.073932441498187, 19.004350099885816 ], [ -104.074439932464102, 19.004352640114725 ], [ -104.074979250606617, 19.00436685414536 ], [ -104.075167845133777, 19.004390236267522 ], [ -104.075831857575238, 19.004472559563876 ], [ -104.076780632240414, 19.00470321653988 ], [ -104.077728787189656, 19.005046825051767 ], [ -104.078676324306286, 19.005503385177477 ], [ -104.079802929218275, 19.005791392480724 ], [ -104.080455764142116, 19.005851119182758 ], [ -104.081217353022453, 19.005873921091016 ], [ -104.082237070755681, 19.005859967075981 ], [ -104.083663353889463, 19.005641120086022 ], [ -104.084292794112415, 19.005509198875561 ], [ -104.084850451890262, 19.00541026992132 ], [ -104.085386826477077, 19.005367252035402 ], [ -104.086044974490306, 19.005541483811726 ], [ -104.08627792517278, 19.005603152935358 ], [ -104.086488669381751, 19.005652763737476 ], [ -104.08670771998834, 19.005695118999512 ], [ -104.086859235670843, 19.005841432768172 ], [ -104.087214490401834, 19.006171312161236 ], [ -104.087453018578358, 19.006399690202581 ], [ -104.087595120470752, 19.006516416757048 ], [ -104.08773047148054, 19.006606419389552 ], [ -104.08780460216343, 19.006644323063231 ], [ -104.087883352417521, 19.006679064368079 ], [ -104.088028648359497, 19.006723908943336 ], [ -104.088209203648603, 19.006760020001156 ], [ -104.088651763959263, 19.006848496079382 ], [ -104.088521983525936, 19.006924680518793 ], [ -104.088367456374499, 19.00698203512427 ], [ -104.088255739009213, 19.007011801205692 ], [ -104.088155943238959, 19.007041036992018 ], [ -104.087941266151304, 19.007093780627454 ], [ -104.087809850212437, 19.007118843621086 ], [ -104.087572110515396, 19.007180274068443 ], [ -104.087392598442904, 19.007257101550962 ], [ -104.087216569922006, 19.007381324615082 ], [ -104.087066044674955, 19.007502248635543 ], [ -104.086888298304146, 19.007690342988347 ], [ -104.08673862110858, 19.007915523084545 ], [ -104.08673738796837, 19.008141436179507 ] ] ] ] } },
{ "type": "Feature", "properties": { "VULNERABIL": 2.0, "fid": 20, "cat": 20 }, "geometry": { "type": "MultiPolygon", "coordinates": [ [ [ [ -104.088637785389466, 19.008094331575911 ], [ -104.088637323920793, 19.008179049030502 ], [ -104.088635939500151, 19.008433201389558 ], [ -104.08851595288121, 19.0086585292904 ], [ -104.088277825331346, 19.008770315046903 ], [ -104.087921557130187, 19.008768558217028 ], [ -104.087447149038326, 19.008653258148275 ], [ -104.08709165160775, 19.008510304038705 ], [ -104.086855064674936, 19.008339696567575 ], [ -104.08673738796837, 19.008141436179507 ], [ -104.08673862110858, 19.007915523084545 ], [ -104.086888298304146, 19.007690342988347 ], [ -104.087066044674955, 19.007502248635543 ], [ -104.087216569922006, 19.007381324615082 ], [ -104.087392598442904, 19.007257101550962 ], [ -104.087572110515396, 19.007180274068443 ], [ -104.087809850212437, 19.007118843621086 ], [ -104.087941266151304, 19.007093780627454 ], [ -104.088155943238959, 19.007041036992018 ], [ -104.088255739009213, 19.007011801205692 ], [ -104.088367456374499, 19.00698203512427 ], [ -104.088521983525936, 19.006924680518793 ], [ -104.088651763959263, 19.006848496079382 ], [ -104.08882807033612, 19.006701359965025 ], [ -104.088883977276254, 19.006825188292936 ], [ -104.088911196330741, 19.006917075133835 ], [ -104.088924335883334, 19.00700277508755 ], [ -104.088894210210881, 19.007109670267429 ], [ -104.088820532453212, 19.007248034725666 ], [ -104.088730081991429, 19.007501748268968 ], [ -104.088669166266712, 19.007783847208525 ], [ -104.088637785389466, 19.008094331575911 ] ] ] ] } },
{ "type": "Feature", "properties": { "VULNERABIL": 4.0, "fid": 21, "cat": 22 }, "geometry": { "type": "MultiPolygon", "coordinates": [ [ [ [ -104.086859235670843, 19.005841432768172 ], [ -104.08670771998834, 19.005695118999512 ], [ -104.086835189305759, 19.005717403937581 ], [ -104.087025802671505, 19.005737870363316 ], [ -104.087402530854391, 19.005761987108247 ], [ -104.087515182100319, 19.005769198644725 ], [ -104.087683929040296, 19.005773955945617 ], [ -104.087819325137787, 19.005788210800951 ], [ -104.087920230220064, 19.005812928658777 ], [ -104.087966673398896, 19.005829553965128 ], [ -104.088032315207414, 19.005862436799816 ], [ -104.088097924993676, 19.005904893695487 ], [ -104.088362141775193, 19.006088206627123 ], [ -104.088655150074814, 19.006266363663734 ], [ -104.08882807033612, 19.006701359965025 ], [ -104.088651763959263, 19.006848496079382 ], [ -104.088209203648603, 19.006760020001156 ], [ -104.088028648359497, 19.006723908943336 ], [ -104.087883352417521, 19.006679064368079 ], [ -104.08780460216343, 19.006644323063231 ], [ -104.08773047148054, 19.006606419389552 ], [ -104.087595120470752, 19.006516416757048 ], [ -104.087453018578358, 19.006399690202581 ], [ -104.087214490401834, 19.006171312161236 ], [ -104.086859235670843, 19.005841432768172 ] ] ] ] } },
{ "type": "Feature", "properties": { "VULNERABIL": 2.0, "fid": 22, "cat": 23 }, "geometry": { "type": "MultiPolygon", "coordinates": [ [ [ [ -104.087819325137787, 19.005788210800951 ], [ -104.087683929040296, 19.005773955945617 ], [ -104.087515182100319, 19.005769198644725 ], [ -104.087402530854391, 19.005761987108247 ], [ -104.087025802671505, 19.005737870363316 ], [ -104.086835189305759, 19.005717403937581 ], [ -104.08670771998834, 19.005695118999512 ], [ -104.086488669381751, 19.005652763737476 ], [ -104.08627792517278, 19.005603152935358 ], [ -104.086044974490306, 19.005541483811726 ], [ -104.085386826477077, 19.005367252035402 ], [ -104.084774465446245, 19.005081663713955 ], [ -104.084570919754839, 19.004976285197333 ], [ -104.084463361297964, 19.004904201936931 ], [ -104.084260732512078, 19.004739125189616 ], [ -104.084092642047437, 19.004577566227738 ], [ -104.083959448547347, 19.004415551901793 ], [ -104.083887976292857, 19.00430683517396 ], [ -104.083819270187078, 19.004137478826326 ], [ -104.08380314064155, 19.003958200899252 ], [ -104.08381170229697, 19.003831978285849 ], [ -104.083836306032822, 19.003710141721722 ], [ -104.083892193254286, 19.003553388090449 ], [ -104.084033217025322, 19.003157841709204 ], [ -104.084125371760834, 19.002593500090402 ], [ -104.084068468684379, 19.002141379963586 ], [ -104.083862508938211, 19.001801481253334 ], [ -104.083507493071082, 19.001573803494644 ], [ -104.083330449485402, 19.001375246982718 ], [ -104.083331377436338, 19.001205812199995 ], [ -104.08351027638804, 19.001065499122667 ], [ -104.083867146013645, 19.000954307220741 ], [ -104.084135725050629, 19.000701477998287 ], [ -104.084316013169584, 19.000307011816666 ], [ -104.084408010478654, 18.999770908923182 ], [ -104.084411717523452, 18.999093169451104 ], [ -104.084591848672844, 18.998726941981111 ], [ -104.084948403893279, 18.998672226027882 ], [ -104.085441904919435, 18.998909998879437 ], [ -104.085481385064057, 18.998929020652973 ], [ -104.086190795977387, 18.999497324464603 ], [ -104.086809916863743, 19.000291099400943 ], [ -104.087338748750511, 19.001310346362171 ], [ -104.087777291899457, 19.002555066069451 ], [ -104.088032194103363, 19.003511049897352 ], [ -104.088187762696293, 19.004357868584606 ], [ -104.088401352200876, 19.005454868365767 ], [ -104.088556727579075, 19.005987044203355 ], [ -104.088655150074814, 19.006266363663734 ], [ -104.088362141775193, 19.006088206627123 ], [ -104.088097924993676, 19.005904893695487 ], [ -104.088032315207414, 19.005862436799816 ], [ -104.087966673398896, 19.005829553965128 ], [ -104.087920230220064, 19.005812928658777 ], [ -104.087819325137787, 19.005788210800951 ] ] ] ] } },
{ "type": "Feature", "properties": { "VULNERABIL": 4.0, "fid": 23, "cat": 25 }, "geometry": { "type": "MultiPolygon", "coordinates": [ ] } },
{ "type": "Feature", "properties": { "VULNERABIL": 4.0, "fid": 25, "cat": 24 }, "geometry": { "type": "MultiPolygon", "coordinates": [ [ [ [ -104.076084952586982, 19.001649839397128 ], [ -104.076859946692849, 19.001088911437435 ], [ -104.078349456346402, 19.000164422884577 ], [ -104.079778488667486, 18.999437299983498 ], [ -104.081147049554602, 18.998907544429606 ], [ -104.082455144448076, 18.998575157827588 ], [ -104.083435284777423, 18.998495296494827 ], [ -104.084087475222674, 18.998667965857269 ], [ -104.084411717523452, 18.999093169451104 ], [ -104.084408010478654, 18.999770908923182 ], [ -104.084316013169584, 19.000307011816666 ], [ -104.084135725050629, 19.000701477998287 ], [ -104.083867146013645, 19.000954307220741 ], [ -104.08351027638804, 19.001065499122667 ], [ -104.083331377436338, 19.001205812199995 ], [ -104.083330449485402, 19.001375246982718 ], [ -104.083507493071082, 19.001573803494644 ], [ -104.083862508938211, 19.001801481253334 ], [ -104.084068468684379, 19.002141379963586 ], [ -104.084125371760834, 19.002593500090402 ], [ -104.084033217025322, 19.003157841709204 ], [ -104.083892193254286, 19.003553388090449 ], [ -104.083836306032822, 19.003710141721722 ], [ -104.08381170229697, 19.003831978285849 ], [ -104.08380314064155, 19.003958200899252 ], [ -104.083819270187078, 19.004137478826326 ], [ -104.083887976292857, 19.00430683517396 ], [ -104.083959448547347, 19.004415551901793 ], [ -104.084092642047437, 19.004577566227738 ], [ -104.084260732512078, 19.004739125189616 ], [ -104.084408728837076, 19.004859694251586 ], [ -104.084463361297964, 19.004904201936931 ], [ -104.084570919754839, 19.004976285197333 ], [ -104.084774465446245, 19.005081663713955 ], [ -104.085386826477077, 19.005367252035402 ], [ -104.084850451890262, 19.00541026992132 ], [ -104.084292794112415, 19.005509198875561 ], [ -104.083663353889463, 19.005641120086022 ], [ -104.082237070755681, 19.005859967075981 ], [ -104.081217353022453, 19.005873921091016 ], [ -104.080455764142073, 19.005851119182747 ], [ -104.079802929218275, 19.005791392480724 ], [ -104.078676324306286, 19.005503385177477 ], [ -104.077728787189656, 19.005046825051767 ], [ -104.076780632240414, 19.00470321653988 ], [ -104.075831857575238, 19.004472559563876 ], [ -104.075167845133777, 19.004390236267522 ], [ -104.074979250606617, 19.00436685414536 ], [ -104.074439932464102, 19.004352640114725 ], [ -104.073932441498187, 19.004350099885816 ], [ -104.073429135066604, 19.004363930173565 ], [ -104.072977117523848, 19.004350333507929 ], [ -104.073818065087323, 19.003558811971324 ], [ -104.075206772431258, 19.002352292753198 ], [ -104.075765540656633, 19.001881022387906 ], [ -104.076084952586982, 19.001649839397128 ] ] ] ] } },
{ "type": "Feature", "properties": { "VULNERABIL": 5.0, "fid": 27, "cat": 21 }, "geometry": { "type": "MultiPolygon", "coordinates": [ [ [ [ -104.117819065911618, 18.991913053945844 ], [ -104.118531536460964, 18.991916448834512 ], [ -104.119272505308757, 18.992145897765443 ], [ -104.120041975546897, 18.992601400505631 ], [ -104.120839950458148, 18.993282956801611 ], [ -104.121666433516239, 18.994190566379405 ], [ -104.122819333140967, 18.99512796032819 ], [ -104.124298655680363, 18.996095132781548 ], [ -104.126104407906737, 18.997092076157607 ], [ -104.12823659701597, 18.998118781158428 ], [ -104.129655869040477, 18.999226830455523 ], [ -104.130362211095729, 19.00041623994472 ], [ -104.130355608576323, 19.001687017196282 ], [ -104.129636045153333, 19.003039161452428 ], [ -104.128679696350602, 19.00424898618564 ], [ -104.12748655976965, 19.005316487669344 ], [ -104.126056634245103, 19.006241661308607 ], [ -104.124389919845186, 19.007024501640206 ], [ -104.122664996707982, 19.007581129244503 ], [ -104.12088187142291, 19.007911542789479 ], [ -104.119040551014294, 19.008015740891906 ], [ -104.117141042940901, 19.007893722117522 ], [ -104.115450407000893, 19.007575002562529 ], [ -104.113968647658126, 19.007059588129891 ], [ -104.112695767902096, 19.006347483943049 ], [ -104.111631769248362, 19.005438694345521 ], [ -104.110835878525805, 19.004361747687064 ], [ -104.110308092654321, 19.003116647258608 ], [ -104.110048406966939, 19.001703395109633 ], [ -104.110056815210598, 19.00012199204831 ], [ -104.110153534216721, 18.998682213840009 ], [ -104.110338562123061, 18.997384060328482 ], [ -104.110611897505464, 18.996227531242948 ], [ -104.110973539377667, 18.995212626198086 ], [ -104.111245470023974, 18.994765209647287 ], [ -104.111128269716673, 18.994027285853608 ], [ -104.110360019270075, 18.993345831909092 ], [ -104.109867160454186, 18.993183579511932 ], [ -104.110004532177641, 18.993202922138856 ], [ -104.110509051613306, 18.99323358796898 ], [ -104.111102780565062, 18.993236440874096 ], [ -104.111757230676218, 18.992985422474813 ], [ -104.112472398674257, 18.992480531974067 ], [ -104.112798494869864, 18.992161631810479 ], [ -104.1127386778915, 18.992651249452599 ], [ -104.113063582589959, 18.992963448076328 ], [ -104.113775458881307, 18.99307981902497 ], [ -104.114428560714288, 18.993082945564435 ], [ -104.115022886732632, 18.992972828263223 ], [ -104.115558435810911, 18.992749467639474 ], [ -104.116035207054452, 18.992412864160961 ], [ -104.116570902062847, 18.99216126104945 ], [ -104.117165521426443, 18.991994657822389 ], [ -104.117819065911618, 18.991913053945844 ] ] ] ] } },
{ "type": "Feature", "properties": { "VULNERABIL": 3.0, "fid": 28, "cat": 29 }, "geometry": { "type": "MultiPolygon", "coordinates": [ [ [ [ -104.103733243531153, 18.993079223347653 ], [ -104.103748918287764, 18.992727297747475 ], [ -104.103903222184954, 18.992726922471057 ], [ -104.104142819358003, 18.992759443836455 ], [ -104.104247928049304, 18.992780211155441 ], [ -104.10430655407086, 18.992836550018918 ], [ -104.104365020490505, 18.993006273304161 ], [ -104.104393347528415, 18.993260570862141 ], [ -104.104392959795419, 18.993599735368395 ], [ -104.104415747155954, 18.993899167829639 ], [ -104.104453609376975, 18.994095716995997 ], [ -104.104415178145871, 18.994098666876141 ], [ -104.104177296487904, 18.994106726500629 ], [ -104.103961102856687, 18.994101655723252 ], [ -104.103767451877076, 18.994081449576697 ], [ -104.103639676844239, 18.994068955991459 ], [ -104.103658153569938, 18.993842034438529 ], [ -104.10367737526586, 18.993670786314599 ], [ -104.103733243531153, 18.993079223347653 ] ] ] ] } },
{ "type": "Feature", "properties": { "VULNERABIL": 2.0, "fid": 29, "cat": 30 }, "geometry": { "type": "MultiPolygon", "coordinates": [ [ [ [ -104.088125548204232, 18.993124644233287 ], [ -104.088659593232705, 18.993183754942592 ], [ -104.089015213821355, 18.993298465767293 ], [ -104.089192409904939, 18.993468777733632 ], [ -104.089191181083976, 18.993694691335811 ], [ -104.089012294803609, 18.993835010546697 ], [ -104.088655750925227, 18.993889734847617 ], [ -104.088121549872866, 18.993858863228585 ], [ -104.087409692633088, 18.99374239418832 ], [ -104.086875954427583, 18.993626801455221 ], [ -104.086520334807844, 18.993512086555 ], [ -104.086342833354621, 18.993398250499169 ], [ -104.086343449678211, 18.993285293785057 ], [ -104.086522029368865, 18.993201455576216 ], [ -104.086878572278323, 18.993146735350848 ], [ -104.087413078467051, 18.993121132081132 ], [ -104.088125548204232, 18.993124644233287 ] ] ] ] } },
{ "type": "Feature", "properties": { "VULNERABIL": 2.0, "fid": 30, "cat": 31 }, "geometry": { "type": "MultiPolygon", "coordinates": [ [ [ [ -104.091695275287663, 18.986308124106053 ], [ -104.09232325193247, 18.985464004460116 ], [ -104.093753016685326, 18.984567329120594 ], [ -104.095033123033645, 18.983895830757881 ], [ -104.096163577921317, 18.98344951281549 ], [ -104.097144387059927, 18.983228378306691 ], [ -104.097975554928993, 18.983232429814862 ], [ -104.098805355968835, 18.98349063135338 ], [ -104.099633793895222, 18.984002983075545 ], [ -104.100460872358937, 18.984769485113159 ], [ -104.101286594946103, 18.985790137576522 ], [ -104.10199600866676, 18.986358381502356 ], [ -104.102322394086272, 18.986388204630757 ], [ -104.102948050908935, 18.985967636705777 ], [ -104.103546588503349, 18.985066854025447 ], [ -104.103735712164976, 18.984815579358514 ], [ -104.10378588084906, 18.984729131786054 ], [ -104.10405485703842, 18.98439155285169 ], [ -104.104144515524382, 18.984279026440777 ], [ -104.104502242621109, 18.983998356395816 ], [ -104.10485906326781, 18.983887121716474 ], [ -104.105244512506815, 18.983973705285781 ], [ -104.105658591742241, 18.984258106977318 ], [ -104.106101302549874, 18.984740326647152 ], [ -104.106572646677307, 18.985420364133784 ], [ -104.107163788725714, 18.985903297732797 ], [ -104.107874727773705, 18.986189126283595 ], [ -104.108705462032873, 18.986277848345971 ], [ -104.109655988847777, 18.986169462200206 ], [ -104.11042795373352, 18.986144933448294 ], [ -104.11102135782869, 18.986204264375722 ], [ -104.111436201753321, 18.986347456726968 ], [ -104.11167248560875, 18.986574511705573 ], [ -104.111849100023377, 18.986857760343934 ], [ -104.111966044851727, 18.98719720280268 ], [ -104.112023319828225, 18.987592839178827 ], [ -104.112020924567261, 18.988044669505772 ], [ -104.111781493556208, 18.988410642150434 ], [ -104.111305025676145, 18.988690756154533 ], [ -104.110591520572413, 18.988885009676288 ], [ -104.109640978654767, 18.988993399990449 ], [ -104.108956555389568, 18.989300747343716 ], [ -104.108538249619855, 18.989807054629235 ], [ -104.108386062105225, 18.990512323657043 ], [ -104.108499995522237, 18.991416555154174 ], [ -104.108288734357714, 18.992065059183201 ], [ -104.107752275985831, 18.992457834568331 ], [ -104.106890620785364, 18.992594878520112 ], [ -104.10570377214016, 18.992476186635663 ], [ -104.104829415607767, 18.992381719147872 ], [ -104.103728065377808, 18.992265522308248 ], [ -104.103625958337176, 18.9917683519874 ], [ -104.103553036110029, 18.991498657387989 ], [ -104.103391339794214, 18.991028552322149 ], [ -104.103257943584026, 18.990651963542113 ], [ -104.103047588999203, 18.990183905474701 ], [ -104.102751183575606, 18.989468449708973 ], [ -104.102390287410955, 18.988967112934187 ], [ -104.102102185376694, 18.988702821036416 ], [ -104.101271898559375, 18.988529351076611 ], [ -104.100557032357642, 18.988705650581949 ], [ -104.100260618466763, 18.988891558480177 ], [ -104.099605713819216, 18.989227254164149 ], [ -104.099189264272994, 18.989383371954947 ], [ -104.099010785669407, 18.989450279282075 ], [ -104.098475835451879, 18.989560634479904 ], [ -104.098000864351405, 18.989558320331298 ], [ -104.097200264076037, 18.989384976788742 ], [ -104.096862395815052, 18.989281664380989 ], [ -104.096074038259118, 18.989040599760138 ], [ -104.094622192584467, 18.988525183508386 ], [ -104.092844734786468, 18.987838720652185 ], [ -104.091869099124651, 18.987099696763085 ], [ -104.091695275287663, 18.986308124106053 ] ] ] ] } },
{ "type": "Feature", "properties": { "VULNERABIL": 4.0, "fid": 31, "cat": 28 }, "geometry": { "type": "MultiPolygon", "coordinates": [ [ [ [ -104.129778730153149, 18.998436683160765 ], [ -104.12823659701597, 18.998118781158428 ], [ -104.126104407906737, 18.997092076157607 ], [ -104.124298655680363, 18.996095132781548 ], [ -104.122819333140967, 18.99512796032819 ], [ -104.121666433516239, 18.994190566379405 ], [ -104.120839950458148, 18.993282956801611 ], [ -104.120041975546897, 18.992601400505631 ], [ -104.119272505308757, 18.992145897765443 ], [ -104.118531536460964, 18.991916448834512 ], [ -104.117819065911618, 18.991913053945844 ], [ -104.117165521426443, 18.991994657822389 ], [ -104.116570902062847, 18.99216126104945 ], [ -104.116035207054452, 18.992412864160961 ], [ -104.115558435810911, 18.992749467639474 ], [ -104.115022886732632, 18.992972828263223 ], [ -104.114428560714288, 18.993082945564435 ], [ -104.113775458881307, 18.99307981902497 ], [ -104.113063582589959, 18.992963448076328 ], [ -104.1127386778915, 18.992651249452599 ], [ -104.112800743620397, 18.992143225131052 ], [ -104.113249775973898, 18.991439374538245 ], [ -104.113545253307947, 18.991121388791097 ], [ -104.115298479141089, 18.991110160172859 ], [ -104.116525905844739, 18.990736456859793 ], [ -104.117183650599515, 18.99030580462696 ], [ -104.117366662670008, 18.98982769984762 ], [ -104.117523651472183, 18.988879530284535 ], [ -104.117702741026406, 18.98819997581764 ], [ -104.118076631024692, 18.98810186215125 ], [ -104.119264945995951, 18.987938079331322 ], [ -104.119876206160939, 18.987904653242332 ], [ -104.120480684931735, 18.98836944152163 ], [ -104.121202345167035, 18.988427093432868 ], [ -104.122840988033857, 18.989338599430816 ], [ -104.123617569194252, 18.989794144803895 ], [ -104.123774236071043, 18.990716694014264 ], [ -104.124957602363139, 18.991499503464141 ], [ -104.125323219944235, 18.992432076793435 ], [ -104.126185318170144, 18.992888016191319 ], [ -104.127197718703954, 18.993670004632772 ], [ -104.128000995610989, 18.994478114377593 ], [ -104.12950594152197, 18.995542568673798 ], [ -104.129597274263261, 18.996247910332965 ], [ -104.130554073393526, 18.996767537126807 ], [ -104.13096370202949, 18.997338180804491 ], [ -104.130730783891707, 18.998045796075896 ], [ -104.129778730153149, 18.998436683160765 ] ] ] ] } },
{ "type": "Feature", "properties": { "VULNERABIL": 4.0, "fid": 32, "cat": 32 }, "geometry": { "type": "MultiPolygon", "coordinates": [ [ [ [ -104.077306916928208, 18.984627288995075 ], [ -104.07772638836019, 18.983923381445528 ], [ -104.077967594350937, 18.983246824945219 ], [ -104.078532840601909, 18.983023719827507 ], [ -104.079422130631926, 18.983254063295661 ], [ -104.080635473129831, 18.983937851007582 ], [ -104.082172881955287, 18.985075077074494 ], [ -104.08365233217171, 18.985957844610734 ], [ -104.085073816242954, 18.98658615475415 ], [ -104.086437327108854, 18.986960008590874 ], [ -104.087742858185848, 18.987079407155122 ], [ -104.08842408034991, 18.987365162913132 ], [ -104.088480992077081, 18.987817282694667 ], [ -104.088310771414228, 18.98800282814576 ], [ -104.08791358839197, 18.988435766847132 ], [ -104.086721860867073, 18.989220609234824 ], [ -104.084611101526335, 18.989774980777266 ], [ -104.081581311524772, 18.990098850048891 ], [ -104.077632500211138, 18.990192172233289 ], [ -104.073337368540763, 18.990071046710202 ], [ -104.072764685140754, 18.990054889127961 ], [ -104.072371680007393, 18.990034869855933 ], [ -104.071810232916903, 18.990006270326102 ], [ -104.070300490014205, 18.989927120696727 ], [ -104.068982693586918, 18.989952952643183 ], [ -104.06803961344545, 18.989938055522479 ], [ -104.067415224387815, 18.989894618839219 ], [ -104.067036030325923, 18.989859567740137 ], [ -104.066600409529997, 18.989819299818752 ], [ -104.066295755029117, 18.989769891697431 ], [ -104.066024117154356, 18.989686915656758 ], [ -104.065737914550795, 18.989506376168922 ], [ -104.065603425259781, 18.989371886877908 ], [ -104.06530399627222, 18.989011557079333 ], [ -104.065103542966696, 18.988712922711958 ], [ -104.065055317960542, 18.988641077145587 ], [ -104.064872615527463, 18.988285822414607 ], [ -104.064715253270975, 18.987890996697228 ], [ -104.064671475805127, 18.987724909169248 ], [ -104.064617648867156, 18.98752069490299 ], [ -104.06451948614378, 18.987070183050761 ], [ -104.064428082845581, 18.986700461412173 ], [ -104.064317877394572, 18.986404566125845 ], [ -104.064209837096953, 18.986170870802692 ], [ -104.06414197145493, 18.985943863268581 ], [ -104.064099459006044, 18.985712069520211 ], [ -104.064066981322341, 18.985450494643189 ], [ -104.06406396371095, 18.985210325727984 ], [ -104.064067749991338, 18.984532589100443 ], [ -104.064011536267685, 18.983967508386591 ], [ -104.063895323090478, 18.98351508357333 ], [ -104.063815958927535, 18.983362055406502 ], [ -104.063719110760076, 18.983175314574734 ], [ -104.063482899326743, 18.982948201232105 ], [ -104.06280142572048, 18.982718834162643 ], [ -104.061674692031062, 18.982487208528504 ], [ -104.060102700537797, 18.982253316280627 ], [ -104.058085453710518, 18.982017146158995 ], [ -104.056660621033188, 18.982009891899821 ], [ -104.055840406153891, 18.981966368295186 ], [ -104.055744957677277, 18.98195735313859 ], [ -104.055560491097708, 18.981927503785705 ], [ -104.05548428610193, 18.981905427267957 ], [ -104.055349035437899, 18.981847639044584 ], [ -104.055280531290848, 18.98179401926652 ], [ -104.055221180723663, 18.981727442981693 ], [ -104.05515297431559, 18.981618149498377 ], [ -104.055074563170095, 18.981444314117574 ], [ -104.055028674143699, 18.981281856927954 ], [ -104.054998597334603, 18.981130637474696 ], [ -104.054995533110528, 18.980968653469933 ], [ -104.055007801613655, 18.980829884797547 ], [ -104.055042201898146, 18.980707755988071 ], [ -104.055120873161812, 18.980484491960464 ], [ -104.055184198306364, 18.980391389184806 ], [ -104.055275844156753, 18.980279580648382 ], [ -104.055345448699427, 18.980214070215531 ], [ -104.055447148445168, 18.980129087199536 ], [ -104.055560642455688, 18.980075823731863 ], [ -104.055702033968217, 18.980041730736971 ], [ -104.055838285722814, 18.980044125486501 ], [ -104.055975414057315, 18.980064787370704 ], [ -104.056198373448566, 18.980139387364638 ], [ -104.056403483247649, 18.980229475064743 ], [ -104.056906357808643, 18.980542674802187 ], [ -104.057497491550649, 18.980997521494455 ], [ -104.057793738825637, 18.981174078599199 ], [ -104.058237682992356, 18.981340165455858 ], [ -104.059364403293813, 18.981571811500309 ], [ -104.06069954825918, 18.981691549068312 ], [ -104.062243115885664, 18.981699373558172 ], [ -104.062928864642203, 18.981766898100965 ], [ -104.063550560421433, 18.981903924925778 ], [ -104.063962422073601, 18.98213167121181 ], [ -104.064433898661875, 18.98275533060529 ], [ -104.064725223487883, 18.983745196683607 ], [ -104.064836394920476, 18.985101270126414 ], [ -104.065037883123992, 18.986231880975854 ], [ -104.065329689344452, 18.987137029061898 ], [ -104.065711814061501, 18.987816714034722 ], [ -104.066184256988208, 18.988270935364735 ], [ -104.066954499165945, 18.988557218039922 ], [ -104.06802254002136, 18.988675558323354 ], [ -104.069388377232926, 18.988625950954841 ], [ -104.071052006730383, 18.98840838915137 ], [ -104.072538302980149, 18.9880487243917 ], [ -104.073847263096539, 18.987546960820179 ], [ -104.074978885104571, 18.986903102103536 ], [ -104.075933167939695, 18.98611715143063 ], [ -104.076709177642599, 18.985358546271783 ], [ -104.077306916928208, 18.984627288995075 ] ] ] ] } },
{ "type": "Feature", "properties": { "VULNERABIL": 3.0, "fid": 33, "cat": 34 }, "geometry": { "type": "MultiPolygon", "coordinates": [ [ [ [ -104.06159507784335, 18.986101500649212 ], [ -104.060943279257657, 18.985872276855098 ], [ -104.060321800829442, 18.985530245550347 ], [ -104.059730643581162, 18.985075407074298 ], [ -104.059138855213263, 18.98473352277373 ], [ -104.058546434565685, 18.984504592603482 ], [ -104.057953380464994, 18.984388616514128 ], [ -104.057359691724344, 18.984385594451982 ], [ -104.056826325814626, 18.984213439154363 ], [ -104.056353284115644, 18.983872151195367 ], [ -104.055940567619857, 18.983361731065205 ], [ -104.055588176932531, 18.982682179170158 ], [ -104.055467984508226, 18.982399040709545 ], [ -104.055382087420725, 18.98208838361835 ], [ -104.055349035437899, 18.981847639044584 ], [ -104.05548428610193, 18.981905427267957 ], [ -104.055560491097708, 18.981927503785705 ], [ -104.055744957677277, 18.98195735313859 ], [ -104.055840406153891, 18.981966368295186 ], [ -104.056660621033188, 18.982009891899821 ], [ -104.058085453710518, 18.982017146158995 ], [ -104.060102700537797, 18.982253316280627 ], [ -104.061674692031062, 18.982487208528504 ], [ -104.06280142572048, 18.982718834162643 ], [ -104.063482899326743, 18.982948201232105 ], [ -104.063719110760076, 18.983175314574734 ], [ -104.063815958927535, 18.983362055406502 ], [ -104.063895323090478, 18.98351508357333 ], [ -104.064011536267685, 18.983967508386591 ], [ -104.064067749991338, 18.984532589100443 ], [ -104.06406396371095, 18.985210325727984 ], [ -104.064066981322341, 18.985450494643189 ], [ -104.064099459006044, 18.985712069520211 ], [ -104.06414197145493, 18.985943863268581 ], [ -104.064209837096953, 18.986170870802692 ], [ -104.063740875455878, 18.986221538674176 ], [ -104.063286478823713, 18.986223026609199 ], [ -104.062989630733568, 18.9862215242273 ], [ -104.062455304241766, 18.986218818740674 ], [ -104.061996786956428, 18.986170059702339 ], [ -104.06159507784335, 18.986101500649212 ] ] ] ] } },
{ "type": "Feature", "properties": { "VULNERABIL": 3.0, "fid": 34, "cat": 36 }, "geometry": { "type": "MultiPolygon", "coordinates": [ [ [ [ -104.037101364599323, 18.976317747492796 ], [ -104.036512253124599, 18.975523972669492 ], [ -104.036486141513279, 18.974902564005173 ], [ -104.037023023504346, 18.974453521491547 ], [ -104.038122896536137, 18.974176840129591 ], [ -104.039785761744909, 18.974072509929684 ], [ -104.041210358430902, 18.97410812994676 ], [ -104.042396689738027, 18.974283705828835 ], [ -104.043200639776344, 18.974551277251194 ], [ -104.043344757644945, 18.974599242245024 ], [ -104.044054562964817, 18.975054742885892 ], [ -104.04458627569862, 18.975509322259725 ], [ -104.044939894314439, 18.975962981836737 ], [ -104.045115417311109, 18.976415722573641 ], [ -104.045112843218192, 18.976867544913578 ], [ -104.045170278715091, 18.977206717762218 ], [ -104.045275979535305, 18.977410588757305 ], [ -104.045465179365706, 18.977547114781537 ], [ -104.045702644337553, 18.977548338667667 ], [ -104.046089810746054, 18.977324415618416 ], [ -104.046626676432311, 18.976875344583945 ], [ -104.047313238004477, 18.976201124082479 ], [ -104.048149490837886, 18.975301752200444 ], [ -104.049044619237961, 18.974487397692378 ], [ -104.049998623810069, 18.973758059749031 ], [ -104.051011505335083, 18.973113737510555 ], [ -104.052083264769152, 18.97255443006641 ], [ -104.052947241840045, 18.971994053851315 ], [ -104.05307138748482, 18.971887835292407 ], [ -104.053603438474838, 18.971432611863406 ], [ -104.054051856642218, 18.970870106401541 ], [ -104.054262418231289, 18.970376985005203 ], [ -104.054292498352424, 18.97030653906539 ], [ -104.054410748240002, 18.97039186214031 ], [ -104.054406607432426, 18.971126075894606 ], [ -104.054280073864547, 18.972509180096097 ], [ -104.05403114227795, 18.97454117401201 ], [ -104.053971561881681, 18.975984401966599 ], [ -104.053999006144693, 18.976634324725502 ], [ -104.05405721469937, 18.977313385627959 ], [ -104.054132958072969, 18.977669061211024 ], [ -104.054228889668408, 18.977986027710713 ], [ -104.054352810706987, 18.978294975915997 ], [ -104.054533829452851, 18.978642544261916 ], [ -104.054699642552208, 18.978933741621333 ], [ -104.05492675182667, 18.979311834156462 ], [ -104.054939593093081, 18.979317598796612 ], [ -104.054992735094899, 18.979398402110789 ], [ -104.055050564060764, 18.979466968776439 ], [ -104.055120142271193, 18.979525619275975 ], [ -104.055190509031718, 18.979563510230602 ], [ -104.055290177911672, 18.979584933042446 ], [ -104.055408883242592, 18.979593500401833 ], [ -104.055510384598975, 18.979573834520576 ], [ -104.055533603477301, 18.97974264718497 ], [ -104.0555509450259, 18.979890741037103 ], [ -104.055555533464215, 18.979978314806146 ], [ -104.055560642455688, 18.980075823731863 ], [ -104.055447148445168, 18.980129087199536 ], [ -104.055345448699427, 18.980214070215531 ], [ -104.055275844156753, 18.980279580648382 ], [ -104.055184198306364, 18.980391389184806 ], [ -104.055120873161812, 18.980484491960464 ], [ -104.055042201898146, 18.980707755988071 ], [ -104.055007801613655, 18.980829884797547 ], [ -104.054995533110528, 18.980968653469933 ], [ -104.054998597334603, 18.981130637474696 ], [ -104.053977841354552, 18.981106431052293 ], [ -104.052867735123783, 18.981069863399835 ], [ -104.051908175079973, 18.980978858168491 ], [ -104.051107683122311, 18.980859163911735 ], [ -104.049603523306416, 18.980618292830819 ], [ -104.046282807888161, 18.979923464614711 ], [ -104.043584990655148, 18.979316515367987 ], [ -104.04151005932377, 18.978797471858691 ], [ -104.04005800386382, 18.97836635464774 ], [ -104.039228816502046, 18.978023178090943 ], [ -104.038459646892377, 18.977567350872583 ], [ -104.037750496014951, 18.976998873771329 ], [ -104.037101364599323, 18.976317747492796 ] ] ] ] } },
{ "type": "Feature", "properties": { "VULNERABIL": 5.0, "fid": 35, "cat": 33 }, "geometry": { "type": "MultiPolygon", "coordinates": [ [ [ [ -104.065329689344452, 18.987137029061898 ], [ -104.065037883123992, 18.986231880975854 ], [ -104.064836394920476, 18.985101270126414 ], [ -104.064725223487883, 18.983745196683607 ], [ -104.064433898661875, 18.98275533060529 ], [ -104.063962422073601, 18.98213167121181 ], [ -104.063550560421433, 18.981903924925778 ], [ -104.062928864642203, 18.981766898100965 ], [ -104.062243115885664, 18.981699373558172 ], [ -104.06069954825918, 18.981691549068312 ], [ -104.059364403293813, 18.981571811500309 ], [ -104.058237682992356, 18.981340165455858 ], [ -104.057793738825637, 18.981174078599196 ], [ -104.057497491550649, 18.980997521494455 ], [ -104.056906357808643, 18.980542674802187 ], [ -104.056403483247649, 18.980229475064743 ], [ -104.056198373448566, 18.980139387364638 ], [ -104.055975414057315, 18.980064787370704 ], [ -104.055838285722814, 18.980044125486501 ], [ -104.055702033968217, 18.980041730736971 ], [ -104.055560642455688, 18.980075823731863 ], [ -104.055555533464215, 18.979978314806146 ], [ -104.0555509450259, 18.979890741037103 ], [ -104.055533603477301, 18.97974264718497 ], [ -104.055510384598975, 18.979573834520576 ], [ -104.055567440769494, 18.97955061260447 ], [ -104.055652957632887, 18.979497609610224 ], [ -104.055759062910681, 18.979394304004732 ], [ -104.055904746931844, 18.979182060656594 ], [ -104.056144759638684, 18.97873144758093 ], [ -104.056473026133403, 18.97842248279736 ], [ -104.056889546820386, 18.978255165865367 ], [ -104.057394322540318, 18.978229496231211 ], [ -104.057987354570344, 18.978345473227868 ], [ -104.058610546773096, 18.978376882261891 ], [ -104.059263898238783, 18.978323722989483 ], [ -104.059947407960777, 18.978185995045976 ], [ -104.060661074835821, 18.977963698045787 ], [ -104.061196956551484, 18.977684017334919 ], [ -104.061555053360237, 18.977346954466618 ], [ -104.061735365901356, 18.976952510496687 ], [ -104.061737895201048, 18.976500685983428 ], [ -104.061562326463772, 18.97604795905335 ], [ -104.061208661159455, 18.975594329262066 ], [ -104.060676900788252, 18.975139795651593 ], [ -104.059967046880502, 18.974684356750483 ], [ -104.059465609233243, 18.974117014452883 ], [ -104.059172586599246, 18.97343777038369 ], [ -104.059087976919329, 18.972646625423899 ], [ -104.059211777322489, 18.971743579710708 ], [ -104.059037963235937, 18.970980221367395 ], [ -104.058566538421985, 18.970356549747077 ], [ -104.057797505206793, 18.969872562697791 ], [ -104.056730864480684, 18.969528256562555 ], [ -104.056021521975481, 18.96898808672994 ], [ -104.055669476436293, 18.968252057229495 ], [ -104.05567472416989, 18.96732016990191 ], [ -104.056037259045397, 18.966192424399306 ], [ -104.05631122237034, 18.964979507278588 ], [ -104.056496615542159, 18.963681418965063 ], [ -104.056593440227871, 18.962298159766366 ], [ -104.056601698363934, 18.960829729872465 ], [ -104.05651885128006, 18.95972795402869 ], [ -104.056344900580214, 18.958992832296008 ], [ -104.056276244016829, 18.958738144548139 ], [ -104.05685173239506, 18.958949880064516 ], [ -104.057280230814712, 18.959043458024617 ], [ -104.057782769198667, 18.959109415327543 ], [ -104.058345149826394, 18.959254780543166 ], [ -104.058983722902767, 18.959486327126804 ], [ -104.059574316200624, 18.96002588243568 ], [ -104.059823716259103, 18.960344403438963 ], [ -104.059807642598031, 18.960761302880503 ], [ -104.059683698025751, 18.961692589597092 ], [ -104.059202475976747, 18.962819741534148 ], [ -104.05913519470694, 18.964231392701716 ], [ -104.05948186396212, 18.965927543859813 ], [ -104.060242497767533, 18.96790819314965 ], [ -104.061417114429958, 18.970173336091882 ], [ -104.062800169732554, 18.972326567621778 ], [ -104.064255023961479, 18.974192619375426 ], [ -104.064658498725223, 18.974425710827482 ], [ -104.06536773536088, 18.974994088526213 ], [ -104.066194450064032, 18.97578897495805 ], [ -104.067138647780382, 18.976810368707142 ], [ -104.068200334376257, 18.978058268157845 ], [ -104.069024431107081, 18.978727442276938 ], [ -104.069731734152086, 18.979253098300525 ], [ -104.071128036590963, 18.980049769012695 ], [ -104.072994053842081, 18.980793357833505 ], [ -104.075128180302741, 18.981368828455775 ], [ -104.076642845296561, 18.9812351888141 ], [ -104.077538030280564, 18.980392453330179 ], [ -104.077813732314979, 18.978840630714462 ], [ -104.078337476487405, 18.980763553505227 ], [ -104.079041200221639, 18.982348491144119 ], [ -104.079856425489268, 18.983498814750444 ], [ -104.079422130631926, 18.983254063295661 ], [ -104.078532840601909, 18.983023719827507 ], [ -104.077967594350937, 18.983246824945219 ], [ -104.07772638836019, 18.983923381445528 ], [ -104.077306916928208, 18.984627288995075 ], [ -104.076709177642599, 18.985358546271783 ], [ -104.075933167939695, 18.98611715143063 ], [ -104.074978885104571, 18.986903102103536 ], [ -104.073847263096539, 18.987546960820179 ], [ -104.072538302980149, 18.9880487243917 ], [ -104.071052006730383, 18.98840838915137 ], [ -104.069388377232926, 18.988625950954841 ], [ -104.06802254002136, 18.988675558323354 ], [ -104.066954499165945, 18.988557218039922 ], [ -104.066184256988208, 18.988270935364735 ], [ -104.065711814061501, 18.987816714034722 ], [ -104.065329689344452, 18.987137029061898 ] ] ] ] } },
{ "type": "Feature", "properties": { "VULNERABIL": 4.0, "fid": 36, "cat": 37 }, "geometry": { "type": "MultiPolygon", "coordinates": [ [ [ [ -104.045170278715091, 18.977206717762218 ], [ -104.045112843218192, 18.976867544913578 ], [ -104.045115417311109, 18.976415722573641 ], [ -104.044939894314439, 18.975962981836737 ], [ -104.04458627569862, 18.975509322259725 ], [ -104.044054562964817, 18.975054742885892 ], [ -104.043344757644945, 18.974599242245024 ], [ -104.043200639776344, 18.974551277251194 ], [ -104.042396689738027, 18.974283705828835 ], [ -104.041210358430902, 18.97410812994676 ], [ -104.039785761744909, 18.974072509929684 ], [ -104.04109356693796, 18.973768648814456 ], [ -104.04204630895606, 18.973265264166812 ], [ -104.04244398871657, 18.972876331266274 ], [ -104.042697558841155, 18.972363101130494 ], [ -104.042857558339279, 18.971767979994514 ], [ -104.043030662007311, 18.972423161003174 ], [ -104.043561397167409, 18.973047176323192 ], [ -104.044243865307891, 18.973267524229009 ], [ -104.044634624300542, 18.973278003715592 ], [ -104.045430579098266, 18.973198017758584 ], [ -104.046322013596836, 18.973033171416152 ], [ -104.046470585862224, 18.973005696600808 ], [ -104.047481389552232, 18.972728500068559 ], [ -104.048462988734002, 18.972366428571878 ], [ -104.04941538205658, 18.971919482508653 ], [ -104.050308886180517, 18.971387510086089 ], [ -104.05066761409239, 18.971122316374739 ], [ -104.0511435002268, 18.970770512107524 ], [ -104.051919223492249, 18.970068489325659 ], [ -104.052636055449597, 18.969281442442526 ], [ -104.05288134538128, 18.968969909990651 ], [ -104.053233994852093, 18.968522024692081 ], [ -104.053713043573921, 18.967790237315821 ], [ -104.05407320338189, 18.967086081320762 ], [ -104.054314475935527, 18.966409557479523 ], [ -104.054527498077462, 18.965478730666462 ], [ -104.054712269101117, 18.964293600881863 ], [ -104.054815895909528, 18.963340595543919 ], [ -104.054868788502205, 18.962854168103668 ], [ -104.054997055978717, 18.961160432287421 ], [ -104.055204770372839, 18.958852333568814 ], [ -104.05549781080046, 18.958733137149054 ], [ -104.055876643800957, 18.958623329406638 ], [ -104.056079846564742, 18.958624364506317 ], [ -104.056276244016829, 18.958738144548139 ], [ -104.056344900580214, 18.958992832296008 ], [ -104.05651885128006, 18.95972795402869 ], [ -104.056601698363934, 18.960829729872465 ], [ -104.056593440227871, 18.962298159766366 ], [ -104.056496615542159, 18.963681418965063 ], [ -104.05631122237034, 18.964979507278588 ], [ -104.056037259045397, 18.966192424399306 ], [ -104.05567472416989, 18.96732016990191 ], [ -104.055669476436293, 18.968252057229495 ], [ -104.056021521975481, 18.96898808672994 ], [ -104.056730864480684, 18.969528256562555 ], [ -104.057797505206793, 18.969872562697791 ], [ -104.058566538421985, 18.970356549747077 ], [ -104.059037963235937, 18.970980221367395 ], [ -104.059211777322489, 18.971743579710708 ], [ -104.059087976919329, 18.972646625423899 ], [ -104.059172586599246, 18.97343777038369 ], [ -104.059465609233243, 18.974117014452883 ], [ -104.059967046880502, 18.974684356750483 ], [ -104.060676900788252, 18.975139795651593 ], [ -104.061208661159455, 18.975594329262066 ], [ -104.061562326463772, 18.97604795905335 ], [ -104.061737895201048, 18.976500685983428 ], [ -104.061735365901356, 18.976952510496687 ], [ -104.061555053360237, 18.977346954466618 ], [ -104.061196956551484, 18.977684017334919 ], [ -104.060661074835821, 18.977963698045787 ], [ -104.059947407960777, 18.978185995045976 ], [ -104.059263898238783, 18.978323722989483 ], [ -104.058610546773096, 18.978376882261891 ], [ -104.057987354570344, 18.978345473227868 ], [ -104.057394322540318, 18.978229496231211 ], [ -104.056889546820386, 18.978255165865367 ], [ -104.056473026133403, 18.97842248279736 ], [ -104.056144759638684, 18.97873144758093 ], [ -104.055904746931844, 18.979182060656594 ], [ -104.055759062910681, 18.979394304004732 ], [ -104.055652957632887, 18.979497609610224 ], [ -104.055567440769494, 18.97955061260447 ], [ -104.055510384598975, 18.979573834520576 ], [ -104.055408883242592, 18.979593500401833 ], [ -104.055290177911672, 18.979584933042446 ], [ -104.055190509031718, 18.979563510230602 ], [ -104.055120142271193, 18.979525619275975 ], [ -104.055050564060764, 18.979466968776439 ], [ -104.054992735094899, 18.979398402110789 ], [ -104.054862789996392, 18.979200818227891 ], [ -104.054699642552208, 18.978933741621333 ], [ -104.054533829452851, 18.978642544261916 ], [ -104.054352810706987, 18.978294975915997 ], [ -104.054228889668408, 18.977986027710713 ], [ -104.054132958072969, 18.977669061211024 ], [ -104.05405721469937, 18.977313385627959 ], [ -104.053999006144693, 18.976634324725502 ], [ -104.053971561881681, 18.975984401966599 ], [ -104.05403114227795, 18.97454117401201 ], [ -104.054280073864547, 18.972509180096097 ], [ -104.054406607432426, 18.971126075894606 ], [ -104.054410748240002, 18.97039186214031 ], [ -104.054292498352424, 18.97030653906539 ], [ -104.054262418231289, 18.970376985005203 ], [ -104.054051856642218, 18.970870106401541 ], [ -104.053603438474838, 18.971432611863406 ], [ -104.05307138748482, 18.971887835292407 ], [ -104.052947241840045, 18.971994053851315 ], [ -104.052083264769152, 18.97255443006641 ], [ -104.051011505335083, 18.973113737510555 ], [ -104.049998623810069, 18.973758059749031 ], [ -104.049044619237961, 18.974487397692378 ], [ -104.048149490837886, 18.975301752200444 ], [ -104.047313238004477, 18.976201124082479 ], [ -104.046626676432311, 18.976875344583945 ], [ -104.046089810746054, 18.977324415618416 ], [ -104.045702644337553, 18.977548338667667 ], [ -104.045465179365706, 18.977547114781537 ], [ -104.045275979535305, 18.977410588757305 ], [ -104.045170278715091, 18.977206717762218 ] ] ] ] } },
{ "type": "Feature", "properties": { "VULNERABIL": 3.0, "fid": 37, "cat": 38 }, "geometry": { "type": "MultiPolygon", "coordinates": [ ] } },
{ "type": "Feature", "properties": { "VULNERABIL": 4.0, "fid": 38, "cat": 35 }, "geometry": { "type": "MultiPolygon", "coordinates": [ [ [ [ -104.079056928647049, 18.968680435245961 ], [ -104.078215901883269, 18.9704836097896 ], [ -104.07767105949172, 18.972401214368141 ], [ -104.077422410213316, 18.974433251908405 ], [ -104.077469964059873, 18.976579723963976 ], [ -104.077813732314979, 18.978840630714462 ], [ -104.077538030280564, 18.980392453330179 ], [ -104.076642845296561, 18.9812351888141 ], [ -104.075128180302741, 18.981368828455775 ], [ -104.072994053842081, 18.980793357833505 ], [ -104.071128036590963, 18.980049769012695 ], [ -104.069731734152086, 18.979253098300525 ], [ -104.069024431107081, 18.978727442276938 ], [ -104.068200334376257, 18.978058268157845 ], [ -104.067138647780382, 18.976810368707142 ], [ -104.066194450064032, 18.97578897495805 ], [ -104.06536773536088, 18.974994088526213 ], [ -104.064658498725223, 18.974425710827482 ], [ -104.064255023961479, 18.974192619375426 ], [ -104.062800169732554, 18.972326567621778 ], [ -104.061417114429958, 18.970173336091882 ], [ -104.060242497767533, 18.96790819314965 ], [ -104.05948186396212, 18.965927543859813 ], [ -104.05913519470694, 18.964231392701716 ], [ -104.059202475976747, 18.962819741534148 ], [ -104.059683698025751, 18.961692589597092 ], [ -104.059807642598031, 18.960761302880503 ], [ -104.059823716259103, 18.960344403438963 ], [ -104.062058923300881, 18.961563427374248 ], [ -104.063537427729983, 18.962559300804156 ], [ -104.065308824010458, 18.964262637999834 ], [ -104.066875001360586, 18.965513087496745 ], [ -104.068235942735456, 18.966310653936397 ], [ -104.069391634271867, 18.966655341358216 ], [ -104.070342065290305, 18.966547153198242 ], [ -104.07093772677861, 18.966183022145469 ], [ -104.071178618080211, 18.965562951574711 ], [ -104.071064741828522, 18.964686942940293 ], [ -104.070596103946187, 18.963554995776157 ], [ -104.070246038184848, 18.962451882418055 ], [ -104.070014542019081, 18.961377603440646 ], [ -104.069901613056103, 18.960332159195808 ], [ -104.069907249035836, 18.959315549812654 ], [ -104.06976417191342, 18.95835467385799 ], [ -104.069472384163106, 18.957449531107656 ], [ -104.069031887976777, 18.956600120965927 ], [ -104.068442685264017, 18.95580644246553 ], [ -104.068060616023175, 18.955126763465351 ], [ -104.067885676963073, 18.954561085129935 ], [ -104.06791786565897, 18.954109407961305 ], [ -104.068157180552561, 18.953771731799062 ], [ -104.068189054695793, 18.953376532818396 ], [ -104.068013489497218, 18.952923811180497 ], [ -104.067630486822139, 18.952413566367373 ], [ -104.067049371664126, 18.951854761972047 ], [ -104.067040048992581, 18.951845797181885 ], [ -104.067072082133791, 18.951422359257339 ], [ -104.067726581683758, 18.951143252091885 ], [ -104.069003546571878, 18.951008469044357 ], [ -104.070902979217507, 18.951017997334169 ], [ -104.072623248890878, 18.951224289928508 ], [ -104.07416436071135, 18.951627352032087 ], [ -104.075526318531061, 18.952227188263379 ], [ -104.07670912493478, 18.953023802655011 ], [ -104.077654664365312, 18.953790989487608 ], [ -104.078362932919873, 18.954528752239675 ], [ -104.07883392698723, 18.955237093489359 ], [ -104.079067643247555, 18.955916014914209 ], [ -104.07933166074335, 18.956482126558093 ], [ -104.079461506977381, 18.956682112673715 ], [ -104.079625979308332, 18.956935428302277 ], [ -104.07995059864399, 18.957275920003958 ], [ -104.080305518319534, 18.957503601496242 ], [ -104.080488598488188, 18.957657789535819 ], [ -104.080541100338365, 18.957843650405895 ], [ -104.080653630753304, 18.958973808904474 ], [ -104.080651773873257, 18.959312679755314 ], [ -104.080644655467466, 18.96061168456724 ], [ -104.0806431079112, 18.960894076893251 ], [ -104.08051324137098, 18.962926712308427 ], [ -104.080205593136938, 18.964901984656517 ], [ -104.079720157377807, 18.966819892835634 ], [ -104.079056928647049, 18.968680435245961 ] ] ] ] } },
{ "type": "Feature", "properties": { "VULNERABIL": 4.0, "fid": 40, "cat": 40 }, "geometry": { "type": "MultiPolygon", "coordinates": [ ] } },
{ "type": "Feature", "properties": { "VULNERABIL": 4.0, "fid": 41, "cat": 41 }, "geometry": { "type": "MultiPolygon", "coordinates": [ [ [ [ -104.044269288328962, 18.953000600397161 ], [ -104.043107469502914, 18.953757081214043 ], [ -104.042422308166039, 18.954240512519 ], [ -104.042019508525541, 18.954524717049186 ], [ -104.041115100028989, 18.955089795388112 ], [ -104.040395339670425, 18.955621421064098 ], [ -104.039590281795526, 18.956273671699922 ], [ -104.038855762466952, 18.956787732688369 ], [ -104.039245660018992, 18.955367865007293 ], [ -104.039572716672154, 18.95417684144412 ], [ -104.040703787324986, 18.950057885947786 ], [ -104.041365272805024, 18.947648991996818 ], [ -104.041893867274467, 18.945724039660913 ], [ -104.042285471226663, 18.946031744125882 ], [ -104.043245769120418, 18.946691871397704 ], [ -104.044213214599239, 18.947211152624302 ], [ -104.044803716835546, 18.947750751742081 ], [ -104.045274386932405, 18.948487410804304 ], [ -104.04562522479975, 18.949421130680786 ], [ -104.045856229481089, 18.950551911959558 ], [ -104.046227451601638, 18.952012728422098 ], [ -104.04516254323579, 18.952496886991597 ], [ -104.044269288328962, 18.953000600397161 ] ] ] ] } },
{ "type": "Feature", "properties": { "VULNERABIL": 4.0, "fid": 42, "cat": 42 }, "geometry": { "type": "MultiPolygon", "coordinates": [ [ [ [ -104.05174654933171, 18.937591793588879 ], [ -104.051274283438616, 18.93713754087138 ], [ -104.050771386763458, 18.936852569589263 ], [ -104.050237857995228, 18.936736879449157 ], [ -104.049709000123087, 18.936787116545652 ], [ -104.049673695613706, 18.93679047012521 ], [ -104.04907889788953, 18.937013341259092 ], [ -104.04839683026637, 18.936925124280894 ], [ -104.047627496694489, 18.936525818391289 ], [ -104.046770902016107, 18.935815422679799 ], [ -104.045827051964793, 18.934793936125054 ], [ -104.044941600955895, 18.933942184819532 ], [ -104.044114545501401, 18.933260169488896 ], [ -104.043345882445479, 18.932747890809704 ], [ -104.042635608964275, 18.932405349409503 ], [ -104.041969469897353, 18.932181901831605 ], [ -104.041198071542709, 18.932085200761037 ], [ -104.040524550277766, 18.918880074468046 ], [ -104.040089532547611, 18.910352026664121 ], [ -104.040017326978102, 18.908937809629755 ], [ -104.040245721956737, 18.909121201018024 ], [ -104.041085486016215, 18.910047336779719 ], [ -104.042061992311517, 18.910305418620325 ], [ -104.042027409589707, 18.909708782380214 ], [ -104.041621714920609, 18.909254827431937 ], [ -104.040911320903732, 18.908952931623194 ], [ -104.040336172452413, 18.908245056281565 ], [ -104.039969557317505, 18.908001259091876 ], [ -104.039754443738929, 18.903782976299233 ], [ -104.039448022077735, 18.89777591407201 ], [ -104.041051643961509, 18.899039558861134 ], [ -104.045171607265374, 18.901446502016405 ], [ -104.047162922081199, 18.902485949757619 ], [ -104.047742768888796, 18.902770129747342 ], [ -104.049573863494132, 18.903800041914135 ], [ -104.051519400743899, 18.904740312147464 ], [ -104.053396272744195, 18.905798832897318 ], [ -104.05607213476074, 18.907171179456128 ], [ -104.057806157972266, 18.908108506071667 ], [ -104.063116332380844, 18.911152468007707 ], [ -104.065437200447988, 18.912627802286291 ], [ -104.064029293536009, 18.914912006542277 ], [ -104.062242555980561, 18.918046600560118 ], [ -104.061181568511984, 18.920039520387466 ], [ -104.060103698956013, 18.921912296546001 ], [ -104.059263213657857, 18.923344863589794 ], [ -104.058621399341845, 18.92439509062595 ], [ -104.0578377819716, 18.925677333908567 ], [ -104.056191914158333, 18.928125847420926 ], [ -104.054620657294393, 18.930237779126674 ], [ -104.054297531356582, 18.930729450848666 ], [ -104.053289629210539, 18.932347052862553 ], [ -104.052508519784382, 18.934037460133066 ], [ -104.052313356231011, 18.934860549440732 ], [ -104.052286917990386, 18.935135086608543 ], [ -104.052292189619649, 18.935561309691799 ], [ -104.052408344126931, 18.936013741293085 ], [ -104.052464510256868, 18.936578826018255 ], [ -104.052460687459671, 18.937256563880034 ], [ -104.052339752923587, 18.937651304596905 ], [ -104.052101706541436, 18.937763047966019 ], [ -104.05174654933171, 18.937591793588879 ] ] ] ] } },
{ "type": "Feature", "properties": { "VULNERABIL": 3.0, "fid": 37, "cat": 38 }, "geometry": { "type": "MultiPolygon", "coordinates": [ [ [ [ -104.051919223492249, 18.970068489325655 ], [ -104.0511435002268, 18.970770512107528 ], [ -104.050308886180517, 18.971387510086089 ], [ -104.05066761409239, 18.971122316374739 ], [ -104.04941538205658, 18.97191948250865 ], [ -104.048462988734002, 18.972366428571878 ], [ -104.047481389552232, 18.972728500068555 ], [ -104.046470585862224, 18.973005696600801 ], [ -104.046322013596836, 18.973033171416148 ], [ -104.045430579098266, 18.973198017758584 ], [ -104.044634624300542, 18.973278003715592 ], [ -104.044243865307891, 18.973267524229009 ], [ -104.043561397167409, 18.973047176323195 ], [ -104.043030662007311, 18.972423161003174 ], [ -104.042857558339279, 18.971767979994514 ], [ -104.042769165453834, 18.9714334194224 ], [ -104.042776904079233, 18.970077952471499 ], [ -104.042456371351562, 18.969031425884587 ], [ -104.040830507166874, 18.967865186233276 ], [ -104.039525174306689, 18.967745464545814 ], [ -104.038487137388117, 18.967598881476423 ], [ -104.03771639598655, 18.96742544150877 ], [ -104.037428486495088, 18.967310898229179 ], [ -104.037153958550675, 18.967120726664543 ], [ -104.036898899287607, 18.966854853979346 ], [ -104.036742063096469, 18.966645229404296 ], [ -104.036264737846437, 18.966223319293881 ], [ -104.036742063096469, 18.966645229404296 ], [ -104.036264737846437, 18.966223319293881 ], [ -104.037396992598659, 18.962102914357342 ], [ -104.038855762466952, 18.956787732688365 ], [ -104.040395339670425, 18.955621421064098 ], [ -104.041115100028989, 18.955089795388112 ], [ -104.042019508525541, 18.954524717049186 ], [ -104.043107469502914, 18.953757081214043 ], [ -104.044269288328962, 18.953000600397157 ], [ -104.04516254323579, 18.952496886991597 ], [ -104.046227451601638, 18.952012728422098 ], [ -104.046950343937226, 18.952589573498738 ], [ -104.047567428040097, 18.953081981724043 ], [ -104.048432490340772, 18.953791808607725 ], [ -104.049333551559869, 18.954360898755603 ], [ -104.050014331319971, 18.954778652147475 ], [ -104.05088629985093, 18.955345662046604 ], [ -104.05164167698382, 18.955922498717431 ], [ -104.052496587432543, 18.956610422462873 ], [ -104.053413905898651, 18.957527740928981 ], [ -104.053836487646947, 18.957920843102624 ], [ -104.054582731503743, 18.958513089291984 ], [ -104.055204770372839, 18.958852333568814 ], [ -104.054997055978717, 18.961160432287418 ], [ -104.054868788502205, 18.962854168103664 ], [ -104.054712269101117, 18.964293600881859 ], [ -104.054527498077462, 18.965478730666462 ], [ -104.054314475935527, 18.966409557479523 ], [ -104.05407320338189, 18.967086081320762 ], [ -104.053713043573921, 18.967790237315821 ], [ -104.05407320338189, 18.967086081320762 ], [ -104.053713043573921, 18.967790237315821 ], [ -104.053233994852093, 18.968522024692081 ], [ -104.052636055449597, 18.969281442442522 ], [ -104.05288134538128, 18.968969909990651 ], [ -104.051919223492249, 18.970068489325655 ] ] ] ] } }
]
}
