{
"type": "FeatureCollection",
"name": "0609",
"crs": { "type": "name", "properties": { "name": "urn:ogc:def:crs:OGC:1.3:CRS84" } },
"features": [
{ "type": "Feature", "properties": { "fid": 1.0, "cat": 2, "VULNERABIL": 2.0, "CLAVE_ACUI": "0609", "NOM_ACUIF": "SANTIAGO-SALAGUA" }, "geometry": { "type": "MultiPolygon", "coordinates": [ [ [ [ 577825.860499999951571, 2126267.5502 ], [ 577807.860499999951571, 2126284.9877 ], [ 577649.980463809333742, 2126353.209667285438627 ], [ 577904.126460081664845, 2126701.452596027869731 ], [ 579455.475841632927768, 2125756.019717432092875 ], [ 579434.042594317346811, 2125748.390112890861928 ], [ 579411.827205906738527, 2125739.710904062259942 ], [ 579389.721766578964889, 2125729.89771056547761 ], [ 579361.193714349879883, 2125714.822386325802654 ], [ 579331.919182242592797, 2125698.357637615408748 ], [ 579306.507212934782729, 2125681.83650469686836 ], [ 579288.557684995466843, 2125667.017242099158466 ], [ 579267.13454014970921, 2125648.189067777246237 ], [ 579241.721264360356145, 2125624.75972116086632 ], [ 579220.733896306133829, 2125600.523238901980221 ], [ 579200.202543356339447, 2125576.342912166845053 ], [ 579180.744133531814441, 2125551.97782314941287 ], [ 579166.806526087922975, 2125534.116280262824148 ], [ 579148.227752335369587, 2125512.895835517905653 ], [ 579118.637447715154849, 2125488.215725952759385 ], [ 579106.037980308989063, 2125482.515827388036996 ], [ 579095.276573199895211, 2125479.397221346385777 ], [ 579084.319530877866782, 2125479.347010733559728 ], [ 579072.224521409254521, 2125481.124914547428489 ], [ 579043.348994042957202, 2125491.945901217404753 ], [ 579010.644125445280224, 2125507.350210081785917 ], [ 578975.15376260294579, 2125526.800691895652562 ], [ 578969.110499999951571, 2125530.1127 ], [ 578932.646415505558252, 2125556.323720808140934 ], [ 578773.110499999951571, 2125701.6127 ], [ 578715.360499999951571, 2125743.9877 ], [ 578685.233734798966907, 2125762.301292647607625 ], [ 578664.654100729967467, 2125768.846874556969851 ], [ 578641.860499999951571, 2125770.2377 ], [ 578594.610499999951571, 2125765.3627 ], [ 578503.637283961405046, 2125749.52462999895215 ], [ 578417.444667681818828, 2125734.518843133933842 ], [ 578351.317462457693182, 2125727.410238530486822 ], [ 578271.934211247251369, 2125723.530451647471637 ], [ 578200.405702614225447, 2125729.693286054767668 ], [ 578137.514124133624136, 2125739.541031555272639 ], [ 578046.883144995081238, 2125758.427304235287011 ], [ 577963.454249999951571, 2125785.70645 ], [ 577915.297999999951571, 2125804.5502 ], [ 577889.235499999951571, 2125822.7377 ], [ 577846.709511328255758, 2125865.263624604791403 ], [ 577824.503813711111434, 2125917.596158323809505 ], [ 577816.012567850179039, 2125973.676161277573556 ], [ 577814.101266563986428, 2126037.056325043085963 ], [ 577819.373769063851796, 2126073.963987571187317 ], [ 577824.670228408765979, 2126115.780366470571607 ], [ 577833.360499999951571, 2126176.6127 ], [ 577836.360499999951571, 2126222.9252 ], [ 577825.860499999951571, 2126267.5502 ] ] ] ] } },
{ "type": "Feature", "properties": { "fid": 2.0, "cat": 1, "VULNERABIL": 1.0, "CLAVE_ACUI": "0609", "NOM_ACUIF": "SANTIAGO-SALAGUA" }, "geometry": { "type": "MultiPolygon", "coordinates": [ [ [ [ 574539.983766713994555, 2116753.285486200358719 ], [ 574508.699974281480536, 2116762.146984393242747 ], [ 574715.888300506514497, 2116757.659188403282315 ], [ 574790.887175208888948, 2116791.660932839848101 ], [ 574922.88518560375087, 2116884.665724150836468 ], [ 575002.883971383795142, 2116971.670218060724437 ], [ 575171.881424973951653, 2117086.676140832714736 ], [ 575399.878027763217688, 2117101.676856963895261 ], [ 575468.055015216930769, 2117182.046479763928801 ], [ 575578.875305899768136, 2117312.687759075779468 ], [ 575334.87895950069651, 2117231.683622049167752 ], [ 575253.88016936450731, 2117215.682813806459308 ], [ 575104.37552369851619, 2117138.03067432763055 ], [ 574943.884826789959334, 2117054.674542158842087 ], [ 574842.88635515444912, 2116961.669742600060999 ], [ 574731.888034437084571, 2116860.664530382491648 ], [ 574422.892628109548241, 2116877.665496559813619 ], [ 574337.873610138311051, 2116847.2653489834629 ], [ 574255.360499999951571, 2116853.6127 ], [ 573936.860499999951571, 2116878.1127 ], [ 573849.485499999951571, 2116886.7377 ], [ 573760.235499999951571, 2116902.4877 ], [ 573720.110499999951571, 2116916.3627 ], [ 573622.110499999951571, 2116965.3627 ], [ 573593.797999999951571, 2116982.0502 ], [ 573559.672999999951571, 2117010.9252 ], [ 573539.235499999951571, 2117035.4877 ], [ 573477.985499999951571, 2117121.2377 ], [ 573460.922999999951571, 2117150.3002 ], [ 573442.547999999951571, 2117200.1752 ], [ 573433.360499999951571, 2117242.3627 ], [ 573408.860499999951571, 2117389.3627 ], [ 573396.110499999951571, 2117465.8627 ], [ 573345.110499999951571, 2117491.3627 ], [ 573247.110499999951571, 2117540.3627 ], [ 573219.922999999951571, 2117558.1752 ], [ 573191.047999999951571, 2117592.3002 ], [ 573176.985499999951571, 2117623.2377 ], [ 573140.235499999951571, 2117733.4877 ], [ 573121.110499999951571, 2117790.8627 ], [ 573070.110499999951571, 2117790.8627 ], [ 572972.110499999951571, 2117790.8627 ], [ 572921.110499999951571, 2117790.8627 ], [ 572908.360499999951571, 2117752.6127 ], [ 572883.860499999951571, 2117679.1127 ], [ 572871.860499999951571, 2117658.8627 ], [ 572840.360499999951571, 2117637.8627 ], [ 572807.360499999951571, 2117628.1127 ], [ 572684.860499999951571, 2117603.6127 ], [ 572651.297999999951571, 2117602.3002 ], [ 572617.172999999951571, 2117620.6752 ], [ 572601.985499999951571, 2117648.2377 ], [ 572565.235499999951571, 2117758.4877 ], [ 572546.110499999951571, 2117815.8627 ], [ 572501.485499999951571, 2117847.7377 ], [ 572415.735499999951571, 2117908.9877 ], [ 572371.110499999951571, 2117940.8627 ], [ 572332.860499999951571, 2117953.6127 ], [ 572259.360499999951571, 2117978.1127 ], [ 572221.110499999951571, 2117990.8627 ], [ 572195.610499999951571, 2117939.8627 ], [ 572146.610499999951571, 2117841.8627 ], [ 572129.360499999951571, 2117820.8627 ], [ 572097.860499999951571, 2117820.8627 ], [ 572070.110499999951571, 2117841.8627 ], [ 571972.110499999951571, 2117939.8627 ], [ 571921.110499999951571, 2117990.8627 ], [ 571806.360499999951571, 2118016.3627 ], [ 571585.860499999951571, 2118065.3627 ], [ 571471.110499999951571, 2118090.8627 ], [ 571464.735499999951571, 2118046.2377 ], [ 571452.485499999951571, 2117960.4877 ], [ 571446.110499999951571, 2117915.8627 ], [ 571469.93402941187378, 2117876.156817646697164 ], [ 571472.172999999951571, 2117868.8002 ], [ 571497.110499999951571, 2117813.8627 ], [ 571595.110499999951571, 2117617.8627 ], [ 571606.512939024250954, 2117593.045626829378307 ], [ 571641.261908450629562, 2117349.802840845193714 ], [ 571635.985499999951571, 2117331.2377 ], [ 571588.735499999951571, 2117262.9877 ], [ 571531.360499999951571, 2117201.1127 ], [ 571310.860499999951571, 2116980.6127 ], [ 571196.110499999951571, 2116865.8627 ], [ 571176.985499999951571, 2116821.2377 ], [ 571146.645925433607772, 2116750.445292860735208 ], [ 571143.491764549049549, 2116743.085613330826163 ], [ 571137.756235926295631, 2116732.75947971502319 ], [ 571131.86913652648218, 2116726.281229798682034 ], [ 571126.965964399510995, 2116723.000492586288601 ], [ 571121.919219492468983, 2116719.995051039848477 ], [ 571115.058147738804109, 2116717.421261080540717 ], [ 571109.32861749199219, 2116716.038649362046272 ], [ 571104.663880611187778, 2116715.520036848261952 ], [ 571098.32267048873473, 2116715.041765212547034 ], [ 571086.709520152769983, 2116714.753390577621758 ], [ 571063.691698922077194, 2116714.976705098990351 ], [ 571039.170549353235401, 2116716.571141043212265 ], [ 571017.058864017948508, 2116720.285519082099199 ], [ 570980.860499999951571, 2116729.1127 ], [ 570920.445612547453493, 2116753.142711045220494 ], [ 570860.009518895065412, 2116777.181156855076551 ], [ 570796.444608056452125, 2116802.464015154633671 ], [ 570734.217878045281395, 2116822.917085478082299 ], [ 570673.134301446028985, 2116838.300740053877234 ], [ 570635.437561720958911, 2116845.022131199017167 ], [ 570625.884495986392722, 2116846.725471653044224 ], [ 570617.488567813998088, 2116847.287872321438044 ], [ 570612.796184993349016, 2116846.990113414824009 ], [ 570595.284974832437001, 2116845.878936242777854 ], [ 570583.82054719957523, 2116843.945898337289691 ], [ 570571.110499999951571, 2116840.8627 ], [ 570560.353285065852106, 2116834.397409230470657 ], [ 570550.542435936862603, 2116826.254492366686463 ], [ 570537.284895191667601, 2116805.823475417681038 ], [ 570527.602007773821242, 2116785.640430266037583 ], [ 570518.153322999831289, 2116762.694922538939863 ], [ 570507.733259882661514, 2116727.48757132794708 ], [ 570501.523301252513193, 2116681.851749152876437 ], [ 570501.392603774322197, 2116623.60575220361352 ], [ 570508.860499999951571, 2116563.8627 ], [ 570533.360499999951571, 2116367.8627 ], [ 570538.047999999951571, 2116315.1752 ], [ 570535.422999999951571, 2116265.3002 ], [ 570526.985499999951571, 2116246.7377 ], [ 570490.235499999951571, 2116209.9877 ], [ 570478.422999999951571, 2116199.3002 ], [ 570460.047999999951571, 2116186.1752 ], [ 570445.610499999951571, 2116178.1127 ], [ 570396.610499999951571, 2116153.6127 ], [ 570378.235499999951571, 2116153.9877 ], [ 570341.485499999951571, 2116180.2377 ], [ 570307.360499999951571, 2116217.3627 ], [ 570184.860499999951571, 2116364.3627 ], [ 570121.110499999951571, 2116440.8627 ], [ 570070.110499999951571, 2116440.8627 ], [ 569972.110499999951571, 2116440.8627 ], [ 569921.110499999951571, 2116440.8627 ], [ 569671.341269230470061, 2116191.09346923045814 ], [ 569621.110499999951571, 2116140.8627 ], [ 569521.110499999951571, 2116190.8627 ], [ 569501.985499999951571, 2116209.9877 ], [ 569465.235499999951571, 2116246.7377 ], [ 569455.672999999951571, 2116260.8002 ], [ 569447.797999999951571, 2116289.6752 ], [ 569446.110499999951571, 2116316.8627 ], [ 569446.110499999951571, 2116414.8627 ], [ 569452.860499999951571, 2116457.2377 ], [ 569484.360499999951571, 2116556.9877 ], [ 569522.610499999951571, 2116657.1127 ], [ 569669.610499999951571, 2117024.6127 ], [ 569746.110499999951571, 2117215.8627 ], [ 569746.110499999951571, 2117445.3627 ], [ 569746.110499999951571, 2117886.3627 ], [ 569747.235499999951571, 2118006.7377 ], [ 569752.485499999951571, 2118127.4877 ], [ 569758.860499999951571, 2118179.6127 ], [ 569783.360499999951571, 2118302.1127 ], [ 569793.110499999951571, 2118338.4877 ], [ 569814.110499999951571, 2118385.7377 ], [ 569834.360499999951571, 2118416.8627 ], [ 569907.860499999951571, 2118514.8627 ], [ 569946.110499999951571, 2118565.8627 ], [ 569946.110499999951571, 2118616.8627 ], [ 569946.110499999951571, 2118714.8627 ], [ 569946.110499999951571, 2118765.8627 ], [ 569922.539071428473108, 2118789.434128571301699 ], [ 569911.047999999951571, 2118815.5502 ], [ 569875.985499999951571, 2118874.2377 ], [ 569762.777166666579433, 2119049.196033333428204 ], [ 569708.720394259667955, 2119128.326068580150604 ], [ 569521.110499999951571, 2119190.8627 ], [ 569463.735499999951571, 2119248.2377 ], [ 569353.485499999951571, 2119358.4877 ], [ 569322.547999999951571, 2119396.1752 ], [ 569288.468990565976128, 2119461.71175660379231 ], [ 569206.177749698399566, 2119764.669394813012332 ], [ 569037.985499999951571, 2119970.2377 ], [ 569021.110499999951571, 2119990.8627 ], [ 569003.610499999951571, 2119990.8627 ], [ 568221.110499999951571, 2119990.8627 ], [ 568170.110499999951571, 2120016.3627 ], [ 568072.110499999951571, 2120065.3627 ], [ 568021.110499999951571, 2120090.8627 ], [ 567880.860499999951571, 2120090.8627 ], [ 567611.360499999951571, 2120090.8627 ], [ 567491.24011209316086, 2120090.862634092569351 ], [ 567477.81332228356041, 2120087.384676770307124 ], [ 567470.23299896903336, 2120085.421136612538248 ], [ 567448.388203770271502, 2120072.722803293727338 ], [ 567427.59061522828415, 2120051.050285193137825 ], [ 567419.40269123215694, 2120038.454981269314885 ], [ 567404.217052032588981, 2120007.388930696528405 ], [ 567396.899330248939805, 2119978.057515956927091 ], [ 567394.05899711640086, 2119947.2874462204054 ], [ 567396.110499999951571, 2119915.8627 ], [ 567434.360499999951571, 2119801.1127 ], [ 567507.860499999951571, 2119580.6127 ], [ 567525.860499999951571, 2119515.3627 ], [ 567536.360499999951571, 2119431.3627 ], [ 567533.360499999951571, 2119376.6127 ], [ 567508.860499999951571, 2119205.1127 ], [ 567491.235499999951571, 2119150.3627 ], [ 567433.485499999951571, 2119066.3627 ], [ 567368.610499999951571, 2119001.1127 ], [ 567123.610499999951571, 2118780.6127 ], [ 567032.139693984063342, 2118687.470513341482729 ], [ 566975.586109756026417, 2118614.551724390126765 ], [ 566945.110499999951571, 2118563.8627 ], [ 566847.110499999951571, 2118367.8627 ], [ 566821.610499999951571, 2118314.6127 ], [ 566800.610499999951571, 2118262.1127 ], [ 566796.110499999951571, 2118240.3627 ], [ 566793.820520026609302, 2118219.648753272369504 ], [ 566795.329734061611816, 2118201.006796095985919 ], [ 566796.926835916237906, 2118192.325993361882865 ], [ 566801.51021887420211, 2118184.003885280806571 ], [ 566810.699270976125263, 2118171.48091261414811 ], [ 566829.813825152348727, 2118154.186152518726885 ], [ 566850.668266565422527, 2118138.075562685728073 ], [ 566880.991199902025983, 2118119.4455226957798 ], [ 566916.953898468753323, 2118104.577342705335468 ], [ 566949.630912668188103, 2118091.038776957429945 ], [ 566986.359612468746491, 2118070.410533120390028 ], [ 567016.651453510276042, 2118046.449064979329705 ], [ 567044.91340341954492, 2118018.520586921833456 ], [ 567092.333734014653601, 2117971.659784084185958 ], [ 567190.792762626195326, 2117843.328564536292106 ], [ 567200.107395600993186, 2117831.187892502173781 ], [ 567210.0099576797802, 2117822.374964271206409 ], [ 567218.842336394242011, 2117816.288315020967275 ], [ 567237.001038431888446, 2117808.227141867391765 ], [ 567257.746082882280461, 2117802.052454083692282 ], [ 567276.312750421464443, 2117799.488220024853945 ], [ 567295.904003067407757, 2117798.859213415533304 ], [ 567326.712969821295701, 2117804.763317454606295 ], [ 567374.630442971130833, 2117816.742582721635699 ], [ 567410.596333175431937, 2117825.734071045182645 ], [ 567439.611050854204223, 2117829.02418973762542 ], [ 567461.342051119892858, 2117827.882640017196536 ], [ 567486.672999999951571, 2117818.5502 ], [ 567515.735499999951571, 2117796.2377 ], [ 567601.485499999951571, 2117710.4877 ], [ 567630.547999999951571, 2117670.1752 ], [ 567680.422999999951571, 2117567.8002 ], [ 567722.610499999951571, 2117461.8627 ], [ 567857.875205882242881, 2117101.156817647628486 ], [ 567918.345645901397802, 2116885.66065679397434 ], [ 567930.926631038077176, 2116820.469338102266192 ], [ 567939.896370889851823, 2116760.21469704573974 ], [ 567942.781036699423566, 2116718.87055162480101 ], [ 567943.652751954155974, 2116694.342005126178265 ], [ 567941.798704817309044, 2116669.748276407830417 ], [ 567939.891518182354048, 2116648.94329485623166 ], [ 567936.830693560652435, 2116631.171081539709121 ], [ 567932.951110702590086, 2116615.656573681160808 ], [ 567926.135360696469434, 2116595.957658018916845 ], [ 567919.658555166213773, 2116578.70942470151931 ], [ 567905.185920592048205, 2116546.467166454996914 ], [ 567895.110499999951571, 2116526.6127 ], [ 567797.110499999951571, 2116355.1127 ], [ 567746.110499999951571, 2116265.8627 ], [ 567726.825370796374045, 2116209.234390071127564 ], [ 567716.707751974463463, 2116174.570798350963742 ], [ 567710.906246534315869, 2116141.336897757370025 ], [ 567703.902221567579545, 2116070.732179636601359 ], [ 567699.968538757762872, 2116031.078615432139486 ], [ 567698.074708218686283, 2116001.144936042837799 ], [ 567698.212856708909385, 2115977.995380595326424 ], [ 567702.28662790521048, 2115953.882335847243667 ], [ 567711.428024708176963, 2115930.029182170983404 ], [ 567723.54601260565687, 2115911.374317931942642 ], [ 567737.390588901820593, 2115896.000757784117013 ], [ 567761.869234845158644, 2115873.489700058009475 ], [ 567778.271984225837514, 2115861.088221804704517 ], [ 567804.346094358246773, 2115843.705549461301416 ], [ 567858.709812321001664, 2115807.463158453349024 ], [ 567919.610499999951571, 2115766.8627 ], [ 567957.860499999951571, 2115732.3627 ], [ 567976.299958388903178, 2115702.293014707043767 ], [ 567989.360499999951571, 2115669.3627 ], [ 567996.110499999951571, 2115613.8627 ], [ 567996.110499999951571, 2115490.8627 ], [ 567996.110499999951571, 2115417.8627 ], [ 567993.860499999951571, 2115363.4877 ], [ 567992.535052002989687, 2115345.064492315519601 ], [ 567990.06725943274796, 2115326.795742689631879 ], [ 567983.360499999951571, 2115305.7377 ], [ 567977.605480485595763, 2115290.420954935252666 ], [ 567970.610499999951571, 2115277.6127 ], [ 567938.273649383569136, 2115229.107340411283076 ], [ 567921.610499999951571, 2115204.1127 ], [ 567910.271678905701265, 2115187.104443427175283 ], [ 567906.352399549563415, 2115176.429348834790289 ], [ 567905.134591345442459, 2115171.096483281813562 ], [ 567904.697784847929142, 2115165.508169238455594 ], [ 567905.493827794678509, 2115159.637914847582579 ], [ 567907.276538833393715, 2115153.584972626529634 ], [ 567910.66391744685825, 2115146.45810157712549 ], [ 567915.831096120062284, 2115139.568527521565557 ], [ 567934.360499999951571, 2115114.8627 ], [ 568014.823749191244133, 2115016.726602218579501 ], [ 568028.091013397439383, 2114995.157533611636609 ], [ 568039.920613362104632, 2114975.925776902586222 ], [ 568047.79332192603033, 2114949.864760929252952 ], [ 568050.172803036402911, 2114925.637861858122051 ], [ 568051.037192080169916, 2114897.627907641232014 ], [ 568049.17580859886948, 2114872.429525158368051 ], [ 568045.639025902375579, 2114849.283365744166076 ], [ 568041.488500827690586, 2114832.958586021326482 ], [ 568034.529141024686396, 2114816.07804941246286 ], [ 568028.151002182508819, 2114802.790849634911865 ], [ 568018.195745166391134, 2114783.549192905891687 ], [ 568011.422396045178175, 2114772.504217866342515 ], [ 568005.661793794366531, 2114764.762970586773008 ], [ 567997.372080560657196, 2114755.909281417261809 ], [ 567986.781673383316956, 2114747.750627455301583 ], [ 567967.322604251443408, 2114736.449306666851044 ], [ 567924.390835696249269, 2114717.030399095732719 ], [ 567815.219573573209345, 2114680.753007193561643 ], [ 567768.177681058645248, 2114668.146871808450669 ], [ 567734.797042855294421, 2114662.566063514910638 ], [ 567664.441880336031318, 2114656.822021801024675 ], [ 567618.409695952082984, 2114653.063736640382558 ], [ 567596.047158884699456, 2114654.206585314590484 ], [ 567568.86763764033094, 2114658.736494448035955 ], [ 567552.020608508726582, 2114664.182487581390887 ], [ 567538.566908194217831, 2114669.626181593164802 ], [ 567521.534124679164961, 2114679.020556400995702 ], [ 567504.741475779097527, 2114690.639431490097195 ], [ 567462.914273026632145, 2114722.009870229754597 ], [ 567422.110499999951571, 2114752.6127 ], [ 567385.447085054242052, 2114775.792651135474443 ], [ 567349.170359264709987, 2114795.625427810009569 ], [ 567310.951210773084313, 2114813.399565835949033 ], [ 567276.844455234357156, 2114826.176745673175901 ], [ 567217.794680437771603, 2114848.298034938517958 ], [ 567136.376710203709081, 2114878.79892130382359 ], [ 567094.953676728066057, 2114894.316862039733678 ], [ 567049.719880448072217, 2114906.456894161645323 ], [ 567032.057007491355762, 2114909.821110049728304 ], [ 567023.029262647265568, 2114911.118589987512678 ], [ 567015.57462633063551, 2114911.392551021650434 ], [ 567002.71279382519424, 2114910.956893311813474 ], [ 566997.280481242341921, 2114910.426422954071313 ], [ 566991.760862385504879, 2114909.447200996335596 ], [ 566974.041048585786484, 2114906.303584530483931 ], [ 566967.928392330068164, 2114905.676390123087913 ], [ 566961.579347039805725, 2114905.908223904669285 ], [ 566953.967928793746978, 2114906.877432061359286 ], [ 566946.515072799520567, 2114909.203190596308559 ], [ 566936.36470991326496, 2114914.048962651751935 ], [ 566925.073950060759671, 2114920.180255909450352 ], [ 566915.715452581876889, 2114926.168040570802987 ], [ 566896.110499999951571, 2114940.8627 ], [ 566806.860499999951571, 2115087.4877 ], [ 566635.360499999951571, 2115369.2377 ], [ 566546.110499999951571, 2115515.8627 ], [ 566306.794184685568325, 2115755.179015314206481 ], [ 566293.879161709919572, 2115768.09403828997165 ], [ 566073.610499999951571, 2115988.3627 ], [ 565955.975428614881821, 2116087.803371113725007 ], [ 566030.472179551841691, 2116196.804065053816885 ], [ 566130.47735123289749, 2116343.130268839653581 ], [ 566441.590179635444656, 2116798.365374237764627 ], [ 566563.091960229328834, 2116976.1603988930583 ], [ 566725.70952019712422, 2117214.127528253942728 ], [ 564842.863953279098496, 2117645.345437748357654 ], [ 563019.94546637032181, 2118063.040785979945213 ], [ 561798.001692281803116, 2120903.489154864102602 ], [ 559471.110505339107476, 2122417.502764514647424 ], [ 562849.183423089329153, 2123657.848822305910289 ], [ 564777.647668975172564, 2124366.292401622980833 ], [ 568658.517966814222746, 2128115.862749761436135 ], [ 569924.227931846282445, 2127556.796719360165298 ], [ 573095.460974369081669, 2126156.588577077258378 ], [ 573094.291405725060031, 2126155.450333352666348 ], [ 574106.50596354866866, 2124311.760509195737541 ], [ 574987.052162050269544, 2122705.387437839061022 ], [ 577649.980463809333742, 2126353.209667285438627 ], [ 577807.860499999951571, 2126284.9877 ], [ 577825.860499999951571, 2126267.5502 ], [ 577836.360499999951571, 2126222.9252 ], [ 577833.360499999951571, 2126176.6127 ], [ 577824.670228408765979, 2126115.780366470571607 ], [ 577819.373769063851796, 2126073.963987571187317 ], [ 577814.101266563986428, 2126037.056325043085963 ], [ 577816.012567850179039, 2125973.676161277573556 ], [ 577824.503813711111434, 2125917.596158323809505 ], [ 577846.709511328255758, 2125865.263624604791403 ], [ 577889.235499999951571, 2125822.7377 ], [ 577915.297999999951571, 2125804.5502 ], [ 577963.454249999951571, 2125785.70645 ], [ 578046.883144995081238, 2125758.427304235287011 ], [ 578137.514124133624136, 2125739.541031555272639 ], [ 578200.405702614225447, 2125729.693286054767668 ], [ 578271.934211247251369, 2125723.530451647471637 ], [ 578351.317462457693182, 2125727.410238530486822 ], [ 578417.444667681818828, 2125734.518843133933842 ], [ 578503.637283961405046, 2125749.52462999895215 ], [ 578594.610499999951571, 2125765.3627 ], [ 578641.860499999951571, 2125770.2377 ], [ 578664.654100729967467, 2125768.846874556969851 ], [ 578685.233734798966907, 2125762.301292647607625 ], [ 578715.360499999951571, 2125743.9877 ], [ 578773.110499999951571, 2125701.6127 ], [ 578932.646415505558252, 2125556.323720808140934 ], [ 578969.110499999951571, 2125530.1127 ], [ 578975.15376260294579, 2125526.800691895652562 ], [ 579010.644125445280224, 2125507.350210081785917 ], [ 579043.348994042957202, 2125491.945901217404753 ], [ 579072.224521409254521, 2125481.124914547428489 ], [ 579084.319530877866782, 2125479.347010733559728 ], [ 579095.276573199895211, 2125479.397221346385777 ], [ 579106.037980308989063, 2125482.515827388036996 ], [ 579118.637447715154849, 2125488.215725952759385 ], [ 579148.227752335369587, 2125512.895835517905653 ], [ 579166.806526087922975, 2125534.116280262824148 ], [ 579180.744133531814441, 2125551.97782314941287 ], [ 579200.202543356339447, 2125576.342912166845053 ], [ 579220.733896306133829, 2125600.523238901980221 ], [ 579241.721264360356145, 2125624.75972116086632 ], [ 579267.13454014970921, 2125648.189067777246237 ], [ 579288.557684995466843, 2125667.017242099158466 ], [ 579306.507212934782729, 2125681.83650469686836 ], [ 579331.919182242592797, 2125698.357637615408748 ], [ 579361.193714349879883, 2125714.822386325802654 ], [ 579389.721766578964889, 2125729.89771056547761 ], [ 579411.827205906738527, 2125739.710904062259942 ], [ 579434.042594317346811, 2125748.390112890861928 ], [ 579455.475841632927768, 2125756.019717432092875 ], [ 580287.493622610345483, 2125249.059573649894446 ], [ 580962.111549511435442, 2124838.053138866554946 ], [ 582081.076919291983359, 2124156.42526889173314 ], [ 582795.129321361659095, 2122157.633894031867385 ], [ 583358.925856430549175, 2120579.750624992884696 ], [ 589442.800762749859132, 2117380.125260474625975 ], [ 589548.523674896918237, 2117324.550882785115391 ], [ 589600.183121938374825, 2117297.396036736667156 ], [ 589567.664253562688828, 2117153.278153178282082 ], [ 589540.059203366166912, 2117024.816023402381688 ], [ 589505.543294742936268, 2116808.132265524938703 ], [ 589502.529392069322057, 2116749.486469752620906 ], [ 589502.997315222863108, 2116725.872924582101405 ], [ 589506.353916431195103, 2116701.816929109860212 ], [ 589510.809419072698802, 2116680.081636459566653 ], [ 589517.681358116329648, 2116652.720550737343729 ], [ 589526.720566490897909, 2116622.724965250119567 ], [ 589534.802347741555423, 2116600.778681709896773 ], [ 589547.171072740340605, 2116575.415262606460601 ], [ 589555.851130929659121, 2116564.438436219934374 ], [ 589568.063016917090863, 2116552.778267268557101 ], [ 589582.313198712188751, 2116541.905961062759161 ], [ 589605.900805148528889, 2116526.297191931866109 ], [ 589628.39178639871534, 2116515.286868014838547 ], [ 589656.789923518663272, 2116506.25279236305505 ], [ 589684.836294220061973, 2116500.032746873795986 ], [ 589715.816679995507002, 2116494.763942837715149 ], [ 589739.191755805630237, 2116492.001293451525271 ], [ 589766.590736192651093, 2116490.862657493911684 ], [ 589817.433849545428529, 2116490.862699999473989 ], [ 589956.360499999951571, 2116490.8627 ], [ 590044.140304435160942, 2116490.862635591067374 ], [ 590060.796963123138994, 2116490.862670695409179 ], [ 590071.548278099391609, 2116491.414461608976126 ], [ 590083.034153188811615, 2116492.838110915850848 ], [ 590092.42579656932503, 2116494.394045453518629 ], [ 590107.763727034558542, 2116499.951898107305169 ], [ 590120.112950263195671, 2116506.863928852602839 ], [ 590129.883999133948237, 2116514.495871509425342 ], [ 590136.662244240869768, 2116520.660827975254506 ], [ 590150.837553103454411, 2116537.365434512495995 ], [ 590154.922648407751694, 2116542.726711323484778 ], [ 590167.744010636233725, 2116559.553459999617189 ], [ 590177.905093968380243, 2116574.131728644482791 ], [ 590188.151098691974767, 2116592.515533496625721 ], [ 590194.584558004047722, 2116611.386676937807351 ], [ 590197.510993907693774, 2116626.931778246536851 ], [ 590199.498492390965112, 2116649.335586189758033 ], [ 590198.291799124679528, 2116667.849878769833595 ], [ 590194.538809844991192, 2116690.780668604653329 ], [ 590189.216201979666948, 2116713.410240323282778 ], [ 590178.49012070230674, 2116748.172074743546546 ], [ 590159.380549146211706, 2116810.10371082695201 ], [ 590136.373072566464543, 2116896.136746068950742 ], [ 590111.170603161328472, 2116986.944325032178313 ], [ 590091.348745758994482, 2117039.223761156201363 ], [ 590161.632412115810439, 2117002.282097078859806 ], [ 590395.714677028474398, 2116879.249532066751271 ], [ 590910.469627738231793, 2116608.712749216239899 ], [ 589762.834071410004981, 2114806.06000390695408 ], [ 588704.921845666482113, 2113144.73565731337294 ], [ 586390.858013058896177, 2114268.9351088530384 ], [ 585284.394245914998464, 2114806.617753406520933 ], [ 584917.801393806701526, 2113868.337406975682825 ], [ 582487.223115952336229, 2113711.151226103771478 ], [ 580605.933931964915246, 2116641.614207066595554 ], [ 577121.859564518439583, 2116173.892459791153669 ], [ 576284.114418041775934, 2116061.531332003884017 ], [ 576123.326881331973709, 2115852.723048940766603 ], [ 575963.309018430532888, 2115644.920644305180758 ], [ 575700.328438094235025, 2115303.422513024415821 ], [ 575082.504157629096881, 2114501.202852942049503 ], [ 574425.605825495324098, 2113648.350305739790201 ], [ 574152.756653073942289, 2113294.140862375497818 ], [ 573904.676587640191428, 2112972.102273800875992 ], [ 573787.425034668762237, 2112819.900535544380546 ], [ 573774.688769673928618, 2112822.74784710817039 ], [ 573767.94096941081807, 2112824.256385087501258 ], [ 573761.151109934202395, 2112826.748215063475072 ], [ 573754.395703324466012, 2112829.868206597864628 ], [ 573748.709310344420373, 2112832.939916278701276 ], [ 573741.905928055057302, 2112838.191774135455489 ], [ 573734.569997150800191, 2112844.515468825120479 ], [ 573728.808246304281056, 2112849.919266797136515 ], [ 573720.998168789315969, 2112858.424468382727355 ], [ 573714.280674950219691, 2112867.201576007530093 ], [ 573706.626067947363481, 2112879.037580107338727 ], [ 573673.517737126792781, 2112932.011120596900582 ], [ 573574.851115162251517, 2113089.877715739887208 ], [ 573548.970157507690601, 2113131.28724798746407 ], [ 573515.145534340874292, 2113185.406541020143777 ], [ 573496.110499999951571, 2113215.8627 ], [ 573479.735195533256046, 2113233.561105862259865 ], [ 573458.111643550684676, 2113249.264468396548182 ], [ 573432.038909878931008, 2113263.13633645651862 ], [ 573411.776132897823118, 2113277.26667266478762 ], [ 573396.980528136366047, 2113289.663203432224691 ], [ 573322.172999999951571, 2113366.7377 ], [ 573256.360499999951571, 2113417.3627 ], [ 573071.110499999951571, 2113540.8627 ], [ 573035.860499999951571, 2113564.3627 ], [ 572971.735499999951571, 2113604.8627 ], [ 572892.985499999951571, 2113646.8627 ], [ 572844.610499999951571, 2113666.3627 ], [ 572697.610499999951571, 2113715.3627 ], [ 572650.922999999951571, 2113735.9877 ], [ 572580.047999999951571, 2113783.2377 ], [ 572525.485499999951571, 2113830.1127 ], [ 572341.735499999951571, 2114001.6127 ], [ 572317.155391581007279, 2114029.096741930581629 ], [ 572299.355034156469628, 2114051.254881669767201 ], [ 572280.998782411334105, 2114081.361363649368286 ], [ 572275.761236611986533, 2114095.626660136971623 ], [ 572273.672999999951571, 2114111.6752 ], [ 572276.78081053448841, 2114131.721290959510952 ], [ 572284.360499999951571, 2114148.2377 ], [ 572307.109863180899993, 2114182.361565257422626 ], [ 572335.327336979098618, 2114226.326137221883982 ], [ 572359.188968998845667, 2114263.504037894308567 ], [ 572368.59079391695559, 2114282.031760951504111 ], [ 572377.267926493193954, 2114302.058501061052084 ], [ 572388.343687294749543, 2114336.308536354452372 ], [ 572393.493815135443583, 2114368.829659841489047 ], [ 572396.110503459349275, 2114410.450880616903305 ], [ 572396.110499999951571, 2114443.3627 ], [ 572396.110513961641118, 2114516.454447004478425 ], [ 572396.110499999951571, 2114688.3627 ], [ 572401.735499999951571, 2114761.1127 ], [ 572427.985499999951571, 2114855.6127 ], [ 572459.860499999951571, 2114917.8627 ], [ 572627.1683430908015, 2115108.024526084307581 ], [ 572654.157271340722218, 2115151.206639172974974 ], [ 572660.466931759146973, 2115161.302092051599175 ], [ 572662.470315028796904, 2115164.976458757184446 ], [ 572666.129580821143463, 2115173.83804876729846 ], [ 572668.271327030379325, 2115182.600806816015393 ], [ 572669.728075832594186, 2115196.948264449834824 ], [ 572669.189980701543391, 2115210.495731933042407 ], [ 572667.815982858650386, 2115219.154990476090461 ], [ 572664.52583526307717, 2115231.700456650927663 ], [ 572654.60592368489597, 2115250.670151904225349 ], [ 572643.404776658746414, 2115267.084900829475373 ], [ 572631.691420548479073, 2115278.970646116416901 ], [ 572608.579224798013456, 2115296.953380735591054 ], [ 572591.055018071085215, 2115305.739346641115844 ], [ 572566.975673124426976, 2115314.344288419466466 ], [ 572550.699856117367744, 2115318.514422786422074 ], [ 572528.460418267175555, 2115324.212529946584255 ], [ 572517.362588345305994, 2115326.382352614309639 ], [ 572507.539100611465983, 2115327.209743257146329 ], [ 572482.030930205481127, 2115327.854586258996278 ], [ 572440.583052912726998, 2115328.902458339929581 ], [ 572402.682432879810221, 2115335.144233260303736 ], [ 572366.735499999951571, 2115346.2377 ], [ 572311.610499999951571, 2115379.2377 ], [ 572238.110499999951571, 2115447.4877 ], [ 572188.235499999951571, 2115511.9877 ], [ 572028.985499999951571, 2115744.7377 ], [ 571993.735499999951571, 2115813.7377 ], [ 571985.362877960316837, 2115844.288710583001375 ], [ 571980.451839955290779, 2115881.80126615986228 ], [ 571982.061246759956703, 2115904.595089069567621 ], [ 571986.430651304544881, 2115934.812725648283958 ], [ 571994.915628480375744, 2115959.678417242132127 ], [ 572005.190527521306649, 2115981.899390946608037 ], [ 572018.993848336278461, 2116000.312093995045871 ], [ 572036.256113534444012, 2116021.020965408999473 ], [ 572048.225807909853756, 2116032.788353921379894 ], [ 572062.900477732997388, 2116043.54261239618063 ], [ 572080.717881155898795, 2116053.687547544017434 ], [ 572104.028907628264278, 2116071.695147448219359 ], [ 572123.620875834603794, 2116090.546175628900528 ], [ 572145.736627490143292, 2116119.322452905122191 ], [ 572160.369703355245292, 2116147.119914137292653 ], [ 572174.427718400023878, 2116178.978137820959091 ], [ 572189.202572583802976, 2116209.754418020136654 ], [ 572202.833038711571135, 2116226.600160869304091 ], [ 572221.110499999951571, 2116240.8627 ], [ 572251.815753387403674, 2116248.722776516806334 ], [ 572290.040684168692678, 2116250.376872938126326 ], [ 572367.120103381457739, 2116239.294995192438364 ], [ 572510.812196923419833, 2116216.037219363730401 ], [ 572556.346171832410619, 2116208.667161937337369 ], [ 572658.47744835994672, 2116192.136354457587004 ], [ 572752.227378923329525, 2116176.962138427421451 ], [ 572831.297999999951571, 2116151.9252 ], [ 572902.172999999951571, 2116133.5502 ], [ 572906.536036461591721, 2116131.400979169178754 ], [ 572909.430319871520624, 2116129.478731120470911 ], [ 572912.0567649488803, 2116126.029095417354256 ], [ 572913.690588318975642, 2116123.411672368180007 ], [ 572914.748074433882721, 2116118.100167999509722 ], [ 572914.770926736411639, 2116111.489435871131718 ], [ 572913.865823205094784, 2116103.21504994854331 ], [ 572912.365190904121846, 2116098.697754006367177 ], [ 572910.150452852947637, 2116094.052310354076326 ], [ 572902.485499999951571, 2116084.9877 ], [ 572898.013492658967152, 2116076.1467703897506 ], [ 572896.110499999951571, 2116065.8627 ], [ 572895.511252402560785, 2116057.652873397804797 ], [ 572896.734811911708675, 2116049.449589150492102 ], [ 572900.873605549451895, 2116041.947100320830941 ], [ 572907.943021196173504, 2116035.020154718775302 ], [ 572915.277187590952963, 2116028.90880991704762 ], [ 572927.042920592939481, 2116020.308748956304044 ], [ 572938.992755322251469, 2116014.090412166435272 ], [ 572950.454755425686017, 2116010.752393452450633 ], [ 572962.644014587625861, 2116007.981186499353498 ], [ 572975.392273466684856, 2116008.537133505102247 ], [ 572987.109759057406336, 2116010.569897911511362 ], [ 573000.653968186466955, 2116018.179213853087276 ], [ 573010.811195115325972, 2116025.46593611408025 ], [ 573053.520994059043005, 2116060.034636093303561 ], [ 573097.078968092682771, 2116100.594931689556688 ], [ 573130.393536788062192, 2116136.907883311156183 ], [ 573155.524268443696201, 2116169.350776338484138 ], [ 573174.18546601687558, 2116192.951521809212863 ], [ 573187.359176582773216, 2116212.826577594969422 ], [ 573200.468949927249923, 2116237.38423484750092 ], [ 573208.581234981771559, 2116256.783980052452534 ], [ 573221.217521402519196, 2116281.78327301889658 ], [ 573234.491953339078464, 2116301.204995105974376 ], [ 573246.343176265479997, 2116313.885557567235082 ], [ 573262.166035913978703, 2116327.276661104988307 ], [ 573282.741319443099201, 2116341.903775631915778 ], [ 573299.403955827932805, 2116350.577598709613085 ], [ 573318.159776159096509, 2116360.341068044304848 ], [ 573320.304273553774692, 2116361.037896449677646 ], [ 573354.081568976864219, 2116372.013418717775494 ], [ 573391.794806569698267, 2116378.298831386957318 ], [ 573418.860499999951571, 2116378.8627 ], [ 573513.360499999951571, 2116357.8627 ], [ 573612.360499999951571, 2116327.1127 ], [ 573979.860499999951571, 2116204.6127 ], [ 574078.860499999951571, 2116167.1127 ], [ 574173.360499999951571, 2116114.6127 ], [ 574189.249220330733806, 2116101.77117744833231 ], [ 574202.635225274716504, 2116084.118194505572319 ], [ 574243.155898738652468, 2116009.982605702243745 ], [ 574256.94603743031621, 2115984.752671963069588 ], [ 574271.362340966472402, 2115954.783603640738875 ], [ 574277.997024924261495, 2115940.59270288143307 ], [ 574287.111985287512653, 2115929.47281034803018 ], [ 574297.997403946355917, 2115920.716839464381337 ], [ 574309.349747012951411, 2115914.924475722014904 ], [ 574324.99756942212116, 2115910.085257642902434 ], [ 574386.958631909685209, 2115897.693001660052687 ], [ 574421.110499999951571, 2115890.8627 ], [ 574431.539452885044739, 2115887.082886905409396 ], [ 574440.051503389608115, 2115881.268951275385916 ], [ 574445.566122751333751, 2115875.533835346344858 ], [ 574454.256393814575858, 2115865.557973382994533 ], [ 574472.110499999951571, 2115839.8627 ], [ 574503.83756101783365, 2115783.739903591107577 ], [ 574513.104486668016762, 2115767.014564125798643 ], [ 574518.583050941117108, 2115758.542534068226814 ], [ 574524.445693765184842, 2115750.881011771503836 ], [ 574530.781820581178181, 2115743.664915146306157 ], [ 574539.9641362442635, 2115735.491465414874256 ], [ 574551.812414216226898, 2115727.819130557589233 ], [ 574559.739612021716312, 2115723.784976860508323 ], [ 574571.335378915769979, 2115718.849555466789752 ], [ 574588.207139363512397, 2115715.026474736165255 ], [ 574599.663857367821038, 2115712.889370806515217 ], [ 574617.214068461442366, 2115713.145379412919283 ], [ 574628.093807398807257, 2115714.68769120844081 ], [ 574640.565407390822656, 2115719.205054400023073 ], [ 574652.011026870459318, 2115726.243902871850878 ], [ 574660.962968942010775, 2115734.965822869446129 ], [ 574668.885435370961204, 2115747.441509660799056 ], [ 574684.590960424160585, 2115780.776572518516332 ], [ 574700.02792176452931, 2115821.566832933574915 ], [ 574713.639312941697426, 2115871.936326837632805 ], [ 574740.720707175089046, 2116007.38718828279525 ], [ 574752.315199733013287, 2116164.66275202203542 ], [ 574745.425863908370957, 2116248.858057698234916 ], [ 574738.951773140928708, 2116288.619420432019979 ], [ 574727.80082728038542, 2116319.070730225648731 ], [ 574714.592160528176464, 2116340.714303865563124 ], [ 574695.110499999951571, 2116366.8627 ], [ 574597.110499999951571, 2116464.8627 ], [ 574572.735499999951571, 2116493.7377 ], [ 574556.985499999951571, 2116530.4877 ], [ 574558.860499999951571, 2116554.1127 ], [ 574583.360499999951571, 2116627.6127 ], [ 574596.110499999951571, 2116665.8627 ], [ 574599.575912365340628, 2116684.039851897861809 ], [ 574598.80169356870465, 2116694.557847836054862 ], [ 574596.011935626273043, 2116706.712066974956542 ], [ 574590.352413340006024, 2116716.626229429151863 ], [ 574580.061268378398381, 2116728.614750187844038 ], [ 574569.062677796580829, 2116738.845987043343484 ], [ 574561.805881792213768, 2116743.587082009762526 ], [ 574555.401889890432358, 2116747.430287256836891 ], [ 574548.249265902908519, 2116750.359946430660784 ], [ 574539.983766713994555, 2116753.285486200358719 ] ], [ [ 583595.052454715478234, 2114248.798906504642218 ], [ 583611.497442147461697, 2114255.939995352644473 ], [ 583634.552663816837594, 2114268.053910292219371 ], [ 583650.54185766831506, 2114276.455146058928221 ], [ 583686.963474671705626, 2114298.380272030830383 ], [ 583731.142237238702364, 2114329.133827504236251 ], [ 583738.465042709256522, 2114337.034331392962486 ], [ 583744.198258346877992, 2114345.233934651594609 ], [ 583746.427185781882145, 2114355.673307177610695 ], [ 583746.110499999951571, 2114365.8627 ], [ 583744.224537948844954, 2114374.349556507077068 ], [ 583740.643804742838256, 2114381.754854910541326 ], [ 583731.437290234141983, 2114392.253567279782146 ], [ 583720.649319298565388, 2114401.269121302757412 ], [ 583704.368504938203841, 2114413.253389630932361 ], [ 583686.708890806068666, 2114423.853663345333189 ], [ 583673.360499999951571, 2114431.8627 ], [ 583623.380650788778439, 2114463.207102567888796 ], [ 583571.110499999951571, 2114490.8627 ], [ 583527.020371926249936, 2114511.78247140860185 ], [ 583472.358885160996579, 2114517.77238294808194 ], [ 583420.718608106370084, 2114511.300080722663552 ], [ 583381.306944845477119, 2114495.063382038846612 ], [ 583360.330814796499908, 2114470.863734213635325 ], [ 583351.63018706406001, 2114445.718995575793087 ], [ 583347.238711268641055, 2114398.412554896902293 ], [ 583347.055249840253964, 2114366.580316815059632 ], [ 583348.321768954279833, 2114347.911808885168284 ], [ 583350.251713820034638, 2114334.210364520084113 ], [ 583351.854377299197949, 2114315.461716025136411 ], [ 583350.339400769560598, 2114294.152101854328066 ], [ 583346.149477207451127, 2114272.85714658210054 ], [ 583336.342125431983732, 2114245.977990697603673 ], [ 583322.901843830826692, 2114218.396937143057585 ], [ 583314.275464883656241, 2114196.224044773261994 ], [ 583306.035684132599272, 2114165.488516117446125 ], [ 583296.110499999951571, 2114115.8627 ], [ 583286.09874483384192, 2114074.142518901266158 ], [ 583284.548819474759512, 2114064.317519263364375 ], [ 583284.147127636359073, 2114059.002553468104452 ], [ 583284.682428776752204, 2114053.556373158469796 ], [ 583286.106343666790053, 2114047.709987270645797 ], [ 583288.945673421141692, 2114041.179340224247426 ], [ 583292.682974851457402, 2114036.657204512972385 ], [ 583297.579303566366434, 2114033.461039509624243 ], [ 583303.740561328711919, 2114031.959014679770917 ], [ 583310.522829517023638, 2114031.420572293456644 ], [ 583317.145094514940865, 2114031.14248624863103 ], [ 583323.861679877969436, 2114032.504402155056596 ], [ 583332.294383120140992, 2114035.221257646102458 ], [ 583340.438358383835293, 2114039.122907317243516 ], [ 583347.817493155132979, 2114044.181107138283551 ], [ 583356.909194355714135, 2114053.204056308139116 ], [ 583364.800133077427745, 2114062.222280658315867 ], [ 583394.657047300133854, 2114096.344468342140317 ], [ 583409.292257087654434, 2114113.07033406291157 ], [ 583428.994178241118789, 2114135.586765308398753 ], [ 583452.815430392394774, 2114162.811098416801542 ], [ 583468.610499999951571, 2114180.8627 ], [ 583487.157251271884888, 2114200.224943124689162 ], [ 583503.369970393949188, 2114217.150578161235899 ], [ 583511.389226274564862, 2114223.271849478129297 ], [ 583519.942553955130279, 2114228.365158983506262 ], [ 583529.846540671773255, 2114233.311438983306289 ], [ 583540.974210236570798, 2114236.926558796782047 ], [ 583561.797437682864256, 2114240.593714734073728 ], [ 583578.690225343336351, 2114243.568703699856997 ], [ 583595.052454715478234, 2114248.798906504642218 ] ] ] ] } },
{ "type": "Feature", "properties": { "fid": 3.0, "cat": 4, "VULNERABIL": 2.0, "CLAVE_ACUI": "0609", "NOM_ACUIF": "SANTIAGO-SALAGUA" }, "geometry": { "type": "MultiPolygon", "coordinates": [ [ [ [ 589567.664253562688828, 2117153.278153178282082 ], [ 589600.183121938374825, 2117297.396036736667156 ], [ 589891.74119603051804, 2117144.141350298188627 ], [ 590091.348745758994482, 2117039.223761156201363 ], [ 590111.170603161328472, 2116986.944325032178313 ], [ 590136.373072566464543, 2116896.136746068950742 ], [ 590159.380549146211706, 2116810.10371082695201 ], [ 590189.216201979666948, 2116713.410240323282778 ], [ 590194.538809844991192, 2116690.780668604653329 ], [ 590198.291799124679528, 2116667.849878769833595 ], [ 590199.498492390965112, 2116649.335586189758033 ], [ 590197.510993907693774, 2116626.931778246536851 ], [ 590194.584558004047722, 2116611.386676937807351 ], [ 590188.151098691974767, 2116592.515533496625721 ], [ 590177.905093968380243, 2116574.131728644482791 ], [ 590167.744010636233725, 2116559.553459999617189 ], [ 590150.837553103454411, 2116537.365434512495995 ], [ 590136.662244240869768, 2116520.660827975254506 ], [ 590129.883999133948237, 2116514.495871509425342 ], [ 590120.112950263195671, 2116506.863928852602839 ], [ 590107.763727034558542, 2116499.951898107305169 ], [ 590092.42579656932503, 2116494.394045453518629 ], [ 590083.034153188811615, 2116492.838110915850848 ], [ 590071.548278099391609, 2116491.414461608976126 ], [ 590060.796963123138994, 2116490.862670695409179 ], [ 590044.140304435160942, 2116490.862635591067374 ], [ 589956.360499999951571, 2116490.8627 ], [ 589817.433849545428529, 2116490.862699999473989 ], [ 589766.590736192651093, 2116490.862657493911684 ], [ 589739.191755805630237, 2116492.001293451525271 ], [ 589715.816679995507002, 2116494.763942837715149 ], [ 589684.836294220061973, 2116500.032746873795986 ], [ 589656.789923518663272, 2116506.25279236305505 ], [ 589628.39178639871534, 2116515.286868014838547 ], [ 589605.900805148528889, 2116526.297191931866109 ], [ 589582.313198712188751, 2116541.905961062759161 ], [ 589568.063016917090863, 2116552.778267268557101 ], [ 589555.851130929659121, 2116564.438436219934374 ], [ 589547.171072740340605, 2116575.415262606460601 ], [ 589534.802347741555423, 2116600.778681709896773 ], [ 589526.720566490897909, 2116622.724965250119567 ], [ 589517.681358116329648, 2116652.720550737343729 ], [ 589510.809419072698802, 2116680.081636459566653 ], [ 589506.353916431195103, 2116701.816929109860212 ], [ 589502.997315222863108, 2116725.872924582101405 ], [ 589502.529392069322057, 2116749.486469752620906 ], [ 589505.543294742936268, 2116808.132265524938703 ], [ 589540.059203366166912, 2117024.816023402381688 ], [ 589567.664253562688828, 2117153.278153178282082 ] ] ] ] } },
{ "type": "Feature", "properties": { "fid": 4.0, "cat": 5, "VULNERABIL": 1.0, "CLAVE_ACUI": "0609", "NOM_ACUIF": "SANTIAGO-SALAGUA" }, "geometry": { "type": "MultiPolygon", "coordinates": [ ] } },
{ "type": "Feature", "properties": { "fid": 5.0, "cat": 6, "VULNERABIL": 2.0, "CLAVE_ACUI": "0609", "NOM_ACUIF": "SANTIAGO-SALAGUA" }, "geometry": { "type": "MultiPolygon", "coordinates": [ [ [ [ 566635.360499999951571, 2115369.2377 ], [ 566806.860499999951571, 2115087.4877 ], [ 566896.110499999951571, 2114940.8627 ], [ 566860.014073125435971, 2114932.567536029033363 ], [ 566829.209416107274592, 2114930.581253088545054 ], [ 566775.222333081183024, 2114934.290261192247272 ], [ 566738.55796004680451, 2114940.832456939853728 ], [ 566499.861673428909853, 2114983.423795857001096 ], [ 566446.637154982076026, 2114987.661336337216198 ], [ 566412.949026331538334, 2114988.682851845864207 ], [ 566389.187557354103774, 2114986.524991595651954 ], [ 566370.597141257603653, 2114981.670706691686064 ], [ 566358.122602182324044, 2114975.766751497518271 ], [ 566347.836685028974898, 2114965.583673564251512 ], [ 566345.639817139715888, 2114953.321994257159531 ], [ 566345.552067526499741, 2114939.996167439967394 ], [ 566348.007238805643283, 2114928.698279850650579 ], [ 566285.953368444577791, 2114935.747493220958859 ], [ 566290.434709011460654, 2114941.097604522015899 ], [ 566292.733784013311379, 2114944.557148701976985 ], [ 566294.449653195682913, 2114948.481303944252431 ], [ 566296.148295897059143, 2114953.846021719276905 ], [ 566297.724283086135983, 2114963.688134762924165 ], [ 566297.769373990595341, 2114971.33130240580067 ], [ 566296.908784182276577, 2114977.111645886208862 ], [ 566295.006195314228535, 2114982.969958157744259 ], [ 566291.481977458694018, 2114990.388100877869874 ], [ 566284.761041041114368, 2114999.152280163485557 ], [ 566275.496273524360731, 2115007.121338755358011 ], [ 566201.838107481366023, 2115065.802642219234258 ], [ 566158.754983267746866, 2115100.473571458365768 ], [ 566116.368696124758571, 2115131.494225820992142 ], [ 566063.619055486982688, 2115166.235519764944911 ], [ 566002.392400476615876, 2115199.764405950438231 ], [ 565966.58826389152091, 2115218.146936998236924 ], [ 565913.980598153313622, 2115244.363405164331198 ], [ 565860.008831227896735, 2115266.371433242689818 ], [ 565786.528142673079856, 2115292.238969339057803 ], [ 565692.146288067800924, 2115321.134501963388175 ], [ 565632.537029846338555, 2115335.100284348707646 ], [ 565573.478378606378101, 2115348.937020329292864 ], [ 565523.673506983206607, 2115364.197657426353544 ], [ 565472.181460361229256, 2115379.975426743738353 ], [ 565748.851397951482795, 2115784.756383910775185 ], [ 565955.975428614881821, 2116087.803371113725007 ], [ 566073.610499999951571, 2115988.3627 ], [ 566293.879161709919572, 2115768.09403828997165 ], [ 566306.794184685568325, 2115755.179015314206481 ], [ 566546.110499999951571, 2115515.8627 ], [ 566635.360499999951571, 2115369.2377 ] ] ] ] } },
{ "type": "Feature", "properties": { "fid": 6.0, "cat": 8, "VULNERABIL": 3.0, "CLAVE_ACUI": "0609", "NOM_ACUIF": "SANTIAGO-SALAGUA" }, "geometry": { "type": "MultiPolygon", "coordinates": [ [ [ [ 566038.598551690229215, 2114833.144739816430956 ], [ 565992.347314625512809, 2114814.786237854976207 ], [ 565938.432385283522308, 2114799.011837005149573 ], [ 565899.377667631953955, 2114795.205354259815067 ], [ 565814.915671412134543, 2114789.186880674213171 ], [ 565723.068852536962368, 2114789.351616744417697 ], [ 565658.715246330830269, 2114791.48909672582522 ], [ 565590.144398567150347, 2114797.098077682778239 ], [ 565508.806604477460496, 2114805.356856141239405 ], [ 565447.032410798594356, 2114808.166140380315483 ], [ 565320.444744869484566, 2114807.715944959316403 ], [ 565145.652957292739302, 2114791.080005391966552 ], [ 565146.224775248090737, 2114824.415440825279802 ], [ 565146.235023246961646, 2114827.424428568221629 ], [ 565145.733542904024944, 2114831.335704834666103 ], [ 565144.760832211002707, 2114834.443448881153017 ], [ 565142.861767231486738, 2114837.013653914444149 ], [ 565140.294647389440797, 2114839.249980318360031 ], [ 565135.941731816972606, 2114841.625655922107399 ], [ 565131.483084141858853, 2114843.350889712106436 ], [ 565127.702105190022849, 2114844.355331133119762 ], [ 565122.668528900947422, 2114845.34784589195624 ], [ 565108.503732733544894, 2114847.932693005539477 ], [ 565326.949849942699075, 2115167.503961267415434 ], [ 565472.181460361229256, 2115379.975426743738353 ], [ 565523.673506983206607, 2115364.197657426353544 ], [ 565573.478378606378101, 2115348.937020329292864 ], [ 565632.537029846338555, 2115335.100284348707646 ], [ 565692.146288067800924, 2115321.134501963388175 ], [ 565786.528142673079856, 2115292.238969339057803 ], [ 565860.008831227896735, 2115266.371433242689818 ], [ 565913.980598153313622, 2115244.363405164331198 ], [ 565966.58826389152091, 2115218.146936998236924 ], [ 566002.392400476615876, 2115199.764405950438231 ], [ 566063.619055486982688, 2115166.235519764944911 ], [ 566116.368696124758571, 2115131.494225820992142 ], [ 566158.754983267746866, 2115100.473571458365768 ], [ 566201.838107481366023, 2115065.802642219234258 ], [ 566275.496273524360731, 2115007.121338755358011 ], [ 566284.761041041114368, 2114999.152280163485557 ], [ 566291.481977458694018, 2114990.388100877869874 ], [ 566295.006195314228535, 2114982.969958157744259 ], [ 566296.908784182276577, 2114977.111645886208862 ], [ 566297.769373990595341, 2114971.33130240580067 ], [ 566297.724283086135983, 2114963.688134762924165 ], [ 566296.148295897059143, 2114953.846021719276905 ], [ 566294.449653195682913, 2114948.481303944252431 ], [ 566292.733784013311379, 2114944.557148701976985 ], [ 566290.434709011460654, 2114941.097604522015899 ], [ 566285.953368444577791, 2114935.747493220958859 ], [ 566278.797975891618989, 2114929.538049683906138 ], [ 566273.140297696809284, 2114925.74346888391301 ], [ 566267.386335934977978, 2114922.347798389848322 ], [ 566263.594642209936865, 2114920.649421901442111 ], [ 566218.145259706070647, 2114905.192084112204611 ], [ 566152.715904900338501, 2114878.714610296767205 ], [ 566110.263527355273254, 2114859.388983947690576 ], [ 566080.604895612457767, 2114847.122930449433625 ], [ 566038.598551690229215, 2114833.144739816430956 ] ] ] ] } },
{ "type": "Feature", "properties": { "fid": 7.0, "cat": 11, "VULNERABIL": 4.0, "CLAVE_ACUI": "0609", "NOM_ACUIF": "SANTIAGO-SALAGUA" }, "geometry": { "type": "MultiPolygon", "coordinates": [ [ [ [ 566633.223978014197201, 2114224.624555276706815 ], [ 566636.236524153617211, 2114166.604463889729232 ], [ 566632.493992016185075, 2114116.396468593738973 ], [ 566627.38877461606171, 2114088.196072994731367 ], [ 566616.056061701499857, 2114037.123216118197888 ], [ 566596.87870454590302, 2113978.476699919905514 ], [ 566485.403037986252457, 2113987.64021408604458 ], [ 566438.709008363308385, 2113991.478756100405008 ], [ 566363.826332353753969, 2114061.491423751693219 ], [ 566087.029536423273385, 2114073.237645000219345 ], [ 566028.32103735068813, 2114081.601218776777387 ], [ 565711.33898153482005, 2114083.421062914188951 ], [ 565444.869096874142997, 2114097.456601771526039 ], [ 565263.026596598443575, 2114068.193571435753256 ], [ 565257.419970890041441, 2114103.132701953873038 ], [ 565252.533323407988064, 2114155.257720761932433 ], [ 565251.725150941754691, 2114201.377462171949446 ], [ 565254.38000159827061, 2114253.432435241062194 ], [ 565253.509660588111728, 2114328.641269964165986 ], [ 565249.536008515045978, 2114379.191200696863234 ], [ 565233.94232110644225, 2114486.597111685201526 ], [ 565228.710288410889916, 2114526.738919708412141 ], [ 565217.667050742311403, 2114611.466631435323507 ], [ 565210.477896429714747, 2114666.624789159744978 ], [ 565208.278216374572366, 2114675.05650959443301 ], [ 565204.274833697127178, 2114684.739164484199136 ], [ 565196.003720043692738, 2114700.329275588970631 ], [ 565192.794305730494671, 2114704.290442306082696 ], [ 565189.334848565864377, 2114707.797175528015941 ], [ 565186.17309077444952, 2114710.692189734429121 ], [ 565183.197015589801595, 2114713.02086729509756 ], [ 565180.255816983990371, 2114715.052767926361412 ], [ 565176.923525523161516, 2114717.232382304500788 ], [ 565173.344238354358822, 2114719.378571869805455 ], [ 565166.636736873653717, 2114723.032589772716165 ], [ 565144.136188636301085, 2114735.290149703621864 ], [ 565145.652957292739302, 2114791.080005391966552 ], [ 565320.444744869484566, 2114807.715944959316403 ], [ 565447.032410798594356, 2114808.166140380315483 ], [ 565508.806604477460496, 2114805.356856141239405 ], [ 565590.144398567150347, 2114797.098077682778239 ], [ 565658.715246330830269, 2114791.48909672582522 ], [ 565723.068852536962368, 2114789.351616744417697 ], [ 565814.915671412134543, 2114789.186880674213171 ], [ 565899.377667631953955, 2114795.205354259815067 ], [ 565938.432385283522308, 2114799.011837005149573 ], [ 565992.347314625512809, 2114814.786237854976207 ], [ 566038.598551690229215, 2114833.144739816430956 ], [ 566080.604895612457767, 2114847.122930449433625 ], [ 566110.263527355273254, 2114859.388983947690576 ], [ 566152.715904900338501, 2114878.714610296767205 ], [ 566218.145259706070647, 2114905.192084112204611 ], [ 566263.594642209936865, 2114920.649421901442111 ], [ 566267.386335934977978, 2114922.347798389848322 ], [ 566273.140297696809284, 2114925.74346888391301 ], [ 566278.797975891618989, 2114929.538049683906138 ], [ 566285.953368444577791, 2114935.747493220958859 ], [ 566348.007238805643283, 2114928.698279850650579 ], [ 566351.399801501305774, 2114917.978561828844249 ], [ 566355.019473103107885, 2114909.884964433498681 ], [ 566361.714961822144687, 2114897.553670704364777 ], [ 566420.135399871971458, 2114789.959680850617588 ], [ 566560.479451037244871, 2114531.485139682888985 ], [ 566591.279582717921585, 2114460.698115167208016 ], [ 566604.213066802360117, 2114413.195869877934456 ], [ 566612.958826524205506, 2114356.348577592056245 ], [ 566626.959705583751202, 2114265.342311687767506 ], [ 566633.223978014197201, 2114224.624555276706815 ] ], [ [ 566116.016867758822627, 2114278.532677780836821 ], [ 566363.01319554913789, 2114274.53241061931476 ], [ 566385.012862363015302, 2114299.53370367968455 ], [ 566369.013086566934362, 2114356.536667772568762 ], [ 566347.01340241136495, 2114403.53911394206807 ], [ 566294.014174241572618, 2114471.542658138088882 ], [ 566213.015376457478851, 2114481.543196955695748 ], [ 566160.016175237600692, 2114437.540924662258476 ], [ 566138.016509130131453, 2114409.539475829340518 ], [ 566029.018132533761673, 2114399.538982653990388 ], [ 566001.018541989265941, 2114428.540495431981981 ], [ 565951.01928724697791, 2114421.540143880527467 ], [ 565929.019623279571533, 2114384.538227621465921 ], [ 565897.020124293747358, 2114279.53278221283108 ], [ 566116.016867758822627, 2114278.532677780836821 ] ] ] ] } },
{ "type": "Feature", "properties": { "fid": 9.0, "cat": 12, "VULNERABIL": 2.0, "CLAVE_ACUI": "0609", "NOM_ACUIF": "SANTIAGO-SALAGUA" }, "geometry": { "type": "MultiPolygon", "coordinates": [ ] } },
{ "type": "Feature", "properties": { "fid": 11.0, "cat": 7, "VULNERABIL": 3.0, "CLAVE_ACUI": "0609", "NOM_ACUIF": "SANTIAGO-SALAGUA" }, "geometry": { "type": "MultiPolygon", "coordinates": [ [ [ [ 568200.98341318545863, 2115069.028531176969409 ], [ 568201.056129059637897, 2115065.153628731146455 ], [ 568200.896111136768013, 2115061.968065452296287 ], [ 568200.314923548256047, 2115056.323584388010204 ], [ 568197.91593980230391, 2115043.689141086302698 ], [ 568192.941948711522855, 2115017.588540566619486 ], [ 568191.840662514208816, 2115010.696961455047131 ], [ 568192.067751915426925, 2115007.338738219812512 ], [ 568192.889741809573025, 2115002.726599937770516 ], [ 568194.329828347894363, 2115000.053266080096364 ], [ 568196.1458962156903, 2114997.231756597291678 ], [ 568198.030432627652772, 2114995.032141300383955 ], [ 568200.360274945269339, 2114993.10608280915767 ], [ 568202.575617623049766, 2114991.767931862734258 ], [ 568207.288086964865215, 2114989.856312893331051 ], [ 568214.977408371167257, 2114986.394262165296823 ], [ 568221.787409384269267, 2114981.832357248757035 ], [ 568230.142599505023099, 2114973.80462828790769 ], [ 568237.547642591758631, 2114963.985918286722153 ], [ 568241.030433050356805, 2114954.664481112733483 ], [ 568243.711823304416612, 2114943.057303193025291 ], [ 568245.876192637719214, 2114920.271917038597167 ], [ 568246.921494761947542, 2114902.621892876457423 ], [ 568247.082789993612096, 2114882.487736493814737 ], [ 568246.789319020346738, 2114872.873321619816124 ], [ 568246.310675178654492, 2114867.93004399118945 ], [ 568245.582692831056193, 2114864.696428610943258 ], [ 568244.795992927392945, 2114862.958093781024218 ], [ 568243.023977027856745, 2114860.078222792129964 ], [ 568241.315984032931738, 2114858.428790512029082 ], [ 568239.104124928824604, 2114856.792801139876246 ], [ 568236.408393194549717, 2114855.409063674509525 ], [ 568233.571577244321816, 2114854.598121971357614 ], [ 568228.448462435859255, 2114853.900741802528501 ], [ 568221.966052722418681, 2114852.327341076917946 ], [ 568216.754960092250258, 2114850.611527213826776 ], [ 568209.875625000102445, 2114847.745181845966727 ], [ 568202.262870956212282, 2114843.938801698386669 ], [ 568178.329527105786838, 2114831.972151203546673 ], [ 568167.047437534667552, 2114825.644767657853663 ], [ 568158.621508421259932, 2114819.956641757395118 ], [ 568144.572562026442029, 2114808.469722419511527 ], [ 568137.131696856115013, 2114801.586873685475439 ], [ 568130.248583080712706, 2114795.905838457401842 ], [ 568117.574066396569833, 2114787.492642145138234 ], [ 568107.737999266362749, 2114781.816639807075262 ], [ 568092.944855574867688, 2114774.916079949121922 ], [ 568081.8719439212, 2114770.433122259099036 ], [ 568075.24729210161604, 2114767.246043846476823 ], [ 568067.90708099049516, 2114763.345794360619038 ], [ 568055.740912249661051, 2114755.573814363684505 ], [ 568044.24849165789783, 2114748.232251179404557 ], [ 568036.255513728363439, 2114744.333578728605062 ], [ 568029.60848135210108, 2114742.285093776416034 ], [ 568021.035460194339976, 2114740.613505273126066 ], [ 568015.11984754819423, 2114740.317734576761723 ], [ 568007.190787339466624, 2114740.592727837152779 ], [ 567999.732792310765944, 2114742.119999412912875 ], [ 567995.393153271987103, 2114743.608358422294259 ], [ 567992.373428616672754, 2114745.060896617360413 ], [ 567986.781673383316956, 2114747.750627455301583 ], [ 567997.372080560657196, 2114755.909281417261809 ], [ 568005.661793794366531, 2114764.762970586773008 ], [ 568011.422396045178175, 2114772.504217866342515 ], [ 568018.195745166391134, 2114783.549192905891687 ], [ 568028.151002182508819, 2114802.790849634911865 ], [ 568034.529141024686396, 2114816.07804941246286 ], [ 568041.488500827690586, 2114832.958586021326482 ], [ 568045.639025902375579, 2114849.283365744166076 ], [ 568049.17580859886948, 2114872.429525158368051 ], [ 568051.037192080169916, 2114897.627907641232014 ], [ 568050.172803036402911, 2114925.637861858122051 ], [ 568047.79332192603033, 2114949.864760929252952 ], [ 568039.920613362104632, 2114975.925776902586222 ], [ 568028.091013397439383, 2114995.157533611636609 ], [ 568014.823749191244133, 2115016.726602218579501 ], [ 567934.360499999951571, 2115114.8627 ], [ 567915.831096120062284, 2115139.568527521565557 ], [ 567910.66391744685825, 2115146.45810157712549 ], [ 567907.276538833393715, 2115153.584972626529634 ], [ 567905.493827794678509, 2115159.637914847582579 ], [ 567904.697784847929142, 2115165.508169238455594 ], [ 567905.134591345442459, 2115171.096483281813562 ], [ 567906.352399549563415, 2115176.429348834790289 ], [ 567910.271678905701265, 2115187.104443427175283 ], [ 567921.610499999951571, 2115204.1127 ], [ 567938.273649383569136, 2115229.107340411283076 ], [ 567970.610499999951571, 2115277.6127 ], [ 567977.605480485595763, 2115290.420954935252666 ], [ 567983.360499999951571, 2115305.7377 ], [ 567990.06725943274796, 2115326.795742689631879 ], [ 567992.535052002989687, 2115345.064492315519601 ], [ 567993.860499999951571, 2115363.4877 ], [ 567996.110499999951571, 2115417.8627 ], [ 567996.110499999951571, 2115490.8627 ], [ 568011.445362891769037, 2115493.134162206668407 ], [ 568028.080439077690244, 2115494.744492253754288 ], [ 568046.025122157414444, 2115495.198160238098353 ], [ 568062.341867362498306, 2115494.289575962815434 ], [ 568071.722934644087218, 2115493.366173100657761 ], [ 568080.577577592339367, 2115491.214135457295924 ], [ 568084.480978590785526, 2115489.234153596218675 ], [ 568088.460337657714263, 2115486.602325070649385 ], [ 568094.254689619527198, 2115479.302225914318115 ], [ 568098.81984822882805, 2115469.175123951863497 ], [ 568103.793685737415217, 2115454.120169295929372 ], [ 568116.504492874839343, 2115418.098503069020808 ], [ 568123.80220792023465, 2115401.593373445328325 ], [ 568136.90252562914975, 2115368.095940575003624 ], [ 568144.623891649651341, 2115351.364958545658737 ], [ 568154.134659191244282, 2115335.638518664985895 ], [ 568163.771395017043687, 2115323.409416162408888 ], [ 568170.746104485588148, 2115315.456009261310101 ], [ 568179.836673631798476, 2115306.850720807909966 ], [ 568186.238564203726128, 2115300.985331870149821 ], [ 568189.012343081412837, 2115297.913722664117813 ], [ 568190.885881779366173, 2115295.416786091867834 ], [ 568192.297558107064106, 2115292.634363120887429 ], [ 568193.600965022807941, 2115288.930832981597632 ], [ 568194.606567471520975, 2115282.724150386173278 ], [ 568194.818229492637329, 2115273.50528939627111 ], [ 568194.01410348713398, 2115263.462410382460803 ], [ 568193.667016451945528, 2115251.59640614176169 ], [ 568194.362928809598088, 2115230.805317603051662 ], [ 568195.506440279772505, 2115215.924064097460359 ], [ 568197.714728571940213, 2115199.221606472507119 ], [ 568198.620155479176901, 2115186.579069143626839 ], [ 568198.541022582678124, 2115180.475602537859231 ], [ 568197.475253895390779, 2115169.556564146652818 ], [ 568195.284342025406659, 2115160.259455471299589 ], [ 568193.593097309116274, 2115153.082685679197311 ], [ 568190.997169363428839, 2115145.341035435441881 ], [ 568189.148481305106543, 2115137.824607862625271 ], [ 568187.796700865030289, 2115124.495008698664606 ], [ 568189.235772804124281, 2115112.644819175358862 ], [ 568196.056454589939676, 2115086.532818818930537 ], [ 568199.249580732779577, 2115076.419308761134744 ], [ 568200.566036220756359, 2115071.522715076804161 ], [ 568200.98341318545863, 2115069.028531176969409 ] ] ] ] } },
{ "type": "Feature", "properties": { "fid": 12.0, "cat": 3, "VULNERABIL": 2.0, "CLAVE_ACUI": "0609", "NOM_ACUIF": "SANTIAGO-SALAGUA" }, "geometry": { "type": "MultiPolygon", "coordinates": [ [ [ [ 571196.110499999951571, 2116865.8627 ], [ 571310.860499999951571, 2116980.6127 ], [ 571531.360499999951571, 2117201.1127 ], [ 571588.735499999951571, 2117262.9877 ], [ 571635.985499999951571, 2117331.2377 ], [ 571641.261908450629562, 2117349.802840845193714 ], [ 571606.512939024250954, 2117593.045626829378307 ], [ 571595.110499999951571, 2117617.8627 ], [ 571497.110499999951571, 2117813.8627 ], [ 571472.172999999951571, 2117868.8002 ], [ 571469.93402941187378, 2117876.156817646697164 ], [ 571446.110499999951571, 2117915.8627 ], [ 571452.485499999951571, 2117960.4877 ], [ 571464.735499999951571, 2118046.2377 ], [ 571471.110499999951571, 2118090.8627 ], [ 571585.860499999951571, 2118065.3627 ], [ 571806.360499999951571, 2118016.3627 ], [ 571921.110499999951571, 2117990.8627 ], [ 571972.110499999951571, 2117939.8627 ], [ 572070.110499999951571, 2117841.8627 ], [ 572097.860499999951571, 2117820.8627 ], [ 572129.360499999951571, 2117820.8627 ], [ 572146.610499999951571, 2117841.8627 ], [ 572195.610499999951571, 2117939.8627 ], [ 572221.110499999951571, 2117990.8627 ], [ 572259.360499999951571, 2117978.1127 ], [ 572332.860499999951571, 2117953.6127 ], [ 572371.110499999951571, 2117940.8627 ], [ 572415.735499999951571, 2117908.9877 ], [ 572501.485499999951571, 2117847.7377 ], [ 572546.110499999951571, 2117815.8627 ], [ 572565.235499999951571, 2117758.4877 ], [ 572601.985499999951571, 2117648.2377 ], [ 572617.172999999951571, 2117620.6752 ], [ 572651.297999999951571, 2117602.3002 ], [ 572684.860499999951571, 2117603.6127 ], [ 572807.360499999951571, 2117628.1127 ], [ 572840.360499999951571, 2117637.8627 ], [ 572871.860499999951571, 2117658.8627 ], [ 572883.860499999951571, 2117679.1127 ], [ 572908.360499999951571, 2117752.6127 ], [ 572921.110499999951571, 2117790.8627 ], [ 572972.110499999951571, 2117790.8627 ], [ 573070.110499999951571, 2117790.8627 ], [ 573121.110499999951571, 2117790.8627 ], [ 573140.235499999951571, 2117733.4877 ], [ 573176.985499999951571, 2117623.2377 ], [ 573191.047999999951571, 2117592.3002 ], [ 573219.922999999951571, 2117558.1752 ], [ 573247.110499999951571, 2117540.3627 ], [ 573345.110499999951571, 2117491.3627 ], [ 573396.110499999951571, 2117465.8627 ], [ 573408.860499999951571, 2117389.3627 ], [ 573433.360499999951571, 2117242.3627 ], [ 573442.547999999951571, 2117200.1752 ], [ 573460.922999999951571, 2117150.3002 ], [ 573477.985499999951571, 2117121.2377 ], [ 573539.235499999951571, 2117035.4877 ], [ 573559.672999999951571, 2117010.9252 ], [ 573593.797999999951571, 2116982.0502 ], [ 573622.110499999951571, 2116965.3627 ], [ 573720.110499999951571, 2116916.3627 ], [ 573760.235499999951571, 2116902.4877 ], [ 573849.485499999951571, 2116886.7377 ], [ 573936.860499999951571, 2116878.1127 ], [ 574255.360499999951571, 2116853.6127 ], [ 574337.873610138311051, 2116847.2653489834629 ], [ 574243.895309115760028, 2116813.662222965154797 ], [ 573999.899001111625694, 2116586.650505758356303 ], [ 574275.89485937601421, 2116715.657127481885254 ], [ 574438.892420858028345, 2116763.659574948716909 ], [ 574508.699974281480536, 2116762.146984393242747 ], [ 574539.983766713994555, 2116753.285486200358719 ], [ 574548.249265902908519, 2116750.359946430660784 ], [ 574555.401889890432358, 2116747.430287256836891 ], [ 574561.805881792213768, 2116743.587082009762526 ], [ 574569.062677796580829, 2116738.845987043343484 ], [ 574580.061268378398381, 2116728.614750187844038 ], [ 574590.352413340006024, 2116716.626229429151863 ], [ 574596.011935626273043, 2116706.712066974956542 ], [ 574598.80169356870465, 2116694.557847836054862 ], [ 574599.575912365340628, 2116684.039851897861809 ], [ 574596.110499999951571, 2116665.8627 ], [ 574583.360499999951571, 2116627.6127 ], [ 574558.860499999951571, 2116554.1127 ], [ 574556.985499999951571, 2116530.4877 ], [ 574572.735499999951571, 2116493.7377 ], [ 574597.110499999951571, 2116464.8627 ], [ 574695.110499999951571, 2116366.8627 ], [ 574714.592160528176464, 2116340.714303865563124 ], [ 574727.80082728038542, 2116319.070730225648731 ], [ 574738.951773140928708, 2116288.619420432019979 ], [ 574745.425863908370957, 2116248.858057698234916 ], [ 574752.315199733013287, 2116164.66275202203542 ], [ 574740.720707175089046, 2116007.38718828279525 ], [ 574713.639312941697426, 2115871.936326837632805 ], [ 574700.02792176452931, 2115821.566832933574915 ], [ 574684.590960424160585, 2115780.776572518516332 ], [ 574668.885435370961204, 2115747.441509660799056 ], [ 574660.962968942010775, 2115734.965822869446129 ], [ 574652.011026870459318, 2115726.243902871850878 ], [ 574640.565407390822656, 2115719.205054400023073 ], [ 574628.093807398807257, 2115714.68769120844081 ], [ 574617.214068461442366, 2115713.145379412919283 ], [ 574599.663857367821038, 2115712.889370806515217 ], [ 574588.207139363512397, 2115715.026474736165255 ], [ 574571.335378915769979, 2115718.849555466789752 ], [ 574559.739612021716312, 2115723.784976860508323 ], [ 574551.812414216226898, 2115727.819130557589233 ], [ 574539.9641362442635, 2115735.491465414874256 ], [ 574530.781820581178181, 2115743.664915146306157 ], [ 574524.445693765184842, 2115750.881011771503836 ], [ 574518.583050941117108, 2115758.542534068226814 ], [ 574513.104486668016762, 2115767.014564125798643 ], [ 574503.83756101783365, 2115783.739903591107577 ], [ 574472.110499999951571, 2115839.8627 ], [ 574454.256393814575858, 2115865.557973382994533 ], [ 574445.566122751333751, 2115875.533835346344858 ], [ 574440.051503389608115, 2115881.268951275385916 ], [ 574431.539452885044739, 2115887.082886905409396 ], [ 574421.110499999951571, 2115890.8627 ], [ 574386.958631909685209, 2115897.693001660052687 ], [ 574324.99756942212116, 2115910.085257642902434 ], [ 574309.349747012951411, 2115914.924475722014904 ], [ 574297.997403946355917, 2115920.716839464381337 ], [ 574287.111985287512653, 2115929.47281034803018 ], [ 574277.997024924261495, 2115940.59270288143307 ], [ 574271.362340966472402, 2115954.783603640738875 ], [ 574256.94603743031621, 2115984.752671963069588 ], [ 574243.155898738652468, 2116009.982605702243745 ], [ 574202.635225274716504, 2116084.118194505572319 ], [ 574189.249220330733806, 2116101.77117744833231 ], [ 574173.360499999951571, 2116114.6127 ], [ 574078.860499999951571, 2116167.1127 ], [ 573979.860499999951571, 2116204.6127 ], [ 573612.360499999951571, 2116327.1127 ], [ 573513.360499999951571, 2116357.8627 ], [ 573418.860499999951571, 2116378.8627 ], [ 573391.794806569698267, 2116378.298831386957318 ], [ 573354.081568976864219, 2116372.013418717775494 ], [ 573318.159776159096509, 2116360.341068044304848 ], [ 573299.403955827932805, 2116350.577598709613085 ], [ 573282.741319443099201, 2116341.903775631915778 ], [ 573262.166035913978703, 2116327.276661104988307 ], [ 573246.343176265479997, 2116313.885557567235082 ], [ 573234.491953339078464, 2116301.204995105974376 ], [ 573221.217521402519196, 2116281.78327301889658 ], [ 573208.581234981771559, 2116256.783980052452534 ], [ 573200.468949927249923, 2116237.38423484750092 ], [ 573187.359176582773216, 2116212.826577594969422 ], [ 573174.18546601687558, 2116192.951521809212863 ], [ 573155.524268443696201, 2116169.350776338484138 ], [ 573130.393536788062192, 2116136.907883311156183 ], [ 573097.078968092682771, 2116100.594931689556688 ], [ 573053.520994059043005, 2116060.034636093303561 ], [ 573010.811195115325972, 2116025.46593611408025 ], [ 573000.653968186466955, 2116018.179213853087276 ], [ 572987.109759057406336, 2116010.569897911511362 ], [ 572975.392273466684856, 2116008.537133505102247 ], [ 572962.644014587625861, 2116007.981186499353498 ], [ 572950.454755425686017, 2116010.752393452450633 ], [ 572938.992755322251469, 2116014.090412166435272 ], [ 572927.042920592939481, 2116020.308748956304044 ], [ 572915.277187590952963, 2116028.90880991704762 ], [ 572907.943021196173504, 2116035.020154718775302 ], [ 572900.873605549451895, 2116041.947100320830941 ], [ 572896.734811911708675, 2116049.449589150492102 ], [ 572895.511252402560785, 2116057.652873397804797 ], [ 572896.110499999951571, 2116065.8627 ], [ 572898.013492658967152, 2116076.1467703897506 ], [ 572902.485499999951571, 2116084.9877 ], [ 572910.150452852947637, 2116094.052310354076326 ], [ 572912.365190904121846, 2116098.697754006367177 ], [ 572913.865823205094784, 2116103.21504994854331 ], [ 572914.770926736411639, 2116111.489435871131718 ], [ 572914.748074433882721, 2116118.100167999509722 ], [ 572913.690588318975642, 2116123.411672368180007 ], [ 572912.0567649488803, 2116126.029095417354256 ], [ 572909.430319871520624, 2116129.478731120470911 ], [ 572906.536036461591721, 2116131.400979169178754 ], [ 572902.172999999951571, 2116133.5502 ], [ 572885.00421778683085, 2116138.001365758944303 ], [ 572831.297999999951571, 2116151.9252 ], [ 572752.227378923329525, 2116176.962138427421451 ], [ 572658.47744835994672, 2116192.136354457587004 ], [ 572556.346171832410619, 2116208.667161937337369 ], [ 572510.812196923419833, 2116216.037219363730401 ], [ 572367.120103381457739, 2116239.294995192438364 ], [ 572290.040684168692678, 2116250.376872938126326 ], [ 572251.815753387403674, 2116248.722776516806334 ], [ 572221.110499999951571, 2116240.8627 ], [ 572202.833038711571135, 2116226.600160869304091 ], [ 572201.333886924898252, 2116224.747375700157136 ], [ 572189.202572583802976, 2116209.754418020136654 ], [ 572174.427718400023878, 2116178.978137820959091 ], [ 572160.369703355245292, 2116147.119914137292653 ], [ 572145.736627490143292, 2116119.322452905122191 ], [ 572123.620875834603794, 2116090.546175628900528 ], [ 572104.028907628264278, 2116071.695147448219359 ], [ 572080.717881155898795, 2116053.687547544017434 ], [ 572062.900477732997388, 2116043.54261239618063 ], [ 572048.225807909853756, 2116032.788353921379894 ], [ 572036.256113534444012, 2116021.020965408999473 ], [ 572018.993848336278461, 2116000.312093995045871 ], [ 572005.190527521306649, 2115981.899390946608037 ], [ 571994.915628480375744, 2115959.678417242132127 ], [ 571986.430651304544881, 2115934.812725648283958 ], [ 571982.061246759956703, 2115904.595089069567621 ], [ 571980.451839955290779, 2115881.80126615986228 ], [ 571985.362877960316837, 2115844.288710583001375 ], [ 571993.735499999951571, 2115813.7377 ], [ 572028.985499999951571, 2115744.7377 ], [ 572188.235499999951571, 2115511.9877 ], [ 572238.110499999951571, 2115447.4877 ], [ 572311.610499999951571, 2115379.2377 ], [ 572366.735499999951571, 2115346.2377 ], [ 572402.682432879810221, 2115335.144233260303736 ], [ 572440.583052912726998, 2115328.902458339929581 ], [ 572482.030930205481127, 2115327.854586258996278 ], [ 572507.539100611465983, 2115327.209743257146329 ], [ 572517.362588345305994, 2115326.382352614309639 ], [ 572528.460418267175555, 2115324.212529946584255 ], [ 572550.699856117367744, 2115318.514422786422074 ], [ 572566.975673124426976, 2115314.344288419466466 ], [ 572591.055018071085215, 2115305.739346641115844 ], [ 572608.579224798013456, 2115296.953380735591054 ], [ 572631.691420548479073, 2115278.970646116416901 ], [ 572643.404776658746414, 2115267.084900829475373 ], [ 572654.60592368489597, 2115250.670151904225349 ], [ 572664.52583526307717, 2115231.700456650927663 ], [ 572667.815982858650386, 2115219.154990476090461 ], [ 572669.189980701543391, 2115210.495731933042407 ], [ 572669.728075832594186, 2115196.948264449834824 ], [ 572668.271327030379325, 2115182.600806816015393 ], [ 572666.129580821143463, 2115173.83804876729846 ], [ 572662.470315028796904, 2115164.976458757184446 ], [ 572660.466931759146973, 2115161.302092051599175 ], [ 572654.157271340722218, 2115151.206639172974974 ], [ 572627.1683430908015, 2115108.024526084307581 ], [ 572459.860499999951571, 2114917.8627 ], [ 572427.985499999951571, 2114855.6127 ], [ 572401.735499999951571, 2114761.1127 ], [ 572396.110499999951571, 2114688.3627 ], [ 572396.110513961641118, 2114516.454447004478425 ], [ 572396.110499999951571, 2114443.3627 ], [ 572396.110503459349275, 2114410.450880616903305 ], [ 572393.493815135443583, 2114368.829659841489047 ], [ 572388.343687294749543, 2114336.308536354452372 ], [ 572377.267926493193954, 2114302.058501061052084 ], [ 572368.59079391695559, 2114282.031760951504111 ], [ 572359.188968998845667, 2114263.504037894308567 ], [ 572335.327336979098618, 2114226.326137221883982 ], [ 572307.109863180899993, 2114182.361565257422626 ], [ 572284.360499999951571, 2114148.2377 ], [ 572262.352663776371628, 2114149.804918922949582 ], [ 572238.234657706925645, 2114153.447237546090037 ], [ 572206.040701736696064, 2114162.542878439184278 ], [ 572194.553093853872269, 2114166.433568025939167 ], [ 572183.194945767871104, 2114172.04975495999679 ], [ 572164.024157556472346, 2114183.595356041099876 ], [ 572138.722771293018013, 2114205.432700918521732 ], [ 572103.937725076335482, 2114233.24912374606356 ], [ 572071.030074137263, 2114255.263530416879803 ], [ 572034.766651903861202, 2114277.038413602858782 ], [ 572031.807695179246366, 2114278.815160888712853 ], [ 571988.212838195147924, 2114302.022886539343745 ], [ 571886.516300709568895, 2114356.161046513356268 ], [ 571665.83355687011499, 2114475.034458279144019 ], [ 571611.082293248386122, 2114504.526771512813866 ], [ 571547.883999560377561, 2114538.569270074833184 ], [ 571505.436450765933841, 2114559.383588164579123 ], [ 571469.151084523182362, 2114574.307640412822366 ], [ 571434.709941386710852, 2114581.970370745286345 ], [ 571433.463372561964206, 2114582.247716961894184 ], [ 571398.075441956403665, 2114584.548522635828704 ], [ 571338.769656897522509, 2114583.377168808598071 ], [ 571212.873576518148184, 2114571.932070592418313 ], [ 571146.460196483065374, 2114565.894490588456392 ], [ 571075.981876842677593, 2114559.487370621412992 ], [ 571008.048695670324378, 2114553.31162687856704 ], [ 570954.009616893250495, 2114548.398933251388371 ], [ 570920.544398806523532, 2114545.356690800283104 ], [ 570896.693524572998285, 2114545.38204003777355 ], [ 570869.197105037863366, 2114548.300550141371787 ], [ 570848.547960531548597, 2114553.725143844261765 ], [ 570827.786097205244005, 2114561.54465416027233 ], [ 570805.157163698226213, 2114572.347182751633227 ], [ 570750.86273602489382, 2114598.265992434229702 ], [ 570688.426178076886572, 2114628.07157684257254 ], [ 570657.451533231185749, 2114642.858177881222218 ], [ 570610.454687795136124, 2114662.963960412424058 ], [ 570589.44679179484956, 2114671.951428739819676 ], [ 570565.125843214686029, 2114680.655845802742988 ], [ 570540.724703120999038, 2114686.924321038648486 ], [ 570526.216027457383461, 2114689.101796985138208 ], [ 570497.751430935342796, 2114692.363834255374968 ], [ 570468.800228702719323, 2114693.85254121106118 ], [ 570442.429859093856066, 2114690.818603210616857 ], [ 570415.520549517590553, 2114684.544588023331016 ], [ 570387.645574529306032, 2114674.130144415423274 ], [ 570359.236098255263641, 2114659.925400249660015 ], [ 570320.646819362416863, 2114640.630859680008143 ], [ 570236.060072885593399, 2114598.337486440315843 ], [ 570114.241082015330903, 2114537.427991005592048 ], [ 570086.894599769846536, 2114523.754738420713693 ], [ 570065.728330059442669, 2114516.839566762093455 ], [ 570047.880273017450236, 2114513.844009283464402 ], [ 570036.579749444616027, 2114513.368867621291429 ], [ 570019.188025384559296, 2114514.67531201755628 ], [ 569993.137730660499074, 2114520.057579868007451 ], [ 569974.50879997224547, 2114527.341840625740588 ], [ 569949.79658661596477, 2114543.408679843880236 ], [ 569910.487776376772672, 2114575.955211525317281 ], [ 569880.03498480306007, 2114606.993604038376361 ], [ 569864.810504907509312, 2114629.184418770950288 ], [ 569855.495867674821056, 2114650.695922196377069 ], [ 569846.578824028838426, 2114677.035400094930083 ], [ 569837.030853404896334, 2114720.332736167125404 ], [ 569830.064485535258427, 2114759.908255093730986 ], [ 569823.025649411603808, 2114806.68085272796452 ], [ 569817.061733409995213, 2114850.2886633281596 ], [ 569811.960813759244047, 2114888.537016200367361 ], [ 569806.078390268143266, 2114932.703239421825856 ], [ 569801.435062364209443, 2114966.748915623873472 ], [ 569796.723534669028595, 2114995.000034941360354 ], [ 569786.056980900815688, 2115033.024850661400706 ], [ 569775.596294127753936, 2115050.882107407785952 ], [ 569761.799331106711179, 2115065.897635096218437 ], [ 569743.08888547506649, 2115078.584061813540757 ], [ 569734.048649308853783, 2115083.046922493260354 ], [ 569713.1153039309429, 2115088.419105781707913 ], [ 569685.765445298049599, 2115090.792753427289426 ], [ 569641.404301905073225, 2115090.705060485284775 ], [ 569575.585343561717309, 2115090.574886559974402 ], [ 569506.450435061473399, 2115083.789748857729137 ], [ 569460.417455750051886, 2115076.404365218710154 ], [ 569449.450197919155471, 2115073.254805739503354 ], [ 569429.010511005530134, 2115067.38496929872781 ], [ 569382.620051277335733, 2115046.134861489757895 ], [ 569370.112246573437005, 2115038.5369664253667 ], [ 569353.875092136207968, 2115025.541377692949027 ], [ 569277.978737077093683, 2114958.074233265127987 ], [ 569214.95800129964482, 2114872.727910114452243 ], [ 569175.849233602406457, 2114808.122841484844685 ], [ 569148.079652956104837, 2114755.797933471854776 ], [ 569128.095355588011444, 2114717.523984168190509 ], [ 569095.210250291391276, 2114668.38346789451316 ], [ 569071.044574067462236, 2114640.904529083520174 ], [ 569056.940815380425192, 2114643.340295651461929 ], [ 569033.048762190504931, 2114645.391714660450816 ], [ 568979.096836795913987, 2114647.315538338385522 ], [ 568922.209863424883224, 2114649.490379676222801 ], [ 568900.372159637394361, 2114650.116893987171352 ], [ 568881.273747793631628, 2114649.370041771791875 ], [ 568857.070571715477854, 2114647.022321486845613 ], [ 568831.521997184841894, 2114644.544138710014522 ], [ 568822.354652829933912, 2114642.827598564792424 ], [ 568814.079528323025443, 2114639.846235408447683 ], [ 568805.161680908524431, 2114633.771886548493057 ], [ 568799.756162218167447, 2114627.388757206499577 ], [ 568796.424367698491551, 2114618.88621807936579 ], [ 568796.416338620474562, 2114609.697278287261724 ], [ 568796.687007069936953, 2114607.343202192801982 ], [ 568797.401284377789125, 2114601.130940887611359 ], [ 568800.505564775201492, 2114595.952713150531054 ], [ 568804.249291586107574, 2114593.308136903680861 ], [ 568809.342199848499149, 2114591.756385186221451 ], [ 568820.944548616651446, 2114590.356511511839926 ], [ 568829.525788283906877, 2114588.008636342827231 ], [ 568839.741641871398315, 2114583.816987073048949 ], [ 568849.405393101158552, 2114579.851876893546432 ], [ 568857.373678344767541, 2114574.127125383354723 ], [ 568866.172042106627487, 2114565.888196236919612 ], [ 568873.617048166808672, 2114554.85272713098675 ], [ 568880.234801189391874, 2114542.390069913584739 ], [ 568884.424925884697586, 2114526.774368253536522 ], [ 568883.272865871665999, 2114510.209848444443196 ], [ 568880.548553732456639, 2114500.507331715896726 ], [ 568876.437053066445515, 2114493.377485525328666 ], [ 568867.382424327428453, 2114484.433617806993425 ], [ 568859.806547997053713, 2114478.187749368138611 ], [ 568844.984669673256576, 2114465.260881189722568 ], [ 568821.419589825556614, 2114447.024760721251369 ], [ 568793.505505348788574, 2114433.331798640079796 ], [ 568763.066122495452873, 2114421.514574165921658 ], [ 568693.07086447160691, 2114398.18282149033621 ], [ 568574.013480732683092, 2114358.497026910074055 ], [ 568469.638428106438369, 2114325.2885911767371 ], [ 568378.728086529183201, 2114299.905629524495453 ], [ 568301.639339779852889, 2114282.626518055796623 ], [ 568172.031409235671163, 2114259.0684206886217 ], [ 568083.928850997705013, 2114241.986647956538945 ], [ 567921.049850661191158, 2114203.869211092125624 ], [ 567817.568540705367923, 2114180.154308140743524 ], [ 567769.577362838899717, 2114170.556025692261755 ], [ 567745.312484320718795, 2114165.703078052960336 ], [ 567734.888803635491058, 2114163.202753835357726 ], [ 567720.667011982412077, 2114160.376156450714916 ], [ 567712.06090699811466, 2114159.33485335111618 ], [ 567701.433785541797988, 2114159.033479443285614 ], [ 567687.749535456881858, 2114161.472315457649529 ], [ 567679.641707520699129, 2114164.139648437965661 ], [ 567670.98342237691395, 2114168.145481605548412 ], [ 567663.125213297782466, 2114173.021749846637249 ], [ 567651.855466807610355, 2114181.823485801462084 ], [ 567638.603642087546177, 2114193.46064529940486 ], [ 567616.365783987217583, 2114213.679022799711674 ], [ 567599.365420494694263, 2114225.386756574269384 ], [ 567575.773562229471281, 2114234.669969128444791 ], [ 567541.147259930730797, 2114240.862645583227277 ], [ 567474.321116990991868, 2114240.862699999008328 ], [ 567427.651912740431726, 2114246.168905880767852 ], [ 567401.702542432234623, 2114253.884481722954661 ], [ 567388.956875253235921, 2114258.768126110546291 ], [ 567367.830975423566997, 2114269.828205366618931 ], [ 567354.419720647390932, 2114278.97163124801591 ], [ 567337.032604144886136, 2114295.150667567737401 ], [ 567328.682741919416003, 2114305.353290874045342 ], [ 567316.080816230387427, 2114326.546395822893828 ], [ 567307.599205799982883, 2114346.226986668072641 ], [ 567303.158330892911181, 2114357.894807097967714 ], [ 567301.098261391278356, 2114363.307379063218832 ], [ 567297.909686671919189, 2114371.050032616127282 ], [ 567295.200458410196006, 2114376.760577660985291 ], [ 567291.907365809893236, 2114382.265919554512948 ], [ 567287.601545342477039, 2114388.484110260847956 ], [ 567265.395567175000906, 2114414.962792614940554 ], [ 567228.168673738255166, 2114461.315257806330919 ], [ 567181.227109652012587, 2114523.070540391840041 ], [ 567149.033676450839266, 2114561.492759689688683 ], [ 567086.558666023542173, 2114652.056595255620778 ], [ 567061.840462977765128, 2114688.202013673260808 ], [ 567045.122122124535963, 2114719.080636841710657 ], [ 567025.255130567820743, 2114758.228895848151296 ], [ 567004.175033210660331, 2114802.825526309199631 ], [ 566987.359385019517504, 2114836.355965732131153 ], [ 566967.671739805024117, 2114873.291365389246494 ], [ 566946.515072799520567, 2114909.203190596308559 ], [ 566953.967928793746978, 2114906.877432061359286 ], [ 566961.579347039805725, 2114905.908223904669285 ], [ 566967.928392330068164, 2114905.676390123087913 ], [ 566974.041048585786484, 2114906.303584530483931 ], [ 566991.760862385504879, 2114909.447200996335596 ], [ 566997.280481242341921, 2114910.426422954071313 ], [ 567002.71279382519424, 2114910.956893311813474 ], [ 567015.57462633063551, 2114911.392551021650434 ], [ 567023.029262647265568, 2114911.118589987512678 ], [ 567032.057007491355762, 2114909.821110049728304 ], [ 567049.719880448072217, 2114906.456894161645323 ], [ 567094.953676728066057, 2114894.316862039733678 ], [ 567136.376710203709081, 2114878.79892130382359 ], [ 567217.794680437771603, 2114848.298034938517958 ], [ 567276.844455234357156, 2114826.176745673175901 ], [ 567310.951210773084313, 2114813.399565835949033 ], [ 567349.170359264709987, 2114795.625427810009569 ], [ 567385.447085054242052, 2114775.792651135474443 ], [ 567422.110499999951571, 2114752.6127 ], [ 567462.914273026632145, 2114722.009870229754597 ], [ 567504.741475779097527, 2114690.639431490097195 ], [ 567521.534124679164961, 2114679.020556400995702 ], [ 567538.566908194217831, 2114669.626181593164802 ], [ 567552.020608508726582, 2114664.182487581390887 ], [ 567568.86763764033094, 2114658.736494448035955 ], [ 567596.047158884699456, 2114654.206585314590484 ], [ 567618.409695952082984, 2114653.063736640382558 ], [ 567664.441880336031318, 2114656.822021801024675 ], [ 567734.797042855294421, 2114662.566063514910638 ], [ 567768.177681058645248, 2114668.146871808450669 ], [ 567815.219573573209345, 2114680.753007193561643 ], [ 567924.390835696249269, 2114717.030399095732719 ], [ 567967.322604251443408, 2114736.449306666851044 ], [ 567986.781673383316956, 2114747.750627455301583 ], [ 567992.373428616672754, 2114745.060896617360413 ], [ 567995.393153271987103, 2114743.608358422294259 ], [ 567999.732792310765944, 2114742.119999412912875 ], [ 568007.190787339466624, 2114740.592727837152779 ], [ 568015.11984754819423, 2114740.317734576761723 ], [ 568021.035460194339976, 2114740.613505273126066 ], [ 568029.60848135210108, 2114742.285093776416034 ], [ 568036.255513728363439, 2114744.333578728605062 ], [ 568044.24849165789783, 2114748.232251179404557 ], [ 568055.740912249661051, 2114755.573814363684505 ], [ 568067.90708099049516, 2114763.345794360619038 ], [ 568075.24729210161604, 2114767.246043846476823 ], [ 568081.8719439212, 2114770.433122259099036 ], [ 568092.944855574867688, 2114774.916079949121922 ], [ 568107.737999266362749, 2114781.816639807075262 ], [ 568117.574066396569833, 2114787.492642145138234 ], [ 568130.248583080712706, 2114795.905838457401842 ], [ 568137.131696856115013, 2114801.586873685475439 ], [ 568144.572562026442029, 2114808.469722419511527 ], [ 568158.621508421259932, 2114819.956641757395118 ], [ 568167.047437534667552, 2114825.644767657853663 ], [ 568178.329527105786838, 2114831.972151203546673 ], [ 568202.262870956212282, 2114843.938801698386669 ], [ 568209.875625000102445, 2114847.745181845966727 ], [ 568216.754960092250258, 2114850.611527213826776 ], [ 568221.966052722418681, 2114852.327341076917946 ], [ 568228.448462435859255, 2114853.900741802528501 ], [ 568233.571577244321816, 2114854.598121971357614 ], [ 568236.408393194549717, 2114855.409063674509525 ], [ 568239.104124928824604, 2114856.792801139876246 ], [ 568241.315984032931738, 2114858.428790512029082 ], [ 568243.023977027856745, 2114860.078222792129964 ], [ 568244.795992927392945, 2114862.958093781024218 ], [ 568245.582692831056193, 2114864.696428610943258 ], [ 568246.310675178654492, 2114867.93004399118945 ], [ 568246.789319020346738, 2114872.873321619816124 ], [ 568247.082789993612096, 2114882.487736493814737 ], [ 568246.921494761947542, 2114902.621892876457423 ], [ 568245.876192637719214, 2114920.271917038597167 ], [ 568243.711823304416612, 2114943.057303193025291 ], [ 568241.030433050356805, 2114954.664481112733483 ], [ 568237.547642591758631, 2114963.985918286722153 ], [ 568230.142599505023099, 2114973.80462828790769 ], [ 568221.787409384269267, 2114981.832357248757035 ], [ 568214.977408371167257, 2114986.394262165296823 ], [ 568207.288086964865215, 2114989.856312893331051 ], [ 568202.575617623049766, 2114991.767931862734258 ], [ 568200.360274945269339, 2114993.10608280915767 ], [ 568198.030432627652772, 2114995.032141300383955 ], [ 568196.1458962156903, 2114997.231756597291678 ], [ 568194.329828347894363, 2115000.053266080096364 ], [ 568192.889741809573025, 2115002.726599937770516 ], [ 568192.067751915426925, 2115007.338738219812512 ], [ 568191.840662514208816, 2115010.696961455047131 ], [ 568192.941948711522855, 2115017.588540566619486 ], [ 568197.91593980230391, 2115043.689141086302698 ], [ 568200.314923548256047, 2115056.323584388010204 ], [ 568200.896111136768013, 2115061.968065452296287 ], [ 568201.056129059637897, 2115065.153628731146455 ], [ 568200.98341318545863, 2115069.028531176969409 ], [ 568200.566036220756359, 2115071.522715076804161 ], [ 568199.249580732779577, 2115076.419308761134744 ], [ 568196.056454589939676, 2115086.532818818930537 ], [ 568189.235772804124281, 2115112.644819175358862 ], [ 568187.796700865030289, 2115124.495008698664606 ], [ 568189.148481305106543, 2115137.824607862625271 ], [ 568190.997169363428839, 2115145.341035435441881 ], [ 568193.593097309116274, 2115153.082685679197311 ], [ 568195.284342025406659, 2115160.259455471299589 ], [ 568197.475253895390779, 2115169.556564146652818 ], [ 568198.541022582678124, 2115180.475602537859231 ], [ 568198.620155479176901, 2115186.579069143626839 ], [ 568197.714728571940213, 2115199.221606472507119 ], [ 568195.506440279772505, 2115215.924064097460359 ], [ 568194.362928809598088, 2115230.805317603051662 ], [ 568193.667016451945528, 2115251.59640614176169 ], [ 568194.01410348713398, 2115263.462410382460803 ], [ 568194.818229492637329, 2115273.50528939627111 ], [ 568194.606567471520975, 2115282.724150386173278 ], [ 568193.600965022807941, 2115288.930832981597632 ], [ 568192.297558107064106, 2115292.634363120887429 ], [ 568190.885881779366173, 2115295.416786091867834 ], [ 568189.012343081412837, 2115297.913722664117813 ], [ 568186.238564203726128, 2115300.985331870149821 ], [ 568179.836673631798476, 2115306.850720807909966 ], [ 568170.746104485588148, 2115315.456009261310101 ], [ 568163.771395017043687, 2115323.409416162408888 ], [ 568154.134659191244282, 2115335.638518664985895 ], [ 568144.623891649651341, 2115351.364958545658737 ], [ 568136.90252562914975, 2115368.095940575003624 ], [ 568123.80220792023465, 2115401.593373445328325 ], [ 568116.504492874839343, 2115418.098503069020808 ], [ 568103.793685737415217, 2115454.120169295929372 ], [ 568098.81984822882805, 2115469.175123951863497 ], [ 568094.254689619527198, 2115479.302225914318115 ], [ 568088.460337657714263, 2115486.602325070649385 ], [ 568084.480978590785526, 2115489.234153596218675 ], [ 568080.577577592339367, 2115491.214135457295924 ], [ 568071.722934644087218, 2115493.366173100657761 ], [ 568062.341867362498306, 2115494.289575962815434 ], [ 568046.025122157414444, 2115495.198160238098353 ], [ 568028.080439077690244, 2115494.744492253754288 ], [ 568011.445362891769037, 2115493.134162206668407 ], [ 567996.110499999951571, 2115490.8627 ], [ 567996.110499999951571, 2115613.8627 ], [ 567989.360499999951571, 2115669.3627 ], [ 567976.299958388903178, 2115702.293014707043767 ], [ 567957.860499999951571, 2115732.3627 ], [ 567919.610499999951571, 2115766.8627 ], [ 567858.709812321001664, 2115807.463158453349024 ], [ 567804.346094358246773, 2115843.705549461301416 ], [ 567778.271984225837514, 2115861.088221804704517 ], [ 567761.869234845158644, 2115873.489700058009475 ], [ 567737.390588901820593, 2115896.000757784117013 ], [ 567723.54601260565687, 2115911.374317931942642 ], [ 567711.428024708176963, 2115930.029182170983404 ], [ 567702.28662790521048, 2115953.882335847243667 ], [ 567698.212856708909385, 2115977.995380595326424 ], [ 567698.074708218686283, 2116001.144936042837799 ], [ 567699.968538757762872, 2116031.078615432139486 ], [ 567703.902221567579545, 2116070.732179636601359 ], [ 567710.906246534315869, 2116141.336897757370025 ], [ 567716.707751974463463, 2116174.570798350963742 ], [ 567726.825370796374045, 2116209.234390071127564 ], [ 567746.110499999951571, 2116265.8627 ], [ 567797.110499999951571, 2116355.1127 ], [ 567895.110499999951571, 2116526.6127 ], [ 567905.185920592048205, 2116546.467166454996914 ], [ 567919.658555166213773, 2116578.70942470151931 ], [ 567926.135360696469434, 2116595.957658018916845 ], [ 567932.951110702590086, 2116615.656573681160808 ], [ 567936.830693560652435, 2116631.171081539709121 ], [ 567939.891518182354048, 2116648.94329485623166 ], [ 567941.798704817309044, 2116669.748276407830417 ], [ 567943.652751954155974, 2116694.342005126178265 ], [ 567942.781036699423566, 2116718.87055162480101 ], [ 567939.896370889851823, 2116760.21469704573974 ], [ 567930.926631038077176, 2116820.469338102266192 ], [ 567918.345645901397802, 2116885.66065679397434 ], [ 567857.875205882242881, 2117101.156817647628486 ], [ 567722.610499999951571, 2117461.8627 ], [ 567680.422999999951571, 2117567.8002 ], [ 567630.547999999951571, 2117670.1752 ], [ 567601.485499999951571, 2117710.4877 ], [ 567515.735499999951571, 2117796.2377 ], [ 567486.672999999951571, 2117818.5502 ], [ 567461.342051119892858, 2117827.882640017196536 ], [ 567439.611050854204223, 2117829.02418973762542 ], [ 567410.596333175431937, 2117825.734071045182645 ], [ 567374.630442971130833, 2117816.742582721635699 ], [ 567326.712969821295701, 2117804.763317454606295 ], [ 567295.904003067407757, 2117798.859213415533304 ], [ 567276.312750421464443, 2117799.488220024853945 ], [ 567257.746082882280461, 2117802.052454083692282 ], [ 567237.001038431888446, 2117808.227141867391765 ], [ 567218.842336394242011, 2117816.288315020967275 ], [ 567210.0099576797802, 2117822.374964271206409 ], [ 567200.107395600993186, 2117831.187892502173781 ], [ 567190.792762626195326, 2117843.328564536292106 ], [ 567092.333734014653601, 2117971.659784084185958 ], [ 567044.91340341954492, 2118018.520586921833456 ], [ 567016.651453510276042, 2118046.449064979329705 ], [ 566986.359612468746491, 2118070.410533120390028 ], [ 566949.630912668188103, 2118091.038776957429945 ], [ 566916.953898468753323, 2118104.577342705335468 ], [ 566880.991199902025983, 2118119.4455226957798 ], [ 566850.668266565422527, 2118138.075562685728073 ], [ 566829.813825152348727, 2118154.186152518726885 ], [ 566810.699270976125263, 2118171.48091261414811 ], [ 566801.51021887420211, 2118184.003885280806571 ], [ 566796.926835916237906, 2118192.325993361882865 ], [ 566795.329734061611816, 2118201.006796095985919 ], [ 566793.820520026609302, 2118219.648753272369504 ], [ 566796.110499999951571, 2118240.3627 ], [ 566800.610499999951571, 2118262.1127 ], [ 566821.610499999951571, 2118314.6127 ], [ 566847.110499999951571, 2118367.8627 ], [ 566945.110499999951571, 2118563.8627 ], [ 566975.586109756026417, 2118614.551724390126765 ], [ 567032.139693984063342, 2118687.470513341482729 ], [ 567123.610499999951571, 2118780.6127 ], [ 567368.610499999951571, 2119001.1127 ], [ 567433.485499999951571, 2119066.3627 ], [ 567491.235499999951571, 2119150.3627 ], [ 567508.860499999951571, 2119205.1127 ], [ 567533.360499999951571, 2119376.6127 ], [ 567536.360499999951571, 2119431.3627 ], [ 567525.860499999951571, 2119515.3627 ], [ 567507.860499999951571, 2119580.6127 ], [ 567434.360499999951571, 2119801.1127 ], [ 567396.110499999951571, 2119915.8627 ], [ 567394.05899711640086, 2119947.2874462204054 ], [ 567396.899330248939805, 2119978.057515956927091 ], [ 567404.217052032588981, 2120007.388930696528405 ], [ 567419.40269123215694, 2120038.454981269314885 ], [ 567427.59061522828415, 2120051.050285193137825 ], [ 567448.388203770271502, 2120072.722803293727338 ], [ 567470.23299896903336, 2120085.421136612538248 ], [ 567491.24011209316086, 2120090.862634092569351 ], [ 567611.360499999951571, 2120090.8627 ], [ 567880.860499999951571, 2120090.8627 ], [ 568021.110499999951571, 2120090.8627 ], [ 568072.110499999951571, 2120065.3627 ], [ 568170.110499999951571, 2120016.3627 ], [ 568221.110499999951571, 2119990.8627 ], [ 569003.610499999951571, 2119990.8627 ], [ 569021.110499999951571, 2119990.8627 ], [ 569037.985499999951571, 2119970.2377 ], [ 569206.177749698399566, 2119764.669394813012332 ], [ 569288.468990565976128, 2119461.71175660379231 ], [ 569322.547999999951571, 2119396.1752 ], [ 569353.485499999951571, 2119358.4877 ], [ 569463.735499999951571, 2119248.2377 ], [ 569521.110499999951571, 2119190.8627 ], [ 569708.720394259667955, 2119128.326068580150604 ], [ 569762.777166666579433, 2119049.196033333428204 ], [ 569875.985499999951571, 2118874.2377 ], [ 569911.047999999951571, 2118815.5502 ], [ 569922.539071428473108, 2118789.434128571301699 ], [ 569946.110499999951571, 2118765.8627 ], [ 569946.110499999951571, 2118714.8627 ], [ 569946.110499999951571, 2118616.8627 ], [ 569946.110499999951571, 2118565.8627 ], [ 569907.860499999951571, 2118514.8627 ], [ 569834.360499999951571, 2118416.8627 ], [ 569814.110499999951571, 2118385.7377 ], [ 569793.110499999951571, 2118338.4877 ], [ 569783.360499999951571, 2118302.1127 ], [ 569758.860499999951571, 2118179.6127 ], [ 569752.485499999951571, 2118127.4877 ], [ 569747.235499999951571, 2118006.7377 ], [ 569746.110499999951571, 2117886.3627 ], [ 569746.110499999951571, 2117445.3627 ], [ 569746.110499999951571, 2117215.8627 ], [ 569669.610499999951571, 2117024.6127 ], [ 569522.610499999951571, 2116657.1127 ], [ 569484.360499999951571, 2116556.9877 ], [ 569452.860499999951571, 2116457.2377 ], [ 569446.110499999951571, 2116414.8627 ], [ 569446.110499999951571, 2116316.8627 ], [ 569447.797999999951571, 2116289.6752 ], [ 569455.672999999951571, 2116260.8002 ], [ 569465.235499999951571, 2116246.7377 ], [ 569501.985499999951571, 2116209.9877 ], [ 569521.110499999951571, 2116190.8627 ], [ 569621.110499999951571, 2116140.8627 ], [ 569671.341269230470061, 2116191.09346923045814 ], [ 569921.110499999951571, 2116440.8627 ], [ 569972.110499999951571, 2116440.8627 ], [ 570070.110499999951571, 2116440.8627 ], [ 570121.110499999951571, 2116440.8627 ], [ 570184.860499999951571, 2116364.3627 ], [ 570307.360499999951571, 2116217.3627 ], [ 570341.485499999951571, 2116180.2377 ], [ 570378.235499999951571, 2116153.9877 ], [ 570396.610499999951571, 2116153.6127 ], [ 570445.610499999951571, 2116178.1127 ], [ 570460.047999999951571, 2116186.1752 ], [ 570478.422999999951571, 2116199.3002 ], [ 570490.235499999951571, 2116209.9877 ], [ 570526.985499999951571, 2116246.7377 ], [ 570535.422999999951571, 2116265.3002 ], [ 570538.047999999951571, 2116315.1752 ], [ 570533.360499999951571, 2116367.8627 ], [ 570508.860499999951571, 2116563.8627 ], [ 570501.392603774322197, 2116623.60575220361352 ], [ 570501.523301252513193, 2116681.851749152876437 ], [ 570507.733259882661514, 2116727.48757132794708 ], [ 570518.153322999831289, 2116762.694922538939863 ], [ 570527.602007773821242, 2116785.640430266037583 ], [ 570537.284895191667601, 2116805.823475417681038 ], [ 570550.542435936862603, 2116826.254492366686463 ], [ 570560.353285065852106, 2116834.397409230470657 ], [ 570571.110499999951571, 2116840.8627 ], [ 570583.82054719957523, 2116843.945898337289691 ], [ 570595.284974832437001, 2116845.878936242777854 ], [ 570612.796184993349016, 2116846.990113414824009 ], [ 570617.488567813998088, 2116847.287872321438044 ], [ 570625.884495986392722, 2116846.725471653044224 ], [ 570635.437561720958911, 2116845.022131199017167 ], [ 570673.134301446028985, 2116838.300740053877234 ], [ 570734.217878045281395, 2116822.917085478082299 ], [ 570796.444608056452125, 2116802.464015154633671 ], [ 570860.009518895065412, 2116777.181156855076551 ], [ 570920.445612547453493, 2116753.142711045220494 ], [ 570980.860499999951571, 2116729.1127 ], [ 571017.058864017948508, 2116720.285519082099199 ], [ 571039.170549353235401, 2116716.571141043212265 ], [ 571063.691698922077194, 2116714.976705098990351 ], [ 571086.709520152769983, 2116714.753390577621758 ], [ 571098.32267048873473, 2116715.041765212547034 ], [ 571104.663880611187778, 2116715.520036848261952 ], [ 571109.32861749199219, 2116716.038649362046272 ], [ 571115.058147738804109, 2116717.421261080540717 ], [ 571121.919219492468983, 2116719.995051039848477 ], [ 571126.965964399510995, 2116723.000492586288601 ], [ 571131.86913652648218, 2116726.281229798682034 ], [ 571137.756235926295631, 2116732.75947971502319 ], [ 571143.491764549049549, 2116743.085613330826163 ], [ 571146.645925433607772, 2116750.445292860735208 ], [ 571176.985499999951571, 2116821.2377 ], [ 571196.110499999951571, 2116865.8627 ] ] ] ] } },
{ "type": "Feature", "properties": { "fid": 13.0, "cat": 14, "VULNERABIL": 3.0, "CLAVE_ACUI": "0609", "NOM_ACUIF": "SANTIAGO-SALAGUA" }, "geometry": { "type": "MultiPolygon", "coordinates": [ [ [ [ 564479.293505643960088, 2113927.521811468526721 ], [ 564632.101358815212734, 2114151.038841362576932 ], [ 564874.315540011273697, 2114505.347693331539631 ], [ 564882.604404943878762, 2114499.838889768347144 ], [ 564886.267985990154557, 2114497.40406175609678 ], [ 564889.703986121690832, 2114495.598631838802248 ], [ 564894.107802889426239, 2114493.726045189891011 ], [ 564896.416606390150264, 2114493.003800952807069 ], [ 564900.671903659356758, 2114491.886732753366232 ], [ 564903.984924648306333, 2114491.291348290164024 ], [ 564906.11509316181764, 2114491.071213110350072 ], [ 564908.671575480140746, 2114490.906800984404981 ], [ 564940.399506539804861, 2114490.377071769908071 ], [ 564942.899677656125277, 2114490.335328938439488 ], [ 564964.395604514749721, 2114491.062225467525423 ], [ 564979.259920079144649, 2114492.894326827023178 ], [ 564984.293779419385828, 2114494.063237655907869 ], [ 564988.355630365898833, 2114496.061164483428001 ], [ 564995.025866575189866, 2114500.351786173414439 ], [ 565001.993629822740331, 2114508.09303469909355 ], [ 565006.475602778722532, 2114520.222271704580635 ], [ 565007.62201760802418, 2114527.984836314339191 ], [ 565007.397365061216988, 2114537.664719562511891 ], [ 565003.416991284699179, 2114556.425240891985595 ], [ 564999.826817159657367, 2114573.346682231407613 ], [ 565000.17141992773395, 2114584.693367553409189 ], [ 565001.60749556904193, 2114588.532748559489846 ], [ 565004.445307113113813, 2114591.638509262353182 ], [ 565010.963768887217157, 2114593.671608474105597 ], [ 565022.596583806560375, 2114595.871504449751228 ], [ 565036.448173285694793, 2114599.633197184186429 ], [ 565040.544133737683296, 2114600.983057481236756 ], [ 565042.120588289806619, 2114601.720220705959946 ], [ 565043.385676799342036, 2114602.712227244395763 ], [ 565044.072672202717513, 2114604.090074216015637 ], [ 565044.57393102592323, 2114606.378255266230553 ], [ 565045.00928415323142, 2114609.110920558683574 ], [ 565046.036641802988015, 2114614.457421192433685 ], [ 565047.422090361360461, 2114619.638407250400633 ], [ 565048.589050451177172, 2114623.25471703056246 ], [ 565052.340338420006447, 2114630.716674351133406 ], [ 565057.233326335554011, 2114637.003741384949535 ], [ 565061.497814372880384, 2114640.975384210702032 ], [ 565064.869335587485693, 2114643.319118946790695 ], [ 565068.14780110178981, 2114644.58593467483297 ], [ 565071.830139182624407, 2114645.486508692149073 ], [ 565075.948583353660069, 2114645.714541105553508 ], [ 565079.232268393971026, 2114645.536736269015819 ], [ 565083.089628166169859, 2114644.840824224520475 ], [ 565087.295274084317498, 2114643.683521536644548 ], [ 565089.691051364759915, 2114643.165053854696453 ], [ 565091.541443415451795, 2114643.234121146611869 ], [ 565092.931909503182396, 2114643.730262580793351 ], [ 565094.194028293597512, 2114644.511750985868275 ], [ 565094.958601772668771, 2114645.597540612332523 ], [ 565095.214431596104987, 2114646.786983991507441 ], [ 565095.603382485569455, 2114649.855611080769449 ], [ 565095.865319503122009, 2114654.23257901892066 ], [ 565095.686246775090694, 2114658.471180202905089 ], [ 565094.906750178430229, 2114664.497056967113167 ], [ 565094.288813340594061, 2114669.274002943187952 ], [ 565093.977766792755574, 2114674.105540533084422 ], [ 565094.111967050703242, 2114677.33583754952997 ], [ 565094.323867291677743, 2114679.189633489120752 ], [ 565095.081253399723209, 2114681.66010257601738 ], [ 565096.192986818379723, 2114684.15586562640965 ], [ 565097.374054632498883, 2114686.249966353643686 ], [ 565100.403012340888381, 2114689.118698138743639 ], [ 565102.420903993654065, 2114690.371297721285373 ], [ 565105.024283464881591, 2114691.41345929261297 ], [ 565107.026517710299231, 2114692.059760514646769 ], [ 565109.329322593170218, 2114692.633718110155314 ], [ 565111.994076150585897, 2114693.066278346814215 ], [ 565114.87243525206577, 2114693.429861358366907 ], [ 565119.760748681961559, 2114693.727529079187661 ], [ 565124.546492325724103, 2114693.808247010223567 ], [ 565129.162128587020561, 2114693.67881838651374 ], [ 565132.97074982826598, 2114693.334508989006281 ], [ 565136.720361658139154, 2114692.632589879911393 ], [ 565140.011311400332488, 2114691.915890341624618 ], [ 565143.165298644802533, 2114691.229018036741763 ], [ 565144.419709191075526, 2114691.368933823425323 ], [ 565145.572350924485363, 2114691.899962223600596 ], [ 565145.959145133150741, 2114692.946292628534138 ], [ 565146.027215695590712, 2114693.914296749047935 ], [ 565144.893210819456726, 2114710.142501214519143 ], [ 565144.615532116731629, 2114716.608498737681657 ], [ 565144.136188636301085, 2114735.290149703621864 ], [ 565166.636736873653717, 2114723.032589772716165 ], [ 565173.344238354358822, 2114719.378571869805455 ], [ 565176.923525523161516, 2114717.232382304500788 ], [ 565180.255816983990371, 2114715.052767926361412 ], [ 565183.197015589801595, 2114713.02086729509756 ], [ 565186.17309077444952, 2114710.692189734429121 ], [ 565189.334848565864377, 2114707.797175528015941 ], [ 565192.794305730494671, 2114704.290442306082696 ], [ 565196.003720043692738, 2114700.329275588970631 ], [ 565204.274833697127178, 2114684.739164484199136 ], [ 565208.278216374572366, 2114675.05650959443301 ], [ 565210.477896429714747, 2114666.624789159744978 ], [ 565217.667050742311403, 2114611.466631435323507 ], [ 565228.710288410889916, 2114526.738919708412141 ], [ 565233.94232110644225, 2114486.597111685201526 ], [ 565249.536008515045978, 2114379.191200696863234 ], [ 565253.509660588111728, 2114328.641269964165986 ], [ 565254.38000159827061, 2114253.432435241062194 ], [ 565251.725150941754691, 2114201.377462171949446 ], [ 565252.533323407988064, 2114155.257720761932433 ], [ 565257.419970890041441, 2114103.132701953873038 ], [ 565263.026596598443575, 2114068.193571435753256 ], [ 565203.463832501904108, 2114058.608837965875864 ], [ 565023.067058351589367, 2114013.648144850041717 ], [ 564734.364290899131447, 2113960.498450479470193 ], [ 564479.293505643960088, 2113927.521811468526721 ] ] ] ] } },
{ "type": "Feature", "properties": { "fid": 15.0, "cat": 9, "VULNERABIL": 4.0, "CLAVE_ACUI": "0609", "NOM_ACUIF": "SANTIAGO-SALAGUA" }, "geometry": { "type": "MultiPolygon", "coordinates": [ [ [ [ 572091.092019312549382, 2113437.188548151403666 ], [ 572096.110509286867455, 2113383.257272433489561 ], [ 572097.870497352676466, 2113367.62605213932693 ], [ 572102.61046037345659, 2113350.953045192640275 ], [ 572110.05801634513773, 2113333.869820146821439 ], [ 572118.027538108523004, 2113319.382537792436779 ], [ 572124.289628328871913, 2113311.267769074067473 ], [ 572141.594778169644997, 2113288.842830024193972 ], [ 572141.704104177188128, 2113288.701159534510225 ], [ 572172.569800151279196, 2113254.861922564450651 ], [ 572202.704428863944486, 2113225.217903746291995 ], [ 572248.978276651818305, 2113181.603175455704331 ], [ 572265.432660191319883, 2113168.67379246884957 ], [ 572278.56982064829208, 2113160.526498697698116 ], [ 572293.770641055889428, 2113153.529510480817407 ], [ 572315.130137259489857, 2113146.370648422278464 ], [ 572329.466993133770302, 2113142.659603040665388 ], [ 572344.05001675139647, 2113140.492707433179021 ], [ 572361.324701275560074, 2113139.240028716623783 ], [ 572392.831278525409289, 2113136.254804151132703 ], [ 572429.940739156445488, 2113133.241977567784488 ], [ 572452.67441503808368, 2113134.395593914203346 ], [ 572436.978019689326175, 2113121.567549284081906 ], [ 572420.568132023792714, 2113110.032242085784674 ], [ 572403.862546792603098, 2113102.316153143066913 ], [ 572385.550784162827767, 2113096.322009035386145 ], [ 572360.246690489817411, 2113092.294191326014698 ], [ 572345.047173077822663, 2113090.926882090512663 ], [ 572317.763227979186922, 2113089.600340966135263 ], [ 572235.532634277944453, 2113090.55000060191378 ], [ 572197.486884979414754, 2113092.662360003683716 ], [ 572118.699319549486972, 2113101.207357128150761 ], [ 572056.347754630027339, 2113110.150447790976614 ], [ 572014.644722269731574, 2113119.063201491720974 ], [ 571979.263732350780629, 2113128.697583181317896 ], [ 571975.675640434259549, 2113129.674634618684649 ], [ 571919.578977207420394, 2113148.929827796760947 ], [ 571895.28504259895999, 2113161.341578616760671 ], [ 571864.834148215479217, 2113176.898915022611618 ], [ 571825.053125374019146, 2113199.977676386479288 ], [ 571771.776940352283418, 2113235.464067705441266 ], [ 571704.242790882010013, 2113286.070229766890407 ], [ 571668.946433376870118, 2113311.972805570811033 ], [ 571616.472246888326481, 2113344.30185290472582 ], [ 571571.242469576071016, 2113367.209145717788488 ], [ 571512.971432885038666, 2113390.954362274613231 ], [ 571441.206601621699519, 2113412.221569236367941 ], [ 571379.183448154130019, 2113425.511605794075876 ], [ 571316.793616495095193, 2113434.617207985371351 ], [ 571252.076279948931187, 2113441.887382382061332 ], [ 571180.566118610324338, 2113447.298120310530066 ], [ 571095.204073864850216, 2113457.88368961494416 ], [ 571040.803410368505865, 2113470.634320399258286 ], [ 570970.672781327506527, 2113487.071762246079743 ], [ 570886.851575132342987, 2113516.898175782524049 ], [ 570835.881996575510129, 2113542.834277339279652 ], [ 570774.895695733488537, 2113587.077504265587777 ], [ 570702.884572223294526, 2113659.088627776596695 ], [ 570610.989289757679217, 2113750.98391024209559 ], [ 570525.13391819188837, 2113836.839281807653606 ], [ 570474.036324626184069, 2113887.93682840000838 ], [ 570418.197384115774184, 2113934.31028937548399 ], [ 570349.594187265844084, 2113979.004733458161354 ], [ 570242.723762696259655, 2114046.620600486174226 ], [ 570152.192087683361024, 2114097.517070875037462 ], [ 570089.114955366007052, 2114138.493023879360408 ], [ 570027.365439383895136, 2114176.152041486930102 ], [ 569974.198767425492406, 2114206.978944776579738 ], [ 569868.851717495825142, 2114258.033921177964658 ], [ 569866.470289227552712, 2114259.188047127332538 ], [ 569779.059210934559815, 2114295.732258732896298 ], [ 569700.82958028302528, 2114325.12728315917775 ], [ 569665.495311169885099, 2114335.808951099868864 ], [ 569560.311475225607865, 2114356.691132110543549 ], [ 569395.482527805608697, 2114380.238124598283321 ], [ 569217.277702839812264, 2114405.695956736337394 ], [ 569075.325274350238033, 2114425.974875091575086 ], [ 568997.556721551110968, 2114437.084610374178737 ], [ 568974.296486418927088, 2114444.727810232434422 ], [ 568962.314150492427871, 2114454.523185226134956 ], [ 568950.709173296694644, 2114472.545427387114614 ], [ 568947.754101041937247, 2114491.744825396221131 ], [ 568948.642838295549154, 2114515.770988389384001 ], [ 568952.40989654220175, 2114528.996693517081439 ], [ 568962.067535764654167, 2114549.132533315103501 ], [ 568980.099752111011185, 2114564.544739538338035 ], [ 569001.319059713860042, 2114574.259304516483098 ], [ 569015.825792502844706, 2114576.357809382490814 ], [ 569031.692637414787896, 2114578.653078108560294 ], [ 569048.953246769495308, 2114581.14998250734061 ], [ 569054.576175756053999, 2114581.963394073303789 ], [ 569062.771962572820485, 2114584.290397269185632 ], [ 569070.796370516764, 2114587.713627682067454 ], [ 569074.866260378388688, 2114590.199196902103722 ], [ 569080.033272266271524, 2114594.855089873541147 ], [ 569085.148805706528947, 2114602.274515883997083 ], [ 569087.544113170122728, 2114607.362205990124494 ], [ 569090.092419768101536, 2114614.262480739038438 ], [ 569091.392611324321479, 2114622.370074776932597 ], [ 569091.163863050285727, 2114625.128221134189516 ], [ 569089.903439009329304, 2114628.651399658527225 ], [ 569087.024505684850737, 2114632.976378102321178 ], [ 569082.593748678336851, 2114636.553881310392171 ], [ 569079.253922462230548, 2114638.579830241855234 ], [ 569075.131880340748467, 2114640.198637540452182 ], [ 569071.044574067462236, 2114640.904529083520174 ], [ 569095.210250291391276, 2114668.38346789451316 ], [ 569128.095355588011444, 2114717.523984168190509 ], [ 569148.079652956104837, 2114755.797933471854776 ], [ 569175.849233602406457, 2114808.122841484844685 ], [ 569214.95800129964482, 2114872.727910114452243 ], [ 569277.978737077093683, 2114958.074233265127987 ], [ 569353.875092136207968, 2115025.541377692949027 ], [ 569370.112246573437005, 2115038.5369664253667 ], [ 569382.620051277335733, 2115046.134861489757895 ], [ 569429.010511005530134, 2115067.38496929872781 ], [ 569460.417455750051886, 2115076.404365218710154 ], [ 569506.450435061473399, 2115083.789748857729137 ], [ 569575.585343561717309, 2115090.574886559974402 ], [ 569641.404301905073225, 2115090.705060485284775 ], [ 569685.765445298049599, 2115090.792753427289426 ], [ 569713.1153039309429, 2115088.419105781707913 ], [ 569734.048649308853783, 2115083.046922493260354 ], [ 569743.08888547506649, 2115078.584061813540757 ], [ 569761.799331106711179, 2115065.897635096218437 ], [ 569775.596294127753936, 2115050.882107407785952 ], [ 569786.056980900815688, 2115033.024850661400706 ], [ 569796.723534669028595, 2114995.000034941360354 ], [ 569801.435062364209443, 2114966.748915623873472 ], [ 569806.078390268143266, 2114932.703239421825856 ], [ 569811.960813759244047, 2114888.537016200367361 ], [ 569817.061733409995213, 2114850.2886633281596 ], [ 569823.025649411603808, 2114806.68085272796452 ], [ 569830.064485535258427, 2114759.908255093730986 ], [ 569837.030853404896334, 2114720.332736167125404 ], [ 569846.578824028838426, 2114677.035400094930083 ], [ 569855.495867674821056, 2114650.695922196377069 ], [ 569864.810504907509312, 2114629.184418770950288 ], [ 569880.03498480306007, 2114606.993604038376361 ], [ 569910.487776376772672, 2114575.955211525317281 ], [ 569949.79658661596477, 2114543.408679843880236 ], [ 569974.50879997224547, 2114527.341840625740588 ], [ 569993.137730660499074, 2114520.057579868007451 ], [ 570019.188025384559296, 2114514.67531201755628 ], [ 570036.579749444616027, 2114513.368867621291429 ], [ 570047.880273017450236, 2114513.844009283464402 ], [ 570065.728330059442669, 2114516.839566762093455 ], [ 570086.894599769846536, 2114523.754738420713693 ], [ 570114.241082015330903, 2114537.427991005592048 ], [ 570236.060072885593399, 2114598.337486440315843 ], [ 570320.646819362416863, 2114640.630859680008143 ], [ 570359.236098255263641, 2114659.925400249660015 ], [ 570387.645574529306032, 2114674.130144415423274 ], [ 570415.520549517590553, 2114684.544588023331016 ], [ 570442.429859093856066, 2114690.818603210616857 ], [ 570468.800228702719323, 2114693.85254121106118 ], [ 570497.751430935342796, 2114692.363834255374968 ], [ 570526.216027457383461, 2114689.101796985138208 ], [ 570540.724703120999038, 2114686.924321038648486 ], [ 570565.125843214686029, 2114680.655845802742988 ], [ 570589.44679179484956, 2114671.951428739819676 ], [ 570610.454687795136124, 2114662.963960412424058 ], [ 570657.451533231185749, 2114642.858177881222218 ], [ 570688.426178076886572, 2114628.07157684257254 ], [ 570750.86273602489382, 2114598.265992434229702 ], [ 570805.157163698226213, 2114572.347182751633227 ], [ 570827.786097205244005, 2114561.54465416027233 ], [ 570848.547960531548597, 2114553.725143844261765 ], [ 570869.197105037863366, 2114548.300550141371787 ], [ 570896.693524572998285, 2114545.38204003777355 ], [ 570920.544398806523532, 2114545.356690800283104 ], [ 570954.009616893250495, 2114548.398933251388371 ], [ 571008.048695670324378, 2114553.31162687856704 ], [ 571075.981876842677593, 2114559.487370621412992 ], [ 571146.460196483065374, 2114565.894490588456392 ], [ 571212.873576518148184, 2114571.932070592418313 ], [ 571338.769656897522509, 2114583.377168808598071 ], [ 571398.075441956403665, 2114584.548522635828704 ], [ 571433.463372561964206, 2114582.247716961894184 ], [ 571469.151084523182362, 2114574.307640412822366 ], [ 571505.436450765933841, 2114559.383588164579123 ], [ 571547.883999560377561, 2114538.569270074833184 ], [ 571611.082293248386122, 2114504.526771512813866 ], [ 571665.83355687011499, 2114475.034458279144019 ], [ 571886.516300709568895, 2114356.161046513356268 ], [ 571988.212838195147924, 2114302.022886539343745 ], [ 572031.807695179246366, 2114278.815160888712853 ], [ 572071.030074137263, 2114255.263530416879803 ], [ 572103.937725076335482, 2114233.24912374606356 ], [ 572138.722771293018013, 2114205.432700918521732 ], [ 572164.024157556472346, 2114183.595356041099876 ], [ 572183.194945767871104, 2114172.04975495999679 ], [ 572194.553093853872269, 2114166.433568025939167 ], [ 572206.040701736696064, 2114162.542878439184278 ], [ 572238.234657706925645, 2114153.447237546090037 ], [ 572262.352663776371628, 2114149.804918922949582 ], [ 572284.360499999951571, 2114148.2377 ], [ 572276.78081053448841, 2114131.721290959510952 ], [ 572273.672999999951571, 2114111.6752 ], [ 572275.761236611986533, 2114095.626660136971623 ], [ 572270.731491262558848, 2114087.444942956324667 ], [ 572157.608451673062518, 2113903.431508427485824 ], [ 572125.002549735363573, 2113834.505953072104603 ], [ 572105.293250881833956, 2113757.360236906446517 ], [ 572097.135704695712775, 2113696.049444605130702 ], [ 572092.976673507830128, 2113617.460915478877723 ], [ 572088.438764723599888, 2113498.738925590645522 ], [ 572091.092019312549382, 2113437.188548151403666 ] ] ] ] } },
{ "type": "Feature", "properties": { "fid": 16.0, "cat": 16, "VULNERABIL": 2.0, "CLAVE_ACUI": "0609", "NOM_ACUIF": "SANTIAGO-SALAGUA" }, "geometry": { "type": "MultiPolygon", "coordinates": [ [ [ [ 583381.306944845477119, 2114495.063382038846612 ], [ 583420.718608106370084, 2114511.300080722663552 ], [ 583472.358885160996579, 2114517.77238294808194 ], [ 583527.020371926249936, 2114511.78247140860185 ], [ 583571.110499999951571, 2114490.8627 ], [ 583623.380650788778439, 2114463.207102567888796 ], [ 583673.360499999951571, 2114431.8627 ], [ 583686.708890806068666, 2114423.853663345333189 ], [ 583704.368504938203841, 2114413.253389630932361 ], [ 583720.649319298565388, 2114401.269121302757412 ], [ 583731.437290234141983, 2114392.253567279782146 ], [ 583740.643804742838256, 2114381.754854910541326 ], [ 583744.224537948844954, 2114374.349556507077068 ], [ 583746.110499999951571, 2114365.8627 ], [ 583746.427185781882145, 2114355.673307177610695 ], [ 583744.198258346877992, 2114345.233934651594609 ], [ 583738.465042709256522, 2114337.034331392962486 ], [ 583731.142237238702364, 2114329.133827504236251 ], [ 583686.963474671705626, 2114298.380272030830383 ], [ 583650.54185766831506, 2114276.455146058928221 ], [ 583634.552663816837594, 2114268.053910292219371 ], [ 583611.497442147461697, 2114255.939995352644473 ], [ 583595.052454715478234, 2114248.798906504642218 ], [ 583578.690225343336351, 2114243.568703699856997 ], [ 583561.797437682864256, 2114240.593714734073728 ], [ 583540.974210236570798, 2114236.926558796782047 ], [ 583529.846540671773255, 2114233.311438983306289 ], [ 583519.942553955130279, 2114228.365158983506262 ], [ 583511.389226274564862, 2114223.271849478129297 ], [ 583503.369970393949188, 2114217.150578161235899 ], [ 583487.157251271884888, 2114200.224943124689162 ], [ 583468.610499999951571, 2114180.8627 ], [ 583452.815430392394774, 2114162.811098416801542 ], [ 583428.994178241118789, 2114135.586765308398753 ], [ 583409.292257087654434, 2114113.07033406291157 ], [ 583394.657047300133854, 2114096.344468342140317 ], [ 583364.800133077427745, 2114062.222280658315867 ], [ 583356.909194355714135, 2114053.204056308139116 ], [ 583347.817493155132979, 2114044.181107138283551 ], [ 583340.438358383835293, 2114039.122907317243516 ], [ 583332.294383120140992, 2114035.221257646102458 ], [ 583323.861679877969436, 2114032.504402155056596 ], [ 583317.145094514940865, 2114031.14248624863103 ], [ 583310.522829517023638, 2114031.420572293456644 ], [ 583303.740561328711919, 2114031.959014679770917 ], [ 583297.579303566366434, 2114033.461039509624243 ], [ 583292.682974851457402, 2114036.657204512972385 ], [ 583288.945673421141692, 2114041.179340224247426 ], [ 583286.106343666790053, 2114047.709987270645797 ], [ 583284.682428776752204, 2114053.556373158469796 ], [ 583284.147127636359073, 2114059.002553468104452 ], [ 583284.548819474759512, 2114064.317519263364375 ], [ 583286.09874483384192, 2114074.142518901266158 ], [ 583290.178581705549732, 2114091.143687059637159 ], [ 583296.110499999951571, 2114115.8627 ], [ 583306.035684132599272, 2114165.488516117446125 ], [ 583314.275464883656241, 2114196.224044773261994 ], [ 583322.901843830826692, 2114218.396937143057585 ], [ 583336.342125431983732, 2114245.977990697603673 ], [ 583346.149477207451127, 2114272.85714658210054 ], [ 583350.339400769560598, 2114294.152101854328066 ], [ 583351.854377299197949, 2114315.461716025136411 ], [ 583350.251713820034638, 2114334.210364520084113 ], [ 583348.321768954279833, 2114347.911808885168284 ], [ 583347.055249840253964, 2114366.580316815059632 ], [ 583347.238711268641055, 2114398.412554896902293 ], [ 583351.63018706406001, 2114445.718995575793087 ], [ 583360.330814796499908, 2114470.863734213635325 ], [ 583381.306944845477119, 2114495.063382038846612 ] ] ] ] } },
{ "type": "Feature", "properties": { "fid": 17.0, "cat": 17, "VULNERABIL": 2.0, "CLAVE_ACUI": "0609", "NOM_ACUIF": "SANTIAGO-SALAGUA" }, "geometry": { "type": "MultiPolygon", "coordinates": [ [ [ [ 572892.985499999951571, 2113646.8627 ], [ 572971.735499999951571, 2113604.8627 ], [ 573035.860499999951571, 2113564.3627 ], [ 572974.003956069238484, 2113541.041284998413175 ], [ 572951.508041377877817, 2113530.523618065752089 ], [ 572932.93791867129039, 2113519.893151835538447 ], [ 572916.036033754120581, 2113509.079533048905432 ], [ 572900.623480244888924, 2113496.932628646027297 ], [ 572875.734721817774698, 2113473.831774486694485 ], [ 572848.694596454035491, 2113445.130961526650935 ], [ 572821.430213087121956, 2113417.346428119577467 ], [ 572795.443155743763782, 2113388.949944373220205 ], [ 572778.382747212075628, 2113368.172040765639395 ], [ 572760.122421883512288, 2113345.180595984682441 ], [ 572739.64515307568945, 2113322.101212941575795 ], [ 572717.099323429050855, 2113300.082055093720555 ], [ 572689.202013548463583, 2113275.786128313280642 ], [ 572657.493326460826211, 2113251.349886873271316 ], [ 572594.076196028850973, 2113202.352265253197402 ], [ 572539.358443399658427, 2113167.487052297219634 ], [ 572508.331018033321016, 2113151.449848221149296 ], [ 572492.456719646928832, 2113144.244391490705311 ], [ 572481.458067362080328, 2113140.147550317458808 ], [ 572472.131405524443835, 2113137.320711223874241 ], [ 572452.67441503808368, 2113134.395593914203346 ], [ 572429.940739156445488, 2113133.241977567784488 ], [ 572392.831278525409289, 2113136.254804151132703 ], [ 572361.324701275560074, 2113139.240028716623783 ], [ 572344.05001675139647, 2113140.492707433179021 ], [ 572329.466993133770302, 2113142.659603040665388 ], [ 572315.130137259489857, 2113146.370648422278464 ], [ 572293.770641055889428, 2113153.529510480817407 ], [ 572278.56982064829208, 2113160.526498697698116 ], [ 572265.432660191319883, 2113168.67379246884957 ], [ 572248.978276651818305, 2113181.603175455704331 ], [ 572202.704428863944486, 2113225.217903746291995 ], [ 572172.569800151279196, 2113254.861922564450651 ], [ 572141.704104177188128, 2113288.701159534510225 ], [ 572124.289628328871913, 2113311.267769074067473 ], [ 572118.027538108523004, 2113319.382537792436779 ], [ 572110.05801634513773, 2113333.869820146821439 ], [ 572102.61046037345659, 2113350.953045192640275 ], [ 572097.870497352676466, 2113367.62605213932693 ], [ 572096.110509286867455, 2113383.257272433489561 ], [ 572091.092019312549382, 2113437.188548151403666 ], [ 572088.438764723599888, 2113498.738925590645522 ], [ 572092.976673507830128, 2113617.460915478877723 ], [ 572097.135704695712775, 2113696.049444605130702 ], [ 572105.293250881833956, 2113757.360236906446517 ], [ 572125.002549735363573, 2113834.505953072104603 ], [ 572157.608451673062518, 2113903.431508427485824 ], [ 572275.761236611986533, 2114095.626660136971623 ], [ 572280.998782411334105, 2114081.361363649368286 ], [ 572299.355034156469628, 2114051.254881669767201 ], [ 572317.155391581007279, 2114029.096741930581629 ], [ 572341.735499999951571, 2114001.6127 ], [ 572525.485499999951571, 2113830.1127 ], [ 572580.047999999951571, 2113783.2377 ], [ 572650.922999999951571, 2113735.9877 ], [ 572697.610499999951571, 2113715.3627 ], [ 572844.610499999951571, 2113666.3627 ], [ 572892.985499999951571, 2113646.8627 ] ] ] ] } },
{ "type": "Feature", "properties": { "fid": 19.0, "cat": 20, "VULNERABIL": 2.0, "CLAVE_ACUI": "0609", "NOM_ACUIF": "SANTIAGO-SALAGUA" }, "geometry": { "type": "MultiPolygon", "coordinates": [ [ [ [ 573653.467042620643042, 2112711.877468062099069 ], [ 573636.066350870998576, 2112727.509423926472664 ], [ 573623.036846359493211, 2112736.471126987133175 ], [ 573606.545765175949782, 2112742.930476385634392 ], [ 573576.691354498732835, 2112749.040114489849657 ], [ 573524.225974730798043, 2112758.148361194878817 ], [ 573481.910120453801937, 2112764.640685872174799 ], [ 573455.806495116674341, 2112767.559860640671104 ], [ 573429.951112387119792, 2112769.66722932131961 ], [ 573417.872035547858104, 2112769.400979693513364 ], [ 573405.832072383374907, 2112768.778040505945683 ], [ 573392.534164419514127, 2112766.970495669171214 ], [ 573380.509978441055864, 2112764.565378084313124 ], [ 573372.564721252769232, 2112761.960484489332885 ], [ 573364.703985119471326, 2112758.936039665713906 ], [ 573358.464897778583691, 2112756.535528067499399 ], [ 573343.332874867133796, 2112751.518943370319903 ], [ 573327.516089747659862, 2112748.085659171454608 ], [ 573314.098507494083606, 2112745.563988473732024 ], [ 573300.649851667461917, 2112743.745998106896877 ], [ 573285.483649451285601, 2112742.575411992147565 ], [ 573273.592774504795671, 2112742.369482449721545 ], [ 573253.043103873264045, 2112741.193292636889964 ], [ 573238.750896881567314, 2112740.940106940455735 ], [ 573212.260170309455134, 2112745.202895106282085 ], [ 573201.838062484632246, 2112750.048062462359667 ], [ 573191.809049316332676, 2112756.56603778898716 ], [ 573176.475151045946404, 2112767.809143559075892 ], [ 573140.541095331078395, 2112794.654715450946242 ], [ 573100.617172817699611, 2112829.659190131817013 ], [ 573077.952482692664489, 2112851.876148230861872 ], [ 573036.844038715353236, 2112901.140404887031764 ], [ 573007.341946172295138, 2112948.016788421664387 ], [ 572997.211657450068742, 2112970.279408244416118 ], [ 572991.87811762385536, 2113001.504778212867677 ], [ 572990.491819244809449, 2113028.162074965424836 ], [ 572992.733707067091018, 2113055.236191000323743 ], [ 572997.447999298805371, 2113082.329844971653074 ], [ 573002.689559544436634, 2113101.146641606930643 ], [ 573012.118043628521264, 2113129.349102923180908 ], [ 573030.33424587873742, 2113171.559793932829052 ], [ 573065.080289106466807, 2113229.872763416264206 ], [ 573093.545889834640548, 2113277.645503918174654 ], [ 573118.684086121385917, 2113319.833857716526836 ], [ 573131.777194205555134, 2113341.807552163489163 ], [ 573136.429143380955793, 2113351.204810780938715 ], [ 573137.767576624639332, 2113356.437697810120881 ], [ 573138.923410261282697, 2113361.522465604823083 ], [ 573139.434701016172767, 2113367.103121554944664 ], [ 573139.489250256097876, 2113372.5387405869551 ], [ 573138.157639198936522, 2113380.571380415931344 ], [ 573136.758089086622931, 2113386.6173638086766 ], [ 573133.900387070607394, 2113394.352816774044186 ], [ 573117.079228425747715, 2113418.32168400241062 ], [ 573109.349307322991081, 2113430.868609956 ], [ 573101.723483550478704, 2113445.612601902801543 ], [ 573097.656786737381481, 2113457.122205431107432 ], [ 573094.182350287795998, 2113469.728389256633818 ], [ 573088.467560210032389, 2113487.347969456575811 ], [ 573071.110499999951571, 2113540.8627 ], [ 573256.360499999951571, 2113417.3627 ], [ 573322.172999999951571, 2113366.7377 ], [ 573396.980528136366047, 2113289.663203432224691 ], [ 573411.776132897823118, 2113277.26667266478762 ], [ 573432.038909878931008, 2113263.13633645651862 ], [ 573458.111643550684676, 2113249.264468396548182 ], [ 573479.735195533256046, 2113233.561105862259865 ], [ 573496.110499999951571, 2113215.8627 ], [ 573515.145534340874292, 2113185.406541020143777 ], [ 573548.970157507690601, 2113131.28724798746407 ], [ 573574.851115162251517, 2113089.877715739887208 ], [ 573673.517737126792781, 2112932.011120596900582 ], [ 573706.626067947363481, 2112879.037580107338727 ], [ 573714.280674950219691, 2112867.201576007530093 ], [ 573720.998168789315969, 2112858.424468382727355 ], [ 573728.808246304281056, 2112849.919266797136515 ], [ 573734.569997150800191, 2112844.515468825120479 ], [ 573741.905928055057302, 2112838.191774135455489 ], [ 573748.709310344420373, 2112832.939916278701276 ], [ 573754.395703324466012, 2112829.868206597864628 ], [ 573761.151109934202395, 2112826.748215063475072 ], [ 573767.94096941081807, 2112824.256385087501258 ], [ 573774.688769673928618, 2112822.74784710817039 ], [ 573787.425034668762237, 2112819.900535544380546 ], [ 573678.398411229951307, 2112678.378437413834035 ], [ 573671.154426097753458, 2112689.747919068671763 ], [ 573664.377682952093892, 2112699.18592776497826 ], [ 573653.467042620643042, 2112711.877468062099069 ] ] ] ] } },
{ "type": "Feature", "properties": { "fid": 22.0, "cat": 19, "VULNERABIL": 4.0, "CLAVE_ACUI": "0609", "NOM_ACUIF": "SANTIAGO-SALAGUA" }, "geometry": { "type": "MultiPolygon", "coordinates": [ [ [ [ 569215.610287207411602, 2112448.578206846024841 ], [ 568921.110499999951571, 2112840.8627 ], [ 568596.110499999951571, 2113015.8627 ], [ 568746.110499999951571, 2113665.8627 ], [ 568971.110499999951571, 2113790.8627 ], [ 569221.110499999951571, 2113790.8627 ], [ 569521.110499999951571, 2113540.8627 ], [ 569921.110499999951571, 2113390.8627 ], [ 570146.110499999951571, 2113165.8627 ], [ 570296.110499999951571, 2112865.8627 ], [ 570181.35490716737695, 2112209.031866122968495 ], [ 570172.733396616531536, 2112153.451961327344179 ], [ 569969.843326692818664, 2112241.367102193646133 ], [ 569793.105494752409868, 2112289.244328921660781 ], [ 569670.182537605985999, 2112322.544566187541932 ], [ 569447.615892700152472, 2112391.353806298226118 ], [ 569357.707785391947255, 2112397.346686457749456 ], [ 569355.548216464347206, 2112331.48784546693787 ], [ 569268.981831232202239, 2112302.457704965490848 ], [ 569264.716658671153709, 2112369.558880896773189 ], [ 569229.709534823428839, 2112384.777778415940702 ], [ 569215.610287207411602, 2112448.578206846024841 ] ] ] ] } },
{ "type": "Feature", "properties": { "fid": 23.0, "cat": 23, "VULNERABIL": 4.0, "CLAVE_ACUI": "0609", "NOM_ACUIF": "SANTIAGO-SALAGUA" }, "geometry": { "type": "MultiPolygon", "coordinates": [ [ [ [ 573186.572780641494319, 2112145.71149216638878 ], [ 573245.252888153889216, 2112116.162414040416479 ], [ 573025.636899335542694, 2111831.12196456361562 ], [ 572868.736757948296145, 2111627.487917962949723 ], [ 572802.207911842968315, 2111541.144773319829255 ], [ 572775.91853753128089, 2111578.390736871864647 ], [ 572696.919705028180033, 2111603.392056793905795 ], [ 572593.921230275183916, 2111624.393175165168941 ], [ 572537.922057549236342, 2111643.394177195150405 ], [ 572546.921909051365219, 2111699.397084717638791 ], [ 572543.921918898471631, 2111831.403944390825927 ], [ 572525.922155389562249, 2111949.410080395173281 ], [ 572550.921750906272791, 2112074.416568636428565 ], [ 572515.922243773937225, 2112178.421981408260763 ], [ 572443.923304259777069, 2112215.423922738060355 ], [ 572378.924269637325779, 2112218.424095693510026 ], [ 572278.925777286174707, 2112137.419913440011442 ], [ 572206.926856392645277, 2112103.418165761977434 ], [ 572156.203749272273853, 2112204.898071894887835 ], [ 572134.009596525575034, 2112251.281230953056365 ], [ 572129.43500769964885, 2112264.427199494559318 ], [ 572126.941973743611015, 2112285.035570964217186 ], [ 572129.119621909456328, 2112306.455242 ], [ 572135.829593962640502, 2112325.513651796616614 ], [ 572146.110499999951571, 2112340.8627 ], [ 572192.473850162816234, 2112375.457066845148802 ], [ 572254.767718967865221, 2112407.183710066135973 ], [ 572334.852098496863618, 2112438.901149900164455 ], [ 572390.713401714805514, 2112457.677009108010679 ], [ 572411.808131520985626, 2112463.932383864186704 ], [ 572437.802162574138492, 2112472.367917746771127 ], [ 572444.531589604215696, 2112474.49158756993711 ], [ 572452.284453621366993, 2112476.311399595346302 ], [ 572462.053180345683359, 2112477.856550805736333 ], [ 572465.639500038931146, 2112478.302411965094507 ], [ 572470.782669411972165, 2112478.758806718047708 ], [ 572476.495757384574972, 2112479.039904414210469 ], [ 572489.181932994280942, 2112479.272909744177014 ], [ 572508.183385755284689, 2112478.324864114169031 ], [ 572531.170004272484221, 2112475.325393932871521 ], [ 572553.97775424644351, 2112470.4747185674496 ], [ 572570.367740487447008, 2112465.820578841026872 ], [ 572606.525089226779528, 2112455.553311050869524 ], [ 572647.882853806600906, 2112443.809429700020701 ], [ 572662.16696807811968, 2112439.753282066900283 ], [ 572682.552225831896067, 2112434.204534776043147 ], [ 572701.268039877759293, 2112429.230516804382205 ], [ 572714.209322900278494, 2112425.899913960136473 ], [ 572726.907165221404284, 2112422.758835325948894 ], [ 572745.632735080784187, 2112418.32609128439799 ], [ 572762.004294003825635, 2112414.731324706692249 ], [ 572778.568911060341634, 2112411.722335008438677 ], [ 572794.071361632901244, 2112410.142438371665776 ], [ 572820.730339181493036, 2112407.766698561608791 ], [ 572850.335681446013041, 2112402.306487167719752 ], [ 572865.043234156677499, 2112397.272452912293375 ], [ 572891.454830950824544, 2112385.342576990369707 ], [ 572910.691333795432001, 2112374.044279943685979 ], [ 572928.299297314602882, 2112364.350040548015386 ], [ 572948.723271706141531, 2112354.494026784785092 ], [ 572965.017506274976768, 2112345.917744289152324 ], [ 572991.986252164002508, 2112329.706836546305567 ], [ 573010.960884108324535, 2112314.808192001190037 ], [ 573029.983436934417114, 2112298.190294491592795 ], [ 573046.225921435747296, 2112282.027547527104616 ], [ 573093.748261700035073, 2112236.538921719882637 ], [ 573136.156047441181727, 2112188.17527534160763 ], [ 573146.074410131084733, 2112177.654726010747254 ], [ 573154.558394794818014, 2112169.465556764043868 ], [ 573165.528548417030834, 2112159.669988861307502 ], [ 573173.555518358596601, 2112153.092511530965567 ], [ 573186.572780641494319, 2112145.71149216638878 ] ] ] ] } },
{ "type": "Feature", "properties": { "fid": 24.0, "cat": 24, "VULNERABIL": 2.0, "CLAVE_ACUI": "0609", "NOM_ACUIF": "SANTIAGO-SALAGUA" }, "geometry": { "type": "MultiPolygon", "coordinates": [ [ [ [ 568622.719942060066387, 2112043.437807295937091 ], [ 568654.06341903784778, 2112011.093069642782211 ], [ 568679.164915517438203, 2111983.983453445136547 ], [ 568704.014863775577396, 2111960.25619048718363 ], [ 568770.092610806343146, 2111917.864599181804806 ], [ 568752.907178527209908, 2111881.358625136781484 ], [ 568822.898682498955168, 2111836.45305165508762 ], [ 568920.836715737706982, 2111867.505421522539109 ], [ 568975.223463698872365, 2111880.290295730344951 ], [ 568969.949257897562347, 2111788.45929886912927 ], [ 568902.690277474932373, 2111746.417847276199609 ], [ 568788.855187862180173, 2111711.378317118156701 ], [ 568686.939382321434096, 2111708.254323883913457 ], [ 568582.782621469232254, 2111660.37778450967744 ], [ 568526.118906177580357, 2111574.476622300688177 ], [ 568508.191928988788277, 2111431.311466636601835 ], [ 568505.98424050421454, 2111377.48294234694913 ], [ 568495.116082407766953, 2111278.455476680770516 ], [ 568461.831071668071672, 2111164.359498222824186 ], [ 568422.733832567580976, 2111102.373741954565048 ], [ 568372.433592063374817, 2111031.271004645619541 ], [ 568349.561426754225977, 2110922.490600720513612 ], [ 568300.624699069419876, 2110916.399439931381494 ], [ 568193.710737196612172, 2110961.381286344490945 ], [ 568126.302591881365515, 2110958.388254590798169 ], [ 568065.270850570639595, 2110967.449297001585364 ], [ 568000.293185062822886, 2110958.344786242581904 ], [ 567935.959217257332057, 2110992.299237055238336 ], [ 567890.051792474230751, 2111035.397271343506873 ], [ 567860.962536453967914, 2111088.477039764169604 ], [ 567934.035324543714523, 2111296.428743259515613 ], [ 567936.266433567856438, 2111344.347581990994513 ], [ 567913.668044485035352, 2111378.455797086004168 ], [ 567865.413612722535618, 2111405.293729069642723 ], [ 567846.777172641712241, 2111453.346570177935064 ], [ 567821.716317692422308, 2111502.431189180351794 ], [ 567783.89195377251599, 2111530.362889134790748 ], [ 567742.024638559552841, 2111566.511186510790139 ], [ 567721.816762374830432, 2111605.482810160610825 ], [ 567819.48886978381779, 2111671.481665059924126 ], [ 567882.77498320734594, 2111703.373720367439091 ], [ 567962.715344783384353, 2111789.358863979112357 ], [ 568001.076252904254943, 2111833.40073952358216 ], [ 568033.826101249898784, 2111875.522564112674445 ], [ 568156.320068718749098, 2111956.389172853436321 ], [ 568208.922992222127505, 2111983.107101613190025 ], [ 568314.128392616752535, 2112036.543426105286926 ], [ 568323.243770549190231, 2112175.454500265419483 ], [ 568368.80793192924466, 2112224.378423615824431 ], [ 568387.159009345108643, 2112253.361800252925605 ], [ 568392.405213748337701, 2112353.423741479869932 ], [ 568622.719942060066387, 2112043.437807295937091 ] ] ] ] } },
{ "type": "Feature", "properties": { "fid": 26.0, "cat": 26, "VULNERABIL": 3.0, "CLAVE_ACUI": "0609", "NOM_ACUIF": "SANTIAGO-SALAGUA" }, "geometry": { "type": "MultiPolygon", "coordinates": [ ] } },
{ "type": "Feature", "properties": { "fid": 27.0, "cat": 27, "VULNERABIL": 4.0, "CLAVE_ACUI": "0609", "NOM_ACUIF": "SANTIAGO-SALAGUA" }, "geometry": { "type": "MultiPolygon", "coordinates": [ ] } },
{ "type": "Feature", "properties": { "fid": 28.0, "cat": 28, "VULNERABIL": 3.0, "CLAVE_ACUI": "0609", "NOM_ACUIF": "SANTIAGO-SALAGUA" }, "geometry": { "type": "MultiPolygon", "coordinates": [ ] } },
{ "type": "Feature", "properties": { "fid": 29.0, "cat": 29, "VULNERABIL": 4.0, "CLAVE_ACUI": "0609", "NOM_ACUIF": "SANTIAGO-SALAGUA" }, "geometry": { "type": "MultiPolygon", "coordinates": [ [ [ [ 571736.548031607759185, 2111771.192199855577201 ], [ 571757.407262203167193, 2111810.118695872370154 ], [ 571770.010874493396841, 2111828.271543209906667 ], [ 571773.551061380188912, 2111832.628769591916353 ], [ 571780.172052213805728, 2111839.706427221186459 ], [ 571788.886986795929261, 2111848.399552108254284 ], [ 571794.588992870762013, 2111852.55714731477201 ], [ 571798.225982558680698, 2111853.558173766359687 ], [ 571801.578240255475976, 2111853.174663885030895 ], [ 571803.837552838027477, 2111852.264248543884605 ], [ 571805.504854848841205, 2111851.310665857512504 ], [ 571806.774810512899421, 2111850.013027145992965 ], [ 571807.972701565711759, 2111848.232681645546108 ], [ 571810.067223260877654, 2111845.119733880739659 ], [ 571796.933020553551614, 2111834.404295882210135 ], [ 571768.933454667916521, 2111765.400717869866639 ], [ 571868.931996843777597, 2111656.395027963910252 ], [ 572031.929611169034615, 2111515.387658597435802 ], [ 572278.926000137696974, 2111287.375745862256736 ], [ 572402.74567267333623, 2111152.779489602893591 ], [ 572457.278035373543389, 2111093.501800801604986 ], [ 572350.896210175938904, 2110955.447529478929937 ], [ 572184.370438307523727, 2110739.348581200931221 ], [ 572083.311649154056795, 2110850.07680156826973 ], [ 571824.864066826412454, 2111133.261384731158614 ], [ 571673.504184740362689, 2111257.472272700164467 ], [ 571676.865658379276283, 2111293.694298882503062 ], [ 571693.33516191248782, 2111612.190229848492891 ], [ 571695.00978541187942, 2111633.320379375945777 ], [ 571699.976005357457325, 2111667.33930102782324 ], [ 571705.278939958894625, 2111689.49549689842388 ], [ 571713.827735572936945, 2111715.449037029407918 ], [ 571720.558570205583237, 2111734.287124935071915 ], [ 571727.001105670118704, 2111749.894671665038913 ], [ 571729.202769565628842, 2111754.806200170423836 ], [ 571736.548031607759185, 2111771.192199855577201 ] ] ] ] } },
{ "type": "Feature", "properties": { "fid": 10.0, "cat": 13, "VULNERABIL": 2.0, "CLAVE_ACUI": "0609", "NOM_ACUIF": "SANTIAGO-SALAGUA" }, "geometry": { "type": "MultiPolygon", "coordinates": [ [ [ [ 565023.718610831419937, 2114723.901861796155572 ], [ 565108.503732733544894, 2114847.932693005539477 ], [ 565122.668528900947422, 2114845.34784589195624 ], [ 565127.702105190022849, 2114844.355331133119762 ], [ 565131.483084141858853, 2114843.350889712106436 ], [ 565135.941731816972606, 2114841.625655922107399 ], [ 565140.294647389440797, 2114839.249980318360031 ], [ 565142.861767231486738, 2114837.013653914444149 ], [ 565144.760832211002707, 2114834.443448881153017 ], [ 565145.733542904024944, 2114831.335704834666103 ], [ 565146.235023246961646, 2114827.424428568221629 ], [ 565146.224775248090737, 2114824.415440825279802 ], [ 565145.652957292739302, 2114791.080005391966552 ], [ 565144.853670756798238, 2114775.027406031265855 ], [ 565143.512591503676958, 2114758.130649948026985 ], [ 565143.752216810826212, 2114746.302788831759244 ], [ 565144.136188636301085, 2114735.290149703621864 ], [ 565144.2676655233372, 2114724.708884215913713 ], [ 565144.893210819456726, 2114710.142501214519143 ], [ 565146.027215695590712, 2114693.914296749047935 ], [ 565145.959145133150741, 2114692.946292628534138 ], [ 565145.572350924485363, 2114691.899962223600596 ], [ 565144.419709191075526, 2114691.368933823425323 ], [ 565143.165298644802533, 2114691.229018036741763 ], [ 565140.011311400332488, 2114691.915890341624618 ], [ 565136.720361658139154, 2114692.632589879911393 ], [ 565132.97074982826598, 2114693.334508989006281 ], [ 565129.162128587020561, 2114693.67881838651374 ], [ 565124.546492325724103, 2114693.808247010223567 ], [ 565119.760748681961559, 2114693.727529079187661 ], [ 565114.87243525206577, 2114693.429861358366907 ], [ 565111.994076150585897, 2114693.066278346814215 ], [ 565109.329322593170218, 2114692.633718110155314 ], [ 565107.026517710299231, 2114692.059760514646769 ], [ 565105.024283464881591, 2114691.41345929261297 ], [ 565102.420903993654065, 2114690.371297721285373 ], [ 565100.403012340888381, 2114689.118698138743639 ], [ 565097.374054632498883, 2114686.249966353643686 ], [ 565096.192986818379723, 2114684.15586562640965 ], [ 565095.081253399723209, 2114681.66010257601738 ], [ 565094.323867291677743, 2114679.189633489120752 ], [ 565094.111967050703242, 2114677.33583754952997 ], [ 565093.977766792755574, 2114674.105540533084422 ], [ 565094.288813340594061, 2114669.274002943187952 ], [ 565094.906750178430229, 2114664.497056967113167 ], [ 565095.686246775090694, 2114658.471180202905089 ], [ 565095.865319503122009, 2114654.23257901892066 ], [ 565095.603382485569455, 2114649.855611080769449 ], [ 565095.214431596104987, 2114646.786983991507441 ], [ 565094.958601772668771, 2114645.597540612332523 ], [ 565094.194028293597512, 2114644.511750985868275 ], [ 565092.931909503182396, 2114643.730262580793351 ], [ 565091.541443415451795, 2114643.234121146611869 ], [ 565089.691051364759915, 2114643.165053854696453 ], [ 565087.295274084317498, 2114643.683521536644548 ], [ 565083.089628166169859, 2114644.840824224520475 ], [ 565079.232268393971026, 2114645.536736269015819 ], [ 565075.948583353660069, 2114645.714541105553508 ], [ 565071.830139182624407, 2114645.486508692149073 ], [ 565068.14780110178981, 2114644.58593467483297 ], [ 565064.869335587485693, 2114643.319118946790695 ], [ 565061.497814372880384, 2114640.975384210702032 ], [ 565057.233326335554011, 2114637.003741384949535 ], [ 565052.340338420006447, 2114630.716674351133406 ], [ 565048.589050451177172, 2114623.25471703056246 ], [ 565047.422090361360461, 2114619.638407250400633 ], [ 565045.952164942980744, 2114614.141513805836439 ], [ 565045.00928415323142, 2114609.110920558683574 ], [ 565044.57393102592323, 2114606.378255266230553 ], [ 565044.072672202717513, 2114604.090074216015637 ], [ 565043.385676799342036, 2114602.712227244395763 ], [ 565042.120588289806619, 2114601.720220705959946 ], [ 565040.544133737683296, 2114600.983057481236756 ], [ 565036.448173285694793, 2114599.633197184186429 ], [ 565022.596583806560375, 2114595.871504449751228 ], [ 565010.963768887217157, 2114593.671608474105597 ], [ 565004.445307113113813, 2114591.638509262353182 ], [ 565001.60749556904193, 2114588.532748559489846 ], [ 565000.17141992773395, 2114584.693367553409189 ], [ 564999.826817159657367, 2114573.346682231407613 ], [ 565003.416991284699179, 2114556.425240891985595 ], [ 565007.397365061216988, 2114537.664719562511891 ], [ 565007.62201760802418, 2114527.984836314339191 ], [ 565006.475602778722532, 2114520.222271704580635 ], [ 565001.993629822740331, 2114508.09303469909355 ], [ 564995.025866575189866, 2114500.351786173414439 ], [ 564988.355630365898833, 2114496.061164483428001 ], [ 564984.293779419385828, 2114494.063237655907869 ], [ 564979.259920079144649, 2114492.894326827023178 ], [ 564964.395604514749721, 2114491.062225467525423 ], [ 564942.899677656125277, 2114490.335328938439488 ], [ 564908.671575480140746, 2114490.906800984404981 ], [ 564906.11509316181764, 2114491.071213110350072 ], [ 564903.984924648306333, 2114491.291348290164024 ], [ 564900.671903659356758, 2114491.886732753366232 ], [ 564896.416606390150264, 2114493.003800952807069 ], [ 564894.107802889426239, 2114493.726045189891011 ], [ 564889.703986121690832, 2114495.598631838802248 ], [ 564886.267985990154557, 2114497.40406175609678 ], [ 564882.604404943878762, 2114499.838889768347144 ], [ 564874.315540011273697, 2114505.347693331539631 ], [ 564937.084506162907928, 2114597.168391305953264 ], [ 564981.792446405161172, 2114662.569520532619208 ], [ 565023.718610831419937, 2114723.901861796155572 ] ] ] ] } },
{ "type": "Feature", "properties": { "fid": 18.0, "cat": 18, "VULNERABIL": 2.0, "CLAVE_ACUI": "0609", "NOM_ACUIF": "SANTIAGO-SALAGUA" }, "geometry": { "type": "MultiPolygon", "coordinates": [ [ [ [ 568696.110499999951571, 2113665.8627 ], [ 568446.110499999951571, 2113365.8627 ], [ 568309.153978260816075, 2112840.8627 ], [ 568332.575762914028019, 2112722.323534769937396 ], [ 568351.356478958041407, 2112598.19832099089399 ], [ 568351.389432073337957, 2112598.008840578142554 ], [ 568356.652229693252593, 2112553.122141505591571 ], [ 568360.525773665867746, 2112493.045436561107635 ], [ 568359.092260063742287, 2112463.473338698968291 ], [ 568327.805458812857978, 2112491.662322256714106 ], [ 568309.167667307774536, 2112508.454784919507802 ], [ 568252.889468800043687, 2112535.472955597098917 ], [ 568200.750021715299226, 2112528.525854972191155 ], [ 568164.687693185987882, 2112514.4623630088754 ], [ 568127.970349507406354, 2112460.506108334753662 ], [ 568083.239220481365919, 2112403.354601502884179 ], [ 567994.252003852045164, 2112377.487466780934483 ], [ 567944.472221867064945, 2112383.424572622869164 ], [ 567912.32935101329349, 2112394.492141754366457 ], [ 567899.996570173301734, 2112474.438291983678937 ], [ 567833.855967974290252, 2112564.528088992927223 ], [ 567864.201876639388502, 2112605.374334986321628 ], [ 567963.716918829013593, 2112605.31942380964756 ], [ 568047.92375710257329, 2112621.459817452356219 ], [ 568088.75653059699107, 2112647.571139487903565 ], [ 568116.660564534948207, 2112697.484611157793552 ], [ 568211.285590577637777, 2112717.463507503271103 ], [ 568259.185731147183105, 2112785.391237573232502 ], [ 568261.333517430233769, 2112855.471116558648646 ], [ 568223.470623795990832, 2112894.376814297866076 ], [ 568147.208200704772025, 2112900.426164956297725 ], [ 568143.813133567804471, 2112950.434841316659003 ], [ 568239.272144595510326, 2112961.552548002451658 ], [ 568262.178636924014427, 2113060.413482491392642 ], [ 568236.186198915005662, 2113144.530070795677602 ], [ 568158.766934845829383, 2113246.607437869999558 ], [ 568095.280426166485995, 2113338.198618792928755 ], [ 568103.82689850544557, 2113362.972388738766313 ], [ 568148.549524390138686, 2113500.009041463490576 ], [ 568246.110499999951571, 2113865.8627 ], [ 568371.110499999951571, 2113990.8627 ], [ 568646.110499999951571, 2113865.8627 ], [ 568696.110499999951571, 2113665.8627 ] ] ] ] } },
{ "type": "Feature", "properties": { "fid": 8.0, "cat": 10, "VULNERABIL": 3.0, "CLAVE_ACUI": "0609", "NOM_ACUIF": "SANTIAGO-SALAGUA" }, "geometry": { "type": "MultiPolygon", "coordinates": [ [ [ [ 571798.225982558680698, 2111853.558173766359687 ], [ 571794.588992870762013, 2111852.55714731477201 ], [ 571788.886986795929261, 2111848.399552108254284 ], [ 571780.172052213805728, 2111839.706427221186459 ], [ 571773.551061380188912, 2111832.628769591916353 ], [ 571770.010874493396841, 2111828.271543209906667 ], [ 571757.407262203167193, 2111810.118695872370154 ], [ 571736.548031607759185, 2111771.192199855577201 ], [ 571729.202769565628842, 2111754.806200170423836 ], [ 571727.001105670118704, 2111749.894671665038913 ], [ 571720.558570205583237, 2111734.287124935071915 ], [ 571713.827735572936945, 2111715.449037029407918 ], [ 571705.278939958894625, 2111689.49549689842388 ], [ 571699.976005357457325, 2111667.33930102782324 ], [ 571695.00978541187942, 2111633.320379375945777 ], [ 571693.33516191248782, 2111612.190229848492891 ], [ 571676.865658379276283, 2111293.694298882503062 ], [ 571673.504184740362689, 2111257.472272700164467 ], [ 571476.224745284533128, 2111419.370573957916349 ], [ 571125.412776937009767, 2111647.436127013061196 ], [ 570937.21559007326141, 2111749.285875640809536 ], [ 570595.286993083660491, 2111966.420226845890284 ], [ 570172.733396616531536, 2112153.451961327344179 ], [ 570181.35490716737695, 2112209.031866122968495 ], [ 570296.110499999951571, 2112865.8627 ], [ 570146.110499999951571, 2113165.8627 ], [ 569921.110499999951571, 2113390.8627 ], [ 569521.110499999951571, 2113540.8627 ], [ 569221.110499999951571, 2113790.8627 ], [ 568971.110499999951571, 2113790.8627 ], [ 568746.110499999951571, 2113665.8627 ], [ 568596.110499999951571, 2113015.8627 ], [ 568921.110499999951571, 2112840.8627 ], [ 569215.610287207411602, 2112448.578206846024841 ], [ 569229.709534823428839, 2112384.777778415940702 ], [ 569186.742031442234293, 2112403.457472982350737 ], [ 569141.802980455337092, 2112402.444513043388724 ], [ 569028.725938815390691, 2112380.492018792312592 ], [ 568961.394176067551598, 2112358.500540245790035 ], [ 568886.895480419276282, 2112321.497297529596835 ], [ 568727.975300327758305, 2112110.476739823352545 ], [ 568721.790416887495667, 2112047.346497491002083 ], [ 568750.838977792882361, 2112005.454142632428557 ], [ 568791.885889276745729, 2111974.37040968472138 ], [ 568770.092600309988484, 2111917.864605915732682 ], [ 568704.014863775577396, 2111960.25619048718363 ], [ 568679.164915517438203, 2111983.983453445136547 ], [ 568654.06341903784778, 2112011.093069642782211 ], [ 568622.719942060066387, 2112043.437807295937091 ], [ 568392.405213748337701, 2112353.423741479869932 ], [ 568359.092260063742287, 2112463.473338698968291 ], [ 568360.525773665867746, 2112493.045436561107635 ], [ 568356.652229693252593, 2112553.122141505591571 ], [ 568351.389432073337957, 2112598.008840578142554 ], [ 568351.356478958041407, 2112598.19832099089399 ], [ 568332.575762914028019, 2112722.323534769937396 ], [ 568309.153978261398152, 2112840.862699997145683 ], [ 568446.110499999951571, 2113365.8627 ], [ 568696.110499999951571, 2113665.8627 ], [ 568646.110499999951571, 2113865.8627 ], [ 568371.110499999951571, 2113990.8627 ], [ 568246.110499999951571, 2113865.8627 ], [ 568148.549524390138686, 2113500.009041463490576 ], [ 568103.82689850544557, 2113362.972388738766313 ], [ 568095.280426166485995, 2113338.198618792928755 ], [ 568006.279480077442713, 2113466.601015060674399 ], [ 567804.362532465485856, 2113599.456982197705656 ], [ 567350.287609717692249, 2113781.41158131044358 ], [ 567162.257504819193855, 2113849.529681541956961 ], [ 567015.089992191060446, 2113935.527693116571754 ], [ 566858.555936732911505, 2113949.521254459861666 ], [ 566669.890578518738039, 2113972.475353671237826 ], [ 566596.87870454590302, 2113978.476699919905514 ], [ 566616.056061701499857, 2114037.123216118197888 ], [ 566627.38877461606171, 2114088.196072994731367 ], [ 566632.493992016185075, 2114116.396468593738973 ], [ 566636.236524153617211, 2114166.604463889729232 ], [ 566633.223978014197201, 2114224.624555276706815 ], [ 566626.959705583751202, 2114265.342311687767506 ], [ 566612.958826524205506, 2114356.348577592056245 ], [ 566604.213066802360117, 2114413.195869877934456 ], [ 566591.279582717921585, 2114460.698115167208016 ], [ 566560.479451037244871, 2114531.485139682888985 ], [ 566420.135399871971458, 2114789.959680850617588 ], [ 566361.714961822144687, 2114897.553670704364777 ], [ 566355.019473103107885, 2114909.884964433498681 ], [ 566351.399801501305774, 2114917.978561828844249 ], [ 566348.007238805643283, 2114928.698279850650579 ], [ 566345.552067526499741, 2114939.996167439967394 ], [ 566345.639817139715888, 2114953.321994257159531 ], [ 566347.836685028974898, 2114965.583673564251512 ], [ 566358.122602182324044, 2114975.766751497518271 ], [ 566370.597141257603653, 2114981.670706691686064 ], [ 566389.187557354103774, 2114986.524991595651954 ], [ 566412.949026331538334, 2114988.682851845864207 ], [ 566446.637154982076026, 2114987.661336337216198 ], [ 566499.861673428909853, 2114983.423795857001096 ], [ 566738.55796004680451, 2114940.832456939853728 ], [ 566775.222333081183024, 2114934.290261192247272 ], [ 566829.209416107274592, 2114930.581253088545054 ], [ 566860.014073125435971, 2114932.567536029033363 ], [ 566896.110499999951571, 2114940.8627 ], [ 566915.715452581876889, 2114926.168040570802987 ], [ 566925.073950060759671, 2114920.180255909450352 ], [ 566936.36470991326496, 2114914.048962651751935 ], [ 566946.515072799520567, 2114909.203190596308559 ], [ 566967.671739805024117, 2114873.291365389246494 ], [ 566987.359385019517504, 2114836.355965732131153 ], [ 567004.175033210660331, 2114802.825526309199631 ], [ 567025.255130567820743, 2114758.228895848151296 ], [ 567045.122122124535963, 2114719.080636841710657 ], [ 567061.840462977765128, 2114688.202013673260808 ], [ 567086.558666023542173, 2114652.056595255620778 ], [ 567149.033676450839266, 2114561.492759689688683 ], [ 567181.227109652012587, 2114523.070540391840041 ], [ 567228.168673738255166, 2114461.315257806330919 ], [ 567265.395567175000906, 2114414.962792614940554 ], [ 567287.601545342477039, 2114388.484110260847956 ], [ 567291.907365809893236, 2114382.265919554512948 ], [ 567295.200458410196006, 2114376.760577660985291 ], [ 567297.909686671919189, 2114371.050032616127282 ], [ 567301.098261391278356, 2114363.307379063218832 ], [ 567303.158330892911181, 2114357.894807097967714 ], [ 567307.599205799982883, 2114346.226986668072641 ], [ 567316.080816230387427, 2114326.546395822893828 ], [ 567328.682741919416003, 2114305.353290874045342 ], [ 567337.032604144886136, 2114295.150667567737401 ], [ 567354.419720647390932, 2114278.97163124801591 ], [ 567367.830975423566997, 2114269.828205366618931 ], [ 567388.956875253235921, 2114258.768126110546291 ], [ 567401.702542432234623, 2114253.884481722954661 ], [ 567427.651912740431726, 2114246.168905880767852 ], [ 567474.321116990991868, 2114240.862699999008328 ], [ 567541.147259930730797, 2114240.862645583227277 ], [ 567575.773562229471281, 2114234.669969128444791 ], [ 567599.365420494694263, 2114225.386756574269384 ], [ 567616.365783987217583, 2114213.679022799711674 ], [ 567638.603642087546177, 2114193.46064529940486 ], [ 567651.855466807610355, 2114181.823485801462084 ], [ 567663.125213297782466, 2114173.021749846637249 ], [ 567670.98342237691395, 2114168.145481605548412 ], [ 567679.641707520699129, 2114164.139648437965661 ], [ 567687.749535456881858, 2114161.472315457649529 ], [ 567701.433785541797988, 2114159.033479443285614 ], [ 567712.06090699811466, 2114159.33485335111618 ], [ 567720.667011982412077, 2114160.376156450714916 ], [ 567734.888803635491058, 2114163.202753835357726 ], [ 567745.312484320718795, 2114165.703078052960336 ], [ 567769.577362838899717, 2114170.556025692261755 ], [ 567817.568540705367923, 2114180.154308140743524 ], [ 567921.049850661191158, 2114203.869211092125624 ], [ 568083.928850997705013, 2114241.986647956538945 ], [ 568172.031409235671163, 2114259.0684206886217 ], [ 568301.639339779852889, 2114282.626518055796623 ], [ 568378.728086529183201, 2114299.905629524495453 ], [ 568469.638428106438369, 2114325.2885911767371 ], [ 568574.013480732683092, 2114358.497026910074055 ], [ 568693.07086447160691, 2114398.18282149033621 ], [ 568763.066122495452873, 2114421.514574165921658 ], [ 568793.505505348788574, 2114433.331798640079796 ], [ 568821.419589825556614, 2114447.024760721251369 ], [ 568844.984669673256576, 2114465.260881189722568 ], [ 568859.806547997053713, 2114478.187749368138611 ], [ 568867.382424327428453, 2114484.433617806993425 ], [ 568876.437053066445515, 2114493.377485525328666 ], [ 568880.548553732456639, 2114500.507331715896726 ], [ 568883.272865871665999, 2114510.209848444443196 ], [ 568884.424925884697586, 2114526.774368253536522 ], [ 568880.234801189391874, 2114542.390069913584739 ], [ 568873.617048166808672, 2114554.85272713098675 ], [ 568866.172042106627487, 2114565.888196236919612 ], [ 568857.373678344767541, 2114574.127125383354723 ], [ 568849.405393101158552, 2114579.851876893546432 ], [ 568839.741641871398315, 2114583.816987073048949 ], [ 568829.525788283906877, 2114588.008636342827231 ], [ 568820.944548616651446, 2114590.356511511839926 ], [ 568809.342199848499149, 2114591.756385186221451 ], [ 568804.249291586107574, 2114593.308136903680861 ], [ 568800.505564775201492, 2114595.952713150531054 ], [ 568797.401284377789125, 2114601.130940887611359 ], [ 568796.416338620474562, 2114609.697278287261724 ], [ 568796.424367698491551, 2114618.88621807936579 ], [ 568799.756162218167447, 2114627.388757206499577 ], [ 568805.161680908524431, 2114633.771886548493057 ], [ 568814.079528323025443, 2114639.846235408447683 ], [ 568822.354652829933912, 2114642.827598564792424 ], [ 568831.521997184841894, 2114644.544138710014522 ], [ 568857.070571715477854, 2114647.022321486845613 ], [ 568881.273747793631628, 2114649.370041771791875 ], [ 568900.372159637394361, 2114650.116893987171352 ], [ 568922.209863424883224, 2114649.490379676222801 ], [ 568979.096836795913987, 2114647.315538338385522 ], [ 569033.048762190504931, 2114645.391714660450816 ], [ 569056.940815380425192, 2114643.340295651461929 ], [ 569071.044574067462236, 2114640.904529083520174 ], [ 569075.131880340748467, 2114640.198637540452182 ], [ 569079.253922462230548, 2114638.579830241855234 ], [ 569082.593748678336851, 2114636.553881310392171 ], [ 569087.024505684850737, 2114632.976378102321178 ], [ 569089.903439009329304, 2114628.651399658527225 ], [ 569091.163863050285727, 2114625.128221134189516 ], [ 569091.392611324321479, 2114622.370074776932597 ], [ 569090.092419768101536, 2114614.262480739038438 ], [ 569087.544113170122728, 2114607.362205990124494 ], [ 569085.148805706528947, 2114602.274515883997083 ], [ 569080.033272266271524, 2114594.855089873541147 ], [ 569074.866260378388688, 2114590.199196902103722 ], [ 569070.796370516764, 2114587.713627682067454 ], [ 569062.771962572820485, 2114584.290397269185632 ], [ 569054.576175756053999, 2114581.963394073303789 ], [ 569048.953246769495308, 2114581.14998250734061 ], [ 569031.692637414787896, 2114578.653078108560294 ], [ 569015.825792502844706, 2114576.357809382490814 ], [ 569001.319059713860042, 2114574.259304516483098 ], [ 568980.099752111011185, 2114564.544739538338035 ], [ 568962.067535764654167, 2114549.132533315103501 ], [ 568952.40989654220175, 2114528.996693517081439 ], [ 568948.642838295549154, 2114515.770988389384001 ], [ 568947.754101041937247, 2114491.744825396221131 ], [ 568950.709173296694644, 2114472.545427387114614 ], [ 568962.314150492427871, 2114454.523185226134956 ], [ 568974.296486418927088, 2114444.727810232434422 ], [ 568997.556721551110968, 2114437.084610374178737 ], [ 569075.325274350238033, 2114425.974875091575086 ], [ 569217.277702839812264, 2114405.695956736337394 ], [ 569395.482527805608697, 2114380.238124598283321 ], [ 569560.311475225607865, 2114356.691132110543549 ], [ 569665.495311169885099, 2114335.808951099868864 ], [ 569700.82958028302528, 2114325.12728315917775 ], [ 569779.059210934559815, 2114295.732258732896298 ], [ 569866.470289227552712, 2114259.188047127332538 ], [ 569974.198767425492406, 2114206.978944776579738 ], [ 570027.365439383895136, 2114176.152041486930102 ], [ 570089.114955366007052, 2114138.493023879360408 ], [ 570152.192087683361024, 2114097.517070875037462 ], [ 570242.723762696259655, 2114046.620600486174226 ], [ 570349.594187265844084, 2113979.004733458161354 ], [ 570418.197384115774184, 2113934.31028937548399 ], [ 570474.036324626184069, 2113887.93682840000838 ], [ 570525.13391819188837, 2113836.839281807653606 ], [ 570610.989289757679217, 2113750.98391024209559 ], [ 570702.884572223294526, 2113659.088627776596695 ], [ 570774.895695733488537, 2113587.077504265587777 ], [ 570835.881996575510129, 2113542.834277339279652 ], [ 570886.851575132342987, 2113516.898175782524049 ], [ 570970.672781327506527, 2113487.071762246079743 ], [ 571040.803410368505865, 2113470.634320399258286 ], [ 571095.204073864850216, 2113457.88368961494416 ], [ 571180.566118610324338, 2113447.298120310530066 ], [ 571252.076279948931187, 2113441.887382382061332 ], [ 571316.793616495095193, 2113434.617207985371351 ], [ 571379.183448154130019, 2113425.511605794075876 ], [ 571441.206601621699519, 2113412.221569236367941 ], [ 571512.971432885038666, 2113390.954362274613231 ], [ 571571.242469576071016, 2113367.209145717788488 ], [ 571616.472246888326481, 2113344.30185290472582 ], [ 571668.946433376870118, 2113311.972805570811033 ], [ 571704.242790882010013, 2113286.070229766890407 ], [ 571771.776940352283418, 2113235.464067705441266 ], [ 571825.053125374019146, 2113199.977676386479288 ], [ 571864.834148215479217, 2113176.898915022611618 ], [ 571919.578977207420394, 2113148.929827796760947 ], [ 571975.675640434259549, 2113129.674634618684649 ], [ 572014.644722269731574, 2113119.063201491720974 ], [ 572056.347754630027339, 2113110.150447790976614 ], [ 572118.699319549486972, 2113101.207357128150761 ], [ 572197.486884979414754, 2113092.662360003683716 ], [ 572235.532634277944453, 2113090.55000060191378 ], [ 572317.763227979186922, 2113089.600340966135263 ], [ 572345.047173077822663, 2113090.926882090512663 ], [ 572360.246690489817411, 2113092.294191326014698 ], [ 572385.550784162827767, 2113096.322009035386145 ], [ 572403.862546792603098, 2113102.316153143066913 ], [ 572420.568132023792714, 2113110.032242085784674 ], [ 572436.978019689326175, 2113121.567549284081906 ], [ 572452.67441503808368, 2113134.395593914203346 ], [ 572472.131405524443835, 2113137.320711223874241 ], [ 572481.458067362080328, 2113140.147550317458808 ], [ 572492.456719646928832, 2113144.244391490705311 ], [ 572508.331018033321016, 2113151.449848221149296 ], [ 572539.358443399658427, 2113167.487052297219634 ], [ 572594.076196028850973, 2113202.352265253197402 ], [ 572657.493326460826211, 2113251.349886873271316 ], [ 572689.202013548463583, 2113275.786128313280642 ], [ 572717.099323429050855, 2113300.082055093720555 ], [ 572739.64515307568945, 2113322.101212941575795 ], [ 572760.122421883512288, 2113345.180595984682441 ], [ 572778.382747212075628, 2113368.172040765639395 ], [ 572795.443155743763782, 2113388.949944373220205 ], [ 572821.430213087121956, 2113417.346428119577467 ], [ 572848.694596454035491, 2113445.130961526650935 ], [ 572875.734721817774698, 2113473.831774486694485 ], [ 572900.623480244888924, 2113496.932628646027297 ], [ 572916.036033754120581, 2113509.079533048905432 ], [ 572932.93791867129039, 2113519.893151835538447 ], [ 572951.508041377877817, 2113530.523618065752089 ], [ 572974.003956069238484, 2113541.041284998413175 ], [ 573035.860499999951571, 2113564.3627 ], [ 573047.035810749046504, 2113556.912479200400412 ], [ 573071.110499999951571, 2113540.8627 ], [ 573088.467560210032389, 2113487.347969456575811 ], [ 573094.182350287795998, 2113469.728389256633818 ], [ 573097.656786737381481, 2113457.122205431107432 ], [ 573101.723483550478704, 2113445.612601902801543 ], [ 573109.349307322991081, 2113430.868609956 ], [ 573117.079228425747715, 2113418.32168400241062 ], [ 573133.900387070607394, 2113394.352816774044186 ], [ 573136.758089086622931, 2113386.6173638086766 ], [ 573138.157639198936522, 2113380.571380415931344 ], [ 573139.489250256097876, 2113372.5387405869551 ], [ 573139.434701016172767, 2113367.103121554944664 ], [ 573138.923410261282697, 2113361.522465604823083 ], [ 573137.767576624639332, 2113356.437697810120881 ], [ 573136.429143380955793, 2113351.204810780938715 ], [ 573131.777194205555134, 2113341.807552163489163 ], [ 573118.684086121385917, 2113319.833857716526836 ], [ 573093.545889834640548, 2113277.645503918174654 ], [ 573065.080289106466807, 2113229.872763416264206 ], [ 573040.15902167907916, 2113188.048343367874622 ], [ 573030.33424587873742, 2113171.559793932829052 ], [ 573012.118043628521264, 2113129.349102923180908 ], [ 573002.689559544436634, 2113101.146641606930643 ], [ 572997.447999298805371, 2113082.329844971653074 ], [ 572992.733707067091018, 2113055.236191000323743 ], [ 572990.491819244809449, 2113028.162074965424836 ], [ 572991.87811762385536, 2113001.504778212867677 ], [ 572997.211657450068742, 2112970.279408244416118 ], [ 573007.341946172295138, 2112948.016788421664387 ], [ 573036.844038715353236, 2112901.140404887031764 ], [ 573067.393771386821754, 2112864.529681505169719 ], [ 573077.952482692664489, 2112851.876148230861872 ], [ 573100.617172817699611, 2112829.659190131817013 ], [ 573140.541095331078395, 2112794.654715450946242 ], [ 573176.475151045946404, 2112767.809143559075892 ], [ 573191.809049316332676, 2112756.56603778898716 ], [ 573201.838062484632246, 2112750.048062462359667 ], [ 573212.260170309455134, 2112745.202895106282085 ], [ 573238.750896881567314, 2112740.940106940455735 ], [ 573253.043103873264045, 2112741.193292636889964 ], [ 573273.592774504795671, 2112742.369482449721545 ], [ 573285.483649451285601, 2112742.575411992147565 ], [ 573300.649851667461917, 2112743.745998106896877 ], [ 573314.098507494083606, 2112745.563988473732024 ], [ 573327.516089747659862, 2112748.085659171454608 ], [ 573343.332874867133796, 2112751.518943370319903 ], [ 573358.464897778583691, 2112756.535528067499399 ], [ 573364.703985119471326, 2112758.936039665713906 ], [ 573372.564721252769232, 2112761.960484489332885 ], [ 573380.509978441055864, 2112764.565378084313124 ], [ 573392.534164419514127, 2112766.970495669171214 ], [ 573405.832072383374907, 2112768.778040505945683 ], [ 573417.872035547858104, 2112769.400979693513364 ], [ 573429.951112387119792, 2112769.66722932131961 ], [ 573455.806495116674341, 2112767.559860640671104 ], [ 573481.910120453801937, 2112764.640685872174799 ], [ 573524.225974730798043, 2112758.148361194878817 ], [ 573576.691354498732835, 2112749.040114489849657 ], [ 573606.545765175949782, 2112742.930476385634392 ], [ 573623.036846359493211, 2112736.471126987133175 ], [ 573636.066350870998576, 2112727.509423926472664 ], [ 573653.467042620643042, 2112711.877468062099069 ], [ 573664.377682952093892, 2112699.18592776497826 ], [ 573671.154426097753458, 2112689.747919068671763 ], [ 573678.398411229951307, 2112678.378437413834035 ], [ 573413.736962413764559, 2112334.84658929053694 ], [ 573245.252888153889216, 2112116.162414040416479 ], [ 573186.572780641494319, 2112145.71149216638878 ], [ 573173.555518358596601, 2112153.092511530965567 ], [ 573165.528548417030834, 2112159.669988861307502 ], [ 573154.558394794818014, 2112169.465556764043868 ], [ 573146.074410131084733, 2112177.654726010747254 ], [ 573136.156047441181727, 2112188.17527534160763 ], [ 573093.748261700035073, 2112236.538921719882637 ], [ 573046.225921435747296, 2112282.027547527104616 ], [ 573029.983436934417114, 2112298.190294491592795 ], [ 573010.960884108324535, 2112314.808192001190037 ], [ 572991.986252164002508, 2112329.706836546305567 ], [ 572965.017506274976768, 2112345.917744289152324 ], [ 572948.723271706141531, 2112354.494026784785092 ], [ 572928.299297314602882, 2112364.350040548015386 ], [ 572910.691333795432001, 2112374.044279943685979 ], [ 572891.454830950824544, 2112385.342576990369707 ], [ 572865.043234156677499, 2112397.272452912293375 ], [ 572850.335681446013041, 2112402.306487167719752 ], [ 572820.730339181493036, 2112407.766698561608791 ], [ 572794.071361632901244, 2112410.142438371665776 ], [ 572778.568911060341634, 2112411.722335008438677 ], [ 572762.004294003825635, 2112414.731324706692249 ], [ 572745.632735080784187, 2112418.32609128439799 ], [ 572726.907165221404284, 2112422.758835325948894 ], [ 572714.209322900278494, 2112425.899913960136473 ], [ 572701.268039877759293, 2112429.230516804382205 ], [ 572682.552225831896067, 2112434.204534776043147 ], [ 572662.16696807811968, 2112439.753282066900283 ], [ 572647.882853806600906, 2112443.809429700020701 ], [ 572606.525089226779528, 2112455.553311050869524 ], [ 572570.367740487447008, 2112465.820578841026872 ], [ 572553.97775424644351, 2112470.4747185674496 ], [ 572531.170004272484221, 2112475.325393932871521 ], [ 572508.183385755284689, 2112478.324864114169031 ], [ 572489.181932994280942, 2112479.272909744177014 ], [ 572476.495757384574972, 2112479.039904414210469 ], [ 572470.782669411972165, 2112478.758806718047708 ], [ 572465.639500038931146, 2112478.302411965094507 ], [ 572462.053180345683359, 2112477.856550805736333 ], [ 572452.284453621366993, 2112476.311399595346302 ], [ 572444.531589604215696, 2112474.49158756993711 ], [ 572437.802162574138492, 2112472.367917746771127 ], [ 572411.808131520985626, 2112463.932383864186704 ], [ 572390.713401714805514, 2112457.677009108010679 ], [ 572334.852098496863618, 2112438.901149900164455 ], [ 572254.767718967865221, 2112407.183710066135973 ], [ 572192.473850162816234, 2112375.457066845148802 ], [ 572146.110499999951571, 2112340.8627 ], [ 572135.829593962640502, 2112325.513651796616614 ], [ 572129.119621909456328, 2112306.455242 ], [ 572126.941973743611015, 2112285.035570964217186 ], [ 572129.43500769964885, 2112264.427199494559318 ], [ 572134.009596525575034, 2112251.281230953056365 ], [ 572156.203749272273853, 2112204.898071894887835 ], [ 572206.926856392645277, 2112103.418165761977434 ], [ 572134.927906948607415, 2112178.422081408556551 ], [ 572053.929102817317471, 2112209.423713252414018 ], [ 572004.031797228730284, 2112191.845025044400245 ], [ 571965.930418951204047, 2112178.422125596087426 ], [ 571928.930987702333368, 2112106.418394335545599 ], [ 571943.930779626127332, 2112049.415428819600493 ], [ 571950.930700645316392, 2111953.410438948776573 ], [ 571900.93145605456084, 2111906.408009902574122 ], [ 571834.932447689468972, 2111865.405896751210093 ], [ 571810.067223260877654, 2111845.119733880739659 ], [ 571807.972701565711759, 2111848.232681645546108 ], [ 571806.774810512899421, 2111850.013027145992965 ], [ 571805.504854848841205, 2111851.310665857512504 ], [ 571803.837552838027477, 2111852.264248543884605 ], [ 571801.578240255475976, 2111853.174663885030895 ], [ 571798.225982558680698, 2111853.558173766359687 ] ] ] ] } }
]
}
