{
"type": "FeatureCollection",
"name": "1231",
"crs": { "type": "name", "properties": { "name": "urn:ogc:def:crs:OGC:1.3:CRS84" } },
"features": [
{ "type": "Feature", "properties": { "fid": 2.0, "cat": 3, "value": 1.0, "NOM_ACUIF": "SAN MARCOS", "CLAVE_ACUI": "1231" }, "geometry": { "type": "MultiPolygon", "coordinates": [ [ [ [ -99.316446590518083, 16.775486480323746 ], [ -99.316263332205068, 16.775614517079941 ], [ -99.316083207655481, 16.77572264190572 ], [ -99.316009145375375, 16.775749069300314 ], [ -99.31584364605844, 16.775764272329699 ], [ -99.315796117037067, 16.77574901452569 ], [ -99.31573981430283, 16.77566260848107 ], [ -99.315706910872962, 16.775554429081964 ], [ -99.315609664504606, 16.775135997898523 ], [ -99.315585580992902, 16.77499897418674 ], [ -99.315570437396048, 16.774777961420483 ], [ -99.315572887165814, 16.774599252610884 ], [ -99.315573974309956, 16.774574178019044 ], [ -99.315599462915856, 16.773986290913868 ], [ -99.315616538139764, 16.77371466051196 ], [ -99.315669646653632, 16.773060013659371 ], [ -99.315728440459253, 16.772396434233872 ], [ -99.315949700147684, 16.769954376694194 ], [ -99.316010151016698, 16.769288506321036 ], [ -99.316070998238445, 16.76862316918967 ], [ -99.316097472233437, 16.768338557983643 ], [ -99.316160170314561, 16.767675709486507 ], [ -99.316179760255494, 16.767473329965586 ], [ -99.316208482090403, 16.767191740725103 ], [ -99.316229923339236, 16.766991849902311 ], [ -99.316301260441918, 16.766340615274398 ], [ -99.316321623158601, 16.766158878809016 ], [ -99.316345312310133, 16.76596200996326 ], [ -99.316358791257628, 16.765862505222927 ], [ -99.316398003825881, 16.765595018609609 ], [ -99.316413334110351, 16.765498002572603 ], [ -99.316445662896086, 16.765312747683012 ], [ -99.316476516559959, 16.765145113873817 ], [ -99.316588171172071, 16.764548077607834 ], [ -99.316618914365236, 16.764385592296254 ], [ -99.316650728359747, 16.764224363821349 ], [ -99.316665433763959, 16.7641565227444 ], [ -99.316702244985223, 16.764001159526028 ], [ -99.316714584564878, 16.763954856198207 ], [ -99.31673535807586, 16.763894137223502 ], [ -99.316752694939268, 16.763853699158346 ], [ -99.316754529414339, 16.763849794436826 ], [ -99.316812826750535, 16.763725707152883 ], [ -99.316830727480266, 16.763691141156439 ], [ -99.316854132450928, 16.763657825187678 ], [ -99.316869667397185, 16.763644796943382 ], [ -99.316918758838625, 16.763617314433358 ], [ -99.31693929107449, 16.763610151444766 ], [ -99.316953731750957, 16.763608314201026 ], [ -99.316986016740543, 16.763604206675318 ], [ -99.317032235456793, 16.763602877129028 ], [ -99.317201197133301, 16.763602617271498 ], [ -99.317248250901656, 16.763603574551286 ], [ -99.317298873480667, 16.763608301790985 ], [ -99.317324137683329, 16.763614097717234 ], [ -99.317391414724725, 16.763636418127437 ], [ -99.31741557855382, 16.763647020870184 ], [ -99.317461066046718, 16.763674179933393 ], [ -99.317501884358251, 16.763702375847707 ], [ -99.317646882406947, 16.76380679766007 ], [ -99.317691033801751, 16.763839793534707 ], [ -99.317752075519053, 16.76388935252335 ], [ -99.317795126579099, 16.763927155204275 ], [ -99.317934989901957, 16.764054008677586 ], [ -99.317994695589661, 16.764109404456505 ], [ -99.318133458812824, 16.764241064618933 ], [ -99.318271986434979, 16.764373754718431 ], [ -99.318779686903213, 16.764861314280154 ], [ -99.318917863740694, 16.764996750256291 ], [ -99.319054987069265, 16.765141225991051 ], [ -99.319112700571438, 16.765212183990013 ], [ -99.31924490695144, 16.765398845586308 ], [ -99.319284324649004, 16.765465026729874 ], [ -99.319336067407448, 16.765587210516994 ], [ -99.319370567946905, 16.765695577641463 ], [ -99.319479827938991, 16.766079107062939 ], [ -99.319509354387961, 16.766195490417712 ], [ -99.319537884247595, 16.76635508336247 ], [ -99.319549114721497, 16.766466689932283 ], [ -99.319572993772113, 16.766827927640744 ], [ -99.319579307088318, 16.766981720202949 ], [ -99.319584890137648, 16.767338181120671 ], [ -99.319586552611312, 16.76769361843267 ], [ -99.319588139339473, 16.768643545080508 ], [ -99.319588727869828, 16.768995864878814 ], [ -99.319588610049024, 16.769351876933108 ], [ -99.319585884843931, 16.769711020166106 ], [ -99.319582109501269, 16.769868069881653 ], [ -99.319567216412167, 16.770241825320426 ], [ -99.319560049889105, 16.770359371438534 ], [ -99.319541499212278, 16.770534164556729 ], [ -99.319522164753508, 16.77066632289181 ], [ -99.31945048778492, 16.771108268649972 ], [ -99.319427819117465, 16.771235093105453 ], [ -99.319393709129898, 16.771384994825169 ], [ -99.319367649248292, 16.771472315683493 ], [ -99.319280146346671, 16.771729911282808 ], [ -99.319241918362394, 16.771831844329732 ], [ -99.319151024020215, 16.772049936281768 ], [ -99.319059402810367, 16.77225956313729 ], [ -99.318722730033102, 16.773019729529334 ], [ -99.318629679954682, 16.773227642280997 ], [ -99.318532120501658, 16.773437735708352 ], [ -99.318485800064551, 16.773529956451757 ], [ -99.318367197442001, 16.773750226480573 ], [ -99.318326381275767, 16.773819836781612 ], [ -99.318254508572252, 16.773924414850725 ], [ -99.318192649429122, 16.774004201782546 ], [ -99.317975845811773, 16.774271962607287 ], [ -99.317910656769584, 16.774349085077333 ], [ -99.317823245172519, 16.774441229227101 ], [ -99.31776356052022, 16.774495741259539 ], [ -99.317572443593619, 16.774657986510793 ], [ -99.317491715785579, 16.774722675054463 ], [ -99.317306102973305, 16.774862309679634 ], [ -99.31712166944547, 16.774997099060318 ], [ -99.316446590518083, 16.775486480323746 ] ] ] ] } },
{ "type": "Feature", "properties": { "fid": 3.0, "cat": 4, "value": 3.0, "NOM_ACUIF": "SAN MARCOS", "CLAVE_ACUI": "1231" }, "geometry": { "type": "MultiPolygon", "coordinates": [ [ [ [ -99.328736714434598, 16.746684727553717 ], [ -99.32901412628955, 16.746403710372121 ], [ -99.329296805239238, 16.746124858171818 ], [ -99.329423221014679, 16.746007515313824 ], [ -99.329730482325431, 16.745738767468268 ], [ -99.329829809638383, 16.745658662963837 ], [ -99.329986076207547, 16.745553589990781 ], [ -99.330109986843624, 16.745483590225618 ], [ -99.330531969414579, 16.745261997182379 ], [ -99.330655343043674, 16.745202142132833 ], [ -99.33080910461743, 16.745144412058966 ], [ -99.330905390425841, 16.745121795598351 ], [ -99.331200962587658, 16.745073982002534 ], [ -99.331321831844491, 16.745061470076408 ], [ -99.331590316286849, 16.745050894727413 ], [ -99.331852996236421, 16.745048298787996 ], [ -99.332810351519498, 16.745046757268756 ], [ -99.333072086468803, 16.745047021502106 ], [ -99.333336161011161, 16.745049798601105 ], [ -99.333451675415645, 16.745053501879156 ], [ -99.333726668114579, 16.745068006726697 ], [ -99.333813189165141, 16.745074960104795 ], [ -99.333941961361617, 16.745092904528907 ], [ -99.334039400602393, 16.745111586033897 ], [ -99.334365344986452, 16.745180821700099 ], [ -99.334458911058604, 16.745202712703986 ], [ -99.334569608229799, 16.745235635334765 ], [ -99.334634180970255, 16.745260776679508 ], [ -99.334824823332426, 16.745345180251547 ], [ -99.334900314382452, 16.745382049685343 ], [ -99.335061963575541, 16.745469703501222 ], [ -99.335217400040449, 16.745558053726086 ], [ -99.335781122076298, 16.745882700076521 ], [ -99.335936088451405, 16.745973453077816 ], [ -99.336095541783664, 16.746072321618271 ], [ -99.336168365792048, 16.746122809468257 ], [ -99.3363487578888, 16.746259550871901 ], [ -99.336408466841121, 16.746309526104092 ], [ -99.336506716426314, 16.746406002520285 ], [ -99.336587364060847, 16.746493850726608 ], [ -99.336865470597672, 16.746807332393296 ], [ -99.336947795026873, 16.746903186269336 ], [ -99.337053868695889, 16.747037022898411 ], [ -99.337123078068245, 16.747132364215155 ], [ -99.337339981810786, 16.747443453614807 ], [ -99.337430130357447, 16.747576667754071 ], [ -99.337633919806422, 16.747887244354381 ], [ -99.337834899495405, 16.748197710925215 ], [ -99.338569020203252, 16.749335976699172 ], [ -99.338768816337463, 16.749646901840268 ], [ -99.338967072639591, 16.749959621687768 ], [ -99.339050499339208, 16.750095439336384 ], [ -99.339241567631646, 16.750416535190389 ], [ -99.339298517566689, 16.750516624723314 ], [ -99.339373215314623, 16.750662613457944 ], [ -99.33942297644559, 16.750771079263263 ], [ -99.33958049760507, 16.751131264218525 ], [ -99.339623044777383, 16.751233868901991 ], [ -99.339664076753948, 16.751352505883744 ], [ -99.339680146661422, 16.751419382610226 ], [ -99.339714107598681, 16.751612837018676 ], [ -99.339722988579027, 16.751688090062665 ], [ -99.33973047218187, 16.751845816530711 ], [ -99.33973228206068, 16.751995887011507 ], [ -99.339733244571633, 16.752538489438273 ], [ -99.339732559817264, 16.75268799197752 ], [ -99.339728401761633, 16.752843068083205 ], [ -99.33972314643259, 16.752915102839143 ], [ -99.339702779600543, 16.75309618892646 ], [ -99.339693071539955, 16.753157197010044 ], [ -99.339668134094893, 16.753260815313272 ], [ -99.339642217219492, 16.753347833374757 ], [ -99.339546209082826, 16.753650299331465 ], [ -99.339515864623536, 16.753740528082677 ], [ -99.339470265428972, 16.753859129654451 ], [ -99.339435468181392, 16.753938331719024 ], [ -99.339318680071386, 16.754189339747775 ], [ -99.339267673777812, 16.754294551737228 ], [ -99.339146432518774, 16.754534532989751 ], [ -99.339024236806537, 16.754772151310355 ], [ -99.338575229151573, 16.755641055004691 ], [ -99.338450538971628, 16.755879020301396 ], [ -99.338317661358104, 16.756120621865911 ], [ -99.338252526574294, 16.756227801708004 ], [ -99.338081441786258, 16.756486372706625 ], [ -99.338020881647523, 16.756569163397515 ], [ -99.337909352642797, 16.75669694900542 ], [ -99.337810585588755, 16.756796709158408 ], [ -99.337461201016225, 16.757134470614609 ], [ -99.337355226665537, 16.757232640634921 ], [ -99.337210064905477, 16.757353006231696 ], [ -99.33710866533886, 16.757426787067708 ], [ -99.336780628763549, 16.757650731788605 ], [ -99.336641021801967, 16.757741481716071 ], [ -99.336317559279365, 16.757941036665056 ], [ -99.335995076474717, 16.758135364893466 ], [ -99.334813614305773, 16.75884267127061 ], [ -99.334489936943186, 16.759034710961028 ], [ -99.334160909704735, 16.759223593535143 ], [ -99.334014548610128, 16.759301386431364 ], [ -99.333660557408948, 16.759475537323016 ], [ -99.333546843405955, 16.759525692068419 ], [ -99.333370169587454, 16.759585596928034 ], [ -99.333231492427572, 16.759621020527518 ], [ -99.332761005908864, 16.759726425243066 ], [ -99.332623975243806, 16.759752769424221 ], [ -99.332454985631685, 16.759770304783629 ], [ -99.33235060259895, 16.759769011147878 ], [ -99.332032471453928, 16.759745438606526 ], [ -99.331903125505434, 16.759729413606617 ], [ -99.331617642270587, 16.759678202872156 ], [ -99.331339155144789, 16.759621069426835 ], [ -99.330325033034725, 16.759405654603086 ], [ -99.330047490338643, 16.759344856834485 ], [ -99.329766411987393, 16.759276551558166 ], [ -99.329642414077014, 16.759239770616833 ], [ -99.329344835586255, 16.75913643147053 ], [ -99.329250204391542, 16.759097289810679 ], [ -99.329106170521257, 16.759017968079728 ], [ -99.328995039084518, 16.75894379296604 ], [ -99.328620460142062, 16.758676963800731 ], [ -99.328512086144016, 16.758594775471341 ], [ -99.328380919228835, 16.758478059474744 ], [ -99.328301911900169, 16.75839351068915 ], [ -99.32806437827135, 16.758115665561437 ], [ -99.32796887115623, 16.757996083214476 ], [ -99.327760704866577, 16.757715877428982 ], [ -99.327558831972681, 16.757435165653941 ], [ -99.326824929212222, 16.756405381562441 ], [ -99.326625430126867, 16.756122376874085 ], [ -99.326428332695414, 16.755831474026234 ], [ -99.326346263614184, 16.755698903366149 ], [ -99.326160372024205, 16.755371143144522 ], [ -99.326105867630716, 16.755262910399765 ], [ -99.3260374050721, 16.755085584576992 ], [ -99.325994105814701, 16.754940494721481 ], [ -99.325860505530883, 16.754440734494231 ], [ -99.325825514227404, 16.754292961946966 ], [ -99.325795821362249, 16.754103117022908 ], [ -99.32578839424869, 16.753979682541836 ], [ -99.325783427233745, 16.753593499883834 ], [ -99.325787205094301, 16.753433208329831 ], [ -99.325809802060064, 16.753071363736577 ], [ -99.325838305502756, 16.752714734432942 ], [ -99.325948723835992, 16.751412308831412 ], [ -99.325980907889303, 16.751055673644551 ], [ -99.326020682532203, 16.750693801816066 ], [ -99.326045319455659, 16.750533477256877 ], [ -99.326120517030205, 16.75014716779771 ], [ -99.326151127305195, 16.750023673161689 ], [ -99.326218777776603, 16.749833674327395 ], [ -99.326284810979331, 16.749685742043589 ], [ -99.326525314782501, 16.749185390062742 ], [ -99.326600218194798, 16.749040113160461 ], [ -99.326709264278549, 16.748862506400787 ], [ -99.326790141003727, 16.748754059357285 ], [ -99.32705851920278, 16.7484255797402 ], [ -99.327174818214829, 16.74829269478095 ], [ -99.327449168788817, 16.748001044579109 ], [ -99.327724798611627, 16.747717286140318 ], [ -99.328736714434598, 16.746684727553717 ] ] ] ] } },
{ "type": "Feature", "properties": { "fid": 5.0, "cat": 5, "value": 3.0, "NOM_ACUIF": "SAN MARCOS", "CLAVE_ACUI": "1231" }, "geometry": { "type": "MultiPolygon", "coordinates": [ [ [ [ -99.346442106462163, 16.742352989151154 ], [ -99.346658633335466, 16.74219041641534 ], [ -99.346881773382677, 16.74202992982157 ], [ -99.346984018258198, 16.741963236141963 ], [ -99.347238020946733, 16.741812485521397 ], [ -99.347322390329623, 16.741768423661696 ], [ -99.347462111623372, 16.741713552400149 ], [ -99.347577344085991, 16.741679226718105 ], [ -99.347975374059786, 16.741573911058488 ], [ -99.348093389492718, 16.741546521145526 ], [ -99.348246098457153, 16.741524017604725 ], [ -99.348346238712409, 16.74151925961792 ], [ -99.348660850957017, 16.741519558997382 ], [ -99.348791854404752, 16.741524536895383 ], [ -99.349088591626099, 16.741547467737902 ], [ -99.349381498555289, 16.741575247902443 ], [ -99.35045166095496, 16.741681954704895 ], [ -99.350744217060466, 16.741712479312913 ], [ -99.351039315892379, 16.741748223806489 ], [ -99.351168329496744, 16.741768763045709 ], [ -99.351475294201677, 16.741828868313068 ], [ -99.351571805682951, 16.741852488087776 ], [ -99.351600481583432, 16.741862509231034 ], [ -99.351715227823661, 16.741902608653767 ], [ -99.35182360514068, 16.741950589676982 ], [ -99.352185944161306, 16.74212438021868 ], [ -99.352289899628985, 16.742178241472217 ], [ -99.352412685790966, 16.742255803796706 ], [ -99.352484139113059, 16.74231274588757 ], [ -99.352694801978487, 16.742500913228906 ], [ -99.352778121407383, 16.742582216520159 ], [ -99.352956282509069, 16.742773464575759 ], [ -99.353127479171931, 16.742965372693529 ], [ -99.353748238393422, 16.743669694738536 ], [ -99.353916945248926, 16.743862750502558 ], [ -99.354083482115172, 16.744059356483866 ], [ -99.354152684832883, 16.744147166511816 ], [ -99.354309093987027, 16.744360340670088 ], [ -99.354354804081069, 16.744429148407548 ], [ -99.354411708525916, 16.744537077091774 ], [ -99.354447290495244, 16.744622453192122 ], [ -99.354556435406863, 16.744912946276674 ], [ -99.354584812983305, 16.744997800820904 ], [ -99.354608096572292, 16.745103295650722 ], [ -99.354612981247129, 16.745169148010039 ], [ -99.354612492793166, 16.745370964190496 ], [ -99.354607249245205, 16.745453384943247 ], [ -99.354583267781024, 16.745636198941522 ], [ -99.35455425205447, 16.745814941038837 ], [ -99.35444282638737, 16.746466256778533 ], [ -99.354410485679253, 16.746645004556292 ], [ -99.354370988431143, 16.746827845159793 ], [ -99.354346904530559, 16.746910298247492 ], [ -99.354274010195269, 16.747112238709391 ], [ -99.35424453907423, 16.747178150041293 ], [ -99.354179901559419, 16.747283795799049 ], [ -99.3541170333434, 16.747368806965873 ], [ -99.353888285473289, 16.747659879847866 ], [ -99.353817106092947, 16.747745439079988 ], [ -99.353713683870282, 16.747853642734654 ], [ -99.353637117225105, 16.747922660148841 ], [ -99.353383228162656, 16.748136537605401 ], [ -99.353273264013438, 16.748224654614148 ], [ -99.35301398706541, 16.748421989856951 ], [ -99.352753555210711, 16.748615780112786 ], [ -99.351797479521835, 16.749322796953582 ], [ -99.351535379863932, 16.749514986832015 ], [ -99.35126832780017, 16.749704858522382 ], [ -99.351148924874934, 16.749783914135811 ], [ -99.35085876327858, 16.749962968603921 ], [ -99.350764986311376, 16.750015463242562 ], [ -99.35061752233041, 16.75008138393509 ], [ -99.350500636467629, 16.750123061694378 ], [ -99.350102632818775, 16.75025163681395 ], [ -99.349986286236046, 16.750285304825091 ], [ -99.349841339470771, 16.750313847490442 ], [ -99.349750619275397, 16.750320954736925 ], [ -99.349472205143542, 16.75032557905525 ], [ -99.349358376193422, 16.750321869239841 ], [ -99.3491055886022, 16.750299932488829 ], [ -99.348858292474972, 16.750272303888813 ], [ -99.3479570320048, 16.750165304959523 ], [ -99.347710443663104, 16.750134927996637 ], [ -99.347460958026318, 16.750100169983792 ], [ -99.347351138271762, 16.750080892844363 ], [ -99.347088131757346, 16.75002569085202 ], [ -99.347004722232384, 16.75000441145492 ], [ -99.346878484243362, 16.749960309751874 ], [ -99.34678155380405, 16.749918586705533 ], [ -99.346455450015029, 16.749767980586601 ], [ -99.346361281737373, 16.749721447572391 ], [ -99.346247933304866, 16.749654899906119 ], [ -99.346180175241045, 16.749606364843437 ], [ -99.345977319533262, 16.74944641546308 ], [ -99.345896040779181, 16.749377436682952 ], [ -99.345719595610689, 16.74921548511929 ], [ -99.345548810034771, 16.749053104424391 ], [ -99.344928258011663, 16.748457278310912 ], [ -99.344759608253455, 16.748293291648114 ], [ -99.344593125906982, 16.748123847779365 ], [ -99.344523943544274, 16.748045771875336 ], [ -99.344367574879925, 16.747850861534104 ], [ -99.344321874112467, 16.747785738019953 ], [ -99.344264972374475, 16.747676738695287 ], [ -99.344229384947383, 16.747586148891493 ], [ -99.344120212208409, 16.747272395764572 ], [ -99.344091823765879, 16.747179124409623 ], [ -99.344068516902567, 16.747057611255535 ], [ -99.344063609805971, 16.746977292394128 ], [ -99.344064016869638, 16.746723984194034 ], [ -99.344069223022387, 16.746618199071346 ], [ -99.344093111301987, 16.746377843364971 ], [ -99.34412203121083, 16.746140263186806 ], [ -99.344233101974268, 16.74527191133031 ], [ -99.344264990066023, 16.74503432616202 ], [ -99.344302730907799, 16.744793947295847 ], [ -99.3443247583469, 16.744688134088932 ], [ -99.3443898121741, 16.744434717981708 ], [ -99.344415579386151, 16.74435434792565 ], [ -99.344470772607494, 16.744232703776461 ], [ -99.344523852828871, 16.744139296467964 ], [ -99.344716366969777, 16.743825039745516 ], [ -99.344776101150813, 16.743734290777521 ], [ -99.344862346841268, 16.743625052402209 ], [ -99.344925820800412, 16.743559746546548 ], [ -99.345135786718345, 16.743364224156515 ], [ -99.345226573396772, 16.743285880885658 ], [ -99.345440278674047, 16.743115801340362 ], [ -99.345654784997407, 16.742951173679611 ], [ -99.346442106462163, 16.742352989151154 ] ] ] ] } },
{ "type": "Feature", "properties": { "fid": 4.0, "cat": 4, "value": 1.0, "NOM_ACUIF": "SAN MARCOS", "CLAVE_ACUI": "1231" }, "geometry": { "type": "MultiPolygon", "coordinates": [ [ [ [ -99.495563172601479, 16.74262400492988 ], [ -99.495155521764289, 16.753722225028145 ], [ -99.494934854471055, 16.759729520172922 ], [ -99.492459524404836, 16.827100171387126 ], [ -99.457412453636167, 16.891017123810521 ], [ -99.347272630076091, 16.905491761165006 ], [ -99.348297982132721, 16.956325655582493 ], [ -99.290080818552411, 16.928326376061882 ], [ -99.309295233502965, 16.848202163366899 ], [ -99.312784271525345, 16.801422094234059 ], [ -99.314761329268478, 16.801776391777331 ], [ -99.315015781878088, 16.801837579094414 ], [ -99.315632877042063, 16.801868193022493 ], [ -99.316259988691272, 16.801850738535617 ], [ -99.318569412523516, 16.801738655751898 ], [ -99.319198877781588, 16.801708603848528 ], [ -99.319826960288154, 16.801680458963503 ], [ -99.320094755922597, 16.801670305226331 ], [ -99.320716386413494, 16.801651066027752 ], [ -99.320905298922952, 16.801647085049794 ], [ -99.321165260237436, 16.801647747290694 ], [ -99.321347721049264, 16.801652674336722 ], [ -99.321939243590776, 16.801675004142854 ], [ -99.322103418444399, 16.801683162534985 ], [ -99.322278045170805, 16.801698906169047 ], [ -99.32236333706966, 16.801713238764012 ], [ -99.322586739258853, 16.801764380514747 ], [ -99.322665579588318, 16.801787621456839 ], [ -99.322810098918282, 16.801844937521803 ], [ -99.322937714824278, 16.801903576629812 ], [ -99.32338873694934, 16.802119909184583 ], [ -99.323513621760853, 16.802178781035181 ], [ -99.3236453948589, 16.802237184344634 ], [ -99.323708757279348, 16.802261745842234 ], [ -99.323872675485859, 16.802317962826709 ], [ -99.323929742760768, 16.802334703607929 ], [ -99.324032138460211, 16.802356610318434 ], [ -99.324121350758645, 16.802371164818453 ], [ -99.324435279191334, 16.80241717884677 ], [ -99.324530030783095, 16.802429588828975 ], [ -99.324658276367487, 16.802441488294765 ], [ -99.324746732746661, 16.802446077554301 ], [ -99.325031283602371, 16.802455594442478 ], [ -99.325151884992579, 16.802457997143893 ], [ -99.325430140610436, 16.80245969287304 ], [ -99.325707047238382, 16.802459712385215 ], [ -99.326721022484747, 16.802458104907885 ], [ -99.326998045697962, 16.802456864015834 ], [ -99.327276845502439, 16.802452683467845 ], [ -99.327398107726992, 16.802447952404794 ], [ -99.327685198278303, 16.802430054645129 ], [ -99.327774859722581, 16.802421636372003 ], [ -99.327906189263004, 16.802400249049125 ], [ -99.32800414143523, 16.802378113997616 ], [ -99.328329921875437, 16.802296204153478 ], [ -99.328422878937573, 16.802270339565023 ], [ -99.328530898268625, 16.802231548272893 ], [ -99.328592254542244, 16.802201996749769 ], [ -99.328770564401736, 16.802102880875601 ], [ -99.32884021127532, 16.80205961256673 ], [ -99.328986920176391, 16.80195680969614 ], [ -99.329126857344534, 16.801853216701527 ], [ -99.329633187426495, 16.801472584916393 ], [ -99.32977122032375, 16.801367164021691 ], [ -99.329909044895842, 16.8012558323198 ], [ -99.329967904346432, 16.801202207989359 ], [ -99.330104757187485, 16.801063292816647 ], [ -99.330146442695536, 16.801014857029916 ], [ -99.330204122314541, 16.80092773857579 ], [ -99.330244836252902, 16.800851719428252 ], [ -99.33037715482277, 16.800584081818389 ], [ -99.330413980339699, 16.800503263767833 ], [ -99.330453514377183, 16.800393750522115 ], [ -99.330473166069922, 16.80031812108264 ], [ -99.330525339881433, 16.800074696938889 ], [ -99.330544019963725, 16.799971484150042 ], [ -99.330579019897186, 16.79973324861659 ], [ -99.330610339674735, 16.799496124923582 ], [ -99.330721498184118, 16.798627783159084 ], [ -99.330753410107889, 16.798389857621121 ], [ -99.330791174423481, 16.798147880271753 ], [ -99.33081321156466, 16.79804012388712 ], [ -99.33087828719178, 16.797779238100254 ], [ -99.330904060717486, 16.79769532329399 ], [ -99.330959261602729, 16.797564606657012 ], [ -99.331012346455282, 16.797461783401783 ], [ -99.331204874504948, 16.797112658081303 ], [ -99.331264612203199, 16.797010891858264 ], [ -99.331350860432238, 16.796885108225155 ], [ -99.33141433449947, 16.796807183542018 ], [ -99.331624298336024, 16.796569318547785 ], [ -99.331715083366404, 16.79647248525227 ], [ -99.331928783030961, 16.796258461529607 ], [ -99.33214328291497, 16.7960495464968 ], [ -99.332930579191199, 16.795288631737542 ], [ -99.333146499748665, 16.795078340487965 ], [ -99.333366836240558, 16.794857897736318 ], [ -99.333465682412239, 16.794753270918584 ], [ -99.333706627954285, 16.794485455159879 ], [ -99.333784803036096, 16.794393319399962 ], [ -99.333908674824684, 16.794231168402622 ], [ -99.33400745938296, 16.794091659865721 ], [ -99.334344581287013, 16.793602770738232 ], [ -99.334443352120118, 16.793455787395693 ], [ -99.334567161656523, 16.793258754543714 ], [ -99.334645261625411, 16.793124262398187 ], [ -99.334885918113443, 16.79269366511252 ], [ -99.334984626902227, 16.792511800047624 ], [ -99.335204611502519, 16.792093693724514 ], [ -99.3354201658004, 16.791678263890489 ], [ -99.336206094344988, 16.790157695976664 ], [ -99.336419502494778, 16.789739980444683 ], [ -99.336629485573937, 16.789311210899097 ], [ -99.33671605388588, 16.789116398665524 ], [ -99.336910056245699, 16.78863604447109 ], [ -99.336966020377744, 16.788477943443656 ], [ -99.337033184441495, 16.788220492942006 ], [ -99.337073168977881, 16.78801080754322 ], [ -99.337192599007352, 16.787289726136322 ], [ -99.337222601193233, 16.787076853630019 ], [ -99.337243181849232, 16.786804530065261 ], [ -99.337242580657147, 16.786628368911462 ], [ -99.3372191945694, 16.786078607075943 ], [ -99.337202614193842, 16.785850861570299 ], [ -99.337148625287426, 16.785337811039749 ], [ -99.337088078909673, 16.78483262718099 ], [ -99.336859520747183, 16.782988152662181 ], [ -99.336794225066654, 16.782482747529077 ], [ -99.336718067432216, 16.781968665125294 ], [ -99.336674566269821, 16.781739666854619 ], [ -99.336547718679938, 16.781185090625449 ], [ -99.336498025678623, 16.781006645135218 ], [ -99.336392972320482, 16.780728475776431 ], [ -99.336292589213244, 16.780509536433584 ], [ -99.335929189624039, 16.779765988446826 ], [ -99.335816618486916, 16.779549204316336 ], [ -99.335654684638769, 16.779281093393653 ], [ -99.335535921663876, 16.779114861916756 ], [ -99.335143629289007, 16.778607225542245 ], [ -99.334974177646856, 16.778400499593939 ], [ -99.334575695580369, 16.77794341486678 ], [ -99.334175888405326, 16.777497162056672 ], [ -99.33270861767933, 16.775871727400204 ], [ -99.332309298625461, 16.775427986918061 ], [ -99.331913066373147, 16.774982638933416 ], [ -99.331746338059148, 16.774790168588204 ], [ -99.33136450482462, 16.774337321661577 ], [ -99.331250702399373, 16.774197088232935 ], [ -99.331101456739503, 16.773995512882276 ], [ -99.331002051068324, 16.773847781536972 ], [ -99.330687404387277, 16.773359943691261 ], [ -99.330602425226942, 16.773221799233021 ], [ -99.330520501592375, 16.773064963240589 ], [ -99.330488446908689, 16.772979056308998 ], [ -99.330420782044882, 16.772734993291142 ], [ -99.33040312375401, 16.772641588621973 ], [ -99.330388383172377, 16.772449763199425 ], [ -99.330384983482347, 16.772269131550107 ], [ -99.330383858854034, 16.771618009253963 ], [ -99.330386992973999, 16.771438625601419 ], [ -99.330402743448516, 16.771252624208223 ], [ -99.330422109994444, 16.771166291585498 ], [ -99.330496736650559, 16.770949407391015 ], [ -99.330532197840327, 16.77087639651932 ], [ -99.330623056765688, 16.770752563305926 ], [ -99.330717393976471, 16.770648669556252 ], [ -99.33106677463951, 16.770287664942096 ], [ -99.331177176504667, 16.770180007861718 ], [ -99.331343005196118, 16.770038613040931 ], [ -99.331469501460646, 16.769944277504681 ], [ -99.331893988009583, 16.769645439380845 ], [ -99.332079359273237, 16.769520220273687 ], [ -99.332519938626788, 16.769234702523455 ], [ -99.332963965523206, 16.768952038469944 ], [ -99.334595501701585, 16.767918450154717 ], [ -99.33504925985423, 16.767635537062887 ], [ -99.335535271617715, 16.767348871308918 ], [ -99.335775816860703, 16.767222262495082 ], [ -99.336412349210917, 16.766918086625804 ], [ -99.336639460492719, 16.766821219325657 ], [ -99.337062781631033, 16.766673348448897 ], [ -99.337440414637243, 16.766558971267184 ], [ -99.338779377894326, 16.766173077255299 ], [ -99.339186385128599, 16.766061318145372 ], [ -99.339746791838621, 16.765925673956051 ], [ -99.340140365736346, 16.765843655695353 ], [ -99.341416635622991, 16.765596544154722 ], [ -99.341960729111548, 16.765497010275872 ], [ -99.343223562431604, 16.76527963047857 ], [ -99.344483514559442, 16.765068616497363 ], [ -99.349100435966719, 16.764301206660928 ], [ -99.350361442188898, 16.764089583134574 ], [ -99.351629238331583, 16.763869474196337 ], [ -99.352179371428775, 16.763766661657812 ], [ -99.353478862698466, 16.76350697851603 ], [ -99.353883458155551, 16.763419004231235 ], [ -99.35447208067464, 16.763268144635578 ], [ -99.354908374350927, 16.763140605105129 ], [ -99.356355785376124, 16.762696275133749 ], [ -99.3567676830164, 16.762563434845561 ], [ -99.357242464633302, 16.762387848918884 ], [ -99.357508826660649, 16.762269852572217 ], [ -99.358277066523797, 16.761894787825625 ], [ -99.358575125428061, 16.761737226299338 ], [ -99.359197827534715, 16.761377004512184 ], [ -99.359789341596965, 16.761019962429131 ], [ -99.361927022007208, 16.759713975739693 ], [ -99.362511641360754, 16.759358539776414 ], [ -99.363102201144116, 16.759005837504901 ], [ -99.363361240141913, 16.758857414191645 ], [ -99.363979529000275, 16.758517474236776 ], [ -99.364174743273466, 16.758416145909276 ], [ -99.364467455454943, 16.758283221193402 ], [ -99.364690401440086, 16.758194657022067 ], [ -99.365438102747589, 16.757914280895882 ], [ -99.365653314137305, 16.757838543043999 ], [ -99.365909933884993, 16.757765477293752 ], [ -99.366061322242643, 16.757736835597175 ], [ -99.366511181434717, 16.757676239696021 ], [ -99.36669030188844, 16.757660361902246 ], [ -99.367076338290047, 16.757646861586977 ], [ -99.367448698414663, 16.75764345277662 ], [ -99.368800342501643, 16.757641040370736 ], [ -99.369170093164612, 16.757639234824136 ], [ -99.369543952283962, 16.757633226312308 ], [ -99.36970828608294, 16.757626448722785 ], [ -99.370101317974928, 16.757600828441195 ], [ -99.370225742297364, 16.757588783032737 ], [ -99.370413357278423, 16.757558191758726 ], [ -99.37055695433007, 16.757526535326473 ], [ -99.371039458589664, 16.757409396007237 ], [ -99.371178611839298, 16.757372408123768 ], [ -99.371345489723367, 16.757316937918116 ], [ -99.371444733460322, 16.757274682689662 ], [ -99.371740992805158, 16.757132961655973 ], [ -99.371859408956141, 16.757071095285315 ], [ -99.372115758344719, 16.756924106653532 ], [ -99.372363555342659, 16.75677598907297 ], [ -99.37326358904842, 16.756231760179197 ], [ -99.373510910151523, 16.756084099733915 ], [ -99.373765044495173, 16.755939248702489 ], [ -99.373880772720312, 16.755879979295969 ], [ -99.374166703420499, 16.755748239713387 ], [ -99.37426104677138, 16.755710720880295 ], [ -99.374415385241178, 16.755667372742586 ], [ -99.374541525421932, 16.755642965635751 ], [ -99.374975840966755, 16.755572413459348 ], [ -99.375104212240373, 16.755555476575491 ], [ -99.375268962834596, 16.755546990432411 ], [ -99.375375949577005, 16.755551804275012 ], [ -99.375710470516495, 16.755582754765843 ], [ -99.375849254283651, 16.755600680014112 ], [ -99.376162390964197, 16.755653380721743 ], [ -99.376470945440616, 16.75571074188273 ], [ -99.377597731009317, 16.755925723112966 ], [ -99.377907712618736, 16.755983765939163 ], [ -99.378227506543197, 16.756039654698711 ], [ -99.378374373272422, 16.756061453267566 ], [ -99.378739957408555, 16.756107291070496 ], [ -99.378861683084992, 16.756119169293942 ], [ -99.379064152017548, 16.756128763475196 ], [ -99.379231667661983, 16.756130591170599 ], [ -99.379810938368166, 16.756129525367896 ], [ -99.379982878724704, 16.756127073096241 ], [ -99.380205996356821, 16.75611669580595 ], [ -99.380352795463068, 16.756104323410444 ], [ -99.380814740192278, 16.756056962375883 ], [ -99.381007329017564, 16.756034538820902 ], [ -99.381444132121288, 16.75597725666578 ], [ -99.381875547527386, 16.755917847960085 ], [ -99.383452014131834, 16.755697882774406 ], [ -99.38388414066965, 16.755638468567486 ], [ -99.384324266760842, 16.755581174159822 ], [ -99.384520891983939, 16.755558739819449 ], [ -99.384998350281265, 16.755511340537591 ], [ -99.385152510778681, 16.755498951000448 ], [ -99.385394468274498, 16.755488532938458 ], [ -99.385585961354053, 16.75548603947647 ], [ -99.386237638216286, 16.755484820304599 ], [ -99.386428031589475, 16.755486599327288 ], [ -99.386664857179042, 16.755496121689522 ], [ -99.386812786090545, 16.755507946100394 ], [ -99.387266295528548, 16.755553603879374 ], [ -99.387451557251055, 16.755575323887367 ], [ -99.387862602534497, 16.755631026253401 ], [ -99.38826454851899, 16.755688880525916 ], [ -99.389729252880386, 16.75590315890642 ], [ -99.390129299517483, 16.755960784295908 ], [ -99.390531477740112, 16.756015430279653 ], [ -99.390705971259848, 16.756035871119092 ], [ -99.391118096095781, 16.756076615696369 ], [ -99.391246388142591, 16.756086109729093 ], [ -99.391432959431725, 16.756089671037628 ], [ -99.391571197781488, 16.75608526457793 ], [ -99.392029738705162, 16.756061139275939 ], [ -99.392160208001386, 16.756051408181865 ], [ -99.39231052385577, 16.756030122262899 ], [ -99.392394791491142, 16.75600944494224 ], [ -99.392637724504226, 16.755934236592637 ], [ -99.392731938247394, 16.755899658789453 ], [ -99.392928669379017, 16.755813504117036 ], [ -99.393115499989918, 16.755725003711447 ], [ -99.393790643729744, 16.755398155284905 ], [ -99.393976760108586, 16.755309197845612 ], [ -99.394170160782124, 16.75522091276552 ], [ -99.394260331198851, 16.755183748769085 ], [ -99.394487725787826, 16.75509860182407 ], [ -99.39456462080085, 16.755073208893727 ], [ -99.394696069702803, 16.755039855596795 ], [ -99.394806958830259, 16.755017600933911 ], [ -99.395192992369715, 16.754947098752453 ], [ -99.395308321150921, 16.754928038719264 ], [ -99.395460488753443, 16.754909594446612 ], [ -99.395562542274703, 16.754902305530521 ], [ -99.395886624418267, 16.754886734620726 ], [ -99.396022672064859, 16.754882583638356 ], [ -99.396333478963811, 16.754878783321406 ], [ -99.39664144116712, 16.754877504964988 ], [ -99.39776779112961, 16.754875336169111 ], [ -99.398080263684562, 16.754873131710113 ], [ -99.39841211905555, 16.754865016440572 ], [ -99.398573725601452, 16.754855627952249 ], [ -99.398996034028229, 16.754819930077108 ], [ -99.399144694886331, 16.754803091578356 ], [ -99.399416137159619, 16.754760210100187 ], [ -99.399655250902399, 16.754715789201299 ], [ -99.400499671913721, 16.754551371285377 ], [ -99.400755393768577, 16.754499442273641 ], [ -99.401104342160181, 16.754421526527736 ], [ -99.401347117998199, 16.754362147357785 ], [ -99.402131122668223, 16.754162958875575 ], [ -99.402464350075277, 16.754075995192444 ], [ -99.403235406619686, 16.753869353212938 ], [ -99.40400368735628, 16.753661112115967 ], [ -99.406817927806259, 16.752895940993898 ], [ -99.407585962965612, 16.752687687174966 ], [ -99.408355899705057, 16.75248102846151 ], [ -99.408687775380031, 16.752394057500954 ], [ -99.409466591814379, 16.75219485169103 ], [ -99.409706907991875, 16.752135467658952 ], [ -99.410049567898554, 16.752057549409411 ], [ -99.410298765884733, 16.752005621638329 ], [ -99.411119029190459, 16.751841208668878 ], [ -99.411350510323061, 16.751796789536328 ], [ -99.411610493127768, 16.751753914985773 ], [ -99.411750416075421, 16.751737084899087 ], [ -99.412143407002048, 16.751701418789931 ], [ -99.41229221209359, 16.751692045189678 ], [ -99.412593645005273, 16.751683968016518 ], [ -99.412875458360318, 16.751681802561858 ], [ -99.413889154375155, 16.751679771523296 ], [ -99.414170250755646, 16.751675546411761 ], [ -99.414468337895698, 16.751657863026047 ], [ -99.414613080275998, 16.751636826397569 ], [ -99.414990457414902, 16.751556338695956 ], [ -99.415122971683999, 16.751518241522675 ], [ -99.415363994517577, 16.751420942662644 ], [ -99.415575798435526, 16.751320041354496 ], [ -99.416323192238607, 16.750946465998975 ], [ -99.416549365371708, 16.750828449930442 ], [ -99.41685744763852, 16.750651284971735 ], [ -99.41707139201084, 16.750516208264379 ], [ -99.417761715163735, 16.750063014159029 ], [ -99.418054946623869, 16.749865131707455 ], [ -99.418733036915839, 16.749394874421462 ], [ -99.419408503529709, 16.748920959262115 ], [ -99.421882565291909, 16.747179596221422 ], [ -99.422558251141311, 16.74670452645363 ], [ -99.423237415460122, 16.74622891348821 ], [ -99.423531966683427, 16.746024537648132 ], [ -99.424227374678608, 16.745546396628828 ], [ -99.424443735804473, 16.745399485412268 ], [ -99.424758014770902, 16.745192041858616 ], [ -99.424990623570011, 16.74504260511188 ], [ -99.425761850330716, 16.744552675755436 ], [ -99.425981184975214, 16.744415011080889 ], [ -99.426233522061153, 16.744262506815254 ], [ -99.426374669136948, 16.744182308366444 ], [ -99.426781018072219, 16.743960552911901 ], [ -99.42693841304974, 16.743877828958635 ], [ -99.427266574241358, 16.743713539462902 ], [ -99.427577980656196, 16.743561563844892 ], [ -99.428703045793796, 16.743016630449219 ], [ -99.429011602249986, 16.742865573880383 ], [ -99.42932647087099, 16.742705579986801 ], [ -99.429467727052739, 16.742628074154471 ], [ -99.429812053825501, 16.742426374108689 ], [ -99.429923772454089, 16.742355692194252 ], [ -99.430100799582178, 16.742227543557142 ], [ -99.430241976780266, 16.742115155960313 ], [ -99.430723775506706, 16.741718828571443 ], [ -99.430864935157075, 16.741598966007611 ], [ -99.431041882497311, 16.741435935339741 ], [ -99.431153504800292, 16.741322896979469 ], [ -99.431497460931141, 16.740958415051519 ], [ -99.431638540978781, 16.740803670729644 ], [ -99.431952958486463, 16.740446012544446 ], [ -99.432261045530893, 16.7400898163026 ], [ -99.433384359031166, 16.738785222046463 ], [ -99.433692205889258, 16.738430168298628 ], [ -99.434005519605236, 16.738077848379202 ], [ -99.434145264551816, 16.737929588256378 ], [ -99.4344840938884, 16.737590027554923 ], [ -99.434593284899293, 16.737488814551362 ], [ -99.434764014197313, 16.73735604814684 ], [ -99.434898722175035, 16.737267594832968 ], [ -99.435356629429151, 16.736987578587325 ], [ -99.435490257797554, 16.736911940750076 ], [ -99.435655950339381, 16.736838980944817 ], [ -99.435759025665831, 16.736810390517501 ], [ -99.436074351264423, 16.736749928118122 ], [ -99.436202943734983, 16.736734097156795 ], [ -99.436487716429966, 16.73672068178848 ], [ -99.436765942098546, 16.736717347687129 ], [ -99.437779555796766, 16.736715201132899 ], [ -99.438057548106769, 16.736713696297084 ], [ -99.438341231930991, 16.736708823068529 ], [ -99.438468502230933, 16.736703366400778 ], [ -99.438778746440292, 16.736682775134181 ], [ -99.43887941065897, 16.736673103559166 ], [ -99.439038932824374, 16.736648561016889 ], [ -99.439166157392847, 16.736623171792729 ], [ -99.439600349635185, 16.736529230814444 ], [ -99.439727564244834, 16.736499570077743 ], [ -99.439887040405949, 16.736455094759638 ], [ -99.439987648887509, 16.736421219352493 ], [ -99.440297678791111, 16.736307609232956 ], [ -99.440424847345184, 16.736258015946966 ], [ -99.440708270706821, 16.736140190777988 ], [ -99.440985992427784, 16.736021462147725 ], [ -99.44199860112063, 16.735585217647852 ], [ -99.442280833566798, 16.735466706462944 ], [ -99.442585312251381, 16.735349901458026 ], [ -99.442738049590346, 16.735301548577528 ], [ -99.443146345092273, 16.735192706590649 ], [ -99.443293579992485, 16.735161093938562 ], [ -99.443572380910538, 16.735122410472808 ], [ -99.443823433020341, 16.735098760861071 ], [ -99.444716208223397, 16.735027077364926 ], [ -99.44498832759966, 16.73500871995742 ], [ -99.445365443240348, 16.734994737468643 ], [ -99.445632060534379, 16.734993119903439 ], [ -99.44649915895485, 16.73499955196046 ], [ -99.446869593585987, 16.735005894739633 ], [ -99.447731190202646, 16.735029062344474 ], [ -99.448591607999816, 16.735055813656601 ], [ -99.451745295635362, 16.735157458401218 ], [ -99.452605005520041, 16.735185796206892 ], [ -99.453463296190478, 16.735216421678491 ], [ -99.453829715734358, 16.73523183704037 ], [ -99.454681382992518, 16.735273149956068 ], [ -99.454940678157158, 16.735288087324172 ], [ -99.455299054888414, 16.735316483885306 ], [ -99.455551726506229, 16.735342113046475 ], [ -99.456372484359321, 16.735433317623801 ], [ -99.456600781629447, 16.735461134953621 ], [ -99.456845410669857, 16.735499746397462 ], [ -99.456966583434621, 16.735527088427904 ], [ -99.457287427414599, 16.735616072996049 ], [ -99.457401976770782, 16.735654107391539 ], [ -99.457615696396431, 16.735742616838941 ], [ -99.457806460900301, 16.735831024412104 ], [ -99.458482976870783, 16.736155082391029 ], [ -99.458670178544239, 16.736242810615416 ], [ -99.45886726912569, 16.736328152285878 ], [ -99.458961625310806, 16.736362340844625 ], [ -99.459204863599226, 16.736436545721812 ], [ -99.459289213076943, 16.736456875042791 ], [ -99.459439605592337, 16.736477540440251 ], [ -99.459570102559482, 16.736486733074983 ], [ -99.460028695920954, 16.736508966086571 ], [ -99.460166937327813, 16.73651280211287 ], [ -99.460353470475724, 16.736508471075211 ], [ -99.460481704978633, 16.736498447863625 ], [ -99.460893599394979, 16.736456003519827 ], [ -99.461067981166224, 16.736434843052741 ], [ -99.461469868317252, 16.736378538574815 ], [ -99.461869610856127, 16.73631926354496 ], [ -99.463333186835072, 16.736098945437853 ], [ -99.463733641622383, 16.736040122851886 ], [ -99.464138856706654, 16.735985941328799 ], [ -99.464317280804494, 16.735967362263796 ], [ -99.464744711559618, 16.735934841427976 ], [ -99.464880318254586, 16.735929527710123 ], [ -99.465085718851839, 16.735937251606721 ], [ -99.46524354161005, 16.735953599434978 ], [ -99.465774647419821, 16.736022164692439 ], [ -99.465928055778434, 16.736045996513429 ], [ -99.466112855480901, 16.736088647154286 ], [ -99.466223446702585, 16.736125744866595 ], [ -99.466554739587039, 16.73625621665439 ], [ -99.466687547264343, 16.73631497573345 ], [ -99.466976023531956, 16.736458713059392 ], [ -99.467255325097639, 16.736605292759979 ], [ -99.468270259295267, 16.737145591155688 ], [ -99.468550275217424, 16.737292167429004 ], [ -99.468842078834143, 16.737435894517567 ], [ -99.468978924933367, 16.737494642911035 ], [ -99.469325736464128, 16.737625074888374 ], [ -99.469443690628466, 16.737662154098999 ], [ -99.469647331638001, 16.73770475867639 ], [ -99.469820293197387, 16.737728543082007 ], [ -99.470423806312468, 16.737796931442926 ], [ -99.470604506940489, 16.737813222998099 ], [ -99.470844263197179, 16.737820862803293 ], [ -99.471006071474164, 16.737815485283054 ], [ -99.471521420374955, 16.737782749774414 ], [ -99.471738235737831, 16.737764076598733 ], [ -99.472234691801219, 16.73770967067864 ], [ -99.472727099142375, 16.737650620312024 ], [ -99.474528541413463, 16.737429449093614 ], [ -99.47502795640564, 16.737371978855176 ], [ -99.4755571200335, 16.737324964289414 ], [ -99.475813653334043, 16.737315271612687 ], [ -99.476481645260137, 16.737317053194207 ], [ -99.476715881602033, 16.737328054848941 ], [ -99.477140992752524, 16.737377615100183 ], [ -99.477514058219967, 16.737437413452469 ], [ -99.478829920908339, 16.73766690756954 ], [ -99.479227958750528, 16.737741593978793 ], [ -99.479769604601941, 16.737860640708337 ], [ -99.480145346604061, 16.737956021124887 ], [ -99.481357165435554, 16.738282079490535 ], [ -99.481871739764244, 16.738426251438533 ], [ -99.483061267915289, 16.738772995650432 ], [ -99.484246022429986, 16.739124167800263 ], [ -99.488585380283254, 16.740416174785679 ], [ -99.489766792264859, 16.740752678631903 ], [ -99.494060539517392, 16.742138908266707 ], [ -99.495563172601479, 16.74262400492988 ] ] ] ] } },
{ "type": "Feature", "properties": { "fid": 1.0, "cat": 1, "value": 2.0, "NOM_ACUIF": "SAN MARCOS", "CLAVE_ACUI": "1231" }, "geometry": { "type": "MultiPolygon", "coordinates": [ [ [ [ -99.494060539517392, 16.742138908266707 ], [ -99.489766792264859, 16.740752678631903 ], [ -99.488585380283254, 16.740416174785679 ], [ -99.484246022429986, 16.739124167800263 ], [ -99.483061267915289, 16.738772995650432 ], [ -99.481871739764244, 16.738426251438533 ], [ -99.481357165435554, 16.738282079490535 ], [ -99.480145346604061, 16.737956021124887 ], [ -99.479769604601941, 16.737860640708337 ], [ -99.479227958750528, 16.737741593978793 ], [ -99.478829920908339, 16.73766690756954 ], [ -99.477514058219967, 16.737437413452469 ], [ -99.477140992752524, 16.737377615100183 ], [ -99.476715881602033, 16.737328054848941 ], [ -99.476481645260137, 16.737317053194207 ], [ -99.475813653334043, 16.737315271612687 ], [ -99.4755571200335, 16.737324964289414 ], [ -99.47502795640564, 16.737371978855176 ], [ -99.474528541413463, 16.737429449093614 ], [ -99.472727099142375, 16.737650620312024 ], [ -99.472234691801219, 16.73770967067864 ], [ -99.471738235737831, 16.737764076598733 ], [ -99.471521420374955, 16.737782749774414 ], [ -99.471006071474164, 16.737815485283054 ], [ -99.470844263197179, 16.737820862803293 ], [ -99.470604506940489, 16.737813222998099 ], [ -99.470423806312468, 16.737796931442926 ], [ -99.469820293197387, 16.737728543082007 ], [ -99.469647331638001, 16.73770475867639 ], [ -99.469443690628466, 16.737662154098999 ], [ -99.469325736464128, 16.737625074888374 ], [ -99.468978924933367, 16.737494642911035 ], [ -99.468842078834143, 16.737435894517567 ], [ -99.468550275217424, 16.737292167429004 ], [ -99.468270259295267, 16.737145591155688 ], [ -99.467255325097639, 16.736605292759979 ], [ -99.466976023531956, 16.736458713059392 ], [ -99.466687547264343, 16.73631497573345 ], [ -99.466554739587039, 16.73625621665439 ], [ -99.466223446702585, 16.736125744866595 ], [ -99.466112855480901, 16.736088647154286 ], [ -99.465928055778434, 16.736045996513429 ], [ -99.465774647419821, 16.736022164692439 ], [ -99.46524354161005, 16.735953599434978 ], [ -99.465085718851839, 16.735937251606721 ], [ -99.464880318254586, 16.735929527710123 ], [ -99.464744711559618, 16.735934841427976 ], [ -99.464317280804494, 16.735967362263796 ], [ -99.464138856706654, 16.735985941328799 ], [ -99.463733641622383, 16.736040122851886 ], [ -99.463333186835072, 16.736098945437853 ], [ -99.461869610856127, 16.73631926354496 ], [ -99.461469868317252, 16.736378538574815 ], [ -99.461067981166224, 16.736434843052741 ], [ -99.460893599394979, 16.736456003519827 ], [ -99.460481704978633, 16.736498447863625 ], [ -99.460353470475724, 16.736508471075211 ], [ -99.460166937327813, 16.73651280211287 ], [ -99.460028695920954, 16.736508966086571 ], [ -99.459570102559482, 16.736486733074983 ], [ -99.459439605592337, 16.736477540440251 ], [ -99.459289213076943, 16.736456875042791 ], [ -99.459204863599226, 16.736436545721812 ], [ -99.458961625310806, 16.736362340844625 ], [ -99.45886726912569, 16.736328152285878 ], [ -99.458670178544239, 16.736242810615416 ], [ -99.458482976870783, 16.736155082391029 ], [ -99.457806460900301, 16.735831024412104 ], [ -99.457615696396431, 16.735742616838941 ], [ -99.457401976770782, 16.735654107391539 ], [ -99.457287427414599, 16.735616072996049 ], [ -99.456966583434621, 16.735527088427904 ], [ -99.456845410669857, 16.735499746397462 ], [ -99.456600781629447, 16.735461134953621 ], [ -99.456372484359321, 16.735433317623801 ], [ -99.455551726506229, 16.735342113046475 ], [ -99.455299054888414, 16.735316483885306 ], [ -99.454940678157158, 16.735288087324172 ], [ -99.454681382992518, 16.735273149956068 ], [ -99.453829715734358, 16.73523183704037 ], [ -99.453463296190478, 16.735216421678491 ], [ -99.452605005520041, 16.735185796206892 ], [ -99.451745295635362, 16.735157458401218 ], [ -99.448591607999816, 16.735055813656601 ], [ -99.447731190202646, 16.735029062344474 ], [ -99.446869593585987, 16.735005894739633 ], [ -99.44649915895485, 16.73499955196046 ], [ -99.445632060534379, 16.734993119903439 ], [ -99.445365443240348, 16.734994737468643 ], [ -99.44498832759966, 16.73500871995742 ], [ -99.444716208223397, 16.735027077364926 ], [ -99.443823433020341, 16.735098760861071 ], [ -99.443572380910538, 16.735122410472808 ], [ -99.443293579992485, 16.735161093938562 ], [ -99.443146345092273, 16.735192706590649 ], [ -99.442738049590346, 16.735301548577528 ], [ -99.442585312251381, 16.735349901458026 ], [ -99.442280833566798, 16.735466706462944 ], [ -99.44199860112063, 16.735585217647852 ], [ -99.440985992427784, 16.736021462147725 ], [ -99.440708270706821, 16.736140190777988 ], [ -99.440424847345184, 16.736258015946966 ], [ -99.440297678791111, 16.736307609232956 ], [ -99.439987648887509, 16.736421219352493 ], [ -99.439887040405949, 16.736455094759638 ], [ -99.439727564244834, 16.736499570077743 ], [ -99.439600349635185, 16.736529230814444 ], [ -99.439166157392847, 16.736623171792729 ], [ -99.439038932824374, 16.736648561016889 ], [ -99.43887941065897, 16.736673103559166 ], [ -99.438778746440292, 16.736682775134181 ], [ -99.438468502230933, 16.736703366400778 ], [ -99.438341231930991, 16.736708823068529 ], [ -99.438057548106769, 16.736713696297084 ], [ -99.437779555796766, 16.736715201132899 ], [ -99.436765942098546, 16.736717347687129 ], [ -99.436487716429966, 16.73672068178848 ], [ -99.436202943734983, 16.736734097156795 ], [ -99.436074351264423, 16.736749928118122 ], [ -99.435759025665831, 16.736810390517501 ], [ -99.435655950339381, 16.736838980944817 ], [ -99.435490257797554, 16.736911940750076 ], [ -99.435356629429151, 16.736987578587325 ], [ -99.434898722175035, 16.737267594832968 ], [ -99.434764014197313, 16.73735604814684 ], [ -99.434593284899293, 16.737488814551362 ], [ -99.4344840938884, 16.737590027554923 ], [ -99.434145264551816, 16.737929588256378 ], [ -99.434005519605236, 16.738077848379202 ], [ -99.433692205889258, 16.738430168298628 ], [ -99.433384359031166, 16.738785222046463 ], [ -99.432261045530893, 16.7400898163026 ], [ -99.431952958486463, 16.740446012544446 ], [ -99.431638540978781, 16.740803670729644 ], [ -99.431497460931141, 16.740958415051519 ], [ -99.431153504800292, 16.741322896979469 ], [ -99.431041882497311, 16.741435935339741 ], [ -99.430864935157075, 16.741598966007611 ], [ -99.430723775506706, 16.741718828571443 ], [ -99.430241976780266, 16.742115155960313 ], [ -99.430100799582178, 16.742227543557142 ], [ -99.429923772454089, 16.742355692194252 ], [ -99.429812053825501, 16.742426374108689 ], [ -99.429467727052739, 16.742628074154471 ], [ -99.42932647087099, 16.742705579986801 ], [ -99.429011602249986, 16.742865573880383 ], [ -99.428703045793796, 16.743016630449219 ], [ -99.427577980656196, 16.743561563844892 ], [ -99.427266574241358, 16.743713539462902 ], [ -99.42693841304974, 16.743877828958635 ], [ -99.426781018072219, 16.743960552911901 ], [ -99.426374669136948, 16.744182308366444 ], [ -99.426233522061153, 16.744262506815254 ], [ -99.425981184975214, 16.744415011080889 ], [ -99.425761850330716, 16.744552675755436 ], [ -99.424990623570011, 16.74504260511188 ], [ -99.424758014770902, 16.745192041858616 ], [ -99.424443735804473, 16.745399485412268 ], [ -99.424227374678608, 16.745546396628828 ], [ -99.423531966683427, 16.746024537648132 ], [ -99.423237415460122, 16.74622891348821 ], [ -99.422558251141311, 16.74670452645363 ], [ -99.421882565291909, 16.747179596221422 ], [ -99.419408503529709, 16.748920959262115 ], [ -99.418733036915839, 16.749394874421462 ], [ -99.418054946623869, 16.749865131707455 ], [ -99.417761715163735, 16.750063014159029 ], [ -99.41707139201084, 16.750516208264379 ], [ -99.41685744763852, 16.750651284971735 ], [ -99.416549365371708, 16.750828449930442 ], [ -99.416323192238607, 16.750946465998975 ], [ -99.415575798435526, 16.751320041354496 ], [ -99.415363994517577, 16.751420942662644 ], [ -99.415122971683999, 16.751518241522675 ], [ -99.414990457414902, 16.751556338695956 ], [ -99.414613080275998, 16.751636826397569 ], [ -99.414468337895698, 16.751657863026047 ], [ -99.414170250755646, 16.751675546411761 ], [ -99.413889154375155, 16.751679771523296 ], [ -99.412875458360318, 16.751681802561858 ], [ -99.412593645005273, 16.751683968016518 ], [ -99.41229221209359, 16.751692045189678 ], [ -99.412143407002048, 16.751701418789931 ], [ -99.411750416075421, 16.751737084899087 ], [ -99.411610493127768, 16.751753914985773 ], [ -99.411350510323061, 16.751796789536328 ], [ -99.411119029190459, 16.751841208668878 ], [ -99.410298765884733, 16.752005621638329 ], [ -99.410049567898554, 16.752057549409411 ], [ -99.409706907991875, 16.752135467658952 ], [ -99.409466591814379, 16.75219485169103 ], [ -99.408687775380031, 16.752394057500954 ], [ -99.408355899705057, 16.75248102846151 ], [ -99.407585962965612, 16.752687687174966 ], [ -99.406817927806259, 16.752895940993898 ], [ -99.40400368735628, 16.753661112115967 ], [ -99.403235406619686, 16.753869353212938 ], [ -99.402464350075277, 16.754075995192444 ], [ -99.402131122668223, 16.754162958875575 ], [ -99.401347117998199, 16.754362147357785 ], [ -99.401104342160181, 16.754421526527736 ], [ -99.400755393768577, 16.754499442273641 ], [ -99.400499671913721, 16.754551371285377 ], [ -99.399655250902399, 16.754715789201299 ], [ -99.399416137159619, 16.754760210100187 ], [ -99.399144694886331, 16.754803091578356 ], [ -99.398996034028229, 16.754819930077108 ], [ -99.398573725601452, 16.754855627952249 ], [ -99.39841211905555, 16.754865016440572 ], [ -99.398080263684562, 16.754873131710113 ], [ -99.39776779112961, 16.754875336169111 ], [ -99.39664144116712, 16.754877504964988 ], [ -99.396333478963811, 16.754878783321406 ], [ -99.396022672064859, 16.754882583638356 ], [ -99.395886624418267, 16.754886734620726 ], [ -99.395562542274703, 16.754902305530521 ], [ -99.395460488753443, 16.754909594446612 ], [ -99.395308321150921, 16.754928038719264 ], [ -99.395192992369715, 16.754947098752453 ], [ -99.394806958830259, 16.755017600933911 ], [ -99.394696069702803, 16.755039855596795 ], [ -99.39456462080085, 16.755073208893727 ], [ -99.394487725787826, 16.75509860182407 ], [ -99.394260331198851, 16.755183748769085 ], [ -99.394170160782124, 16.75522091276552 ], [ -99.393976760108586, 16.755309197845612 ], [ -99.393790643729744, 16.755398155284905 ], [ -99.393115499989918, 16.755725003711447 ], [ -99.392928669379017, 16.755813504117036 ], [ -99.392731938247394, 16.755899658789453 ], [ -99.392637724504226, 16.755934236592637 ], [ -99.392394791491142, 16.75600944494224 ], [ -99.39231052385577, 16.756030122262899 ], [ -99.392160208001386, 16.756051408181865 ], [ -99.392029738705162, 16.756061139275939 ], [ -99.391571197781488, 16.75608526457793 ], [ -99.391432959431725, 16.756089671037628 ], [ -99.391246388142591, 16.756086109729093 ], [ -99.391118096095781, 16.756076615696369 ], [ -99.390705971259848, 16.756035871119092 ], [ -99.390531477740112, 16.756015430279653 ], [ -99.390129299517483, 16.755960784295908 ], [ -99.389729252880386, 16.75590315890642 ], [ -99.38826454851899, 16.755688880525916 ], [ -99.387862602534497, 16.755631026253401 ], [ -99.387451557251055, 16.755575323887367 ], [ -99.387266295528548, 16.755553603879374 ], [ -99.386812786090545, 16.755507946100394 ], [ -99.386664857179042, 16.755496121689522 ], [ -99.386428031589475, 16.755486599327288 ], [ -99.386237638216286, 16.755484820304599 ], [ -99.385585961354053, 16.75548603947647 ], [ -99.385394468274498, 16.755488532938458 ], [ -99.385152510778681, 16.755498951000448 ], [ -99.384998350281265, 16.755511340537591 ], [ -99.384520891983939, 16.755558739819449 ], [ -99.384324266760842, 16.755581174159822 ], [ -99.38388414066965, 16.755638468567486 ], [ -99.383452014131834, 16.755697882774406 ], [ -99.381875547527386, 16.755917847960085 ], [ -99.381444132121288, 16.75597725666578 ], [ -99.381007329017564, 16.756034538820902 ], [ -99.380814740192278, 16.756056962375883 ], [ -99.380352795463068, 16.756104323410444 ], [ -99.380205996356821, 16.75611669580595 ], [ -99.379982878724704, 16.756127073096241 ], [ -99.379810938368166, 16.756129525367896 ], [ -99.379231667661983, 16.756130591170599 ], [ -99.379064152017548, 16.756128763475196 ], [ -99.378861683084992, 16.756119169293942 ], [ -99.378739957408555, 16.756107291070496 ], [ -99.378374373272422, 16.756061453267566 ], [ -99.378227506543197, 16.756039654698711 ], [ -99.377907712618736, 16.755983765939163 ], [ -99.377597731009317, 16.755925723112966 ], [ -99.376470945440616, 16.75571074188273 ], [ -99.376162390964197, 16.755653380721743 ], [ -99.375849254283651, 16.755600680014112 ], [ -99.375710470516495, 16.755582754765843 ], [ -99.375375949577005, 16.755551804275012 ], [ -99.375268962834596, 16.755546990432411 ], [ -99.375104212240373, 16.755555476575491 ], [ -99.374975840966755, 16.755572413459348 ], [ -99.374541525421932, 16.755642965635751 ], [ -99.374415385241178, 16.755667372742586 ], [ -99.37426104677138, 16.755710720880295 ], [ -99.374166703420499, 16.755748239713387 ], [ -99.373880772720312, 16.755879979295969 ], [ -99.373765044495173, 16.755939248702489 ], [ -99.373510910151523, 16.756084099733915 ], [ -99.37326358904842, 16.756231760179197 ], [ -99.372363555342659, 16.75677598907297 ], [ -99.372115758344719, 16.756924106653532 ], [ -99.371859408956141, 16.757071095285315 ], [ -99.371740992805158, 16.757132961655973 ], [ -99.371444733460322, 16.757274682689662 ], [ -99.371345489723367, 16.757316937918116 ], [ -99.371178611839298, 16.757372408123768 ], [ -99.371039458589664, 16.757409396007237 ], [ -99.37055695433007, 16.757526535326473 ], [ -99.370413357278423, 16.757558191758726 ], [ -99.370225742297364, 16.757588783032737 ], [ -99.370101317974928, 16.757600828441195 ], [ -99.36970828608294, 16.757626448722785 ], [ -99.369543952283962, 16.757633226312308 ], [ -99.369170093164612, 16.757639234824136 ], [ -99.368800342501643, 16.757641040370736 ], [ -99.367448698414663, 16.75764345277662 ], [ -99.367076338290047, 16.757646861586977 ], [ -99.36669030188844, 16.757660361902246 ], [ -99.366511181434717, 16.757676239696021 ], [ -99.366061322242643, 16.757736835597175 ], [ -99.365909933884993, 16.757765477293752 ], [ -99.365653314137305, 16.757838543043999 ], [ -99.365438102747589, 16.757914280895882 ], [ -99.364690401440086, 16.758194657022067 ], [ -99.364467455454943, 16.758283221193402 ], [ -99.364174743273466, 16.758416145909276 ], [ -99.363979529000275, 16.758517474236776 ], [ -99.363361240141913, 16.758857414191645 ], [ -99.363102201144116, 16.759005837504901 ], [ -99.362511641360754, 16.759358539776414 ], [ -99.361927022007208, 16.759713975739693 ], [ -99.359789341596965, 16.761019962429131 ], [ -99.359197827534715, 16.761377004512184 ], [ -99.358575125428061, 16.761737226299338 ], [ -99.358277066523797, 16.761894787825625 ], [ -99.357508826660649, 16.762269852572217 ], [ -99.357242464633302, 16.762387848918884 ], [ -99.3567676830164, 16.762563434845561 ], [ -99.356355785376124, 16.762696275133749 ], [ -99.354908374350927, 16.763140605105129 ], [ -99.35447208067464, 16.763268144635578 ], [ -99.353883458155551, 16.763419004231235 ], [ -99.353478862698466, 16.76350697851603 ], [ -99.352179371428775, 16.763766661657812 ], [ -99.351629238331583, 16.763869474196337 ], [ -99.350361442188898, 16.764089583134574 ], [ -99.349100435966719, 16.764301206660928 ], [ -99.344483514559442, 16.765068616497363 ], [ -99.343223562431604, 16.76527963047857 ], [ -99.341960729111548, 16.765497010275872 ], [ -99.341416635622991, 16.765596544154722 ], [ -99.340140365736346, 16.765843655695353 ], [ -99.339746791838621, 16.765925673956051 ], [ -99.339186385128599, 16.766061318145372 ], [ -99.338779377894326, 16.766173077255299 ], [ -99.337440414637243, 16.766558971267184 ], [ -99.337062781631033, 16.766673348448897 ], [ -99.336639460492719, 16.766821219325657 ], [ -99.336412349210917, 16.766918086625804 ], [ -99.335775816860703, 16.767222262495082 ], [ -99.335535271617715, 16.767348871308918 ], [ -99.33504925985423, 16.767635537062887 ], [ -99.334595501701585, 16.767918450154717 ], [ -99.332963965523206, 16.768952038469944 ], [ -99.332519938626788, 16.769234702523455 ], [ -99.332079359273237, 16.769520220273687 ], [ -99.331893988009583, 16.769645439380845 ], [ -99.331469501460646, 16.769944277504681 ], [ -99.331343005196118, 16.770038613040931 ], [ -99.331177176504667, 16.770180007861718 ], [ -99.33106677463951, 16.770287664942096 ], [ -99.330717393976471, 16.770648669556252 ], [ -99.330623056765688, 16.770752563305926 ], [ -99.330532197840327, 16.77087639651932 ], [ -99.330496736650559, 16.770949407391015 ], [ -99.330422109994444, 16.771166291585498 ], [ -99.330402743448516, 16.771252624208223 ], [ -99.330386992973999, 16.771438625601419 ], [ -99.330383858854034, 16.771618009253963 ], [ -99.330384983482347, 16.772269131550107 ], [ -99.330388383172377, 16.772449763199425 ], [ -99.33040312375401, 16.772641588621973 ], [ -99.330420782044882, 16.772734993291142 ], [ -99.330488446908689, 16.772979056308998 ], [ -99.330520501592375, 16.773064963240589 ], [ -99.330602425226942, 16.773221799233021 ], [ -99.330687404387277, 16.773359943691261 ], [ -99.331002051068324, 16.773847781536972 ], [ -99.331101456739503, 16.773995512882276 ], [ -99.331250702399373, 16.774197088232935 ], [ -99.33136450482462, 16.774337321661577 ], [ -99.331746338059148, 16.774790168588204 ], [ -99.331913066373147, 16.774982638933416 ], [ -99.332309298625461, 16.775427986918061 ], [ -99.33270861767933, 16.775871727400204 ], [ -99.334175888405326, 16.777497162056672 ], [ -99.334575695580369, 16.77794341486678 ], [ -99.334974177646856, 16.778400499593939 ], [ -99.335143629289007, 16.778607225542245 ], [ -99.335535921663876, 16.779114861916756 ], [ -99.335654684638769, 16.779281093393653 ], [ -99.335816618486916, 16.779549204316336 ], [ -99.335929189624039, 16.779765988446826 ], [ -99.336292589213244, 16.780509536433584 ], [ -99.336392972320482, 16.780728475776431 ], [ -99.336498025678623, 16.781006645135218 ], [ -99.336547718679938, 16.781185090625449 ], [ -99.336674566269821, 16.781739666854619 ], [ -99.336718067432216, 16.781968665125294 ], [ -99.336794225066654, 16.782482747529077 ], [ -99.336859520747183, 16.782988152662181 ], [ -99.337088078909673, 16.78483262718099 ], [ -99.337148625287426, 16.785337811039749 ], [ -99.337202614193842, 16.785850861570299 ], [ -99.3372191945694, 16.786078607075943 ], [ -99.337242580657147, 16.786628368911462 ], [ -99.337243181849232, 16.786804530065261 ], [ -99.337222601193233, 16.787076853630019 ], [ -99.337192599007352, 16.787289726136322 ], [ -99.337073168977881, 16.78801080754322 ], [ -99.337033184441495, 16.788220492942006 ], [ -99.336966020377744, 16.788477943443656 ], [ -99.336910056245699, 16.78863604447109 ], [ -99.33671605388588, 16.789116398665524 ], [ -99.336629485573937, 16.789311210899097 ], [ -99.336419502494778, 16.789739980444683 ], [ -99.336206094344988, 16.790157695976664 ], [ -99.3354201658004, 16.791678263890489 ], [ -99.335204611502519, 16.792093693724514 ], [ -99.334984626902227, 16.792511800047624 ], [ -99.334885918113443, 16.79269366511252 ], [ -99.334645261625411, 16.793124262398187 ], [ -99.334567161656523, 16.793258754543714 ], [ -99.334443352120118, 16.793455787395693 ], [ -99.334344581287013, 16.793602770738232 ], [ -99.33400745938296, 16.794091659865721 ], [ -99.333908674824684, 16.794231168402622 ], [ -99.333784803036096, 16.794393319399962 ], [ -99.333706627954285, 16.794485455159879 ], [ -99.333465682412239, 16.794753270918584 ], [ -99.333366836240558, 16.794857897736318 ], [ -99.333146499748665, 16.795078340487965 ], [ -99.332930579191199, 16.795288631737542 ], [ -99.33214328291497, 16.7960495464968 ], [ -99.331928783030961, 16.796258461529607 ], [ -99.331715083366404, 16.79647248525227 ], [ -99.331624298336024, 16.796569318547785 ], [ -99.33141433449947, 16.796807183542018 ], [ -99.331350860432238, 16.796885108225155 ], [ -99.331264612203199, 16.797010891858264 ], [ -99.331204874504948, 16.797112658081303 ], [ -99.331012346455282, 16.797461783401783 ], [ -99.330959261602729, 16.797564606657012 ], [ -99.330904060717486, 16.79769532329399 ], [ -99.33087828719178, 16.797779238100254 ], [ -99.33081321156466, 16.79804012388712 ], [ -99.330791174423481, 16.798147880271753 ], [ -99.330753410107889, 16.798389857621121 ], [ -99.330721498184118, 16.798627783159084 ], [ -99.330610339674735, 16.799496124923582 ], [ -99.330579019897186, 16.79973324861659 ], [ -99.330544019963725, 16.799971484150042 ], [ -99.330525339881433, 16.800074696938889 ], [ -99.330473166069922, 16.80031812108264 ], [ -99.330453514377183, 16.800393750522115 ], [ -99.330413980339699, 16.800503263767833 ], [ -99.33037715482277, 16.800584081818389 ], [ -99.330244836252902, 16.800851719428252 ], [ -99.330204122314541, 16.80092773857579 ], [ -99.330146442695536, 16.801014857029916 ], [ -99.330104757187485, 16.801063292816647 ], [ -99.329967904346432, 16.801202207989359 ], [ -99.329909044895842, 16.8012558323198 ], [ -99.32977122032375, 16.801367164021691 ], [ -99.329633187426495, 16.801472584916393 ], [ -99.329126857344534, 16.801853216701527 ], [ -99.328986920176391, 16.80195680969614 ], [ -99.32884021127532, 16.80205961256673 ], [ -99.328770564401736, 16.802102880875601 ], [ -99.328592254542244, 16.802201996749769 ], [ -99.328530898268625, 16.802231548272893 ], [ -99.328422878937573, 16.802270339565023 ], [ -99.328329921875437, 16.802296204153478 ], [ -99.32800414143523, 16.802378113997616 ], [ -99.327906189263004, 16.802400249049125 ], [ -99.327774859722581, 16.802421636372003 ], [ -99.327685198278303, 16.802430054645129 ], [ -99.327398107726992, 16.802447952404794 ], [ -99.327276845502439, 16.802452683467845 ], [ -99.326998045697962, 16.802456864015834 ], [ -99.326721022484747, 16.802458104907885 ], [ -99.325707047238382, 16.802459712385215 ], [ -99.325430140610436, 16.80245969287304 ], [ -99.325151884992579, 16.802457997143893 ], [ -99.325031283602371, 16.802455594442478 ], [ -99.324746732746661, 16.802446077554301 ], [ -99.324658276367487, 16.802441488294765 ], [ -99.324530030783095, 16.802429588828975 ], [ -99.324435279191334, 16.80241717884677 ], [ -99.324121350758645, 16.802371164818453 ], [ -99.324032138460211, 16.802356610318434 ], [ -99.323929742760768, 16.802334703607929 ], [ -99.323872675485859, 16.802317962826709 ], [ -99.323708757279348, 16.802261745842234 ], [ -99.3236453948589, 16.802237184344634 ], [ -99.323513621760853, 16.802178781035181 ], [ -99.32338873694934, 16.802119909184583 ], [ -99.322937714824278, 16.801903576629812 ], [ -99.322810098918282, 16.801844937521803 ], [ -99.322665579588318, 16.801787621456839 ], [ -99.322586739258853, 16.801764380514747 ], [ -99.32236333706966, 16.801713238764012 ], [ -99.322278045170805, 16.801698906169047 ], [ -99.322103418444399, 16.801683162534985 ], [ -99.321939243590776, 16.801675004142854 ], [ -99.321347721049264, 16.801652674336722 ], [ -99.321165260237436, 16.801647747290694 ], [ -99.320905298922952, 16.801647085049794 ], [ -99.320716386413494, 16.801651066027752 ], [ -99.320094755922597, 16.801670305226331 ], [ -99.319826960288154, 16.801680458963503 ], [ -99.319198877781588, 16.801708603848528 ], [ -99.318569412523516, 16.801738655751898 ], [ -99.316259988691272, 16.801850738535617 ], [ -99.315632877042063, 16.801868193022493 ], [ -99.315015781878088, 16.801837579094414 ], [ -99.314761329268478, 16.801776391777331 ], [ -99.312784271525345, 16.801422094234059 ], [ -99.309295233502965, 16.848202163366899 ], [ -99.313133097221169, 16.796744010855186 ], [ -99.315384851365906, 16.776292102228464 ], [ -99.315573974309956, 16.774574178019044 ], [ -99.315572887165814, 16.774599252610884 ], [ -99.315570437396048, 16.774777961420483 ], [ -99.315585580992902, 16.77499897418674 ], [ -99.315609664504606, 16.775135997898523 ], [ -99.315706910872962, 16.775554429081964 ], [ -99.31573981430283, 16.77566260848107 ], [ -99.315796117037067, 16.77574901452569 ], [ -99.31584364605844, 16.775764272329699 ], [ -99.316009145375375, 16.775749069300314 ], [ -99.316083207655481, 16.77572264190572 ], [ -99.316263332205068, 16.775614517079941 ], [ -99.316446590518083, 16.775486480323746 ], [ -99.31712166944547, 16.774997099060318 ], [ -99.317306102973305, 16.774862309679634 ], [ -99.317491715785579, 16.774722675054463 ], [ -99.317572443593619, 16.774657986510793 ], [ -99.31776356052022, 16.774495741259539 ], [ -99.317823245172519, 16.774441229227101 ], [ -99.317910656769584, 16.774349085077333 ], [ -99.317975845811773, 16.774271962607287 ], [ -99.318192649429122, 16.774004201782546 ], [ -99.318254508572252, 16.773924414850725 ], [ -99.318326381275767, 16.773819836781612 ], [ -99.318367197442001, 16.773750226480573 ], [ -99.318485800064551, 16.773529956451757 ], [ -99.318532120501658, 16.773437735708352 ], [ -99.318629679954682, 16.773227642280997 ], [ -99.318722730033102, 16.773019729529334 ], [ -99.319059402810367, 16.77225956313729 ], [ -99.319151024020215, 16.772049936281768 ], [ -99.319241918362394, 16.771831844329732 ], [ -99.319280146346671, 16.771729911282808 ], [ -99.319367649248292, 16.771472315683493 ], [ -99.319393709129898, 16.771384994825169 ], [ -99.319427819117465, 16.771235093105453 ], [ -99.31945048778492, 16.771108268649972 ], [ -99.319522164753508, 16.77066632289181 ], [ -99.319541499212278, 16.770534164556729 ], [ -99.319560049889105, 16.770359371438534 ], [ -99.319567216412167, 16.770241825320426 ], [ -99.319582109501269, 16.769868069881653 ], [ -99.319585884843931, 16.769711020166106 ], [ -99.319588610049024, 16.769351876933108 ], [ -99.319588727869828, 16.768995864878814 ], [ -99.319588139339473, 16.768643545080508 ], [ -99.319586552611312, 16.76769361843267 ], [ -99.319584890137648, 16.767338181120671 ], [ -99.319579307088318, 16.766981720202949 ], [ -99.319572993772113, 16.766827927640744 ], [ -99.319549114721497, 16.766466689932283 ], [ -99.319537884247595, 16.76635508336247 ], [ -99.319509354387961, 16.766195490417712 ], [ -99.319479827938991, 16.766079107062939 ], [ -99.319370567946905, 16.765695577641463 ], [ -99.319336067407448, 16.765587210516994 ], [ -99.319284324649004, 16.765465026729874 ], [ -99.31924490695144, 16.765398845586308 ], [ -99.319112700571438, 16.765212183990013 ], [ -99.319054987069265, 16.765141225991051 ], [ -99.318917863740694, 16.764996750256291 ], [ -99.318779686903213, 16.764861314280154 ], [ -99.318271986434979, 16.764373754718431 ], [ -99.318133458812824, 16.764241064618933 ], [ -99.317994695589661, 16.764109404456505 ], [ -99.317934989901957, 16.764054008677586 ], [ -99.317795126579099, 16.763927155204275 ], [ -99.317752075519053, 16.76388935252335 ], [ -99.317691033801751, 16.763839793534707 ], [ -99.317646882406947, 16.76380679766007 ], [ -99.317501884358251, 16.763702375847707 ], [ -99.317461066046718, 16.763674179933393 ], [ -99.31741557855382, 16.763647020870184 ], [ -99.317391414724725, 16.763636418127437 ], [ -99.317324137683329, 16.763614097717234 ], [ -99.317298873480667, 16.763608301790985 ], [ -99.317248250901656, 16.763603574551286 ], [ -99.317201197133301, 16.763602617271498 ], [ -99.317032235456793, 16.763602877129028 ], [ -99.316986016740543, 16.763604206675318 ], [ -99.316953731750957, 16.763608314201026 ], [ -99.31693929107449, 16.763610151444766 ], [ -99.316918758838625, 16.763617314433358 ], [ -99.316869667397185, 16.763644796943382 ], [ -99.316854132450928, 16.763657825187678 ], [ -99.316830727480266, 16.763691141156439 ], [ -99.316812826750535, 16.763725707152883 ], [ -99.316754529414339, 16.763849794436826 ], [ -99.319537939409571, 16.738560350905843 ], [ -99.319538171231827, 16.738699417130704 ], [ -99.319539273171841, 16.738861853893006 ], [ -99.319543420586754, 16.739023027448916 ], [ -99.319548243524707, 16.739090838625309 ], [ -99.31956660316726, 16.739246117224834 ], [ -99.319575268946892, 16.739292388284795 ], [ -99.319597349598581, 16.739353041299328 ], [ -99.319620227611622, 16.739393417401114 ], [ -99.319704911081246, 16.739521186173469 ], [ -99.319731658075085, 16.739555683316087 ], [ -99.319771793849355, 16.739588901227577 ], [ -99.319802383671117, 16.739601858243496 ], [ -99.319905000407246, 16.739629106379905 ], [ -99.319949802472124, 16.739636168396881 ], [ -99.320056262024778, 16.739641876337632 ], [ -99.320163545032642, 16.739642968482634 ], [ -99.320557739503428, 16.739642356795009 ], [ -99.320666918278945, 16.739641043162884 ], [ -99.320782224765949, 16.739635524985168 ], [ -99.320837769541967, 16.739628955542678 ], [ -99.320981671990509, 16.739603816300608 ], [ -99.321031851459594, 16.739591916099144 ], [ -99.321122119873053, 16.739561521104534 ], [ -99.321200895263374, 16.739529999870172 ], [ -99.32147824514746, 16.739413295571314 ], [ -99.321561998397797, 16.739376427400849 ], [ -99.321675497183477, 16.739321080423665 ], [ -99.321753885053681, 16.739278881487436 ], [ -99.322006196140677, 16.739137299948485 ], [ -99.322113179640255, 16.739075479765017 ], [ -99.322360124881385, 16.738928567122347 ], [ -99.32260592003135, 16.738780511903496 ], [ -99.323506015926156, 16.738236498022193 ], [ -99.323752640438656, 16.738088440156812 ], [ -99.324003461828937, 16.737941519496619 ], [ -99.324115153853072, 16.737879690900538 ], [ -99.324385561898993, 16.737738078082586 ], [ -99.324472537050752, 16.737695864635949 ], [ -99.324608013243477, 16.737640481528228 ], [ -99.32471457550723, 16.737603576234015 ], [ -99.325076389652835, 16.737486734307669 ], [ -99.325181852596614, 16.737455169553179 ], [ -99.325312199103507, 16.737424709623379 ], [ -99.325392945476523, 16.737412760211097 ], [ -99.325639415360271, 16.737387456088495 ], [ -99.325739748905121, 16.737380814696497 ], [ -99.3259615022628, 16.737375125689947 ], [ -99.326177959229099, 16.737373639778241 ], [ -99.326966338350715, 16.73737239284706 ], [ -99.327184224015312, 16.737373191781163 ], [ -99.327412644706953, 16.737378168745526 ], [ -99.327521074323471, 16.737384479907444 ], [ -99.327798658543358, 16.737408954958255 ], [ -99.327894168359308, 16.737420625481274 ], [ -99.328062296605481, 16.737450613014857 ], [ -99.32820697002758, 16.737481781776303 ], [ -99.328713984744752, 16.737597247783334 ], [ -99.328866424917891, 16.737633742759822 ], [ -99.329070797387004, 16.737688587282118 ], [ -99.329210317886819, 16.737730441638636 ], [ -99.329657041402143, 16.737870916975965 ], [ -99.329845726003114, 16.737932268895982 ], [ -99.330279530629667, 16.738078102552024 ], [ -99.33071056737262, 16.738225083798401 ], [ -99.332288272429921, 16.738765155753949 ], [ -99.332721210775361, 16.738911443233562 ], [ -99.333163879778851, 16.739054053031857 ], [ -99.333363325274192, 16.739111494453152 ], [ -99.33385140190093, 16.739236944497119 ], [ -99.334010543243309, 16.739271670539249 ], [ -99.334265125894518, 16.739308275875278 ], [ -99.334469674035333, 16.739325843102723 ], [ -99.335169649492457, 16.739371216908506 ], [ -99.335375291026381, 16.739380238993352 ], [ -99.335634975878349, 16.739376969496629 ], [ -99.335800312669051, 16.739363276764404 ], [ -99.336312199304828, 16.739302646275039 ], [ -99.336522942437412, 16.739271794061143 ], [ -99.336994523703794, 16.739188447669683 ], [ -99.337457467776971, 16.739100232915519 ], [ -99.339146288776291, 16.738771902774168 ], [ -99.339607801876426, 16.738681397417913 ], [ -99.340072712059737, 16.738587376928681 ], [ -99.34027535666948, 16.73854356800333 ], [ -99.34075612127144, 16.73843314679776 ], [ -99.340906691513482, 16.738395830043924 ], [ -99.341128588297849, 16.738332106929111 ], [ -99.341295013432287, 16.738278390641511 ], [ -99.341849766694821, 16.738091436995962 ], [ -99.342008430208409, 16.738035597373653 ], [ -99.342194107260426, 16.737961966909925 ], [ -99.342300696711305, 16.737912620211812 ], [ -99.342612436871477, 16.737755965902966 ], [ -99.342734880973111, 16.737690219619125 ], [ -99.342994546684565, 16.737540058023203 ], [ -99.343243053340544, 16.737391287552203 ], [ -99.344143082475725, 16.736847184803214 ], [ -99.344390163331127, 16.736698872980078 ], [ -99.344643181078951, 16.736550856044452 ], [ -99.344757554412269, 16.736487715296512 ], [ -99.345038278862248, 16.736341075365388 ], [ -99.345130152102357, 16.736296480679783 ], [ -99.345278169644899, 16.736235012242616 ], [ -99.345397750027018, 16.736191794851205 ], [ -99.345807773953524, 16.736051581703315 ], [ -99.345928469989673, 16.736012633370667 ], [ -99.34608169456304, 16.735971088053152 ], [ -99.346179890798794, 16.735950685952133 ], [ -99.346484915258202, 16.73589702126149 ], [ -99.346610818619737, 16.735877996207446 ], [ -99.346893343222334, 16.735842877350745 ], [ -99.347171046375436, 16.735811732358297 ], [ -99.34818446912054, 16.735701505143251 ], [ -99.348463596216718, 16.735670127202141 ], [ -99.348752767283599, 16.735633926787884 ], [ -99.348886741769974, 16.735613590097341 ], [ -99.349222784912627, 16.735554885870567 ], [ -99.349335699268224, 16.735532092954788 ], [ -99.349526589856822, 16.735484430464954 ], [ -99.349686376299772, 16.735439134057579 ], [ -99.350241155246025, 16.735275412523524 ], [ -99.350406472484238, 16.735224767145752 ], [ -99.350623174472844, 16.735152144342695 ], [ -99.350767431510917, 16.735099042885651 ], [ -99.351223928618509, 16.73492385842075 ], [ -99.351415057125422, 16.734848252835377 ], [ -99.351850493067786, 16.734670611290067 ], [ -99.352281415344308, 16.734492442633638 ], [ -99.353856943879393, 16.733838623799805 ], [ -99.354289993620938, 16.733657243935177 ], [ -99.354735369972587, 16.733464630024567 ], [ -99.354938572699623, 16.733370847753587 ], [ -99.355441475501806, 16.733125810909129 ], [ -99.355607752444072, 16.733039566187749 ], [ -99.355880809222413, 16.732882128182457 ], [ -99.356104613243232, 16.732743461377218 ], [ -99.356875973091519, 16.732253786122875 ], [ -99.357104190400023, 16.732105500361165 ], [ -99.357397846691683, 16.731903176862758 ], [ -99.35758913843371, 16.731762429118078 ], [ -99.358188175584615, 16.731307929022886 ], [ -99.358436992508757, 16.731114758188614 ], [ -99.358999101139091, 16.730667794514478 ], [ -99.35955329477612, 16.730222444826023 ], [ -99.361577403733349, 16.728591099070872 ], [ -99.362129450805782, 16.728147119245392 ], [ -99.36268158095524, 16.727706570062104 ], [ -99.362918293028955, 16.727521194913454 ], [ -99.363470819277524, 16.727096660068209 ], [ -99.363640045133295, 16.726970132218497 ], [ -99.363877240786024, 16.726804204481706 ], [ -99.364046865885967, 16.726693692706721 ], [ -99.364601253045365, 16.726343898102684 ], [ -99.364756502111106, 16.726249428229984 ], [ -99.364926611730979, 16.726158364230763 ], [ -99.365014376510899, 16.726122742742103 ], [ -99.365253835846161, 16.726047573044575 ], [ -99.365342000390839, 16.726027967816044 ], [ -99.365513975695038, 16.726011646527105 ], [ -99.365671490164928, 16.726007935558318 ], [ -99.366234582383228, 16.726006938147737 ], [ -99.366389493115548, 16.726007578746728 ], [ -99.366549317673943, 16.726011566475876 ], [ -99.366622727743376, 16.726016622709327 ], [ -99.366805483527131, 16.726036230712769 ], [ -99.366866343015772, 16.726045580368979 ], [ -99.36696759817319, 16.726069604162689 ], [ -99.367051388922675, 16.726094574197813 ], [ -99.367341157413051, 16.726187077014526 ], [ -99.367427172694477, 16.726216314166756 ], [ -99.367538808716205, 16.72626025160702 ], [ -99.367612273465554, 16.726293782234826 ], [ -99.367843473072568, 16.726406320933918 ], [ -99.367939869286687, 16.726455471776358 ], [ -99.36815851867631, 16.72657230369191 ], [ -99.368374478914248, 16.726690055427742 ], [ -99.369163645943672, 16.727122729872978 ], [ -99.369381981532655, 16.727240247466561 ], [ -99.369611711949446, 16.727355990183135 ], [ -99.369721562491364, 16.727403819478546 ], [ -99.370004467959163, 16.727511280060078 ], [ -99.37010246630534, 16.727542401410762 ], [ -99.370276886304779, 16.727580173948496 ], [ -99.370428059388715, 16.727603013311462 ], [ -99.370959113954925, 16.727671823724094 ], [ -99.371119141933633, 16.727689307646322 ], [ -99.371334884402188, 16.727702089567387 ], [ -99.371483059926504, 16.727702865547919 ], [ -99.371958803181542, 16.727693704341831 ], [ -99.372160153291688, 16.727686197573473 ], [ -99.372624043836396, 16.72766032722749 ], [ -99.373085394382102, 16.727630875651858 ], [ -99.374774471766202, 16.727519297580777 ], [ -99.375237722538884, 16.727490524209344 ], [ -99.375710483386314, 16.727467834253172 ], [ -99.37592260537923, 16.727464194097212 ], [ -99.376439747249094, 16.727469896528021 ], [ -99.376607566249575, 16.727477726320661 ], [ -99.376873579761252, 16.727508563499455 ], [ -99.377085780118264, 16.72754478674873 ], [ -99.377810035493013, 16.727682990053314 ], [ -99.378022253034345, 16.7277277547457 ], [ -99.378288345699588, 16.727798454683821 ], [ -99.378456260538286, 16.727854689972244 ], [ -99.378973770952143, 16.728046420788782 ], [ -99.379186067949405, 16.728131048858369 ], [ -99.379659276839902, 16.728334249162355 ], [ -99.38012299321737, 16.728539906525018 ], [ -99.381813801443855, 16.729296432650717 ], [ -99.382275385694456, 16.729502317831901 ], [ -99.382738629939752, 16.729706597175845 ], [ -99.382938822504926, 16.729792540357796 ], [ -99.383409810217444, 16.729989329175407 ], [ -99.383555649336373, 16.730047965643074 ], [ -99.383765243703294, 16.73012481420945 ], [ -99.383918825102086, 16.730175961398672 ], [ -99.384425944334623, 16.730337799078708 ], [ -99.384569537741072, 16.730381489733645 ], [ -99.384732520609106, 16.73042354246579 ], [ -99.384821759829592, 16.730439927195594 ], [ -99.385075226666558, 16.730474336424873 ], [ -99.385172207971749, 16.730483231937093 ], [ -99.385371320514238, 16.730490335171496 ], [ -99.385558785690407, 16.730491587031199 ], [ -99.386234510594832, 16.7304903245834 ], [ -99.386422205843076, 16.730487914185648 ], [ -99.386622392117289, 16.730477929335116 ], [ -99.386720677256847, 16.730466075766035 ], [ -99.386979154904111, 16.730420743883432 ], [ -99.387070771699811, 16.730399292403316 ], [ -99.387239839117328, 16.730344517490678 ], [ -99.387389747144724, 16.730287719038667 ], [ -99.387920249860187, 16.730077433776419 ], [ -99.38808121948631, 16.730011003816568 ], [ -99.388301908939354, 16.729911283273772 ], [ -99.388456209951556, 16.729835255324073 ], [ -99.388955591212323, 16.729580178189174 ], [ -99.389168182406024, 16.729468802409656 ], [ -99.389660893364223, 16.72920412592639 ], [ -99.39015217400393, 16.728937391652078 ], [ -99.391952095552313, 16.727957299545501 ], [ -99.392444557480601, 16.727690786483254 ], [ -99.392942802069783, 16.727427159592452 ], [ -99.393162119087577, 16.7273170635954 ], [ -99.393687353912156, 16.727066909085945 ], [ -99.393853923852106, 16.726993218210428 ], [ -99.394106016106448, 16.72689948258019 ], [ -99.394299577962798, 16.72683926537254 ], [ -99.394950773726706, 16.726651986319283 ], [ -99.395138816418225, 16.726602456922965 ], [ -99.395365153946571, 16.726558599875979 ], [ -99.39550045064945, 16.726545476416959 ], [ -99.395905497745105, 16.72652809032332 ], [ -99.396067786684981, 16.726528440279413 ], [ -99.396420088065099, 16.726547459617027 ], [ -99.396761086883231, 16.726574279771398 ], [ -99.398000114016199, 16.726680416989606 ], [ -99.398340877201676, 16.726707921425977 ], [ -99.398692077579597, 16.726730142410879 ], [ -99.398853029151212, 16.726734382611561 ], [ -99.399252936049407, 16.72673194912354 ], [ -99.399385793610321, 16.726725921101664 ], [ -99.399605888641034, 16.726700224149202 ], [ -99.39978745250896, 16.726669542176804 ], [ -99.400414655075238, 16.72655205558619 ], [ -99.400600635546624, 16.726513889721193 ], [ -99.400841342243012, 16.72645326992021 ], [ -99.400999228476891, 16.726404836109296 ], [ -99.401495323767151, 16.726239430914173 ], [ -99.401701915612023, 16.726166342441129 ], [ -99.402169915598947, 16.725990668174799 ], [ -99.402631894555853, 16.725812792718468 ], [ -99.404319789744932, 16.725158373910482 ], [ -99.404783184018441, 16.724977973974667 ], [ -99.405257802019293, 16.724790534008918 ], [ -99.405472434049599, 16.724703163248531 ], [ -99.405999432015875, 16.72448287284795 ], [ -99.4061719822394, 16.724408397691505 ], [ -99.40645021917166, 16.724281137941354 ], [ -99.406675150178501, 16.724173813370768 ], [ -99.407446589651499, 16.723800223631493 ], [ -99.407673726656967, 16.723688622430224 ], [ -99.407962261458152, 16.723541408040472 ], [ -99.40814731708997, 16.72344270304086 ], [ -99.408563857166868, 16.723215686463625 ], [ -99.408722374353957, 16.723129293386751 ], [ -99.408959809611716, 16.72299773810855 ], [ -99.409492783680278, 16.722697223265762 ], [ -99.410016738829682, 16.722399470746879 ], [ -99.411928876473922, 16.721310464131843 ], [ -99.412451989203532, 16.72101099111892 ], [ -99.412981056596593, 16.720702466721576 ], [ -99.413213755539317, 16.720561191479604 ], [ -99.413770616342589, 16.720210431328699 ], [ -99.41394703977663, 16.720094005364196 ], [ -99.414213489253925, 16.719901445034566 ], [ -99.414417707825422, 16.719742784771771 ], [ -99.415104276284765, 16.719194929396036 ], [ -99.41530239083761, 16.719032543230021 ], [ -99.415540359031937, 16.718822597684944 ], [ -99.415682199155682, 16.718685061720489 ], [ -99.41610615069861, 16.718253172413686 ], [ -99.416275785043467, 16.718073401900728 ], [ -99.416643460656388, 16.717666362274411 ], [ -99.416999076196035, 16.717264647216979 ], [ -99.418290928763767, 16.715797012202714 ], [ -99.418643687128935, 16.715394842537208 ], [ -99.418998051299553, 16.714985690178708 ], [ -99.41915152846866, 16.7148033568775 ], [ -99.419513390995021, 16.714361620481803 ], [ -99.41962577215574, 16.714219412818139 ], [ -99.419788355825219, 16.713997513747845 ], [ -99.419908237006354, 16.713822722732658 ], [ -99.42030509760059, 16.71322893002467 ], [ -99.42041777906222, 16.713055755061212 ], [ -99.420546766590917, 16.712841398341531 ], [ -99.420618353115344, 16.712708349449859 ], [ -99.420823435688874, 16.712301811268105 ], [ -99.420902522032975, 16.712136179040094 ], [ -99.421066509211215, 16.711769766867477 ], [ -99.42122168989809, 16.711411953061621 ], [ -99.421781875121724, 16.710108566635949 ], [ -99.421936107482196, 16.709752584745232 ], [ -99.422095677429198, 16.709394723189273 ], [ -99.422169402511329, 16.709239474360835 ], [ -99.422353882880884, 16.708872841360073 ], [ -99.422415694449356, 16.708758727176793 ], [ -99.422519668377973, 16.708592827389417 ], [ -99.422606390961178, 16.7084699418618 ], [ -99.422907121759991, 16.708062375626916 ], [ -99.422996629181995, 16.707946424961335 ], [ -99.423113600356032, 16.707812888308744 ], [ -99.423191194651082, 16.707738072335687 ], [ -99.42343632995069, 16.70752246764809 ], [ -99.42353883502507, 16.707438880152214 ], [ -99.423772056815238, 16.707264409874963 ], [ -99.424002725462373, 16.707098753946457 ], [ -99.424845954402826, 16.706500161344209 ], [ -99.425081138430699, 16.706337240741302 ], [ -99.425335437905716, 16.706175539046484 ], [ -99.425463539105664, 16.706107457383897 ], [ -99.42580704514755, 16.705951444498673 ], [ -99.425931315769347, 16.705904904454634 ], [ -99.426167739546116, 16.705843730645537 ], [ -99.426381217147735, 16.705802879410509 ], [ -99.427141021611135, 16.705673412603591 ], [ -99.427372793862517, 16.705638395481426 ], [ -99.427694593825038, 16.705604450430506 ], [ -99.427922535850541, 16.705590974629082 ], [ -99.428664465240942, 16.705562031296278 ], [ -99.428981614196587, 16.705554242330578 ], [ -99.42971971336739, 16.705546837171102 ], [ -99.430456991756728, 16.705544045516792 ], [ -99.433159524510145, 16.705538403115703 ], [ -99.433896451276766, 16.705537773676497 ], [ -99.434632910709226, 16.705540498541072 ], [ -99.43494806890881, 16.70554502246728 ], [ -99.43568234781398, 16.70556340926607 ], [ -99.435906659844761, 16.705572394287927 ], [ -99.436219170410567, 16.705595938888141 ], [ -99.436441302076005, 16.705620589012696 ], [ -99.437165406289992, 16.705712077065265 ], [ -99.437367603922951, 16.70574103952816 ], [ -99.437587088339512, 16.705784711042448 ], [ -99.437698439857186, 16.705818136574592 ], [ -99.437998596006764, 16.705930450749701 ], [ -99.438107767394868, 16.705979541756491 ], [ -99.438317077668074, 16.706096319083588 ], [ -99.438506921105144, 16.706214052726157 ], [ -99.439183548550744, 16.706646697798575 ], [ -99.439370780278409, 16.706763978536017 ], [ -99.439567899204718, 16.706878644852349 ], [ -99.439662265789153, 16.706925173250347 ], [ -99.439905524269832, 16.707027639398181 ], [ -99.439989878177698, 16.707056392262597 ], [ -99.44014027114163, 16.70708810625959 ], [ -99.440270764321625, 16.707104659064512 ], [ -99.440729339618841, 16.707150190937057 ], [ -99.440867574225848, 16.70716032006159 ], [ -99.44105409364434, 16.707162057955337 ], [ -99.441182315328675, 16.707154411547638 ], [ -99.441594163660895, 16.707116990024385 ], [ -99.441768524392245, 16.70709714298906 ], [ -99.442170359430889, 16.707041945038949 ], [ -99.442570048563297, 16.706982937332178 ], [ -99.44403342743307, 16.706762760213667 ], [ -99.444435015815571, 16.706704202476612 ], [ -99.444845718109036, 16.706651115904652 ], [ -99.445030847481604, 16.706633836199682 ], [ -99.445484082316028, 16.706606284039299 ], [ -99.445631941837121, 16.706603321410785 ], [ -99.445868718211983, 16.706617048407569 ], [ -99.446059110695401, 16.706639620971302 ], [ -99.446710832905993, 16.706731231513793 ], [ -99.446902353461525, 16.706762343258699 ], [ -99.447144393575385, 16.706815921941494 ], [ -99.447298644621853, 16.706861351224678 ], [ -99.447776443110342, 16.707019775354262 ], [ -99.44797322777184, 16.707090739221496 ], [ -99.448413757709218, 16.707263479905812 ], [ -99.448846302066272, 16.707439287819454 ], [ -99.450424318298914, 16.708086977156317 ], [ -99.450858529890212, 16.708263463576046 ], [ -99.451306828597041, 16.708439384419957 ], [ -99.451513043200805, 16.708514214107005 ], [ -99.452027079371078, 16.70868749828206 ], [ -99.452198523916891, 16.708739979494709 ], [ -99.452484561872012, 16.708811608193002 ], [ -99.452721742998463, 16.708861453581189 ], [ -99.453542550962041, 16.709022434937957 ], [ -99.453786368073878, 16.709066925543016 ], [ -99.454103372599334, 16.709113568712542 ], [ -99.454312419041727, 16.709135711272999 ], [ -99.454970964697637, 16.709192399070393 ], [ -99.455245747720866, 16.709211904505814 ], [ -99.455869522742702, 16.709246242207211 ], [ -99.456485846974147, 16.709275789376967 ], [ -99.458738252673569, 16.709379324679972 ], [ -99.45935243901431, 16.709408181586173 ], [ -99.459966235251045, 16.709439325669976 ], [ -99.460228900590295, 16.709454961582196 ], [ -99.460840875977922, 16.709496785094206 ], [ -99.461027825198542, 16.709511876854968 ], [ -99.461288279416479, 16.70954048246324 ], [ -99.461473407667441, 16.709566255859478 ], [ -99.462076885567299, 16.709657925222139 ], [ -99.462245398884647, 16.709685870645398 ], [ -99.462428316186262, 16.709724614237068 ], [ -99.462521113282776, 16.709752016883726 ], [ -99.462771249192699, 16.709841152221557 ], [ -99.462862225429262, 16.70987923676342 ], [ -99.463036645249176, 16.709967829383089 ], [ -99.463194840276074, 16.710056305654764 ], [ -99.46375866495913, 16.710380601426586 ], [ -99.463915671823599, 16.710468393351626 ], [ -99.46408454479085, 16.710553794112098 ], [ -99.464168784927125, 16.710588003348573 ], [ -99.464393032608001, 16.710662245627478 ], [ -99.464473545854588, 16.710682581742745 ], [ -99.464625026574041, 16.710703241417811 ], [ -99.464760914350421, 16.710712419074905 ], [ -99.465243576618562, 16.710734587848393 ], [ -99.465390531735451, 16.710738401201588 ], [ -99.465593659954607, 16.710734028641127 ], [ -99.465736887990388, 16.71072396877787 ], [ -99.466202157138071, 16.710681394798208 ], [ -99.466400759459532, 16.710660175712 ], [ -99.466862301106246, 16.71060372730042 ], [ -99.467323043770364, 16.710544305093013 ], [ -99.46901163215577, 16.710323442175451 ], [ -99.469472611346575, 16.710264243483923 ], [ -99.469935261588276, 16.710208853532411 ], [ -99.470135211539485, 16.710188924426031 ], [ -99.470605661119563, 16.710151311858581 ], [ -99.470751347632586, 16.710143607348169 ], [ -99.470960768574798, 16.710145266051988 ], [ -99.471114254859785, 16.710155340129088 ], [ -99.471621103373622, 16.71020069315572 ], [ -99.471764633285275, 16.710217196235721 ], [ -99.471927590931628, 16.710248858261718 ], [ -99.472016857660833, 16.710277586699267 ], [ -99.47227047821346, 16.710379990600352 ], [ -99.472367544975484, 16.710426497672906 ], [ -99.472566902628046, 16.710541126849598 ], [ -99.472754632665968, 16.710658375632701 ], [ -99.473431350211584, 16.711090906161992 ], [ -99.473619081866914, 16.711208382938917 ], [ -99.473818443692963, 16.711324078650403 ], [ -99.47391551449364, 16.71137188157234 ], [ -99.474169149761622, 16.711479266090468 ], [ -99.47425842321654, 16.711510357925576 ], [ -99.474421397273645, 16.711548068752876 ], [ -99.474564943903189, 16.711570849476164 ], [ -99.475071854279932, 16.711639448009457 ], [ -99.475225360077943, 16.711656866407548 ], [ -99.475434809905622, 16.711669554363251 ], [ -99.475580518124616, 16.711670261626359 ], [ -99.47605103992646, 16.711660873711686 ], [ -99.476251021171592, 16.711653269098516 ], [ -99.476713745132585, 16.711627168840973 ], [ -99.477174797990159, 16.71159748666512 ], [ -99.478863652692738, 16.711485062383108 ], [ -99.479325179041098, 16.711455145517043 ], [ -99.479790115299252, 16.711427965470314 ], [ -99.479992783731277, 16.711419054402381 ], [ -99.480473633524042, 16.711404649420292 ], [ -99.480624242512818, 16.711402977340619 ], [ -99.48084623473558, 16.711409579817129 ], [ -99.481012757511678, 16.711420683984862 ], [ -99.481567871705764, 16.711465900193577 ], [ -99.481726649093076, 16.711481293004052 ], [ -99.481912495934679, 16.711507910717803 ], [ -99.482019214036768, 16.711530543269479 ], [ -99.482331385124851, 16.711609543941925 ], [ -99.482454017233195, 16.711644952679077 ], [ -99.482714129305748, 16.711731192867738 ], [ -99.482963086022963, 16.711818984202576 ], [ -99.483864773613888, 16.712142434670739 ], [ -99.484115750130314, 16.712230448674891 ], [ -99.484385284639515, 16.712317732450405 ], [ -99.484519357274294, 16.712354409743682 ], [ -99.48487549509629, 16.71243828651 ], [ -99.485003074717739, 16.712463232973747 ], [ -99.485242308327969, 16.712495773246648 ], [ -99.485456491016066, 16.712517312765026 ], [ -99.486216776851762, 16.712585288707587 ], [ -99.486448126089698, 16.712603583438 ], [ -99.486767469778485, 16.712620984310025 ], [ -99.48699232578609, 16.712627547981061 ], [ -99.487722310122976, 16.712640776307726 ], [ -99.488033769124769, 16.712643931142239 ], [ -99.488757260076042, 16.71264542540575 ], [ -99.489479359511265, 16.712644403488802 ], [ -99.492125665270152, 16.712638121253331 ], [ -99.492846185168318, 16.712623133751663 ], [ -99.493562305962584, 16.712559493377597 ], [ -99.493721784607871, 16.712519466614175 ], [ -99.496669284558308, 16.712506308447139 ], [ -99.495582377858781, 16.742101125676548 ], [ -99.495563385031275, 16.742618221359994 ], [ -99.495563172601479, 16.74262400492988 ], [ -99.494060539517392, 16.742138908266707 ] ], [ [ -99.346658633335466, 16.74219041641534 ], [ -99.346442106462163, 16.742352989151154 ], [ -99.345654784997407, 16.742951173679611 ], [ -99.345440278674047, 16.743115801340362 ], [ -99.345226573396772, 16.743285880885658 ], [ -99.345135786718345, 16.743364224156515 ], [ -99.344925820800412, 16.743559746546548 ], [ -99.344862346841268, 16.743625052402209 ], [ -99.344776101150813, 16.743734290777521 ], [ -99.344716366969777, 16.743825039745516 ], [ -99.344523852828871, 16.744139296467964 ], [ -99.344470772607494, 16.744232703776461 ], [ -99.344415579386151, 16.74435434792565 ], [ -99.3443898121741, 16.744434717981708 ], [ -99.3443247583469, 16.744688134088932 ], [ -99.344302730907799, 16.744793947295847 ], [ -99.344264990066023, 16.74503432616202 ], [ -99.344233101974268, 16.74527191133031 ], [ -99.34412203121083, 16.746140263186806 ], [ -99.344093111301987, 16.746377843364971 ], [ -99.344069223022387, 16.746618199071346 ], [ -99.344064016869638, 16.746723984194034 ], [ -99.344063609805971, 16.746977292394128 ], [ -99.344068516902567, 16.747057611255535 ], [ -99.344091823765879, 16.747179124409623 ], [ -99.344120212208409, 16.747272395764572 ], [ -99.344229384947383, 16.747586148891493 ], [ -99.344264972374475, 16.747676738695287 ], [ -99.344321874112467, 16.747785738019953 ], [ -99.344367574879925, 16.747850861534104 ], [ -99.344523943544274, 16.748045771875336 ], [ -99.344593125906982, 16.748123847779365 ], [ -99.344759608253455, 16.748293291648114 ], [ -99.344928258011663, 16.748457278310912 ], [ -99.345548810034771, 16.749053104424391 ], [ -99.345719595610689, 16.74921548511929 ], [ -99.345896040779181, 16.749377436682952 ], [ -99.345977319533262, 16.74944641546308 ], [ -99.346180175241045, 16.749606364843437 ], [ -99.346247933304866, 16.749654899906119 ], [ -99.346361281737373, 16.749721447572391 ], [ -99.346455450015029, 16.749767980586601 ], [ -99.34678155380405, 16.749918586705533 ], [ -99.346878484243362, 16.749960309751874 ], [ -99.347004722232384, 16.75000441145492 ], [ -99.347088131757346, 16.75002569085202 ], [ -99.347351138271762, 16.750080892844363 ], [ -99.347460958026318, 16.750100169983792 ], [ -99.347710443663104, 16.750134927996637 ], [ -99.3479570320048, 16.750165304959523 ], [ -99.348858292474972, 16.750272303888813 ], [ -99.3491055886022, 16.750299932488829 ], [ -99.349358376193422, 16.750321869239841 ], [ -99.349472205143542, 16.75032557905525 ], [ -99.349750619275397, 16.750320954736925 ], [ -99.349841339470771, 16.750313847490442 ], [ -99.349986286236046, 16.750285304825091 ], [ -99.350102632818775, 16.75025163681395 ], [ -99.350500636467629, 16.750123061694378 ], [ -99.35061752233041, 16.75008138393509 ], [ -99.350764986311376, 16.750015463242562 ], [ -99.35085876327858, 16.749962968603921 ], [ -99.351148924874934, 16.749783914135811 ], [ -99.35126832780017, 16.749704858522382 ], [ -99.351535379863932, 16.749514986832015 ], [ -99.351797479521835, 16.749322796953582 ], [ -99.352753555210711, 16.748615780112786 ], [ -99.35301398706541, 16.748421989856951 ], [ -99.353273264013438, 16.748224654614148 ], [ -99.353383228162656, 16.748136537605401 ], [ -99.353637117225105, 16.747922660148841 ], [ -99.353713683870282, 16.747853642734654 ], [ -99.353817106092947, 16.747745439079988 ], [ -99.353888285473289, 16.747659879847866 ], [ -99.3541170333434, 16.747368806965873 ], [ -99.354179901559419, 16.747283795799049 ], [ -99.35424453907423, 16.747178150041293 ], [ -99.354274010195269, 16.747112238709391 ], [ -99.354346904530559, 16.746910298247492 ], [ -99.354370988431143, 16.746827845159793 ], [ -99.354410485679253, 16.746645004556292 ], [ -99.35444282638737, 16.746466256778533 ], [ -99.35455425205447, 16.745814941038837 ], [ -99.354583267781024, 16.745636198941522 ], [ -99.354607249245205, 16.745453384943247 ], [ -99.354612492793166, 16.745370964190496 ], [ -99.354612981247129, 16.745169148010039 ], [ -99.354608096572292, 16.745103295650722 ], [ -99.354584812983305, 16.744997800820904 ], [ -99.354556435406863, 16.744912946276674 ], [ -99.354447290495244, 16.744622453192122 ], [ -99.354411708525916, 16.744537077091774 ], [ -99.354354804081069, 16.744429148407548 ], [ -99.354309093987027, 16.744360340670088 ], [ -99.354152684832883, 16.744147166511816 ], [ -99.354083482115172, 16.744059356483866 ], [ -99.353916945248926, 16.743862750502558 ], [ -99.353748238393422, 16.743669694738536 ], [ -99.353127479171931, 16.742965372693529 ], [ -99.352956282509069, 16.742773464575759 ], [ -99.352778121407383, 16.742582216520159 ], [ -99.352694801978487, 16.742500913228906 ], [ -99.352484139113059, 16.74231274588757 ], [ -99.352412685790966, 16.742255803796706 ], [ -99.352289899628985, 16.742178241472217 ], [ -99.352185944161306, 16.74212438021868 ], [ -99.35182360514068, 16.741950589676982 ], [ -99.351715227823661, 16.741902608653767 ], [ -99.351600481583432, 16.741862509231034 ], [ -99.351571805682951, 16.741852488087776 ], [ -99.351475294201677, 16.741828868313068 ], [ -99.351168329496744, 16.741768763045709 ], [ -99.351039315892379, 16.741748223806489 ], [ -99.350744217060466, 16.741712479312913 ], [ -99.35045166095496, 16.741681954704895 ], [ -99.349381498555289, 16.741575247902443 ], [ -99.349088591626099, 16.741547467737902 ], [ -99.348791854404752, 16.741524536895383 ], [ -99.348660850957017, 16.741519558997382 ], [ -99.348346238712409, 16.74151925961792 ], [ -99.348246098457153, 16.741524017604725 ], [ -99.348093389492718, 16.741546521145526 ], [ -99.347975374059786, 16.741573911058488 ], [ -99.347577344085991, 16.741679226718105 ], [ -99.347462111623372, 16.741713552400149 ], [ -99.347322390329623, 16.741768423661696 ], [ -99.347238020946733, 16.741812485521397 ], [ -99.346984018258198, 16.741963236141963 ], [ -99.346881773382677, 16.74202992982157 ], [ -99.346658633335466, 16.74219041641534 ] ], [ [ -99.32901412628955, 16.746403710372121 ], [ -99.328736714434598, 16.746684727553717 ], [ -99.327724798611627, 16.747717286140318 ], [ -99.327449168788817, 16.748001044579109 ], [ -99.327174818214829, 16.74829269478095 ], [ -99.32705851920278, 16.7484255797402 ], [ -99.326790141003727, 16.748754059357285 ], [ -99.326709264278549, 16.748862506400787 ], [ -99.326600218194798, 16.749040113160461 ], [ -99.326525314782501, 16.749185390062742 ], [ -99.326284810979331, 16.749685742043589 ], [ -99.326218777776603, 16.749833674327395 ], [ -99.326151127305195, 16.750023673161689 ], [ -99.326120517030205, 16.75014716779771 ], [ -99.326045319455659, 16.750533477256877 ], [ -99.326020682532203, 16.750693801816066 ], [ -99.325980907889303, 16.751055673644551 ], [ -99.325948723835992, 16.751412308831412 ], [ -99.325838305502756, 16.752714734432942 ], [ -99.325809802060064, 16.753071363736577 ], [ -99.325787205094301, 16.753433208329831 ], [ -99.325783427233745, 16.753593499883834 ], [ -99.32578839424869, 16.753979682541836 ], [ -99.325795821362249, 16.754103117022908 ], [ -99.325825514227404, 16.754292961946966 ], [ -99.325860505530883, 16.754440734494231 ], [ -99.325994105814701, 16.754940494721481 ], [ -99.3260374050721, 16.755085584576992 ], [ -99.326105867630716, 16.755262910399765 ], [ -99.326160372024205, 16.755371143144522 ], [ -99.326346263614184, 16.755698903366149 ], [ -99.326428332695414, 16.755831474026234 ], [ -99.326625430126867, 16.756122376874085 ], [ -99.326824929212222, 16.756405381562441 ], [ -99.327558831972681, 16.757435165653941 ], [ -99.327760704866577, 16.757715877428982 ], [ -99.32796887115623, 16.757996083214476 ], [ -99.32806437827135, 16.758115665561437 ], [ -99.328301911900169, 16.75839351068915 ], [ -99.328380919228835, 16.758478059474744 ], [ -99.328512086144016, 16.758594775471341 ], [ -99.328620460142062, 16.758676963800731 ], [ -99.328995039084518, 16.75894379296604 ], [ -99.329106170521257, 16.759017968079728 ], [ -99.329250204391542, 16.759097289810679 ], [ -99.329344835586255, 16.75913643147053 ], [ -99.329642414077014, 16.759239770616833 ], [ -99.329766411987393, 16.759276551558166 ], [ -99.330047490338643, 16.759344856834485 ], [ -99.330325033034725, 16.759405654603086 ], [ -99.331339155144789, 16.759621069426835 ], [ -99.331617642270587, 16.759678202872156 ], [ -99.331903125505434, 16.759729413606617 ], [ -99.332032471453928, 16.759745438606526 ], [ -99.33235060259895, 16.759769011147878 ], [ -99.332454985631685, 16.759770304783629 ], [ -99.332623975243806, 16.759752769424221 ], [ -99.332761005908864, 16.759726425243066 ], [ -99.333231492427572, 16.759621020527518 ], [ -99.333370169587454, 16.759585596928034 ], [ -99.333546843405955, 16.759525692068419 ], [ -99.333660557408948, 16.759475537323016 ], [ -99.334014548610128, 16.759301386431364 ], [ -99.334160909704735, 16.759223593535143 ], [ -99.334489936943186, 16.759034710961028 ], [ -99.334813614305773, 16.75884267127061 ], [ -99.335995076474717, 16.758135364893466 ], [ -99.336317559279365, 16.757941036665056 ], [ -99.336641021801967, 16.757741481716071 ], [ -99.336780628763549, 16.757650731788605 ], [ -99.33710866533886, 16.757426787067708 ], [ -99.337210064905477, 16.757353006231696 ], [ -99.337355226665537, 16.757232640634921 ], [ -99.337461201016225, 16.757134470614609 ], [ -99.337810585588755, 16.756796709158408 ], [ -99.337909352642797, 16.75669694900542 ], [ -99.338020881647523, 16.756569163397515 ], [ -99.338081441786258, 16.756486372706625 ], [ -99.338252526574294, 16.756227801708004 ], [ -99.338317661358104, 16.756120621865911 ], [ -99.338450538971628, 16.755879020301396 ], [ -99.338575229151573, 16.755641055004691 ], [ -99.339024236806537, 16.754772151310355 ], [ -99.339146432518774, 16.754534532989751 ], [ -99.339267673777812, 16.754294551737228 ], [ -99.339318680071386, 16.754189339747775 ], [ -99.339435468181392, 16.753938331719024 ], [ -99.339470265428972, 16.753859129654451 ], [ -99.339515864623536, 16.753740528082677 ], [ -99.339546209082826, 16.753650299331465 ], [ -99.339642217219492, 16.753347833374757 ], [ -99.339668134094893, 16.753260815313272 ], [ -99.339693071539955, 16.753157197010044 ], [ -99.339702779600543, 16.75309618892646 ], [ -99.33972314643259, 16.752915102839143 ], [ -99.339728401761633, 16.752843068083205 ], [ -99.339732559817264, 16.75268799197752 ], [ -99.339733244571633, 16.752538489438273 ], [ -99.33973228206068, 16.751995887011507 ], [ -99.33973047218187, 16.751845816530711 ], [ -99.339722988579027, 16.751688090062665 ], [ -99.339714107598681, 16.751612837018676 ], [ -99.339680146661422, 16.751419382610226 ], [ -99.339664076753948, 16.751352505883744 ], [ -99.339623044777383, 16.751233868901991 ], [ -99.33958049760507, 16.751131264218525 ], [ -99.33942297644559, 16.750771079263263 ], [ -99.339373215314623, 16.750662613457944 ], [ -99.339298517566689, 16.750516624723314 ], [ -99.339241567631646, 16.750416535190389 ], [ -99.339050499339208, 16.750095439336384 ], [ -99.338967072639591, 16.749959621687768 ], [ -99.338768816337463, 16.749646901840268 ], [ -99.338569020203252, 16.749335976699172 ], [ -99.337834899495405, 16.748197710925215 ], [ -99.337633919806422, 16.747887244354381 ], [ -99.337430130357447, 16.747576667754071 ], [ -99.337339981810786, 16.747443453614807 ], [ -99.337123078068245, 16.747132364215155 ], [ -99.337053868695889, 16.747037022898411 ], [ -99.336947795026873, 16.746903186269336 ], [ -99.336865470597672, 16.746807332393296 ], [ -99.336587364060847, 16.746493850726608 ], [ -99.336506716426314, 16.746406002520285 ], [ -99.336408466841121, 16.746309526104092 ], [ -99.3363487578888, 16.746259550871901 ], [ -99.336168365792048, 16.746122809468257 ], [ -99.336095541783664, 16.746072321618271 ], [ -99.335936088451405, 16.745973453077816 ], [ -99.335781122076298, 16.745882700076521 ], [ -99.335217400040449, 16.745558053726086 ], [ -99.335061963575541, 16.745469703501222 ], [ -99.334900314382452, 16.745382049685343 ], [ -99.334824823332426, 16.745345180251547 ], [ -99.334634180970255, 16.745260776679508 ], [ -99.334569608229799, 16.745235635334765 ], [ -99.334458911058604, 16.745202712703986 ], [ -99.334365344986452, 16.745180821700099 ], [ -99.334039400602393, 16.745111586033897 ], [ -99.333941961361617, 16.745092904528907 ], [ -99.333813189165141, 16.745074960104795 ], [ -99.333726668114579, 16.745068006726697 ], [ -99.333451675415645, 16.745053501879156 ], [ -99.333336161011161, 16.745049798601105 ], [ -99.333072086468803, 16.745047021502106 ], [ -99.332810351519498, 16.745046757268756 ], [ -99.331852996236421, 16.745048298787996 ], [ -99.331590316286849, 16.745050894727413 ], [ -99.331321831844491, 16.745061470076408 ], [ -99.331200962587658, 16.745073982002534 ], [ -99.330905390425841, 16.745121795598351 ], [ -99.33080910461743, 16.745144412058966 ], [ -99.330655343043674, 16.745202142132833 ], [ -99.330531969414579, 16.745261997182379 ], [ -99.330109986843624, 16.745483590225618 ], [ -99.329986076207547, 16.745553589990781 ], [ -99.329829809638383, 16.745658662963837 ], [ -99.329730482325431, 16.745738767468268 ], [ -99.329423221014679, 16.746007515313824 ], [ -99.329296805239238, 16.746124858171818 ], [ -99.32901412628955, 16.746403710372121 ] ] ] ] } },
{ "type": "Feature", "properties": { "fid": 14.0, "cat": 14, "value": 5.0, "NOM_ACUIF": "SAN MARCOS", "CLAVE_ACUI": "1231" }, "geometry": { "type": "MultiPolygon", "coordinates": [ [ [ [ -99.288552925731992, 16.665565460564213 ], [ -99.286556093865428, 16.666020243251751 ], [ -99.285038359949581, 16.66703484343854 ], [ -99.283041012402819, 16.667155104232531 ], [ -99.281754898717082, 16.666252832383307 ], [ -99.279174797054239, 16.66546078236313 ], [ -99.276708978657467, 16.665870900455687 ], [ -99.276137077491683, 16.665980146241875 ], [ -99.27495507709591, 16.665719550553543 ], [ -99.273483171766983, 16.666028866627947 ], [ -99.272142017075936, 16.665958310092901 ], [ -99.271335191787401, 16.665733361699584 ], [ -99.270911372212595, 16.665467813718156 ], [ -99.269852166779017, 16.664804151915067 ], [ -99.269711155987224, 16.664560248605238 ], [ -99.269298236764186, 16.664352859679045 ], [ -99.267307610378936, 16.662547385233289 ], [ -99.266011560552712, 16.661165892941522 ], [ -99.264939499970524, 16.658988562957582 ], [ -99.26495667647167, 16.657840427665572 ], [ -99.266088918866558, 16.656067086084867 ], [ -99.266049723964016, 16.65484670067719 ], [ -99.265325295648964, 16.653129978270769 ], [ -99.264253301267203, 16.650961682536614 ], [ -99.263802388516382, 16.650374638986165 ], [ -99.263190868884934, 16.648910891894147 ], [ -99.263048385991681, 16.647573112278852 ], [ -99.263740189173916, 16.64603538740959 ], [ -99.264658641134972, 16.645672606836651 ], [ -99.265524715739033, 16.64558902287137 ], [ -99.266177516211258, 16.645526019338043 ], [ -99.267556047556226, 16.645605608590198 ], [ -99.269451338248089, 16.646416780081083 ], [ -99.271754769768251, 16.647832993474196 ], [ -99.27257661349023, 16.648338274362381 ], [ -99.269754243151183, 16.646603017070877 ], [ -99.269446842241749, 16.646895690348654 ], [ -99.269447311027804, 16.646897884963476 ], [ -99.269441270763792, 16.646935088656885 ], [ -99.26942615105007, 16.646957850388642 ], [ -99.269361632623443, 16.647026868098198 ], [ -99.269329351037243, 16.647054813250538 ], [ -99.269243222056147, 16.647116206242504 ], [ -99.269152462200637, 16.64717596533529 ], [ -99.268815044757773, 16.647393447801864 ], [ -99.268723216991958, 16.647453551321437 ], [ -99.268632105289754, 16.6475165522514 ], [ -99.268593773519825, 16.647546450088537 ], [ -99.26850600362296, 16.647622972400285 ], [ -99.268479851392698, 16.647649295041489 ], [ -99.268445577580735, 16.647695611740904 ], [ -99.268422767220613, 16.647735455813756 ], [ -99.268350592632544, 16.647875078108974 ], [ -99.268331108264533, 16.647917053516117 ], [ -99.268312355858072, 16.647973316468569 ], [ -99.268305051078769, 16.648011716709075 ], [ -99.268289714510459, 16.648134654878714 ], [ -99.268285751607976, 16.648186576558818 ], [ -99.268282594640795, 16.648305939563567 ], [ -99.268282047592194, 16.648424536460801 ], [ -99.268282651678561, 16.648858625632922 ], [ -99.268284123013217, 16.648977791961752 ], [ -99.268290385149811, 16.649099812334132 ], [ -99.268297859725877, 16.649154960823658 ], [ -99.268326478964084, 16.64929030006628 ], [ -99.268340030769266, 16.649334584489061 ], [ -99.268374653279082, 16.649405905885903 ], [ -99.268410562215166, 16.649463509168047 ], [ -99.268543514891221, 16.649661003035519 ], [ -99.268585517003714, 16.649719132308089 ], [ -99.268648574048882, 16.649792908423343 ], [ -99.268696653427881, 16.649840173599003 ], [ -99.268857966937659, 16.64998696823627 ], [ -99.268928403631008, 16.650047552166267 ], [ -99.269095794684091, 16.650183482530078 ], [ -99.269264488227179, 16.650317084734308 ], [ -99.269570871356265, 16.650558073237491 ], [ -99.269884335463345, 16.650804630242455 ], [ -99.270057301703815, 16.650937539762438 ], [ -99.270244628514504, 16.651070239741177 ], [ -99.270339271848499, 16.651126901708746 ], [ -99.270593613982797, 16.651258624157887 ], [ -99.270685834237199, 16.651298737870295 ], [ -99.270861853141412, 16.651354212847433 ], [ -99.27102108848571, 16.651393349032983 ], [ -99.271588168234814, 16.651520508731252 ], [ -99.271761244928072, 16.651555888840385 ], [ -99.272001856028794, 16.651593837096627 ], [ -99.272172509453796, 16.651612668786004 ], [ -99.272728281108712, 16.651662601010322 ], [ -99.272965949726014, 16.651680454064532 ], [ -99.27351929822683, 16.651713836101951 ], [ -99.274072127559577, 16.651743670649992 ], [ -99.276098650335328, 16.651849505359259 ], [ -99.276654447915988, 16.651879672290629 ], [ -99.277221646134606, 16.651914627693142 ], [ -99.277476131636021, 16.651934398053232 ], [ -99.278096532520152, 16.651991704144574 ], [ -99.27829785174562, 16.652014036356949 ], [ -99.278616940464019, 16.652060948087378 ], [ -99.278871462323991, 16.652105632532326 ], [ -99.279740143045714, 16.65226724628738 ], [ -99.279994673172993, 16.652317268444861 ], [ -99.280313799001931, 16.652389093347992 ], [ -99.280515162898723, 16.652441678294579 ], [ -99.281135735776715, 16.652615248970037 ], [ -99.281390303075966, 16.652690185196047 ], [ -99.281957710881855, 16.652866317094183 ], [ -99.282513726846062, 16.653042996851301 ], [ -99.284541067695798, 16.653691359256488 ], [ -99.285093647987452, 16.653869066415002 ], [ -99.285645007676436, 16.654050015365765 ], [ -99.28588008339986, 16.654130807746185 ], [ -99.286425743799626, 16.654326889921254 ], [ -99.286591561329359, 16.654390158074314 ], [ -99.286819715547239, 16.654489328009397 ], [ -99.286979832632952, 16.654567731199322 ], [ -99.287498892204098, 16.65483444216591 ], [ -99.287642947035451, 16.654912333189742 ], [ -99.287796142573882, 16.655009114403541 ], [ -99.287870938453409, 16.655069482319803 ], [ -99.288066790488216, 16.65525441800143 ], [ -99.28813588590846, 16.655329921202505 ], [ -99.288262479074135, 16.655497333859749 ], [ -99.288374231149803, 16.655660991562456 ], [ -99.288769149031523, 16.656257314401227 ], [ -99.288876868555803, 16.656422235927543 ], [ -99.288984640410874, 16.656595547341276 ], [ -99.289030880555714, 16.656678213591245 ], [ -99.289138896070895, 16.656890678009265 ], [ -99.28917201424666, 16.656964108072771 ], [ -99.289218550110903, 16.657094317315568 ], [ -99.289251911753425, 16.657206900455211 ], [ -99.289361063794871, 16.657602079157094 ], [ -99.28939166588367, 16.657721073041984 ], [ -99.289425323345696, 16.657881199179176 ], [ -99.289442803330175, 16.657990956921839 ], [ -99.289490719206611, 16.658343033573466 ], [ -99.289508442733066, 16.658491944389844 ], [ -99.28954323661533, 16.658834784885357 ], [ -99.289575218714788, 16.659175646193681 ], [ -99.289662140986877, 16.660123302737968 ], [ -99.289705324967628, 16.660596803820138 ], [ -99.289705333174894, 16.660596894712668 ], [ -99.289706459932248, 16.660609373151125 ], [ -99.289710290030214, 16.660653834390271 ], [ -99.289720988002784, 16.660778020418206 ], [ -99.289739871733616, 16.660997229325908 ], [ -99.28975040651882, 16.661119520531219 ], [ -99.289759724101444, 16.661264719887551 ], [ -99.289760336221377, 16.661274258771353 ], [ -99.289763172329089, 16.66131845483811 ], [ -99.289772168091716, 16.66145863882652 ], [ -99.28977216809173, 16.661458638826627 ], [ -99.289779006563009, 16.661575250410284 ], [ -99.289782779250302, 16.661668421148903 ], [ -99.289782596046777, 16.661694510451028 ], [ -99.289781873567108, 16.66179739598493 ], [ -99.289781865689918, 16.661798265727278 ], [ -99.289781769370762, 16.661799866052998 ], [ -99.289777062945674, 16.661878062437623 ], [ -99.289456908431461, 16.661785378746927 ], [ -99.288951081930279, 16.661811221422237 ], [ -99.289771194035424, 16.664082115310574 ], [ -99.289771194035438, 16.664082115310578 ], [ -99.290343396106479, 16.665666510502408 ], [ -99.290344632542343, 16.665669934092485 ], [ -99.288552925731992, 16.665565460564213 ] ] ] ] } },
{ "type": "Feature", "properties": { "fid": 10.0, "cat": 7, "value": 4.0, "NOM_ACUIF": "SAN MARCOS", "CLAVE_ACUI": "1231" }, "geometry": { "type": "MultiPolygon", "coordinates": [ [ [ [ -99.461927842176493, 16.682317442670406 ], [ -99.480215881446469, 16.684083527610625 ], [ -99.482075757694318, 16.684271107708263 ], [ -99.481948001592045, 16.685275152692942 ], [ -99.481871923891745, 16.685873048655477 ], [ -99.481839522821645, 16.685974817002361 ], [ -99.481819950150793, 16.686036292646381 ], [ -99.481625114477239, 16.686556610411419 ], [ -99.481596258122849, 16.686633672406369 ], [ -99.481533839061285, 16.686797283842782 ], [ -99.481466242882689, 16.686963424251843 ], [ -99.481432096040535, 16.687037156268126 ], [ -99.481340340256892, 16.687215098590993 ], [ -99.481307074693845, 16.687272099710281 ], [ -99.481243591249338, 16.687360162623243 ], [ -99.481186166159119, 16.687428965656679 ], [ -99.480981665584707, 16.687661983459797 ], [ -99.480919252141845, 16.687729730213899 ], [ -99.480832490236921, 16.687812864026629 ], [ -99.48077095811071, 16.687863879862501 ], [ -99.480570569941619, 16.688018819857732 ], [ -99.480484878078983, 16.68808163746802 ], [ -99.480285370910622, 16.688219846321548 ], [ -99.480086052341164, 16.688354469801364 ], [ -99.48000627692609, 16.688407973981437 ], [ -99.479635551340337, 16.688656613311455 ], [ -99.479355404077438, 16.688844502445868 ], [ -99.479152757371935, 16.688977874280731 ], [ -99.478937723111642, 16.689110244921473 ], [ -99.47883317820579, 16.689165974122048 ], [ -99.478560336196111, 16.689293673002382 ], [ -99.47846442577459, 16.689331763396726 ], [ -99.478289685984308, 16.689381819815328 ], [ -99.478135968119219, 16.689415238531517 ], [ -99.477593357543938, 16.689521135355214 ], [ -99.477429102453442, 16.689549772773148 ], [ -99.477205189615759, 16.689577517941967 ], [ -99.477049569250539, 16.689588516490208 ], [ -99.47654725366516, 16.6896120972877 ], [ -99.47633382584624, 16.689618423285225 ], [ -99.475840145000319, 16.689624363833328 ], [ -99.475348314448112, 16.68962652352673 ], [ -99.473546785778638, 16.68963065274362 ], [ -99.473035358513499, 16.689628618714689 ], [ -99.472450226944616, 16.689615005875819 ], [ -99.472125752026969, 16.689597593632765 ], [ -99.471196667618557, 16.689529947800583 ], [ -99.470838549978779, 16.689497660931995 ], [ -99.470096418752547, 16.689414635627298 ], [ -99.4693943493197, 16.689328313408765 ], [ -99.468407495051693, 16.689203770594276 ], [ -99.467917337313551, 16.689141909975344 ], [ -99.466860160793786, 16.689008484346537 ], [ -99.466077181214544, 16.688907384077385 ], [ -99.464957461399266, 16.688755427150021 ], [ -99.464140841374473, 16.68863944586974 ], [ -99.461449672819725, 16.688250139111283 ], [ -99.460289108942888, 16.688080095188297 ], [ -99.457564313067877, 16.687675863097489 ], [ -99.45483231885332, 16.68726840727755 ], [ -99.451678579852896, 16.686797339740529 ], [ -99.444807889213777, 16.685770903668033 ], [ -99.442077131807878, 16.685363275583494 ], [ -99.439357945988647, 16.684958790065249 ], [ -99.438204144753357, 16.68478860705045 ], [ -99.435538924444799, 16.684398906029585 ], [ -99.434734603470673, 16.684282782024194 ], [ -99.433646320819122, 16.684130588514662 ], [ -99.432895952145813, 16.684029293569008 ], [ -99.430482517824032, 16.683708763631028 ], [ -99.429818599671108, 16.683622226969742 ], [ -99.429133745142394, 16.683538934970475 ], [ -99.42881929929969, 16.683506484475231 ], [ -99.428036739861767, 16.683438340410316 ], [ -99.427776244011966, 16.683420726056816 ], [ -99.427343155883406, 16.683406671058279 ], [ -99.426984954367711, 16.683404206595064 ], [ -99.425746435266575, 16.683406756818787 ], [ -99.425404507072116, 16.683409404505468 ], [ -99.425047361365912, 16.683419214276785 ], [ -99.42487908140879, 16.683430580913029 ], [ -99.424450920549745, 16.68347381528271 ], [ -99.424304633333008, 16.68349421271289 ], [ -99.424050120555961, 16.683546166697496 ], [ -99.423832818011874, 16.68359998914088 ], [ -99.423073251343851, 16.683799205074777 ], [ -99.422845443353864, 16.683862124300401 ], [ -99.422541906875566, 16.683956532825079 ], [ -99.422336091322038, 16.684028482959558 ], [ -99.421679154376477, 16.684269840749629 ], [ -99.421402322197963, 16.684375214513722 ], [ -99.420767375643479, 16.684625601039151 ], [ -99.42013714014135, 16.684877921017158 ], [ -99.418861256746027, 16.685390838196536 ], [ -99.418610950372056, 16.685114327770986 ], [ -99.418179349846085, 16.685033838939329 ], [ -99.417664891500124, 16.685667685708697 ], [ -99.417328941475745, 16.686445813334622 ], [ -99.416757968304964, 16.686971290412725 ], [ -99.414263072332446, 16.686922057403169 ], [ -99.414189170574517, 16.68744653223245 ], [ -99.414462307933675, 16.68797935257669 ], [ -99.415624961695102, 16.687823339413139 ], [ -99.415774711553709, 16.68767839680137 ], [ -99.417462462565197, 16.687467077339768 ], [ -99.417772496167743, 16.687710535008332 ], [ -99.417737120962755, 16.688695978997874 ], [ -99.417158430385754, 16.689989882522976 ], [ -99.41639070193952, 16.690615196366572 ], [ -99.414693991366647, 16.691034448237225 ], [ -99.413596718114263, 16.691072804368254 ], [ -99.411795413488818, 16.690832312993678 ], [ -99.41162624203092, 16.690669927369157 ], [ -99.410266356254084, 16.690708787934145 ], [ -99.410220136000916, 16.691025283764478 ], [ -99.410542711346835, 16.692751306929495 ], [ -99.410243851497611, 16.693348547410874 ], [ -99.409953366603389, 16.69347568472535 ], [ -99.403446670388618, 16.694663688437867 ], [ -99.402350129638407, 16.695063588926221 ], [ -99.399705228881118, 16.695095835250605 ], [ -99.39854298482291, 16.695477762401932 ], [ -99.396217737068667, 16.695879993643469 ], [ -99.39606794726275, 16.696015882357493 ], [ -99.395842731574092, 16.695962072560789 ], [ -99.393555026064234, 16.696382282518723 ], [ -99.389220152690214, 16.695594950411522 ], [ -99.386715746569038, 16.695536365169009 ], [ -99.385317176775246, 16.695014646175437 ], [ -99.384271123637348, 16.69253959256087 ], [ -99.383763745873665, 16.692088526872006 ], [ -99.382894905789044, 16.691959326055706 ], [ -99.38196240915039, 16.691820654928311 ], [ -99.379710218168128, 16.691219109397153 ], [ -99.378302266173009, 16.690479302598721 ], [ -99.378647569534905, 16.690469912825115 ], [ -99.378772459663395, 16.690462273219044 ], [ -99.378896870699805, 16.690439087620771 ], [ -99.378949710621058, 16.690413604996195 ], [ -99.379071885828864, 16.690317871682065 ], [ -99.379108807281312, 16.690273019634933 ], [ -99.379158932223973, 16.690159443431224 ], [ -99.379193617812248, 16.690042043758893 ], [ -99.379305358689294, 16.689607754791094 ], [ -99.379328761474071, 16.689487515564277 ], [ -99.379326233889927, 16.689360688180635 ], [ -99.379299220309051, 16.689299745430127 ], [ -99.379175684636223, 16.689142173263697 ], [ -99.379111937336816, 16.689087348688847 ], [ -99.379208168837621, 16.688706868287884 ], [ -99.381785847451141, 16.68865838639239 ], [ -99.381871713190549, 16.688656770846425 ], [ -99.382828981950297, 16.688962367632936 ], [ -99.384518937740012, 16.689827089120392 ], [ -99.387878002331163, 16.690498832194734 ], [ -99.389504426225642, 16.690761283537231 ], [ -99.390148489662664, 16.690865210454533 ], [ -99.391677446605769, 16.690943683883347 ], [ -99.394998980970001, 16.691588261072649 ], [ -99.395308194472165, 16.69144302854821 ], [ -99.396377431626092, 16.691450023632942 ], [ -99.398366664192494, 16.69186205029942 ], [ -99.398675781745411, 16.69167161232015 ], [ -99.398938434552903, 16.691689186456685 ], [ -99.39862766790624, 16.691084096492119 ], [ -99.39777353488941, 16.690778375337533 ], [ -99.395766375311027, 16.690764142867199 ], [ -99.394508410415426, 16.690197015974721 ], [ -99.394367261143671, 16.689971281566518 ], [ -99.394506778304574, 16.689401487115024 ], [ -99.395501715809928, 16.689770233958257 ], [ -99.396186235865926, 16.689696603764673 ], [ -99.396410288842262, 16.689189927244723 ], [ -99.394128764559781, 16.6880100261004 ], [ -99.392908744456861, 16.68764169971011 ], [ -99.393676761719576, 16.687124952621332 ], [ -99.394811924227113, 16.687276473091053 ], [ -99.395882478079628, 16.687934358517975 ], [ -99.396717222224353, 16.687941800555603 ], [ -99.397410815270092, 16.68772350688474 ], [ -99.398630225541467, 16.687793483314497 ], [ -99.398019229391807, 16.687134729176044 ], [ -99.39709933213291, 16.686765850237844 ], [ -99.396565630662252, 16.6872007998643 ], [ -99.394059648214736, 16.686319651739989 ], [ -99.393749720103997, 16.686112318236571 ], [ -99.392999467302317, 16.686140864259858 ], [ -99.392541047336522, 16.686702222723397 ], [ -99.392043837563918, 16.686639883945347 ], [ -99.391085298445532, 16.685710562335032 ], [ -99.388907324557124, 16.684684088660969 ], [ -99.386553430069668, 16.684778898405654 ], [ -99.385061712863077, 16.684537594161441 ], [ -99.383692410106832, 16.684540136331595 ], [ -99.382885600473401, 16.684424108003746 ], [ -99.382519306635999, 16.684162620679583 ], [ -99.381017718517668, 16.683668181037078 ], [ -99.379919799770775, 16.683593706803155 ], [ -99.379929127368186, 16.683539125022183 ], [ -99.379928350246033, 16.683492905536387 ], [ -99.379900872126896, 16.683416785516204 ], [ -99.379862394814126, 16.683354262109383 ], [ -99.379710312335519, 16.683138606159105 ], [ -99.379637055639336, 16.68304268843567 ], [ -99.379447273606274, 16.682810728303604 ], [ -99.379249413463427, 16.68257527426017 ], [ -99.378515851915324, 16.681708447266661 ], [ -99.378308611348402, 16.681470263604599 ], [ -99.378075046581031, 16.681225568374863 ], [ -99.377948622880908, 16.681114187543724 ], [ -99.377592210635555, 16.680839105342759 ], [ -99.377456780418242, 16.680748384952523 ], [ -99.377181184621463, 16.680600105492612 ], [ -99.376922906721774, 16.680478997880527 ], [ -99.375993207801457, 16.68006210611923 ], [ -99.375706676767294, 16.679938912626568 ], [ -99.375299228856107, 16.679780903519628 ], [ -99.375003691400707, 16.67967836969644 ], [ -99.37403196603465, 16.679357885310871 ], [ -99.373613583113666, 16.679224960711121 ], [ -99.372632854736835, 16.678925130249453 ], [ -99.371650199129206, 16.67862972232621 ], [ -99.369416796707526, 16.677961393817714 ], [ -99.368637974806106, 16.677728330544515 ], [ -99.368045223335116, 16.677550946685031 ], [ -99.367060325673222, 16.677255291856419 ], [ -99.366069090403343, 16.676954380694358 ], [ -99.365637935680709, 16.676820165698853 ], [ -99.364617115789741, 16.676494740035725 ], [ -99.364298280097984, 16.676389867275802 ], [ -99.363831198527222, 16.676225889177466 ], [ -99.363482774933843, 16.676096507427673 ], [ -99.362323882409669, 16.675656700666551 ], [ -99.361993188191065, 16.675528353169323 ], [ -99.36160883826112, 16.675369208512187 ], [ -99.361390460972046, 16.675270206756437 ], [ -99.36075571770192, 16.674967342452153 ], [ -99.360507753106177, 16.67484383157641 ], [ -99.359985327958356, 16.674570312181956 ], [ -99.359486971809318, 16.674303080276612 ], [ -99.357683744977663, 16.673329508467663 ], [ -99.357189196376055, 16.673063866035747 ], [ -99.356684519630605, 16.672797782194969 ], [ -99.356458100532876, 16.672683305670208 ], [ -99.355906154905753, 16.672415165580695 ], [ -99.355727062795339, 16.672332641336084 ], [ -99.355443244526043, 16.672215668958113 ], [ -99.355216882003035, 16.67213108972625 ], [ -99.354444342948511, 16.671853357483599 ], [ -99.354217993060416, 16.671775184002421 ], [ -99.353934231466312, 16.671688108206251 ], [ -99.353755207566621, 16.671641887773546 ], [ -99.353203524574312, 16.671513267555039 ], [ -99.352977230387495, 16.671464991390874 ], [ -99.352472873703789, 16.671368322992844 ], [ -99.351978658622272, 16.671278500647507 ], [ -99.350176681443756, 16.670955989261557 ], [ -99.349682231827501, 16.670866619429042 ], [ -99.349176774272181, 16.670772080432315 ], [ -99.348949141383727, 16.670726395351718 ], [ -99.348392312238701, 16.670607737143282 ], [ -99.348210846130399, 16.670566244872948 ], [ -99.347920833170022, 16.670491273154326 ], [ -99.347687995116075, 16.670425662880682 ], [ -99.346891431486327, 16.670194451687454 ], [ -99.346657478623655, 16.670124570849943 ], [ -99.346362261272205, 16.670029673093108 ], [ -99.34617447502751, 16.669963985787149 ], [ -99.345593357156901, 16.669752342035416 ], [ -99.34535419977, 16.669662535845266 ], [ -99.34481924976221, 16.66945508419554 ], [ -99.34429419360535, 16.669248529972673 ], [ -99.342378889820822, 16.668492051817946 ], [ -99.341855264739792, 16.668286404212985 ], [ -99.341326976516925, 16.668083203662992 ], [ -99.341095903373571, 16.667998565690869 ], [ -99.34054585024748, 16.667806788969397 ], [ -99.340372802608471, 16.667750529894658 ], [ -99.340115299547293, 16.667679764971524 ], [ -99.339920485660727, 16.667634931266353 ], [ -99.339268857685468, 16.66749647117307 ], [ -99.339081813751932, 16.667460166476207 ], [ -99.338860569532144, 16.667429205762119 ], [ -99.338731550245029, 16.667421280943685 ], [ -99.338350704423931, 16.667415258890845 ], [ -99.338199918598278, 16.66741875930957 ], [ -99.337877097175479, 16.667441116770505 ], [ -99.337566709460816, 16.667469555281066 ], [ -99.336441054077781, 16.667579907475297 ], [ -99.336130909261257, 16.6676117757128 ], [ -99.335809222938948, 16.667650145357122 ], [ -99.335659815929375, 16.667673091199187 ], [ -99.335284269453439, 16.667741802042478 ], [ -99.335157764766493, 16.667769337672286 ], [ -99.334942956123726, 16.667829126711371 ], [ -99.33476259125851, 16.667887003927653 ], [ -99.334135696429115, 16.668097307559538 ], [ -99.333948697243727, 16.668162669482218 ], [ -99.333702929909322, 16.668257389120285 ], [ -99.333538832910008, 16.66832734099907 ], [ -99.333018813625216, 16.668559062855149 ], [ -99.33280085551084, 16.668659355489787 ], [ -99.332303736949044, 16.668895665996455 ], [ -99.331811524839608, 16.669132959012291 ], [ -99.330011644283658, 16.670004007268073 ], [ -99.329516341964421, 16.670242215091417 ], [ -99.329004820935012, 16.670482811947856 ], [ -99.328769379760118, 16.670588314687443 ], [ -99.328182175146239, 16.670840063707843 ], [ -99.327986200801405, 16.67091951952775 ], [ -99.32765885916973, 16.671038565020623 ], [ -99.327387202529707, 16.671129174046609 ], [ -99.326446811579643, 16.671432968420632 ], [ -99.326167393641654, 16.671520384641294 ], [ -99.325803835814753, 16.671624534811517 ], [ -99.32556388551555, 16.671685904631197 ], [ -99.324807674625887, 16.671868145674203 ], [ -99.324492041309838, 16.671940666995056 ], [ -99.323775296890489, 16.672096858950621 ], [ -99.323067008837853, 16.672247467356978 ], [ -99.32047840046711, 16.672794096627236 ], [ -99.31977307236734, 16.672943430767074 ], [ -99.319070158189973, 16.673093712210907 ], [ -99.318771323966757, 16.673159067511008 ], [ -99.318079678428106, 16.673313777513737 ], [ -99.317870365028782, 16.673362086962872 ], [ -99.317585215272189, 16.673432822211403 ], [ -99.317387171873818, 16.673485563136168 ], [ -99.316748118508656, 16.673660951253101 ], [ -99.31657167293244, 16.673710988839993 ], [ -99.316387314266791, 16.673769110549795 ], [ -99.316300390374948, 16.673802104072845 ], [ -99.316079104145359, 16.673897952094176 ], [ -99.316003450399819, 16.673935377535972 ], [ -99.315871685886663, 16.674014181667971 ], [ -99.315759104563512, 16.674089333529597 ], [ -99.315365488955464, 16.674361237688437 ], [ -99.315258959816788, 16.674435808023926 ], [ -99.31515544007371, 16.674511899180011 ], [ -99.315114083923191, 16.674546030534998 ], [ -99.315024608300149, 16.674629219043311 ], [ -99.315000227267547, 16.674656205782323 ], [ -99.314975924778921, 16.674698955410761 ], [ -99.314965587973404, 16.674733039571418 ], [ -99.314941652025936, 16.67484934935894 ], [ -99.314937962229891, 16.674883423412528 ], [ -99.314944679147786, 16.67492612587694 ], [ -99.314957964545059, 16.674953055343245 ], [ -99.31501324617507, 16.675036023712011 ], [ -99.315040575859896, 16.67507005059484 ], [ -99.315112832764555, 16.675145874339606 ], [ -99.315188727270822, 16.675220167070506 ], [ -99.315426419435965, 16.675448549126717 ], [ -99.313653648959999, 16.674569212404311 ], [ -99.312245236084024, 16.673549795613209 ], [ -99.311070389210315, 16.671969524730279 ], [ -99.30953901683398, 16.670281296914659 ], [ -99.309302195529114, 16.6688080941857 ], [ -99.309657109306031, 16.66790354170509 ], [ -99.3104724603119, 16.667567833417344 ], [ -99.311765706687098, 16.66699635772498 ], [ -99.312344401089774, 16.665304964419288 ], [ -99.312576090883681, 16.663605052745972 ], [ -99.313510387536752, 16.661461108011018 ], [ -99.315271359489643, 16.660210885970802 ], [ -99.3152697026336, 16.659198383002021 ], [ -99.314798236814056, 16.65761705934062 ], [ -99.31233175180337, 16.65750326652881 ], [ -99.31092531016337, 16.657622903441638 ], [ -99.310580526663273, 16.65897945503124 ], [ -99.311050502002814, 16.65965676776695 ], [ -99.310930956220318, 16.661121464377405 ], [ -99.30999573019308, 16.662704905194623 ], [ -99.308122527921384, 16.664181255584616 ], [ -99.305309166522406, 16.664185418893844 ], [ -99.302148993110464, 16.664298532683731 ], [ -99.299212494150112, 16.663516292263775 ], [ -99.295639697699997, 16.663167861568851 ], [ -99.294644790982616, 16.663070823832705 ], [ -99.29194311308693, 16.662505111486055 ], [ -99.289456908431461, 16.661785378746927 ], [ -99.289777062945674, 16.661878062437623 ], [ -99.289781769370762, 16.661799866052998 ], [ -99.289781865689918, 16.661798265727278 ], [ -99.289781873567108, 16.66179739598493 ], [ -99.289782596046777, 16.661694510451028 ], [ -99.289782779250302, 16.661668421148903 ], [ -99.289779006563009, 16.661575250410284 ], [ -99.28977216809173, 16.661458638826627 ], [ -99.289772168091716, 16.66145863882652 ], [ -99.289763172329089, 16.66131845483811 ], [ -99.289760336221377, 16.661274258771353 ], [ -99.289759724101444, 16.661264719887551 ], [ -99.28975040651882, 16.661119520531219 ], [ -99.289739871733616, 16.660997229325908 ], [ -99.289720988002784, 16.660778020418206 ], [ -99.289710290030214, 16.660653834390271 ], [ -99.289706459932248, 16.660609373151125 ], [ -99.289705333174894, 16.660596894712668 ], [ -99.289705324967628, 16.660596803820138 ], [ -99.289662140986877, 16.660123302737968 ], [ -99.289575218714788, 16.659175646193681 ], [ -99.28954323661533, 16.658834784885357 ], [ -99.289508442733066, 16.658491944389844 ], [ -99.289490719206611, 16.658343033573466 ], [ -99.289442803330175, 16.657990956921839 ], [ -99.289425323345696, 16.657881199179176 ], [ -99.28939166588367, 16.657721073041984 ], [ -99.289361063794871, 16.657602079157094 ], [ -99.289251911753425, 16.657206900455211 ], [ -99.289218550110903, 16.657094317315568 ], [ -99.28917201424666, 16.656964108072771 ], [ -99.289138896070895, 16.656890678009265 ], [ -99.289030880555714, 16.656678213591245 ], [ -99.288984640410874, 16.656595547341276 ], [ -99.288876868555803, 16.656422235927543 ], [ -99.288769149031523, 16.656257314401227 ], [ -99.288374231149803, 16.655660991562456 ], [ -99.288262479074135, 16.655497333859749 ], [ -99.28813588590846, 16.655329921202505 ], [ -99.288066790488216, 16.65525441800143 ], [ -99.287870938453409, 16.655069482319803 ], [ -99.287796142573882, 16.655009114403541 ], [ -99.287642947035451, 16.654912333189742 ], [ -99.287498892204098, 16.65483444216591 ], [ -99.286979832632952, 16.654567731199322 ], [ -99.286819715547239, 16.654489328009397 ], [ -99.286591561329359, 16.654390158074314 ], [ -99.286425743799626, 16.654326889921254 ], [ -99.28588008339986, 16.654130807746185 ], [ -99.285645007676436, 16.654050015365765 ], [ -99.285093647987452, 16.653869066415002 ], [ -99.284541067695798, 16.653691359256488 ], [ -99.282513726846062, 16.653042996851301 ], [ -99.281957710881855, 16.652866317094183 ], [ -99.281390303075966, 16.652690185196047 ], [ -99.281135735776715, 16.652615248970037 ], [ -99.280515162898723, 16.652441678294579 ], [ -99.280313799001931, 16.652389093347992 ], [ -99.279994673172993, 16.652317268444861 ], [ -99.279740143045714, 16.65226724628738 ], [ -99.278871462323991, 16.652105632532326 ], [ -99.278616940464019, 16.652060948087378 ], [ -99.27829785174562, 16.652014036356949 ], [ -99.278096532520152, 16.651991704144574 ], [ -99.277476131636021, 16.651934398053232 ], [ -99.277221646134606, 16.651914627693142 ], [ -99.276654447915988, 16.651879672290629 ], [ -99.276098650335328, 16.651849505359259 ], [ -99.274072127559577, 16.651743670649992 ], [ -99.27351929822683, 16.651713836101951 ], [ -99.272965949726014, 16.651680454064532 ], [ -99.272728281108712, 16.651662601010322 ], [ -99.272172509453796, 16.651612668786004 ], [ -99.272001856028794, 16.651593837096627 ], [ -99.271761244928072, 16.651555888840385 ], [ -99.271588168234814, 16.651520508731252 ], [ -99.27102108848571, 16.651393349032983 ], [ -99.270861853141412, 16.651354212847433 ], [ -99.270685834237199, 16.651298737870295 ], [ -99.270593613982797, 16.651258624157887 ], [ -99.270339271848499, 16.651126901708746 ], [ -99.270244628514504, 16.651070239741177 ], [ -99.270057301703815, 16.650937539762438 ], [ -99.269884335463345, 16.650804630242455 ], [ -99.269570871356265, 16.650558073237491 ], [ -99.269264488227179, 16.650317084734308 ], [ -99.269095794684091, 16.650183482530078 ], [ -99.268928403631008, 16.650047552166267 ], [ -99.268857966937659, 16.64998696823627 ], [ -99.268696653427881, 16.649840173599003 ], [ -99.268648574048882, 16.649792908423343 ], [ -99.268585517003714, 16.649719132308089 ], [ -99.268543514891221, 16.649661003035519 ], [ -99.268410562215166, 16.649463509168047 ], [ -99.268374653279082, 16.649405905885903 ], [ -99.268340030769266, 16.649334584489061 ], [ -99.268326478964084, 16.64929030006628 ], [ -99.268297859725877, 16.649154960823658 ], [ -99.268290385149811, 16.649099812334132 ], [ -99.268284123013217, 16.648977791961752 ], [ -99.268282651678561, 16.648858625632922 ], [ -99.268282047592194, 16.648424536460801 ], [ -99.268282594640795, 16.648305939563567 ], [ -99.268285751607976, 16.648186576558818 ], [ -99.268289714510459, 16.648134654878714 ], [ -99.268305051078769, 16.648011716709075 ], [ -99.268312355858072, 16.647973316468569 ], [ -99.268331108264533, 16.647917053516117 ], [ -99.268350592632544, 16.647875078108974 ], [ -99.268422767220613, 16.647735455813756 ], [ -99.268445577580735, 16.647695611740904 ], [ -99.268479851392698, 16.647649295041489 ], [ -99.26850600362296, 16.647622972400285 ], [ -99.268593773519825, 16.647546450088537 ], [ -99.268632105289754, 16.6475165522514 ], [ -99.268723216991958, 16.647453551321437 ], [ -99.268815044757773, 16.647393447801864 ], [ -99.269152462200637, 16.64717596533529 ], [ -99.269243222056147, 16.647116206242504 ], [ -99.269329351037243, 16.647054813250538 ], [ -99.269361632623443, 16.647026868098198 ], [ -99.26942615105007, 16.646957850388642 ], [ -99.269441270763792, 16.646935088656885 ], [ -99.269447311027804, 16.646897884963476 ], [ -99.269446842241749, 16.646895690348654 ], [ -99.269754243151183, 16.646603017070877 ], [ -99.27257661349023, 16.648338274362381 ], [ -99.274096852096562, 16.649140854792186 ], [ -99.276918768565849, 16.648712214345565 ], [ -99.278335278339256, 16.649099049794209 ], [ -99.280380222386924, 16.649593510091766 ], [ -99.283313948704816, 16.649326945024441 ], [ -99.28482441879585, 16.649189683819419 ], [ -99.28571542315504, 16.649305981796243 ], [ -99.286869365943588, 16.649675039629859 ], [ -99.287460020568062, 16.649601899859118 ], [ -99.287671611644456, 16.649573042359528 ], [ -99.287928784954019, 16.649537967900674 ], [ -99.287937352015661, 16.648995540658035 ], [ -99.287354836988456, 16.64823696686511 ], [ -99.28724463698552, 16.648205092342561 ], [ -99.28739572203115, 16.647903580350459 ], [ -99.313098121636116, 16.653895839160963 ], [ -99.336168613633063, 16.658959251537279 ], [ -99.36728322041435, 16.665783641951506 ], [ -99.382878030042292, 16.668919136433846 ], [ -99.395909756825404, 16.671463148112217 ], [ -99.397191074584626, 16.671713234708253 ], [ -99.423459630716891, 16.676406935677431 ], [ -99.43354590189287, 16.678537317655334 ], [ -99.440580350429187, 16.679426084962859 ], [ -99.442081133194364, 16.679655160315541 ], [ -99.451042230845303, 16.681022718890826 ], [ -99.456640561363727, 16.681876875961116 ], [ -99.461927842176493, 16.682317442670406 ] ] ] ] } },
{ "type": "Feature", "properties": { "fid": 12.0, "cat": 12, "value": 5.0, "NOM_ACUIF": "SAN MARCOS", "CLAVE_ACUI": "1231" }, "geometry": { "type": "MultiPolygon", "coordinates": [ [ [ [ -99.27206741488348, 16.682857417923131 ], [ -99.269452358062154, 16.679856149807755 ], [ -99.264879411919509, 16.6746075265998 ], [ -99.25599852973285, 16.63984331259832 ], [ -99.264207932154861, 16.642093854162241 ], [ -99.281873610165135, 16.646606959184599 ], [ -99.282267089498276, 16.646707462931925 ], [ -99.28739572203115, 16.647903580350459 ], [ -99.28724463698552, 16.648205092342561 ], [ -99.287354836988456, 16.64823696686511 ], [ -99.286172810938297, 16.647895071090058 ], [ -99.284972796427965, 16.648068487988631 ], [ -99.283632455400067, 16.648468096376131 ], [ -99.280838058269381, 16.648462858128383 ], [ -99.278849950012571, 16.648357057047637 ], [ -99.278390131509326, 16.648122627813802 ], [ -99.276383325342195, 16.648052989171607 ], [ -99.275239730620356, 16.648343798162855 ], [ -99.274714585741762, 16.648326413756827 ], [ -99.273129018839398, 16.647740890167199 ], [ -99.269298957398263, 16.644735487512097 ], [ -99.267347948808208, 16.644304077560864 ], [ -99.265885370961612, 16.644468681919047 ], [ -99.264263939700569, 16.645040290757091 ], [ -99.263430154594545, 16.645601848134898 ], [ -99.262756020498983, 16.646344005545107 ], [ -99.262270111358902, 16.647592178240121 ], [ -99.262281431547635, 16.649020527068433 ], [ -99.262960521503786, 16.651903513661182 ], [ -99.263113557245305, 16.654100104795241 ], [ -99.263038932738638, 16.654389488019689 ], [ -99.263217350850496, 16.65457006697109 ], [ -99.263135718903484, 16.656595190184817 ], [ -99.263222969470633, 16.658683380487094 ], [ -99.264681173378079, 16.662080662122339 ], [ -99.268354128697268, 16.666550866001213 ], [ -99.269874837184133, 16.667597560462315 ], [ -99.272305239515163, 16.66864304998769 ], [ -99.273177583931599, 16.66876846526414 ], [ -99.274874520680683, 16.668413651532067 ], [ -99.27636497738898, 16.667950616491321 ], [ -99.278006637269385, 16.668291949908834 ], [ -99.278946241007617, 16.669529200693301 ], [ -99.279294714603722, 16.670550278764122 ], [ -99.279582116119997, 16.67068647209096 ], [ -99.27913095388908, 16.671183525970577 ], [ -99.279150168364239, 16.671319291218317 ], [ -99.27914665746593, 16.671435599361992 ], [ -99.279111058698263, 16.671842605441821 ], [ -99.27909370848721, 16.671964805232424 ], [ -99.279048339640838, 16.672128064847229 ], [ -99.279000877186064, 16.672239093070399 ], [ -99.278824754233, 16.672593965078281 ], [ -99.278742820147258, 16.672743659121359 ], [ -99.278536583979616, 16.673087359281997 ], [ -99.278323894440135, 16.673428665310677 ], [ -99.278098387557463, 16.673786881834026 ], [ -99.277537573720707, 16.674677724932124 ], [ -99.277322627739991, 16.675020634681903 ], [ -99.277105872886011, 16.675371822231856 ], [ -99.277011169589443, 16.675530609134562 ], [ -99.276785975653823, 16.675920427119038 ], [ -99.276715230417821, 16.676048037125391 ], [ -99.276610280332761, 16.676253732620395 ], [ -99.276531096840017, 16.676419973315618 ], [ -99.276266523154959, 16.676990067554438 ], [ -99.276190664931747, 16.677157905410532 ], [ -99.276101234395313, 16.677371054685793 ], [ -99.276049334758682, 16.677507715806957 ], [ -99.275896566707928, 16.677932318381902 ], [ -99.275836228551327, 16.678107610166816 ], [ -99.27570741862651, 16.678501035941402 ], [ -99.275583742283288, 16.678887780924669 ], [ -99.275452501520491, 16.679300922600646 ], [ -99.275135392350421, 16.680299164478701 ], [ -99.275012541716251, 16.680683848622039 ], [ -99.274887592296153, 16.681067658333337 ], [ -99.274831944088092, 16.681231273831706 ], [ -99.274697201850032, 16.681611003105832 ], [ -99.274653855809902, 16.681726372388006 ], [ -99.274586316777288, 16.681885033140418 ], [ -99.274533178476915, 16.681996322072266 ], [ -99.274352738435283, 16.682357009585395 ], [ -99.274300137828021, 16.682457085639911 ], [ -99.274235108731517, 16.682563419799081 ], [ -99.274194810657136, 16.682615249691107 ], [ -99.274071782011418, 16.68275078832994 ], [ -99.274021691689171, 16.682798537841077 ], [ -99.273910965541646, 16.682885830262649 ], [ -99.273802875600396, 16.682962784173718 ], [ -99.273409181404261, 16.683234609590507 ], [ -99.273297874881379, 16.683303673251626 ], [ -99.273172139275829, 16.683354145322927 ], [ -99.273103823571347, 16.683357184651932 ], [ -99.273060545567887, 16.683349050362221 ], [ -99.27206741488348, 16.682857417923131 ] ] ] ] } },
{ "type": "Feature", "properties": { "fid": 9.0, "cat": 10, "value": 5.0, "NOM_ACUIF": "SAN MARCOS", "CLAVE_ACUI": "1231" }, "geometry": { "type": "MultiPolygon", "coordinates": [ [ [ [ -99.377371499098942, 16.693462092149961 ], [ -99.376690436813178, 16.693000326230017 ], [ -99.376299173628368, 16.692735044472979 ], [ -99.374826728071341, 16.692782917358812 ], [ -99.373955834135089, 16.693489624700575 ], [ -99.37306475423739, 16.693464112564257 ], [ -99.372588892937927, 16.693300274574622 ], [ -99.370296034172341, 16.692510828971407 ], [ -99.369508303790525, 16.692575518036346 ], [ -99.367397017456483, 16.69207302810339 ], [ -99.366132326928422, 16.692861763166533 ], [ -99.365128768396545, 16.69287257638608 ], [ -99.364480368719313, 16.692222827854117 ], [ -99.364385548917895, 16.691680585188749 ], [ -99.364469155909248, 16.691255550404545 ], [ -99.364947864538593, 16.690123508955722 ], [ -99.365020053614359, 16.689952796314373 ], [ -99.365140350778859, 16.689093768729936 ], [ -99.365044792970153, 16.688162800491664 ], [ -99.364415852885628, 16.687874623425689 ], [ -99.363553278109734, 16.688029822940464 ], [ -99.363281113697212, 16.688017567296921 ], [ -99.362587158036433, 16.687986316641393 ], [ -99.361967328789859, 16.687553473432722 ], [ -99.361713331839212, 16.687147109900948 ], [ -99.361740550479894, 16.686658893307637 ], [ -99.362779461382885, 16.685518014250651 ], [ -99.365368746730383, 16.685893147756488 ], [ -99.368418178450881, 16.68656575565209 ], [ -99.368778888997284, 16.686629368912129 ], [ -99.372884076997593, 16.687353293623044 ], [ -99.373737753348721, 16.687451195859133 ], [ -99.37616801231691, 16.688016323640422 ], [ -99.376327207053137, 16.687889472132024 ], [ -99.377710686150792, 16.688282003382572 ], [ -99.379208168837621, 16.688706868287884 ], [ -99.379111937336816, 16.689087348688847 ], [ -99.379175684636223, 16.689142173263697 ], [ -99.379299220309051, 16.689299745430127 ], [ -99.379326233889927, 16.689360688180635 ], [ -99.379328761474071, 16.689487515564277 ], [ -99.379305358689294, 16.689607754791094 ], [ -99.379193617812248, 16.690042043758893 ], [ -99.379158932223973, 16.690159443431224 ], [ -99.379108807281312, 16.690273019634933 ], [ -99.379071885828864, 16.690317871682065 ], [ -99.378949710621058, 16.690413604996195 ], [ -99.378896870699805, 16.690439087620771 ], [ -99.378772459663395, 16.690462273219044 ], [ -99.378647569534905, 16.690469912825115 ], [ -99.378302266173009, 16.690479302598721 ], [ -99.379710218168128, 16.691219109397153 ], [ -99.377738561038569, 16.690183100031355 ], [ -99.375647028485886, 16.690186906560172 ], [ -99.373441840445821, 16.689621367305943 ], [ -99.371817849530515, 16.688892038268591 ], [ -99.370006465085282, 16.6882534328488 ], [ -99.370128931230767, 16.688533458830591 ], [ -99.371406744405746, 16.689706390451676 ], [ -99.376358029054714, 16.691198970097929 ], [ -99.377994763747139, 16.691692337312773 ], [ -99.378154600320926, 16.691890928600266 ], [ -99.378209025587182, 16.692502686087568 ], [ -99.37812454080813, 16.692529028827369 ], [ -99.378028961762766, 16.692566004705558 ], [ -99.377920516358458, 16.69263329676232 ], [ -99.377861173398571, 16.692692452416665 ], [ -99.377692684815671, 16.692901220032727 ], [ -99.377628240214435, 16.692995444664163 ], [ -99.377495987355545, 16.693226392025579 ], [ -99.377372041476633, 16.693461065239294 ], [ -99.377371499098942, 16.693462092149961 ] ] ] ] } },
{ "type": "Feature", "properties": { "fid": 9.0, "cat": 10, "value": 5.0, "NOM_ACUIF": "SAN MARCOS", "CLAVE_ACUI": "1231" }, "geometry": { "type": "MultiPolygon", "coordinates": [ [ [ [ -99.375320306034226, 16.695783352331134 ], [ -99.374570592638548, 16.696110156202405 ], [ -99.373369665570607, 16.695922483600921 ], [ -99.373068438450105, 16.695362537638047 ], [ -99.373159476775058, 16.695070328663636 ], [ -99.373310791111365, 16.694584647617585 ], [ -99.374802009639779, 16.694536751263886 ], [ -99.37559019976743, 16.694599885539109 ], [ -99.376678167372575, 16.69468702707448 ], [ -99.376768142338037, 16.694644635576704 ], [ -99.376696336950275, 16.69480091124203 ], [ -99.376692162843185, 16.694812811110982 ], [ -99.376662168235498, 16.694898322025455 ], [ -99.376610035233952, 16.695119334727561 ], [ -99.376605902188686, 16.695184300629634 ], [ -99.376638747732699, 16.695266462142659 ], [ -99.376689803009342, 16.695318869819566 ], [ -99.376845110923085, 16.695441662586902 ], [ -99.376895215615463, 16.695481277339713 ], [ -99.376942634670883, 16.695510531504592 ], [ -99.376953146329527, 16.695517016443269 ], [ -99.375320306034226, 16.695783352331134 ] ] ] ] } },
{ "type": "Feature", "properties": { "fid": 7.0, "cat": 9, "value": 4.0, "NOM_ACUIF": "SAN MARCOS", "CLAVE_ACUI": "1231" }, "geometry": { "type": "MultiPolygon", "coordinates": [ [ [ [ -99.380021819561065, 16.692276234717781 ], [ -99.382884679780673, 16.693382895655521 ], [ -99.383016565189195, 16.693671936178131 ], [ -99.382699303417297, 16.69410923810911 ], [ -99.382090554568606, 16.69494830822363 ], [ -99.380308523854239, 16.694969671387252 ], [ -99.377994553797024, 16.69534714326819 ], [ -99.376953146329527, 16.695517016443269 ], [ -99.376942634670883, 16.695510531504592 ], [ -99.376895215615463, 16.695481277339713 ], [ -99.376845110923085, 16.695441662586902 ], [ -99.376689803009342, 16.695318869819566 ], [ -99.376638747732699, 16.695266462142659 ], [ -99.376605902188686, 16.695184300629634 ], [ -99.376610035233952, 16.695119334727561 ], [ -99.376662168235498, 16.694898322025455 ], [ -99.376692162843185, 16.694812811110982 ], [ -99.376696336950275, 16.69480091124203 ], [ -99.376768142338037, 16.694644635576704 ], [ -99.377718309241857, 16.69419696311888 ], [ -99.377492903465182, 16.693630823965822 ], [ -99.377444961634581, 16.693510410656952 ], [ -99.377372041476633, 16.693461065239294 ], [ -99.377495987355545, 16.693226392025579 ], [ -99.377628240214435, 16.692995444664163 ], [ -99.377692684815671, 16.692901220032727 ], [ -99.377861173398571, 16.692692452416665 ], [ -99.377920516358458, 16.69263329676232 ], [ -99.378028961762766, 16.692566004705558 ], [ -99.37812454080813, 16.692529028827369 ], [ -99.378209025587182, 16.692502686087568 ], [ -99.378154600320926, 16.691890928600266 ], [ -99.380021819561065, 16.692276234717781 ] ] ] ] } },
{ "type": "Feature", "properties": { "fid": 11.0, "cat": 11, "value": 5.0, "NOM_ACUIF": "SAN MARCOS", "CLAVE_ACUI": "1231" }, "geometry": { "type": "MultiPolygon", "coordinates": [ [ [ [ -99.379919799770775, 16.683593706803155 ], [ -99.379460632333917, 16.683562558723619 ], [ -99.378578478857108, 16.683283928736213 ], [ -99.377657113036008, 16.683091418900506 ], [ -99.376476775913304, 16.682844793109041 ], [ -99.375511033203637, 16.68298214917553 ], [ -99.374330123598313, 16.683400134820275 ], [ -99.374001691886278, 16.683310326734272 ], [ -99.373192945854598, 16.682190806018269 ], [ -99.37106426335518, 16.682339274212666 ], [ -99.37005079060188, 16.682042762484397 ], [ -99.369670377743205, 16.68204344197429 ], [ -99.36887845553791, 16.682044854256731 ], [ -99.367829996334223, 16.683068258127875 ], [ -99.366422325445797, 16.682618745698953 ], [ -99.366186136950049, 16.681715146765679 ], [ -99.366184622823681, 16.680919614622493 ], [ -99.365257926649036, 16.680255198908675 ], [ -99.364775908779094, 16.679909601820849 ], [ -99.36347973476019, 16.678890341411673 ], [ -99.363134008551981, 16.679568960862767 ], [ -99.364073575683761, 16.680471328358131 ], [ -99.363841469628227, 16.681719279834706 ], [ -99.362782532118672, 16.682173146313879 ], [ -99.361313267127088, 16.682083671029474 ], [ -99.360906572673585, 16.682058902295406 ], [ -99.358448934394602, 16.681837166889981 ], [ -99.356448980362558, 16.680602115070322 ], [ -99.356065488967559, 16.68014173737599 ], [ -99.355509030050811, 16.67947370855476 ], [ -99.355504019802154, 16.67676166310974 ], [ -99.354684347239527, 16.674729027199515 ], [ -99.354005219361014, 16.673842019198688 ], [ -99.353039191571511, 16.67258027326816 ], [ -99.351631432210453, 16.672022175762145 ], [ -99.350102159007818, 16.671681238457818 ], [ -99.349990442420648, 16.672133436716322 ], [ -99.351043077734857, 16.673379201796315 ], [ -99.351870216957934, 16.67439029945621 ], [ -99.352217628566649, 16.674615713695772 ], [ -99.352921219250959, 16.674732038583706 ], [ -99.353626870331397, 16.675969340373161 ], [ -99.353750035770616, 16.676647143802104 ], [ -99.353159194420144, 16.676648152055506 ], [ -99.352812822108618, 16.676992269319015 ], [ -99.353049555515383, 16.678230370949056 ], [ -99.353866948931483, 16.679024511892376 ], [ -99.353990316966488, 16.679810796741766 ], [ -99.353287968572417, 16.68038152746011 ], [ -99.352228184867059, 16.680383332742934 ], [ -99.351289695883665, 16.680041399972023 ], [ -99.349647832609563, 16.679709691808643 ], [ -99.348476114906674, 16.680046153601374 ], [ -99.34812992434847, 16.680498745073052 ], [ -99.347664064086075, 16.682199082244555 ], [ -99.347430820769816, 16.682877487443459 ], [ -99.346492946334465, 16.682879059017051 ], [ -99.345085112890857, 16.682311878480874 ], [ -99.344239141697699, 16.682076049022065 ], [ -99.343086446072832, 16.681754708157637 ], [ -99.341096752446603, 16.680962458617064 ], [ -99.339925218872182, 16.681416394532242 ], [ -99.338753090714249, 16.681535837816966 ], [ -99.337110236373874, 16.680634499638302 ], [ -99.33417333844514, 16.679843722606645 ], [ -99.330185101907588, 16.678494089929828 ], [ -99.329369555121232, 16.678721393544716 ], [ -99.329249954142213, 16.680077613695502 ], [ -99.328547329061863, 16.68053073958442 ], [ -99.327373275328654, 16.67952009646152 ], [ -99.325383483322369, 16.678619212035741 ], [ -99.320925275323802, 16.67659212163467 ], [ -99.319297109800772, 16.67606978217637 ], [ -99.318457422891612, 16.675800392106225 ], [ -99.317051403409025, 16.676254559590856 ], [ -99.313653648959999, 16.674569212404311 ], [ -99.315426419435965, 16.675448549126717 ], [ -99.315188727270822, 16.675220167070506 ], [ -99.315112832764555, 16.675145874339606 ], [ -99.315040575859896, 16.67507005059484 ], [ -99.31501324617507, 16.675036023712011 ], [ -99.314957964545059, 16.674953055343245 ], [ -99.314944679147786, 16.67492612587694 ], [ -99.314937962229891, 16.674883423412528 ], [ -99.314941652025936, 16.67484934935894 ], [ -99.314965587973404, 16.674733039571418 ], [ -99.314975924778921, 16.674698955410761 ], [ -99.315000227267547, 16.674656205782323 ], [ -99.315024608300149, 16.674629219043311 ], [ -99.315114083923191, 16.674546030534998 ], [ -99.31515544007371, 16.674511899180011 ], [ -99.315258959816788, 16.674435808023926 ], [ -99.315365488955464, 16.674361237688437 ], [ -99.315759104563512, 16.674089333529597 ], [ -99.315871685886663, 16.674014181667971 ], [ -99.316003450399819, 16.673935377535972 ], [ -99.316079104145359, 16.673897952094176 ], [ -99.316300390374948, 16.673802104072845 ], [ -99.316387314266791, 16.673769110549795 ], [ -99.31657167293244, 16.673710988839993 ], [ -99.316748118508656, 16.673660951253101 ], [ -99.317387171873818, 16.673485563136168 ], [ -99.317585215272189, 16.673432822211403 ], [ -99.317870365028782, 16.673362086962872 ], [ -99.318079678428106, 16.673313777513737 ], [ -99.318771323966757, 16.673159067511008 ], [ -99.319070158189973, 16.673093712210907 ], [ -99.31977307236734, 16.672943430767074 ], [ -99.32047840046711, 16.672794096627236 ], [ -99.323067008837853, 16.672247467356978 ], [ -99.323775296890489, 16.672096858950621 ], [ -99.324492041309838, 16.671940666995056 ], [ -99.324807674625887, 16.671868145674203 ], [ -99.32556388551555, 16.671685904631197 ], [ -99.325803835814753, 16.671624534811517 ], [ -99.326167393641654, 16.671520384641294 ], [ -99.326446811579643, 16.671432968420632 ], [ -99.327387202529707, 16.671129174046609 ], [ -99.32765885916973, 16.671038565020623 ], [ -99.327986200801405, 16.67091951952775 ], [ -99.328182175146239, 16.670840063707843 ], [ -99.328769379760118, 16.670588314687443 ], [ -99.329004820935012, 16.670482811947856 ], [ -99.329516341964421, 16.670242215091417 ], [ -99.330011644283658, 16.670004007268073 ], [ -99.331811524839608, 16.669132959012291 ], [ -99.332303736949044, 16.668895665996455 ], [ -99.33280085551084, 16.668659355489787 ], [ -99.333018813625216, 16.668559062855149 ], [ -99.333538832910008, 16.66832734099907 ], [ -99.333702929909322, 16.668257389120285 ], [ -99.333948697243727, 16.668162669482218 ], [ -99.334135696429115, 16.668097307559538 ], [ -99.33476259125851, 16.667887003927653 ], [ -99.334942956123726, 16.667829126711371 ], [ -99.335157764766493, 16.667769337672286 ], [ -99.335284269453439, 16.667741802042478 ], [ -99.335659815929375, 16.667673091199187 ], [ -99.335809222938948, 16.667650145357122 ], [ -99.336130909261257, 16.6676117757128 ], [ -99.336441054077781, 16.667579907475297 ], [ -99.337566709460816, 16.667469555281066 ], [ -99.337877097175479, 16.667441116770505 ], [ -99.338199918598278, 16.66741875930957 ], [ -99.338350704423931, 16.667415258890845 ], [ -99.338731550245029, 16.667421280943685 ], [ -99.338860569532144, 16.667429205762119 ], [ -99.339081813751932, 16.667460166476207 ], [ -99.339268857685468, 16.66749647117307 ], [ -99.339920485660727, 16.667634931266353 ], [ -99.340115299547293, 16.667679764971524 ], [ -99.340372802608471, 16.667750529894658 ], [ -99.34054585024748, 16.667806788969397 ], [ -99.341095903373571, 16.667998565690869 ], [ -99.341326976516925, 16.668083203662992 ], [ -99.341855264739792, 16.668286404212985 ], [ -99.342378889820822, 16.668492051817946 ], [ -99.34429419360535, 16.669248529972673 ], [ -99.34481924976221, 16.66945508419554 ], [ -99.34535419977, 16.669662535845266 ], [ -99.345593357156901, 16.669752342035416 ], [ -99.34617447502751, 16.669963985787149 ], [ -99.346362261272205, 16.670029673093108 ], [ -99.346657478623655, 16.670124570849943 ], [ -99.346891431486327, 16.670194451687454 ], [ -99.347687995116075, 16.670425662880682 ], [ -99.347920833170022, 16.670491273154326 ], [ -99.348210846130399, 16.670566244872948 ], [ -99.348392312238701, 16.670607737143282 ], [ -99.348949141383727, 16.670726395351718 ], [ -99.349176774272181, 16.670772080432315 ], [ -99.349682231827501, 16.670866619429042 ], [ -99.350176681443756, 16.670955989261557 ], [ -99.351978658622272, 16.671278500647507 ], [ -99.352472873703789, 16.671368322992844 ], [ -99.352977230387495, 16.671464991390874 ], [ -99.353203524574312, 16.671513267555039 ], [ -99.353755207566621, 16.671641887773546 ], [ -99.353934231466312, 16.671688108206251 ], [ -99.354217993060416, 16.671775184002421 ], [ -99.354444342948511, 16.671853357483599 ], [ -99.355216882003035, 16.67213108972625 ], [ -99.355443244526043, 16.672215668958113 ], [ -99.355727062795339, 16.672332641336084 ], [ -99.355906154905753, 16.672415165580695 ], [ -99.356458100532876, 16.672683305670208 ], [ -99.356684519630605, 16.672797782194969 ], [ -99.357189196376055, 16.673063866035747 ], [ -99.357683744977663, 16.673329508467663 ], [ -99.359486971809318, 16.674303080276612 ], [ -99.359985327958356, 16.674570312181956 ], [ -99.360507753106177, 16.67484383157641 ], [ -99.36075571770192, 16.674967342452153 ], [ -99.361390460972046, 16.675270206756437 ], [ -99.36160883826112, 16.675369208512187 ], [ -99.361993188191065, 16.675528353169323 ], [ -99.362323882409669, 16.675656700666551 ], [ -99.363482774933843, 16.676096507427673 ], [ -99.363831198527222, 16.676225889177466 ], [ -99.364298280097984, 16.676389867275802 ], [ -99.364617115789741, 16.676494740035725 ], [ -99.365637935680709, 16.676820165698853 ], [ -99.366069090403343, 16.676954380694358 ], [ -99.367060325673222, 16.677255291856419 ], [ -99.368045223335116, 16.677550946685031 ], [ -99.368637974806106, 16.677728330544515 ], [ -99.369416796707526, 16.677961393817714 ], [ -99.371650199129206, 16.67862972232621 ], [ -99.372632854736835, 16.678925130249453 ], [ -99.373613583113666, 16.679224960711121 ], [ -99.37403196603465, 16.679357885310871 ], [ -99.375003691400707, 16.67967836969644 ], [ -99.375299228856107, 16.679780903519628 ], [ -99.375706676767294, 16.679938912626568 ], [ -99.375993207801457, 16.68006210611923 ], [ -99.376922906721774, 16.680478997880527 ], [ -99.377181184621463, 16.680600105492612 ], [ -99.377456780418242, 16.680748384952523 ], [ -99.377592210635555, 16.680839105342759 ], [ -99.377948622880908, 16.681114187543724 ], [ -99.378075046581031, 16.681225568374863 ], [ -99.378308611348402, 16.681470263604599 ], [ -99.378515851915324, 16.681708447266661 ], [ -99.379249413463427, 16.68257527426017 ], [ -99.379447273606274, 16.682810728303604 ], [ -99.379637055639336, 16.68304268843567 ], [ -99.379710312335519, 16.683138606159105 ], [ -99.379862394814126, 16.683354262109383 ], [ -99.379900872126896, 16.683416785516204 ], [ -99.379928350246033, 16.683492905536387 ], [ -99.379929127368186, 16.683539125022183 ], [ -99.379919799770775, 16.683593706803155 ] ] ] ] } },
{ "type": "Feature", "properties": { "fid": 14.0, "cat": 14, "value": 5.0, "NOM_ACUIF": "SAN MARCOS", "CLAVE_ACUI": "1231" }, "geometry": { "type": "MultiPolygon", "coordinates": [ [ [ [ -99.306721419261848, 16.667681902106093 ], [ -99.306875088472552, 16.668346621846005 ], [ -99.306957498746286, 16.668703098092788 ], [ -99.306892268624381, 16.668892708426071 ], [ -99.30672412652703, 16.669381460583551 ], [ -99.305828561546818, 16.670113803278678 ], [ -99.305206833521638, 16.670622211979978 ], [ -99.303802602002719, 16.672206315198647 ], [ -99.302039842694839, 16.672434898261937 ], [ -99.300283989538528, 16.671081416547533 ], [ -99.299059321946118, 16.670455745352417 ], [ -99.298519483651631, 16.670179943398995 ], [ -99.295825864916281, 16.668827771800956 ], [ -99.293121873484296, 16.666797561379479 ], [ -99.290816725970899, 16.665833599167694 ], [ -99.290428679989404, 16.665671323335285 ], [ -99.290343396106479, 16.665666510502408 ], [ -99.289771194035438, 16.664082115310578 ], [ -99.289771194035424, 16.664082115310574 ], [ -99.289835664710154, 16.664207634505079 ], [ -99.29183400370826, 16.66476532528208 ], [ -99.293587673190032, 16.66476284856461 ], [ -99.295747666360626, 16.665163291700644 ], [ -99.296636370961693, 16.665328042424683 ], [ -99.299919703838569, 16.666001334514224 ], [ -99.302856072956786, 16.666675081545296 ], [ -99.304028493659388, 16.666781847601499 ], [ -99.305435193592231, 16.66677977909935 ], [ -99.306721419261848, 16.667681902106093 ] ] ] ] } },
{ "type": "Feature", "properties": { "fid": 6.0, "cat": 6, "value": 3.0, "NOM_ACUIF": "SAN MARCOS", "CLAVE_ACUI": "1231" }, "geometry": { "type": "MultiPolygon", "coordinates": [ [ [ [ -99.497650834851314, 16.685775352561585 ], [ -99.496669284558308, 16.712506308447139 ], [ -99.493721784607871, 16.712519466614175 ], [ -99.493562305962584, 16.712559493377597 ], [ -99.492846185168318, 16.712623133751663 ], [ -99.492125665270152, 16.712638121253331 ], [ -99.489479359511265, 16.712644403488802 ], [ -99.488757260076042, 16.71264542540575 ], [ -99.488033769124769, 16.712643931142239 ], [ -99.487722310122976, 16.712640776307726 ], [ -99.48699232578609, 16.712627547981061 ], [ -99.486767469778485, 16.712620984310025 ], [ -99.486448126089698, 16.712603583438 ], [ -99.486216776851762, 16.712585288707587 ], [ -99.485456491016066, 16.712517312765026 ], [ -99.485242308327969, 16.712495773246648 ], [ -99.485003074717739, 16.712463232973747 ], [ -99.48487549509629, 16.71243828651 ], [ -99.484519357274294, 16.712354409743682 ], [ -99.484385284639515, 16.712317732450405 ], [ -99.484115750130314, 16.712230448674891 ], [ -99.483864773613888, 16.712142434670739 ], [ -99.482963086022963, 16.711818984202576 ], [ -99.482714129305748, 16.711731192867738 ], [ -99.482454017233195, 16.711644952679077 ], [ -99.482331385124851, 16.711609543941925 ], [ -99.482019214036768, 16.711530543269479 ], [ -99.481912495934679, 16.711507910717803 ], [ -99.481726649093076, 16.711481293004052 ], [ -99.481567871705764, 16.711465900193577 ], [ -99.481012757511678, 16.711420683984862 ], [ -99.48084623473558, 16.711409579817129 ], [ -99.480624242512818, 16.711402977340619 ], [ -99.480473633524042, 16.711404649420292 ], [ -99.479992783731277, 16.711419054402381 ], [ -99.479790115299252, 16.711427965470314 ], [ -99.479325179041098, 16.711455145517043 ], [ -99.478863652692738, 16.711485062383108 ], [ -99.477174797990159, 16.71159748666512 ], [ -99.476713745132585, 16.711627168840973 ], [ -99.476251021171592, 16.711653269098516 ], [ -99.47605103992646, 16.711660873711686 ], [ -99.475580518124616, 16.711670261626359 ], [ -99.475434809905622, 16.711669554363251 ], [ -99.475225360077943, 16.711656866407548 ], [ -99.475071854279932, 16.711639448009457 ], [ -99.474564943903189, 16.711570849476164 ], [ -99.474421397273645, 16.711548068752876 ], [ -99.47425842321654, 16.711510357925576 ], [ -99.474169149761622, 16.711479266090468 ], [ -99.47391551449364, 16.71137188157234 ], [ -99.473818443692963, 16.711324078650403 ], [ -99.473619081866914, 16.711208382938917 ], [ -99.473431350211584, 16.711090906161992 ], [ -99.472754632665968, 16.710658375632701 ], [ -99.472566902628046, 16.710541126849598 ], [ -99.472367544975484, 16.710426497672906 ], [ -99.47227047821346, 16.710379990600352 ], [ -99.472016857660833, 16.710277586699267 ], [ -99.471927590931628, 16.710248858261718 ], [ -99.471764633285275, 16.710217196235721 ], [ -99.471621103373622, 16.71020069315572 ], [ -99.471114254859785, 16.710155340129088 ], [ -99.470960768574798, 16.710145266051988 ], [ -99.470751347632586, 16.710143607348169 ], [ -99.470605661119563, 16.710151311858581 ], [ -99.470135211539485, 16.710188924426031 ], [ -99.469935261588276, 16.710208853532411 ], [ -99.469472611346575, 16.710264243483923 ], [ -99.46901163215577, 16.710323442175451 ], [ -99.467323043770364, 16.710544305093013 ], [ -99.466862301106246, 16.71060372730042 ], [ -99.466400759459532, 16.710660175712 ], [ -99.466202157138071, 16.710681394798208 ], [ -99.465736887990388, 16.71072396877787 ], [ -99.465593659954607, 16.710734028641127 ], [ -99.465390531735451, 16.710738401201588 ], [ -99.465243576618562, 16.710734587848393 ], [ -99.464760914350421, 16.710712419074905 ], [ -99.464625026574041, 16.710703241417811 ], [ -99.464473545854588, 16.710682581742745 ], [ -99.464393032608001, 16.710662245627478 ], [ -99.464168784927125, 16.710588003348573 ], [ -99.46408454479085, 16.710553794112098 ], [ -99.463915671823599, 16.710468393351626 ], [ -99.46375866495913, 16.710380601426586 ], [ -99.463194840276074, 16.710056305654764 ], [ -99.463036645249176, 16.709967829383089 ], [ -99.462862225429262, 16.70987923676342 ], [ -99.462771249192699, 16.709841152221557 ], [ -99.462521113282776, 16.709752016883726 ], [ -99.462428316186262, 16.709724614237068 ], [ -99.462245398884647, 16.709685870645398 ], [ -99.462076885567299, 16.709657925222139 ], [ -99.461473407667441, 16.709566255859478 ], [ -99.461288279416479, 16.70954048246324 ], [ -99.461027825198542, 16.709511876854968 ], [ -99.460840875977922, 16.709496785094206 ], [ -99.460228900590295, 16.709454961582196 ], [ -99.459966235251045, 16.709439325669976 ], [ -99.45935243901431, 16.709408181586173 ], [ -99.458738252673569, 16.709379324679972 ], [ -99.456485846974147, 16.709275789376967 ], [ -99.455869522742702, 16.709246242207211 ], [ -99.455245747720866, 16.709211904505814 ], [ -99.454970964697637, 16.709192399070393 ], [ -99.454312419041727, 16.709135711272999 ], [ -99.454103372599334, 16.709113568712542 ], [ -99.453786368073878, 16.709066925543016 ], [ -99.453542550962041, 16.709022434937957 ], [ -99.452721742998463, 16.708861453581189 ], [ -99.452484561872012, 16.708811608193002 ], [ -99.452198523916891, 16.708739979494709 ], [ -99.452027079371078, 16.70868749828206 ], [ -99.451513043200805, 16.708514214107005 ], [ -99.451306828597041, 16.708439384419957 ], [ -99.450858529890212, 16.708263463576046 ], [ -99.450424318298914, 16.708086977156317 ], [ -99.448846302066272, 16.707439287819454 ], [ -99.448413757709218, 16.707263479905812 ], [ -99.44797322777184, 16.707090739221496 ], [ -99.447776443110342, 16.707019775354262 ], [ -99.447298644621853, 16.706861351224678 ], [ -99.447144393575385, 16.706815921941494 ], [ -99.446902353461525, 16.706762343258699 ], [ -99.446710832905993, 16.706731231513793 ], [ -99.446059110695401, 16.706639620971302 ], [ -99.445868718211983, 16.706617048407569 ], [ -99.445631941837121, 16.706603321410785 ], [ -99.445484082316028, 16.706606284039299 ], [ -99.445030847481604, 16.706633836199682 ], [ -99.444845718109036, 16.706651115904652 ], [ -99.444435015815571, 16.706704202476612 ], [ -99.44403342743307, 16.706762760213667 ], [ -99.442570048563297, 16.706982937332178 ], [ -99.442170359430889, 16.707041945038949 ], [ -99.441768524392245, 16.70709714298906 ], [ -99.441594163660895, 16.707116990024385 ], [ -99.441182315328675, 16.707154411547638 ], [ -99.44105409364434, 16.707162057955337 ], [ -99.440867574225848, 16.70716032006159 ], [ -99.440729339618841, 16.707150190937057 ], [ -99.440270764321625, 16.707104659064512 ], [ -99.44014027114163, 16.70708810625959 ], [ -99.439989878177698, 16.707056392262597 ], [ -99.439905524269832, 16.707027639398181 ], [ -99.439662265789153, 16.706925173250347 ], [ -99.439567899204718, 16.706878644852349 ], [ -99.439370780278409, 16.706763978536017 ], [ -99.439183548550744, 16.706646697798575 ], [ -99.438506921105144, 16.706214052726157 ], [ -99.438317077668074, 16.706096319083588 ], [ -99.438107767394868, 16.705979541756491 ], [ -99.437998596006764, 16.705930450749701 ], [ -99.437698439857186, 16.705818136574592 ], [ -99.437587088339512, 16.705784711042448 ], [ -99.437367603922951, 16.70574103952816 ], [ -99.437165406289992, 16.705712077065265 ], [ -99.436441302076005, 16.705620589012696 ], [ -99.436219170410567, 16.705595938888141 ], [ -99.435906659844761, 16.705572394287927 ], [ -99.43568234781398, 16.70556340926607 ], [ -99.43494806890881, 16.70554502246728 ], [ -99.434632910709226, 16.705540498541072 ], [ -99.433896451276766, 16.705537773676497 ], [ -99.433159524510145, 16.705538403115703 ], [ -99.430456991756728, 16.705544045516792 ], [ -99.42971971336739, 16.705546837171102 ], [ -99.428981614196587, 16.705554242330578 ], [ -99.428664465240942, 16.705562031296278 ], [ -99.427922535850541, 16.705590974629082 ], [ -99.427694593825038, 16.705604450430506 ], [ -99.427372793862517, 16.705638395481426 ], [ -99.427141021611135, 16.705673412603591 ], [ -99.426381217147735, 16.705802879410509 ], [ -99.426167739546116, 16.705843730645537 ], [ -99.425931315769347, 16.705904904454634 ], [ -99.42580704514755, 16.705951444498673 ], [ -99.425463539105664, 16.706107457383897 ], [ -99.425335437905716, 16.706175539046484 ], [ -99.425081138430699, 16.706337240741302 ], [ -99.424845954402826, 16.706500161344209 ], [ -99.424002725462373, 16.707098753946457 ], [ -99.423772056815238, 16.707264409874963 ], [ -99.42353883502507, 16.707438880152214 ], [ -99.42343632995069, 16.70752246764809 ], [ -99.423191194651082, 16.707738072335687 ], [ -99.423113600356032, 16.707812888308744 ], [ -99.422996629181995, 16.707946424961335 ], [ -99.422907121759991, 16.708062375626916 ], [ -99.422606390961178, 16.7084699418618 ], [ -99.422519668377973, 16.708592827389417 ], [ -99.422415694449356, 16.708758727176793 ], [ -99.422353882880884, 16.708872841360073 ], [ -99.422169402511329, 16.709239474360835 ], [ -99.422095677429198, 16.709394723189273 ], [ -99.421936107482196, 16.709752584745232 ], [ -99.421781875121724, 16.710108566635949 ], [ -99.42122168989809, 16.711411953061621 ], [ -99.421066509211215, 16.711769766867477 ], [ -99.420902522032975, 16.712136179040094 ], [ -99.420823435688874, 16.712301811268105 ], [ -99.420618353115344, 16.712708349449859 ], [ -99.420546766590917, 16.712841398341531 ], [ -99.42041777906222, 16.713055755061212 ], [ -99.42030509760059, 16.71322893002467 ], [ -99.419908237006354, 16.713822722732658 ], [ -99.419788355825219, 16.713997513747845 ], [ -99.41962577215574, 16.714219412818139 ], [ -99.419513390995021, 16.714361620481803 ], [ -99.41915152846866, 16.7148033568775 ], [ -99.418998051299553, 16.714985690178708 ], [ -99.418643687128935, 16.715394842537208 ], [ -99.418290928763767, 16.715797012202714 ], [ -99.416999076196035, 16.717264647216979 ], [ -99.416643460656388, 16.717666362274411 ], [ -99.416275785043467, 16.718073401900728 ], [ -99.41610615069861, 16.718253172413686 ], [ -99.415682199155682, 16.718685061720489 ], [ -99.415540359031937, 16.718822597684944 ], [ -99.41530239083761, 16.719032543230021 ], [ -99.415104276284765, 16.719194929396036 ], [ -99.414417707825422, 16.719742784771771 ], [ -99.414213489253925, 16.719901445034566 ], [ -99.41394703977663, 16.720094005364196 ], [ -99.413770616342589, 16.720210431328699 ], [ -99.413213755539317, 16.720561191479604 ], [ -99.412981056596593, 16.720702466721576 ], [ -99.412451989203532, 16.72101099111892 ], [ -99.411928876473922, 16.721310464131843 ], [ -99.410016738829682, 16.722399470746879 ], [ -99.409492783680278, 16.722697223265762 ], [ -99.408959809611716, 16.72299773810855 ], [ -99.408722374353957, 16.723129293386751 ], [ -99.408563857166868, 16.723215686463625 ], [ -99.40814731708997, 16.72344270304086 ], [ -99.407962261458152, 16.723541408040472 ], [ -99.407673726656967, 16.723688622430224 ], [ -99.407446589651499, 16.723800223631493 ], [ -99.406675150178501, 16.724173813370768 ], [ -99.40645021917166, 16.724281137941354 ], [ -99.4061719822394, 16.724408397691505 ], [ -99.405999432015875, 16.72448287284795 ], [ -99.405472434049599, 16.724703163248531 ], [ -99.405257802019293, 16.724790534008918 ], [ -99.404783184018441, 16.724977973974667 ], [ -99.404319789744932, 16.725158373910482 ], [ -99.402631894555853, 16.725812792718468 ], [ -99.402169915598947, 16.725990668174799 ], [ -99.401701915612023, 16.726166342441129 ], [ -99.401495323767151, 16.726239430914173 ], [ -99.400999228476891, 16.726404836109296 ], [ -99.400841342243012, 16.72645326992021 ], [ -99.400600635546624, 16.726513889721193 ], [ -99.400414655075238, 16.72655205558619 ], [ -99.39978745250896, 16.726669542176804 ], [ -99.399605888641034, 16.726700224149202 ], [ -99.399385793610321, 16.726725921101664 ], [ -99.399252936049407, 16.72673194912354 ], [ -99.398853029151212, 16.726734382611561 ], [ -99.398692077579597, 16.726730142410879 ], [ -99.398340877201676, 16.726707921425977 ], [ -99.398000114016199, 16.726680416989606 ], [ -99.396761086883231, 16.726574279771398 ], [ -99.396420088065099, 16.726547459617027 ], [ -99.396067786684981, 16.726528440279413 ], [ -99.395905497745105, 16.72652809032332 ], [ -99.39550045064945, 16.726545476416959 ], [ -99.395365153946571, 16.726558599875979 ], [ -99.395138816418225, 16.726602456922965 ], [ -99.394950773726706, 16.726651986319283 ], [ -99.394299577962798, 16.72683926537254 ], [ -99.394106016106448, 16.72689948258019 ], [ -99.393853923852106, 16.726993218210428 ], [ -99.393687353912156, 16.727066909085945 ], [ -99.393162119087577, 16.7273170635954 ], [ -99.392942802069783, 16.727427159592452 ], [ -99.392444557480601, 16.727690786483254 ], [ -99.391952095552313, 16.727957299545501 ], [ -99.39015217400393, 16.728937391652078 ], [ -99.389660893364223, 16.72920412592639 ], [ -99.389168182406024, 16.729468802409656 ], [ -99.388955591212323, 16.729580178189174 ], [ -99.388456209951556, 16.729835255324073 ], [ -99.388301908939354, 16.729911283273772 ], [ -99.38808121948631, 16.730011003816568 ], [ -99.387920249860187, 16.730077433776419 ], [ -99.387389747144724, 16.730287719038667 ], [ -99.387239839117328, 16.730344517490678 ], [ -99.387070771699811, 16.730399292403316 ], [ -99.386979154904111, 16.730420743883432 ], [ -99.386720677256847, 16.730466075766035 ], [ -99.386622392117289, 16.730477929335116 ], [ -99.386422205843076, 16.730487914185648 ], [ -99.386234510594832, 16.7304903245834 ], [ -99.385558785690407, 16.730491587031199 ], [ -99.385371320514238, 16.730490335171496 ], [ -99.385172207971749, 16.730483231937093 ], [ -99.385075226666558, 16.730474336424873 ], [ -99.384821759829592, 16.730439927195594 ], [ -99.384732520609106, 16.73042354246579 ], [ -99.384569537741072, 16.730381489733645 ], [ -99.384425944334623, 16.730337799078708 ], [ -99.383918825102086, 16.730175961398672 ], [ -99.383765243703294, 16.73012481420945 ], [ -99.383555649336373, 16.730047965643074 ], [ -99.383409810217444, 16.729989329175407 ], [ -99.382938822504926, 16.729792540357796 ], [ -99.382738629939752, 16.729706597175845 ], [ -99.382275385694456, 16.729502317831901 ], [ -99.381813801443855, 16.729296432650717 ], [ -99.38012299321737, 16.728539906525018 ], [ -99.379659276839902, 16.728334249162355 ], [ -99.379186067949405, 16.728131048858369 ], [ -99.378973770952143, 16.728046420788782 ], [ -99.378456260538286, 16.727854689972244 ], [ -99.378288345699588, 16.727798454683821 ], [ -99.378022253034345, 16.7277277547457 ], [ -99.377810035493013, 16.727682990053314 ], [ -99.377085780118264, 16.72754478674873 ], [ -99.376873579761252, 16.727508563499455 ], [ -99.376607566249575, 16.727477726320661 ], [ -99.376439747249094, 16.727469896528021 ], [ -99.37592260537923, 16.727464194097212 ], [ -99.375710483386314, 16.727467834253172 ], [ -99.375237722538884, 16.727490524209344 ], [ -99.374774471766202, 16.727519297580777 ], [ -99.373085394382102, 16.727630875651858 ], [ -99.372624043836396, 16.72766032722749 ], [ -99.372160153291688, 16.727686197573473 ], [ -99.371958803181542, 16.727693704341831 ], [ -99.371483059926504, 16.727702865547919 ], [ -99.371334884402188, 16.727702089567387 ], [ -99.371119141933633, 16.727689307646322 ], [ -99.370959113954925, 16.727671823724094 ], [ -99.370428059388715, 16.727603013311462 ], [ -99.370276886304779, 16.727580173948496 ], [ -99.37010246630534, 16.727542401410762 ], [ -99.370004467959163, 16.727511280060078 ], [ -99.369721562491364, 16.727403819478546 ], [ -99.369611711949446, 16.727355990183135 ], [ -99.369381981532655, 16.727240247466561 ], [ -99.369163645943672, 16.727122729872978 ], [ -99.368374478914248, 16.726690055427742 ], [ -99.36815851867631, 16.72657230369191 ], [ -99.367939869286687, 16.726455471776358 ], [ -99.367843473072568, 16.726406320933918 ], [ -99.367612273465554, 16.726293782234826 ], [ -99.367538808716205, 16.72626025160702 ], [ -99.367427172694477, 16.726216314166756 ], [ -99.367341157413051, 16.726187077014526 ], [ -99.367051388922675, 16.726094574197813 ], [ -99.36696759817319, 16.726069604162689 ], [ -99.366866343015772, 16.726045580368979 ], [ -99.366805483527131, 16.726036230712769 ], [ -99.366622727743376, 16.726016622709327 ], [ -99.366549317673943, 16.726011566475876 ], [ -99.366389493115548, 16.726007578746728 ], [ -99.366234582383228, 16.726006938147737 ], [ -99.365671490164928, 16.726007935558318 ], [ -99.365513975695038, 16.726011646527105 ], [ -99.365342000390839, 16.726027967816044 ], [ -99.365253835846161, 16.726047573044575 ], [ -99.365014376510899, 16.726122742742103 ], [ -99.364926611730979, 16.726158364230763 ], [ -99.364756502111106, 16.726249428229984 ], [ -99.364601253045365, 16.726343898102684 ], [ -99.364046865885967, 16.726693692706721 ], [ -99.363877240786024, 16.726804204481706 ], [ -99.363640045133295, 16.726970132218497 ], [ -99.363470819277524, 16.727096660068209 ], [ -99.362918293028955, 16.727521194913454 ], [ -99.36268158095524, 16.727706570062104 ], [ -99.362129450805782, 16.728147119245392 ], [ -99.361577403733349, 16.728591099070872 ], [ -99.35955329477612, 16.730222444826023 ], [ -99.358999101139091, 16.730667794514478 ], [ -99.358436992508757, 16.731114758188614 ], [ -99.358188175584615, 16.731307929022886 ], [ -99.35758913843371, 16.731762429118078 ], [ -99.357397846691683, 16.731903176862758 ], [ -99.357104190400023, 16.732105500361165 ], [ -99.356875973091519, 16.732253786122875 ], [ -99.356104613243232, 16.732743461377218 ], [ -99.355880809222413, 16.732882128182457 ], [ -99.355607752444072, 16.733039566187749 ], [ -99.355441475501806, 16.733125810909129 ], [ -99.354938572699623, 16.733370847753587 ], [ -99.354735369972587, 16.733464630024567 ], [ -99.354289993620938, 16.733657243935177 ], [ -99.353856943879393, 16.733838623799805 ], [ -99.352281415344308, 16.734492442633638 ], [ -99.351850493067786, 16.734670611290067 ], [ -99.351415057125422, 16.734848252835377 ], [ -99.351223928618509, 16.73492385842075 ], [ -99.350767431510917, 16.735099042885651 ], [ -99.350623174472844, 16.735152144342695 ], [ -99.350406472484238, 16.735224767145752 ], [ -99.350241155246025, 16.735275412523524 ], [ -99.349686376299772, 16.735439134057579 ], [ -99.349526589856822, 16.735484430464954 ], [ -99.349335699268224, 16.735532092954788 ], [ -99.349222784912627, 16.735554885870567 ], [ -99.348886741769974, 16.735613590097341 ], [ -99.348752767283599, 16.735633926787884 ], [ -99.348463596216718, 16.735670127202141 ], [ -99.34818446912054, 16.735701505143251 ], [ -99.347171046375436, 16.735811732358297 ], [ -99.346893343222334, 16.735842877350745 ], [ -99.346610818619737, 16.735877996207446 ], [ -99.346484915258202, 16.73589702126149 ], [ -99.346179890798794, 16.735950685952133 ], [ -99.34608169456304, 16.735971088053152 ], [ -99.345928469989673, 16.736012633370667 ], [ -99.345807773953524, 16.736051581703315 ], [ -99.345397750027018, 16.736191794851205 ], [ -99.345278169644899, 16.736235012242616 ], [ -99.345130152102357, 16.736296480679783 ], [ -99.345038278862248, 16.736341075365388 ], [ -99.344757554412269, 16.736487715296512 ], [ -99.344643181078951, 16.736550856044452 ], [ -99.344390163331127, 16.736698872980078 ], [ -99.344143082475725, 16.736847184803214 ], [ -99.343243053340544, 16.737391287552203 ], [ -99.342994546684565, 16.737540058023203 ], [ -99.342734880973111, 16.737690219619125 ], [ -99.342612436871477, 16.737755965902966 ], [ -99.342300696711305, 16.737912620211812 ], [ -99.342194107260426, 16.737961966909925 ], [ -99.342008430208409, 16.738035597373653 ], [ -99.341849766694821, 16.738091436995962 ], [ -99.341295013432287, 16.738278390641511 ], [ -99.341128588297849, 16.738332106929111 ], [ -99.340906691513482, 16.738395830043924 ], [ -99.34075612127144, 16.73843314679776 ], [ -99.34027535666948, 16.73854356800333 ], [ -99.340072712059737, 16.738587376928681 ], [ -99.339607801876426, 16.738681397417913 ], [ -99.339146288776291, 16.738771902774168 ], [ -99.337457467776971, 16.739100232915519 ], [ -99.336994523703794, 16.739188447669683 ], [ -99.336522942437412, 16.739271794061143 ], [ -99.336312199304828, 16.739302646275039 ], [ -99.335800312669051, 16.739363276764404 ], [ -99.335634975878349, 16.739376969496629 ], [ -99.335375291026381, 16.739380238993352 ], [ -99.335169649492457, 16.739371216908506 ], [ -99.334469674035333, 16.739325843102723 ], [ -99.334265125894518, 16.739308275875278 ], [ -99.334010543243309, 16.739271670539249 ], [ -99.33385140190093, 16.739236944497119 ], [ -99.333363325274192, 16.739111494453152 ], [ -99.333163879778851, 16.739054053031857 ], [ -99.332721210775361, 16.738911443233562 ], [ -99.332288272429921, 16.738765155753949 ], [ -99.33071056737262, 16.738225083798401 ], [ -99.330279530629667, 16.738078102552024 ], [ -99.329845726003114, 16.737932268895982 ], [ -99.329657041402143, 16.737870916975965 ], [ -99.329210317886819, 16.737730441638636 ], [ -99.329070797387004, 16.737688587282118 ], [ -99.328866424917891, 16.737633742759822 ], [ -99.328713984744752, 16.737597247783334 ], [ -99.32820697002758, 16.737481781776303 ], [ -99.328062296605481, 16.737450613014857 ], [ -99.327894168359308, 16.737420625481274 ], [ -99.327798658543358, 16.737408954958255 ], [ -99.327521074323471, 16.737384479907444 ], [ -99.327412644706953, 16.737378168745526 ], [ -99.327184224015312, 16.737373191781163 ], [ -99.326966338350715, 16.73737239284706 ], [ -99.326177959229099, 16.737373639778241 ], [ -99.3259615022628, 16.737375125689947 ], [ -99.325739748905121, 16.737380814696497 ], [ -99.325639415360271, 16.737387456088495 ], [ -99.325392945476523, 16.737412760211097 ], [ -99.325312199103507, 16.737424709623379 ], [ -99.325181852596614, 16.737455169553179 ], [ -99.325076389652835, 16.737486734307669 ], [ -99.32471457550723, 16.737603576234015 ], [ -99.324608013243477, 16.737640481528228 ], [ -99.324472537050752, 16.737695864635949 ], [ -99.324385561898993, 16.737738078082586 ], [ -99.324115153853072, 16.737879690900538 ], [ -99.324003461828937, 16.737941519496619 ], [ -99.323752640438656, 16.738088440156812 ], [ -99.323506015926156, 16.738236498022193 ], [ -99.32260592003135, 16.738780511903496 ], [ -99.322360124881385, 16.738928567122347 ], [ -99.322113179640255, 16.739075479765017 ], [ -99.322006196140677, 16.739137299948485 ], [ -99.321753885053681, 16.739278881487436 ], [ -99.321675497183477, 16.739321080423665 ], [ -99.321561998397797, 16.739376427400849 ], [ -99.32147824514746, 16.739413295571314 ], [ -99.321200895263374, 16.739529999870172 ], [ -99.321122119873053, 16.739561521104534 ], [ -99.321031851459594, 16.739591916099144 ], [ -99.320981671990509, 16.739603816300608 ], [ -99.320837769541967, 16.739628955542678 ], [ -99.320782224765949, 16.739635524985168 ], [ -99.320666918278945, 16.739641043162884 ], [ -99.320557739503428, 16.739642356795009 ], [ -99.320163545032642, 16.739642968482634 ], [ -99.320056262024778, 16.739641876337632 ], [ -99.319949802472124, 16.739636168396881 ], [ -99.319905000407246, 16.739629106379905 ], [ -99.319802383671117, 16.739601858243496 ], [ -99.319771793849355, 16.739588901227577 ], [ -99.319731658075085, 16.739555683316087 ], [ -99.319704911081246, 16.739521186173469 ], [ -99.319620227611622, 16.739393417401114 ], [ -99.319597349598581, 16.739353041299328 ], [ -99.319575268946892, 16.739292388284795 ], [ -99.31956660316726, 16.739246117224834 ], [ -99.319548243524707, 16.739090838625309 ], [ -99.319543420586754, 16.739023027448916 ], [ -99.319539273171841, 16.738861853893006 ], [ -99.319538171231827, 16.738699417130704 ], [ -99.319537939409571, 16.738560350905843 ], [ -99.319659504007504, 16.737455700513429 ], [ -99.313067451638503, 16.72989576517509 ], [ -99.27206741488348, 16.682857417923131 ], [ -99.273060545567887, 16.683349050362221 ], [ -99.273103823571347, 16.683357184651932 ], [ -99.273172139275829, 16.683354145322927 ], [ -99.273297874881379, 16.683303673251626 ], [ -99.273409181404261, 16.683234609590507 ], [ -99.273802875600396, 16.682962784173718 ], [ -99.273910965541646, 16.682885830262649 ], [ -99.274021691689171, 16.682798537841077 ], [ -99.274071782011418, 16.68275078832994 ], [ -99.274194810657136, 16.682615249691107 ], [ -99.274235108731517, 16.682563419799081 ], [ -99.274300137828021, 16.682457085639911 ], [ -99.274352738435283, 16.682357009585395 ], [ -99.274533178476915, 16.681996322072266 ], [ -99.274586316777288, 16.681885033140418 ], [ -99.274653855809902, 16.681726372388006 ], [ -99.274697201850032, 16.681611003105832 ], [ -99.274831944088092, 16.681231273831706 ], [ -99.274887592296153, 16.681067658333337 ], [ -99.275012541716251, 16.680683848622039 ], [ -99.275135392350421, 16.680299164478701 ], [ -99.275452501520491, 16.679300922600646 ], [ -99.275583742283288, 16.678887780924669 ], [ -99.27570741862651, 16.678501035941402 ], [ -99.275836228551327, 16.678107610166816 ], [ -99.275896566707928, 16.677932318381902 ], [ -99.276049334758682, 16.677507715806957 ], [ -99.276101234395313, 16.677371054685793 ], [ -99.276190664931747, 16.677157905410532 ], [ -99.276266523154959, 16.676990067554438 ], [ -99.276531096840017, 16.676419973315618 ], [ -99.276610280332761, 16.676253732620395 ], [ -99.276715230417821, 16.676048037125391 ], [ -99.276785975653823, 16.675920427119038 ], [ -99.277011169589443, 16.675530609134562 ], [ -99.277105872886011, 16.675371822231856 ], [ -99.277322627739991, 16.675020634681903 ], [ -99.277537573720707, 16.674677724932124 ], [ -99.278098387557463, 16.673786881834026 ], [ -99.278323894440135, 16.673428665310677 ], [ -99.278536583979616, 16.673087359281997 ], [ -99.278742820147258, 16.672743659121359 ], [ -99.278824754233, 16.672593965078281 ], [ -99.279000877186064, 16.672239093070399 ], [ -99.279048339640838, 16.672128064847229 ], [ -99.27909370848721, 16.671964805232424 ], [ -99.279111058698263, 16.671842605441821 ], [ -99.27914665746593, 16.671435599361992 ], [ -99.279150168364239, 16.671319291218317 ], [ -99.27913095388908, 16.671183525970577 ], [ -99.279582116119997, 16.67068647209096 ], [ -99.279998566374204, 16.670883817748361 ], [ -99.281067485452922, 16.670746766824298 ], [ -99.281854500919508, 16.670230403949137 ], [ -99.282567176756942, 16.670184232052694 ], [ -99.28393657818269, 16.670308923361194 ], [ -99.286083229523939, 16.669664113568537 ], [ -99.287385565224653, 16.66883964964121 ], [ -99.28855647474407, 16.667933998522205 ], [ -99.289605975523202, 16.667372039648225 ], [ -99.290309492139542, 16.667479538136586 ], [ -99.291249347715365, 16.668834254896417 ], [ -99.292311819166926, 16.670640805792601 ], [ -99.29255091758327, 16.673696066956811 ], [ -99.292319369540849, 16.675612922706467 ], [ -99.291495956262395, 16.676861634800812 ], [ -99.291853874842445, 16.677873636371245 ], [ -99.292903928508892, 16.677646148340134 ], [ -99.293964393839744, 16.678096657245248 ], [ -99.29537309270107, 16.679342204051057 ], [ -99.298189129932368, 16.680920207335308 ], [ -99.300067857731364, 16.682834019914026 ], [ -99.301823818086262, 16.684187500189019 ], [ -99.303465302147075, 16.684302623555471 ], [ -99.305463715731065, 16.684751695452384 ], [ -99.306169649522559, 16.686332689714082 ], [ -99.306988677374633, 16.688248001179797 ], [ -99.30852018805804, 16.68994528306904 ], [ -99.309366171006275, 16.691101166551682 ], [ -99.309805667026069, 16.690277850555677 ], [ -99.312742263796807, 16.690842966942114 ], [ -99.31391650430372, 16.691971214371669 ], [ -99.314266298740776, 16.693661200758665 ], [ -99.312861065946123, 16.694684872512614 ], [ -99.311427167278779, 16.695392171037859 ], [ -99.311456726291041, 16.696269025812089 ], [ -99.312397784358126, 16.698184128830171 ], [ -99.313225215676766, 16.699430424652242 ], [ -99.314868494225948, 16.700557954154483 ], [ -99.316413956616572, 16.702512411143719 ], [ -99.317096122690629, 16.703375090490063 ], [ -99.319680448892143, 16.706309172342728 ], [ -99.322263155392193, 16.708230722260076 ], [ -99.327893657042324, 16.709686378925511 ], [ -99.331646465232581, 16.710132402114741 ], [ -99.334189082577268, 16.710480874664075 ], [ -99.335635182657711, 16.711373508764094 ], [ -99.336808287502677, 16.711706087131727 ], [ -99.338100569091466, 16.710465475186645 ], [ -99.339037174534468, 16.709668406921693 ], [ -99.339851048108699, 16.70842856810895 ], [ -99.338442248274134, 16.707409339799703 ], [ -99.337035461926391, 16.707529159631935 ], [ -99.336221178018633, 16.708542984157525 ], [ -99.335161047839108, 16.708436223182769 ], [ -99.335861971386635, 16.706961538198112 ], [ -99.337735779707415, 16.705719983155248 ], [ -99.3385598060066, 16.704923100857656 ], [ -99.339967180071355, 16.705146796416859 ], [ -99.341953500958127, 16.703905018705548 ], [ -99.344766216362729, 16.703222336759833 ], [ -99.346764296340609, 16.703327478562223 ], [ -99.347578093386218, 16.702087609997569 ], [ -99.34640441087717, 16.701411566366808 ], [ -99.346635428655063, 16.699485623640513 ], [ -99.347807676586967, 16.699375174122387 ], [ -99.350041441371459, 16.700157901002811 ], [ -99.352265446568225, 16.700723656100255 ], [ -99.354029012844308, 16.70082912734776 ], [ -99.355200211114379, 16.700149107549109 ], [ -99.355666897863912, 16.698909803620538 ], [ -99.355898238592516, 16.697209855261288 ], [ -99.356831147364389, 16.694496199380318 ], [ -99.358348285371477, 16.693255075201158 ], [ -99.358815560099799, 16.692350249079905 ], [ -99.359406871802406, 16.692575227130337 ], [ -99.359642823173914, 16.693361311466003 ], [ -99.360929476571428, 16.69426308759768 ], [ -99.362460226084536, 16.69528195007581 ], [ -99.364570781599937, 16.695386724189174 ], [ -99.366446441867396, 16.695274929115261 ], [ -99.368415788850982, 16.695108709366885 ], [ -99.368574873269424, 16.694918582823355 ], [ -99.369522739553062, 16.695206177230183 ], [ -99.369927529194442, 16.695973866938864 ], [ -99.369806554110738, 16.69647129155992 ], [ -99.36909530065158, 16.697295215412947 ], [ -99.368111170872865, 16.697667614950941 ], [ -99.367529610750879, 16.697650568546724 ], [ -99.366385783831788, 16.697896681431239 ], [ -99.36615226187925, 16.698403343447154 ], [ -99.366724358509046, 16.698375209693282 ], [ -99.367503045463849, 16.698473269621442 ], [ -99.367560013949443, 16.698834774498621 ], [ -99.368535360701443, 16.698769758284463 ], [ -99.370129996965858, 16.698830192555125 ], [ -99.371245703182694, 16.698593149589279 ], [ -99.371779721783383, 16.698275785428695 ], [ -99.372547208600537, 16.697433671023511 ], [ -99.372875278110641, 16.697324598248017 ], [ -99.373307100248155, 16.697513662676283 ], [ -99.373476667808916, 16.69789304286089 ], [ -99.372822052912497, 16.698897679914403 ], [ -99.372898457126212, 16.699602673672381 ], [ -99.373284176955536, 16.700198627676176 ], [ -99.373762604935933, 16.700233924401317 ], [ -99.375578247151239, 16.698187563290531 ], [ -99.376590927782928, 16.698032039977605 ], [ -99.378204406960023, 16.698137578496016 ], [ -99.379133775571972, 16.698542683885833 ], [ -99.381023566624094, 16.700817327214541 ], [ -99.382385423137023, 16.701727868108208 ], [ -99.383183502640463, 16.702133197336465 ], [ -99.383783926337898, 16.702195365122893 ], [ -99.38406509893511, 16.702086361625877 ], [ -99.384806108755768, 16.702094024555578 ], [ -99.385640334388043, 16.701812226793511 ], [ -99.38677388626445, 16.701123060261143 ], [ -99.387486644105365, 16.701076525684616 ], [ -99.389269956276209, 16.701660785985418 ], [ -99.390235909772244, 16.701586644884568 ], [ -99.39153892036407, 16.701213537324421 ], [ -99.39284083534605, 16.700307056163304 ], [ -99.396103574944959, 16.699649945417782 ], [ -99.397124260180902, 16.698834377298279 ], [ -99.397861252107106, 16.696907414471443 ], [ -99.398610833339831, 16.696535326546034 ], [ -99.399567433540327, 16.696488280800367 ], [ -99.400928570832335, 16.697028055222496 ], [ -99.401613321955267, 16.697053847568565 ], [ -99.402466239471451, 16.696762906309118 ], [ -99.404183365860689, 16.697094043543249 ], [ -99.404624215549489, 16.69710222199026 ], [ -99.40549617322857, 16.696946832885764 ], [ -99.406227897583818, 16.697008678362359 ], [ -99.406528438933535, 16.697197930554601 ], [ -99.40667816468553, 16.697034914181433 ], [ -99.408236752886964, 16.697791214604834 ], [ -99.409128008015472, 16.697888895353834 ], [ -99.410739933147113, 16.697261933635989 ], [ -99.412164361243057, 16.69599758135492 ], [ -99.412434380059338, 16.695757904029971 ], [ -99.414252795323918, 16.69521186473386 ], [ -99.417150087471214, 16.694790199064254 ], [ -99.418004601561222, 16.695249520230792 ], [ -99.418775099957131, 16.695889809977338 ], [ -99.419056636617995, 16.695961560842004 ], [ -99.419525443914608, 16.695888289990265 ], [ -99.419872043542298, 16.695688704606724 ], [ -99.420442380807813, 16.694864896784853 ], [ -99.420430589484639, 16.693762027614174 ], [ -99.419781155048426, 16.692723733481976 ], [ -99.419255351253923, 16.692462636172525 ], [ -99.418522047195921, 16.691668590639004 ], [ -99.418434487657208, 16.690222349685559 ], [ -99.418562224369026, 16.689630992285998 ], [ -99.419186601956028, 16.686740383937707 ], [ -99.419109226968786, 16.685664766795842 ], [ -99.418861256746027, 16.685390838196536 ], [ -99.42013714014135, 16.684877921017158 ], [ -99.420767375643479, 16.684625601039151 ], [ -99.421402322197963, 16.684375214513722 ], [ -99.421679154376477, 16.684269840749629 ], [ -99.422336091322038, 16.684028482959558 ], [ -99.422541906875566, 16.683956532825079 ], [ -99.422845443353864, 16.683862124300401 ], [ -99.423073251343851, 16.683799205074777 ], [ -99.423832818011874, 16.68359998914088 ], [ -99.424050120555961, 16.683546166697496 ], [ -99.424304633333008, 16.68349421271289 ], [ -99.424450920549745, 16.68347381528271 ], [ -99.42487908140879, 16.683430580913029 ], [ -99.425047361365912, 16.683419214276785 ], [ -99.425404507072116, 16.683409404505468 ], [ -99.425746435266575, 16.683406756818787 ], [ -99.426984954367711, 16.683404206595064 ], [ -99.427343155883406, 16.683406671058279 ], [ -99.427776244011966, 16.683420726056816 ], [ -99.428036739861767, 16.683438340410316 ], [ -99.42881929929969, 16.683506484475231 ], [ -99.429133745142394, 16.683538934970475 ], [ -99.429818599671108, 16.683622226969742 ], [ -99.430482517824032, 16.683708763631028 ], [ -99.432895952145813, 16.684029293569008 ], [ -99.433646320819122, 16.684130588514662 ], [ -99.434734603470673, 16.684282782024194 ], [ -99.435538924444799, 16.684398906029585 ], [ -99.438204144753357, 16.68478860705045 ], [ -99.439357945988647, 16.684958790065249 ], [ -99.442077131807878, 16.685363275583494 ], [ -99.444807889213777, 16.685770903668033 ], [ -99.451678579852896, 16.686797339740529 ], [ -99.45483231885332, 16.68726840727755 ], [ -99.457564313067877, 16.687675863097489 ], [ -99.460289108942888, 16.688080095188297 ], [ -99.461449672819725, 16.688250139111283 ], [ -99.464140841374473, 16.68863944586974 ], [ -99.464957461399266, 16.688755427150021 ], [ -99.466077181214544, 16.688907384077385 ], [ -99.466860160793786, 16.689008484346537 ], [ -99.467917337313551, 16.689141909975344 ], [ -99.468407495051693, 16.689203770594276 ], [ -99.4693943493197, 16.689328313408765 ], [ -99.470096418752547, 16.689414635627298 ], [ -99.470838549978779, 16.689497660931995 ], [ -99.471196667618557, 16.689529947800583 ], [ -99.472125752026969, 16.689597593632765 ], [ -99.472450226944616, 16.689615005875819 ], [ -99.473035358513499, 16.689628618714689 ], [ -99.473546785778638, 16.68963065274362 ], [ -99.475348314448112, 16.68962652352673 ], [ -99.475840145000319, 16.689624363833328 ], [ -99.47633382584624, 16.689618423285225 ], [ -99.47654725366516, 16.6896120972877 ], [ -99.477049569250539, 16.689588516490208 ], [ -99.477205189615759, 16.689577517941967 ], [ -99.477429102453442, 16.689549772773148 ], [ -99.477593357543938, 16.689521135355214 ], [ -99.478135968119219, 16.689415238531517 ], [ -99.478289685984308, 16.689381819815328 ], [ -99.47846442577459, 16.689331763396726 ], [ -99.478560336196111, 16.689293673002382 ], [ -99.47883317820579, 16.689165974122048 ], [ -99.478937723111642, 16.689110244921473 ], [ -99.479152757371935, 16.688977874280731 ], [ -99.479355404077438, 16.688844502445868 ], [ -99.479635551340337, 16.688656613311455 ], [ -99.48000627692609, 16.688407973981437 ], [ -99.480086052341164, 16.688354469801364 ], [ -99.480285370910622, 16.688219846321548 ], [ -99.480484878078983, 16.68808163746802 ], [ -99.480570569941619, 16.688018819857732 ], [ -99.48077095811071, 16.687863879862501 ], [ -99.480832490236921, 16.687812864026629 ], [ -99.480919252141845, 16.687729730213899 ], [ -99.480981665584707, 16.687661983459797 ], [ -99.481186166159119, 16.687428965656679 ], [ -99.481243591249338, 16.687360162623243 ], [ -99.481307074693845, 16.687272099710281 ], [ -99.481340340256892, 16.687215098590993 ], [ -99.481432096040535, 16.687037156268126 ], [ -99.481466242882689, 16.686963424251843 ], [ -99.481533839061285, 16.686797283842782 ], [ -99.481596258122849, 16.686633672406369 ], [ -99.481625114477239, 16.686556610411419 ], [ -99.481819950150793, 16.686036292646381 ], [ -99.481839522821645, 16.685974817002361 ], [ -99.481871923891745, 16.685873048655477 ], [ -99.481948001592045, 16.685275152692942 ], [ -99.482075757694318, 16.684271107708263 ], [ -99.487837805131463, 16.68485213735482 ], [ -99.497650834851314, 16.685775352561585 ] ] ] ] } }
]
}
