{
"type": "FeatureCollection",
"name": "1232",
"crs": { "type": "name", "properties": { "name": "urn:ogc:def:crs:OGC:1.3:CRS84" } },
"features": [
{ "type": "Feature", "properties": { "fid": 4.0, "cat": 4, "VULNERABIL": 1.0, "NOM_ACUIF": "NEXPA", "CLAVE_ACUI": "1232" }, "geometry": { "type": "MultiPolygon", "coordinates": [ [ [ [ -99.160907696549231, 16.832411062287729 ], [ -99.160937357685853, 16.832411400641821 ], [ -99.160965517619161, 16.832412463341146 ], [ -99.160982789704875, 16.832413896154858 ], [ -99.161006446029077, 16.832417131897419 ], [ -99.161018087228527, 16.832419653880898 ], [ -99.161029354502517, 16.832423984090173 ], [ -99.161036492093075, 16.832428679122476 ], [ -99.161046637591113, 16.832438434010175 ], [ -99.161050397016851, 16.832444216450018 ], [ -99.161051529795415, 16.832451808882201 ], [ -99.161049658333624, 16.832458680496028 ], [ -99.161042911169076, 16.832471702905195 ], [ -99.161036536095963, 16.832480747569068 ], [ -99.161024158040604, 16.832494859151176 ], [ -99.161009903020158, 16.832509333790188 ], [ -99.16097951600922, 16.832538646122604 ], [ -99.160964134315151, 16.832552760054561 ], [ -99.160948376248712, 16.832565789520203 ], [ -99.160937494499834, 16.832573391364768 ], [ -99.160920607319937, 16.832583167432716 ], [ -99.160910849182628, 16.832587514115747 ], [ -99.160898461951533, 16.832590778097309 ], [ -99.160887574703892, 16.832591871383464 ], [ -99.160867300192379, 16.832591887259518 ], [ -99.160856411113073, 16.832590811025419 ], [ -99.160844018386939, 16.832587566447916 ], [ -99.160834252922967, 16.832583235052912 ], [ -99.160817349258053, 16.832573485444982 ], [ -99.160806454687517, 16.832565900652401 ], [ -99.160790674641092, 16.832552895882692 ], [ -99.160775269135385, 16.832538806058622 ], [ -99.160744832669508, 16.832509541353829 ], [ -99.160730553226884, 16.832495089058565 ], [ -99.160718151359902, 16.832480996880186 ], [ -99.160711761022981, 16.832471962212129 ], [ -99.160704991878589, 16.832458950386702 ], [ -99.160703108816378, 16.832452081712738 ], [ -99.160704228773469, 16.832444487516444 ], [ -99.160707978430523, 16.832438699196526 ], [ -99.160718107443998, 16.832428928432773 ], [ -99.160725237097566, 16.832424222228472 ], [ -99.160736497045193, 16.832419874379276 ], [ -99.160748133970984, 16.832417334167893 ], [ -99.160771784800573, 16.832414061381581 ], [ -99.160789054444294, 16.832412601520069 ], [ -99.160817212546192, 16.832411494721075 ], [ -99.160846873072401, 16.832411109915352 ], [ -99.160907696549231, 16.832411062287729 ] ] ] ] } },
{ "type": "Feature", "properties": { "fid": 5.0, "cat": 5, "VULNERABIL": 2.0, "NOM_ACUIF": "NEXPA", "CLAVE_ACUI": "1232" }, "geometry": { "type": "MultiPolygon", "coordinates": [ [ [ [ -99.304259261557732, 16.798105467331503 ], [ -99.304323995241276, 16.797975201097568 ], [ -99.304396992422141, 16.797848176885189 ], [ -99.304453920737842, 16.797766736102457 ], [ -99.304551708488347, 16.797649437953339 ], [ -99.304614298541324, 16.797587514328733 ], [ -99.304704280986329, 16.797519041608759 ], [ -99.304791661668958, 16.797466844019127 ], [ -99.304963821207906, 16.797378723901282 ], [ -99.30506135262668, 16.797336273948133 ], [ -99.305181787417467, 16.797297044254776 ], [ -99.305284980664695, 16.7972741113811 ], [ -99.305474125608256, 16.797244542384668 ], [ -99.305602109520251, 16.797231335348428 ], [ -99.305794382723306, 16.797221413965577 ], [ -99.30579691633784, 16.79722128322874 ], [ -99.305993610461954, 16.797217736645322 ], [ -99.306388886021949, 16.797217148631443 ], [ -99.306389540776877, 16.797217156033938 ], [ -99.3065867155495, 16.797219385147599 ], [ -99.306784928590574, 16.797226683088567 ], [ -99.306917454140304, 16.797236609891097 ], [ -99.307116817769597, 16.797259092355823 ], [ -99.307227958884368, 16.797276644144205 ], [ -99.307362018597615, 16.797306817115157 ], [ -99.30747431035276, 16.797339553610403 ], [ -99.307490628845613, 16.797345027814096 ], [ -99.307677125971921, 16.79740759004882 ], [ -99.307782673221183, 16.797447929734897 ], [ -99.307896499297101, 16.797500912447006 ], [ -99.307980662172866, 16.797548877296858 ], [ -99.308119324770104, 16.797639789112875 ], [ -99.308204638415063, 16.797702938703598 ], [ -99.308321916745768, 16.797801475677513 ], [ -99.308432067033621, 16.797902554356497 ], [ -99.308645239790607, 16.798107253311098 ], [ -99.308747136108323, 16.79821087528347 ], [ -99.30883965206867, 16.798317042371323 ], [ -99.308891948961957, 16.798390365576459 ], [ -99.30890738124657, 16.798417647009838 ], [ -99.308956323664418, 16.798504168118498 ], [ -99.308982706943098, 16.798569936918607 ], [ -99.30899748203403, 16.798653440790719 ], [ -99.308995897107465, 16.798719613160678 ], [ -99.3089957238914, 16.798726845113659 ], [ -99.308988433150574, 16.798776557512518 ], [ -99.308975674345533, 16.798863554209476 ], [ -99.308955897777324, 16.798936985580447 ], [ -99.308916617614045, 16.799020570594667 ], [ -99.30887092723016, 16.799086447574425 ], [ -99.308773136186801, 16.799200493474025 ], [ -99.308699304161138, 16.799274005912544 ], [ -99.30857559911297, 16.799380497310235 ], [ -99.308443255988124, 16.799484470488391 ], [ -99.308214426107241, 16.799656456701186 ], [ -99.308169931360098, 16.799689898435698 ], [ -99.308031952934144, 16.799791348698669 ], [ -99.307891342580419, 16.799890271715462 ], [ -99.307794970483087, 16.799953693184442 ], [ -99.307646464547062, 16.80004503456723 ], [ -99.307561329408344, 16.80009325257496 ], [ -99.307454429983451, 16.800146565249214 ], [ -99.307361399416564, 16.800187201693127 ], [ -99.30718920709721, 16.800255798292149 ], [ -99.307097290365604, 16.800288839677712 ], [ -99.306993732551376, 16.800319367295941 ], [ -99.306913052939422, 16.800337205281469 ], [ -99.306774571917131, 16.800360191592464 ], [ -99.306685996951188, 16.800370447981084 ], [ -99.306558753091167, 16.800378230845382 ], [ -99.306435254961329, 16.800380945868401 ], [ -99.306192004435687, 16.800381307933829 ], [ -99.306069250112699, 16.800379682614579 ], [ -99.306006743894187, 16.800377063682973 ], [ -99.305944237677068, 16.800374444732363 ], [ -99.30585863794461, 16.800367340277951 ], [ -99.305726851193029, 16.800351264791118 ], [ -99.305651378232483, 16.800338721435438 ], [ -99.305556746102312, 16.800317166882468 ], [ -99.305474498854068, 16.800293785978877 ], [ -99.305462798114633, 16.800290048428739 ], [ -99.305322389276199, 16.800245197774419 ], [ -99.305241259574657, 16.800216391348044 ], [ -99.30514998002117, 16.800178560321861 ], [ -99.305078977134514, 16.800144315043873 ], [ -99.304957248058855, 16.800079410214419 ], [ -99.304879470974399, 16.800034327362805 ], [ -99.304767868796517, 16.79996398364505 ], [ -99.304659642287049, 16.799891826944208 ], [ -99.304446565098289, 16.799745700449009 ], [ -99.304342838269122, 16.799670282657186 ], [ -99.304244734808975, 16.799590155896428 ], [ -99.304195002194575, 16.799541797813944 ], [ -99.304184955835126, 16.799532029115703 ], [ -99.304169658618505, 16.79951428006909 ], [ -99.304103722372602, 16.799437775543947 ], [ -99.3040642159919, 16.799380703523831 ], [ -99.304026930279008, 16.799303741052867 ], [ -99.304004293799721, 16.799232542292067 ], [ -99.303973670084702, 16.799095908481107 ], [ -99.303963414417282, 16.799020352409908 ], [ -99.303963271100287, 16.798930318011465 ], [ -99.303973287893328, 16.798855816752166 ], [ -99.304003481561722, 16.798722347369591 ], [ -99.304030368125751, 16.798633719380813 ], [ -99.304050755063173, 16.798580227396201 ], [ -99.304080834130744, 16.798501304792094 ], [ -99.304138057532256, 16.798369241789718 ], [ -99.304259261557732, 16.798105467331503 ] ] ] ] } },
{ "type": "Feature", "properties": { "fid": 6.0, "cat": 6, "VULNERABIL": 2.0, "NOM_ACUIF": "NEXPA", "CLAVE_ACUI": "1232" }, "geometry": { "type": "MultiPolygon", "coordinates": [ [ [ [ -99.165742874137038, 16.785825718841362 ], [ -99.165956517334877, 16.78546504332169 ], [ -99.166172421639018, 16.785115574986019 ], [ -99.166318619319384, 16.784893803376804 ], [ -99.166541308091254, 16.784577956876312 ], [ -99.166667285687282, 16.784413693899083 ], [ -99.166822530001042, 16.784236751552132 ], [ -99.166955292955549, 16.784106110611479 ], [ -99.167198337331797, 16.783891130023868 ], [ -99.167326622085668, 16.783790865894677 ], [ -99.167468432250573, 16.783705054220817 ], [ -99.167576497840358, 16.783662298912144 ], [ -99.167667691168049, 16.783641071784956 ], [ -99.167758884475106, 16.783619844617526 ], [ -99.167873735917169, 16.783610711337037 ], [ -99.168035903679794, 16.783625765812214 ], [ -99.168191331895059, 16.783659989841503 ], [ -99.168495448945237, 16.783747607237956 ], [ -99.168645639238918, 16.783800999385338 ], [ -99.168792092960203, 16.783873558662123 ], [ -99.168885992188549, 16.783941098696083 ], [ -99.169021236201374, 16.784071159530196 ], [ -99.169092635213033, 16.784162582753993 ], [ -99.169171588192398, 16.784306791630442 ], [ -99.169231777500713, 16.784455716538531 ], [ -99.169333392583638, 16.78475828236731 ], [ -99.169382345398418, 16.784934335576565 ], [ -99.169427588615449, 16.785159929406277 ], [ -99.169436480212241, 16.785227134957768 ], [ -99.169454041134955, 16.785359865919361 ], [ -99.169479351777454, 16.785637509832565 ], [ -99.169488155497362, 16.785734081625826 ], [ -99.169503398297948, 16.785991519864957 ], [ -99.169515012281153, 16.786389618878538 ], [ -99.169519126104476, 16.786795678988732 ], [ -99.169519853580653, 16.787615760273219 ], [ -99.169516088627972, 16.788026165877792 ], [ -99.16950406623782, 16.788437301439448 ], [ -99.169487793845292, 16.788712121777429 ], [ -99.169450998986179, 16.789125447226326 ], [ -99.169422299862859, 16.789355802436699 ], [ -99.169372997359261, 16.789633542621388 ], [ -99.169319525594489, 16.789866087711292 ], [ -99.169210937877978, 16.790276439691397 ], [ -99.169208412576793, 16.790285982759876 ], [ -99.169142540709828, 16.790504436049336 ], [ -99.169056038306067, 16.790739900890994 ], [ -99.168977739505749, 16.790913888998649 ], [ -99.168888703067992, 16.791085788672294 ], [ -99.168829345354439, 16.791200388432543 ], [ -99.168726273482051, 16.791376566280146 ], [ -99.168565452040312, 16.791618600377884 ], [ -99.168400488014882, 16.791845812628591 ], [ -99.168066416628832, 16.792285415003441 ], [ -99.167893186198299, 16.792504678655153 ], [ -99.167707567032565, 16.792722867487999 ], [ -99.167600777436746, 16.792836128553965 ], [ -99.167571432339699, 16.792867251936336 ], [ -99.167515736145461, 16.792920993074823 ], [ -99.167348647374709, 16.793082216399906 ], [ -99.167212489365966, 16.793200566296186 ], [ -99.167026800457037, 16.793340651570904 ], [ -99.166853476918291, 16.793455777088123 ], [ -99.166519194911828, 16.793661068116052 ], [ -99.166333474817591, 16.793766440348865 ], [ -99.16611059684891, 16.793877266219567 ], [ -99.165924853702265, 16.793956603771214 ], [ -99.16559050210482, 16.794083790355185 ], [ -99.165367593277153, 16.79415990300598 ], [ -99.165033218452123, 16.794261054374182 ], [ -99.164698835785657, 16.794353527096458 ], [ -99.164030062014888, 16.794529792812575 ], [ -99.163697172457418, 16.79461358461225 ], [ -99.16336727821529, 16.794688695387073 ], [ -99.16315034419641, 16.794730088458881 ], [ -99.162989890341933, 16.794754622750862 ], [ -99.16282943644508, 16.794779156918086 ], [ -99.16265414993407, 16.794797736479303 ], [ -99.162449198254563, 16.794804406900496 ], [ -99.162284846407104, 16.794797032119011 ], [ -99.162282898670824, 16.794796944719568 ], [ -99.16227567046478, 16.794796230205556 ], [ -99.16198895166697, 16.794767887611137 ], [ -99.161839530418305, 16.794744140329975 ], [ -99.161685213663901, 16.794701955797695 ], [ -99.161577440334668, 16.794655395566451 ], [ -99.161408437171048, 16.794557899388511 ], [ -99.161309651098804, 16.794485297632246 ], [ -99.161182296038149, 16.794364988581126 ], [ -99.161068823737793, 16.794237075238666 ], [ -99.160855762183147, 16.793973644161934 ], [ -99.160756547383158, 16.793837041385416 ], [ -99.16067196423208, 16.793690664262165 ], [ -99.160630207037627, 16.793583305199292 ], [ -99.160616122559219, 16.793522485953272 ], [ -99.160589518569353, 16.793407605151419 ], [ -99.16058154537923, 16.793300219719061 ], [ -99.160598314209793, 16.793153763475491 ], [ -99.16063423540281, 16.793017055163666 ], [ -99.160725230002299, 16.79275338644403 ], [ -99.1607870437076, 16.792606895008188 ], [ -99.160881490274292, 16.79243108942029 ], [ -99.160977087471835, 16.79228457152265 ], [ -99.161169432259967, 16.79202082332629 ], [ -99.1613089230367, 16.791844982271737 ], [ -99.161535050516079, 16.791581207259192 ], [ -99.161772438552816, 16.791317423149263 ], [ -99.162151783374725, 16.790905655116624 ], [ -99.16225847381159, 16.790789845231128 ], [ -99.16250373774146, 16.790520268656863 ], [ -99.162753495570499, 16.790239117416682 ], [ -99.162924494957608, 16.790040108710997 ], [ -99.163187735200097, 16.789724233811175 ], [ -99.163338473942744, 16.789537173223568 ], [ -99.16352745018466, 16.789291866469618 ], [ -99.163691671776746, 16.789070082450305 ], [ -99.163995359746579, 16.788650036960863 ], [ -99.164157321522353, 16.788420661013216 ], [ -99.164339519427443, 16.788152578852788 ], [ -99.164481220879949, 16.787935151223571 ], [ -99.164724127023746, 16.78755095041064 ], [ -99.164879310779526, 16.787298799250102 ], [ -99.165101955975928, 16.786926546611898 ], [ -99.165317847211512, 16.786558276618681 ], [ -99.165742874137038, 16.785825718841362 ] ] ] ] } },
{ "type": "Feature", "properties": { "fid": 7.0, "cat": 7, "VULNERABIL": 2.0, "NOM_ACUIF": "NEXPA", "CLAVE_ACUI": "1232" }, "geometry": { "type": "MultiPolygon", "coordinates": [ [ [ [ -99.218211466371514, 16.767224472368433 ], [ -99.218364792382701, 16.767065211315831 ], [ -99.21852112526949, 16.766909924429893 ], [ -99.218628354184318, 16.76681037405238 ], [ -99.218793708045723, 16.766667009796578 ], [ -99.218888578327963, 16.766591337205771 ], [ -99.219007835408803, 16.766507683731334 ], [ -99.219111726932468, 16.766443933857861 ], [ -99.219304144347163, 16.766336337638723 ], [ -99.219406923393024, 16.766284521203808 ], [ -99.21952284322208, 16.76623666819383 ], [ -99.219613263914766, 16.766208729621241 ], [ -99.219768606162944, 16.766172766878963 ], [ -99.219868048226814, 16.766156750981146 ], [ -99.220011032197192, 16.766144666041658 ], [ -99.22014989675867, 16.766140540337123 ], [ -99.220423506481978, 16.766140247986907 ], [ -99.220563504495829, 16.76614262937515 ], [ -99.220709888824445, 16.766150066062789 ], [ -99.220813864697988, 16.766160079187951 ], [ -99.220979408008219, 16.766182681856264 ], [ -99.221077762853852, 16.766200294219498 ], [ -99.221207284082141, 16.766230528675216 ], [ -99.221324797967938, 16.766263307055198 ], [ -99.221547818474306, 16.766331407631661 ], [ -99.221669845143225, 16.766371774310038 ], [ -99.221812904591715, 16.76642477386412 ], [ -99.22192931034256, 16.766472739780962 ], [ -99.222135468223684, 16.76656363790487 ], [ -99.222271033244525, 16.766626769673248 ], [ -99.222471570433157, 16.766725266861691 ], [ -99.222670234155572, 16.766826296990587 ], [ -99.223065688556943, 16.767030889805955 ], [ -99.223264737511059, 16.767139873868139 ], [ -99.223466429583866, 16.767262233619906 ], [ -99.223603534012753, 16.767357182559245 ], [ -99.223813155292362, 16.767519669613392 ], [ -99.223932254643657, 16.767623315982732 ], [ -99.224079931334046, 16.767771768109462 ], [ -99.224206959850022, 16.767915541942408 ], [ -99.224440369016136, 16.768198411201411 ], [ -99.224564039249941, 16.768358459909205 ], [ -99.224701640513985, 16.768555736894442 ], [ -99.224807305704189, 16.768724483178055 ], [ -99.224986700209854, 16.769033444994768 ], [ -99.225100295027914, 16.769242318699686 ], [ -99.225261684947938, 16.769559978017544 ], [ -99.22541707355073, 16.769880536458206 ], [ -99.225721850461269, 16.770524552213647 ], [ -99.225818719553686, 16.77073063544923 ], [ -99.225872360904418, 16.770844754018487 ], [ -99.225925134224838, 16.770958601640043 ], [ -99.226019114267828, 16.771161343941344 ], [ -99.226113192521282, 16.771368792068994 ], [ -99.226248673882978, 16.771674546540272 ], [ -99.226320183887225, 16.771840798340666 ], [ -99.226399232353842, 16.772033799315583 ], [ -99.226418997745952, 16.772084795356129 ], [ -99.226459469772706, 16.772189215813004 ], [ -99.226561133651515, 16.772462464313662 ], [ -99.226610090742611, 16.772600536953142 ], [ -99.226655297985744, 16.772741506403097 ], [ -99.226681686264243, 16.772838382854644 ], [ -99.226699849616082, 16.772918433503907 ], [ -99.226715643847783, 16.772988042762176 ], [ -99.226730759270467, 16.773074083977772 ], [ -99.226742147927709, 16.773182547721337 ], [ -99.226746013592688, 16.7732772794125 ], [ -99.226746221922966, 16.773453010741697 ], [ -99.226743700449362, 16.773542325644275 ], [ -99.226735927692005, 16.773634539024133 ], [ -99.226725494566068, 16.773698913087923 ], [ -99.22670196793409, 16.773799821897892 ], [ -99.226683646283689, 16.773858780823154 ], [ -99.226652207964136, 16.773934748787863 ], [ -99.226618132405022, 16.774002403133935 ], [ -99.226547344001574, 16.774129398194361 ], [ -99.226505387565908, 16.774198145947466 ], [ -99.226465254295888, 16.774255888135841 ], [ -99.226450306694247, 16.774277394152985 ], [ -99.226400461674757, 16.774340726739684 ], [ -99.226338897769878, 16.774412911709803 ], [ -99.22630600744553, 16.774451476275374 ], [ -99.226240408392115, 16.774523504224323 ], [ -99.226138065458755, 16.774628838530592 ], [ -99.226033092905126, 16.774732367732877 ], [ -99.225863032976378, 16.774896570301539 ], [ -99.225820517948549, 16.774937620921929 ], [ -99.22570878894615, 16.77504115736361 ], [ -99.225681510636406, 16.775064596715282 ], [ -99.225586177109506, 16.775146513596585 ], [ -99.225493553091667, 16.7752185708916 ], [ -99.225338292844569, 16.77532938651461 ], [ -99.225241154342982, 16.775392770532878 ], [ -99.225104999129911, 16.775472106982509 ], [ -99.224975212252801, 16.775540950351768 ], [ -99.224722006683862, 16.775668143863623 ], [ -99.224579832016673, 16.775735915732142 ], [ -99.22440651371754, 16.775812037935182 ], [ -99.224259824560804, 16.77587113639996 ], [ -99.223993075292057, 16.775972309459132 ], [ -99.223813737536545, 16.776036866908857 ], [ -99.223542473551774, 16.776129366190968 ], [ -99.223269704556486, 16.776218974048412 ], [ -99.222722661049318, 16.776395297613014 ], [ -99.222470428271833, 16.776473713937932 ], [ -99.222448384861792, 16.776480566967741 ], [ -99.222172600334275, 16.776560052184852 ], [ -99.221987235766846, 16.776607258349557 ], [ -99.221979214875276, 16.776609036264631 ], [ -99.221706926623256, 16.776669391618231 ], [ -99.221549691167013, 16.776698126157385 ], [ -99.221358294032783, 16.776722196641018 ], [ -99.2211965342876, 16.776733579568774 ], [ -99.220902652195647, 16.776743657707385 ], [ -99.220748760824662, 16.776743099458447 ], [ -99.220580968840423, 16.776731346760958 ], [ -99.220455206924072, 16.776712317211029 ], [ -99.220245713211185, 16.776666981207086 ], [ -99.220115427278515, 16.776630600080068 ], [ -99.219949284370472, 16.776572147841406 ], [ -99.219934063208441, 16.77656679273823 ], [ -99.219762075751547, 16.77649682824558 ], [ -99.219727933070942, 16.776481921495737 ], [ -99.219427477708621, 16.776350741849495 ], [ -99.219279254616012, 16.776276665126353 ], [ -99.219259978975572, 16.776267031822545 ], [ -99.219092080604426, 16.776161988412042 ], [ -99.218979748688312, 16.776070626148357 ], [ -99.218880437539326, 16.775971346718254 ], [ -99.218810651388239, 16.775901582764472 ], [ -99.218716308832754, 16.775786336463746 ], [ -99.218602378408221, 16.77560964099651 ], [ -99.21850683697609, 16.775430394848875 ], [ -99.218334143402288, 16.775069351808874 ], [ -99.218244199161305, 16.774860810991225 ], [ -99.21814705975477, 16.774596231651138 ], [ -99.218075104968577, 16.77436380691265 ], [ -99.217956380200434, 16.773931112012573 ], [ -99.217883226985848, 16.77363468742444 ], [ -99.217782492073823, 16.773178108571951 ], [ -99.217687753961698, 16.772713568379768 ], [ -99.217504275443602, 16.77177652652616 ], [ -99.217468133999461, 16.771582324462877 ], [ -99.217417418252921, 16.771309808288386 ], [ -99.217340324221382, 16.770846695572267 ], [ -99.217298691120405, 16.770541559318119 ], [ -99.217250885750531, 16.770089263285399 ], [ -99.217234089983108, 16.769841593287488 ], [ -99.217231507900053, 16.769550879343278 ], [ -99.217244000135921, 16.769314026102442 ], [ -99.217284058808062, 16.768894180314476 ], [ -99.217314592516573, 16.768680088077097 ], [ -99.217341755023298, 16.768562868699778 ], [ -99.217366135001711, 16.768457657157267 ], [ -99.217421505415999, 16.768301031188511 ], [ -99.217536074056142, 16.768053584168818 ], [ -99.217620731944493, 16.767907774873905 ], [ -99.217760136981056, 16.767717793989924 ], [ -99.217907820712256, 16.767546968422025 ], [ -99.218211466371514, 16.767224472368433 ] ] ] ] } },
{ "type": "Feature", "properties": { "fid": 11.0, "cat": 14, "VULNERABIL": 4.0, "NOM_ACUIF": "NEXPA", "CLAVE_ACUI": "1232" }, "geometry": { "type": "MultiPolygon", "coordinates": [ [ [ [ -99.244722491230775, 16.727555973869542 ], [ -99.244344351291787, 16.727641033247107 ], [ -99.243969579944945, 16.727719579359427 ], [ -99.243723101150778, 16.727765430485633 ], [ -99.243358436170368, 16.727824437775478 ], [ -99.243159213380565, 16.727850706762251 ], [ -99.242926210112486, 16.727870506685335 ], [ -99.242737094155387, 16.727877237585183 ], [ -99.242402749580691, 16.727877630175694 ], [ -99.242232754722366, 16.727871320978927 ], [ -99.242057114750267, 16.727852001058984 ], [ -99.24193437634014, 16.72782611044245 ], [ -99.241741801136229, 16.72776775849178 ], [ -99.241629169871302, 16.727722330067603 ], [ -99.241499704213254, 16.727652898613485 ], [ -99.241483851281913, 16.727644396797078 ], [ -99.241354284946524, 16.727559936420157 ], [ -99.241134445618869, 16.727401458609581 ], [ -99.241111124498715, 16.727384646847206 ], [ -99.241110904747316, 16.72738448843247 ], [ -99.240985446915801, 16.727284474701516 ], [ -99.240852453439985, 16.727159881633767 ], [ -99.240756255460624, 16.727052240277036 ], [ -99.240600655098518, 16.726853909250721 ], [ -99.24054357619714, 16.72677206080883 ], [ -99.240506674879896, 16.726719146020724 ], [ -99.240380334553038, 16.726513187383922 ], [ -99.240263747658531, 16.726304686197587 ], [ -99.240040327777479, 16.725885141151153 ], [ -99.239916945227051, 16.725643019870436 ], [ -99.239770217115591, 16.725336201175988 ], [ -99.239649052837336, 16.7250669579667 ], [ -99.239432288562142, 16.72456604693534 ], [ -99.239288518887051, 16.724223065518391 ], [ -99.239073974170978, 16.723695032299794 ], [ -99.238860169874215, 16.723157958235213 ], [ -99.23843330416274, 16.722074768731911 ], [ -99.238217250766724, 16.721536611703574 ], [ -99.237995953857194, 16.721005330639965 ], [ -99.23784317853513, 16.72065801933913 ], [ -99.237606149501104, 16.720147366478066 ], [ -99.237469222524282, 16.719870546530185 ], [ -99.237295470166472, 16.71955073964747 ], [ -99.237142809889463, 16.719294548107264 ], [ -99.236858581918824, 16.71884578019338 ], [ -99.236705960253673, 16.718619961754026 ], [ -99.236532322613726, 16.718391274530596 ], [ -99.236395548100759, 16.718235947618805 ], [ -99.236158862315193, 16.717998654021699 ], [ -99.236006354194018, 16.717863955406511 ], [ -99.235785515480771, 16.717697153184989 ], [ -99.235569959165048, 16.717553848006542 ], [ -99.235144129449623, 16.717290734255876 ], [ -99.234930460371373, 16.71715574280233 ], [ -99.234715282289386, 16.717013882638234 ], [ -99.234570321113992, 16.716912440582441 ], [ -99.234350615705935, 16.716749974571947 ], [ -99.234227048023925, 16.716652847085026 ], [ -99.234076050273899, 16.71652393071896 ], [ -99.233947955065062, 16.716406197590704 ], [ -99.233714667416962, 16.716181914464958 ], [ -99.233592194411415, 16.716058750909053 ], [ -99.233458062814876, 16.715913543489354 ], [ -99.233356983134158, 16.715794694698015 ], [ -99.233293059584966, 16.715714807409597 ], [ -99.23318787580213, 16.715583355706549 ], [ -99.233082268769707, 16.715443901281194 ], [ -99.232934554968793, 16.715236877019006 ], [ -99.232793972452029, 16.715031290970821 ], [ -99.232519939273615, 16.714621556901481 ], [ -99.232374105884077, 16.714417061219763 ], [ -99.232210638341513, 16.714213308414973 ], [ -99.232084025719729, 16.714078216112128 ], [ -99.231867655467568, 16.713876691942737 ], [ -99.231729815541556, 16.713765476915114 ], [ -99.231532665892999, 16.713633356030282 ], [ -99.23134192311602, 16.713524369515397 ], [ -99.230966844756736, 16.71332953052184 ], [ -99.230754725596512, 16.713229245485035 ], [ -99.230493446161788, 16.713123229607337 ], [ -99.230270099561963, 16.713046821496498 ], [ -99.229861339350492, 16.712923612720815 ], [ -99.229585090167191, 16.712849432211449 ], [ -99.229165102768093, 16.712750099430156 ], [ -99.228741373099609, 16.712658724902472 ], [ -99.227890172214245, 16.712483932322659 ], [ -99.227462685972512, 16.712387858633253 ], [ -99.227031427461441, 16.712274431891167 ], [ -99.22674014940641, 16.712181461390724 ], [ -99.226297573921613, 16.712015976596625 ], [ -99.226047926387523, 16.711906688002987 ], [ -99.225741559111228, 16.711744307347185 ], [ -99.225480594642136, 16.711582961489533 ], [ -99.225004069227936, 16.711261304129142 ], [ -99.224753210145948, 16.7110771661782 ], [ -99.224477157696214, 16.710846410183031 ], [ -99.22426792932788, 16.710645954882754 ], [ -99.223916297136938, 16.710275344813155 ], [ -99.223695752958804, 16.710022832225551 ], [ -99.223590060992308, 16.709890912828417 ], [ -99.223385752545056, 16.70963590462128 ], [ -99.223089629873897, 16.709243537704324 ], [ -99.222511264625652, 16.70845336373042 ], [ -99.222216639718653, 16.708055208428348 ], [ -99.221911127919853, 16.707650917331051 ], [ -99.221696566008589, 16.707375254307554 ], [ -99.221358392208259, 16.706952556263985 ], [ -99.221159630478525, 16.706711588376919 ], [ -99.220901518633283, 16.706411382924323 ], [ -99.22067009405508, 16.706152008334143 ], [ -99.22023393307586, 16.705674089598009 ], [ -99.219996888455512, 16.705420144052169 ], [ -99.219721914666806, 16.70513622654056 ], [ -99.219500669541446, 16.704916976264151 ], [ -99.219111908420402, 16.704543142693783 ], [ -99.218858001176145, 16.704305485202809 ], [ -99.218485040432981, 16.703966346342234 ], [ -99.218117346938413, 16.703638772115525 ], [ -99.217387229578293, 16.702995186978942 ], [ -99.217019153584772, 16.702657848194988 ], [ -99.216645040663522, 16.702289418291734 ], [ -99.216389594677679, 16.70201270751663 ], [ -99.215997369944404, 16.701551005041402 ], [ -99.21577343008687, 16.70126341285777 ], [ -99.215493834769788, 16.700862339034924 ], [ -99.215251782666357, 16.700481474807017 ], [ -99.214805223204749, 16.699739955512797 ], [ -99.214567637435536, 16.699324373098037 ], [ -99.21430143821739, 16.698819145597049 ], [ -99.214095358533797, 16.698392682231237 ], [ -99.213743319671593, 16.697618519430634 ], [ -99.213519129910324, 16.697098783772844 ], [ -99.213198599345134, 16.69631373966898 ], [ -99.212888572579118, 16.695525068270321 ], [ -99.212279027855473, 16.693944097134434 ], [ -99.211972387395591, 16.693157228583615 ], [ -99.211662005663499, 16.692377595132776 ], [ -99.211451342110905, 16.691865074831018 ], [ -99.211129733195733, 16.691107147355797 ], [ -99.210947318873394, 16.69069331191481 ], [ -99.210721683875306, 16.690209733268816 ], [ -99.210528039870084, 16.689817604284816 ], [ -99.21017274381019, 16.689124795709599 ], [ -99.209984773428999, 16.688772796978668 ], [ -99.209776157152376, 16.688409609663328 ], [ -99.209616433522697, 16.688156296247001 ], [ -99.209345879129117, 16.687759543213684 ], [ -99.209174925157654, 16.687527936240667 ], [ -99.208932617390971, 16.687229868408775 ], [ -99.208699725268673, 16.68696469556194 ], [ -99.208243357742518, 16.686467244349455 ], [ -99.208006733045522, 16.686217984442091 ], [ -99.207753225344575, 16.685967656420864 ], [ -99.207567336974975, 16.685799703047586 ], [ -99.207263179660814, 16.685546170856849 ], [ -99.207077320155705, 16.685404251553837 ], [ -99.206823898722192, 16.68523202593148 ], [ -99.206587389236589, 16.685086902447082 ], [ -99.206131282738852, 16.684823757144759 ], [ -99.205877900064834, 16.684686243043814 ], [ -99.205573858025915, 16.684536846424308 ], [ -99.2053205039132, 16.684425366160568 ], [ -99.204864483880058, 16.684240321613181 ], [ -99.204560480235642, 16.684125636194317 ], [ -99.204104489252856, 16.683966624486704 ], [ -99.203648508201354, 16.683816289942811 ], [ -99.202736557351457, 16.68352429599198 ], [ -99.202278708286912, 16.683379384100828 ], [ -99.201817110574964, 16.683236644389254 ], [ -99.201505629813212, 16.683143657200532 ], [ -99.20103278522916, 16.683007435312344 ], [ -99.200766344745148, 16.682933929197706 ], [ -99.20043986762542, 16.682849633122174 ], [ -99.200162179568096, 16.682782645754109 ], [ -99.1996555927293, 16.682665979239623 ], [ -99.199389168966377, 16.682607658158169 ], [ -99.199096484230964, 16.682549361982527 ], [ -99.198875100044731, 16.682510522856912 ], [ -99.198503632251132, 16.68245230148689 ], [ -99.198271000234698, 16.682419981138001 ], [ -99.197944571917859, 16.682381241563341 ], [ -99.197633156758613, 16.682348995788651 ], [ -99.197025339744826, 16.682290997191114 ], [ -99.196713922651554, 16.68225658048463 ], [ -99.196387488253293, 16.682211329810645 ], [ -99.196154848008234, 16.682170328892798 ], [ -99.19578336176815, 16.682092576710719 ], [ -99.195561963298559, 16.682038547205863 ], [ -99.195269254102712, 16.681954211042072 ], [ -99.195002804004119, 16.6818676801877 ], [ -99.19449616334316, 16.681692423231677 ], [ -99.194218443894869, 16.68159071510388 ], [ -99.19389192589442, 16.681460848163926 ], [ -99.193625448695059, 16.68134611141501 ], [ -99.193152535502946, 16.681131767725333 ], [ -99.192841007833451, 16.680984528736978 ], [ -99.19237933804267, 16.680757155494813 ], [ -99.191921416558429, 16.680525438636764 ], [ -99.191009324110084, 16.680057659279086 ], [ -99.19054915499305, 16.679825941412826 ], [ -99.190080737887058, 16.679598569177077 ], [ -99.189760211336392, 16.679451333745799 ], [ -99.189267048783762, 16.679236999611589 ], [ -99.188984820964123, 16.679122271204555 ], [ -99.188631299646559, 16.678992420504411 ], [ -99.188324325259856, 16.678890731021845 ], [ -99.187756923781677, 16.678715512635666 ], [ -99.187454466900405, 16.678629004605956 ], [ -99.187114497250789, 16.678544699573767 ], [ -99.186850337951157, 16.678490699301658 ], [ -99.186397829743711, 16.678413003230101 ], [ -99.186108923432784, 16.678372041577244 ], [ -99.185694712594582, 16.678326852798467 ], [ -99.185293267521502, 16.678292499519831 ], [ -99.184503143311986, 16.678234627003569 ], [ -99.18410620250539, 16.678202436957996 ], [ -99.183705504101695, 16.678163740832375 ], [ -99.183434614205495, 16.678131437660745 ], [ -99.183022642979068, 16.678073224241277 ], [ -99.182790012491068, 16.678034377762483 ], [ -99.182504092205875, 16.677976052029237 ], [ -99.182260188928325, 16.677917688931288 ], [ -99.18181439962234, 16.677800924991125 ], [ -99.181579492179338, 16.677733874987972 ], [ -99.181320558951285, 16.677649489345026 ], [ -99.181123911004264, 16.677575896673734 ], [ -99.180792900551708, 16.677439504163633 ], [ -99.180584980213951, 16.677346394857395 ], [ -99.180292229631192, 16.677203459525682 ], [ -99.180012232507025, 16.677058343140569 ], [ -99.179464992531237, 16.676765928616799 ], [ -99.179190249402907, 16.676621529734913 ], [ -99.178913259160282, 16.676480748342335 ], [ -99.178726351695673, 16.676390511729334 ], [ -99.17844261952952, 16.676260583271105 ], [ -99.178282743179977, 16.676192018477135 ], [ -99.178086846145902, 16.676116252691223 ], [ -99.177920227427336, 16.676058541167059 ], [ -99.177616268406254, 16.675961172205415 ], [ -99.177456412599426, 16.675914302262868 ], [ -99.177280804049389, 16.675871061596908 ], [ -99.177147978905268, 16.67584586379386 ], [ -99.176925112019632, 16.67581351099016 ], [ -99.176785544290738, 16.675799166469666 ], [ -99.176589707954534, 16.675788485748722 ], [ -99.176402881777875, 16.675785029008193 ], [ -99.176038239565713, 16.675785339203212 ], [ -99.175844675300368, 16.675797797729668 ], [ -99.175628624664753, 16.675834863392126 ], [ -99.175462104489668, 16.675884181007667 ], [ -99.175178594436943, 16.675995068084216 ], [ -99.174998602256395, 16.676081279097513 ], [ -99.174742135723577, 16.676229025107656 ], [ -99.174494683482166, 16.676389057333726 ], [ -99.174008792432005, 16.676721407456029 ], [ -99.173734361548654, 16.67691834381435 ], [ -99.17339696046588, 16.677176803158368 ], [ -99.173109056101268, 16.677410632343957 ], [ -99.17258274307801, 16.677853660032675 ], [ -99.172227375572817, 16.678161308943 ], [ -99.171687585901793, 16.678641227938442 ], [ -99.171143302636224, 16.679133443364858 ], [ -99.170050236753198, 16.680130167744768 ], [ -99.169501073152716, 16.680628168332291 ], [ -99.168946653876418, 16.681125448567389 ], [ -99.168571786593247, 16.681456248993058 ], [ -99.168001603973522, 16.681951369978368 ], [ -99.167679581725181, 16.682225717585176 ], [ -99.1672836986573, 16.682553639961583 ], [ -99.166945915762199, 16.682825829608941 ], [ -99.166328448950594, 16.683314475453976 ], [ -99.166003026849211, 16.683567127678437 ], [ -99.16564422878055, 16.683836439317659 ], [ -99.165371654340007, 16.684032639947127 ], [ -99.164912728739608, 16.684351929933882 ], [ -99.16462439408923, 16.684545972583003 ], [ -99.164218316014654, 16.68480881069042 ], [ -99.163829853549302, 16.685052831292989 ], [ -99.16307054249026, 16.685522053673392 ], [ -99.162694064994653, 16.685745451980029 ], [ -99.162323945528641, 16.685946425929174 ], [ -99.162083557725751, 16.686057984527515 ], [ -99.161732513973064, 16.686191686417445 ], [ -99.161543848461946, 16.68624354133701 ], [ -99.161328895975913, 16.686265404452371 ], [ -99.161159307446923, 16.6862499880841 ], [ -99.160865494516202, 16.68618187573297 ], [ -99.160719506252562, 16.686124134424706 ], [ -99.16057535436083, 16.686019023061991 ], [ -99.160481089494397, 16.68590157881275 ], [ -99.16043230871162, 16.685814595134875 ], [ -99.160342446921121, 16.685654357428387 ], [ -99.160267259781179, 16.685469642220038 ], [ -99.1601803408834, 16.685162718015249 ], [ -99.160110663270473, 16.684835892879118 ], [ -99.159988549726066, 16.684162341625399 ], [ -99.159929736289442, 16.68381598203483 ], [ -99.159875409081465, 16.683450454579695 ], [ -99.159843677069546, 16.683187601759293 ], [ -99.159802808225422, 16.682764570754589 ], [ -99.159784589392629, 16.682510385684012 ], [ -99.159770801648975, 16.682170861486597 ], [ -99.159766040884094, 16.681859172893734 ], [ -99.159765546310439, 16.681263631298044 ], [ -99.159769775838257, 16.680935664102243 ], [ -99.15978295895124, 16.680547304123404 ], [ -99.159800701242588, 16.6802280046874 ], [ -99.159840744886665, 16.679658466343529 ], [ -99.159871944771126, 16.679281663353347 ], [ -99.159925500729969, 16.67872079272367 ], [ -99.159983560611806, 16.678162811310216 ], [ -99.160104183605739, 16.677049737608812 ], [ -99.160162241005295, 16.676489948104717 ], [ -99.16021579090085, 16.675923653384203 ], [ -99.160246983491504, 16.675539618374682 ], [ -99.16028701141633, 16.67495380806885 ], [ -99.160304741900845, 16.674621852710224 ], [ -99.160317905549022, 16.674211796954957 ], [ -99.160322114515296, 16.673860326054601 ], [ -99.160321577813718, 16.673215969093132 ], [ -99.160316792421057, 16.672875352887139 ], [ -99.160302972969504, 16.672497861247226 ], [ -99.160284725971863, 16.672209324721099 ], [ -99.160243804535767, 16.671721206770826 ], [ -99.160212036488034, 16.671413154686697 ], [ -99.160157653805214, 16.670977116383344 ], [ -99.160098784174778, 16.670558437945122 ], [ -99.159976558511445, 16.669738440859696 ], [ -99.159902686119182, 16.669321943445727 ], [ -99.159803294191633, 16.668892448340298 ], [ -99.159711513340582, 16.668593120573806 ], [ -99.159535562990641, 16.668124632307336 ], [ -99.159412293471732, 16.667851363274778 ], [ -99.159218435162444, 16.667500044429335 ], [ -99.15901860773775, 16.667187781953508 ], [ -99.158612984949016, 16.666602312938938 ], [ -99.158377143574867, 16.666285738250647 ], [ -99.158075241353657, 16.665921483457538 ], [ -99.157807912382893, 16.665630966763839 ], [ -99.157307828686115, 16.665123670948116 ], [ -99.156963944585414, 16.66479415921243 ], [ -99.156432375992964, 16.66431291971821 ], [ -99.155890313624369, 16.663840364933712 ], [ -99.155001610219543, 16.663080091441262 ], [ -99.154795700429617, 16.662903937043396 ], [ -99.154259650861746, 16.662434989306504 ], [ -99.153746109936037, 16.661964577079196 ], [ -99.153426256711896, 16.661649505171138 ], [ -99.152980237760829, 16.661174701884164 ], [ -99.152754956325026, 16.660909458895535 ], [ -99.152525130013757, 16.660588533702299 ], [ -99.15236736745544, 16.660318901469683 ], [ -99.152123906407425, 16.659830929933065 ], [ -99.15202017360447, 16.659576444657205 ], [ -99.15195243554713, 16.659300960558195 ], [ -99.151943271383686, 16.659096305713685 ], [ -99.151983516728549, 16.658757825288063 ], [ -99.152041869513937, 16.658548781820961 ], [ -99.152176682348824, 16.658260131795505 ], [ -99.152343017347391, 16.657988091793161 ], [ -99.152707208450806, 16.657460621439839 ], [ -99.152902422370261, 16.657184582186673 ], [ -99.153123873890394, 16.656883935054193 ], [ -99.153297745959719, 16.656658895784556 ], [ -99.153597910330902, 16.656284424975574 ], [ -99.153790905771729, 16.656051777670307 ], [ -99.154069727876049, 16.655728306604217 ], [ -99.154341435624033, 16.655421835324507 ], [ -99.15487773517809, 16.654825891873987 ], [ -99.155182052694173, 16.654492275656391 ], [ -99.155558706842768, 16.654087370925257 ], [ -99.1558821461674, 16.653746145878241 ], [ -99.156475808507253, 16.653127374790056 ], [ -99.156877955953547, 16.652712323811965 ], [ -99.157490735838294, 16.652085941892249 ], [ -99.158109886353714, 16.651457022147994 ], [ -99.159354549822368, 16.65019664105645 ], [ -99.159975192776955, 16.649572776881989 ], [ -99.160592466409383, 16.648961569211547 ], [ -99.16100061471731, 16.648566754780148 ], [ -99.161607786209885, 16.647993519197406 ], [ -99.161941736949018, 16.647687712602931 ], [ -99.162336419141099, 16.647343529087028 ], [ -99.162660272182507, 16.647075696514538 ], [ -99.163237148219366, 16.646616381746139 ], [ -99.163532902973643, 16.64639087631528 ], [ -99.16384329256762, 16.646173675549292 ], [ -99.164064854105902, 16.646037179851323 ], [ -99.164419149120661, 16.645844893430315 ], [ -99.164630614911118, 16.645746372410656 ], [ -99.164910717539399, 16.645643095923205 ], [ -99.165166089478689, 16.645569489384926 ], [ -99.165652102468499, 16.645451945752225 ], [ -99.165897362372306, 16.645396787639928 ], [ -99.166147129411115, 16.645348857492209 ], [ -99.166318147983574, 16.645324132143621 ], [ -99.166581436696859, 16.645297886223084 ], [ -99.16673221547029, 16.645290533252666 ], [ -99.166921263131599, 16.64529472036941 ], [ -99.167085563822269, 16.645309051851047 ], [ -99.167389418307323, 16.64534785899658 ], [ -99.167551479862183, 16.645375209267016 ], [ -99.167733810016585, 16.645418453122854 ], [ -99.16787563206853, 16.645463175968956 ], [ -99.168118768167687, 16.645554100566986 ], [ -99.168274112496576, 16.645620507766989 ], [ -99.168497009398521, 16.64572880479891 ], [ -99.168713160024765, 16.645842892563255 ], [ -99.169138715520376, 16.646076858394594 ], [ -99.169359369248113, 16.64619238817664 ], [ -99.169595774433887, 16.64630501210112 ], [ -99.169769129241772, 16.646377188933329 ], [ -99.170052788498481, 16.646481095426459 ], [ -99.17022612830921, 16.646535915419662 ], [ -99.17046248838038, 16.646596468986584 ], [ -99.170683082026386, 16.646642571533157 ], [ -99.171108503019084, 16.646720325202569 ], [ -99.171344843018204, 16.646757735823169 ], [ -99.171628441864826, 16.646792214340493 ], [ -99.171864766575993, 16.646812267915845 ], [ -99.172290141867521, 16.646837949801547 ], [ -99.172573720274968, 16.64684928509012 ], [ -99.172999080154668, 16.646857609070679 ], [ -99.173424434858418, 16.646860146695655 ], [ -99.174275139043587, 16.646859433846195 ], [ -99.174709500489101, 16.646867023571701 ], [ -99.175161880735104, 16.646890507264779 ], [ -99.175481486425994, 16.646922057360765 ], [ -99.175987923426888, 16.64699322378711 ], [ -99.176287296354701, 16.647048654932991 ], [ -99.17667897814917, 16.647143782275126 ], [ -99.17703240837578, 16.647246896561217 ], [ -99.177701017985541, 16.647461111124425 ], [ -99.17806572410511, 16.647588079107788 ], [ -99.178491232362234, 16.647754769355348 ], [ -99.178835706719028, 16.647905618505597 ], [ -99.179443622239191, 16.648191475092638 ], [ -99.179842155995473, 16.648390006035434 ], [ -99.180429841802521, 16.648699742353013 ], [ -99.18101078526189, 16.649017437903829 ], [ -99.182165933691977, 16.649660785001711 ], [ -99.18274463229838, 16.649978477587162 ], [ -99.183325575814223, 16.650288211508123 ], [ -99.183715115521665, 16.650486742844077 ], [ -99.184302791044686, 16.650772602907384 ], [ -99.184631521160455, 16.650923456288709 ], [ -99.185030035286658, 16.651090156979414 ], [ -99.185365495322699, 16.651217138066428 ], [ -99.185973361739258, 16.651431379953987 ], [ -99.186290795163274, 16.651534510580241 ], [ -99.186635228351903, 16.651629661386931 ], [ -99.186891850089822, 16.651685115575255 ], [ -99.187317282095393, 16.651756327133544 ], [ -99.187580632752699, 16.651787909279655 ], [ -99.187945252570316, 16.651811444315911 ], [ -99.188289601559717, 16.651819087040931 ], [ -99.188958028637003, 16.651818479171641 ], [ -99.189299372604154, 16.651821783846962 ], [ -99.189654977468351, 16.651832306771571 ], [ -99.189906308297466, 16.65184654050946 ], [ -99.190304695982277, 16.651878718694128 ], [ -99.190540283457025, 16.651903813881944 ], [ -99.190848658202015, 16.651946921465122 ], [ -99.191127028693671, 16.651993672163719 ], [ -99.191653765679391, 16.652090816086989 ], [ -99.191941149763167, 16.652148405133623 ], [ -99.192276564856073, 16.652224028882511 ], [ -99.192548205944533, 16.652292479451013 ], [ -99.193027714368043, 16.65242220702682 ], [ -99.193342139221329, 16.652512312273121 ], [ -99.193805905379051, 16.65265290048356 ], [ -99.194264424431424, 16.652797108487412 ], [ -99.195176216801912, 16.653089142288685 ], [ -99.195639240578544, 16.653234789357377 ], [ -99.196116518193818, 16.653379698720823 ], [ -99.196448956818017, 16.653475567662582 ], [ -99.196968995108662, 16.653618264986999 ], [ -99.19727215876442, 16.653696803968813 ], [ -99.197661611181886, 16.653789723975169 ], [ -99.198007534908868, 16.653866051563345 ], [ -99.198655854022661, 16.654002113453423 ], [ -99.199006273027848, 16.654071926399567 ], [ -99.199409210532949, 16.65414530418234 ], [ -99.199730353973877, 16.654197787617498 ], [ -99.200290846907379, 16.654281859650823 ], [ -99.200654750397206, 16.654332130794508 ], [ -99.201185967853576, 16.654398872296031 ], [ -99.201707426896775, 16.654459836448787 ], [ -99.202740587125589, 16.654575984874295 ], [ -99.203258296811896, 16.654637671966377 ], [ -99.203778265089497, 16.65470658738634 ], [ -99.204127169094733, 16.654759759893132 ], [ -99.204653912914949, 16.654850361969618 ], [ -99.204948806899139, 16.654907925486629 ], [ -99.20530674491026, 16.654990014442731 ], [ -99.205608414335472, 16.655069265836111 ], [ -99.206155484980002, 16.655224930504438 ], [ -99.206441409963759, 16.655312874538346 ], [ -99.206752113921155, 16.655421042628337 ], [ -99.206984028836729, 16.655513378852564 ], [ -99.207369069842017, 16.655682219265508 ], [ -99.207607760654412, 16.655796243530968 ], [ -99.207938792034852, 16.655969476039253 ], [ -99.208251820416891, 16.656144172458777 ], [ -99.208859875255726, 16.65649502835452 ], [ -99.209169151876921, 16.656667557589905 ], [ -99.209488925800869, 16.656834290278884 ], [ -99.209712605473385, 16.656939649038698 ], [ -99.210063870559964, 16.657088992561622 ], [ -99.210269514809653, 16.657166164809492 ], [ -99.210535182261623, 16.65724833820337 ], [ -99.210772317083709, 16.657308121558504 ], [ -99.211218054241698, 16.657405297816297 ], [ -99.211459674110543, 16.657449888950801 ], [ -99.211738796334444, 16.657486486487969 ], [ -99.211962380113405, 16.657502891281919 ], [ -99.212354009186853, 16.657515507884469 ], [ -99.212609083126495, 16.657514523316888 ], [ -99.212982675798074, 16.657498953056827 ], [ -99.21335025623361, 16.657473986921492 ], [ -99.21407940459396, 16.657414657517741 ], [ -99.21446237264864, 16.657397266955726 ], [ -99.214882128786584, 16.657404425812832 ], [ -99.215198754429807, 16.657433747980825 ], [ -99.215728875493184, 16.657514555287019 ], [ -99.216060175723314, 16.657583997560828 ], [ -99.216523955466144, 16.657711517286092 ], [ -99.216965621804547, 16.657854607553443 ], [ -99.217826842447778, 16.658156356915889 ], [ -99.218310191116316, 16.658337367632008 ], [ -99.218899015678147, 16.658578651699568 ], [ -99.219397041467431, 16.658799781036961 ], [ -99.220302295920533, 16.659221883433926 ], [ -99.220910692889191, 16.659516656479486 ], [ -99.221830629640777, 16.659978873127006 ], [ -99.222755462738263, 16.660454459251625 ], [ -99.224610034640975, 16.66141899247874 ], [ -99.225532645931807, 16.661907585696667 ], [ -99.226445898767381, 16.662408840656997 ], [ -99.22704537353701, 16.662755674304648 ], [ -99.227930545149661, 16.663294920445232 ], [ -99.228412946260661, 16.663607165977876 ], [ -99.228974976237041, 16.664004657969379 ], [ -99.229429291826676, 16.664354899187892 ], [ -99.230230210693151, 16.665008129761567 ], [ -99.230636141130816, 16.665359506762407 ], [ -99.23105301112011, 16.665760408743289 ], [ -99.231341863576091, 16.666077202031612 ], [ -99.231791551513808, 16.666626679808189 ], [ -99.232052317660518, 16.666981470534331 ], [ -99.232384927640126, 16.667496365239725 ], [ -99.232678511924917, 16.667999732270058 ], [ -99.233226657417234, 16.668994937965675 ], [ -99.233498108571027, 16.669494351118868 ], [ -99.233764313665034, 16.669997385704782 ], [ -99.233936537021222, 16.67033636371653 ], [ -99.234187001960692, 16.670850263191763 ], [ -99.234320902232383, 16.671139384595183 ], [ -99.234472137581918, 16.671492849473999 ], [ -99.234590296199599, 16.671792836217111 ], [ -99.23479353710951, 16.672339331492065 ], [ -99.234893674216437, 16.672626321175294 ], [ -99.234990844061571, 16.672940795072449 ], [ -99.235052656578347, 16.673177928578607 ], [ -99.235140924317406, 16.673574855201107 ], [ -99.23518699456271, 16.673822854240917 ], [ -99.235236937435474, 16.674169924758861 ], [ -99.235274105321309, 16.674500376581364 ], [ -99.235335666274679, 16.6751446615059 ], [ -99.235369829848779, 16.675472223962672 ], [ -99.235410759424738, 16.67581062643686 ], [ -99.235444811781534, 16.676047068108044 ], [ -99.235506039338333, 16.676417990638466 ], [ -99.235546820669001, 16.676634898725162 ], [ -99.235607937062483, 16.676914700459179 ], [ -99.235669016441506, 16.677164128586003 ], [ -99.235791138469267, 16.677632611183878 ], [ -99.2358612272198, 16.677886368063536 ], [ -99.235949371219988, 16.678179156139009 ], [ -99.23602618913759, 16.678413379382036 ], [ -99.236168499118904, 16.67882326098729 ], [ -99.236265615698528, 16.679090004132803 ], [ -99.236414655454254, 16.679480351958802 ], [ -99.236565938738607, 16.679864188462012 ], [ -99.236870750057875, 16.680625349875207 ], [ -99.237027288241066, 16.681009903148581 ], [ -99.237192090294329, 16.681402401809336 ], [ -99.237310221960442, 16.681672013020123 ], [ -99.23749981500481, 16.682088347960914 ], [ -99.237613408125611, 16.682327590573205 ], [ -99.237764594208983, 16.682628983519642 ], [ -99.237902977970961, 16.682892062458723 ], [ -99.238166943755218, 16.683379906161917 ], [ -99.238312078813024, 16.683640807487595 ], [ -99.238483517654558, 16.683935667907868 ], [ -99.238624113953151, 16.684166200622702 ], [ -99.238874464347376, 16.684562938230883 ], [ -99.239039851955553, 16.684817307001644 ], [ -99.239285664320647, 16.685183675715322 ], [ -99.239529964363527, 16.685539921332776 ], [ -99.240017053883918, 16.686242288856345 ], [ -99.240266231539096, 16.68659671993052 ], [ -99.24052667325418, 16.686957646220673 ], [ -99.240711564767281, 16.687204759080814 ], [ -99.241005797715658, 16.687585171308182 ], [ -99.241180524177807, 16.687803006744097 ], [ -99.241410470273337, 16.688076100941945 ], [ -99.241618987398624, 16.688313422450459 ], [ -99.242014593448417, 16.688752292426798 ], [ -99.242230986536143, 16.688986349766115 ], [ -99.242484559006755, 16.689249652122289 ], [ -99.242690786632863, 16.689454432061755 ], [ -99.243055897465837, 16.689805469292686 ], [ -99.243295916522655, 16.69002973478927 ], [ -99.243650862762706, 16.690351494074186 ], [ -99.244002421236658, 16.690663493787664 ], [ -99.244702152603907, 16.691277732425466 ], [ -99.245062714075672, 16.691586103724951 ], [ -99.24544466496846, 16.69189698013929 ], [ -99.245720687874467, 16.692106736414829 ], [ -99.246166805859104, 16.692425128653507 ], [ -99.246436038176284, 16.692604518465942 ], [ -99.24679761670977, 16.692824295893683 ], [ -99.247131015396391, 16.693011201642889 ], [ -99.247769633872295, 16.693352140552985 ], [ -99.248122158741708, 16.693531428386851 ], [ -99.248541113943062, 16.693728353744216 ], [ -99.248886847644698, 16.693877274859666 ], [ -99.249505094038895, 16.694127112174549 ], [ -99.249914994935651, 16.694283547562435 ], [ -99.250526451090792, 16.694503016440883 ], [ -99.251135644303446, 16.69471236172328 ], [ -99.252351770255842, 16.695120925090052 ], [ -99.252955709080069, 16.695325932283964 ], [ -99.253551397053684, 16.695532394163617 ], [ -99.253940270949158, 16.695671490937588 ], [ -99.254511204645269, 16.695882319472982 ], [ -99.254820138438717, 16.696000902267812 ], [ -99.255176005653993, 16.696145822767143 ], [ -99.255460183872799, 16.696268774194735 ], [ -99.255956851723496, 16.696492707583857 ], [ -99.256206131511163, 16.69661027729158 ], [ -99.256457302483312, 16.696739053626871 ], [ -99.256626640877087, 16.696836111275829 ], [ -99.256883485151576, 16.696998507876593 ], [ -99.257028067521574, 16.697099934996203 ], [ -99.257204970243151, 16.697241819867973 ], [ -99.257355225789709, 16.697376867526923 ], [ -99.2576290900343, 16.697640125483463 ], [ -99.257769603933085, 16.697784586285245 ], [ -99.257917281059449, 16.697954710912555 ], [ -99.2580228956583, 16.698093791190278 ], [ -99.258192062445531, 16.698340907370525 ], [ -99.258293207270867, 16.698503857982942 ], [ -99.258427474895129, 16.69874559367517 ], [ -99.258550109553028, 16.698985535860629 ], [ -99.258783746459372, 16.699463626588361 ], [ -99.258912055203567, 16.699737189249547 ], [ -99.259063344110189, 16.700079786620492 ], [ -99.259187183559021, 16.700377219580627 ], [ -99.259407413487779, 16.700926920988959 ], [ -99.259552744121535, 16.701301345273372 ], [ -99.259768506114327, 16.701874916722559 ], [ -99.259982779397447, 16.702456444734093 ], [ -99.260409839913947, 16.703627456778015 ], [ -99.260627504261961, 16.704216573077865 ], [ -99.260853434206879, 16.704812910457743 ], [ -99.261012319224477, 16.705217689898237 ], [ -99.261263044473537, 16.705835690798075 ], [ -99.261410601305201, 16.706186245811232 ], [ -99.261602546044443, 16.706619910054204 ], [ -99.261774897215574, 16.706992128745984 ], [ -99.262100006964701, 16.707675120324843 ], [ -99.262276847743138, 16.708036485174162 ], [ -99.262482259346825, 16.708437588381354 ], [ -99.262647771130247, 16.708744728896686 ], [ -99.262938895360236, 16.70926504708439 ], [ -99.263129202191706, 16.709593850979115 ], [ -99.263408998307355, 16.710059944501928 ], [ -99.263685018847895, 16.710507962976187 ], [ -99.264233286809144, 16.711385924089015 ], [ -99.264498792255111, 16.711824553497564 ], [ -99.264747038025192, 16.712262481455031 ], [ -99.264895274914664, 16.712553732180346 ], [ -99.265091739653798, 16.712989556475474 ], [ -99.265183626134544, 16.71323097995332 ], [ -99.265262820397638, 16.71351942620905 ], [ -99.265302924250832, 16.713758746518796 ], [ -99.265344041516926, 16.714188261201066 ], [ -99.265348100565305, 16.714410271485409 ], [ -99.265319160267282, 16.714646787669647 ], [ -99.265266867304874, 16.714818971017863 ], [ -99.26513892851483, 16.715099004829639 ], [ -99.265034851761982, 16.71526908499477 ], [ -99.264850560245421, 16.715499291623942 ], [ -99.264647484255903, 16.715712889058182 ], [ -99.264222546885648, 16.716123474264545 ], [ -99.264010457217921, 16.716332020357235 ], [ -99.263799126481388, 16.716547073862372 ], [ -99.263658998448676, 16.716696950375184 ], [ -99.263449945062646, 16.716931526411379 ], [ -99.263334563450854, 16.717068353970213 ], [ -99.263197472174596, 16.717244260689988 ], [ -99.263084368310544, 16.717400610999224 ], [ -99.26288214775218, 16.717693755135819 ], [ -99.262778051769359, 16.717852263352562 ], [ -99.262667984650207, 16.718034643958557 ], [ -99.262588635475808, 16.718180103435756 ], [ -99.26246065498681, 16.71843410124681 ], [ -99.262383583552904, 16.718599083539871 ], [ -99.262280349793102, 16.718840032626126 ], [ -99.26218536488102, 16.719076632130484 ], [ -99.262003643492861, 16.719545481480676 ], [ -99.261910531584675, 16.719780270533789 ], [ -99.26181291767297, 16.720015788423193 ], [ -99.261743339817357, 16.720173529201613 ], [ -99.261632220138367, 16.720411233638661 ], [ -99.261565985073133, 16.720544020507862 ], [ -99.261478399640822, 16.720704676694254 ], [ -99.261398658969028, 16.720839650128262 ], [ -99.261247022227423, 16.721083914194544 ], [ -99.261163893807932, 16.721211298458936 ], [ -99.261066145453299, 16.721349187229499 ], [ -99.260986359968186, 16.721451617584972 ], [ -99.260844751794494, 16.721621019847348 ], [ -99.260751460607693, 16.721725636691346 ], [ -99.26061319524851, 16.721870084964092 ], [ -99.260476044095626, 16.722006215202651 ], [ -99.260202855633722, 16.722270157468458 ], [ -99.260058942808968, 16.72240123370613 ], [ -99.259900393154865, 16.722530520311384 ], [ -99.259780056628415, 16.722614921773008 ], [ -99.259577596670496, 16.722738839502036 ], [ -99.259450482152403, 16.722805893035176 ], [ -99.259271598634356, 16.722883135934097 ], [ -99.259100573937985, 16.722944820515423 ], [ -99.258766383209007, 16.723052631105194 ], [ -99.258578462310908, 16.723106743054931 ], [ -99.258348890511442, 16.723161268502945 ], [ -99.258154191768597, 16.723198032289627 ], [ -99.257799667285596, 16.723253797966862 ], [ -99.25756105832258, 16.723285192146498 ], [ -99.257199755957132, 16.723323608992079 ], [ -99.256836194270264, 16.723356242597561 ], [ -99.256106811350875, 16.723415725275881 ], [ -99.255737623123977, 16.723450171869711 ], [ -99.255359441567478, 16.723494030225389 ], [ -99.255098327226051, 16.723532681154431 ], [ -99.254693165669735, 16.723604775518712 ], [ -99.254459082540279, 16.723654239982771 ], [ -99.254161994757382, 16.723730539254891 ], [ -99.253900931508852, 16.723808240193339 ], [ -99.253414829167937, 16.723965043262844 ], [ -99.253153782460714, 16.724055760436368 ], [ -99.252856744978033, 16.724171109361908 ], [ -99.252622729214352, 16.724272640449268 ], [ -99.252217719108984, 16.724461884543793 ], [ -99.251956722425476, 16.724591651736137 ], [ -99.251578742488647, 16.724791709286546 ], [ -99.251209772264218, 16.724995371084287 ], [ -99.250480839959749, 16.725406297686348 ], [ -99.250111494012572, 16.725611404349927 ], [ -99.249732390030587, 16.725815798976658 ], [ -99.249469896345175, 16.725951350283022 ], [ -99.249061519234317, 16.726153609501502 ], [ -99.248824885427013, 16.726265263962748 ], [ -99.248523361414314, 16.726397968370328 ], [ -99.248257455177068, 16.726507487865057 ], [ -99.247761260074526, 16.726703341444548 ], [ -99.247494216038334, 16.726804183198883 ], [ -99.247189279487472, 16.726910855372569 ], [ -99.246948096009206, 16.726987800624673 ], [ -99.246529481986457, 16.72711196394339 ], [ -99.246259026086776, 16.72718677379294 ], [ -99.245866272498702, 16.727287040089745 ], [ -99.245482138954031, 16.72737934044817 ], [ -99.244722491230775, 16.727555973869542 ] ] ] ] } },
{ "type": "Feature", "properties": { "fid": 13.0, "cat": 9, "VULNERABIL": 2.0, "NOM_ACUIF": "NEXPA", "CLAVE_ACUI": "1232" }, "geometry": { "type": "MultiPolygon", "coordinates": [ [ [ [ -99.218150375742326, 16.755889974881306 ], [ -99.218179821793129, 16.755926683888379 ], [ -99.218382796650545, 16.756199829890409 ], [ -99.218480539108555, 16.756343276956503 ], [ -99.218501992493614, 16.756380643058655 ], [ -99.218570791337086, 16.756500472266175 ], [ -99.218623469194952, 16.756619017410422 ], [ -99.218691250535684, 16.756817457544098 ], [ -99.218721416515137, 16.756941450349384 ], [ -99.218744133046258, 16.757114988646126 ], [ -99.218750195063791, 16.757245162637091 ], [ -99.218751827932067, 16.757280226338036 ], [ -99.218752196035013, 16.757602401114248 ], [ -99.218749752743818, 16.757763310490944 ], [ -99.218742054754387, 16.757923863849779 ], [ -99.218731668056449, 16.758030543405265 ], [ -99.218713233535269, 16.758155853289157 ], [ -99.218708205934576, 16.758190028711539 ], [ -99.218689916700754, 16.758278275640873 ], [ -99.218658511123536, 16.758383531122075 ], [ -99.218624457717283, 16.758470709991695 ], [ -99.218553703022195, 16.758626991106123 ], [ -99.218511760640538, 16.758707669727126 ], [ -99.218456688234113, 16.758793424482668 ], [ -99.218406843273883, 16.758855670451602 ], [ -99.218338526648651, 16.758928702899897 ], [ -99.218312380765965, 16.758956653584022 ], [ -99.218246771541089, 16.759017831435699 ], [ -99.21818962290476, 16.75906391787143 ], [ -99.218144406381754, 16.759100381853401 ], [ -99.218039406974015, 16.759176788005387 ], [ -99.217858990927027, 16.759301233533105 ], [ -99.217826773751, 16.759323455932289 ], [ -99.217718016481371, 16.759395888419959 ], [ -99.217604378057459, 16.759466518059664 ], [ -99.217523737989282, 16.75951180165864 ], [ -99.217395456206134, 16.759577022804525 ], [ -99.217319307438004, 16.759611453942458 ], [ -99.217219142948622, 16.759649526230948 ], [ -99.21712835090085, 16.759678548897714 ], [ -99.216956139213991, 16.759727544546394 ], [ -99.216861963157754, 16.759751146832663 ], [ -99.216751646718507, 16.759772958098967 ], [ -99.216661962051745, 16.759785707926326 ], [ -99.21650322448869, 16.759802146100011 ], [ -99.216398896581836, 16.759809487361274 ], [ -99.216244650436522, 16.75981507297579 ], [ -99.216091901437821, 16.759817041023716 ], [ -99.215787900589561, 16.759817359331098 ], [ -99.215622004743892, 16.759809577903205 ], [ -99.215428318089977, 16.7597859154892 ], [ -99.215271402876681, 16.759754259571245 ], [ -99.21513287341061, 16.759718606884004 ], [ -99.214994343995059, 16.759682954102992 ], [ -99.214812631734617, 16.75962745885532 ], [ -99.214544553875413, 16.759532278595682 ], [ -99.214279469846645, 16.759429139930532 ], [ -99.213752296221855, 16.759214903519311 ], [ -99.213451156836726, 16.759087936312099 ], [ -99.213074911960959, 16.758921271547642 ], [ -99.212748976643994, 16.758770464085568 ], [ -99.212485371340435, 16.758645244355641 ], [ -99.212147416322907, 16.758484705739509 ], [ -99.211738111549707, 16.758286252725743 ], [ -99.211111757703932, 16.757976651929486 ], [ -99.210477140398169, 16.757659102687722 ], [ -99.209199646661858, 16.757016051681976 ], [ -99.208560532014317, 16.756698501009566 ], [ -99.207920677501235, 16.756388904019119 ], [ -99.207493366980444, 16.756190460599381 ], [ -99.207172328167289, 16.756047594214952 ], [ -99.206851289828521, 16.755904727323543 ], [ -99.206493839094406, 16.755753941430303 ], [ -99.206063563272281, 16.75558731777264 ], [ -99.205703887566855, 16.755460397564889 ], [ -99.205055136732497, 16.755246259831079 ], [ -99.204718005876856, 16.755143180325955 ], [ -99.2043553634267, 16.755048080489978 ], [ -99.204088090033707, 16.754992660434635 ], [ -99.203648912279888, 16.754921499906786 ], [ -99.203379412802562, 16.754889945979215 ], [ -99.203373322053523, 16.754889558410714 ], [ -99.203010091969247, 16.75486644490891 ], [ -99.202664056673129, 16.754858830203879 ], [ -99.201995271542827, 16.754859486155148 ], [ -99.201654502668902, 16.754863435438015 ], [ -99.201300981165147, 16.754874628377191 ], [ -99.201052547516056, 16.754889334204119 ], [ -99.200660768009229, 16.754922258654201 ], [ -99.200430360018132, 16.754947793860033 ], [ -99.200130915552904, 16.754991475233687 ], [ -99.199862249377546, 16.755038742243716 ], [ -99.199355695055786, 16.755136861362914 ], [ -99.199080284333519, 16.755194981538057 ], [ -99.198760606670518, 16.755271223441621 ], [ -99.198503221273754, 16.755340173143047 ], [ -99.19805074250128, 16.755470780014225 ], [ -99.197755098200332, 16.755561460840475 ], [ -99.197320644054301, 16.755702896499695 ], [ -99.196892197812957, 16.755847941401335 ], [ -99.196041311905574, 16.756141638726728 ], [ -99.195611349914174, 16.756274388402783 ], [ -99.195172351284498, 16.756378941812496 ], [ -99.194870649268807, 16.75642044818057 ], [ -99.194404542104934, 16.756440413793754 ], [ -99.194136557750312, 16.756423309924877 ], [ -99.193798712086817, 16.756352033035622 ], [ -99.193503620547844, 16.756250342026874 ], [ -99.192956192313233, 16.756016545279522 ], [ -99.192663305517456, 16.755867121266846 ], [ -99.192332072974764, 16.755652646594829 ], [ -99.192072905619327, 16.755444612890521 ], [ -99.19162663687537, 16.755034986144668 ], [ -99.191340364939848, 16.754742364865592 ], [ -99.190927817952414, 16.754274127863805 ], [ -99.190526512514722, 16.753786353811808 ], [ -99.189735147340272, 16.752791267091748 ], [ -99.189329338797535, 16.752297709300567 ], [ -99.188903274288492, 16.751812124174201 ], [ -99.18859897444203, 16.751496373720997 ], [ -99.188112139533146, 16.751034707308747 ], [ -99.187821418707557, 16.750786198854897 ], [ -99.187436090334543, 16.750502340208385 ], [ -99.187084597258888, 16.750277750767051 ], [ -99.186415447451935, 16.749887840107405 ], [ -99.186048223990085, 16.749693636567098 ], [ -99.185615702180385, 16.749500937467928 ], [ -99.18526205573815, 16.749373975884808 ], [ -99.184633638456887, 16.749185789560848 ], [ -99.184219219309853, 16.749082745431974 ], [ -99.183604378844237, 16.748961799428258 ], [ -99.182994064019269, 16.748863266104671 ], [ -99.181777960933658, 16.748688608570568 ], [ -99.181174035632452, 16.748598380770396 ], [ -99.180578361771765, 16.748502358547519 ], [ -99.180189497085351, 16.748432550139789 ], [ -99.179618576940442, 16.748319147232063 ], [ -99.17930965028529, 16.748250352332196 ], [ -99.178953790250958, 16.748157371186633 ], [ -99.178669616876633, 16.748071197567029 ], [ -99.178172957126577, 16.747905657461505 ], [ -99.177923681124085, 16.747814028832721 ], [ -99.177672512491199, 16.747704683649641 ], [ -99.177503174044233, 16.74761407043696 ], [ -99.177246327435995, 16.747451575970814 ], [ -99.17710174225374, 16.747343584869881 ], [ -99.176924833224732, 16.747182106146145 ], [ -99.176774570097635, 16.747020966032579 ], [ -99.176500690161546, 16.746699024265446 ], [ -99.176365438487721, 16.746537147822465 ], [ -99.176233562938137, 16.746373460456141 ], [ -99.176149021924616, 16.746262524667191 ], [ -99.176027274426872, 16.746093404674902 ], [ -99.175963012912533, 16.745997638264917 ], [ -99.175891975782207, 16.745879459060589 ], [ -99.175837842073747, 16.745778260134639 ], [ -99.175746478138834, 16.745592842548582 ], [ -99.175702480201736, 16.745494889257294 ], [ -99.175661850237503, 16.745386446993397 ], [ -99.175638131547899, 16.745303663183918 ], [ -99.175607605442693, 16.745163754021203 ], [ -99.175594014440946, 16.745075537744565 ], [ -99.17558376752001, 16.744950798080506 ], [ -99.175580280313923, 16.744831114917265 ], [ -99.175580065609495, 16.744596805089486 ], [ -99.175582957189576, 16.744476031727171 ], [ -99.175591846624613, 16.744348021470291 ], [ -99.175603770763018, 16.744255444404505 ], [ -99.175624381036229, 16.744140658348851 ], [ -99.175630653723317, 16.744105723461725 ], [ -99.175651586528872, 16.744015308262924 ], [ -99.17568750198258, 16.743893783607977 ], [ -99.175726428246037, 16.743781657710883 ], [ -99.175807291493157, 16.743566804656417 ], [ -99.175855218333666, 16.743448162454307 ], [ -99.175878323579525, 16.743396355788551 ], [ -99.175918135666407, 16.743307088911923 ], [ -99.175975071039161, 16.743190608539827 ], [ -99.176082959730635, 16.742982240940513 ], [ -99.176157888278951, 16.742844049791728 ], [ -99.17627478522104, 16.742637843938329 ], [ -99.176394684790921, 16.742432358630161 ], [ -99.176637486036157, 16.742022108409685 ], [ -99.176764137123939, 16.741813724387335 ], [ -99.176901289626983, 16.74159882267363 ], [ -99.177003226136449, 16.741449037195778 ], [ -99.177171883091788, 16.741214582444925 ], [ -99.177276082870534, 16.741077812114352 ], [ -99.177420025349761, 16.740901955899062 ], [ -99.177555729644922, 16.74074563250829 ], [ -99.177818899690962, 16.740452518394456 ], [ -99.177965859498258, 16.740294015500055 ], [ -99.178143569184641, 16.740111621052801 ], [ -99.17829279220102, 16.73996613319936 ], [ -99.17856275131183, 16.739712063953331 ], [ -99.178743478242623, 16.739547022682736 ], [ -99.179015699944543, 16.739305968113246 ], [ -99.179288675559462, 16.739069251606416 ], [ -99.179835379373159, 16.738600155932023 ], [ -99.18010535150016, 16.738364164142418 ], [ -99.18036856541579, 16.73812528518684 ], [ -99.180537283452139, 16.73796314555528 ], [ -99.180780223665138, 16.737715605648855 ], [ -99.180908432644742, 16.737575196558574 ], [ -99.181050119617836, 16.737401509319504 ], [ -99.181158055609643, 16.737252439696203 ], [ -99.181340176437914, 16.736978918021933 ], [ -99.18142785174048, 16.736834205124524 ], [ -99.181508757075093, 16.73667358819317 ], [ -99.181555924054337, 16.736550606226054 ], [ -99.181616519660807, 16.736342277264171 ], [ -99.181643413999964, 16.736210634950744 ], [ -99.181643413999964, 16.736210634950737 ], [ -99.181649038496019, 16.736158387520238 ], [ -99.181663501472485, 16.736024036982855 ], [ -99.181670086274565, 16.735844682684426 ], [ -99.181670086274565, 16.735844682684423 ], [ -99.181669753238452, 16.735493217752353 ], [ -99.181664942016894, 16.735392868761629 ], [ -99.181660565349276, 16.735301583269184 ], [ -99.181648036444599, 16.735224534489614 ], [ -99.181633334756697, 16.735078144753707 ], [ -99.181597138364552, 16.734897381706237 ], [ -99.18152222662269, 16.734603796269962 ], [ -99.181515779920502, 16.734578531055671 ], [ -99.1815072493754, 16.734550347116752 ], [ -99.181473276478357, 16.734438104488127 ], [ -99.181451324694081, 16.734384443047198 ], [ -99.181436386788704, 16.734347927111529 ], [ -99.181351215356344, 16.734139723963779 ], [ -99.181327720592222, 16.734082290489045 ], [ -99.181249548070824, 16.733891195744508 ], [ -99.181226802957895, 16.73375725283616 ], [ -99.181063663550319, 16.733375309353523 ], [ -99.180924074000814, 16.73304849967646 ], [ -99.180839925984159, 16.732810257406882 ], [ -99.180838638356377, 16.732806611833311 ], [ -99.18069884069098, 16.732488294544844 ], [ -99.180698821662943, 16.732488251121932 ], [ -99.180695468059383, 16.73248061499773 ], [ -99.180695468059383, 16.732480614997726 ], [ -99.180695468059369, 16.732480614997701 ], [ -99.180680632697332, 16.732447728988848 ], [ -99.180680599577627, 16.732447656261968 ], [ -99.180676260519974, 16.732438128210504 ], [ -99.180675568556993, 16.7324366087425 ], [ -99.180673649394507, 16.732432394490875 ], [ -99.180670712566325, 16.732425945566511 ], [ -99.180664563716775, 16.73241244342487 ], [ -99.180649622949801, 16.73237963527022 ], [ -99.180647362764503, 16.732374672169918 ], [ -99.180648084739886, 16.732372822605825 ], [ -99.180600848894215, 16.732270002269807 ], [ -99.180477632858725, 16.732001305384195 ], [ -99.180468617318752, 16.731982167345343 ], [ -99.180468617318738, 16.731982167345326 ], [ -99.180468617318738, 16.731982167345318 ], [ -99.180468617318709, 16.731982167345262 ], [ -99.180335121339596, 16.731698783789778 ], [ -99.1801527635442, 16.731311675472703 ], [ -99.179927170399822, 16.7308425283912 ], [ -99.179675644403488, 16.730329476618145 ], [ -99.17957526048049, 16.730124716994677 ], [ -99.179214338409508, 16.729397511404745 ], [ -99.178483487841731, 16.727933704547652 ], [ -99.178126703491586, 16.727208301206606 ], [ -99.178006844554176, 16.726956797847052 ], [ -99.177787195208495, 16.726495899553207 ], [ -99.177578131056706, 16.726033967166131 ], [ -99.177434288547829, 16.725697269526009 ], [ -99.177290446548909, 16.725360571769947 ], [ -99.177147895871812, 16.724999465453749 ], [ -99.17700792739258, 16.724589542132648 ], [ -99.176960776940547, 16.72442215475472 ], [ -99.176917197084691, 16.724267442964312 ], [ -99.176871795354145, 16.724076398829403 ], [ -99.176784974757894, 16.723711068777039 ], [ -99.176733688339425, 16.72343558088556 ], [ -99.176712050932352, 16.723165491473022 ], [ -99.176727274863836, 16.72299083035773 ], [ -99.176794583905576, 16.722736936413369 ], [ -99.176794659691495, 16.722736783068587 ], [ -99.176831957241461, 16.722661315400142 ], [ -99.176831957241106, 16.722661315400352 ], [ -99.176831957241106, 16.722661315400334 ], [ -99.1768616265189, 16.722601282690654 ], [ -99.176995445291652, 16.722448215426581 ], [ -99.177151433885712, 16.7223287569668 ], [ -99.177485580558397, 16.722123448551056 ], [ -99.17765734525392, 16.722022055674159 ], [ -99.177838493021525, 16.721923185712285 ], [ -99.177968641348684, 16.721859795367781 ], [ -99.178177938553787, 16.721768494260857 ], [ -99.178303597942502, 16.721720294368573 ], [ -99.178471278974584, 16.721666995848924 ], [ -99.178625087970687, 16.721626364844742 ], [ -99.178918833847163, 16.721557770164811 ], [ -99.17908052969031, 16.721524725390005 ], [ -99.179271871444172, 16.721494185905051 ], [ -99.17942907854534, 16.721476331543666 ], [ -99.179709358089298, 16.721453307809217 ], [ -99.179894714883247, 16.721443022008224 ], [ -99.180170505751079, 16.721435188347517 ], [ -99.180444800411394, 16.721432417888973 ], [ -99.18099189353012, 16.721431939453723 ], [ -99.181269571770116, 16.721436035151697 ], [ -99.181555513405911, 16.721448801382433 ], [ -99.181754404579451, 16.721465982880829 ], [ -99.182065136522198, 16.721504761096899 ], [ -99.182246028853967, 16.721534975225747 ], [ -99.182477973907936, 16.721586839534087 ], [ -99.182683656716662, 16.721643065881352 ], [ -99.18306876031501, 16.721759880306973 ], [ -99.183276707325689, 16.721829121300924 ], [ -99.183515444600459, 16.721920030153676 ], [ -99.183705393058389, 16.722002303941778 ], [ -99.184036501364091, 16.722158216280416 ], [ -99.184251240907386, 16.722266501972026 ], [ -99.184564351240994, 16.722435446745251 ], [ -99.184871462502372, 16.722608735485153 ], [ -99.185479687062582, 16.722959656037183 ], [ -99.185786432794217, 16.723141260293822 ], [ -99.186098444372377, 16.72333515340728 ], [ -99.186311717726355, 16.723476704531052 ], [ -99.186639526315631, 16.72370746475422 ], [ -99.186826907867953, 16.723847953949228 ], [ -99.187061243721772, 16.724038661483888 ], [ -99.187264422007047, 16.724216018154362 ], [ -99.187639621588588, 16.72455738034305 ], [ -99.187839435464767, 16.724746671955049 ], [ -99.188063676975375, 16.724973184903977 ], [ -99.188237598908188, 16.725161414911433 ], [ -99.188535123543346, 16.725499591853922 ], [ -99.188724842926263, 16.72572468919304 ], [ -99.18899647637754, 16.72606180431611 ], [ -99.189259479797386, 16.726398565378208 ], [ -99.189776858396044, 16.727071732775666 ], [ -99.190061651824166, 16.727431614492431 ], [ -99.190398652035697, 16.727838092776111 ], [ -99.190675525504247, 16.728155674886153 ], [ -99.191169146621021, 16.728701942494649 ], [ -99.191495588100267, 16.729052020658873 ], [ -99.191981291246961, 16.729555987572667 ], [ -99.192464356032971, 16.730045853754017 ], [ -99.193427852012164, 16.731011483056175 ], [ -99.193979653935784, 16.73155877392832 ], [ -99.194671560509988, 16.73223501875761 ], [ -99.19527293659884, 16.732814802372424 ], [ -99.196385163258427, 16.733877905843801 ], [ -99.197143177174283, 16.734597469942869 ], [ -99.198304992890598, 16.735693058392705 ], [ -99.199483344828366, 16.736799471767259 ], [ -99.201856612768637, 16.739023109071127 ], [ -99.203035382084025, 16.740130585774036 ], [ -99.204198394281661, 16.741229392939751 ], [ -99.204957972324166, 16.741953264784481 ], [ -99.206073693693156, 16.743026073510009 ], [ -99.206677773252522, 16.743613413299528 ], [ -99.207374285575014, 16.744302626494786 ], [ -99.207931059534857, 16.744863975582948 ], [ -99.208904872496575, 16.745858808084549 ], [ -99.209394045143043, 16.74636598313765 ], [ -99.209887745186222, 16.746892678172522 ], [ -99.210221404905951, 16.747263328694491 ], [ -99.210728684280824, 16.747848585174456 ], [ -99.211015032449396, 16.748193248261487 ], [ -99.211366796611927, 16.748641981494245 ], [ -99.211666722235208, 16.749045207092085 ], [ -99.212214736755627, 16.749806150037394 ], [ -99.212492875460242, 16.750188063026357 ], [ -99.212779274908357, 16.750572859805349 ], [ -99.212978468159349, 16.750832274938766 ], [ -99.213289648549093, 16.751225723510743 ], [ -99.213470786775147, 16.751447189998405 ], [ -99.213703020647557, 16.751718141038026 ], [ -99.213908938935987, 16.751948259578196 ], [ -99.214294460617054, 16.752367663838591 ], [ -99.214502621155674, 16.752588016537274 ], [ -99.214741580365384, 16.752829670684612 ], [ -99.214931685082348, 16.753012074928293 ], [ -99.215263040325809, 16.753317633335953 ], [ -99.215477925411037, 16.75350868932307 ], [ -99.215791225301658, 16.753776298917195 ], [ -99.21609850701148, 16.754031258727348 ], [ -99.216707053770264, 16.75452852765504 ], [ -99.217007576359066, 16.754778069340908 ], [ -99.217300595776052, 16.755029426420567 ], [ -99.217488438522395, 16.755198813421007 ], [ -99.217526804901041, 16.755235236102028 ], [ -99.217526804901397, 16.755235236102365 ], [ -99.217526804901041, 16.755235236102148 ], [ -99.217755125447468, 16.755451989150686 ], [ -99.2177589473159, 16.755455617383824 ], [ -99.217901726322438, 16.755600101961068 ], [ -99.218059554259398, 16.75577675189162 ], [ -99.218150375742326, 16.755889974881306 ] ] ] ] } },
{ "type": "Feature", "properties": { "fid": 17.0, "cat": 17, "VULNERABIL": 1.0, "NOM_ACUIF": "NEXPA", "CLAVE_ACUI": "1232" }, "geometry": { "type": "MultiPolygon", "coordinates": [ [ [ [ -99.143509284975863, 16.69493214010323 ], [ -99.143842010362732, 16.694847658225619 ], [ -99.144171739405735, 16.694770409736531 ], [ -99.14438856257982, 16.69472614437775 ], [ -99.144709303112251, 16.694670596809129 ], [ -99.144884496196653, 16.694646970766552 ], [ -99.145089335020756, 16.69463164040307 ], [ -99.145255540008449, 16.694629715851505 ], [ -99.145549316187385, 16.694639272417113 ], [ -99.14569864859881, 16.694651461452693 ], [ -99.145852869665291, 16.694678472195118 ], [ -99.145960572379323, 16.694711301104761 ], [ -99.146129459509766, 16.694782777075279 ], [ -99.146228174417246, 16.694837307693003 ], [ -99.146355432007212, 16.694929423615182 ], [ -99.146468813131804, 16.695028419521481 ], [ -99.146681699136991, 16.695233291220465 ], [ -99.146784580951717, 16.695339526223723 ], [ -99.146880340163918, 16.695453359654643 ], [ -99.146937056984726, 16.695536847065455 ], [ -99.147011448230089, 16.695673475878394 ], [ -99.147045654024822, 16.695756979248074 ], [ -99.1470738801154, 16.695870860560195 ], [ -99.147086717792732, 16.695977159381027 ], [ -99.147097004727357, 16.696182174531813 ], [ -99.147095215964129, 16.696296077169958 ], [ -99.147079562709663, 16.696432769934912 ], [ -99.147055262694082, 16.696546688569565 ], [ -99.146998015835806, 16.696751751697864 ], [ -99.146952347436354, 16.696888465768748 ], [ -99.146872589064131, 16.697093544843433 ], [ -99.146785326746866, 16.697298629207943 ], [ -99.146603297765793, 16.69770880313563 ], [ -99.146505535078674, 16.6979211266455 ], [ -99.146394276338413, 16.698147923319102 ], [ -99.146306607843115, 16.698313594273422 ], [ -99.146154860988389, 16.698583810427934 ], [ -99.146057061090715, 16.69874840365436 ], [ -99.145915408316597, 16.698971967189639 ], [ -99.145777120152189, 16.699179979817945 ], [ -99.145503907895389, 16.699580453988887 ], [ -99.145348745800817, 16.699802580261693 ], [ -99.145156472176737, 16.70006848503315 ], [ -99.144991178213786, 16.700289533367034 ], [ -99.144687569467933, 16.700686773417523 ], [ -99.144481785905882, 16.700951240634321 ], [ -99.144168043939786, 16.701347402214328 ], [ -99.143850923634119, 16.701743204070294 ], [ -99.143213302049844, 16.702534447055463 ], [ -99.142891673814049, 16.702928080995473 ], [ -99.142564413301429, 16.703317740805637 ], [ -99.142340607925746, 16.703573540091352 ], [ -99.141996452293498, 16.703951278102497 ], [ -99.141799623165326, 16.704157158658845 ], [ -99.14155329190433, 16.704397062504587 ], [ -99.141339568922646, 16.704591021664747 ], [ -99.1409447307108, 16.70493299499277 ], [ -99.140734368255536, 16.705106340525226 ], [ -99.140498119747051, 16.70528440411773 ], [ -99.140314734803198, 16.705407831280791 ], [ -99.140000828352314, 16.705600049040385 ], [ -99.139800549858734, 16.70571155466634 ], [ -99.139513620964209, 16.705853853836874 ], [ -99.139235684527648, 16.705979513352037 ], [ -99.138688803500358, 16.706214192030622 ], [ -99.138397726208751, 16.706329373083527 ], [ -99.138071376004746, 16.706440238182367 ], [ -99.137818536422742, 16.706509832374302 ], [ -99.137386367836001, 16.706607749593005 ], [ -99.137111001403085, 16.706657831949336 ], [ -99.136717070842323, 16.70671016190078 ], [ -99.136335886335459, 16.706747295861536 ], [ -99.135586263200963, 16.706806366482354 ], [ -99.135162296962648, 16.70683267858297 ], [ -99.134640021624833, 16.706852545194607 ], [ -99.134193529033823, 16.706859344037085 ], [ -99.133376326657796, 16.706859872678947 ], [ -99.132824016402083, 16.706853719489274 ], [ -99.131984288123874, 16.706834731157237 ], [ -99.131137051388691, 16.706809235529043 ], [ -99.12943506997658, 16.706751729907609 ], [ -99.128587829509627, 16.706719715186527 ], [ -99.127748089119535, 16.706681183712661 ], [ -99.12719576220384, 16.706648980907808 ], [ -99.126378521952816, 16.706590904086479 ], [ -99.125931999671863, 16.706552124574245 ], [ -99.125409672971131, 16.706493864133169 ], [ -99.124985650813272, 16.706435542985488 ], [ -99.124235911430119, 16.706318839047704 ], [ -99.123854657963719, 16.706251811682105 ], [ -99.123460636580447, 16.70616743483755 ], [ -99.123185187699363, 16.706093834397876 ], [ -99.122752862617574, 16.705957409819483 ], [ -99.122499914208063, 16.705864269159544 ], [ -99.122173393977945, 16.70572127201741 ], [ -99.121882142159691, 16.705576084024507 ], [ -99.121334907719486, 16.705283516556953 ], [ -99.121053782018265, 16.705129281651715 ], [ -99.120757638596686, 16.704959145094787 ], [ -99.120545191797007, 16.704829819204342 ], [ -99.120203994985545, 16.704611977995121 ], [ -99.11999942346533, 16.70447505353297 ], [ -99.119726905565912, 16.70428212149324 ], [ -99.119477280737541, 16.704097492474546 ], [ -99.119000924979147, 16.703736536954874 ], [ -99.118738908508959, 16.703533472977288 ], [ -99.118429214198272, 16.703285236995114 ], [ -99.118175073486938, 16.703074574351231 ], [ -99.117722346335441, 16.702690822040491 ], [ -99.117423154086453, 16.702432453969436 ], [ -99.116978304493784, 16.702041102089449 ], [ -99.116536081561463, 16.701647216605181 ], [ -99.115654265983594, 16.700856910111114 ], [ -99.115218802440452, 16.700463741139778 ], [ -99.114794223701509, 16.700074542698363 ], [ -99.11452205516693, 16.699819048059698 ], [ -99.114130128181927, 16.699441762672411 ], [ -99.113923274590618, 16.699236130867693 ], [ -99.113694640156041, 16.698996521176831 ], [ -99.11352043628338, 16.698802803545703 ], [ -99.113226459417149, 16.698461260227404 ], [ -99.113084910266622, 16.698288135084564 ], [ -99.112954239145381, 16.698110303206551 ], [ -99.112878002968003, 16.697987041942955 ], [ -99.112779965526741, 16.697795090054054 ], [ -99.112736378121824, 16.697683743471142 ], [ -99.112703653249838, 16.697541655640496 ], [ -99.112692699172641, 16.69741618917913 ], [ -99.112692561781813, 16.697181877627088 ], [ -99.112694368819561, 16.697064359235483 ], [ -99.112699927317948, 16.696946115615269 ], [ -99.112707384440796, 16.696866561306912 ], [ -99.112724197301475, 16.696746142001277 ], [ -99.112737289227752, 16.696678517157956 ], [ -99.1127597521469, 16.696596061933416 ], [ -99.112784098412433, 16.69652626140088 ], [ -99.112834674258366, 16.696399315020813 ], [ -99.112864650194751, 16.696332765736344 ], [ -99.112904002182376, 16.696260064266799 ], [ -99.112939612892418, 16.696205444434042 ], [ -99.113007093012101, 16.696114286395606 ], [ -99.11305395799711, 16.69605749084398 ], [ -99.113127072834828, 16.695978262225104 ], [ -99.113202065887876, 16.695903010065315 ], [ -99.113353930095073, 16.695756482147473 ], [ -99.113433426913915, 16.695684120172615 ], [ -99.113520053275181, 16.695613562216398 ], [ -99.113584933748527, 16.695568327605805 ], [ -99.113692948800775, 16.695503181716941 ], [ -99.113760086730537, 16.695468793573198 ], [ -99.113853485491688, 16.695430775040347 ], [ -99.113942012161615, 16.695401798949856 ], [ -99.114114193376111, 16.695352889143962 ], [ -99.114210602087581, 16.695329332473182 ], [ -99.11432764704854, 16.695307572317983 ], [ -99.114426313280461, 16.695294862061704 ], [ -99.114605267012223, 16.695278491389075 ], [ -99.11472532201141, 16.695271193024897 ], [ -99.114906533290622, 16.695265668602335 ], [ -99.115088497094021, 16.69526375952325 ], [ -99.115453177229284, 16.695263556385875 ], [ -99.115640021259168, 16.695266344795815 ], [ -99.115835873227724, 16.695274913467813 ], [ -99.11597544915486, 16.695286406237443 ], [ -99.116198324995921, 16.695312315837665 ], [ -99.116331152884754, 16.695332490365182 ], [ -99.116506760712724, 16.695367104408145 ], [ -99.116666612564586, 16.695404619921401 ], [ -99.116970560413165, 16.695482552218856 ], [ -99.117137171082334, 16.695528741755354 ], [ -99.117333055160472, 16.695589378242069 ], [ -99.117492917963901, 16.695644249525152 ], [ -99.117776622417537, 16.695748226750776 ], [ -99.117963509546371, 16.695820438701805 ], [ -99.11824046649113, 16.695933097341243 ], [ -99.118515174421304, 16.696048649630971 ], [ -99.119062341934836, 16.696282647136247 ], [ -99.119341551755312, 16.69639602617697 ], [ -99.1196320130326, 16.69650216649374 ], [ -99.119836905186489, 16.696565688121744 ], [ -99.120161120346282, 16.696650112622567 ], [ -99.120352491114247, 16.696689776519637 ], [ -99.120602388129186, 16.696724343848743 ], [ -99.120827512356172, 16.696742292112766 ], [ -99.121252988016423, 16.696761569193786 ], [ -99.121484856130962, 16.696764325928562 ], [ -99.121754984739283, 16.696753319400568 ], [ -99.121973330928455, 16.696732218476242 ], [ -99.122358240766914, 16.696679921989674 ], [ -99.122610339876886, 16.696637104916462 ], [ -99.122981727312137, 16.696560950216526 ], [ -99.123348607092026, 16.696476842515885 ], [ -99.124077858292949, 16.696300672847926 ], [ -99.124442485492594, 16.696215841378475 ], [ -99.124807116592365, 16.696137517920086 ], [ -99.125050208059221, 16.696091810577038 ], [ -99.125414851409374, 16.696033012006108 ], [ -99.125617435203736, 16.696006854508195 ], [ -99.125860543353909, 16.695987180822762 ], [ -99.126063139842728, 16.695980548844766 ], [ -99.126427821189864, 16.695980326357969 ], [ -99.126616919507129, 16.695986719393147 ], [ -99.126819533141813, 16.696006121281485 ], [ -99.126968124238118, 16.696032064779544 ], [ -99.127211283963263, 16.696090493326476 ], [ -99.1273598881141, 16.696135962496555 ], [ -99.127562540853006, 16.696213941517794 ], [ -99.127751691343562, 16.696298437329251 ], [ -99.128116490409326, 16.69647394544203 ], [ -99.128301140592612, 16.696560613083481 ], [ -99.128490291745152, 16.696645108212344 ], [ -99.128620893408794, 16.696699265852413 ], [ -99.128823547245744, 16.696777243626787 ], [ -99.128940633583781, 16.696818392170364 ], [ -99.12908923869854, 16.69686386008857 ], [ -99.129219827549193, 16.696898491395803 ], [ -99.129462989037236, 16.696956917279493 ], [ -99.129593573628128, 16.696985039699285 ], [ -99.129742165841776, 16.697010981195024 ], [ -99.129859234924567, 16.697026094614557 ], [ -99.13006184995929, 16.697045493316285 ], [ -99.13019242146828, 16.697054089406468 ], [ -99.130381520941739, 16.697060478992483 ], [ -99.130566115215146, 16.697062532146553 ], [ -99.130930798550608, 16.697062301709529 ], [ -99.131117640506034, 16.697059290663816 ], [ -99.131313483027782, 16.697050488268715 ], [ -99.131453045266866, 16.697038828715627 ], [ -99.131675889433595, 16.697012652415225 ], [ -99.131808692277104, 16.696992318720394 ], [ -99.131984256639427, 16.69695749399698 ], [ -99.132144061038574, 16.696919786455695 ], [ -99.132447909749658, 16.696841488357656 ], [ -99.132614461356397, 16.69679509793157 ], [ -99.132810267549146, 16.696734224924853 ], [ -99.13297005958816, 16.696679160348275 ], [ -99.133253629389046, 16.696574839490118 ], [ -99.133440422617227, 16.696502400754643 ], [ -99.133717232489261, 16.696389405418529 ], [ -99.133991788894633, 16.696273518437753 ], [ -99.134538647561001, 16.696038852117091 ], [ -99.134815454588733, 16.695923685766452 ], [ -99.135099017682066, 16.695812853737518 ], [ -99.135294815962808, 16.69574330018748 ], [ -99.135598647723157, 16.695645471528035 ], [ -99.135774199417654, 16.69559545674943 ], [ -99.135997022867187, 16.695543241210043 ], [ -99.136192843601066, 16.695506230060548 ], [ -99.136557482282967, 16.695447411883535 ], [ -99.136753310525037, 16.695421247953892 ], [ -99.136976156689769, 16.695401574609701 ], [ -99.137151738755406, 16.695394949661207 ], [ -99.137455638816505, 16.69539474802221 ], [ -99.137651490181398, 16.695401126489784 ], [ -99.137935144253817, 16.695420463569523 ], [ -99.138212049724274, 16.69544631341962 ], [ -99.138759112240507, 16.695504525183679 ], [ -99.139037519199192, 16.695531096104123 ], [ -99.139325677386623, 16.69555259779959 ], [ -99.139527534028772, 16.695561863180767 ], [ -99.139844945738218, 16.695568157572005 ], [ -99.140031036720657, 16.695566585362716 ], [ -99.140271897927462, 16.69555557448151 ], [ -99.140487242261671, 16.695538795176919 ], [ -99.14089241396259, 16.695499467802982 ], [ -99.141112254027902, 16.695474006585822 ], [ -99.14136660257067, 16.695436950628391 ], [ -99.141570676728463, 16.695400651942411 ], [ -99.141928550544563, 16.69532881163833 ], [ -99.14216187767353, 16.695277305452219 ], [ -99.142503985226782, 16.695194627233558 ], [ -99.14284083720959, 16.695108336161102 ], [ -99.143509284975863, 16.69493214010323 ] ] ] ] } },
{ "type": "Feature", "properties": { "fid": 18.0, "cat": 18, "VULNERABIL": 4.0, "NOM_ACUIF": "NEXPA", "CLAVE_ACUI": "1232" }, "geometry": { "type": "MultiPolygon", "coordinates": [ [ [ [ -99.140400093749264, 16.668149689201694 ], [ -99.140805103387521, 16.667967533285129 ], [ -99.141200017648302, 16.667831667324563 ], [ -99.141453198966673, 16.667787380357744 ], [ -99.141817829040164, 16.667790385490129 ], [ -99.142010306894562, 16.667838345513694 ], [ -99.142223110587139, 16.667979220731223 ], [ -99.142385305730272, 16.66816605277446 ], [ -99.142659088058764, 16.668585673576629 ], [ -99.142790955463468, 16.668849545395908 ], [ -99.142912774867852, 16.669221540251101 ], [ -99.142983939727628, 16.669577659900927 ], [ -99.143075615041042, 16.670274023992661 ], [ -99.143116497743108, 16.670769016015413 ], [ -99.143147470267081, 16.671557628009204 ], [ -99.143158208358116, 16.672376989283315 ], [ -99.143159450014977, 16.674046460977046 ], [ -99.143158188850478, 16.674872700601426 ], [ -99.143153163596011, 16.67568194791809 ], [ -99.143146049299915, 16.676204453853039 ], [ -99.143129731606265, 16.676962724346033 ], [ -99.14311690203634, 16.677366993467277 ], [ -99.143094731025499, 16.677821530360841 ], [ -99.143070608881601, 16.678174822730448 ], [ -99.14302041332455, 16.678780162930014 ], [ -99.142990621717217, 16.679077050776755 ], [ -99.142951442577143, 16.679362374137881 ], [ -99.142915935636537, 16.679541025229074 ], [ -99.14284859391465, 16.679791655133382 ], [ -99.142801794309122, 16.679919329478047 ], [ -99.142728737263042, 16.680051722607672 ], [ -99.142653775116457, 16.680144703466453 ], [ -99.142501945635217, 16.680291252856577 ], [ -99.142423966781479, 16.680363624948594 ], [ -99.142341859815502, 16.680434191887201 ], [ -99.142282993750712, 16.680479431369694 ], [ -99.142188502519701, 16.680544582871576 ], [ -99.14213187930892, 16.680578973003666 ], [ -99.142056500930323, 16.680616991908494 ], [ -99.141987493509646, 16.680645966611809 ], [ -99.141855849601171, 16.680694871779561 ], [ -99.141783461715676, 16.680718424846788 ], [ -99.141697941999567, 16.680740178912842 ], [ -99.141627797031674, 16.680752882623594 ], [ -99.141502881842584, 16.680769239663121 ], [ -99.14142035269316, 16.680776527881253 ], [ -99.141297680443444, 16.68078203549787 ], [ -99.141175755846163, 16.680783926609621 ], [ -99.140932654307306, 16.680784092186439 ], [ -99.140807349852707, 16.680781284681938 ], [ -99.140674538037061, 16.680772696724997 ], [ -99.140578489472048, 16.680761190992893 ], [ -99.14042315561251, 16.680735261732469 ], [ -99.140329351690028, 16.680715076148047 ], [ -99.140203273784664, 16.680680448681674 ], [ -99.140086947885337, 16.680642921803614 ], [ -99.139864048182076, 16.680564968526063 ], [ -99.139740963302273, 16.680518767801988 ], [ -99.139594608307874, 16.680458118998928 ], [ -99.139473768204923, 16.68040323838656 ], [ -99.139257602984273, 16.68029924526985 ], [ -99.139114241185922, 16.68022702315746 ], [ -99.138900321022874, 16.680114349939885 ], [ -99.138687149334373, 16.679998783258664 ], [ -99.138261554952791, 16.679764755990195 ], [ -99.138048384031705, 16.679649188641829 ], [ -99.137834465129131, 16.679536514307571 ], [ -99.137691104427688, 16.679464291196492 ], [ -99.137474941214563, 16.679360296194623 ], [ -99.137354102398277, 16.679305414329985 ], [ -99.137207749068708, 16.679244763820577 ], [ -99.137084665661135, 16.679198561500872 ], [ -99.136861768826265, 16.679120604959607 ], [ -99.136745444509074, 16.679083076187137 ], [ -99.136619368302931, 16.679048446520746 ], [ -99.136525565589437, 16.679028259201058 ], [ -99.136370233652571, 16.679002326881974 ], [ -99.136274186213512, 16.678990819143191 ], [ -99.136141375813366, 16.678982228267017 ], [ -99.136016072579025, 16.678979417853871 ], [ -99.135772973266938, 16.678979577357254 ], [ -99.135641677272147, 16.678990511156837 ], [ -99.135490888566991, 16.679023153169393 ], [ -99.135370870021887, 16.679066622735121 ], [ -99.135161602983729, 16.679164389352227 ], [ -99.135025850656234, 16.679240412300857 ], [ -99.134827860675188, 16.679370714544227 ], [ -99.134633629558678, 16.67951186192661 ], [ -99.13424892558659, 16.679805001480148 ], [ -99.134029956033928, 16.679978707644448 ], [ -99.133757751700401, 16.680206686821354 ], [ -99.133523047277762, 16.680412945923958 ], [ -99.1330911376036, 16.680803743691744 ], [ -99.132797952130119, 16.681075126169191 ], [ -99.132350305240593, 16.681498475788459 ], [ -99.131897411591211, 16.681932675547571 ], [ -99.130986373294434, 16.682811923170689 ], [ -99.130533097085674, 16.683244312211414 ], [ -99.13008431100782, 16.683662233742361 ], [ -99.1297896114026, 16.683926381046859 ], [ -99.129354298834173, 16.684300901468724 ], [ -99.129116950045955, 16.68449450148119 ], [ -99.128840216984315, 16.684700781461359 ], [ -99.128616344105396, 16.684850981440302 ], [ -99.128221458255695, 16.685095301142258 ], [ -99.128021194593188, 16.685207518667795 ], [ -99.127815289993762, 16.685299851907594 ], [ -99.127672379461544, 16.685341523190985 ], [ -99.127449552545272, 16.685374203777929 ], [ -99.127320119127162, 16.685372475449981 ], [ -99.127154645883579, 16.68533460995026 ], [ -99.127008290635274, 16.685273229093177 ], [ -99.126734698367258, 16.685126951865904 ], [ -99.126596962452524, 16.685050740155091 ], [ -99.126457346779532, 16.684968382430498 ], [ -99.126362389867083, 16.684907331305858 ], [ -99.126217134824543, 16.684806535651024 ], [ -99.126134557789925, 16.684744392096086 ], [ -99.126032081688066, 16.684658757120705 ], [ -99.12594386523611, 16.684578175712641 ], [ -99.125781692096822, 16.684422066411074 ], [ -99.125695722588191, 16.684334974867308 ], [ -99.125599987095995, 16.684229809594306 ], [ -99.125526397442712, 16.684141625690767 ], [ -99.125401364043611, 16.683982239230911 ], [ -99.125322135116619, 16.683875617457076 ], [ -99.125209481721953, 16.683715138604967 ], [ -99.125100955066415, 16.683554295602409 ], [ -99.124888028845632, 16.683232245334356 ], [ -99.124770874255233, 16.683071768943805 ], [ -99.124632336381211, 16.68291239013158 ], [ -99.124518594457598, 16.682807235172987 ], [ -99.124315906626464, 16.682651149038602 ], [ -99.12418191897379, 16.6825655320335 ], [ -99.123982643766468, 16.68246476715845 ], [ -99.123784506113239, 16.682382442622597 ], [ -99.123389368619712, 16.682236233512835 ], [ -99.123163099340999, 16.682161518578894 ], [ -99.122879428752483, 16.682083583133071 ], [ -99.122632913689245, 16.682028405620716 ], [ -99.122177039208651, 16.681940808118561 ], [ -99.121866374373866, 16.681888921860136 ], [ -99.121390254297381, 16.681820860526837 ], [ -99.120907385780825, 16.681759310701036 ], [ -99.119934900852826, 16.681642720237935 ], [ -99.119438158868633, 16.681591661196414 ], [ -99.118920417204492, 16.681555076721612 ], [ -99.118554256237331, 16.681545162075107 ], [ -99.11797351483969, 16.68155200238871 ], [ -99.117629880672112, 16.681570277489286 ], [ -99.117179719447918, 16.681618262911385 ], [ -99.116773084750918, 16.681679963332435 ], [ -99.116003341294274, 16.681817077921036 ], [ -99.115583214391549, 16.681902648673105 ], [ -99.115092577472396, 16.682022247471423 ], [ -99.11469497610004, 16.682136008121084 ], [ -99.113992808225305, 16.682357690461345 ], [ -99.113532204159497, 16.682514874657397 ], [ -99.112852559739622, 16.682764745005159 ], [ -99.112180422253502, 16.683024010464869 ], [ -99.110843650477719, 16.68355193223875 ], [ -99.110174510045013, 16.683813359148356 ], [ -99.109503864245681, 16.684069722399826 ], [ -99.109055262520798, 16.684235568526521 ], [ -99.108380103208219, 16.684476743635617 ], [ -99.108003510463419, 16.684605667347086 ], [ -99.107548892215775, 16.684751264173052 ], [ -99.107167787924283, 16.684865001824996 ], [ -99.106479092817438, 16.685060617094805 ], [ -99.106120487638336, 16.685156984810074 ], [ -99.105733367896732, 16.685250473728665 ], [ -99.105446773653242, 16.685309921056827 ], [ -99.104974110635723, 16.685394773886152 ], [ -99.104683005674744, 16.685439035560076 ], [ -99.104282353955341, 16.685486967954507 ], [ -99.103905706044884, 16.685522593383993 ], [ -99.103176413860837, 16.68558153608317 ], [ -99.102809517948572, 16.685613538735005 ], [ -99.10243812260596, 16.685650605258754 ], [ -99.10218602631744, 16.68568038042088 ], [ -99.101801132750268, 16.685732639350807 ], [ -99.101582803568846, 16.685766736283856 ], [ -99.101312709638933, 16.685816768394961 ], [ -99.101080882237255, 16.685866058290348 ], [ -99.10065549376543, 16.68596389551826 ], [ -99.10043042242684, 16.686019690067234 ], [ -99.100180597053139, 16.686089236867332 ], [ -99.099989292778019, 16.686149353706099 ], [ -99.099665205197198, 16.686260157285286 ], [ -99.099460402391955, 16.686335467019823 ], [ -99.099170081574641, 16.686450592710919 ], [ -99.098891016208128, 16.686567158989508 ], [ -99.098344140265112, 16.686801731443346 ], [ -99.098066573822777, 16.686916849529478 ], [ -99.09778075111177, 16.687027632033196 ], [ -99.097581946520606, 16.687097151598095 ], [ -99.097271355466717, 16.687194927741615 ], [ -99.097090548815174, 16.687244912382106 ], [ -99.096858720041709, 16.687297090297388 ], [ -99.096653145415885, 16.687334068812074 ], [ -99.096268250237202, 16.687392826137209 ], [ -99.096060418952135, 16.687418957337698 ], [ -99.095821820401554, 16.687438593907324 ], [ -99.095631987470554, 16.687445190350406 ], [ -99.095301087259301, 16.687445342940617 ], [ -99.095086486623373, 16.68743893295256 ], [ -99.094773584969474, 16.687419550435255 ], [ -99.094466682902564, 16.687393656041458 ], [ -99.093858878554656, 16.687335354501805 ], [ -99.093551226045975, 16.687308735904622 ], [ -99.093236072674017, 16.687287182523729 ], [ -99.093018469512458, 16.687277879002497 ], [ -99.092680813367224, 16.687271521772598 ], [ -99.092485725662883, 16.687273055387088 ], [ -99.092238118662323, 16.687284013630329 ], [ -99.092020528004397, 16.687300743718815 ], [ -99.091615362938072, 16.687339975410193 ], [ -99.091397776283586, 16.687365383064364 ], [ -99.091150181434912, 16.687402374666497 ], [ -99.09095510999569, 16.687438619718463 ], [ -99.09061749042138, 16.687510363102838 ], [ -99.090399915675093, 16.687561804368841 ], [ -99.090084810998334, 16.687644384829774 ], [ -99.089777211155052, 16.68773057748286 ], [ -99.089169515736742, 16.687906574112866 ], [ -99.088866417114716, 16.687992763475254 ], [ -99.088564817240055, 16.688075335827541 ], [ -99.088365249537219, 16.68812676725312 ], [ -99.088068146328297, 16.688198489186245 ], [ -99.087904587928207, 16.68823471795849 ], [ -99.087711016035712, 16.688271682505462 ], [ -99.087551954630726, 16.688297061317094 ], [ -99.087268342280126, 16.688336233066764 ], [ -99.087122783028491, 16.688352927635027 ], [ -99.086969717690508, 16.688363839773526 ], [ -99.086860168064547, 16.688365332138179 ], [ -99.08668458454396, 16.688358897069733 ], [ -99.086579532100046, 16.688349539625598 ], [ -99.086439958302236, 16.688327902398115 ], [ -99.086312387769837, 16.688301197776035 ], [ -99.086069250047515, 16.688242721009129 ], [ -99.085946554432738, 16.688210590245387 ], [ -99.085821605245599, 16.688172674861601 ], [ -99.085736052204609, 16.688141613348975 ], [ -99.085604342286445, 16.688086344189131 ], [ -99.085528916539488, 16.688049854513508 ], [ -99.085434349201975, 16.687995654673617 ], [ -99.085352162733685, 16.687941811278463 ], [ -99.085200170743818, 16.68783448088638 ], [ -99.085119106561919, 16.687773043490782 ], [ -99.085027905941814, 16.687696061744344 ], [ -99.084956969088282, 16.687629196235122 ], [ -99.084835359203367, 16.687505581432195 ], [ -99.084757661770183, 16.687421362177552 ], [ -99.084646179351139, 16.687292319224113 ], [ -99.084538072815917, 16.687161466866776 ], [ -99.084325235918769, 16.686897952637668 ], [ -99.084224626238424, 16.686751186979873 ], [ -99.084135633814668, 16.686574404359707 ], [ -99.084087922724791, 16.686426532347813 ], [ -99.084033781870716, 16.686159698945826 ], [ -99.084015320770305, 16.685981441251982 ], [ -99.084014078225351, 16.68571350158226 ], [ -99.084030468354371, 16.685445193157371 ], [ -99.08408088110005, 16.684908207531191 ], [ -99.084118637921932, 16.684599753609632 ], [ -99.084181495657987, 16.684211377475346 ], [ -99.084248501637902, 16.683872537826826 ], [ -99.084386661413134, 16.683244394953125 ], [ -99.084488517183928, 16.682815504391691 ], [ -99.084655924559058, 16.682156975550541 ], [ -99.08483308046327, 16.681488317944787 ], [ -99.085024248240799, 16.68078077337983 ], [ -99.085197138187169, 16.680140873555533 ], [ -99.085384416518878, 16.679465340934765 ], [ -99.085582196237041, 16.678786187838149 ], [ -99.085724551275916, 16.678329798705203 ], [ -99.085953836508992, 16.67763978435951 ], [ -99.08609171908563, 16.677252822635616 ], [ -99.086276082073056, 16.676781951883537 ], [ -99.086445471025499, 16.676384128983109 ], [ -99.086769273879938, 16.675661530791366 ], [ -99.086947673177093, 16.675283229694884 ], [ -99.087159069226175, 16.674870924808676 ], [ -99.087332996790991, 16.674562051104044 ], [ -99.087643382935099, 16.674047734706448 ], [ -99.087848816099992, 16.673727999428195 ], [ -99.088154729612569, 16.673283110003421 ], [ -99.08845915178135, 16.672861362708844 ], [ -99.089066502270654, 16.672041009345609 ], [ -99.089367173453923, 16.671628663717488 ], [ -99.089661839110846, 16.671211981123466 ], [ -99.08985227793886, 16.670929855974755 ], [ -99.090128928793405, 16.670500163154909 ], [ -99.090276618955883, 16.670257108254884 ], [ -99.090443039065974, 16.669957636535568 ], [ -99.090572715776261, 16.669701571922076 ], [ -99.090795325421624, 16.669232849724128 ], [ -99.090904748021615, 16.668985471999516 ], [ -99.091010406696782, 16.66871206115389 ], [ -99.091077081998023, 16.668503754165695 ], [ -99.09117144919783, 16.668152244051019 ], [ -99.091220111614916, 16.667930927574194 ], [ -99.091271731784005, 16.667618488279558 ], [ -99.09130910297948, 16.667319072599287 ], [ -99.09136959626764, 16.666733264834807 ], [ -99.091401718252627, 16.666439998513837 ], [ -99.091437591087029, 16.666146007338689 ], [ -99.09146525719143, 16.665949288372246 ], [ -99.09151238264657, 16.665653122645097 ], [ -99.091542314325096, 16.665487861278766 ], [ -99.091584983942298, 16.665288242911096 ], [ -99.091626168276235, 16.665120806994896 ], [ -99.091707051551239, 16.664818117596024 ], [ -99.091752741842797, 16.664660442674883 ], [ -99.091808929544626, 16.664490107324731 ], [ -99.091856885432151, 16.664363889995432 ], [ -99.091944565332895, 16.664155573342509 ], [ -99.092003773753859, 16.664027181424082 ], [ -99.092093719132095, 16.663850322321107 ], [ -99.092184419612792, 16.663683949049151 ], [ -99.092366575381376, 16.663361688252373 ], [ -99.092469660708829, 16.663208326693265 ], [ -99.092596761206437, 16.663070502871516 ], [ -99.092705510103599, 16.662994158057458 ], [ -99.092904656292404, 16.662902947362163 ], [ -99.093039308326112, 16.662867812410106 ], [ -99.093244118343861, 16.662853618241858 ], [ -99.093450816398189, 16.662865096151712 ], [ -99.093866100701092, 16.662913723628836 ], [ -99.094105448823555, 16.662954475163108 ], [ -99.094408208904042, 16.663028102548335 ], [ -99.09467346101512, 16.663110063271453 ], [ -99.095166457699179, 16.663282317564914 ], [ -99.095503757294196, 16.663410889674832 ], [ -99.096022659573933, 16.66362435162484 ], [ -99.096550197744463, 16.663851548790603 ], [ -99.097613912644533, 16.66431967553951 ], [ -99.098147458984286, 16.664551566490164 ], [ -99.098684380514086, 16.664779115329644 ], [ -99.099045702807743, 16.664926473045167 ], [ -99.09959274812519, 16.665140997317501 ], [ -99.099900036606272, 16.665255836094914 ], [ -99.100274856259233, 16.665385828669901 ], [ -99.100592267174875, 16.665487644160084 ], [ -99.101169680629539, 16.66566309743223 ], [ -99.101472454474703, 16.665749731795742 ], [ -99.101803362051328, 16.665834182338624 ], [ -99.102052100728329, 16.665888298995885 ], [ -99.102467409212025, 16.665966198222083 ], [ -99.102726269766023, 16.666007291707892 ], [ -99.103087542834572, 16.666052673074969 ], [ -99.103430804070399, 16.666087215004776 ], [ -99.104099314859297, 16.666145458408458 ], [ -99.104441451045716, 16.66617999922742 ], [ -99.104799348665097, 16.666225379307075 ], [ -99.10505370850089, 16.666266472156344 ], [ -99.105458890494333, 16.666344370507552 ], [ -99.105699753119552, 16.666398486783272 ], [ -99.106017158970118, 16.666482937463375 ], [ -99.106305306194457, 16.666569572223665 ], [ -99.106852342492431, 16.66674502518163 ], [ -99.107151752828571, 16.666846839863283 ], [ -99.107502947193765, 16.666976831519037 ], [ -99.107788860819397, 16.667091669627116 ], [ -99.108295407765354, 16.66730619186254 ], [ -99.108628607226706, 16.667453547467669 ], [ -99.109121658689574, 16.667681092090508 ], [ -99.109610212197424, 16.667912977024962 ], [ -99.11058282362319, 16.66838108491951 ], [ -99.111076631683432, 16.668611517185919 ], [ -99.111585442082472, 16.668834708325942 ], [ -99.111939650827082, 16.668976261755592 ], [ -99.112493466646924, 16.669177730751343 ], [ -99.11281614375018, 16.669282417300728 ], [ -99.113230358792563, 16.669395008392399 ], [ -99.113598040065156, 16.669477973543003 ], [ -99.114286869161475, 16.6696142769262 ], [ -99.114659041293294, 16.669677711690895 ], [ -99.115086728108082, 16.669731713543847 ], [ -99.115427367213698, 16.6697582819552 ], [ -99.116021597657863, 16.669783984789209 ], [ -99.116407240137377, 16.669788830809853 ], [ -99.116969936983224, 16.669777666156111 ], [ -99.11752212245284, 16.669754211776986 ], [ -99.118615981591489, 16.669695010464867 ], [ -99.119159911377423, 16.669667940520206 ], [ -99.119697841983097, 16.669645934914723 ], [ -99.120050463305375, 16.669636329511846 ], [ -99.120570396724432, 16.669629518969639 ], [ -99.120853249617738, 16.669630800570751 ], [ -99.121181874931054, 16.669641456438256 ], [ -99.121446730926792, 16.669657934654129 ], [ -99.1219126736991, 16.66969671308247 ], [ -99.122148274771305, 16.669721885839174 ], [ -99.122389135155402, 16.669758626193246 ], [ -99.122554968057884, 16.669794687468038 ], [ -99.122811606446845, 16.669866130912432 ], [ -99.122959442701742, 16.669917389427546 ], [ -99.123146313057745, 16.669999721628091 ], [ -99.123309927450151, 16.670085683427505 ], [ -99.123613900533613, 16.670261236436989 ], [ -99.123767762268173, 16.670347926873571 ], [ -99.123925374112019, 16.670432445394596 ], [ -99.124034198722214, 16.670486619206141 ], [ -99.124203060707814, 16.670564622108031 ], [ -99.124300622951182, 16.670605785186993 ], [ -99.12442444764369, 16.670651271565003 ], [ -99.124533259885695, 16.670685919107154 ], [ -99.124735871961661, 16.67074437527247 ], [ -99.124844680090419, 16.67077251398204 ], [ -99.124968492341523, 16.670798474028775 ], [ -99.125066037951456, 16.670813602072869 ], [ -99.125234862530277, 16.670833026116053 ], [ -99.125343658067081, 16.670841638559054 ], [ -99.125501220083009, 16.670848051856812 ], [ -99.125655027900621, 16.670850128197809 ], [ -99.125958889328572, 16.670849943705907 ], [ -99.126112694307665, 16.670847680595379 ], [ -99.12627024781176, 16.670841075972959 ], [ -99.126379032001481, 16.670832331425103 ], [ -99.126547831050729, 16.670812702392258 ], [ -99.126645356805128, 16.670797455910176 ], [ -99.126769135019913, 16.670771345539137 ], [ -99.126877906276945, 16.670743074727238 ], [ -99.127080441772705, 16.670684372580126 ], [ -99.127189208633681, 16.670649592937732 ], [ -99.127312973764646, 16.670603956240168 ], [ -99.127410482120013, 16.670562674728888 ], [ -99.127579242002639, 16.670484466850386 ], [ -99.127687995708243, 16.670430160944434 ], [ -99.127845496941561, 16.670345451116834 ], [ -99.127999245229375, 16.670258573931275 ], [ -99.128302988580771, 16.670082651985567 ], [ -99.128464989922136, 16.669996492530196 ], [ -99.128647250861434, 16.669913936299427 ], [ -99.128789017807705, 16.669862502060578 ], [ -99.129032057689969, 16.669790755491846 ], [ -99.129187339504199, 16.669754499462421 ], [ -99.129410145128375, 16.669717477973006 ], [ -99.12962620602157, 16.669692031432987 ], [ -99.130051583015003, 16.6696527128803 ], [ -99.130292408536377, 16.66963592832947 ], [ -99.130589508202377, 16.669624893527264 ], [ -99.130843848821002, 16.669623286715051 ], [ -99.131309771050468, 16.669629500665899 ], [ -99.131624890964602, 16.669638702154852 ], [ -99.132104328528158, 16.669660092629368 ], [ -99.132588271298246, 16.669686541409838 ], [ -99.133560662346412, 16.66974449497172 ], [ -99.134050980789041, 16.669768043481859 ], [ -99.134549544739656, 16.669780737695412 ], [ -99.13489016611571, 16.669778346688894 ], [ -99.135413466176757, 16.669758479375282 ], [ -99.135712433711021, 16.669736588226844 ], [ -99.13608603620969, 16.669690782527336 ], [ -99.136409739414034, 16.669636330784286 ], [ -99.137007246155278, 16.669518780557095 ], [ -99.13732530939869, 16.669446974665775 ], [ -99.137681992638164, 16.669349107956734 ], [ -99.137958401441452, 16.669257802761834 ], [ -99.138430944275584, 16.669081753578247 ], [ -99.138732087710963, 16.668957887486329 ], [ -99.139162975176717, 16.668762338514842 ], [ -99.139579977125663, 16.668560289334074 ], [ -99.140400093749264, 16.668149689201694 ] ] ] ] } },
{ "type": "Feature", "properties": { "fid": 3.0, "cat": 3, "VULNERABIL": 2.0, "NOM_ACUIF": "NEXPA", "CLAVE_ACUI": "1232" }, "geometry": { "type": "MultiPolygon", "coordinates": [ [ [ [ -99.289106275516687, 17.051795026848556 ], [ -99.285387566084268, 17.050857074934932 ], [ -99.268771976699284, 17.046665255367277 ], [ -99.264396292247113, 17.069675529049718 ], [ -99.263653209710498, 17.073582602180185 ], [ -99.264044291389638, 17.071526343550644 ], [ -99.263715111686295, 17.071518648332273 ], [ -99.262844441975901, 17.071498292150139 ], [ -99.262630215749766, 17.071535450308016 ], [ -99.262426775036076, 17.071489431753655 ], [ -99.262030679666751, 17.071314217558513 ], [ -99.261823411995479, 17.071219390537358 ], [ -99.261597704037399, 17.071110124022724 ], [ -99.261428791737444, 17.071022840243721 ], [ -99.261147762924281, 17.070870255326753 ], [ -99.260973195588676, 17.070771046420209 ], [ -99.260730522341333, 17.070626004684446 ], [ -99.260500634395683, 17.070483477273878 ], [ -99.260053644449329, 17.070200936302321 ], [ -99.25980343215916, 17.070039993732472 ], [ -99.259499784773084, 17.069839707356937 ], [ -99.259243918120305, 17.069666839288846 ], [ -99.258779966162237, 17.069348521043487 ], [ -99.258468780644108, 17.069132333333297 ], [ -99.257999176100469, 17.068802088429592 ], [ -99.257527688145586, 17.068467867456825 ], [ -99.256582832220602, 17.067795447165452 ], [ -99.256116984119103, 17.067458323077982 ], [ -99.255664292333023, 17.067119373434739 ], [ -99.255375653350214, 17.06689158199249 ], [ -99.254962428110744, 17.066547157422111 ], [ -99.254746013792555, 17.066353985668378 ], [ -99.254509995463138, 17.066118895367879 ], [ -99.254384812980447, 17.065978364364479 ], [ -99.254333045843225, 17.065920250015896 ], [ -99.254297396383578, 17.065876618350259 ], [ -99.254038215676701, 17.065559404148193 ], [ -99.253898495769022, 17.065370474366571 ], [ -99.253774165637779, 17.065164531137569 ], [ -99.253706668524003, 17.065010222265933 ], [ -99.253628507276417, 17.064753238909702 ], [ -99.253617263539169, 17.064689152953417 ], [ -99.253600473919349, 17.064593457030114 ], [ -99.253595062868555, 17.064390860304783 ], [ -99.253594534961948, 17.06437109477038 ], [ -99.253612669987135, 17.064160272885008 ], [ -99.253660083036237, 17.063838048776979 ], [ -99.253673013840924, 17.063750169471476 ], [ -99.253715578504156, 17.063536062845937 ], [ -99.25378292869884, 17.063303846386539 ], [ -99.253852614333894, 17.063130925569347 ], [ -99.253960581255697, 17.062912604784085 ], [ -99.253994320867875, 17.062844379526645 ], [ -99.254097832046384, 17.062667077377181 ], [ -99.254266659040653, 17.062421716945384 ], [ -99.25444452599146, 17.06219008496025 ], [ -99.254809298981954, 17.061740549095678 ], [ -99.255023225114002, 17.061489346196943 ], [ -99.255300231082799, 17.061185273549913 ], [ -99.255547981483048, 17.060929688642997 ], [ -99.256014225781257, 17.060467006112034 ], [ -99.256336329169329, 17.060157089960075 ], [ -99.256836394907438, 17.059690023929388 ], [ -99.257347733224563, 17.059221496081847 ], [ -99.258381677203587, 17.058282975908508 ], [ -99.258887736281224, 17.05780794254704 ], [ -99.259371974756547, 17.05732136534748 ], [ -99.259672980993102, 17.056985437354406 ], [ -99.260091761355341, 17.056464230764909 ], [ -99.260302598149394, 17.056163128685576 ], [ -99.26051632913844, 17.055781029457812 ], [ -99.260661710787176, 17.055445299579294 ], [ -99.260884124350042, 17.054820209148648 ], [ -99.26097763152282, 17.054484545658131 ], [ -99.261035740296705, 17.05410264577316 ], [ -99.261039081338154, 17.05380180948799 ], [ -99.260990996030372, 17.053281200508145 ], [ -99.260928884269816, 17.05294573690697 ], [ -99.260790634592126, 17.052459955026332 ], [ -99.260622330730854, 17.051985782047691 ], [ -99.260255670812981, 17.051049044545 ], [ -99.260075350321216, 17.050581394797245 ], [ -99.259901046874106, 17.050115183466918 ], [ -99.259790861186488, 17.049805814426559 ], [ -99.2596346075063, 17.04934391865654 ], [ -99.259553816341537, 17.049088748452071 ], [ -99.2594676961955, 17.048785133676876 ], [ -99.259404953741978, 17.048534279266949 ], [ -99.259302846672782, 17.048085330793437 ], [ -99.25928235690111, 17.047984319043731 ], [ -99.259255918519727, 17.047853981297184 ], [ -99.259217240864899, 17.047608881324035 ], [ -99.259199706192661, 17.047431730875129 ], [ -99.259187636643489, 17.04718355968819 ], [ -99.259185779793029, 17.047145379504947 ], [ -99.259186293279186, 17.046972544947778 ], [ -99.259201760082036, 17.046740392648882 ], [ -99.259227024556338, 17.046526306704738 ], [ -99.259274423951325, 17.046204080917949 ], [ -99.259287351032242, 17.046116201154621 ], [ -99.259300549433831, 17.046020004767183 ], [ -99.259315633305718, 17.045910066036761 ], [ -99.259340153783143, 17.045701766249547 ], [ -99.259352739005152, 17.045560735059215 ], [ -99.25936597420997, 17.04534594127643 ], [ -99.259369565361993, 17.045224446733169 ], [ -99.259367103634816, 17.045074756887999 ], [ -99.259359409616309, 17.044946768355477 ], [ -99.259338789321362, 17.044712492599182 ], [ -99.259324335623774, 17.044588851614943 ], [ -99.259301594811873, 17.044452204420779 ], [ -99.25927977546975, 17.044355329548559 ], [ -99.259278147161552, 17.044348100080342 ], [ -99.259230545060305, 17.044172434246139 ], [ -99.259195812378252, 17.044061835897093 ], [ -99.25913921643631, 17.043905706681439 ], [ -99.259079622592154, 17.043756089660452 ], [ -99.258957437195193, 17.043463367768059 ], [ -99.258883930984567, 17.043309791057286 ], [ -99.258785597610469, 17.043141782840255 ], [ -99.258695214864773, 17.043015345845664 ], [ -99.258522400143477, 17.042804043009671 ], [ -99.25840156493966, 17.042672220952994 ], [ -99.258211874037414, 17.042488057599765 ], [ -99.258016557892446, 17.042312940638521 ], [ -99.25762030106911, 17.041971752695911 ], [ -99.257390008134124, 17.041780408460959 ], [ -99.257095385680458, 17.041547563939552 ], [ -99.256834641253477, 17.041350833912308 ], [ -99.256347031171686, 17.040993487841856 ], [ -99.256011808001347, 17.040753461356733 ], [ -99.255493748667675, 17.040390727869877 ], [ -99.254965540563859, 17.040026197868961 ], [ -99.2538989797591, 17.039295338419556 ], [ -99.253356490199479, 17.038927206185665 ], [ -99.252795578303775, 17.038553671712673 ], [ -99.252403213857903, 17.038299247060905 ], [ -99.252326827617537, 17.038250932326225 ], [ -99.251787032630631, 17.037909507361594 ], [ -99.251426286496979, 17.037687583602452 ], [ -99.250960228536769, 17.037411552572667 ], [ -99.25054421156311, 17.037173424443846 ], [ -99.249762220107428, 17.036735069766426 ], [ -99.249338320327453, 17.036502372469901 ], [ -99.248848610926174, 17.036242636505069 ], [ -99.248456328200277, 17.036042440631814 ], [ -99.247769190174026, 17.035701588201849 ], [ -99.247321637709007, 17.035485186450252 ], [ -99.246666118113851, 17.035176833769089 ], [ -99.246021138719072, 17.034879313522875 ], [ -99.244741723951137, 17.034295101440637 ], [ -99.244094491694298, 17.033994685072951 ], [ -99.24343220592587, 17.033677652046567 ], [ -99.242975627809585, 17.033449680877983 ], [ -99.242644295973079, 17.033277853596164 ], [ -99.242268179579369, 17.033082800189135 ], [ -99.241860098613444, 17.032862361816495 ], [ -99.241410113157158, 17.032605991907129 ], [ -99.24134330319319, 17.032567928165673 ], [ -99.240890058734777, 17.032297643628471 ], [ -99.240774017927095, 17.032226552056635 ], [ -99.240047122774769, 17.031781222176491 ], [ -99.239594991635414, 17.031496831824146 ], [ -99.239081532330729, 17.031160083718024 ], [ -99.238677897821134, 17.030883227392305 ], [ -99.237980454808451, 17.030389405767082 ], [ -99.237531659305745, 17.030062702149678 ], [ -99.236882715608516, 17.029576413139949 ], [ -99.236249939635144, 17.029092634264789 ], [ -99.235000561700716, 17.028127582788667 ], [ -99.234383585152671, 17.027647395455759 ], [ -99.233782026947424, 17.027171888991038 ], [ -99.233396404996768, 17.026859566490781 ], [ -99.232841097140721, 17.026398105633721 ], [ -99.232548009040244, 17.026146420709129 ], [ -99.232224051456399, 17.025852827481522 ], [ -99.231977210122963, 17.025615190460456 ], [ -99.231560644271255, 17.025195872387343 ], [ -99.231360062859736, 17.024983130838624 ], [ -99.231174883526961, 17.024764224741915 ], [ -99.23106683249442, 17.024612122912917 ], [ -99.230927858677191, 17.024374723571803 ], [ -99.230866052745881, 17.02423667068695 ], [ -99.230819608593279, 17.02405991143354 ], [ -99.230804007552294, 17.023903365576967 ], [ -99.230803648527186, 17.023610487264868 ], [ -99.230815866117211, 17.023459695095223 ], [ -99.23085287786698, 17.023300196898383 ], [ -99.230882671478554, 17.023230912549725 ], [ -99.23090234649321, 17.023185158732062 ], [ -99.230958043532567, 17.023092350570977 ], [ -99.23101374051744, 17.022999542394459 ], [ -99.231071433110856, 17.022925112577052 ], [ -99.231100420104056, 17.022887716126039 ], [ -99.231131220381485, 17.022856663545138 ], [ -99.231249064827409, 17.022737853627575 ], [ -99.231410126339355, 17.022599908993534 ], [ -99.231744665682555, 17.022335937298152 ], [ -99.231942924137059, 17.022190356715083 ], [ -99.232203160464408, 17.02201758680496 ], [ -99.232438629181658, 17.021875217474911 ], [ -99.232884798516807, 17.021620878968164 ], [ -99.233150987161579, 17.021476131607155 ], [ -99.233194647693566, 17.021452389943551 ], [ -99.233678025831139, 17.021201261263926 ], [ -99.234173806267918, 17.020951201905 ], [ -99.235177766727645, 17.020452149991762 ], [ -99.235680305286394, 17.020199909703635 ], [ -99.236183963155952, 17.019942243203509 ], [ -99.236520854955074, 17.019765039866968 ], [ -99.237027872418594, 17.019491096346638 ], [ -99.237310668778036, 17.019333479973564 ], [ -99.237652040900045, 17.01913457483117 ], [ -99.237938198033405, 17.01896068262624 ], [ -99.238455296606958, 17.018637910664122 ], [ -99.238724541679005, 17.018465121916922 ], [ -99.23901517910565, 17.018269528231308 ], [ -99.239190622745383, 17.018144601559175 ], [ -99.239230329860945, 17.018116327604556 ], [ -99.239264544167327, 17.018090869685246 ], [ -99.239585144439161, 17.017852319275462 ], [ -99.239803655907082, 17.017682843049045 ], [ -99.240104375876541, 17.017438422813981 ], [ -99.240387064100943, 17.017200531856545 ], [ -99.24093440750525, 17.016731278540099 ], [ -99.241216727523394, 17.016500980026482 ], [ -99.241516345522712, 17.016279338483532 ], [ -99.241733389132364, 17.016140234552612 ], [ -99.242084901943173, 17.01594456419302 ], [ -99.242297485187891, 17.01584451547053 ], [ -99.242583722386982, 17.015740039797286 ], [ -99.242848201153365, 17.015665962300559 ], [ -99.243355400034545, 17.015548204911813 ], [ -99.243635690486315, 17.015495802208996 ], [ -99.243969363296088, 17.015456351963888 ], [ -99.244245194287387, 17.015443004266942 ], [ -99.244739014536478, 17.015442410986012 ], [ -99.245066741700896, 17.015455033420917 ], [ -99.245556103080602, 17.015493494019097 ], [ -99.246030812333288, 17.015543582867913 ], [ -99.246043978386822, 17.01554497206515 ], [ -99.2460587399719, 17.015546729239549 ], [ -99.247018243560191, 17.015660943270664 ], [ -99.247502739691825, 17.015714229803393 ], [ -99.247981962295015, 17.015758120562502 ], [ -99.248296170343181, 17.015777985832003 ], [ -99.248759571787687, 17.015793690931638 ], [ -99.249011743223136, 17.015793020941725 ], [ -99.249304856002666, 17.015775306295527 ], [ -99.249541205810431, 17.015746451906185 ], [ -99.249957142284416, 17.015677603100965 ], [ -99.250167539033328, 17.01563250882884 ], [ -99.25038279291347, 17.015566075231341 ], [ -99.250531152630714, 17.015500446928307 ], [ -99.250731513045352, 17.01538672014026 ], [ -99.250760977791657, 17.015369995596128 ], [ -99.250893515467908, 17.015276183401841 ], [ -99.251061303370051, 17.015125198231171 ], [ -99.25120841210655, 17.014967368458262 ], [ -99.25148194997071, 17.014644864157937 ], [ -99.251617021360218, 17.014479094237423 ], [ -99.251748698125013, 17.014304288963196 ], [ -99.251833088110246, 17.014178716803304 ], [ -99.251954581291102, 17.013976805605783 ], [ -99.252018682998767, 17.013855597426335 ], [ -99.252063183343594, 17.013753972107864 ], [ -99.252089495033161, 17.013693884117185 ], [ -99.252111915451792, 17.01363221196965 ], [ -99.252143413381404, 17.013545570118879 ], [ -99.252234356293144, 17.013262341420262 ], [ -99.252278117380868, 17.013106446820682 ], [ -99.252318457859928, 17.012921991743607 ], [ -99.252341930931692, 17.012770461219823 ], [ -99.252372009665081, 17.012500324725448 ], [ -99.252385299501739, 17.012321688423491 ], [ -99.252395090317364, 17.012055916014273 ], [ -99.252398118522436, 17.01179159829837 ], [ -99.252397412353588, 17.011264417546375 ], [ -99.252401948623628, 17.011003713726545 ], [ -99.252416263563234, 17.010748783032668 ], [ -99.252435585506475, 17.010584602364759 ], [ -99.252479236348478, 17.01034699105054 ], [ -99.252513265422735, 17.010220757887566 ], [ -99.252571701816535, 17.010079669710137 ], [ -99.252635066709459, 17.00997075590011 ], [ -99.252766724879876, 17.009785102602439 ], [ -99.252844770612384, 17.009694611009198 ], [ -99.252947249749127, 17.009608789549823 ], [ -99.253040002595995, 17.00955624536773 ], [ -99.253185090344417, 17.009496972680722 ], [ -99.253215781971662, 17.009484434214556 ], [ -99.253232736299253, 17.009479542553592 ], [ -99.25333787058895, 17.009449209181358 ], [ -99.253528357108408, 17.009415345216937 ], [ -99.253718297679356, 17.00939472179266 ], [ -99.253723746023468, 17.009394130218045 ], [ -99.253731355259035, 17.009393557505554 ], [ -99.254119426205747, 17.009364348792399 ], [ -99.254325735211509, 17.009359390624248 ], [ -99.254548982158454, 17.009374297893558 ], [ -99.254714751449157, 17.009404101569089 ], [ -99.25498881249429, 17.009478605241647 ], [ -99.255158006755678, 17.009539861604264 ], [ -99.255391528532016, 17.009649127086043 ], [ -99.255611537368495, 17.009769979779289 ], [ -99.256038042682093, 17.010023271948789 ], [ -99.256276132241865, 17.010174473766597 ], [ -99.256563895254558, 17.01037478738143 ], [ -99.256805410785404, 17.010557441580129 ], [ -99.257242195030841, 17.010905090193443 ], [ -99.257534527168787, 17.011147339728524 ], [ -99.25797473944462, 17.011526439707616 ], [ -99.258416095291324, 17.011916023022284 ], [ -99.259299954310322, 17.012705670980402 ], [ -99.259739823382148, 17.013103207930151 ], [ -99.260175567886662, 17.013506172838841 ], [ -99.260461938838503, 17.013780244526117 ], [ -99.260885307204305, 17.01419949471299 ], [ -99.261116386251985, 17.014437840053297 ], [ -99.261386254338504, 17.014733626251203 ], [ -99.261604955441058, 17.014988257928575 ], [ -99.261991191380162, 17.015456366494185 ], [ -99.262187336214794, 17.015704518136669 ], [ -99.262389533893128, 17.015980864874827 ], [ -99.262530385029848, 17.016193291206001 ], [ -99.26275074093158, 17.016554223430418 ], [ -99.262879213670331, 17.016782936498938 ], [ -99.26304427580159, 17.017108143554065 ], [ -99.263190906758226, 17.017421442218875 ], [ -99.263465738324868, 17.018036130970881 ], [ -99.263604465857625, 17.01834040007196 ], [ -99.263745815979036, 17.018638518836568 ], [ -99.263842671778889, 17.018831114389087 ], [ -99.263991889053472, 17.019110782275295 ], [ -99.26407740986474, 17.019260003039477 ], [ -99.264184754854043, 17.01942799748663 ], [ -99.264253174633865, 17.019523805331794 ], [ -99.26427814235322, 17.019558767462637 ], [ -99.264303141107959, 17.019591215614501 ], [ -99.264450960008475, 17.019783082879911 ], [ -99.264530771758132, 17.019878410186593 ], [ -99.264543191450954, 17.019893244279789 ], [ -99.264565036708419, 17.019915571639178 ], [ -99.264647067925608, 17.019999413129955 ], [ -99.2647279639001, 17.020066199822566 ], [ -99.264866775362862, 17.020160391022401 ], [ -99.264955537831852, 17.020208726901746 ], [ -99.265083013729225, 17.020259543350896 ], [ -99.265206711090414, 17.020295901524339 ], [ -99.265450327329134, 17.020354159453472 ], [ -99.265572882561798, 17.020380033130632 ], [ -99.265696931939601, 17.020399396378409 ], [ -99.265781125648019, 17.020405794812429 ], [ -99.265909657378231, 17.020405626863251 ], [ -99.265982557996992, 17.020399023166078 ], [ -99.266072728111155, 17.020379380051391 ], [ -99.266150111002887, 17.020353245221568 ], [ -99.266292089516952, 17.020294483807824 ], [ -99.266367202058603, 17.020257504528281 ], [ -99.266450561198369, 17.020205328146314 ], [ -99.266514380552991, 17.020155346795395 ], [ -99.266622479433181, 17.020057579109238 ], [ -99.26669078091723, 17.019988066618886 ], [ -99.26678758648832, 17.019877296841393 ], [ -99.266880627572419, 17.019762193020288 ], [ -99.267062945027931, 17.019527651256666 ], [ -99.267135196739488, 17.019438731266074 ], [ -99.267158237625324, 17.019410374885759 ], [ -99.267261798177671, 17.019293087610098 ], [ -99.26727785453599, 17.019276845573557 ], [ -99.267339106544128, 17.019214885200419 ], [ -99.267467471070233, 17.019097565228492 ], [ -99.267547052688229, 17.019032376559824 ], [ -99.267657433061444, 17.018954130539672 ], [ -99.267761818718071, 17.018888909157006 ], [ -99.267964595206308, 17.018771490935393 ], [ -99.268078006517314, 17.018710596441124 ], [ -99.268215464067794, 17.018645331251889 ], [ -99.268331148685732, 17.018597450428686 ], [ -99.268540744935109, 17.018519073066877 ], [ -99.268681233498924, 17.018471159308543 ], [ -99.268893102959098, 17.018405795392063 ], [ -99.269105730107725, 17.01834476919009 ], [ -99.269531741830136, 17.018227054056119 ], [ -99.269755656600623, 17.018175413253967 ], [ -99.269992501276462, 17.018139552160843 ], [ -99.270001389485415, 17.018138206374967 ], [ -99.270187029605566, 17.018127835772781 ], [ -99.270496525920734, 17.01813389760132 ], [ -99.270498217157453, 17.018133930724776 ], [ -99.270692917430353, 17.018151750696564 ], [ -99.270965830776504, 17.018199115731921 ], [ -99.270980884012104, 17.018202652391153 ], [ -99.271225986184518, 17.018260237366906 ], [ -99.271733539451205, 17.018396236629716 ], [ -99.272018533932595, 17.018481188211197 ], [ -99.272049554449737, 17.018491800372534 ], [ -99.272365963920507, 17.018600044144499 ], [ -99.272660019495945, 17.018713185762987 ], [ -99.273194756770479, 17.018933754133673 ], [ -99.273554269194719, 17.019090195883962 ], [ -99.274098069315798, 17.019338952729441 ], [ -99.274644891140497, 17.019597105040333 ], [ -99.275741559582812, 17.020122802096278 ], [ -99.276288770725486, 17.02038709620307 ], [ -99.276833732695536, 17.020654284492959 ], [ -99.277194790837484, 17.020835304880176 ], [ -99.277733003314211, 17.021111177775254 ], [ -99.278029760240358, 17.021267335563326 ], [ -99.27838181797722, 17.021459936586467 ], [ -99.278671823958746, 17.021624780518788 ], [ -99.27918978478921, 17.02192671080682 ], [ -99.279456107053164, 17.022086162432544 ], [ -99.279737112264726, 17.022262587657146 ], [ -99.279939131891638, 17.022397178193341 ], [ -99.280264185732818, 17.022624524485938 ], [ -99.280459454142019, 17.022767801652346 ], [ -99.280720205380334, 17.022970286985316 ], [ -99.280959522525507, 17.023164485294902 ], [ -99.281416723577919, 17.023544594408968 ], [ -99.281644013446666, 17.023737362211726 ], [ -99.281868681087488, 17.023935557046066 ], [ -99.282015837087144, 17.024073114089603 ], [ -99.282232637459757, 17.024287590396614 ], [ -99.282350459639886, 17.024412171097485 ], [ -99.282487125632812, 17.024571436989874 ], [ -99.282597080114854, 17.024712299449593 ], [ -99.282790277775717, 17.024975620869288 ], [ -99.282887831875797, 17.025117585132044 ], [ -99.282987296268388, 17.025280156596999 ], [ -99.283032986514712, 17.025366546475887 ], [ -99.283055516113109, 17.025409144795876 ], [ -99.283078413468417, 17.025457987468943 ], [ -99.283160711308682, 17.025633537921372 ], [ -99.283221063369766, 17.025778807991099 ], [ -99.283296924303784, 17.025990225093395 ], [ -99.283333262078429, 17.026104101164051 ], [ -99.283363007175993, 17.026197316855619 ], [ -99.283401948731125, 17.026327726275241 ], [ -99.283485395106865, 17.026607174998123 ], [ -99.283539830219908, 17.026816090805983 ], [ -99.283580747329552, 17.027032980142955 ], [ -99.283594507319179, 17.027185546577076 ], [ -99.283594870116914, 17.027426356548165 ], [ -99.283581553507972, 17.027568113412951 ], [ -99.283541240828683, 17.027752574033261 ], [ -99.283487369579291, 17.027918251525261 ], [ -99.283366068297497, 17.028230823337115 ], [ -99.283289652943097, 17.028400871111042 ], [ -99.28318170827599, 17.028598442633097 ], [ -99.283078215821718, 17.028757680710822 ], [ -99.282875682875826, 17.029037823326824 ], [ -99.282731634967135, 17.029220981735595 ], [ -99.282502024149863, 17.029490314308429 ], [ -99.28226338704853, 17.029756043380441 ], [ -99.281777085183393, 17.03028389742822 ], [ -99.281538818113816, 17.030547094103241 ], [ -99.281310320162802, 17.030808830677664 ], [ -99.281201864211056, 17.030940465950874 ], [ -99.281167757637078, 17.030981861768367 ], [ -99.281067528560655, 17.031111359769017 ], [ -99.280968568072012, 17.031239218506379 ], [ -99.280925265844743, 17.03129995680009 ], [ -99.280867676785178, 17.031380734584669 ], [ -99.280764192729748, 17.031547926175421 ], [ -99.280692610629004, 17.031685062767828 ], [ -99.280581348314001, 17.031929280947757 ], [ -99.280533426485917, 17.032054452783978 ], [ -99.280500923477106, 17.032185750150216 ], [ -99.280494673669565, 17.032279407266458 ], [ -99.280508427300887, 17.032429081250797 ], [ -99.280531487127718, 17.032518359001788 ], [ -99.280586913008108, 17.032636518261061 ], [ -99.2806562296945, 17.032744172591077 ], [ -99.280808754048735, 17.032948976251223 ], [ -99.280893854459194, 17.03305516238515 ], [ -99.280916864165761, 17.033080629879603 ], [ -99.280996631196842, 17.033168917172354 ], [ -99.281082825333115, 17.033252322350279 ], [ -99.281238631071702, 17.033388783050498 ], [ -99.281342866185739, 17.03347216315726 ], [ -99.281499765764679, 17.033585842776958 ], [ -99.281657030016248, 17.033691928647102 ], [ -99.281971923519848, 17.033896506386622 ], [ -99.282152878255914, 17.034010152123816 ], [ -99.282380848725566, 17.034146511755658 ], [ -99.28257984478914, 17.034260132044281 ], [ -99.282948862821641, 17.034464632995995 ], [ -99.283200888910017, 17.034600958205864 ], [ -99.28358794916798, 17.034805432838613 ], [ -99.283981023896658, 17.03500989831759 ], [ -99.284773189541298, 17.035418818520974 ], [ -99.285170034117485, 17.035629061604126 ], [ -99.285568400550076, 17.035850872220387 ], [ -99.285835499685035, 17.036010313843352 ], [ -99.286238430764371, 17.036266828081285 ], [ -99.286429713622354, 17.036397598834508 ], [ -99.286463802873982, 17.036420903953417 ], [ -99.286736987792594, 17.036626617626144 ], [ -99.286966923955191, 17.036815397864981 ], [ -99.287383548190746, 17.037176024568438 ], [ -99.287601097316781, 17.037374584148186 ], [ -99.287837119789643, 17.0376096365856 ], [ -99.28801294137412, 17.037802831134158 ], [ -99.28830438397533, 17.038147362237549 ], [ -99.288484770084636, 17.03837526125017 ], [ -99.288734485700928, 17.038714427260619 ], [ -99.288970292615332, 17.039051804831463 ], [ -99.289427999337121, 17.039724771004675 ], [ -99.289654034132525, 17.040060715322983 ], [ -99.289874430125479, 17.040395582680109 ], [ -99.290015721603638, 17.040617750756976 ], [ -99.290219200000621, 17.040949387654781 ], [ -99.290326604227076, 17.041132553604964 ], [ -99.29035563769412, 17.041185826204927 ], [ -99.29044533821228, 17.041350414655863 ], [ -99.290535823932458, 17.0415303504709 ], [ -99.290688547275792, 17.041852296828626 ], [ -99.290762097697083, 17.042018155263968 ], [ -99.290830025350331, 17.04219378428245 ], [ -99.290869687622944, 17.042320640894843 ], [ -99.290895217186062, 17.042423111309532 ], [ -99.290920746777886, 17.042525581719559 ], [ -99.290943490117641, 17.0426492083425 ], [ -99.290960660927283, 17.042815147395963 ], [ -99.290966535587899, 17.042968085863638 ], [ -99.290966988744302, 17.04326096221066 ], [ -99.290964215647548, 17.043412105170937 ], [ -99.29095544318649, 17.043572657708594 ], [ -99.290943595505937, 17.043689102311404 ], [ -99.290916824900052, 17.043877883579842 ], [ -99.290895952941398, 17.043992171637321 ], [ -99.290860107667285, 17.044146254540291 ], [ -99.290821237475996, 17.044288771316712 ], [ -99.290740472061529, 17.044562238724257 ], [ -99.290692594197751, 17.044713446196702 ], [ -99.290629726094835, 17.044893601216529 ], [ -99.290572823776401, 17.04504265210695 ], [ -99.290464984802028, 17.045309649732562 ], [ -99.290390083883736, 17.045486929262712 ], [ -99.290331652026254, 17.045619349750591 ], [ -99.290273220087741, 17.045751770221209 ], [ -99.290153347858407, 17.046015892253433 ], [ -99.289910594287448, 17.046543417239981 ], [ -99.289790723845385, 17.046809346931447 ], [ -99.289673866764744, 17.047079611170833 ], [ -99.289598975557425, 17.047264121913376 ], [ -99.28951731572711, 17.047478668092108 ], [ -99.289491159024038, 17.047547389907692 ], [ -99.28943427451253, 17.047709095613282 ], [ -99.289371437636163, 17.04791094476159 ], [ -99.28932359402792, 17.048085654306444 ], [ -99.289242899988579, 17.048407933781615 ], [ -99.289204072238689, 17.048579376269199 ], [ -99.289181425630929, 17.048700900424056 ], [ -99.28916828316045, 17.048771424276239 ], [ -99.289147462476464, 17.048920061804761 ], [ -99.289120789505105, 17.049173926383304 ], [ -99.289109009902646, 17.049335567784894 ], [ -99.289100344099793, 17.049566627413455 ], [ -99.289097680710327, 17.049790085391262 ], [ -99.28909810978773, 17.05006907358273 ], [ -99.289098128994411, 17.050073133313642 ], [ -99.289106275516687, 17.051795026848556 ] ] ] ] } },
{ "type": "Feature", "properties": { "fid": 1.0, "cat": 2, "VULNERABIL": 2.0, "NOM_ACUIF": "NEXPA", "CLAVE_ACUI": "1232" }, "geometry": { "type": "MultiPolygon", "coordinates": [ [ [ [ -99.262049423831741, 17.082014643702909 ], [ -99.260275576912591, 17.091339925701966 ], [ -99.258057160692573, 17.103001063840729 ], [ -99.257771634516317, 17.104501832521439 ], [ -99.257431957987635, 17.104168903475049 ], [ -99.257385344459877, 17.104175832634542 ], [ -99.257293978481655, 17.104175948699467 ], [ -99.257236067818937, 17.104170237040275 ], [ -99.257153701819263, 17.10415298600277 ], [ -99.257074335828506, 17.104129945920935 ], [ -99.256931062453546, 17.104082226200418 ], [ -99.256918603902591, 17.104078076654659 ], [ -99.256807630898194, 17.104037720939154 ], [ -99.256630443840422, 17.103968523034883 ], [ -99.256446105160663, 17.103893548822978 ], [ -99.256070276504204, 17.103737823724316 ], [ -99.255850947433188, 17.103645537576586 ], [ -99.255568788705745, 17.103524404437866 ], [ -99.255343520966051, 17.103426012996241 ], [ -99.255317853292425, 17.103414801961254 ], [ -99.255082529630812, 17.103310964717217 ], [ -99.254847206226955, 17.103207127195265 ], [ -99.254522906522922, 17.103062904765249 ], [ -99.254020654583826, 17.10283791213806 ], [ -99.253507868326892, 17.102607146222368 ], [ -99.252471764106403, 17.102139838353938 ], [ -99.251950334888633, 17.101909802355262 ], [ -99.251422148876557, 17.101687004887893 ], [ -99.251063267488973, 17.101545712349747 ], [ -99.250514809284212, 17.101344632132193 ], [ -99.250203352691102, 17.101240160105792 ], [ -99.24981744064587, 17.101127824751991 ], [ -99.249485710452575, 17.101045071138127 ], [ -99.248876432188666, 17.10090914491488 ], [ -99.248553752322394, 17.100845903725805 ], [ -99.248194990546068, 17.100792107186745 ], [ -99.247919734007652, 17.100765687591064 ], [ -99.247452726111788, 17.100740225049794 ], [ -99.247157195164078, 17.100735523710586 ], [ -99.246737610100226, 17.100746882374157 ], [ -99.246333832510686, 17.100770514521592 ], [ -99.245542084483887, 17.10083005082063 ], [ -99.245142426759998, 17.100841743609198 ], [ -99.244735202042406, 17.100817287187816 ], [ -99.244456152073212, 17.100764834017831 ], [ -99.24402622721891, 17.100631930861312 ], [ -99.243779813599915, 17.100521946914554 ], [ -99.243470497629517, 17.100324898522462 ], [ -99.243201384903145, 17.100106468429921 ], [ -99.242703363886037, 17.099648226016754 ], [ -99.242437565295717, 17.099374469817707 ], [ -99.242138189694657, 17.099011444170891 ], [ -99.241905028991027, 17.098680157686331 ], [ -99.241504923513531, 17.098049323617239 ], [ -99.241249066758286, 17.097609590622419 ], [ -99.240881601978714, 17.096921225784509 ], [ -99.240646611888337, 17.09645495296375 ], [ -99.240525018642558, 17.09621368376671 ], [ -99.240173877383299, 17.095496552830518 ], [ -99.239822738840047, 17.094779421201437 ], [ -99.239472550101851, 17.094067892188285 ], [ -99.239124258200619, 17.093367569108668 ], [ -99.238893959192055, 17.092911893302858 ], [ -99.238551353955231, 17.09224518898241 ], [ -99.238362912864403, 17.091886004042308 ], [ -99.238140193844757, 17.091475153795681 ], [ -99.237957436498391, 17.091149588335757 ], [ -99.237631884142999, 17.090583741999037 ], [ -99.237464974015495, 17.090301546609286 ], [ -99.237289795019819, 17.090020807052202 ], [ -99.237164739948852, 17.089835103234485 ], [ -99.236964753774373, 17.089558731307424 ], [ -99.236869199163863, 17.089436991967418 ], [ -99.236845381248955, 17.089406647222141 ], [ -99.236809224411402, 17.089365517584159 ], [ -99.236687249654977, 17.089226766947935 ], [ -99.236543069550166, 17.089079050550168 ], [ -99.236268661140656, 17.088815781459409 ], [ -99.236121874084006, 17.088687231328052 ], [ -99.235955920953842, 17.088564850189957 ], [ -99.235826119382338, 17.088489431778179 ], [ -99.23560266781746, 17.088385557607324 ], [ -99.235459361897071, 17.088334018683195 ], [ -99.235252895610117, 17.088283276107344 ], [ -99.235052091044707, 17.088250243993841 ], [ -99.234656143692078, 17.088201889853096 ], [ -99.234431671446018, 17.088182985990102 ], [ -99.23415420194425, 17.088174628805817 ], [ -99.233916224974038, 17.088179604004306 ], [ -99.233479763471493, 17.088202886411853 ], [ -99.233184287436572, 17.088226367352359 ], [ -99.232734320755327, 17.088273527727818 ], [ -99.232279852160872, 17.088328646944262 ], [ -99.231366412415227, 17.088446842147022 ], [ -99.230913448583905, 17.088503402896787 ], [ -99.230467997467102, 17.088554892027915 ], [ -99.230178542922957, 17.088584146974107 ], [ -99.229755630462108, 17.088620422745361 ], [ -99.22952819204923, 17.088635504996102 ], [ -99.229268789368732, 17.088644476342942 ], [ -99.229063890010764, 17.08864434637503 ], [ -99.228708594655018, 17.088634984930156 ], [ -99.228531880501208, 17.088625060063826 ], [ -99.22835703340138, 17.088604647224244 ], [ -99.228242335731693, 17.08858055076244 ], [ -99.228073089859706, 17.088528674222371 ], [ -99.227980931472288, 17.088489366044801 ], [ -99.227873702170754, 17.088423318108589 ], [ -99.227787145077215, 17.088352546395885 ], [ -99.227756656684065, 17.088323292956872 ], [ -99.227634703206604, 17.088206279152988 ], [ -99.227556394615178, 17.088116696101515 ], [ -99.227473910625179, 17.087994214245512 ], [ -99.227444610886678, 17.087937484794793 ], [ -99.227414745898329, 17.087879660880319 ], [ -99.227378853162875, 17.087796104658633 ], [ -99.22731973578685, 17.087658482630275 ], [ -99.227262777065107, 17.087502707023091 ], [ -99.227186910995442, 17.08725655846181 ], [ -99.227140242179132, 17.087085644431973 ], [ -99.227117426345032, 17.087002086456508 ], [ -99.227072950701839, 17.086828572684645 ], [ -99.226984838827278, 17.086484818945202 ], [ -99.22691191470804, 17.086183707321926 ], [ -99.226825729612045, 17.085797640007563 ], [ -99.226755011925263, 17.085455306105828 ], [ -99.226629044309959, 17.084814371666081 ], [ -99.226545801703949, 17.084373341235541 ], [ -99.226460015538322, 17.08390049484527 ], [ -99.226422041529887, 17.083691184381617 ], [ -99.226299017611694, 17.082995286662143 ], [ -99.226217247301008, 17.082526774530567 ], [ -99.226053707948793, 17.081589750089123 ], [ -99.225936698522645, 17.080890952659036 ], [ -99.225830977909268, 17.080200097224072 ], [ -99.225771785829266, 17.079747468997294 ], [ -99.225699930022969, 17.07908043977595 ], [ -99.225671298176294, 17.078717810085994 ], [ -99.225657258131946, 17.078296950274908 ], [ -99.225657593137711, 17.078275255291924 ], [ -99.2256624898002, 17.07795814695206 ], [ -99.225692224689524, 17.077362596782681 ], [ -99.225718930428911, 17.077061735108604 ], [ -99.225769312761742, 17.076754700267188 ], [ -99.225826577539976, 17.076543837199495 ], [ -99.225887283507319, 17.076381060008998 ], [ -99.225947989370937, 17.076218282798983 ], [ -99.22603911678155, 17.076031246022737 ], [ -99.226191087206203, 17.075795690070045 ], [ -99.226353243697332, 17.075590133521949 ], [ -99.226687742095052, 17.075209019540431 ], [ -99.226859691928155, 17.075020084183024 ], [ -99.22704104369447, 17.074834392351256 ], [ -99.227171346947756, 17.07471384137197 ], [ -99.227380904917922, 17.074537880230178 ], [ -99.227482220766348, 17.074461776406928 ], [ -99.227506728109333, 17.074443367596913 ], [ -99.227674639846782, 17.074335790890238 ], [ -99.227828669540671, 17.074251008981523 ], [ -99.22812284670448, 17.074104239771806 ], [ -99.228284785088093, 17.074031380665623 ], [ -99.2284764232855, 17.073959572719055 ], [ -99.228633881935153, 17.073912751919732 ], [ -99.228778835180563, 17.073877303564242 ], [ -99.228914619645764, 17.073844097330539 ], [ -99.229100284868736, 17.073807006921943 ], [ -99.229376542880246, 17.073764390293089 ], [ -99.229651307653569, 17.073730452825444 ], [ -99.230199343805651, 17.073671256316928 ], [ -99.230482015710848, 17.0736477944859 ], [ -99.230779176131165, 17.073636711345483 ], [ -99.230781995489806, 17.073636606190266 ], [ -99.230999289949992, 17.073641420990018 ], [ -99.231351193638076, 17.073667053572613 ], [ -99.231564003730242, 17.073693567492949 ], [ -99.23185053036616, 17.073747476807807 ], [ -99.232115264760921, 17.073810811646371 ], [ -99.232622941683516, 17.073946906264425 ], [ -99.232903489975556, 17.074029747084602 ], [ -99.23323745771107, 17.074142175410582 ], [ -99.2335135223598, 17.074246715142639 ], [ -99.233773091670983, 17.074352381161322 ], [ -99.23400774900567, 17.074447905569485 ], [ -99.234335739314588, 17.074589265104553 ], [ -99.234825483665233, 17.074812153295937 ], [ -99.235260303217302, 17.075017090641005 ], [ -99.235313734498291, 17.075042273554459 ], [ -99.235367901626987, 17.075068244246577 ], [ -99.236288745086185, 17.075509743761334 ], [ -99.236777765048643, 17.075750706845049 ], [ -99.237269812026767, 17.076006128256765 ], [ -99.237600869883508, 17.076190868044606 ], [ -99.238101996647245, 17.076489665963031 ], [ -99.238383426958549, 17.076670123768626 ], [ -99.238726590660761, 17.076912699713176 ], [ -99.2390170999753, 17.077136535125085 ], [ -99.239545465234329, 17.077565464864797 ], [ -99.239822459353149, 17.077802331801735 ], [ -99.240125075449171, 17.078084003508852 ], [ -99.240352441383138, 17.078316589517343 ], [ -99.240731923607498, 17.07873267565067 ], [ -99.240968369402154, 17.079008639338316 ], [ -99.241298224406449, 17.079420444385821 ], [ -99.24150458912284, 17.079690741411365 ], [ -99.24161153749543, 17.079830822263212 ], [ -99.241769707649468, 17.080043240732707 ], [ -99.242221624357668, 17.08065014991632 ], [ -99.242529675492321, 17.081058363104802 ], [ -99.242843739373896, 17.081463675983258 ], [ -99.243059127457485, 17.081730984465072 ], [ -99.243391227857316, 17.082127596993782 ], [ -99.243581740104872, 17.082345037207578 ], [ -99.243821175944632, 17.082600745506781 ], [ -99.244029723447369, 17.08280948576331 ], [ -99.244415930697087, 17.083179997919665 ], [ -99.244622198341688, 17.083369215170215 ], [ -99.244854793334014, 17.083566355093328 ], [ -99.245036183892225, 17.083705704422126 ], [ -99.245347760736394, 17.083926612341365 ], [ -99.245547186328011, 17.084057261549834 ], [ -99.245833886117708, 17.084228301308041 ], [ -99.24611229365172, 17.084382718211941 ], [ -99.246660817247573, 17.084674928432573 ], [ -99.246937708973007, 17.084819221892435 ], [ -99.247219859703108, 17.084959892794256 ], [ -99.247392256364748, 17.085040276698603 ], [ -99.247413219003803, 17.085050050995871 ], [ -99.247440804835222, 17.085062069873185 ], [ -99.247711146167973, 17.085179854669118 ], [ -99.247881920012631, 17.08524834543935 ], [ -99.248096314224227, 17.08532401422033 ], [ -99.248282864057089, 17.08538163806303 ], [ -99.248628119464129, 17.085478840567497 ], [ -99.24880093709433, 17.085522709734775 ], [ -99.248812399490959, 17.08552561941919 ], [ -99.248823099720738, 17.085527842842129 ], [ -99.249019983992611, 17.085568753722804 ], [ -99.249181678096647, 17.085593865408594 ], [ -99.249459175905358, 17.085626066050917 ], [ -99.249636645774515, 17.085640310681978 ], [ -99.249891557529352, 17.085650843973017 ], [ -99.250138940568661, 17.085654154710038 ], [ -99.250626177902532, 17.085653553063477 ], [ -99.250875048320623, 17.085644567478919 ], [ -99.251134422202512, 17.085618212931745 ], [ -99.251317841553615, 17.085583274383019 ], [ -99.251608725610879, 17.085504813228148 ], [ -99.251780831179474, 17.085443854828142 ], [ -99.252006263824768, 17.085339440893883 ], [ -99.252209879224651, 17.085226376024092 ], [ -99.252595292300711, 17.084991595031127 ], [ -99.252805639029702, 17.084852487710247 ], [ -99.253051266468177, 17.08466994702772 ], [ -99.25325029877331, 17.084504819895784 ], [ -99.253601767787671, 17.08419197897668 ], [ -99.253832308555943, 17.083974744925033 ], [ -99.254172461809944, 17.083635883714337 ], [ -99.254508842562785, 17.083288348846601 ], [ -99.255177829044015, 17.082584604372105 ], [ -99.255515333896327, 17.082237066430022 ], [ -99.255858864487067, 17.081898198152796 ], [ -99.256093911183044, 17.081680955862456 ], [ -99.256455520702048, 17.081368097227571 ], [ -99.256662441359111, 17.081202956797259 ], [ -99.256921594278765, 17.081020394348208 ], [ -99.257146595178, 17.080881263999601 ], [ -99.257562444594271, 17.080646435058572 ], [ -99.257784096835607, 17.080533341736654 ], [ -99.258033204655447, 17.08042889107243 ], [ -99.258226732227058, 17.080367899999178 ], [ -99.258558207119478, 17.080289377286828 ], [ -99.25876981556948, 17.0802543961229 ], [ -99.259073166155616, 17.080227975400764 ], [ -99.25936714205379, 17.080218921863086 ], [ -99.259945719204282, 17.080218181173667 ], [ -99.260226216726068, 17.080249278601041 ], [ -99.260489132332978, 17.080343312442654 ], [ -99.260646827588019, 17.08046893829442 ], [ -99.260751912713403, 17.080610360217541 ], [ -99.260856997997962, 17.080751782082075 ], [ -99.260956177711293, 17.080971854257179 ], [ -99.262049423831741, 17.082014643702909 ] ] ] ] } },
{ "type": "Feature", "properties": { "fid": 9.0, "cat": 8, "VULNERABIL": 2.0, "NOM_ACUIF": "NEXPA", "CLAVE_ACUI": "1232" }, "geometry": { "type": "MultiPolygon", "coordinates": [ [ [ [ -99.309848494752174, 16.76299949439602 ], [ -99.309099966253669, 16.762905159152258 ], [ -99.308344283036092, 16.762795645269478 ], [ -99.307833339312438, 16.762707458539893 ], [ -99.307056191620859, 16.762552412122446 ], [ -99.30661728816591, 16.76245109797674 ], [ -99.30607772523085, 16.762302202973252 ], [ -99.305617357320273, 16.762155358700884 ], [ -99.305616928737621, 16.762155210174843 ], [ -99.304953855033915, 16.761925419497803 ], [ -99.304775817653692, 16.761863719516004 ], [ -99.304332309690437, 16.76169732177069 ], [ -99.30384332448881, 16.76148976925538 ], [ -99.303471857060913, 16.761310246370268 ], [ -99.30284644070943, 16.760979229722469 ], [ -99.302453510581202, 16.760754176627433 ], [ -99.301900136437823, 16.760410034266041 ], [ -99.301370777126678, 16.760061516252161 ], [ -99.30033607704479, 16.759360102016537 ], [ -99.29981836018743, 16.759013009288498 ], [ -99.299299905891871, 16.758673148018151 ], [ -99.299250884499841, 16.758642105220705 ], [ -99.298953531394417, 16.75845380588953 ], [ -99.298432862123207, 16.758135640768739 ], [ -99.298142862813464, 16.757966114580331 ], [ -99.29779353346936, 16.757775701633044 ], [ -99.297501317155167, 16.757627872905633 ], [ -99.296973998015829, 16.757374799157137 ], [ -99.296699834421119, 16.757250807982416 ], [ -99.296404662099008, 16.757131908838087 ], [ -99.296186871675573, 16.757057734882967 ], [ -99.295828672739006, 16.756954112028847 ], [ -99.295608664418111, 16.756901635825596 ], [ -99.295306838248209, 16.756847830193035 ], [ -99.295023802941913, 16.756810630219299 ], [ -99.294476523288623, 16.756752835255288 ], [ -99.294191240901696, 16.756718530034611 ], [ -99.294031044738958, 16.756695105548491 ], [ -99.293882673282141, 16.756673409998974 ], [ -99.293653676301574, 16.756632515272535 ], [ -99.293464464656083, 16.756593733209634 ], [ -99.293275253084431, 16.756554950971807 ], [ -99.293041732830162, 16.756501044876433 ], [ -99.292740157234775, 16.756422262556676 ], [ -99.292719595271166, 16.756416891018656 ], [ -99.292416219705302, 16.756330540536815 ], [ -99.292373884489407, 16.756317947910144 ], [ -99.291828231082249, 16.756155642157236 ], [ -99.291500063382998, 16.75605413874931 ], [ -99.291103548559519, 16.755924527520889 ], [ -99.290770858259677, 16.755810012202353 ], [ -99.290169302712485, 16.75559607680351 ], [ -99.289766758651496, 16.755449115293256 ], [ -99.289160682077451, 16.755222166142403 ], [ -99.288553099183716, 16.754990878251657 ], [ -99.287336430023998, 16.754523960076238 ], [ -99.28672209504802, 16.75429195294543 ], [ -99.286095756372433, 16.754062853301011 ], [ -99.285666192912871, 16.753913028451663 ], [ -99.285003841224309, 16.753692653398105 ], [ -99.284623863553634, 16.753573131140158 ], [ -99.284146281682951, 16.753434940111021 ], [ -99.28373028957283, 16.753324143875986 ], [ -99.282959895676925, 16.7531299450091 ], [ -99.282548427617726, 16.753032157294683 ], [ -99.282084416633197, 16.752932994253293 ], [ -99.28172253292152, 16.752865510383163 ], [ -99.281418326016862, 16.752814964877086 ], [ -99.281100892888688, 16.752762221259211 ], [ -99.280702994326106, 16.75270346274641 ], [ -99.280130938517729, 16.752630476525951 ], [ -99.279591926503514, 16.752569460352397 ], [ -99.279575410820115, 16.752567590753721 ], [ -99.279560417294846, 16.752566006218853 ], [ -99.278480884081361, 16.752451916834438 ], [ -99.277927604935016, 16.752386130877579 ], [ -99.277362293720302, 16.752304449773643 ], [ -99.276973387443022, 16.752234101158891 ], [ -99.276371980044431, 16.752104736278564 ], [ -99.276025832865699, 16.752016972399652 ], [ -99.275993498568013, 16.752007063810517 ], [ -99.27558879860284, 16.751883046196728 ], [ -99.275206555521294, 16.751747599632015 ], [ -99.274496861464939, 16.751475185113016 ], [ -99.274116840640815, 16.751318038311645 ], [ -99.27368647148964, 16.751119013468841 ], [ -99.273385007372923, 16.750962980326051 ], [ -99.273349210390364, 16.750944452317469 ], [ -99.273312318617016, 16.750923852169354 ], [ -99.272767796957254, 16.750619793197611 ], [ -99.272394441866737, 16.750397548640027 ], [ -99.271855789999989, 16.750055474241666 ], [ -99.271331392806445, 16.749707594258595 ], [ -99.270296856842918, 16.749006026108137 ], [ -99.269770208511304, 16.748654529120735 ], [ -99.269224795786897, 16.748301608883544 ], [ -99.268842422124536, 16.74806490600081 ], [ -99.268588048059272, 16.747913903727049 ], [ -99.268240714014894, 16.747707717378791 ], [ -99.267887666465313, 16.747507856489374 ], [ -99.267430231206035, 16.747265462951702 ], [ -99.267020886762907, 16.747061334443611 ], [ -99.266250289890408, 16.746691341192264 ], [ -99.265831956183064, 16.746498069507528 ], [ -99.26534755066956, 16.746288248889265 ], [ -99.264958541687975, 16.746131819638755 ], [ -99.264275920771752, 16.745872351749295 ], [ -99.263830615398732, 16.745711653370922 ], [ -99.263177319976492, 16.745489026256163 ], [ -99.262533800167006, 16.745278678597742 ], [ -99.261256538725803, 16.744870258801811 ], [ -99.260604376365791, 16.74464870677847 ], [ -99.259925148359997, 16.744392474324417 ], [ -99.259445263671651, 16.744186973019559 ], [ -99.258684838305413, 16.743826701167702 ], [ -99.258235314281492, 16.743591870331453 ], [ -99.257647167089061, 16.743247650432739 ], [ -99.257116446411587, 16.742908781116125 ], [ -99.256112434845534, 16.742236390859635 ], [ -99.255564773034081, 16.741853063141605 ], [ -99.254925796609257, 16.741375472231073 ], [ -99.254408497745416, 16.740962815221419 ], [ -99.253495580282546, 16.740202433670618 ], [ -99.252897092045515, 16.739685735031834 ], [ -99.252014544821407, 16.738896020839551 ], [ -99.251142124258863, 16.738096527524011 ], [ -99.249407424352881, 16.73648775424552 ], [ -99.248548535493782, 16.735688594761605 ], [ -99.247706554039482, 16.734899897341329 ], [ -99.247162137089902, 16.734384562908875 ], [ -99.246370867245801, 16.733627257308637 ], [ -99.245948175592858, 16.733216996547849 ], [ -99.245471367882047, 16.732743521210121 ], [ -99.245099379746677, 16.732364656569672 ], [ -99.244987362515872, 16.732248439952816 ], [ -99.244460224430867, 16.731701537369215 ], [ -99.244145712049146, 16.731368163060775 ], [ -99.243841327984441, 16.731031160405976 ], [ -99.243648533083984, 16.730802863873507 ], [ -99.243374532398022, 16.730454976987804 ], [ -99.243232437419294, 16.730258078515661 ], [ -99.243080152762786, 16.730015270161729 ], [ -99.242968439941578, 16.729807488074027 ], [ -99.24278558636486, 16.729426950123301 ], [ -99.242704667055094, 16.72923684952768 ], [ -99.242644762293793, 16.7290470858002 ], [ -99.242625840225486, 16.728920913543618 ], [ -99.242057114750267, 16.727852001058984 ], [ -99.242232754722366, 16.727871320978927 ], [ -99.242402749580691, 16.727877630175694 ], [ -99.242737094155387, 16.727877237585183 ], [ -99.242926210112486, 16.727870506685335 ], [ -99.243159213380565, 16.727850706762251 ], [ -99.243358436170368, 16.727824437775478 ], [ -99.243723101150778, 16.727765430485633 ], [ -99.243969579944945, 16.727719579359427 ], [ -99.244344351291787, 16.727641033247107 ], [ -99.244722491230775, 16.727555973869542 ], [ -99.245482138954031, 16.72737934044817 ], [ -99.245866272498702, 16.727287040089745 ], [ -99.246259026086776, 16.72718677379294 ], [ -99.246529481986457, 16.72711196394339 ], [ -99.246948096009206, 16.726987800624673 ], [ -99.247189279487472, 16.726910855372569 ], [ -99.247494216038334, 16.726804183198883 ], [ -99.247761260074526, 16.726703341444548 ], [ -99.248257455177068, 16.726507487865057 ], [ -99.248523361414314, 16.726397968370328 ], [ -99.248824885427013, 16.726265263962748 ], [ -99.249061519234317, 16.726153609501502 ], [ -99.249469896345175, 16.725951350283022 ], [ -99.249732390030587, 16.725815798976658 ], [ -99.250111494012572, 16.725611404349927 ], [ -99.250480839959749, 16.725406297686348 ], [ -99.251209772264218, 16.724995371084287 ], [ -99.251578742488647, 16.724791709286546 ], [ -99.251956722425476, 16.724591651736137 ], [ -99.252217719108984, 16.724461884543793 ], [ -99.252622729214352, 16.724272640449268 ], [ -99.252856744978033, 16.724171109361908 ], [ -99.253153782460714, 16.724055760436368 ], [ -99.253414829167937, 16.723965043262844 ], [ -99.253900931508852, 16.723808240193339 ], [ -99.254161994757382, 16.723730539254891 ], [ -99.254459082540279, 16.723654239982771 ], [ -99.254693165669735, 16.723604775518712 ], [ -99.255098327226051, 16.723532681154431 ], [ -99.255359441567478, 16.723494030225389 ], [ -99.255737623123977, 16.723450171869711 ], [ -99.256106811350875, 16.723415725275881 ], [ -99.256836194270264, 16.723356242597561 ], [ -99.257199755957132, 16.723323608992079 ], [ -99.25756105832258, 16.723285192146498 ], [ -99.257799667285596, 16.723253797966862 ], [ -99.258154191768597, 16.723198032289627 ], [ -99.258348890511442, 16.723161268502945 ], [ -99.258578462310908, 16.723106743054931 ], [ -99.258766383209007, 16.723052631105194 ], [ -99.259100573937985, 16.722944820515423 ], [ -99.259271598634356, 16.722883135934097 ], [ -99.259450482152403, 16.722805893035176 ], [ -99.259577596670496, 16.722738839502036 ], [ -99.259780056628415, 16.722614921773008 ], [ -99.259900393154865, 16.722530520311384 ], [ -99.260058942808968, 16.72240123370613 ], [ -99.260202855633722, 16.722270157468458 ], [ -99.260476044095626, 16.722006215202651 ], [ -99.26061319524851, 16.721870084964092 ], [ -99.260751460607693, 16.721725636691346 ], [ -99.260844751794494, 16.721621019847348 ], [ -99.260986359968186, 16.721451617584972 ], [ -99.261066145453299, 16.721349187229499 ], [ -99.261163893807932, 16.721211298458936 ], [ -99.261247022227423, 16.721083914194544 ], [ -99.261398658969028, 16.720839650128262 ], [ -99.261478399640822, 16.720704676694254 ], [ -99.261565985073133, 16.720544020507862 ], [ -99.261632220138367, 16.720411233638661 ], [ -99.261743339817357, 16.720173529201613 ], [ -99.26181291767297, 16.720015788423193 ], [ -99.261910531584675, 16.719780270533789 ], [ -99.262003643492861, 16.719545481480676 ], [ -99.26218536488102, 16.719076632130484 ], [ -99.262280349793102, 16.718840032626126 ], [ -99.262383583552904, 16.718599083539871 ], [ -99.26246065498681, 16.71843410124681 ], [ -99.262588635475808, 16.718180103435756 ], [ -99.262667984650207, 16.718034643958557 ], [ -99.262778051769359, 16.717852263352562 ], [ -99.26288214775218, 16.717693755135819 ], [ -99.263084368310544, 16.717400610999224 ], [ -99.263197472174596, 16.717244260689988 ], [ -99.263334563450854, 16.717068353970213 ], [ -99.263449945062646, 16.716931526411379 ], [ -99.263658998448676, 16.716696950375184 ], [ -99.263799126481388, 16.716547073862372 ], [ -99.264010457217921, 16.716332020357235 ], [ -99.264222546885648, 16.716123474264545 ], [ -99.264647484255903, 16.715712889058182 ], [ -99.264850560245421, 16.715499291623942 ], [ -99.265034851761982, 16.71526908499477 ], [ -99.26513892851483, 16.715099004829639 ], [ -99.265266867304874, 16.714818971017863 ], [ -99.266530346428539, 16.71445406915743 ], [ -99.266738189595969, 16.714607356339748 ], [ -99.26698306973806, 16.7147773485035 ], [ -99.267281632508144, 16.714965711989478 ], [ -99.267534356938313, 16.715109658955189 ], [ -99.267993967840567, 16.715353135965419 ], [ -99.268302990171847, 16.715506771871347 ], [ -99.268770446191155, 16.715724202557226 ], [ -99.269240517641251, 16.715932950634478 ], [ -99.270183277915933, 16.716341761982179 ], [ -99.270366914398096, 16.716716127611058 ], [ -99.270278770409817, 16.716740107728413 ], [ -99.270206786985227, 16.716782507699399 ], [ -99.270174958604954, 16.716829194226303 ], [ -99.270151456894638, 16.716926853850371 ], [ -99.27015456097881, 16.716999529090145 ], [ -99.270187374985269, 16.717119895182712 ], [ -99.270238960965557, 16.717247830085334 ], [ -99.270360905098002, 16.717511268649773 ], [ -99.270428263513622, 16.717648222578692 ], [ -99.270508394484793, 16.717795645833416 ], [ -99.270574587670453, 16.717904397330411 ], [ -99.270693036321518, 16.718083228540515 ], [ -99.270771613722829, 16.71819304851444 ], [ -99.270888897250771, 16.718343677227931 ], [ -99.271005792461807, 16.718484905079272 ], [ -99.271239194887713, 16.718757959780426 ], [ -99.271372991209716, 16.71891001288375 ], [ -99.271540977519848, 16.719093117583235 ], [ -99.271687158398208, 16.719246238965365 ], [ -99.27195771502879, 16.719522498259924 ], [ -99.27214221458712, 16.719707027068409 ], [ -99.272425156657036, 16.719984354176759 ], [ -99.272712227595889, 16.720262037019367 ], [ -99.273290500029916, 16.720817757578537 ], [ -99.273582074708216, 16.721094348436051 ], [ -99.273878524640523, 16.721368401284252 ], [ -99.274081032814337, 16.721548565352933 ], [ -99.27439210741413, 16.721815004682199 ], [ -99.274569801428044, 16.721960488726602 ], [ -99.274791808556444, 16.722130501691051 ], [ -99.274984126428265, 16.722268372566543 ], [ -99.275339073251615, 16.722511971974107 ], [ -99.275527994528701, 16.72263574491361 ], [ -99.27573981112559, 16.722763464595143 ], [ -99.275903917436949, 16.722852557827114 ], [ -99.276184419856648, 16.722992117730918 ], [ -99.276363149835007, 16.723073597692775 ], [ -99.276618837264934, 16.723178477719276 ], [ -99.276866253072512, 16.723271797687062 ], [ -99.277352813463196, 16.72344687700366 ], [ -99.277605100194194, 16.723534765714707 ], [ -99.277875399578136, 16.723623353067175 ], [ -99.278073611735493, 16.723683110039488 ], [ -99.278397948859947, 16.723773793499703 ], [ -99.278596148727217, 16.723824871867997 ], [ -99.278866411119054, 16.723887423617978 ], [ -99.279118648597475, 16.723940598071657 ], [ -99.279605098842907, 16.724037569151331 ], [ -99.279875344964381, 16.724088548776269 ], [ -99.280199632888227, 16.724144516999033 ], [ -99.28046986662018, 16.724186817745753 ], [ -99.280956279999046, 16.724257751337227 ], [ -99.28128055153374, 16.724302147060509 ], [ -99.28176695272947, 16.724364400639434 ], [ -99.282253349966879, 16.724423760370165 ], [ -99.283226141018844, 16.72453958368407 ], [ -99.283711038141178, 16.724598942026038 ], [ -99.284192937918974, 16.724661196051535 ], [ -99.284511206979204, 16.724705594938882 ], [ -99.284984114407294, 16.724776537602686 ], [ -99.285243843287361, 16.724818846564894 ], [ -99.285550122392337, 16.724874831208492 ], [ -99.285800858702558, 16.724925830003109 ], [ -99.28624678870446, 16.725022841401184 ], [ -99.286475014242484, 16.725076040084591 ], [ -99.286713760665137, 16.725138625197864 ], [ -99.286883445804079, 16.725189735127209 ], [ -99.287153754864278, 16.725280479748854 ], [ -99.28731444747477, 16.725340279925465 ], [ -99.287526216207482, 16.725428935925358 ], [ -99.287718471545347, 16.725516895704164 ], [ -99.288083469136794, 16.725692118749173 ], [ -99.288277222690894, 16.725777906382781 ], [ -99.28849348544405, 16.725860046524076 ], [ -99.28866016974456, 16.725911159165154 ], [ -99.288943959908025, 16.725982356837978 ], [ -99.289124130231826, 16.726018263554622 ], [ -99.289380850965131, 16.726054786080375 ], [ -99.289628548525826, 16.726079750128186 ], [ -99.290114920529902, 16.726118119194172 ], [ -99.290389622510673, 16.72613436629976 ], [ -99.290727356350118, 16.726144738947539 ], [ -99.291015544066511, 16.726145779559413 ], [ -99.291542373316418, 16.726138528220524 ], [ -99.291898087977117, 16.726128624670345 ], [ -99.292438402650674, 16.726106165313148 ], [ -99.292983212339038, 16.726078635943402 ], [ -99.29407732630807, 16.726018504276251 ], [ -99.294629652478861, 16.725998914799156 ], [ -99.295192517532996, 16.726000280868469 ], [ -99.29557829995673, 16.726022147730156 ], [ -99.296172782432023, 16.726086382123423 ], [ -99.296513589805983, 16.726143024106527 ], [ -99.296941529511429, 16.726248716210783 ], [ -99.297313955189367, 16.726368227643214 ], [ -99.298003293401649, 16.726621068876003 ], [ -99.298371268142049, 16.726773127669272 ], [ -99.298785853540977, 16.726976463806533 ], [ -99.299108854505079, 16.727163298694176 ], [ -99.299663272786503, 16.727520466764265 ], [ -99.300017894434319, 16.727770170527897 ], [ -99.300527341112115, 16.728162113901195 ], [ -99.301021798185687, 16.728565648610452 ], [ -99.301995726875731, 16.729384307040451 ], [ -99.302481935850977, 16.729788573347822 ], [ -99.302966629881055, 16.730182716244688 ], [ -99.303288243329106, 16.730435355303747 ], [ -99.303768389528159, 16.730799129601515 ], [ -99.304033621147269, 16.730991103725742 ], [ -99.304349169058696, 16.73120325224124 ], [ -99.304609850551344, 16.731364858987472 ], [ -99.305076347531894, 16.731637530320842 ], [ -99.305316718245251, 16.731768792834682 ], [ -99.305571332739802, 16.731889909550823 ], [ -99.305755319363257, 16.73196050832674 ], [ -99.306052664710307, 16.73205118786306 ], [ -99.30623210012287, 16.732091419640021 ], [ -99.306473060877565, 16.732121435535269 ], [ -99.306695226679466, 16.732131230184745 ], [ -99.307120763271186, 16.732130597841735 ], [ -99.307336526627736, 16.732125937840397 ], [ -99.307558280094582, 16.732112590605471 ], [ -99.307712105836856, 16.73209500530416 ], [ -99.307951829551328, 16.732055596609037 ], [ -99.308090999445753, 16.732025015746515 ], [ -99.308268785417155, 16.731972681937442 ], [ -99.308425925436069, 16.731916039764688 ], [ -99.308719559343615, 16.73179844688142 ], [ -99.308877803870757, 16.731728785585538 ], [ -99.309058903672494, 16.731637394751875 ], [ -99.30920249214158, 16.731554738008757 ], [ -99.309452157589732, 16.731398158519301 ], [ -99.309613715725462, 16.73128944030719 ], [ -99.309848724679952, 16.731119865183068 ], [ -99.310078847947139, 16.730945958085996 ], [ -99.310534207953637, 16.730593811435767 ], [ -99.310700426878398, 16.730351659781185 ], [ -99.310743724661393, 16.729977352113053 ], [ -99.31064966935142, 16.729595657709464 ], [ -99.310324207517539, 16.728824881770706 ], [ -99.310229968111457, 16.728651015608758 ], [ -99.308829316113702, 16.725034927817976 ], [ -99.314981309286793, 16.732090711149073 ], [ -99.319659504007504, 16.737455700513429 ], [ -99.317839720720912, 16.7539907266918 ], [ -99.316719802130066, 16.764165279562079 ], [ -99.316479531786641, 16.764124519442852 ], [ -99.315855995984492, 16.764018739729234 ], [ -99.315715560627964, 16.763994915299833 ], [ -99.315336580411667, 16.763930621954628 ], [ -99.313111526307665, 16.763553130358268 ], [ -99.312789572739007, 16.763498507200136 ], [ -99.312757477165704, 16.763493061784395 ], [ -99.312557032717649, 16.763460844434416 ], [ -99.311118980388969, 16.763229700849976 ], [ -99.310540080871007, 16.763124807826621 ], [ -99.309858272558088, 16.763001266123915 ], [ -99.309848560718649, 16.762999506349075 ], [ -99.309848494752174, 16.76299949439602 ] ] ] ] } },
{ "type": "Feature", "properties": { "fid": 15.0, "cat": 13, "VULNERABIL": 3.0, "NOM_ACUIF": "NEXPA", "CLAVE_ACUI": "1232" }, "geometry": { "type": "MultiPolygon", "coordinates": [ [ [ [ -99.308829316113702, 16.725034927817976 ], [ -99.310229968111457, 16.728651015608758 ], [ -99.310324207517539, 16.728824881770706 ], [ -99.31064966935142, 16.729595657709464 ], [ -99.310743724661393, 16.729977352113053 ], [ -99.310700426878398, 16.730351659781185 ], [ -99.310534207953637, 16.730593811435767 ], [ -99.310078847947139, 16.730945958085996 ], [ -99.309848724679952, 16.731119865183068 ], [ -99.309613715725462, 16.73128944030719 ], [ -99.309452157589732, 16.731398158519301 ], [ -99.30920249214158, 16.731554738008757 ], [ -99.309058903672494, 16.731637394751875 ], [ -99.308877803870757, 16.731728785585538 ], [ -99.308719559343615, 16.73179844688142 ], [ -99.308425925436069, 16.731916039764688 ], [ -99.308268785417155, 16.731972681937442 ], [ -99.308090999445753, 16.732025015746515 ], [ -99.307951829551328, 16.732055596609037 ], [ -99.307712105836856, 16.73209500530416 ], [ -99.307558280094582, 16.732112590605471 ], [ -99.307336526627736, 16.732125937840397 ], [ -99.307120763271186, 16.732130597841735 ], [ -99.306695226679466, 16.732131230184745 ], [ -99.306473060877565, 16.732121435535269 ], [ -99.30623210012287, 16.732091419640021 ], [ -99.306052664710307, 16.73205118786306 ], [ -99.305755319363257, 16.73196050832674 ], [ -99.305571332739802, 16.731889909550823 ], [ -99.305316718245251, 16.731768792834682 ], [ -99.305076347531894, 16.731637530320842 ], [ -99.304609850551344, 16.731364858987472 ], [ -99.304349169058696, 16.73120325224124 ], [ -99.304033621147269, 16.730991103725742 ], [ -99.303768389528159, 16.730799129601515 ], [ -99.303288243329106, 16.730435355303747 ], [ -99.302966629881055, 16.730182716244688 ], [ -99.302481935850977, 16.729788573347822 ], [ -99.301995726875731, 16.729384307040451 ], [ -99.301021798185687, 16.728565648610452 ], [ -99.300527341112115, 16.728162113901195 ], [ -99.300017894434319, 16.727770170527897 ], [ -99.299663272786503, 16.727520466764265 ], [ -99.299108854505079, 16.727163298694176 ], [ -99.298785853540977, 16.726976463806533 ], [ -99.298371268142049, 16.726773127669272 ], [ -99.298003293401649, 16.726621068876003 ], [ -99.297313955189367, 16.726368227643214 ], [ -99.296941529511429, 16.726248716210783 ], [ -99.296513589805983, 16.726143024106527 ], [ -99.296172782432023, 16.726086382123423 ], [ -99.29557829995673, 16.726022147730156 ], [ -99.295192517532996, 16.726000280868469 ], [ -99.294629652478861, 16.725998914799156 ], [ -99.29407732630807, 16.726018504276251 ], [ -99.292983212339038, 16.726078635943402 ], [ -99.292438402650674, 16.726106165313148 ], [ -99.291898087977117, 16.726128624670345 ], [ -99.291542373316418, 16.726138528220524 ], [ -99.291015544066511, 16.726145779559413 ], [ -99.290727356350118, 16.726144738947539 ], [ -99.290389622510673, 16.72613436629976 ], [ -99.290114920529902, 16.726118119194172 ], [ -99.289628548525826, 16.726079750128186 ], [ -99.289380850965131, 16.726054786080375 ], [ -99.289124130231826, 16.726018263554622 ], [ -99.288943959908025, 16.725982356837978 ], [ -99.28866016974456, 16.725911159165154 ], [ -99.28849348544405, 16.725860046524076 ], [ -99.288277222690894, 16.725777906382781 ], [ -99.288083469136794, 16.725692118749173 ], [ -99.287718471545347, 16.725516895704164 ], [ -99.287526216207482, 16.725428935925358 ], [ -99.28731444747477, 16.725340279925465 ], [ -99.287153754864278, 16.725280479748854 ], [ -99.286883445804079, 16.725189735127209 ], [ -99.286713760665137, 16.725138625197864 ], [ -99.286475014242484, 16.725076040084591 ], [ -99.28624678870446, 16.725022841401184 ], [ -99.285800858702558, 16.724925830003109 ], [ -99.285550122392337, 16.724874831208492 ], [ -99.285243843287361, 16.724818846564894 ], [ -99.284984114407294, 16.724776537602686 ], [ -99.284511206979204, 16.724705594938882 ], [ -99.284192937918974, 16.724661196051535 ], [ -99.283711038141178, 16.724598942026038 ], [ -99.283226141018844, 16.72453958368407 ], [ -99.282253349966879, 16.724423760370165 ], [ -99.28176695272947, 16.724364400639434 ], [ -99.28128055153374, 16.724302147060509 ], [ -99.280956279999046, 16.724257751337227 ], [ -99.28046986662018, 16.724186817745753 ], [ -99.280199632888227, 16.724144516999033 ], [ -99.279875344964381, 16.724088548776269 ], [ -99.279605098842907, 16.724037569151331 ], [ -99.279118648597475, 16.723940598071657 ], [ -99.278866411119054, 16.723887423617978 ], [ -99.278596148727217, 16.723824871867997 ], [ -99.278397948859947, 16.723773793499703 ], [ -99.278073611735493, 16.723683110039488 ], [ -99.277875399578136, 16.723623353067175 ], [ -99.277605100194194, 16.723534765714707 ], [ -99.277352813463196, 16.72344687700366 ], [ -99.276866253072512, 16.723271797687062 ], [ -99.276618837264934, 16.723178477719276 ], [ -99.276363149835007, 16.723073597692775 ], [ -99.276184419856648, 16.722992117730918 ], [ -99.275903917436949, 16.722852557827114 ], [ -99.27573981112559, 16.722763464595143 ], [ -99.275527994528701, 16.72263574491361 ], [ -99.275339073251615, 16.722511971974107 ], [ -99.274984126428265, 16.722268372566543 ], [ -99.274791808556444, 16.722130501691051 ], [ -99.274569801428044, 16.721960488726602 ], [ -99.27439210741413, 16.721815004682199 ], [ -99.274081032814337, 16.721548565352933 ], [ -99.273878524640523, 16.721368401284252 ], [ -99.273582074708216, 16.721094348436051 ], [ -99.273290500029916, 16.720817757578537 ], [ -99.272712227595889, 16.720262037019367 ], [ -99.272425156657036, 16.719984354176759 ], [ -99.27214221458712, 16.719707027068409 ], [ -99.27195771502879, 16.719522498259924 ], [ -99.271687158398208, 16.719246238965365 ], [ -99.271540977519848, 16.719093117583235 ], [ -99.271372991209716, 16.71891001288375 ], [ -99.271239194887713, 16.718757959780426 ], [ -99.271005792461807, 16.718484905079272 ], [ -99.270888897250771, 16.718343677227931 ], [ -99.270771613722829, 16.71819304851444 ], [ -99.270693036321518, 16.718083228540515 ], [ -99.270574587670453, 16.717904397330411 ], [ -99.270508394484793, 16.717795645833416 ], [ -99.270428263513622, 16.717648222578692 ], [ -99.270360905098002, 16.717511268649773 ], [ -99.270238960965557, 16.717247830085334 ], [ -99.270187374985269, 16.717119895182712 ], [ -99.27015456097881, 16.716999529090145 ], [ -99.270151456894638, 16.716926853850371 ], [ -99.270174958604954, 16.716829194226303 ], [ -99.270206786985227, 16.716782507699399 ], [ -99.270278770409817, 16.716740107728413 ], [ -99.270366914398096, 16.716716127611058 ], [ -99.270183277915933, 16.716341761982179 ], [ -99.270654841542495, 16.716542188303311 ], [ -99.271126770127879, 16.716734658105405 ], [ -99.271441753677635, 16.716855015273268 ], [ -99.271914775664058, 16.717023616973105 ], [ -99.272177929953784, 16.717109328684018 ], [ -99.27249437048232, 16.717197862522212 ], [ -99.272758617021424, 16.717259707207081 ], [ -99.273234916230123, 16.717356707012808 ], [ -99.273482250263996, 16.717399047345921 ], [ -99.27374795289893, 16.717429069048002 ], [ -99.273943456516506, 16.717436764975105 ], [ -99.274264264661682, 16.717429830951186 ], [ -99.274460859843828, 16.717413660104711 ], [ -99.274729837184552, 16.717372081688627 ], [ -99.274981537483924, 16.717318955080408 ], [ -99.275467660713446, 16.717201153146949 ], [ -99.27571146839189, 16.717139358051686 ], [ -99.275956768488868, 16.717071775263861 ], [ -99.276121794362965, 16.71702093250336 ], [ -99.276371571856075, 16.716935987002842 ], [ -99.276511829594298, 16.716883007518032 ], [ -99.276682825377009, 16.716809014670268 ], [ -99.27682756058708, 16.716738672737378 ], [ -99.277090770270632, 16.716601639658901 ], [ -99.277228741753689, 16.716524797923814 ], [ -99.27737944667382, 16.716431305945605 ], [ -99.277492650071906, 16.716352327740843 ], [ -99.277681555255668, 16.716208885063537 ], [ -99.277799235948549, 16.716112544435994 ], [ -99.277963372866125, 16.715966965258517 ], [ -99.278119253607144, 16.715820673883655 ], [ -99.278422758460522, 16.715527378728975 ], [ -99.27857938788668, 16.715380362825435 ], [ -99.278745771759105, 16.715232610474711 ], [ -99.278866448878929, 16.715133372498482 ], [ -99.279062096332382, 16.714983410886799 ], [ -99.279180543896885, 16.714899362451071 ], [ -99.279340239227338, 16.71479717879615 ], [ -99.279487950523247, 16.714710921110534 ], [ -99.279771388883532, 16.714554331533805 ], [ -99.279928111380713, 16.714472400402059 ], [ -99.280114840706048, 16.714383196728349 ], [ -99.280269333772026, 16.714316455073117 ], [ -99.280546083544991, 16.714205433647773 ], [ -99.280729840178509, 16.714136482406605 ], [ -99.281004360336638, 16.714040650112128 ], [ -99.281278137196111, 16.713949880704401 ], [ -99.281824947118409, 16.713773404060486 ], [ -99.282098348506906, 16.713682995675015 ], [ -99.282371743250977, 16.713588247879674 ], [ -99.282553999875105, 16.713520743432319 ], [ -99.282827374978893, 16.713412977885856 ], [ -99.282979243506446, 16.713348768931848 ], [ -99.283161474084537, 16.713263907749003 ], [ -99.283313323170773, 16.713186681398415 ], [ -99.283586639678731, 16.713039863397359 ], [ -99.28372835277122, 16.712959396353217 ], [ -99.283880175721748, 16.712864813386481 ], [ -99.283991500904023, 16.712787642182164 ], [ -99.284173653426805, 16.712650711503773 ], [ -99.28428495909219, 16.712560522990117 ], [ -99.284436723598446, 16.712426888159786 ], [ -99.284578358704167, 16.712294351926943 ], [ -99.284851499155508, 16.712030377894635 ], [ -99.284987876394155, 16.711894955921398 ], [ -99.28512386802521, 16.711752664212476 ], [ -99.285214143582522, 16.711650933377371 ], [ -99.285348978605569, 16.711488032581862 ], [ -99.285423501428141, 16.711390662455891 ], [ -99.285512234945742, 16.711261452906225 ], [ -99.285585601307787, 16.711143473783256 ], [ -99.285716966752432, 16.710918745933505 ], [ -99.285784696611884, 16.710795350702892 ], [ -99.285856520876948, 16.710649892899649 ], [ -99.28590849814411, 16.710530858465287 ], [ -99.285992605630696, 16.710319212958535 ], [ -99.286043426394528, 16.710179569551507 ], [ -99.286111781224676, 16.709972284844643 ], [ -99.286174885130137, 16.709766453733799 ], [ -99.286295841777005, 16.709356245071795 ], [ -99.286352557582802, 16.709144275741679 ], [ -99.286401748614608, 16.708918576456117 ], [ -99.286427017926371, 16.708754380320649 ], [ -99.286453634858844, 16.70848749120357 ], [ -99.286460897381559, 16.708325489531493 ], [ -99.286456068072624, 16.708106373635147 ], [ -99.286440756738429, 16.707903182144246 ], [ -99.286399652154813, 16.707512723554171 ], [ -99.28637081415323, 16.707296533592697 ], [ -99.286325404697038, 16.707038422303139 ], [ -99.286278560303074, 16.706824426776326 ], [ -99.286183436753774, 16.706440551455067 ], [ -99.286114019106051, 16.706185366019323 ], [ -99.286000889758114, 16.705803685020658 ], [ -99.28588175872801, 16.705422735412643 ], [ -99.285637495999012, 16.704661567393007 ], [ -99.285514241930017, 16.704282431147991 ], [ -99.285388741466363, 16.703906190617133 ], [ -99.285302827878979, 16.70365825935054 ], [ -99.285170587589562, 16.703290706076299 ], [ -99.28509487409768, 16.703089405573227 ], [ -99.284999973725689, 16.702853057373485 ], [ -99.284917519935931, 16.702660444206384 ], [ -99.284765059147063, 16.702318952851854 ], [ -99.284683758738325, 16.702144779010325 ], [ -99.284592318050514, 16.701963748897391 ], [ -99.284521217269614, 16.701836205891791 ], [ -99.284399355670459, 16.701634606965648 ], [ -99.28432151449833, 16.701515751279491 ], [ -99.284209852529827, 16.701360783156691 ], [ -99.284101590469817, 16.701221358615125 ], [ -99.283888466528424, 16.700958052999965 ], [ -99.28377120351935, 16.700820810157637 ], [ -99.283632538185586, 16.700672387337015 ], [ -99.283518692275024, 16.70056225881569 ], [ -99.283315819989937, 16.700380295999189 ], [ -99.283181710908877, 16.700268025500101 ], [ -99.282982255908536, 16.700113176824992 ], [ -99.282783940103656, 16.699967366113931 ], [ -99.282388448247531, 16.699684782267862 ], [ -99.282161976570947, 16.699527076938917 ], [ -99.281878052998735, 16.699336545051345 ], [ -99.281631318752062, 16.69917669719673 ], [ -99.281175040119876, 16.698887685098139 ], [ -99.28086410067688, 16.698694295782047 ], [ -99.280387561026842, 16.698403139870663 ], [ -99.279904268388179, 16.698111268791301 ], [ -99.278930933083174, 16.69752680908217 ], [ -99.278444271824611, 16.697237470171263 ], [ -99.277957620387014, 16.696953915498998 ], [ -99.277633195243766, 16.69677066381232 ], [ -99.277146571192446, 16.696504463426177 ], [ -99.276876233408558, 16.696362359230854 ], [ -99.276551843574197, 16.696202247465912 ], [ -99.276281531594734, 16.696077498720687 ], [ -99.275794985847526, 16.695863363819566 ], [ -99.275542711582332, 16.695758115864646 ], [ -99.275272434008272, 16.695656507438546 ], [ -99.275074245535791, 16.695592408113082 ], [ -99.274749957704117, 16.69550171845928 ], [ -99.274551794349662, 16.695454974875226 ], [ -99.274281592008151, 16.695405433882495 ], [ -99.274029418123263, 16.695369609051401 ], [ -99.273543098904398, 16.695311675022538 ], [ -99.27329880768319, 16.695278370001798 ], [ -99.273052253123737, 16.695236389536493 ], [ -99.272885620064272, 16.695199727238649 ], [ -99.272632275493052, 16.695131720798603 ], [ -99.272489265193315, 16.695085264146162 ], [ -99.272313578834527, 16.695013900736658 ], [ -99.272163778571453, 16.694941418364834 ], [ -99.271890064330009, 16.694795334513092 ], [ -99.271745875236149, 16.69471091201444 ], [ -99.27158702203873, 16.694603728533291 ], [ -99.271466455797295, 16.694509511920828 ], [ -99.27126361039943, 16.69433404551021 ], [ -99.271136254525615, 16.69421380316793 ], [ -99.27095703228612, 16.694028542580796 ], [ -99.270785684569432, 16.693840017223359 ], [ -99.270450864313773, 16.693459701463912 ], [ -99.270284761960511, 16.693265383383597 ], [ -99.270121274501619, 16.693062745193387 ], [ -99.270014897614914, 16.692919333022967 ], [ -99.26985925443033, 16.69269173470909 ], [ -99.269775400720803, 16.69255697118211 ], [ -99.2696794826483, 16.692380278966667 ], [ -99.2696034729112, 16.692220555472066 ], [ -99.269471361934862, 16.691918077170936 ], [ -99.269405474684973, 16.691752916571048 ], [ -99.269339923719969, 16.691559913121129 ], [ -99.269296559327415, 16.691403401314712 ], [ -99.269232017152902, 16.691126869342746 ], [ -99.269196496662957, 16.690945397629907 ], [ -99.269154477321749, 16.690677514472043 ], [ -99.269119965601277, 16.690412514252188 ], [ -99.269058449938925, 16.689885396728599 ], [ -99.269034815936749, 16.689618574383903 ], [ -99.269025429374736, 16.689345224901373 ], [ -99.26903341903953, 16.689156464780787 ], [ -99.269066774510975, 16.688863533898783 ], [ -99.269099552605809, 16.688694267382548 ], [ -99.269164531387517, 16.688479398708782 ], [ -99.269240051189868, 16.688290550751379 ], [ -99.269401631521106, 16.687938875481805 ], [ -99.269499660920459, 16.687749998132063 ], [ -99.269632168979939, 16.687535041382059 ], [ -99.269754986326589, 16.687365657461466 ], [ -99.269990930025145, 16.687072462328526 ], [ -99.27015648821066, 16.686883496588905 ], [ -99.270417219052248, 16.686609794464271 ], [ -99.270686211931306, 16.68634258982469 ], [ -99.27123245822186, 16.6858146772976 ], [ -99.271488681068817, 16.685538810203106 ], [ -99.271711104858554, 16.685239122237821 ], [ -99.271825588704388, 16.685015509589707 ], [ -99.271946616607238, 16.684644359717488 ], [ -99.271980055924118, 16.684414344793908 ], [ -99.271959346327847, 16.684095449938219 ], [ -99.27189139125386, 16.683793973415746 ], [ -99.271708236337332, 16.683208438571658 ], [ -99.27157946968191, 16.68288100723813 ], [ -99.271376324436943, 16.682484248071408 ], [ -99.27116651591453, 16.682150414017336 ], [ -99.270740236824608, 16.68154567053832 ], [ -99.270429038100772, 16.681140373429326 ], [ -99.269921721377827, 16.680529225332069 ], [ -99.26938739390873, 16.679915941509442 ], [ -99.26829173541914, 16.678687234925579 ], [ -99.267735967912529, 16.678025882903174 ], [ -99.267265301174319, 16.677403971014606 ], [ -99.267164317538331, 16.677270536384633 ], [ -99.267091712061699, 16.677161247739551 ], [ -99.267051171323658, 16.677100224145143 ], [ -99.28687214388583, 16.699846187699574 ], [ -99.30597134635974, 16.721756849689992 ], [ -99.308829316113702, 16.725034927817976 ] ] ] ] } },
{ "type": "Feature", "properties": { "fid": 16.0, "cat": 16, "VULNERABIL": 5.0, "NOM_ACUIF": "NEXPA", "CLAVE_ACUI": "1232" }, "geometry": { "type": "MultiPolygon", "coordinates": [ [ [ [ -99.198197019253996, 16.625668722766815 ], [ -99.227395328101323, 16.633324377570236 ], [ -99.244534323565944, 16.63723104193237 ], [ -99.25599852973285, 16.63984331259832 ], [ -99.264879411919509, 16.6746075265998 ], [ -99.267051171323658, 16.677100224145146 ], [ -99.267091712061699, 16.677161247739551 ], [ -99.267164317538331, 16.677270536384633 ], [ -99.267265301174319, 16.677403971014606 ], [ -99.267735967912529, 16.678025882903174 ], [ -99.26829173541914, 16.678687234925579 ], [ -99.26938739390873, 16.679915941509442 ], [ -99.269921721377827, 16.680529225332069 ], [ -99.270429038100772, 16.681140373429326 ], [ -99.270740236824608, 16.68154567053832 ], [ -99.27116651591453, 16.682150414017336 ], [ -99.271376324436943, 16.682484248071408 ], [ -99.27157946968191, 16.68288100723813 ], [ -99.271708236337332, 16.683208438571658 ], [ -99.27189139125386, 16.683793973415746 ], [ -99.271959346327847, 16.684095449938219 ], [ -99.271980055924118, 16.684414344793908 ], [ -99.271946616607238, 16.684644359717488 ], [ -99.271825588704388, 16.685015509589707 ], [ -99.271711104858554, 16.685239122237821 ], [ -99.271488681068817, 16.685538810203106 ], [ -99.27123245822186, 16.6858146772976 ], [ -99.270686211931306, 16.68634258982469 ], [ -99.270417219052248, 16.686609794464271 ], [ -99.27015648821066, 16.686883496588905 ], [ -99.269990930025145, 16.687072462328526 ], [ -99.269754986326589, 16.687365657461466 ], [ -99.269632168979939, 16.687535041382059 ], [ -99.269499660920459, 16.687749998132063 ], [ -99.269401631521106, 16.687938875481805 ], [ -99.269240051189868, 16.688290550751379 ], [ -99.269164531387517, 16.688479398708782 ], [ -99.269099552605809, 16.688694267382548 ], [ -99.269066774510975, 16.688863533898783 ], [ -99.26903341903953, 16.689156464780787 ], [ -99.269025429374736, 16.689345224901373 ], [ -99.269034815936749, 16.689618574383903 ], [ -99.269058449938925, 16.689885396728599 ], [ -99.269119965601277, 16.690412514252188 ], [ -99.269154477321749, 16.690677514472043 ], [ -99.269196496662957, 16.690945397629907 ], [ -99.269232017152902, 16.691126869342746 ], [ -99.269296559327415, 16.691403401314712 ], [ -99.269339923719969, 16.691559913121129 ], [ -99.269405474684973, 16.691752916571048 ], [ -99.269471361934862, 16.691918077170936 ], [ -99.2696034729112, 16.692220555472066 ], [ -99.2696794826483, 16.692380278966667 ], [ -99.269775400720803, 16.69255697118211 ], [ -99.26985925443033, 16.69269173470909 ], [ -99.270014897614914, 16.692919333022967 ], [ -99.270121274501619, 16.693062745193387 ], [ -99.270284761960511, 16.693265383383597 ], [ -99.270450864313773, 16.693459701463912 ], [ -99.270785684569432, 16.693840017223359 ], [ -99.27095703228612, 16.694028542580796 ], [ -99.271136254525615, 16.69421380316793 ], [ -99.27126361039943, 16.69433404551021 ], [ -99.271466455797295, 16.694509511920828 ], [ -99.27158702203873, 16.694603728533291 ], [ -99.271745875236149, 16.69471091201444 ], [ -99.271890064330009, 16.694795334513092 ], [ -99.272163778571453, 16.694941418364834 ], [ -99.272313578834527, 16.695013900736658 ], [ -99.272489265193315, 16.695085264146162 ], [ -99.272632275493052, 16.695131720798603 ], [ -99.272885620064272, 16.695199727238649 ], [ -99.273052253123737, 16.695236389536493 ], [ -99.27329880768319, 16.695278370001798 ], [ -99.273543098904398, 16.695311675022538 ], [ -99.274029418123263, 16.695369609051401 ], [ -99.274281592008151, 16.695405433882495 ], [ -99.274551794349662, 16.695454974875226 ], [ -99.274749957704117, 16.69550171845928 ], [ -99.275074245535791, 16.695592408113082 ], [ -99.275272434008272, 16.695656507438546 ], [ -99.275542711582332, 16.695758115864646 ], [ -99.275794985847526, 16.695863363819566 ], [ -99.276281531594734, 16.696077498720687 ], [ -99.276551843574197, 16.696202247465912 ], [ -99.276876233408558, 16.696362359230854 ], [ -99.277146571192446, 16.696504463426177 ], [ -99.277633195243766, 16.69677066381232 ], [ -99.277957620387014, 16.696953915498998 ], [ -99.278444271824611, 16.697237470171263 ], [ -99.278930933083174, 16.69752680908217 ], [ -99.279904268388179, 16.698111268791301 ], [ -99.280387561026842, 16.698403139870663 ], [ -99.28086410067688, 16.698694295782047 ], [ -99.281175040119876, 16.698887685098139 ], [ -99.281631318752062, 16.69917669719673 ], [ -99.281878052998735, 16.699336545051345 ], [ -99.282161976570947, 16.699527076938917 ], [ -99.282388448247531, 16.699684782267862 ], [ -99.282783940103656, 16.699967366113931 ], [ -99.282982255908536, 16.700113176824992 ], [ -99.283181710908877, 16.700268025500101 ], [ -99.283315819989937, 16.700380295999189 ], [ -99.283518692275024, 16.70056225881569 ], [ -99.283632538185586, 16.700672387337015 ], [ -99.28377120351935, 16.700820810157637 ], [ -99.283888466528424, 16.700958052999965 ], [ -99.284101590469817, 16.701221358615125 ], [ -99.284209852529827, 16.701360783156691 ], [ -99.28432151449833, 16.701515751279491 ], [ -99.284399355670459, 16.701634606965648 ], [ -99.284521217269614, 16.701836205891791 ], [ -99.284592318050514, 16.701963748897391 ], [ -99.284683758738325, 16.702144779010325 ], [ -99.284765059147063, 16.702318952851854 ], [ -99.284917519935931, 16.702660444206384 ], [ -99.284999973725689, 16.702853057373485 ], [ -99.28509487409768, 16.703089405573227 ], [ -99.285170587589562, 16.703290706076299 ], [ -99.285302827878979, 16.70365825935054 ], [ -99.285388741466363, 16.703906190617133 ], [ -99.285514241930017, 16.704282431147991 ], [ -99.285637495999012, 16.704661567393007 ], [ -99.28588175872801, 16.705422735412643 ], [ -99.286000889758114, 16.705803685020658 ], [ -99.286114019106051, 16.706185366019323 ], [ -99.286183436753774, 16.706440551455067 ], [ -99.286278560303074, 16.706824426776326 ], [ -99.286325404697038, 16.707038422303139 ], [ -99.28637081415323, 16.707296533592697 ], [ -99.286399652154813, 16.707512723554171 ], [ -99.286440756738429, 16.707903182144246 ], [ -99.286456068072624, 16.708106373635147 ], [ -99.286460897381559, 16.708325489531493 ], [ -99.286453634858844, 16.70848749120357 ], [ -99.286427017926371, 16.708754380320649 ], [ -99.286401748614608, 16.708918576456117 ], [ -99.286352557582802, 16.709144275741679 ], [ -99.286295841777005, 16.709356245071795 ], [ -99.286174885130137, 16.709766453733799 ], [ -99.286111781224676, 16.709972284844643 ], [ -99.286043426394528, 16.710179569551507 ], [ -99.285992605630696, 16.710319212958535 ], [ -99.28590849814411, 16.710530858465287 ], [ -99.285856520876948, 16.710649892899649 ], [ -99.285784696611884, 16.710795350702892 ], [ -99.285716966752432, 16.710918745933505 ], [ -99.285585601307787, 16.711143473783256 ], [ -99.285512234945742, 16.711261452906225 ], [ -99.285423501428141, 16.711390662455891 ], [ -99.285348978605569, 16.711488032581862 ], [ -99.285214143582522, 16.711650933377371 ], [ -99.28512386802521, 16.711752664212476 ], [ -99.284987876394155, 16.711894955921398 ], [ -99.284851499155508, 16.712030377894635 ], [ -99.284578358704167, 16.712294351926943 ], [ -99.284436723598446, 16.712426888159786 ], [ -99.28428495909219, 16.712560522990117 ], [ -99.284173653426805, 16.712650711503773 ], [ -99.283991500904023, 16.712787642182164 ], [ -99.283880175721748, 16.712864813386481 ], [ -99.28372835277122, 16.712959396353217 ], [ -99.283586639678731, 16.713039863397359 ], [ -99.283313323170773, 16.713186681398415 ], [ -99.283161474084537, 16.713263907749003 ], [ -99.282979243506446, 16.713348768931848 ], [ -99.282827374978893, 16.713412977885856 ], [ -99.282553999875105, 16.713520743432319 ], [ -99.282371743250977, 16.713588247879674 ], [ -99.282098348506906, 16.713682995675015 ], [ -99.281824947118409, 16.713773404060486 ], [ -99.281278137196111, 16.713949880704401 ], [ -99.281004360336638, 16.714040650112128 ], [ -99.280729840178509, 16.714136482406605 ], [ -99.280546083544991, 16.714205433647773 ], [ -99.280269333772026, 16.714316455073117 ], [ -99.280114840706048, 16.714383196728349 ], [ -99.279928111380713, 16.714472400402059 ], [ -99.279771388883532, 16.714554331533805 ], [ -99.279487950523247, 16.714710921110534 ], [ -99.279340239227338, 16.71479717879615 ], [ -99.279180543896885, 16.714899362451071 ], [ -99.279062096332382, 16.714983410886799 ], [ -99.278866448878929, 16.715133372498482 ], [ -99.278745771759105, 16.715232610474711 ], [ -99.27857938788668, 16.715380362825435 ], [ -99.278422758460522, 16.715527378728975 ], [ -99.278119253607144, 16.715820673883655 ], [ -99.277963372866125, 16.715966965258517 ], [ -99.277799235948549, 16.716112544435994 ], [ -99.277681555255668, 16.716208885063537 ], [ -99.277492650071906, 16.716352327740843 ], [ -99.27737944667382, 16.716431305945605 ], [ -99.277228741753689, 16.716524797923814 ], [ -99.277090770270632, 16.716601639658901 ], [ -99.27682756058708, 16.716738672737378 ], [ -99.276682825377009, 16.716809014670268 ], [ -99.276511829594298, 16.716883007518032 ], [ -99.276371571856075, 16.716935987002842 ], [ -99.276121794362965, 16.71702093250336 ], [ -99.275956768488868, 16.717071775263861 ], [ -99.27571146839189, 16.717139358051686 ], [ -99.275467660713446, 16.717201153146949 ], [ -99.274981537483924, 16.717318955080408 ], [ -99.274729837184552, 16.717372081688627 ], [ -99.274460859843828, 16.717413660104711 ], [ -99.274264264661682, 16.717429830951186 ], [ -99.273943456516506, 16.717436764975105 ], [ -99.27374795289893, 16.717429069048002 ], [ -99.273482250263996, 16.717399047345921 ], [ -99.273234916230123, 16.717356707012808 ], [ -99.272758617021424, 16.717259707207081 ], [ -99.27249437048232, 16.717197862522212 ], [ -99.272177929953784, 16.717109328684018 ], [ -99.271914775664058, 16.717023616973105 ], [ -99.271441753677635, 16.716855015273268 ], [ -99.271126770127879, 16.716734658105405 ], [ -99.270654841542495, 16.716542188303311 ], [ -99.270183277915933, 16.716341761982179 ], [ -99.269240517641251, 16.715932950634478 ], [ -99.268770446191155, 16.715724202557226 ], [ -99.268302990171847, 16.715506771871347 ], [ -99.267993967840567, 16.715353135965419 ], [ -99.267534356938313, 16.715109658955189 ], [ -99.267281632508144, 16.714965711989478 ], [ -99.26698306973806, 16.7147773485035 ], [ -99.266738189595969, 16.714607356339748 ], [ -99.266530346428539, 16.71445406915743 ], [ -99.265266867304874, 16.714818971017863 ], [ -99.265319160267282, 16.714646787669647 ], [ -99.265348100565305, 16.714410271485409 ], [ -99.265344041516926, 16.714188261201066 ], [ -99.265302924250832, 16.713758746518796 ], [ -99.265262820397638, 16.71351942620905 ], [ -99.265183626134544, 16.71323097995332 ], [ -99.265091739653798, 16.712989556475474 ], [ -99.264895274914664, 16.712553732180346 ], [ -99.264747038025192, 16.712262481455031 ], [ -99.264498792255111, 16.711824553497564 ], [ -99.264233286809144, 16.711385924089015 ], [ -99.263685018847895, 16.710507962976187 ], [ -99.263408998307355, 16.710059944501928 ], [ -99.263129202191706, 16.709593850979115 ], [ -99.262938895360236, 16.70926504708439 ], [ -99.262647771130247, 16.708744728896686 ], [ -99.262482259346825, 16.708437588381354 ], [ -99.262276847743138, 16.708036485174162 ], [ -99.262100006964701, 16.707675120324843 ], [ -99.261774897215574, 16.706992128745984 ], [ -99.261602546044443, 16.706619910054204 ], [ -99.261410601305201, 16.706186245811232 ], [ -99.261263044473537, 16.705835690798075 ], [ -99.261012319224477, 16.705217689898237 ], [ -99.260853434206879, 16.704812910457743 ], [ -99.260627504261961, 16.704216573077865 ], [ -99.260409839913947, 16.703627456778015 ], [ -99.259982779397447, 16.702456444734093 ], [ -99.259768506114327, 16.701874916722559 ], [ -99.259552744121535, 16.701301345273372 ], [ -99.259407413487779, 16.700926920988959 ], [ -99.259187183559021, 16.700377219580627 ], [ -99.259063344110189, 16.700079786620492 ], [ -99.258912055203567, 16.699737189249547 ], [ -99.258783746459372, 16.699463626588361 ], [ -99.258550109553028, 16.698985535860629 ], [ -99.258427474895129, 16.69874559367517 ], [ -99.258293207270867, 16.698503857982942 ], [ -99.258192062445531, 16.698340907370525 ], [ -99.2580228956583, 16.698093791190278 ], [ -99.257917281059449, 16.697954710912555 ], [ -99.257769603933085, 16.697784586285245 ], [ -99.2576290900343, 16.697640125483463 ], [ -99.257355225789709, 16.697376867526923 ], [ -99.257204970243151, 16.697241819867973 ], [ -99.257028067521574, 16.697099934996203 ], [ -99.256883485151576, 16.696998507876593 ], [ -99.256626640877087, 16.696836111275829 ], [ -99.256457302483312, 16.696739053626871 ], [ -99.256206131511163, 16.69661027729158 ], [ -99.255956851723496, 16.696492707583857 ], [ -99.255460183872799, 16.696268774194735 ], [ -99.255176005653993, 16.696145822767143 ], [ -99.254820138438717, 16.696000902267812 ], [ -99.254511204645269, 16.695882319472982 ], [ -99.253940270949158, 16.695671490937588 ], [ -99.253551397053684, 16.695532394163617 ], [ -99.252955709080069, 16.695325932283964 ], [ -99.252351770255842, 16.695120925090052 ], [ -99.251135644303446, 16.69471236172328 ], [ -99.250526451090792, 16.694503016440883 ], [ -99.249914994935651, 16.694283547562435 ], [ -99.249505094038895, 16.694127112174549 ], [ -99.248886847644698, 16.693877274859666 ], [ -99.248541113943062, 16.693728353744216 ], [ -99.248122158741708, 16.693531428386851 ], [ -99.247769633872295, 16.693352140552985 ], [ -99.247131015396391, 16.693011201642889 ], [ -99.24679761670977, 16.692824295893683 ], [ -99.246436038176284, 16.692604518465942 ], [ -99.246166805859104, 16.692425128653507 ], [ -99.245720687874467, 16.692106736414829 ], [ -99.24544466496846, 16.69189698013929 ], [ -99.245062714075672, 16.691586103724951 ], [ -99.244702152603907, 16.691277732425466 ], [ -99.244002421236658, 16.690663493787664 ], [ -99.243650862762706, 16.690351494074186 ], [ -99.243295916522655, 16.69002973478927 ], [ -99.243055897465837, 16.689805469292686 ], [ -99.242690786632863, 16.689454432061755 ], [ -99.242484559006755, 16.689249652122289 ], [ -99.242230986536143, 16.688986349766115 ], [ -99.242014593448417, 16.688752292426798 ], [ -99.241618987398624, 16.688313422450459 ], [ -99.241410470273337, 16.688076100941945 ], [ -99.241180524177807, 16.687803006744097 ], [ -99.241005797715658, 16.687585171308182 ], [ -99.240711564767281, 16.687204759080814 ], [ -99.24052667325418, 16.686957646220673 ], [ -99.240266231539096, 16.68659671993052 ], [ -99.240017053883918, 16.686242288856345 ], [ -99.239529964363527, 16.685539921332776 ], [ -99.239285664320647, 16.685183675715322 ], [ -99.239039851955553, 16.684817307001644 ], [ -99.238874464347376, 16.684562938230883 ], [ -99.238624113953151, 16.684166200622702 ], [ -99.238483517654558, 16.683935667907868 ], [ -99.238312078813024, 16.683640807487595 ], [ -99.238166943755218, 16.683379906161917 ], [ -99.237902977970961, 16.682892062458723 ], [ -99.237764594208983, 16.682628983519642 ], [ -99.237613408125611, 16.682327590573205 ], [ -99.23749981500481, 16.682088347960914 ], [ -99.237310221960442, 16.681672013020123 ], [ -99.237192090294329, 16.681402401809336 ], [ -99.237027288241066, 16.681009903148581 ], [ -99.236870750057875, 16.680625349875207 ], [ -99.236565938738607, 16.679864188462012 ], [ -99.236414655454254, 16.679480351958802 ], [ -99.236265615698528, 16.679090004132803 ], [ -99.236168499118904, 16.67882326098729 ], [ -99.23602618913759, 16.678413379382036 ], [ -99.235949371219988, 16.678179156139009 ], [ -99.2358612272198, 16.677886368063536 ], [ -99.235791138469267, 16.677632611183878 ], [ -99.235669016441506, 16.677164128586003 ], [ -99.235607937062483, 16.676914700459179 ], [ -99.235546820669001, 16.676634898725162 ], [ -99.235506039338333, 16.676417990638466 ], [ -99.235444811781534, 16.676047068108044 ], [ -99.235410759424738, 16.67581062643686 ], [ -99.235369829848779, 16.675472223962672 ], [ -99.235335666274679, 16.6751446615059 ], [ -99.235274105321309, 16.674500376581364 ], [ -99.235236937435474, 16.674169924758861 ], [ -99.23518699456271, 16.673822854240917 ], [ -99.235140924317406, 16.673574855201107 ], [ -99.235052656578347, 16.673177928578607 ], [ -99.234990844061571, 16.672940795072449 ], [ -99.234893674216437, 16.672626321175294 ], [ -99.23479353710951, 16.672339331492065 ], [ -99.234590296199599, 16.671792836217111 ], [ -99.234472137581918, 16.671492849473999 ], [ -99.234320902232383, 16.671139384595183 ], [ -99.234187001960692, 16.670850263191763 ], [ -99.233936537021222, 16.67033636371653 ], [ -99.233764313665034, 16.669997385704782 ], [ -99.233498108571027, 16.669494351118868 ], [ -99.233226657417234, 16.668994937965675 ], [ -99.232678511924917, 16.667999732270058 ], [ -99.232384927640126, 16.667496365239725 ], [ -99.232052317660518, 16.666981470534331 ], [ -99.231791551513808, 16.666626679808189 ], [ -99.231341863576091, 16.666077202031612 ], [ -99.23105301112011, 16.665760408743289 ], [ -99.230636141130816, 16.665359506762407 ], [ -99.230230210693151, 16.665008129761567 ], [ -99.229429291826676, 16.664354899187892 ], [ -99.228974976237041, 16.664004657969379 ], [ -99.228412946260661, 16.663607165977876 ], [ -99.227930545149661, 16.663294920445232 ], [ -99.22704537353701, 16.662755674304648 ], [ -99.226445898767381, 16.662408840656997 ], [ -99.225532645931807, 16.661907585696667 ], [ -99.224610034640975, 16.66141899247874 ], [ -99.222755462738263, 16.660454459251625 ], [ -99.221830629640777, 16.659978873127006 ], [ -99.220910692889191, 16.659516656479486 ], [ -99.220302295920533, 16.659221883433926 ], [ -99.219397041467431, 16.658799781036961 ], [ -99.218899015678147, 16.658578651699568 ], [ -99.218310191116316, 16.658337367632008 ], [ -99.217826842447778, 16.658156356915889 ], [ -99.216965621804547, 16.657854607553443 ], [ -99.216523955466144, 16.657711517286092 ], [ -99.216060175723314, 16.657583997560828 ], [ -99.215728875493184, 16.657514555287019 ], [ -99.215198754429807, 16.657433747980825 ], [ -99.214882128786584, 16.657404425812832 ], [ -99.21446237264864, 16.657397266955726 ], [ -99.21407940459396, 16.657414657517741 ], [ -99.21335025623361, 16.657473986921492 ], [ -99.212982675798074, 16.657498953056827 ], [ -99.212609083126495, 16.657514523316888 ], [ -99.212354009186853, 16.657515507884469 ], [ -99.211962380113405, 16.657502891281919 ], [ -99.211738796334444, 16.657486486487969 ], [ -99.211459674110543, 16.657449888950801 ], [ -99.211218054241698, 16.657405297816297 ], [ -99.210772317083709, 16.657308121558504 ], [ -99.210535182261623, 16.65724833820337 ], [ -99.210269514809653, 16.657166164809492 ], [ -99.210063870559964, 16.657088992561622 ], [ -99.209712605473385, 16.656939649038698 ], [ -99.209488925800869, 16.656834290278884 ], [ -99.209169151876921, 16.656667557589905 ], [ -99.208859875255726, 16.65649502835452 ], [ -99.208251820416891, 16.656144172458777 ], [ -99.207938792034852, 16.655969476039253 ], [ -99.207607760654412, 16.655796243530968 ], [ -99.207369069842017, 16.655682219265508 ], [ -99.206984028836729, 16.655513378852564 ], [ -99.206752113921155, 16.655421042628337 ], [ -99.206441409963759, 16.655312874538346 ], [ -99.206155484980002, 16.655224930504438 ], [ -99.205608414335472, 16.655069265836111 ], [ -99.20530674491026, 16.654990014442731 ], [ -99.204948806899139, 16.654907925486629 ], [ -99.204653912914949, 16.654850361969618 ], [ -99.204127169094733, 16.654759759893132 ], [ -99.203778265089497, 16.65470658738634 ], [ -99.203258296811896, 16.654637671966377 ], [ -99.202740587125589, 16.654575984874295 ], [ -99.201707426896775, 16.654459836448787 ], [ -99.201185967853576, 16.654398872296031 ], [ -99.200654750397206, 16.654332130794508 ], [ -99.200290846907379, 16.654281859650823 ], [ -99.199730353973877, 16.654197787617498 ], [ -99.199409210532949, 16.65414530418234 ], [ -99.199006273027848, 16.654071926399567 ], [ -99.198655854022661, 16.654002113453423 ], [ -99.198007534908868, 16.653866051563345 ], [ -99.197661611181886, 16.653789723975169 ], [ -99.19727215876442, 16.653696803968813 ], [ -99.196968995108662, 16.653618264986999 ], [ -99.196448956818017, 16.653475567662582 ], [ -99.196116518193818, 16.653379698720823 ], [ -99.195639240578544, 16.653234789357377 ], [ -99.195176216801912, 16.653089142288685 ], [ -99.194264424431424, 16.652797108487412 ], [ -99.193805905379051, 16.65265290048356 ], [ -99.193342139221329, 16.652512312273121 ], [ -99.193027714368043, 16.65242220702682 ], [ -99.192548205944533, 16.652292479451013 ], [ -99.192276564856073, 16.652224028882511 ], [ -99.191941149763167, 16.652148405133623 ], [ -99.191653765679391, 16.652090816086989 ], [ -99.191127028693671, 16.651993672163719 ], [ -99.190848658202015, 16.651946921465122 ], [ -99.190540283457025, 16.651903813881944 ], [ -99.190304695982277, 16.651878718694128 ], [ -99.189906308297466, 16.65184654050946 ], [ -99.189654977468351, 16.651832306771571 ], [ -99.189299372604154, 16.651821783846962 ], [ -99.188958028637003, 16.651818479171641 ], [ -99.188289601559717, 16.651819087040931 ], [ -99.187945252570316, 16.651811444315911 ], [ -99.187580632752699, 16.651787909279655 ], [ -99.187317282095393, 16.651756327133544 ], [ -99.186891850089822, 16.651685115575255 ], [ -99.186635228351903, 16.651629661386931 ], [ -99.186290795163274, 16.651534510580241 ], [ -99.185973361739258, 16.651431379953987 ], [ -99.185365495322699, 16.651217138066428 ], [ -99.185030035286658, 16.651090156979414 ], [ -99.184631521160455, 16.650923456288709 ], [ -99.184302791044686, 16.650772602907384 ], [ -99.183715115521665, 16.650486742844077 ], [ -99.183325575814223, 16.650288211508123 ], [ -99.18274463229838, 16.649978477587162 ], [ -99.182165933691977, 16.649660785001711 ], [ -99.18101078526189, 16.649017437903829 ], [ -99.180429841802521, 16.648699742353013 ], [ -99.179842155995473, 16.648390006035434 ], [ -99.179443622239191, 16.648191475092638 ], [ -99.178835706719028, 16.647905618505597 ], [ -99.178491232362234, 16.647754769355348 ], [ -99.17806572410511, 16.647588079107788 ], [ -99.177701017985541, 16.647461111124425 ], [ -99.17703240837578, 16.647246896561217 ], [ -99.17667897814917, 16.647143782275126 ], [ -99.176287296354701, 16.647048654932991 ], [ -99.175987923426888, 16.64699322378711 ], [ -99.175481486425994, 16.646922057360765 ], [ -99.175161880735104, 16.646890507264779 ], [ -99.174709500489101, 16.646867023571701 ], [ -99.174275139043587, 16.646859433846195 ], [ -99.173424434858418, 16.646860146695655 ], [ -99.172999080154668, 16.646857609070679 ], [ -99.172573720274968, 16.64684928509012 ], [ -99.172290141867521, 16.646837949801547 ], [ -99.171864766575993, 16.646812267915845 ], [ -99.171628441864826, 16.646792214340493 ], [ -99.171344843018204, 16.646757735823169 ], [ -99.171108503019084, 16.646720325202569 ], [ -99.170683082026386, 16.646642571533157 ], [ -99.17046248838038, 16.646596468986584 ], [ -99.17022612830921, 16.646535915419662 ], [ -99.170052788498481, 16.646481095426459 ], [ -99.169769129241772, 16.646377188933329 ], [ -99.169595774433887, 16.64630501210112 ], [ -99.169359369248113, 16.64619238817664 ], [ -99.169138715520376, 16.646076858394594 ], [ -99.168713160024765, 16.645842892563255 ], [ -99.168497009398521, 16.64572880479891 ], [ -99.168274112496576, 16.645620507766989 ], [ -99.168118768167687, 16.645554100566986 ], [ -99.16787563206853, 16.645463175968956 ], [ -99.167733810016585, 16.645418453122854 ], [ -99.167551479862183, 16.645375209267016 ], [ -99.167389418307323, 16.64534785899658 ], [ -99.167085563822269, 16.645309051851047 ], [ -99.166921263131599, 16.64529472036941 ], [ -99.16673221547029, 16.645290533252666 ], [ -99.166581436696859, 16.645297886223084 ], [ -99.166318147983574, 16.645324132143621 ], [ -99.166147129411115, 16.645348857492209 ], [ -99.165897362372306, 16.645396787639928 ], [ -99.165652102468499, 16.645451945752225 ], [ -99.165166089478689, 16.645569489384926 ], [ -99.164910717539399, 16.645643095923205 ], [ -99.164630614911118, 16.645746372410656 ], [ -99.164419149120661, 16.645844893430315 ], [ -99.164064854105902, 16.646037179851323 ], [ -99.16384329256762, 16.646173675549292 ], [ -99.163532902973643, 16.64639087631528 ], [ -99.163237148219366, 16.646616381746139 ], [ -99.162660272182507, 16.647075696514538 ], [ -99.162336419141099, 16.647343529087028 ], [ -99.161941736949018, 16.647687712602931 ], [ -99.161607786209885, 16.647993519197406 ], [ -99.16100061471731, 16.648566754780148 ], [ -99.160592466409383, 16.648961569211547 ], [ -99.159975192776955, 16.649572776881989 ], [ -99.159354549822368, 16.65019664105645 ], [ -99.158109886353714, 16.651457022147994 ], [ -99.157490735838294, 16.652085941892249 ], [ -99.156877955953547, 16.652712323811965 ], [ -99.156475808507253, 16.653127374790056 ], [ -99.1558821461674, 16.653746145878241 ], [ -99.155558706842768, 16.654087370925257 ], [ -99.155182052694173, 16.654492275656391 ], [ -99.15487773517809, 16.654825891873987 ], [ -99.154341435624033, 16.655421835324507 ], [ -99.154069727876049, 16.655728306604217 ], [ -99.153790905771729, 16.656051777670307 ], [ -99.153597910330902, 16.656284424975574 ], [ -99.153297745959719, 16.656658895784556 ], [ -99.153123873890394, 16.656883935054193 ], [ -99.152902422370261, 16.657184582186673 ], [ -99.152707208450806, 16.657460621439839 ], [ -99.152343017347391, 16.657988091793161 ], [ -99.152176682348824, 16.658260131795505 ], [ -99.152041869513937, 16.658548781820961 ], [ -99.151983516728549, 16.658757825288063 ], [ -99.151943271383686, 16.659096305713685 ], [ -99.15195243554713, 16.659300960558195 ], [ -99.15202017360447, 16.659576444657205 ], [ -99.152123906407425, 16.659830929933065 ], [ -99.15236736745544, 16.660318901469683 ], [ -99.151628372604904, 16.660776858181539 ], [ -99.151401017276584, 16.660733633203098 ], [ -99.15123970200969, 16.660714948120052 ], [ -99.150983111491641, 16.660702117804338 ], [ -99.150830816092693, 16.660705121403097 ], [ -99.150630520361545, 16.660726962598233 ], [ -99.150448989495089, 16.660760360953986 ], [ -99.150104692468361, 16.660838714574851 ], [ -99.149916422789602, 16.660889473800413 ], [ -99.149695910855826, 16.660963398080515 ], [ -99.149516660616726, 16.661035846001255 ], [ -99.149199421630072, 16.661179265316793 ], [ -99.148990935249927, 16.661282107621059 ], [ -99.148682715059167, 16.661447215236311 ], [ -99.148377500861613, 16.661619552099669 ], [ -99.147770077327635, 16.661971454196305 ], [ -99.147465991542219, 16.662149935994602 ], [ -99.147161158817212, 16.662333480177622 ], [ -99.14695719029703, 16.662460905546631 ], [ -99.146650117426489, 16.662659637466117 ], [ -99.14647877471937, 16.662775106718851 ], [ -99.146271819680337, 16.662922782722543 ], [ -99.146098237298432, 16.663053440139539 ], [ -99.145784444872291, 16.663297736208005 ], [ -99.14562099095626, 16.663429470880313 ], [ -99.145444421981296, 16.663580379044827 ], [ -99.14531359432128, 16.663700158016947 ], [ -99.145097680189323, 16.66390858671879 ], [ -99.14496461277767, 16.664043553935052 ], [ -99.144781324737139, 16.664240026923682 ], [ -99.144608911955018, 16.664432514641636 ], [ -99.144274961018596, 16.664813504554306 ], [ -99.144110802693746, 16.665009602036395 ], [ -99.143952279308323, 16.665216904849295 ], [ -99.143852232134023, 16.665366312120888 ], [ -99.143710613988446, 16.665607231138161 ], [ -99.143637572359367, 16.665752280463536 ], [ -99.143560065749497, 16.665946509467858 ], [ -99.143503929700572, 16.666125175157234 ], [ -99.143413028055051, 16.666466943209567 ], [ -99.1433715290256, 16.666655361730701 ], [ -99.143337933744135, 16.666878849267739 ], [ -99.143323440680604, 16.667062909980643 ], [ -99.143313556802696, 16.667391604581653 ], [ -99.143315969601687, 16.667609281713919 ], [ -99.143326014004245, 16.667799546164936 ], [ -99.142223110587139, 16.667979220731223 ], [ -99.142010306894562, 16.667838345513694 ], [ -99.141817829040164, 16.667790385490129 ], [ -99.141453198966673, 16.667787380357744 ], [ -99.141200017648302, 16.667831667324563 ], [ -99.140805103387521, 16.667967533285129 ], [ -99.140400093749264, 16.668149689201694 ], [ -99.139579977125663, 16.668560289334074 ], [ -99.139162975176717, 16.668762338514842 ], [ -99.138732087710963, 16.668957887486329 ], [ -99.138430944275584, 16.669081753578247 ], [ -99.137958401441452, 16.669257802761834 ], [ -99.137681992638164, 16.669349107956734 ], [ -99.13732530939869, 16.669446974665775 ], [ -99.137007246155278, 16.669518780557095 ], [ -99.136409739414034, 16.669636330784286 ], [ -99.13608603620969, 16.669690782527336 ], [ -99.135712433711021, 16.669736588226844 ], [ -99.135413466176757, 16.669758479375282 ], [ -99.13489016611571, 16.669778346688894 ], [ -99.134549544739656, 16.669780737695412 ], [ -99.134050980789041, 16.669768043481859 ], [ -99.133560662346412, 16.66974449497172 ], [ -99.132588271298246, 16.669686541409838 ], [ -99.132104328528158, 16.669660092629368 ], [ -99.131624890964602, 16.669638702154852 ], [ -99.131309771050468, 16.669629500665899 ], [ -99.130843848821002, 16.669623286715051 ], [ -99.130589508202377, 16.669624893527264 ], [ -99.130292408536377, 16.66963592832947 ], [ -99.130051583015003, 16.6696527128803 ], [ -99.12962620602157, 16.669692031432987 ], [ -99.129410145128375, 16.669717477973006 ], [ -99.129187339504199, 16.669754499462421 ], [ -99.129032057689969, 16.669790755491846 ], [ -99.128789017807705, 16.669862502060578 ], [ -99.128647250861434, 16.669913936299427 ], [ -99.128464989922136, 16.669996492530196 ], [ -99.128302988580771, 16.670082651985567 ], [ -99.127999245229375, 16.670258573931275 ], [ -99.127845496941561, 16.670345451116834 ], [ -99.127687995708243, 16.670430160944434 ], [ -99.127579242002639, 16.670484466850386 ], [ -99.127410482120013, 16.670562674728888 ], [ -99.127312973764646, 16.670603956240168 ], [ -99.127189208633681, 16.670649592937732 ], [ -99.127080441772705, 16.670684372580126 ], [ -99.126877906276945, 16.670743074727238 ], [ -99.126769135019913, 16.670771345539137 ], [ -99.126645356805128, 16.670797455910176 ], [ -99.126547831050729, 16.670812702392258 ], [ -99.126379032001481, 16.670832331425103 ], [ -99.12627024781176, 16.670841075972959 ], [ -99.126112694307665, 16.670847680595379 ], [ -99.125958889328572, 16.670849943705907 ], [ -99.125655027900621, 16.670850128197809 ], [ -99.125501220083009, 16.670848051856812 ], [ -99.125343658067081, 16.670841638559054 ], [ -99.125234862530277, 16.670833026116053 ], [ -99.125066037951456, 16.670813602072869 ], [ -99.124968492341523, 16.670798474028775 ], [ -99.124844680090419, 16.67077251398204 ], [ -99.124735871961661, 16.67074437527247 ], [ -99.124533259885695, 16.670685919107154 ], [ -99.12442444764369, 16.670651271565003 ], [ -99.124300622951182, 16.670605785186993 ], [ -99.124203060707814, 16.670564622108031 ], [ -99.124034198722214, 16.670486619206141 ], [ -99.123925374112019, 16.670432445394596 ], [ -99.123767762268173, 16.670347926873571 ], [ -99.123613900533613, 16.670261236436989 ], [ -99.123309927450151, 16.670085683427505 ], [ -99.123146313057745, 16.669999721628091 ], [ -99.122959442701742, 16.669917389427546 ], [ -99.122811606446845, 16.669866130912432 ], [ -99.122554968057884, 16.669794687468038 ], [ -99.122389135155402, 16.669758626193246 ], [ -99.122148274771305, 16.669721885839174 ], [ -99.1219126736991, 16.66969671308247 ], [ -99.121446730926792, 16.669657934654129 ], [ -99.121181874931054, 16.669641456438256 ], [ -99.120853249617738, 16.669630800570751 ], [ -99.120570396724432, 16.669629518969639 ], [ -99.120050463305375, 16.669636329511846 ], [ -99.119697841983097, 16.669645934914723 ], [ -99.119159911377423, 16.669667940520206 ], [ -99.118615981591489, 16.669695010464867 ], [ -99.11752212245284, 16.669754211776986 ], [ -99.116969936983224, 16.669777666156111 ], [ -99.116407240137377, 16.669788830809853 ], [ -99.116021597657863, 16.669783984789209 ], [ -99.115427367213698, 16.6697582819552 ], [ -99.115086728108082, 16.669731713543847 ], [ -99.114659041293294, 16.669677711690895 ], [ -99.114286869161475, 16.6696142769262 ], [ -99.113598040065156, 16.669477973543003 ], [ -99.113230358792563, 16.669395008392399 ], [ -99.11281614375018, 16.669282417300728 ], [ -99.112493466646924, 16.669177730751343 ], [ -99.111939650827082, 16.668976261755592 ], [ -99.111585442082472, 16.668834708325942 ], [ -99.111076631683432, 16.668611517185919 ], [ -99.11058282362319, 16.66838108491951 ], [ -99.109610212197424, 16.667912977024962 ], [ -99.109121658689574, 16.667681092090508 ], [ -99.108628607226706, 16.667453547467669 ], [ -99.108295407765354, 16.66730619186254 ], [ -99.107788860819397, 16.667091669627116 ], [ -99.107502947193765, 16.666976831519037 ], [ -99.107151752828571, 16.666846839863283 ], [ -99.106852342492431, 16.66674502518163 ], [ -99.106305306194457, 16.666569572223665 ], [ -99.106017158970118, 16.666482937463375 ], [ -99.105699753119552, 16.666398486783272 ], [ -99.105458890494333, 16.666344370507552 ], [ -99.10505370850089, 16.666266472156344 ], [ -99.104799348665097, 16.666225379307075 ], [ -99.104441451045716, 16.66617999922742 ], [ -99.104099314859297, 16.666145458408458 ], [ -99.103430804070399, 16.666087215004776 ], [ -99.103087542834572, 16.666052673074969 ], [ -99.102726269766023, 16.666007291707892 ], [ -99.102467409212025, 16.665966198222083 ], [ -99.102052100728329, 16.665888298995885 ], [ -99.101803362051328, 16.665834182338624 ], [ -99.101472454474703, 16.665749731795742 ], [ -99.101169680629539, 16.66566309743223 ], [ -99.100592267174875, 16.665487644160084 ], [ -99.100274856259233, 16.665385828669901 ], [ -99.099900036606272, 16.665255836094914 ], [ -99.09959274812519, 16.665140997317501 ], [ -99.099045702807743, 16.664926473045167 ], [ -99.098684380514086, 16.664779115329644 ], [ -99.098147458984286, 16.664551566490164 ], [ -99.097613912644533, 16.66431967553951 ], [ -99.096550197744463, 16.663851548790603 ], [ -99.096022659573933, 16.66362435162484 ], [ -99.095503757294196, 16.663410889674832 ], [ -99.095166457699179, 16.663282317564914 ], [ -99.09467346101512, 16.663110063271453 ], [ -99.094408208904042, 16.663028102548335 ], [ -99.094105448823555, 16.662954475163108 ], [ -99.093866100701092, 16.662913723628836 ], [ -99.093450816398189, 16.662865096151712 ], [ -99.093244118343861, 16.662853618241858 ], [ -99.093039308326112, 16.662867812410106 ], [ -99.092904656292404, 16.662902947362163 ], [ -99.092678188125134, 16.661563706674293 ], [ -99.092836769733552, 16.66136837525346 ], [ -99.092907226801444, 16.661232746142314 ], [ -99.092960016534349, 16.661021190300485 ], [ -99.092977542403148, 16.660804226357456 ], [ -99.092977330357428, 16.660364890369227 ], [ -99.092974972150856, 16.660142149833415 ], [ -99.092968109584405, 16.659913264222993 ], [ -99.092959030187316, 16.659754528743008 ], [ -99.092938654586632, 16.659507207911592 ], [ -99.092922830479495, 16.659363662375032 ], [ -99.092895733757729, 16.659180346597505 ], [ -99.09286639668268, 16.659018365835301 ], [ -99.092805482273448, 16.658715739312456 ], [ -99.092769392772198, 16.658552676770185 ], [ -99.092722038610177, 16.658366115674944 ], [ -99.092679204511654, 16.658218243056769 ], [ -99.092598056461853, 16.657961186281096 ], [ -99.092541709639406, 16.65779487838914 ], [ -99.09245381722441, 16.657553011485756 ], [ -99.092363676788537, 16.65731620785029 ], [ -99.09218114834313, 16.656847663752426 ], [ -99.092087633620935, 16.656613031039605 ], [ -99.091989617464904, 16.656377677087935 ], [ -99.091919771835691, 16.656220053232332 ], [ -99.091808251127688, 16.655982535607915 ], [ -99.091741793648481, 16.655849860147548 ], [ -99.091653941832703, 16.655689351408437 ], [ -99.0915739796352, 16.655554512295861 ], [ -99.091421945017956, 16.655310503644785 ], [ -99.09133861077288, 16.655183259389034 ], [ -99.091240642491016, 16.655045535319704 ], [ -99.09116069624605, 16.654943239462586 ], [ -99.09101882586576, 16.654774075925729 ], [ -99.090925374994129, 16.654669616338541 ], [ -99.090786892731529, 16.654525401117521 ], [ -99.090649539906082, 16.654389501962978 ], [ -99.090375964052768, 16.65412601953652 ], [ -99.090232611473425, 16.653993015462401 ], [ -99.090076129236664, 16.65385748583336 ], [ -99.089958678020253, 16.653764607219514 ], [ -99.089762806654846, 16.653621500962014 ], [ -99.089640859527108, 16.65353947192331 ], [ -99.089470889436498, 16.653436491096134 ], [ -99.089309553116635, 16.653346885379566 ], [ -99.088995514486015, 16.653181048830643 ], [ -99.088819550065566, 16.653092533786477 ], [ -99.088605695222583, 16.652992825375076 ], [ -99.08842523489173, 16.652915159727588 ], [ -99.088097708895788, 16.652781870997465 ], [ -99.08787785972028, 16.652696628127604 ], [ -99.087545838168822, 16.652574188238891 ], [ -99.087212318264221, 16.652455364383602 ], [ -99.086543780898253, 16.652221331617852 ], [ -99.086204258326205, 16.652097446323115 ], [ -99.085854227231607, 16.65195982425324 ], [ -99.085610364511354, 16.651854339647738 ], [ -99.085228807583832, 16.651675507825498 ], [ -99.085006322943158, 16.651562420247402 ], [ -99.084720425794885, 16.651401989541704 ], [ -99.084466415304831, 16.651247692550982 ], [ -99.083990281660675, 16.650945231811267 ], [ -99.083732889395009, 16.650774663554305 ], [ -99.083436845675905, 16.650565419975717 ], [ -99.083200831727922, 16.650387248975601 ], [ -99.082788834101322, 16.650061979283759 ], [ -99.082521295551558, 16.649842598366597 ], [ -99.082130677501638, 16.649509725361931 ], [ -99.081747186548526, 16.64917431763935 ], [ -99.080987334377596, 16.648500966077467 ], [ -99.080606843936948, 16.648155430394361 ], [ -99.080225222207332, 16.647792176326405 ], [ -99.079969675892428, 16.647532288875748 ], [ -99.079584658827969, 16.647115880580092 ], [ -99.079369628609768, 16.646866824642853 ], [ -99.079109554505933, 16.646536065392102 ], [ -99.078891127988271, 16.646233855903088 ], [ -99.078495923520265, 16.645657986383803 ], [ -99.078289871156855, 16.645341669375814 ], [ -99.078066917534485, 16.644968588229855 ], [ -99.077901380406232, 16.644663103387003 ], [ -99.077627723098885, 16.644119729911601 ], [ -99.077458790279991, 16.643761091609406 ], [ -99.077225648961033, 16.643228550245656 ], [ -99.077006013378622, 16.642699619518755 ], [ -99.076580250206135, 16.641645368231615 ], [ -99.076365870768342, 16.641120050736397 ], [ -99.076148493297254, 16.640598350031915 ], [ -99.076000576435476, 16.640254166460075 ], [ -99.075774203336479, 16.639743316436881 ], [ -99.075645441825571, 16.639463127785447 ], [ -99.075485529954946, 16.639133411948364 ], [ -99.075347771689835, 16.638864074195844 ], [ -99.075094409239568, 16.638385776641684 ], [ -99.074960037422528, 16.638141387397258 ], [ -99.07481028384602, 16.637886517365114 ], [ -99.074695066268461, 16.637706123243575 ], [ -99.074499167236212, 16.637419810858287 ], [ -99.074374952665693, 16.637250267610902 ], [ -99.074198207869941, 16.637027950279563 ], [ -99.07402784789015, 16.636826964587637 ], [ -99.073693513354755, 16.636446324575992 ], [ -99.07352241088752, 16.636262695252892 ], [ -99.073343437351639, 16.636092447561477 ], [ -99.07321625043727, 16.635992330785147 ], [ -99.07301366320128, 16.635862228119517 ], [ -99.072893243440632, 16.635803330534877 ], [ -99.072734571263638, 16.635756740498984 ], [ -99.072590537359375, 16.635737988000127 ], [ -99.07231710779007, 16.635728320380476 ], [ -99.072167458043239, 16.635736689132209 ], [ -99.071991938312266, 16.635771463148398 ], [ -99.07184905512581, 16.635821051097956 ], [ -99.071595925139945, 16.63593504082343 ], [ -99.071532021352439, 16.63596948129905 ], [ -99.071599940807786, 16.635911791680595 ], [ -99.072218290465827, 16.634555523739333 ], [ -99.07324931720062, 16.633515521203751 ], [ -99.074111494122519, 16.632312847338298 ], [ -99.07436460598214, 16.632177151425221 ], [ -99.07468345398037, 16.632303602021285 ], [ -99.075668434703488, 16.6334604114091 ], [ -99.076465691858928, 16.63410198476171 ], [ -99.076906450247009, 16.634255508037409 ], [ -99.078669070633765, 16.633838991093619 ], [ -99.082058444443163, 16.632380123889082 ], [ -99.083525204743907, 16.631748771312786 ], [ -99.085052951502746, 16.630364976079811 ], [ -99.085849430737866, 16.629216522514074 ], [ -99.087002527630261, 16.628800185981273 ], [ -99.087489807121855, 16.62816715595909 ], [ -99.087489561302931, 16.627624734352722 ], [ -99.087630028120358, 16.627235939552108 ], [ -99.087488787033266, 16.625916106105652 ], [ -99.087769882035175, 16.625500130773226 ], [ -99.088116769388009, 16.625436701343062 ], [ -99.088960944287436, 16.626141489816678 ], [ -99.090171332583267, 16.62799424203558 ], [ -99.09088486280676, 16.629982810219932 ], [ -99.091372740155677, 16.630633501944356 ], [ -99.093379749727319, 16.631599927312049 ], [ -99.095001961934642, 16.631789038873947 ], [ -99.09769382207503, 16.63342409405136 ], [ -99.099082165533758, 16.63463484351313 ], [ -99.100976660104692, 16.635456602721192 ], [ -99.10413706019159, 16.636359076417509 ], [ -99.106012819763521, 16.637144637329421 ], [ -99.106950552400022, 16.637261680804663 ], [ -99.10741881768169, 16.636239879494163 ], [ -99.108478315935386, 16.636130844303587 ], [ -99.109416552602909, 16.637142870964709 ], [ -99.109651611696592, 16.638272790438513 ], [ -99.111059031737796, 16.639854102762254 ], [ -99.11293485846258, 16.640648640822448 ], [ -99.11539172646448, 16.640873297849449 ], [ -99.117154503447637, 16.640754785712627 ], [ -99.118795869186144, 16.641431878315924 ], [ -99.119433688575256, 16.641431512204552 ], [ -99.126062949593205, 16.641427590908702 ], [ -99.128642193446424, 16.642330041947798 ], [ -99.129589748226408, 16.64305267941101 ], [ -99.130865063043345, 16.643124201712418 ], [ -99.132271215994464, 16.642553768860218 ], [ -99.134502218917504, 16.641539816955426 ], [ -99.136611293062543, 16.64051688108265 ], [ -99.137191454137138, 16.638825955053012 ], [ -99.138128319632798, 16.637695291214513 ], [ -99.13895322097126, 16.637351207691552 ], [ -99.138249568825984, 16.636791176454718 ], [ -99.137892041667754, 16.635091830057821 ], [ -99.138482278621751, 16.634413411460535 ], [ -99.138246654297987, 16.632723024261772 ], [ -99.138826609062875, 16.630797043787098 ], [ -99.139762935412122, 16.628988346372154 ], [ -99.140352904071008, 16.627975429545824 ], [ -99.139995788360679, 16.626845627049519 ], [ -99.138823442974541, 16.626394396550332 ], [ -99.138588390537166, 16.625490518521222 ], [ -99.138821733555574, 16.624016785451712 ], [ -99.13870840954057, 16.622886817123014 ], [ -99.137997313870287, 16.62261310966964 ], [ -99.135191470862893, 16.621533082664047 ], [ -99.132846716797403, 16.620404550826507 ], [ -99.131673428670283, 16.618488741884669 ], [ -99.131672196280334, 16.616680670733238 ], [ -99.131391546977596, 16.616428946361697 ], [ -99.130030461769167, 16.615208125645463 ], [ -99.127738373789128, 16.614327131743533 ], [ -99.128244204760293, 16.614408097047765 ], [ -99.128606146499749, 16.614467898113929 ], [ -99.128962839997826, 16.614530594562449 ], [ -99.129195387330824, 16.614575287874043 ], [ -99.129536335845685, 16.614646671395356 ], [ -99.129720503340764, 16.614689224698179 ], [ -99.129932057227052, 16.614745501315401 ], [ -99.130100479549199, 16.614796742395882 ], [ -99.13039419274385, 16.614894188885696 ], [ -99.13054124014181, 16.614947612584896 ], [ -99.130688669008862, 16.615010437401008 ], [ -99.13078733636651, 16.615061721774584 ], [ -99.130935909601902, 16.615152750077637 ], [ -99.131018831753522, 16.615212722531346 ], [ -99.131119024941356, 16.615301611628244 ], [ -99.131203091456456, 16.615389787668171 ], [ -99.131355097937032, 16.615565426646796 ], [ -99.131435037867419, 16.615651435629616 ], [ -99.131522851043428, 16.61573382365135 ], [ -99.13158926637756, 16.615785128046273 ], [ -99.131700699208892, 16.615856653194282 ], [ -99.131770479549076, 16.615892768422871 ], [ -99.131868387708138, 16.615929588970168 ], [ -99.131961787631582, 16.615954841305641 ], [ -99.132144079266382, 16.615993777688715 ], [ -99.132246474055094, 16.616010345904733 ], [ -99.132371366747137, 16.616021114226672 ], [ -99.132477126432292, 16.6160224932113 ], [ -99.132669512777085, 16.61601586177467 ], [ -99.132798891944688, 16.61600637767663 ], [ -99.132994643081986, 16.61598455681505 ], [ -99.133191515775579, 16.615957672725894 ], [ -99.133586382585364, 16.615898840943476 ], [ -99.133787379939832, 16.615871230450029 ], [ -99.133995505322105, 16.615847231112593 ], [ -99.13414138363629, 16.615834842783752 ], [ -99.134370893209933, 16.615821677104563 ], [ -99.134505526609303, 16.615817974061454 ], [ -99.134679917257643, 16.615820030682556 ], [ -99.134835934951994, 16.615827161403494 ], [ -99.135129597421994, 16.615846496765801 ], [ -99.135288994983796, 16.615860133651196 ], [ -99.135473525188772, 16.615881709112561 ], [ -99.135621677978136, 16.615904031342662 ], [ -99.135881606194317, 16.615949422463579 ], [ -99.136051143468563, 16.615982578240242 ], [ -99.136299827086617, 16.616036654467482 ], [ -99.136544762577273, 16.61609362561526 ], [ -99.13703088572619, 16.616210462268686 ], [ -99.137279950073335, 16.616271768957986 ], [ -99.137541019698773, 16.616338852914499 ], [ -99.137727071346163, 16.616389352925403 ], [ -99.138024156714707, 16.61647376893654 ], [ -99.138201209406105, 16.616526444064636 ], [ -99.13843528205841, 16.616600053545696 ], [ -99.138648350500105, 16.616670060831414 ], [ -99.139053483432932, 16.616806472853884 ], [ -99.139275557791564, 16.616882982166441 ], [ -99.139536647723219, 16.616976098391763 ], [ -99.13974972324894, 16.617054782803127 ], [ -99.14012786009809, 16.617197719569557 ], [ -99.140376951899256, 16.617293735576887 ], [ -99.140746090450463, 16.617438846853979 ], [ -99.141112229810275, 16.617584682695121 ], [ -99.141841510432002, 16.617877077659617 ], [ -99.142219652542153, 16.618022903337916 ], [ -99.142624797192639, 16.618167986600341 ], [ -99.14292189594741, 16.618263966572737 ], [ -99.143408047632917, 16.618406822995318 ], [ -99.143705134222884, 16.618485445317845 ], [ -99.144110242089525, 16.61857845609704 ], [ -99.144488335321284, 16.61865485152893 ], [ -99.14521750756559, 16.618791025862002 ], [ -99.145622599330224, 16.618860891652698 ], [ -99.146108701948421, 16.618934315643774 ], [ -99.146513781155775, 16.6189868231722 ], [ -99.147242916328423, 16.61907092081724 ], [ -99.147729002359185, 16.619121198983326 ], [ -99.148458125191269, 16.619187935837473 ], [ -99.149187244036426, 16.619248884623037 ], [ -99.150645478528162, 16.619364989001003 ], [ -99.151385104806138, 16.619432431140538 ], [ -99.152145748475746, 16.619518658153911 ], [ -99.152673861576687, 16.619594928736326 ], [ -99.153497557565345, 16.619737513145818 ], [ -99.15397618407053, 16.619835512614337 ], [ -99.154588367435352, 16.619986927586137 ], [ -99.155130046840526, 16.620141286152563 ], [ -99.156142903213947, 16.620452944772971 ], [ -99.156689106729445, 16.620633330625679 ], [ -99.157314859731841, 16.620862831611628 ], [ -99.157811577904596, 16.621064947600082 ], [ -99.15867598067021, 16.621441793421734 ], [ -99.159235755181982, 16.621700266473404 ], [ -99.160050675948099, 16.622098840072244 ], [ -99.160849104191158, 16.622504655083187 ], [ -99.16242947480815, 16.623323520541557 ], [ -99.163242172109122, 16.62373799332255 ], [ -99.164099887011233, 16.624162551949322 ], [ -99.164716713261058, 16.624455677975917 ], [ -99.165709477704951, 16.62491049661956 ], [ -99.166306029993606, 16.625173260157354 ], [ -99.167102921140341, 16.625506733269706 ], [ -99.167834521234383, 16.625799757555949 ], [ -99.169232433766481, 16.626345353024782 ], [ -99.170002295390105, 16.626638338418246 ], [ -99.170913964589573, 16.626971702775286 ], [ -99.171663551394289, 16.627234324765599 ], [ -99.173000644679547, 16.627688823282636 ], [ -99.173885283578301, 16.627981698506538 ], [ -99.175202106649991, 16.628405825838367 ], [ -99.17651217518538, 16.628819825874828 ], [ -99.177234366160576, 16.629045838117676 ], [ -99.17912556847395, 16.629637682156602 ], [ -99.180423643612187, 16.630042989422968 ], [ -99.181704464651048, 16.630441071741163 ], [ -99.182541088708959, 16.630699238832605 ], [ -99.18377013952113, 16.631075658209834 ], [ -99.184435687919859, 16.63127756038099 ], [ -99.185203280352027, 16.631506850500735 ], [ -99.185817052479067, 16.631687098786909 ], [ -99.186890777504345, 16.631998551701813 ], [ -99.187430265319293, 16.632152827318706 ], [ -99.187975002025283, 16.63230420402575 ], [ -99.188343408335584, 16.632402223524121 ], [ -99.188903890542505, 16.632544905256609 ], [ -99.189220517929783, 16.632621274699179 ], [ -99.189609917569953, 16.632707701820266 ], [ -99.189942289568478, 16.632775377540387 ], [ -99.190550006173368, 16.632891976877616 ], [ -99.190855363564111, 16.632948828125439 ], [ -99.191163718766219, 16.633002783416803 ], [ -99.191372286627598, 16.633035857847307 ], [ -99.191689634993708, 16.633081125829591 ], [ -99.191868937330682, 16.633103378983041 ], [ -99.192089495910821, 16.633124870629064 ], [ -99.192277791195337, 16.633138436873075 ], [ -99.192622118479164, 16.633157643734425 ], [ -99.192803656190591, 16.633164707094018 ], [ -99.193003942000928, 16.633166690563801 ], [ -99.193156213958432, 16.633162933024987 ], [ -99.19341274399342, 16.633149676856529 ], [ -99.193574008731716, 16.633137232399452 ], [ -99.193801272897815, 16.633113155242278 ], [ -99.194018781735494, 16.63308547102227 ], [ -99.194444043942369, 16.63302649510582 ], [ -99.194656672026781, 16.632994114079885 ], [ -99.194869294195215, 16.632955947352958 ], [ -99.195011036413035, 16.632924717263933 ], [ -99.195223640872598, 16.63286919372397 ], [ -99.195341748551073, 16.632832561735448 ], [ -99.19548346715618, 16.632778189390194 ], [ -99.195601557135973, 16.632724200803381 ], [ -99.195814108364857, 16.632616607308176 ], [ -99.195924314145486, 16.63255503251958 ], [ -99.196042380354484, 16.632477901748654 ], [ -99.196128951597274, 16.632410925270161 ], [ -99.196270599058565, 16.63228712658595 ], [ -99.196357152476693, 16.632202793561465 ], [ -99.196475165285847, 16.632073593191656 ], [ -99.196585299824164, 16.631942592248443 ], [ -99.196797690349158, 16.631678789688127 ], [ -99.196903317455622, 16.631541645764973 ], [ -99.197007808529904, 16.631394016665674 ], [ -99.197076333272065, 16.631285112114806 ], [ -99.197177416406277, 16.631106027563291 ], [ -99.19723243773042, 16.630996051002779 ], [ -99.197296418626877, 16.630845205892395 ], [ -99.197348032120203, 16.630703773936506 ], [ -99.197438891600669, 16.630430323163655 ], [ -99.19748486792291, 16.630278048736116 ], [ -99.197531937519727, 16.630094676247182 ], [ -99.197564410542384, 16.629941329863712 ], [ -99.197614759978592, 16.629664663198831 ], [ -99.197643825152639, 16.629479861436383 ], [ -99.197680671264209, 16.629202122817365 ], [ -99.197713016248116, 16.628924026877684 ], [ -99.197773204936794, 16.628367477657207 ], [ -99.197723769953498, 16.628071741493319 ], [ -99.198197019253996, 16.625668722766815 ] ] ] ] } },
{ "type": "Feature", "properties": { "fid": 12.0, "cat": 15, "VULNERABIL": 3.0, "NOM_ACUIF": "NEXPA", "CLAVE_ACUI": "1232" }, "geometry": { "type": "MultiPolygon", "coordinates": [ [ [ [ -99.240506674879896, 16.726719146020724 ], [ -99.24054357619714, 16.72677206080883 ], [ -99.240302627616984, 16.726810973494569 ], [ -99.240263333224405, 16.726817319427706 ], [ -99.240025272400146, 16.726855765408235 ], [ -99.239172038109359, 16.726993557350141 ], [ -99.238381891970306, 16.727121157640877 ], [ -99.23794659018742, 16.727191452939028 ], [ -99.237943995048866, 16.727192049165748 ], [ -99.235855641502724, 16.727671831528752 ], [ -99.235088470900706, 16.727848076886513 ], [ -99.235081970678493, 16.727809433798811 ], [ -99.235023183682827, 16.727606649265688 ], [ -99.234958469504448, 16.727466426348411 ], [ -99.23482311408678, 16.727248542079774 ], [ -99.234722393899546, 16.727122461975735 ], [ -99.234555588734978, 16.726962105903244 ], [ -99.234378300416537, 16.726820925802414 ], [ -99.234013241105146, 16.726557741223246 ], [ -99.233830708518028, 16.726423436770318 ], [ -99.233648169579595, 16.726283708322626 ], [ -99.233526470498759, 16.72618513210303 ], [ -99.233343912215574, 16.726029131891323 ], [ -99.233242484480854, 16.725937041205842 ], [ -99.233120759464072, 16.725816769422675 ], [ -99.233019312184766, 16.725708407135773 ], [ -99.232836695522309, 16.725503591994681 ], [ -99.232741998974873, 16.725391967654737 ], [ -99.232640525826582, 16.72526190985409 ], [ -99.232566100437424, 16.725156771206642 ], [ -99.232444297484008, 16.724971413048348 ], [ -99.232369852608542, 16.724850002835176 ], [ -99.232268320904907, 16.724671130369106 ], [ -99.232173546339368, 16.724494419790112 ], [ -99.231990754669638, 16.724143160434728 ], [ -99.231900482183207, 16.723965359893192 ], [ -99.231812456055707, 16.723783217716782 ], [ -99.231756018254359, 16.723657447985662 ], [ -99.231674730976948, 16.723462280972107 ], [ -99.231631817639922, 16.723349513248667 ], [ -99.231584364842575, 16.723206377107875 ], [ -99.231548190181826, 16.723080584598517 ], [ -99.231487119050655, 16.722846343203578 ], [ -99.231457698784226, 16.722720543105751 ], [ -99.231430509042269, 16.72257738421996 ], [ -99.23141461305606, 16.722464586177619 ], [ -99.231394114840967, 16.722269350936255 ], [ -99.231384957447318, 16.722143528128594 ], [ -99.231377983462252, 16.721961294948727 ], [ -99.231375517542432, 16.721783395789103 ], [ -99.231375093764413, 16.721431931484517 ], [ -99.23137862811339, 16.721251132883253 ], [ -99.231389654918615, 16.721060201389459 ], [ -99.231404498565894, 16.720922780834808 ], [ -99.23143800266611, 16.720701450661068 ], [ -99.231464108460969, 16.720568356557166 ], [ -99.231508921740598, 16.720390404417525 ], [ -99.231557504708292, 16.720226911615288 ], [ -99.231658440170705, 16.719914385319619 ], [ -99.231718269342736, 16.719742201724557 ], [ -99.231796821501788, 16.719538177250236 ], [ -99.23186791258108, 16.719370320049347 ], [ -99.232002633492641, 16.719070772881363 ], [ -99.232096201243053, 16.718872516860483 ], [ -99.232242183563415, 16.718577295956027 ], [ -99.23239191947016, 16.718283517082273 ], [ -99.232695143943744, 16.717697401132881 ], [ -99.232838498322877, 16.717402544342377 ], [ -99.23296533794975, 16.717104090169101 ], [ -99.233033383184406, 16.71690152339966 ], [ -99.233110679359186, 16.716592277295611 ], [ -99.233137107313269, 16.716416876621647 ], [ -99.233139095161761, 16.716199920724122 ], [ -99.233714667416962, 16.716181914464958 ], [ -99.233947955065062, 16.716406197590704 ], [ -99.234076050273899, 16.71652393071896 ], [ -99.234227048023925, 16.716652847085026 ], [ -99.234350615705935, 16.716749974571947 ], [ -99.234570321113992, 16.716912440582441 ], [ -99.234715282289386, 16.717013882638234 ], [ -99.234930460371373, 16.71715574280233 ], [ -99.235144129449623, 16.717290734255876 ], [ -99.235569959165048, 16.717553848006542 ], [ -99.235785515480771, 16.717697153184989 ], [ -99.236006354194018, 16.717863955406511 ], [ -99.236158862315193, 16.717998654021699 ], [ -99.236395548100759, 16.718235947618805 ], [ -99.236532322613726, 16.718391274530596 ], [ -99.236705960253673, 16.718619961754026 ], [ -99.236858581918824, 16.71884578019338 ], [ -99.237142809889463, 16.719294548107264 ], [ -99.237295470166472, 16.71955073964747 ], [ -99.237469222524282, 16.719870546530185 ], [ -99.237606149501104, 16.720147366478066 ], [ -99.23784317853513, 16.72065801933913 ], [ -99.237995953857194, 16.721005330639965 ], [ -99.238217250766724, 16.721536611703574 ], [ -99.23843330416274, 16.722074768731911 ], [ -99.238860169874215, 16.723157958235213 ], [ -99.239073974170978, 16.723695032299794 ], [ -99.239288518887051, 16.724223065518391 ], [ -99.239432288562142, 16.72456604693534 ], [ -99.239649052837336, 16.7250669579667 ], [ -99.239770217115591, 16.725336201175988 ], [ -99.239916945227051, 16.725643019870436 ], [ -99.240040327777479, 16.725885141151153 ], [ -99.240263747658531, 16.726304686197587 ], [ -99.240380334553038, 16.726513187383922 ], [ -99.240506674879896, 16.726719146020724 ] ] ] ] } },
{ "type": "Feature", "properties": { "fid": 10.0, "cat": 11, "VULNERABIL": 2.0, "NOM_ACUIF": "NEXPA", "CLAVE_ACUI": "1232" }, "geometry": { "type": "MultiPolygon", "coordinates": [ [ [ [ -99.233139095161761, 16.716199920724122 ], [ -99.233137107313269, 16.716416876621647 ], [ -99.233110679359186, 16.716592277295611 ], [ -99.233033383184406, 16.71690152339966 ], [ -99.23296533794975, 16.717104090169101 ], [ -99.232838498322877, 16.717402544342377 ], [ -99.232695143943744, 16.717697401132881 ], [ -99.23239191947016, 16.718283517082273 ], [ -99.232242183563415, 16.718577295956027 ], [ -99.232096201243053, 16.718872516860483 ], [ -99.232002633492641, 16.719070772881363 ], [ -99.23186791258108, 16.719370320049347 ], [ -99.231796821501788, 16.719538177250236 ], [ -99.231718269342736, 16.719742201724557 ], [ -99.231658440170705, 16.719914385319619 ], [ -99.231557504708292, 16.720226911615288 ], [ -99.231508921740598, 16.720390404417525 ], [ -99.231464108460969, 16.720568356557166 ], [ -99.23143800266611, 16.720701450661068 ], [ -99.231404498565894, 16.720922780834808 ], [ -99.231389654918615, 16.721060201389459 ], [ -99.23137862811339, 16.721251132883253 ], [ -99.231375093764413, 16.721431931484517 ], [ -99.231375517542432, 16.721783395789103 ], [ -99.231377983462252, 16.721961294948727 ], [ -99.231384957447318, 16.722143528128594 ], [ -99.231394114840967, 16.722269350936255 ], [ -99.23141461305606, 16.722464586177619 ], [ -99.231430509042269, 16.72257738421996 ], [ -99.231457698784226, 16.722720543105751 ], [ -99.231487119050655, 16.722846343203578 ], [ -99.231548190181826, 16.723080584598517 ], [ -99.231584364842575, 16.723206377107875 ], [ -99.231631817639922, 16.723349513248667 ], [ -99.231674730976948, 16.723462280972107 ], [ -99.231756018254359, 16.723657447985662 ], [ -99.231812456055707, 16.723783217716782 ], [ -99.231900482183207, 16.723965359893192 ], [ -99.231990754669638, 16.724143160434728 ], [ -99.232173546339368, 16.724494419790112 ], [ -99.232268320904907, 16.724671130369106 ], [ -99.232369852608542, 16.724850002835176 ], [ -99.232444297484008, 16.724971413048348 ], [ -99.232566100437424, 16.725156771206642 ], [ -99.232640525826582, 16.72526190985409 ], [ -99.232741998974873, 16.725391967654737 ], [ -99.232836695522309, 16.725503591994681 ], [ -99.233019312184766, 16.725708407135773 ], [ -99.233120759464072, 16.725816769422675 ], [ -99.233242484480854, 16.725937041205842 ], [ -99.233343912215574, 16.726029131891323 ], [ -99.233526470498759, 16.72618513210303 ], [ -99.233648169579595, 16.726283708322626 ], [ -99.233830708518028, 16.726423436770318 ], [ -99.234013241105146, 16.726557741223246 ], [ -99.234378300416537, 16.726820925802414 ], [ -99.234555588734978, 16.726962105903244 ], [ -99.234722393899546, 16.727122461975735 ], [ -99.23482311408678, 16.727248542079774 ], [ -99.234958469504448, 16.727466426348411 ], [ -99.235023183682827, 16.727606649265688 ], [ -99.235081970678493, 16.727809433798811 ], [ -99.235088470900706, 16.727848076886513 ], [ -99.235115212402988, 16.72800705192671 ], [ -99.235115234806727, 16.728007185114098 ], [ -99.235156240229472, 16.72839765452504 ], [ -99.235165353797413, 16.72858505645485 ], [ -99.235167018921317, 16.728619296284979 ], [ -99.235158349442671, 16.728893752165661 ], [ -99.235133121550533, 16.729129536871881 ], [ -99.23506610717277, 16.729562435090724 ], [ -99.235009428503787, 16.729855748194822 ], [ -99.234906406756437, 16.730302789269182 ], [ -99.234791382224529, 16.730754544578168 ], [ -99.234549329195403, 16.73166276925096 ], [ -99.234424548186993, 16.732115981750404 ], [ -99.234292259276515, 16.732567394734499 ], [ -99.234196558994185, 16.732866537239381 ], [ -99.234073245595496, 16.733221804219273 ], [ -99.234041746992318, 16.733312551750217 ], [ -99.233948232657156, 16.733558538095597 ], [ -99.233822501873391, 16.73385048265169 ], [ -99.233706464860902, 16.734091070548921 ], [ -99.233484084200953, 16.734520889574632 ], [ -99.233361267919022, 16.734741959142635 ], [ -99.23321520015584, 16.734975348914709 ], [ -99.233094570222221, 16.735143262303101 ], [ -99.232878748015636, 16.735413612615609 ], [ -99.232735595223318, 16.735576127361306 ], [ -99.232521959134786, 16.735793321289552 ], [ -99.232309051618785, 16.735992796329008 ], [ -99.231883964353599, 16.736374027086818 ], [ -99.231666149571709, 16.736550726886573 ], [ -99.23143779338173, 16.736699595939879 ], [ -99.231275014737449, 16.736771011309337 ], [ -99.231015035111298, 16.736836388314227 ], [ -99.230860060976809, 16.736844878183106 ], [ -99.230674602259754, 16.737071175045514 ], [ -99.230087396502313, 16.737787679332438 ], [ -99.23006466051558, 16.737604379173529 ], [ -99.230003445766357, 16.737252983101925 ], [ -99.229960432620331, 16.737058857843465 ], [ -99.229892607887479, 16.736827878141945 ], [ -99.229822579853717, 16.736637037218948 ], [ -99.229680320716525, 16.73629549409409 ], [ -99.229576476568511, 16.736068893391646 ], [ -99.229407203321486, 16.735730634381401 ], [ -99.229228925698749, 16.735393469976831 ], [ -99.228863367402042, 16.734720235396388 ], [ -99.228677211242186, 16.734383079192465 ], [ -99.228484299790054, 16.73404484550975 ], [ -99.228348936592567, 16.733818278980539 ], [ -99.228135758504479, 16.733476813048263 ], [ -99.228010570640251, 16.733286032340697 ], [ -99.227848184888103, 16.733055156218974 ], [ -99.227702729868028, 16.732861143368531 ], [ -99.227428750969437, 16.732509980772225 ], [ -99.227279932347642, 16.732326818978073 ], [ -99.22710745494777, 16.732128496348899 ], [ -99.22696881117902, 16.731981120440707 ], [ -99.226725357447137, 16.731737315246587 ], [ -99.226566446687599, 16.731586707001604 ], [ -99.226333168065054, 16.731378687478387 ], [ -99.226103281296204, 16.731182596407763 ], [ -99.225646900479489, 16.730802342205372 ], [ -99.225406509313245, 16.730607346575376 ], [ -99.225141715802764, 16.730402614350467 ], [ -99.224940784305588, 16.730256389676132 ], [ -99.224602783496039, 16.730022447732686 ], [ -99.224390602894772, 16.729882743344724 ], [ -99.22409206173522, 16.729697572208675 ], [ -99.223806673890778, 16.729528657892935 ], [ -99.223249052373049, 16.729207085351 ], [ -99.222935513473047, 16.729030606856632 ], [ -99.222552517601855, 16.728822744457808 ], [ -99.22222773004826, 16.728652785593226 ], [ -99.221636363940505, 16.72835077073173 ], [ -99.221238370921554, 16.728151600084665 ], [ -99.220635757967983, 16.727856102961969 ], [ -99.220029396878829, 16.727562777580772 ], [ -99.218812930234606, 16.726978294896178 ], [ -99.218200950509555, 16.726688947497383 ], [ -99.217581474290995, 16.726405391583416 ], [ -99.21716099282456, 16.726222146571619 ], [ -99.216519024609084, 16.725955967359713 ], [ -99.216154878018358, 16.725813882422127 ], [ -99.215704405781707, 16.725653807507289 ], [ -99.215317765280901, 16.725529100855468 ], [ -99.21460831655817, 16.725315054837836 ], [ -99.214232956491344, 16.725209860253099 ], [ -99.213816324263973, 16.725108323591595 ], [ -99.213497297127802, 16.725044290561002 ], [ -99.212956847987925, 16.724953727747963 ], [ -99.212615326131882, 16.724907072831254 ], [ -99.212131209531762, 16.724857671082759 ], [ -99.211665870388401, 16.724821989365157 ], [ -99.210753969733915, 16.724764344031627 ], [ -99.210298766112544, 16.724731903197302 ], [ -99.209845055687339, 16.724692228049658 ], [ -99.209544075233651, 16.724658544089895 ], [ -99.209094844364571, 16.724597167370398 ], [ -99.208846764869833, 16.724555835467406 ], [ -99.208551757196005, 16.724493216849002 ], [ -99.208308157277131, 16.724430184395843 ], [ -99.207872365445468, 16.724303705319187 ], [ -99.207647892666841, 16.724230889916797 ], [ -99.207410265936304, 16.724138923219961 ], [ -99.207238694143896, 16.72405846087554 ], [ -99.206961605632898, 16.723909040471181 ], [ -99.206794513720851, 16.723806877882925 ], [ -99.206570326453857, 16.723649810608418 ], [ -99.206363773053567, 16.723490194346105 ], [ -99.205968300758471, 16.723168412479016 ], [ -99.205773002408463, 16.723005891671381 ], [ -99.205582578990061, 16.722840111515442 ], [ -99.205460504827613, 16.722726332155855 ], [ -99.205284705754124, 16.722550774250141 ], [ -99.20519191433948, 16.722449982864486 ], [ -99.205089339045159, 16.722323166681335 ], [ -99.205011171630233, 16.722212597771307 ], [ -99.204879244777999, 16.722007707199428 ], [ -99.20481571296439, 16.72189820846808 ], [ -99.204757044237851, 16.721774602894204 ], [ -99.204722794810067, 16.721678092347389 ], [ -99.204678715254289, 16.721512166284846 ], [ -99.204659089658037, 16.721405878314208 ], [ -99.204644292389901, 16.721252940471032 ], [ -99.204639255861949, 16.721104332037072 ], [ -99.204638943533766, 16.720811444575215 ], [ -99.204642913396029, 16.720663550396068 ], [ -99.204655135294928, 16.720512755324211 ], [ -99.204671535254349, 16.720409324383596 ], [ -99.204708513205631, 16.720249826629793 ], [ -99.204737308510943, 16.720158315869146 ], [ -99.204786716476519, 16.720043281338349 ], [ -99.204840267757717, 16.719943067873221 ], [ -99.204951513532308, 16.719757461976371 ], [ -99.205017448441552, 16.719658320952938 ], [ -99.205104007470183, 16.719546503795797 ], [ -99.205182337606033, 16.71945928288395 ], [ -99.205330768897511, 16.719309437258982 ], [ -99.205433854755469, 16.719213513498502 ], [ -99.205594681037994, 16.719075587829909 ], [ -99.205759638882157, 16.718941635412314 ], [ -99.206093685672499, 16.718677703553464 ], [ -99.206266901751576, 16.718547358396957 ], [ -99.206452503647839, 16.718420255033564 ], [ -99.206588624158272, 16.718338761295236 ], [ -99.206811383774877, 16.718221383395068 ], [ -99.206947525043077, 16.718159415255343 ], [ -99.207133189324551, 16.718090888784758 ], [ -99.20730648851972, 16.718038646095824 ], [ -99.207640721704479, 16.717950444251542 ], [ -99.207826413719147, 16.71790795160544 ], [ -99.20804925672455, 16.717868675710335 ], [ -99.208234969749014, 16.717845708531009 ], [ -99.20856926580656, 16.717816082687968 ], [ -99.208792136864062, 16.717802840436693 ], [ -99.209126454024286, 16.717792739525425 ], [ -99.2094607782455, 16.717789146684051 ], [ -99.210129433756023, 16.717788467989397 ], [ -99.210468642629607, 16.717791015579365 ], [ -99.210817613775973, 16.717799338092952 ], [ -99.211060023498007, 16.717810661576685 ], [ -99.211438281564142, 16.717836309445016 ], [ -99.211658187272533, 16.717856333401471 ], [ -99.211939646334088, 16.717890757608455 ], [ -99.212188839101856, 16.71792810727657 ], [ -99.212654958522407, 16.71800573162626 ], [ -99.212906412562404, 16.718051756254035 ], [ -99.21319465513686, 16.71811220622212 ], [ -99.213423605396102, 16.718166931582843 ], [ -99.213822213762853, 16.718270657450034 ], [ -99.214080451564314, 16.718342708085594 ], [ -99.214456556609264, 16.718455134181109 ], [ -99.214825160745718, 16.71857046010069 ], [ -99.215554868986402, 16.718804010489603 ], [ -99.215918220402727, 16.718918616740634 ], [ -99.216278565517499, 16.719028886416783 ], [ -99.216515789085364, 16.719098063255636 ], [ -99.216867114635647, 16.719195324117361 ], [ -99.21705928889854, 16.71924502175111 ], [ -99.217284485983228, 16.719296854027455 ], [ -99.217467640171364, 16.719333543534415 ], [ -99.217791905698959, 16.71939177960272 ], [ -99.217957036682833, 16.719417639976584 ], [ -99.218128164001584, 16.71943698527604 ], [ -99.218248245187027, 16.719443367118064 ], [ -99.218437361401058, 16.719443167324087 ], [ -99.218548422240872, 16.719436541298755 ], [ -99.218692488527466, 16.719416863065362 ], [ -99.218821538143118, 16.719390692018539 ], [ -99.219064620622376, 16.719331856988525 ], [ -99.219188785113147, 16.719299543867809 ], [ -99.219318196172964, 16.719261439671612 ], [ -99.219409716791873, 16.71923024582582 ], [ -99.219554867566956, 16.719174768470825 ], [ -99.219640753448289, 16.719138156664926 ], [ -99.21975326033099, 16.7190837986292 ], [ -99.219854885901242, 16.719029813697563 ], [ -99.22004725562735, 16.718922216860502 ], [ -99.220152249382707, 16.718860634815787 ], [ -99.220274861001414, 16.718783485588997 ], [ -99.220374219942414, 16.71871648559349 ], [ -99.220549685061201, 16.718592634783349 ], [ -99.220664783458659, 16.718508261551737 ], [ -99.220834613530812, 16.718378992673234 ], [ -99.221002565150854, 16.71824791771656 ], [ -99.221336589477787, 16.717983961460259 ], [ -99.221506032971362, 16.717845652707023 ], [ -99.221680339556116, 16.717694682963376 ], [ -99.221801407118505, 16.717581375531122 ], [ -99.221990303156105, 16.717392422960838 ], [ -99.222100108536367, 16.717274788374031 ], [ -99.222240628727747, 16.717110837234774 ], [ -99.222365023613136, 16.716955219909458 ], [ -99.222597687749911, 16.716652318961621 ], [ -99.222723191362533, 16.716482598230371 ], [ -99.222867038346251, 16.716276337092097 ], [ -99.222981279718539, 16.716102289269738 ], [ -99.223180156623201, 16.7157864068792 ], [ -99.223308986953583, 16.715574376208213 ], [ -99.223496601059452, 16.715254166599415 ], [ -99.223680460642584, 16.71493251452117 ], [ -99.224044424083644, 16.714287767576032 ], [ -99.224216642003014, 16.713959257423131 ], [ -99.22436933357956, 16.713618474265484 ], [ -99.224451601926802, 16.713379012577775 ], [ -99.224545715508398, 16.713001410715808 ], [ -99.224578474989499, 16.712779359040997 ], [ -99.224582640087348, 16.712490805907951 ], [ -99.224556822553254, 16.712231935693165 ], [ -99.224475205144884, 16.711743878146986 ], [ -99.224413359634482, 16.711478538388526 ], [ -99.224309440450611, 16.711170576655846 ], [ -99.224198087413583, 16.710922646826241 ], [ -99.22396794796316, 16.710486818922284 ], [ -99.223798019646665, 16.71020207012608 ], [ -99.223590060992308, 16.709890912828417 ], [ -99.223695752958804, 16.710022832225551 ], [ -99.223916297136938, 16.710275344813155 ], [ -99.22426792932788, 16.710645954882754 ], [ -99.224477157696214, 16.710846410183031 ], [ -99.224753210145948, 16.7110771661782 ], [ -99.225004069227936, 16.711261304129142 ], [ -99.225480594642136, 16.711582961489533 ], [ -99.225741559111228, 16.711744307347185 ], [ -99.226047926387523, 16.711906688002987 ], [ -99.226297573921613, 16.712015976596625 ], [ -99.22674014940641, 16.712181461390724 ], [ -99.227031427461441, 16.712274431891167 ], [ -99.227462685972512, 16.712387858633253 ], [ -99.227890172214245, 16.712483932322659 ], [ -99.228741373099609, 16.712658724902472 ], [ -99.229165102768093, 16.712750099430156 ], [ -99.229585090167191, 16.712849432211449 ], [ -99.229861339350492, 16.712923612720815 ], [ -99.230270099561963, 16.713046821496498 ], [ -99.230493446161788, 16.713123229607337 ], [ -99.230754725596512, 16.713229245485035 ], [ -99.230966844756736, 16.71332953052184 ], [ -99.23134192311602, 16.713524369515397 ], [ -99.231532665892999, 16.713633356030282 ], [ -99.231729815541556, 16.713765476915114 ], [ -99.231867655467568, 16.713876691942737 ], [ -99.232084025719729, 16.714078216112128 ], [ -99.232210638341513, 16.714213308414973 ], [ -99.232374105884077, 16.714417061219763 ], [ -99.232519939273615, 16.714621556901481 ], [ -99.232793972452029, 16.715031290970821 ], [ -99.232934554968793, 16.715236877019006 ], [ -99.233082268769707, 16.715443901281194 ], [ -99.23318787580213, 16.715583355706549 ], [ -99.233293059584966, 16.715714807409597 ], [ -99.233356983134158, 16.715794694698015 ], [ -99.233458062814876, 16.715913543489354 ], [ -99.233592194411415, 16.716058750909053 ], [ -99.233714667416962, 16.716181914464958 ], [ -99.233139095161761, 16.716199920724122 ] ] ] ] } },
{ "type": "Feature", "properties": { "fid": 8.0, "cat": 10, "VULNERABIL": 3.0, "NOM_ACUIF": "NEXPA", "CLAVE_ACUI": "1232" }, "geometry": { "type": "MultiPolygon", "coordinates": [ [ [ [ -99.218157174315749, 16.755483762096883 ], [ -99.217994256571671, 16.755451391375903 ], [ -99.21779939757738, 16.755383257002958 ], [ -99.217637550397001, 16.755302070435846 ], [ -99.217635437013698, 16.755300795020954 ], [ -99.217526804901041, 16.755235236102028 ], [ -99.217488438522395, 16.755198813421007 ], [ -99.217300595776052, 16.755029426420567 ], [ -99.217007576359066, 16.754778069340908 ], [ -99.216707053770264, 16.75452852765504 ], [ -99.21609850701148, 16.754031258727348 ], [ -99.215791225301658, 16.753776298917195 ], [ -99.215477925411037, 16.75350868932307 ], [ -99.215263040325809, 16.753317633335953 ], [ -99.214931685082348, 16.753012074928293 ], [ -99.214741580365384, 16.752829670684612 ], [ -99.214502621155674, 16.752588016537274 ], [ -99.214294460617054, 16.752367663838591 ], [ -99.213908938935987, 16.751948259578196 ], [ -99.213703020647557, 16.751718141038026 ], [ -99.213470786775147, 16.751447189998405 ], [ -99.213289648549093, 16.751225723510743 ], [ -99.212978468159349, 16.750832274938766 ], [ -99.212779274908357, 16.750572859805349 ], [ -99.212492875460242, 16.750188063026357 ], [ -99.212214736755627, 16.749806150037394 ], [ -99.211666722235208, 16.749045207092085 ], [ -99.211366796611927, 16.748641981494245 ], [ -99.211015032449396, 16.748193248261487 ], [ -99.210728684280824, 16.747848585174456 ], [ -99.210221404905951, 16.747263328694491 ], [ -99.209887745186222, 16.746892678172522 ], [ -99.209394045143043, 16.74636598313765 ], [ -99.208904872496575, 16.745858808084549 ], [ -99.207931059534857, 16.744863975582948 ], [ -99.207374285575014, 16.744302626494786 ], [ -99.206677773252522, 16.743613413299528 ], [ -99.206073693693156, 16.743026073510009 ], [ -99.204957972324166, 16.741953264784481 ], [ -99.204198394281661, 16.741229392939751 ], [ -99.203035382084025, 16.740130585774036 ], [ -99.201856612768637, 16.739023109071127 ], [ -99.199483344828366, 16.736799471767259 ], [ -99.198304992890598, 16.735693058392705 ], [ -99.197143177174283, 16.734597469942869 ], [ -99.196385163258427, 16.733877905843801 ], [ -99.19527293659884, 16.732814802372424 ], [ -99.194671560509988, 16.73223501875761 ], [ -99.193979653935784, 16.73155877392832 ], [ -99.193427852012164, 16.731011483056175 ], [ -99.192464356032971, 16.730045853754017 ], [ -99.191981291246961, 16.729555987572667 ], [ -99.191495588100267, 16.729052020658873 ], [ -99.191169146621021, 16.728701942494649 ], [ -99.190675525504247, 16.728155674886153 ], [ -99.190398652035697, 16.727838092776111 ], [ -99.190061651824166, 16.727431614492431 ], [ -99.189776858396044, 16.727071732775666 ], [ -99.189259479797386, 16.726398565378208 ], [ -99.18899647637754, 16.72606180431611 ], [ -99.188724842926263, 16.72572468919304 ], [ -99.188535123543346, 16.725499591853922 ], [ -99.188237598908188, 16.725161414911433 ], [ -99.188063676975375, 16.724973184903977 ], [ -99.187839435464767, 16.724746671955049 ], [ -99.187639621588588, 16.72455738034305 ], [ -99.187264422007047, 16.724216018154362 ], [ -99.187061243721772, 16.724038661483888 ], [ -99.186826907867953, 16.723847953949228 ], [ -99.186639526315631, 16.72370746475422 ], [ -99.186311717726355, 16.723476704531052 ], [ -99.186098444372377, 16.72333515340728 ], [ -99.185786432794217, 16.723141260293822 ], [ -99.185479687062582, 16.722959656037183 ], [ -99.184871462502372, 16.722608735485153 ], [ -99.184564351240994, 16.722435446745251 ], [ -99.184251240907386, 16.722266501972026 ], [ -99.184036501364091, 16.722158216280416 ], [ -99.183705393058389, 16.722002303941778 ], [ -99.183515444600459, 16.721920030153676 ], [ -99.183276707325689, 16.721829121300924 ], [ -99.18306876031501, 16.721759880306973 ], [ -99.182683656716662, 16.721643065881352 ], [ -99.182477973907936, 16.721586839534087 ], [ -99.182246028853967, 16.721534975225747 ], [ -99.182065136522198, 16.721504761096899 ], [ -99.181754404579451, 16.721465982880829 ], [ -99.181555513405911, 16.721448801382433 ], [ -99.181269571770116, 16.721436035151697 ], [ -99.18099189353012, 16.721431939453723 ], [ -99.180444800411394, 16.721432417888973 ], [ -99.180170505751079, 16.721435188347517 ], [ -99.179894714883247, 16.721443022008224 ], [ -99.179709358089298, 16.721453307809217 ], [ -99.17942907854534, 16.721476331543666 ], [ -99.179271871444172, 16.721494185905051 ], [ -99.17908052969031, 16.721524725390005 ], [ -99.178918833847163, 16.721557770164811 ], [ -99.178625087970687, 16.721626364844742 ], [ -99.178471278974584, 16.721666995848924 ], [ -99.178303597942502, 16.721720294368573 ], [ -99.178177938553787, 16.721768494260857 ], [ -99.177968641348684, 16.721859795367781 ], [ -99.177838493021525, 16.721923185712285 ], [ -99.17765734525392, 16.722022055674159 ], [ -99.177485580558397, 16.722123448551056 ], [ -99.177151433885712, 16.7223287569668 ], [ -99.176995445291652, 16.722448215426581 ], [ -99.1768616265189, 16.722601282690654 ], [ -99.176831957241106, 16.722661315400334 ], [ -99.176792660074142, 16.722685230650569 ], [ -99.17665651530848, 16.722757665140893 ], [ -99.176531614761188, 16.72281615227482 ], [ -99.17643371968397, 16.722861993489456 ], [ -99.17629755870864, 16.722917071425101 ], [ -99.176111871490292, 16.722977976932061 ], [ -99.175938553763331, 16.723024408130264 ], [ -99.175604287694838, 16.723102795969506 ], [ -99.175418578913963, 16.723140559096333 ], [ -99.1751957187697, 16.723175460836909 ], [ -99.175009994003659, 16.723195867277525 ], [ -99.174842836934303, 16.723209026035533 ], [ -99.174675679840647, 16.723222184658528 ], [ -99.174452798417832, 16.723233943838931 ], [ -99.174118468352731, 16.723242903998763 ], [ -99.17378413301094, 16.723246078177528 ], [ -99.173115457057975, 16.723246639471839 ], [ -99.172778109345003, 16.723238243656578 ], [ -99.17277148489832, 16.723237746922198 ], [ -99.172434742233847, 16.723212495978014 ], [ -99.172208485839576, 16.723179253691708 ], [ -99.172199811474542, 16.723177979222115 ], [ -99.172181588356764, 16.723174056415548 ], [ -99.171838386441536, 16.7231001765903 ], [ -99.171631575536367, 16.723039601294708 ], [ -99.171372567847754, 16.722935678244539 ], [ -99.171147699378679, 16.722823048424633 ], [ -99.170732102146843, 16.722589081666978 ], [ -99.170510588458583, 16.72245041386417 ], [ -99.170261644267669, 16.722268377575435 ], [ -99.170068250981359, 16.722103651608172 ], [ -99.170013801274962, 16.722052340669261 ], [ -99.16973701571753, 16.721791509833231 ], [ -99.169525566036711, 16.721574729151587 ], [ -99.169222452253067, 16.72123652893811 ], [ -99.168928712763289, 16.720889642426432 ], [ -99.16920256861421, 16.721240884304521 ], [ -99.168928712763289, 16.720889642426432 ], [ -99.16835061019205, 16.720187182279574 ], [ -99.16806212714549, 16.71984029019276 ], [ -99.167995701955007, 16.719762106542806 ], [ -99.167774778425795, 16.719502074934855 ], [ -99.167584346448237, 16.719285275117052 ], [ -99.167300399175332, 16.718973090929456 ], [ -99.167143784338947, 16.718808332350452 ], [ -99.166957886721278, 16.718626240957221 ], [ -99.166804672156701, 16.718487513885862 ], [ -99.166530926290065, 16.718253423931515 ], [ -99.166390117462086, 16.71814072107005 ], [ -99.166241436507207, 16.71803670261626 ], [ -99.166134443665513, 16.717976041421917 ], [ -99.165962146080759, 16.717898076268636 ], [ -99.165858552957957, 16.717863446723712 ], [ -99.165720071106065, 16.71783752327708 ], [ -99.16559286112134, 16.717828947056777 ], [ -99.165349712992523, 16.717829141713946 ], [ -99.165226260605039, 16.717826709302404 ], [ -99.165099051579702, 16.717819217549046 ], [ -99.165010488930164, 16.717809163733577 ], [ -99.164872010021966, 16.717786494030683 ], [ -99.164791320677736, 16.717768840437312 ], [ -99.164687731553499, 16.717738549387306 ], [ -99.164595772370603, 16.717705717889622 ], [ -99.164423484005468, 16.71763751438467 ], [ -99.164330392729653, 16.717597090264835 ], [ -99.164223407225577, 16.717544021469585 ], [ -99.164138189330814, 16.7174959976027 ], [ -99.163989521204954, 16.717404994762102 ], [ -99.163893033631538, 16.717341792925591 ], [ -99.163752239039752, 16.717243190263893 ], [ -99.163614069025726, 16.71714205429199 ], [ -99.163340353867753, 16.716937248855633 ], [ -99.163204430116195, 16.716829602195929 ], [ -99.163070373740894, 16.716711467841133 ], [ -99.162982870143665, 16.716622223952168 ], [ -99.162854415751099, 16.716472626644048 ], [ -99.162784919522977, 16.716379029391124 ], [ -99.162704885170797, 16.716247834973892 ], [ -99.162640990824613, 16.716122774867017 ], [ -99.162529342255723, 16.71587878894033 ], [ -99.162473317765674, 16.715741790093059 ], [ -99.162416892739927, 16.715574779510995 ], [ -99.16237887550129, 16.715433427394778 ], [ -99.16232124884985, 16.715176381624971 ], [ -99.16228883351711, 16.715003566690051 ], [ -99.162249214139479, 16.714742167660869 ], [ -99.162215597204693, 16.714479317543585 ], [ -99.162154365936985, 16.71395216619905 ], [ -99.1621188692083, 16.71368461683765 ], [ -99.162073610145825, 16.713409120117678 ], [ -99.16203367508696, 16.713217508280657 ], [ -99.161959129041534, 16.712918169476776 ], [ -99.161907952278753, 16.712743922771669 ], [ -99.161828968002141, 16.71252052146086 ], [ -99.161748504362578, 16.712322432631858 ], [ -99.161586098018489, 16.711951567382478 ], [ -99.161492125243285, 16.711751319450823 ], [ -99.161372613031901, 16.711521440951657 ], [ -99.161267398791296, 16.711338558043188 ], [ -99.161071268525092, 16.711019787733736 ], [ -99.160936768077107, 16.710813062453816 ], [ -99.16072939699869, 16.710511656909581 ], [ -99.16051827927177, 16.71021603950738 ], [ -99.160092298471, 16.709630592371166 ], [ -99.15986917531086, 16.709334260377975 ], [ -99.159625785408153, 16.709030711955329 ], [ -99.159443258497205, 16.708821129979899 ], [ -99.159139067840343, 16.708495932366542 ], [ -99.158949806144662, 16.708308050582303 ], [ -99.158686211463234, 16.708069602922546 ], [ -99.158436148829466, 16.707860071835345 ], [ -99.157949556489285, 16.707469925680524 ], [ -99.157676982952665, 16.707260410842416 ], [ -99.157345853913839, 16.70702201290548 ], [ -99.157066545679839, 16.706834197835313 ], [ -99.156559750609503, 16.706509150079082 ], [ -99.156219642823046, 16.706299684390533 ], [ -99.155706114471243, 16.705996335060391 ], [ -99.155190342346486, 16.705700217941438 ], [ -99.15415655742504, 16.705115213277782 ], [ -99.153646795600267, 16.70482198049859 ], [ -99.153151291878984, 16.704527289521071 ], [ -99.152835213448128, 16.704329371299384 ], [ -99.152382481804295, 16.704030307743036 ], [ -99.152145221344881, 16.703862704034766 ], [ -99.151886171039536, 16.703658956918424 ], [ -99.1516916809381, 16.703486982171214 ], [ -99.151367261276363, 16.703174804916646 ], [ -99.151213300546971, 16.703011478235094 ], [ -99.151075837487795, 16.702833675731906 ], [ -99.151000692992639, 16.702700664979705 ], [ -99.15091272253261, 16.702479435261427 ], [ -99.150880347524378, 16.702342054156261 ], [ -99.150871192836561, 16.702151140585521 ], [ -99.150888309969503, 16.701970332408493 ], [ -99.150948815898957, 16.701618821432298 ], [ -99.150993686683364, 16.701424252511718 ], [ -99.151067793133109, 16.701192056724526 ], [ -99.151146433044801, 16.700999632650817 ], [ -99.151308246063493, 16.700654556148194 ], [ -99.151427377504078, 16.700425220016431 ], [ -99.151622958728851, 16.700082288085603 ], [ -99.151829795635706, 16.699740070886751 ], [ -99.152254723587731, 16.699056350752699 ], [ -99.152504290506172, 16.698664201789466 ], [ -99.15282806421375, 16.698171475284887 ], [ -99.153118119920336, 16.697742413322189 ], [ -99.153664511434243, 16.696947953305347 ], [ -99.154042266821037, 16.696406008320231 ], [ -99.154629141094844, 16.695574633233321 ], [ -99.155229506993749, 16.694730952220631 ], [ -99.156156166638624, 16.693433804479199 ], [ -99.156443719522443, 16.693031280580389 ], [ -99.157041814951299, 16.692183256841773 ], [ -99.157621899590879, 16.691338860979364 ], [ -99.157990614392077, 16.690779559148009 ], [ -99.158516674513564, 16.6899460497071 ], [ -99.158790922839813, 16.689486618046608 ], [ -99.159087609609841, 16.68894183312301 ], [ -99.159307839460681, 16.688493290012911 ], [ -99.159671841352491, 16.687692445448633 ], [ -99.159842576782196, 16.687280822265638 ], [ -99.159990782743407, 16.686846797652425 ], [ -99.160067057633995, 16.686535046572452 ], [ -99.16014767651285, 16.686033817990069 ], [ -99.160236893512248, 16.685965103423911 ], [ -99.16043230871162, 16.685814595134875 ], [ -99.160481089494397, 16.68590157881275 ], [ -99.16057535436083, 16.686019023061991 ], [ -99.160719506252562, 16.686124134424706 ], [ -99.160865494516202, 16.68618187573297 ], [ -99.161159307446923, 16.6862499880841 ], [ -99.161328895975913, 16.686265404452371 ], [ -99.161543848461946, 16.68624354133701 ], [ -99.161732513973064, 16.686191686417445 ], [ -99.162083557725751, 16.686057984527515 ], [ -99.162323945528641, 16.685946425929174 ], [ -99.162694064994653, 16.685745451980029 ], [ -99.16307054249026, 16.685522053673392 ], [ -99.163829853549302, 16.685052831292989 ], [ -99.164218316014654, 16.68480881069042 ], [ -99.16462439408923, 16.684545972583003 ], [ -99.164912728739608, 16.684351929933882 ], [ -99.165371654340007, 16.684032639947127 ], [ -99.16564422878055, 16.683836439317659 ], [ -99.166003026849211, 16.683567127678437 ], [ -99.166328448950594, 16.683314475453976 ], [ -99.166945915762199, 16.682825829608941 ], [ -99.1672836986573, 16.682553639961583 ], [ -99.167679581725181, 16.682225717585176 ], [ -99.168001603973522, 16.681951369978368 ], [ -99.168571786593247, 16.681456248993058 ], [ -99.168946653876418, 16.681125448567389 ], [ -99.169501073152716, 16.680628168332291 ], [ -99.170050236753198, 16.680130167744768 ], [ -99.171143302636224, 16.679133443364858 ], [ -99.171687585901793, 16.678641227938442 ], [ -99.172227375572817, 16.678161308943 ], [ -99.17258274307801, 16.677853660032675 ], [ -99.173109056101268, 16.677410632343957 ], [ -99.17339696046588, 16.677176803158368 ], [ -99.173734361548654, 16.67691834381435 ], [ -99.174008792432005, 16.676721407456029 ], [ -99.174494683482166, 16.676389057333726 ], [ -99.174742135723577, 16.676229025107656 ], [ -99.174998602256395, 16.676081279097513 ], [ -99.175178594436943, 16.675995068084216 ], [ -99.175462104489668, 16.675884181007667 ], [ -99.175628624664753, 16.675834863392126 ], [ -99.175844675300368, 16.675797797729668 ], [ -99.176038239565713, 16.675785339203212 ], [ -99.176402881777875, 16.675785029008193 ], [ -99.176589707954534, 16.675788485748722 ], [ -99.176785544290738, 16.675799166469666 ], [ -99.176925112019632, 16.67581351099016 ], [ -99.177147978905268, 16.67584586379386 ], [ -99.177280804049389, 16.675871061596908 ], [ -99.177456412599426, 16.675914302262868 ], [ -99.177616268406254, 16.675961172205415 ], [ -99.177920227427336, 16.676058541167059 ], [ -99.178086846145902, 16.676116252691223 ], [ -99.178282743179977, 16.676192018477135 ], [ -99.17844261952952, 16.676260583271105 ], [ -99.178726351695673, 16.676390511729334 ], [ -99.178913259160282, 16.676480748342335 ], [ -99.179190249402907, 16.676621529734913 ], [ -99.179464992531237, 16.676765928616799 ], [ -99.180012232507025, 16.677058343140569 ], [ -99.180292229631192, 16.677203459525682 ], [ -99.180584980213951, 16.677346394857395 ], [ -99.180792900551708, 16.677439504163633 ], [ -99.181123911004264, 16.677575896673734 ], [ -99.181320558951285, 16.677649489345026 ], [ -99.181579492179338, 16.677733874987972 ], [ -99.18181439962234, 16.677800924991125 ], [ -99.182260188928325, 16.677917688931288 ], [ -99.182504092205875, 16.677976052029237 ], [ -99.182790012491068, 16.678034377762483 ], [ -99.183022642979068, 16.678073224241277 ], [ -99.183434614205495, 16.678131437660745 ], [ -99.183705504101695, 16.678163740832375 ], [ -99.18410620250539, 16.678202436957996 ], [ -99.184503143311986, 16.678234627003569 ], [ -99.185293267521502, 16.678292499519831 ], [ -99.185694712594582, 16.678326852798467 ], [ -99.186108923432784, 16.678372041577244 ], [ -99.186397829743711, 16.678413003230101 ], [ -99.186850337951157, 16.678490699301658 ], [ -99.187114497250789, 16.678544699573767 ], [ -99.187454466900405, 16.678629004605956 ], [ -99.187756923781677, 16.678715512635666 ], [ -99.188324325259856, 16.678890731021845 ], [ -99.188631299646559, 16.678992420504411 ], [ -99.188984820964123, 16.679122271204555 ], [ -99.189267048783762, 16.679236999611589 ], [ -99.189760211336392, 16.679451333745799 ], [ -99.190080737887058, 16.679598569177077 ], [ -99.19054915499305, 16.679825941412826 ], [ -99.191009324110084, 16.680057659279086 ], [ -99.191921416558429, 16.680525438636764 ], [ -99.19237933804267, 16.680757155494813 ], [ -99.192841007833451, 16.680984528736978 ], [ -99.193152535502946, 16.681131767725333 ], [ -99.193625448695059, 16.68134611141501 ], [ -99.19389192589442, 16.681460848163926 ], [ -99.194218443894869, 16.68159071510388 ], [ -99.19449616334316, 16.681692423231677 ], [ -99.195002804004119, 16.6818676801877 ], [ -99.195269254102712, 16.681954211042072 ], [ -99.195561963298559, 16.682038547205863 ], [ -99.19578336176815, 16.682092576710719 ], [ -99.196154848008234, 16.682170328892798 ], [ -99.196387488253293, 16.682211329810645 ], [ -99.196713922651554, 16.68225658048463 ], [ -99.197025339744826, 16.682290997191114 ], [ -99.197633156758613, 16.682348995788651 ], [ -99.197944571917859, 16.682381241563341 ], [ -99.198271000234698, 16.682419981138001 ], [ -99.198503632251132, 16.68245230148689 ], [ -99.198875100044731, 16.682510522856912 ], [ -99.199096484230964, 16.682549361982527 ], [ -99.199389168966377, 16.682607658158169 ], [ -99.1996555927293, 16.682665979239623 ], [ -99.200162179568096, 16.682782645754109 ], [ -99.20043986762542, 16.682849633122174 ], [ -99.200766344745148, 16.682933929197706 ], [ -99.20103278522916, 16.683007435312344 ], [ -99.201505629813212, 16.683143657200532 ], [ -99.201817110574964, 16.683236644389254 ], [ -99.202278708286912, 16.683379384100828 ], [ -99.202736557351457, 16.68352429599198 ], [ -99.203648508201354, 16.683816289942811 ], [ -99.204104489252856, 16.683966624486704 ], [ -99.204560480235642, 16.684125636194317 ], [ -99.204864483880058, 16.684240321613181 ], [ -99.2053205039132, 16.684425366160568 ], [ -99.205573858025915, 16.684536846424308 ], [ -99.205877900064834, 16.684686243043814 ], [ -99.206131282738852, 16.684823757144759 ], [ -99.206587389236589, 16.685086902447082 ], [ -99.206823898722192, 16.68523202593148 ], [ -99.207077320155705, 16.685404251553837 ], [ -99.207263179660814, 16.685546170856849 ], [ -99.207567336974975, 16.685799703047586 ], [ -99.207753225344575, 16.685967656420864 ], [ -99.208006733045522, 16.686217984442091 ], [ -99.208243357742518, 16.686467244349455 ], [ -99.208699725268673, 16.68696469556194 ], [ -99.208932617390971, 16.687229868408775 ], [ -99.209174925157654, 16.687527936240667 ], [ -99.209345879129117, 16.687759543213684 ], [ -99.209616433522697, 16.688156296247001 ], [ -99.209776157152376, 16.688409609663328 ], [ -99.209984773428999, 16.688772796978668 ], [ -99.21017274381019, 16.689124795709599 ], [ -99.210528039870084, 16.689817604284816 ], [ -99.210721683875306, 16.690209733268816 ], [ -99.210947318873394, 16.69069331191481 ], [ -99.211129733195733, 16.691107147355797 ], [ -99.211451342110905, 16.691865074831018 ], [ -99.211662005663499, 16.692377595132776 ], [ -99.211972387395591, 16.693157228583615 ], [ -99.212279027855473, 16.693944097134434 ], [ -99.212888572579118, 16.695525068270321 ], [ -99.213198599345134, 16.69631373966898 ], [ -99.213519129910324, 16.697098783772844 ], [ -99.213743319671593, 16.697618519430634 ], [ -99.214095358533797, 16.698392682231237 ], [ -99.21430143821739, 16.698819145597049 ], [ -99.214567637435536, 16.699324373098037 ], [ -99.214805223204749, 16.699739955512797 ], [ -99.215251782666357, 16.700481474807017 ], [ -99.215493834769788, 16.700862339034924 ], [ -99.21577343008687, 16.70126341285777 ], [ -99.215997369944404, 16.701551005041402 ], [ -99.216389594677679, 16.70201270751663 ], [ -99.216645040663522, 16.702289418291734 ], [ -99.217019153584772, 16.702657848194988 ], [ -99.217387229578293, 16.702995186978942 ], [ -99.218117346938413, 16.703638772115525 ], [ -99.218485040432981, 16.703966346342234 ], [ -99.218858001176145, 16.704305485202809 ], [ -99.219111908420402, 16.704543142693783 ], [ -99.219500669541446, 16.704916976264151 ], [ -99.219721914666806, 16.70513622654056 ], [ -99.219996888455512, 16.705420144052169 ], [ -99.22023393307586, 16.705674089598009 ], [ -99.22067009405508, 16.706152008334143 ], [ -99.220901518633283, 16.706411382924323 ], [ -99.221159630478525, 16.706711588376919 ], [ -99.221358392208259, 16.706952556263985 ], [ -99.221696566008589, 16.707375254307554 ], [ -99.221911127919853, 16.707650917331051 ], [ -99.222216639718653, 16.708055208428348 ], [ -99.222511264625652, 16.70845336373042 ], [ -99.223089629873897, 16.709243537704324 ], [ -99.223385752545056, 16.70963590462128 ], [ -99.223590060992308, 16.709890912828417 ], [ -99.223798019646665, 16.71020207012608 ], [ -99.22396794796316, 16.710486818922284 ], [ -99.224198087413583, 16.710922646826241 ], [ -99.224309440450611, 16.711170576655846 ], [ -99.224413359634482, 16.711478538388526 ], [ -99.224475205144884, 16.711743878146986 ], [ -99.224556822553254, 16.712231935693165 ], [ -99.224582640087348, 16.712490805907951 ], [ -99.224578474989499, 16.712779359040997 ], [ -99.224545715508398, 16.713001410715808 ], [ -99.224451601926802, 16.713379012577775 ], [ -99.22436933357956, 16.713618474265484 ], [ -99.224216642003014, 16.713959257423131 ], [ -99.224044424083644, 16.714287767576032 ], [ -99.223680460642584, 16.71493251452117 ], [ -99.223496601059452, 16.715254166599415 ], [ -99.223308986953583, 16.715574376208213 ], [ -99.223180156623201, 16.7157864068792 ], [ -99.222981279718539, 16.716102289269738 ], [ -99.222867038346251, 16.716276337092097 ], [ -99.222723191362533, 16.716482598230371 ], [ -99.222597687749911, 16.716652318961621 ], [ -99.222365023613136, 16.716955219909458 ], [ -99.222240628727747, 16.717110837234774 ], [ -99.222100108536367, 16.717274788374031 ], [ -99.221990303156105, 16.717392422960838 ], [ -99.221801407118505, 16.717581375531122 ], [ -99.221680339556116, 16.717694682963376 ], [ -99.221506032971362, 16.717845652707023 ], [ -99.221336589477787, 16.717983961460259 ], [ -99.221002565150854, 16.71824791771656 ], [ -99.220834613530812, 16.718378992673234 ], [ -99.220664783458659, 16.718508261551737 ], [ -99.220549685061201, 16.718592634783349 ], [ -99.220374219942414, 16.71871648559349 ], [ -99.220274861001414, 16.718783485588997 ], [ -99.220152249382707, 16.718860634815787 ], [ -99.22004725562735, 16.718922216860502 ], [ -99.219854885901242, 16.719029813697563 ], [ -99.21975326033099, 16.7190837986292 ], [ -99.219640753448289, 16.719138156664926 ], [ -99.219554867566956, 16.719174768470825 ], [ -99.219409716791873, 16.71923024582582 ], [ -99.219318196172964, 16.719261439671612 ], [ -99.219188785113147, 16.719299543867809 ], [ -99.219064620622376, 16.719331856988525 ], [ -99.218821538143118, 16.719390692018539 ], [ -99.218692488527466, 16.719416863065362 ], [ -99.218548422240872, 16.719436541298755 ], [ -99.218437361401058, 16.719443167324087 ], [ -99.218248245187027, 16.719443367118064 ], [ -99.218128164001584, 16.71943698527604 ], [ -99.217957036682833, 16.719417639976584 ], [ -99.217791905698959, 16.71939177960272 ], [ -99.217467640171364, 16.719333543534415 ], [ -99.217284485983228, 16.719296854027455 ], [ -99.21705928889854, 16.71924502175111 ], [ -99.216867114635647, 16.719195324117361 ], [ -99.216515789085364, 16.719098063255636 ], [ -99.216278565517499, 16.719028886416783 ], [ -99.215918220402727, 16.718918616740634 ], [ -99.215554868986402, 16.718804010489603 ], [ -99.214825160745718, 16.71857046010069 ], [ -99.214456556609264, 16.718455134181109 ], [ -99.214080451564314, 16.718342708085594 ], [ -99.213822213762853, 16.718270657450034 ], [ -99.213423605396102, 16.718166931582843 ], [ -99.21319465513686, 16.71811220622212 ], [ -99.212906412562404, 16.718051756254035 ], [ -99.212654958522407, 16.71800573162626 ], [ -99.212188839101856, 16.71792810727657 ], [ -99.211939646334088, 16.717890757608455 ], [ -99.211658187272533, 16.717856333401471 ], [ -99.211438281564142, 16.717836309445016 ], [ -99.211060023498007, 16.717810661576685 ], [ -99.210817613775973, 16.717799338092952 ], [ -99.210468642629607, 16.717791015579365 ], [ -99.210129433756023, 16.717788467989397 ], [ -99.2094607782455, 16.717789146684051 ], [ -99.209126454024286, 16.717792739525425 ], [ -99.208792136864062, 16.717802840436693 ], [ -99.20856926580656, 16.717816082687968 ], [ -99.208234969749014, 16.717845708531009 ], [ -99.20804925672455, 16.717868675710335 ], [ -99.207826413719147, 16.71790795160544 ], [ -99.207640721704479, 16.717950444251542 ], [ -99.20730648851972, 16.718038646095824 ], [ -99.207133189324551, 16.718090888784758 ], [ -99.206947525043077, 16.718159415255343 ], [ -99.206811383774877, 16.718221383395068 ], [ -99.206588624158272, 16.718338761295236 ], [ -99.206452503647839, 16.718420255033564 ], [ -99.206266901751576, 16.718547358396957 ], [ -99.206093685672499, 16.718677703553464 ], [ -99.205759638882157, 16.718941635412314 ], [ -99.205594681037994, 16.719075587829909 ], [ -99.205433854755469, 16.719213513498502 ], [ -99.205330768897511, 16.719309437258982 ], [ -99.205182337606033, 16.71945928288395 ], [ -99.205104007470183, 16.719546503795797 ], [ -99.205017448441552, 16.719658320952938 ], [ -99.204951513532308, 16.719757461976371 ], [ -99.204840267757717, 16.719943067873221 ], [ -99.204786716476519, 16.720043281338349 ], [ -99.204737308510943, 16.720158315869146 ], [ -99.204708513205631, 16.720249826629793 ], [ -99.204671535254349, 16.720409324383596 ], [ -99.204655135294928, 16.720512755324211 ], [ -99.204642913396029, 16.720663550396068 ], [ -99.204638943533766, 16.720811444575215 ], [ -99.204639255861949, 16.721104332037072 ], [ -99.204644292389901, 16.721252940471032 ], [ -99.204659089658037, 16.721405878314208 ], [ -99.204678715254289, 16.721512166284846 ], [ -99.204722794810067, 16.721678092347389 ], [ -99.204757044237851, 16.721774602894204 ], [ -99.20481571296439, 16.72189820846808 ], [ -99.204879244777999, 16.722007707199428 ], [ -99.205011171630233, 16.722212597771307 ], [ -99.205089339045159, 16.722323166681335 ], [ -99.20519191433948, 16.722449982864486 ], [ -99.205284705754124, 16.722550774250141 ], [ -99.205460504827613, 16.722726332155855 ], [ -99.205582578990061, 16.722840111515442 ], [ -99.205773002408463, 16.723005891671381 ], [ -99.205968300758471, 16.723168412479016 ], [ -99.206363773053567, 16.723490194346105 ], [ -99.206570326453857, 16.723649810608418 ], [ -99.206794513720851, 16.723806877882925 ], [ -99.206961605632898, 16.723909040471181 ], [ -99.207238694143896, 16.72405846087554 ], [ -99.207410265936304, 16.724138923219961 ], [ -99.207647892666841, 16.724230889916797 ], [ -99.207872365445468, 16.724303705319187 ], [ -99.208308157277131, 16.724430184395843 ], [ -99.208551757196005, 16.724493216849002 ], [ -99.208846764869833, 16.724555835467406 ], [ -99.209094844364571, 16.724597167370398 ], [ -99.209544075233651, 16.724658544089895 ], [ -99.209845055687339, 16.724692228049658 ], [ -99.210298766112544, 16.724731903197302 ], [ -99.210753969733915, 16.724764344031627 ], [ -99.211665870388401, 16.724821989365157 ], [ -99.212131209531762, 16.724857671082759 ], [ -99.212615326131882, 16.724907072831254 ], [ -99.212956847987925, 16.724953727747963 ], [ -99.213497297127802, 16.725044290561002 ], [ -99.213816324263973, 16.725108323591595 ], [ -99.214232956491344, 16.725209860253099 ], [ -99.21460831655817, 16.725315054837836 ], [ -99.215317765280901, 16.725529100855468 ], [ -99.215704405781707, 16.725653807507289 ], [ -99.216154878018358, 16.725813882422127 ], [ -99.216519024609084, 16.725955967359713 ], [ -99.21716099282456, 16.726222146571619 ], [ -99.217581474290995, 16.726405391583416 ], [ -99.218200950509555, 16.726688947497383 ], [ -99.218812930234606, 16.726978294896178 ], [ -99.220029396878829, 16.727562777580772 ], [ -99.220635757967983, 16.727856102961969 ], [ -99.221238370921554, 16.728151600084665 ], [ -99.221636363940505, 16.72835077073173 ], [ -99.22222773004826, 16.728652785593226 ], [ -99.222552517601855, 16.728822744457808 ], [ -99.222935513473047, 16.729030606856632 ], [ -99.223249052373049, 16.729207085351 ], [ -99.223806673890778, 16.729528657892935 ], [ -99.22409206173522, 16.729697572208675 ], [ -99.224390602894772, 16.729882743344724 ], [ -99.224602783496039, 16.730022447732686 ], [ -99.224940784305588, 16.730256389676132 ], [ -99.225141715802764, 16.730402614350467 ], [ -99.225406509313245, 16.730607346575376 ], [ -99.225646900479489, 16.730802342205372 ], [ -99.226103281296204, 16.731182596407763 ], [ -99.226333168065054, 16.731378687478387 ], [ -99.226566446687599, 16.731586707001604 ], [ -99.226725357447137, 16.731737315246587 ], [ -99.22696881117902, 16.731981120440707 ], [ -99.22710745494777, 16.732128496348899 ], [ -99.227279932347642, 16.732326818978073 ], [ -99.227428750969437, 16.732509980772225 ], [ -99.227702729868028, 16.732861143368531 ], [ -99.227848184888103, 16.733055156218974 ], [ -99.228010570640251, 16.733286032340697 ], [ -99.228135758504479, 16.733476813048263 ], [ -99.228348936592567, 16.733818278980539 ], [ -99.228484299790054, 16.73404484550975 ], [ -99.228677211242186, 16.734383079192465 ], [ -99.228863367402042, 16.734720235396388 ], [ -99.229228925698749, 16.735393469976831 ], [ -99.229407203321486, 16.735730634381401 ], [ -99.229576476568511, 16.736068893391646 ], [ -99.229680320716525, 16.73629549409409 ], [ -99.229822579853717, 16.736637037218948 ], [ -99.229892607887479, 16.736827878141945 ], [ -99.229960432620331, 16.737058857843465 ], [ -99.230003445766357, 16.737252983101925 ], [ -99.23006466051558, 16.737604379173529 ], [ -99.230087396502313, 16.737787679332438 ], [ -99.230094389569572, 16.737986183756657 ], [ -99.230086567742688, 16.738090330028328 ], [ -99.230083308645874, 16.738133724307829 ], [ -99.230043072730396, 16.738377841531715 ], [ -99.230004976385075, 16.738528666470948 ], [ -99.229930923224643, 16.738737024053822 ], [ -99.229845597544553, 16.738933461730028 ], [ -99.229663673293487, 16.739314417084696 ], [ -99.229575345365546, 16.739511219572659 ], [ -99.229492286190279, 16.739720671768517 ], [ -99.229442182240277, 16.739872956294342 ], [ -99.229378132083596, 16.740108576664561 ], [ -99.229374929571719, 16.740120357682464 ], [ -99.229342835842431, 16.740270452637251 ], [ -99.229313807397119, 16.740473336125749 ], [ -99.229297520399641, 16.74066138032024 ], [ -99.229277687847755, 16.741022629411038 ], [ -99.229272673236522, 16.741222593499678 ], [ -99.229277462009136, 16.741461236680031 ], [ -99.229290457937793, 16.741659011224463 ], [ -99.229324657030773, 16.742013691668308 ], [ -99.229353460034559, 16.742249415439286 ], [ -99.229405669996453, 16.742601906302898 ], [ -99.22942823740236, 16.742738271798611 ], [ -99.229463883713748, 16.74295366728802 ], [ -99.22950979548358, 16.743217214311855 ], [ -99.229586315390989, 16.743656459310497 ], [ -99.229646031332123, 16.744008580118674 ], [ -99.229702747002563, 16.744362150588199 ], [ -99.229737557068532, 16.744599313911579 ], [ -99.22978527157548, 16.744957233415288 ], [ -99.229808779205598, 16.745157527267839 ], [ -99.229831587505586, 16.745400489332912 ], [ -99.229846093694377, 16.745605132256848 ], [ -99.229866803979277, 16.745976098958646 ], [ -99.2298745421555, 16.746169901752733 ], [ -99.229877046345166, 16.74638034344121 ], [ -99.229873481800453, 16.746537276795973 ], [ -99.229866149665241, 16.746681920337995 ], [ -99.229860283950146, 16.746797635170068 ], [ -99.229847717775087, 16.74695891760528 ], [ -99.229823217085197, 16.747182406536773 ], [ -99.229794948745166, 16.747393605650526 ], [ -99.229756573208959, 16.747654583722984 ], [ -99.229734644286268, 16.747803714044526 ], [ -99.229699240558872, 16.748010943605706 ], [ -99.229653333934451, 16.748222523906858 ], [ -99.229612226631261, 16.748367928180773 ], [ -99.22953481129278, 16.748592560689129 ], [ -99.229481299839719, 16.748721707254077 ], [ -99.229398180844726, 16.748884514438831 ], [ -99.229313160596163, 16.74902671316514 ], [ -99.229141218624989, 16.749290502086083 ], [ -99.229041560439967, 16.749431632188401 ], [ -99.228914528029208, 16.749591233618492 ], [ -99.228802465529824, 16.749716105889803 ], [ -99.228593310270298, 16.74993112118522 ], [ -99.228449738508232, 16.750069045350973 ], [ -99.22822817848747, 16.750267802535891 ], [ -99.228002483348661, 16.750461140228452 ], [ -99.227546957048659, 16.750842395613621 ], [ -99.22731375040793, 16.751032124957707 ], [ -99.227069657676594, 16.751220058078946 ], [ -99.226896043289045, 16.751343550696859 ], [ -99.226757668123071, 16.75143482308188 ], [ -99.22661929282458, 16.751526095374896 ], [ -99.226454656692113, 16.751625712932306 ], [ -99.226237498935404, 16.751742021020714 ], [ -99.226040205454439, 16.751836250231797 ], [ -99.225665482506656, 16.752002629477506 ], [ -99.22546029579685, 16.752087103885838 ], [ -99.225240043264222, 16.752166708461214 ], [ -99.225219458905883, 16.752174148129228 ], [ -99.225023250842881, 16.752234747473569 ], [ -99.224998770674404, 16.752241417041251 ], [ -99.224675463458738, 16.7523295010607 ], [ -99.224460855238036, 16.752381272257757 ], [ -99.224446598044352, 16.752384711595148 ], [ -99.224107789247611, 16.752455589630788 ], [ -99.22377197326017, 16.752518508922339 ], [ -99.223103333699541, 16.752636387691631 ], [ -99.222769393943096, 16.752699664916655 ], [ -99.222436214629923, 16.752771618904358 ], [ -99.222214855605941, 16.752828265233813 ], [ -99.221883957788592, 16.752926250239749 ], [ -99.221700886157208, 16.752989363430057 ], [ -99.221482569169808, 16.753080718193875 ], [ -99.221301779117653, 16.753169862946635 ], [ -99.220977725688854, 16.753345942257383 ], [ -99.220810458348808, 16.753445919749186 ], [ -99.220632710003812, 16.753569773149199 ], [ -99.220503730127817, 16.753676218034325 ], [ -99.220335290321572, 16.753833618510598 ], [ -99.220294538713944, 16.753871699250457 ], [ -99.220167840166582, 16.754004175854085 ], [ -99.219996935983531, 16.754206124495166 ], [ -99.219838794097171, 16.754410228924929 ], [ -99.219535271997287, 16.754820593369008 ], [ -99.219378246316538, 16.755017102900833 ], [ -99.219210692028966, 16.755196267260253 ], [ -99.219088460716321, 16.755298365032175 ], [ -99.218889321097507, 16.755425493951723 ], [ -99.218768159599477, 16.755478775971493 ], [ -99.218603814862888, 16.755511493151477 ], [ -99.218451068518377, 16.755512739731074 ], [ -99.21844384161075, 16.755512027171328 ], [ -99.218157174315749, 16.755483762096883 ] ] ] ] } },
{ "type": "Feature", "properties": { "fid": 19.0, "cat": 19, "VULNERABIL": 3.0, "NOM_ACUIF": "NEXPA", "CLAVE_ACUI": "1232" }, "geometry": { "type": "MultiPolygon", "coordinates": [ [ [ [ -99.070025107605275, 16.637123736814864 ], [ -99.070503216035718, 16.636843323900429 ], [ -99.071532021352439, 16.63596948129905 ], [ -99.071595925139945, 16.63593504082343 ], [ -99.07184905512581, 16.635821051097956 ], [ -99.071991938312266, 16.635771463148398 ], [ -99.072167458043239, 16.635736689132209 ], [ -99.07231710779007, 16.635728320380476 ], [ -99.072590537359375, 16.635737988000127 ], [ -99.072734571263638, 16.635756740498984 ], [ -99.072893243440632, 16.635803330534877 ], [ -99.07301366320128, 16.635862228119517 ], [ -99.07321625043727, 16.635992330785147 ], [ -99.073343437351639, 16.636092447561477 ], [ -99.07352241088752, 16.636262695252892 ], [ -99.073693513354755, 16.636446324575992 ], [ -99.07402784789015, 16.636826964587637 ], [ -99.074198207869941, 16.637027950279563 ], [ -99.074374952665693, 16.637250267610902 ], [ -99.074499167236212, 16.637419810858287 ], [ -99.074695066268461, 16.637706123243575 ], [ -99.07481028384602, 16.637886517365114 ], [ -99.074960037422528, 16.638141387397258 ], [ -99.075094409239568, 16.638385776641684 ], [ -99.075347771689835, 16.638864074195844 ], [ -99.075485529954946, 16.639133411948364 ], [ -99.075645441825571, 16.639463127785447 ], [ -99.075774203336479, 16.639743316436881 ], [ -99.076000576435476, 16.640254166460075 ], [ -99.076148493297254, 16.640598350031915 ], [ -99.076365870768342, 16.641120050736397 ], [ -99.076580250206135, 16.641645368231615 ], [ -99.077006013378622, 16.642699619518755 ], [ -99.077225648961033, 16.643228550245656 ], [ -99.077458790279991, 16.643761091609406 ], [ -99.077627723098885, 16.644119729911601 ], [ -99.077901380406232, 16.644663103387003 ], [ -99.078066917534485, 16.644968588229855 ], [ -99.078289871156855, 16.645341669375814 ], [ -99.078495923520265, 16.645657986383803 ], [ -99.078891127988271, 16.646233855903088 ], [ -99.079109554505933, 16.646536065392102 ], [ -99.079369628609768, 16.646866824642853 ], [ -99.079584658827969, 16.647115880580092 ], [ -99.079969675892428, 16.647532288875748 ], [ -99.080225222207332, 16.647792176326405 ], [ -99.080606843936948, 16.648155430394361 ], [ -99.080987334377596, 16.648500966077467 ], [ -99.081747186548526, 16.64917431763935 ], [ -99.082130677501638, 16.649509725361931 ], [ -99.082521295551558, 16.649842598366597 ], [ -99.082788834101322, 16.650061979283759 ], [ -99.083200831727922, 16.650387248975601 ], [ -99.083436845675905, 16.650565419975717 ], [ -99.083732889395009, 16.650774663554305 ], [ -99.083990281660675, 16.650945231811267 ], [ -99.084466415304831, 16.651247692550982 ], [ -99.084720425794885, 16.651401989541704 ], [ -99.085006322943158, 16.651562420247402 ], [ -99.085228807583832, 16.651675507825498 ], [ -99.085610364511354, 16.651854339647738 ], [ -99.085854227231607, 16.65195982425324 ], [ -99.086204258326205, 16.652097446323115 ], [ -99.086543780898253, 16.652221331617852 ], [ -99.087212318264221, 16.652455364383602 ], [ -99.087545838168822, 16.652574188238891 ], [ -99.08787785972028, 16.652696628127604 ], [ -99.088097708895788, 16.652781870997465 ], [ -99.08842523489173, 16.652915159727588 ], [ -99.088605695222583, 16.652992825375076 ], [ -99.088819550065566, 16.653092533786477 ], [ -99.088995514486015, 16.653181048830643 ], [ -99.089309553116635, 16.653346885379566 ], [ -99.089470889436498, 16.653436491096134 ], [ -99.089640859527108, 16.65353947192331 ], [ -99.089762806654846, 16.653621500962014 ], [ -99.089958678020253, 16.653764607219514 ], [ -99.090076129236664, 16.65385748583336 ], [ -99.090232611473425, 16.653993015462401 ], [ -99.090375964052768, 16.65412601953652 ], [ -99.090649539906082, 16.654389501962978 ], [ -99.090786892731529, 16.654525401117521 ], [ -99.090925374994129, 16.654669616338541 ], [ -99.09101882586576, 16.654774075925729 ], [ -99.09116069624605, 16.654943239462586 ], [ -99.091240642491016, 16.655045535319704 ], [ -99.09133861077288, 16.655183259389034 ], [ -99.091421945017956, 16.655310503644785 ], [ -99.0915739796352, 16.655554512295861 ], [ -99.091653941832703, 16.655689351408437 ], [ -99.091741793648481, 16.655849860147548 ], [ -99.091808251127688, 16.655982535607915 ], [ -99.091919771835691, 16.656220053232332 ], [ -99.091989617464904, 16.656377677087935 ], [ -99.092087633620935, 16.656613031039605 ], [ -99.09218114834313, 16.656847663752426 ], [ -99.092363676788537, 16.65731620785029 ], [ -99.09245381722441, 16.657553011485756 ], [ -99.092541709639406, 16.65779487838914 ], [ -99.092598056461853, 16.657961186281096 ], [ -99.092679204511654, 16.658218243056769 ], [ -99.092722038610177, 16.658366115674944 ], [ -99.092769392772198, 16.658552676770185 ], [ -99.092805482273448, 16.658715739312456 ], [ -99.09286639668268, 16.659018365835301 ], [ -99.092895733757729, 16.659180346597505 ], [ -99.092922830479495, 16.659363662375032 ], [ -99.092938654586632, 16.659507207911592 ], [ -99.092959030187316, 16.659754528743008 ], [ -99.092968109584405, 16.659913264222993 ], [ -99.092974972150856, 16.660142149833415 ], [ -99.092977330357428, 16.660364890369227 ], [ -99.092977542403148, 16.660804226357456 ], [ -99.092960016534349, 16.661021190300485 ], [ -99.092907226801444, 16.661232746142314 ], [ -99.092836769733552, 16.66136837525346 ], [ -99.092678188125134, 16.661563706674293 ], [ -99.092554823196878, 16.661666815922239 ], [ -99.09234331006725, 16.661780812183633 ], [ -99.092114153052208, 16.661867696561281 ], [ -99.091638194817449, 16.66201435284923 ], [ -99.091356137431347, 16.662084988062535 ], [ -99.09098592382496, 16.662150237701802 ], [ -99.090650958592477, 16.662188351761266 ], [ -99.090016276448381, 16.662237443446045 ], [ -99.089575519087859, 16.662259329974702 ], [ -99.088887929286088, 16.662275897650378 ], [ -99.088182703684197, 16.662281622744704 ], [ -99.086754616727447, 16.662282225313412 ], [ -99.086033635096939, 16.662286141722902 ], [ -99.085298777135989, 16.66229729320494 ], [ -99.084794995465501, 16.662311963625609 ], [ -99.084018508294179, 16.662344823203732 ], [ -99.083573250052495, 16.662370314733355 ], [ -99.083013962511174, 16.662413930677037 ], [ -99.082527074753344, 16.662461132237439 ], [ -99.081625698571102, 16.66255911936949 ], [ -99.081144441491162, 16.662617163272706 ], [ -99.08060204676697, 16.662693309515884 ], [ -99.080179312631174, 16.66276217622206 ], [ -99.079453504575156, 16.662892629350218 ], [ -99.078989139852965, 16.662983205194475 ], [ -99.078321853746544, 16.663124479861057 ], [ -99.077674074524495, 16.663269361008012 ], [ -99.076398021009823, 16.663562725981325 ], [ -99.075747612971597, 16.663707602081903 ], [ -99.075072444318693, 16.663848869177301 ], [ -99.07459757169741, 16.663939438997275 ], [ -99.073848122468519, 16.664069881021661 ], [ -99.073407001707665, 16.664138740478009 ], [ -99.072833089031306, 16.664214877568991 ], [ -99.07231768866761, 16.664272912990139 ], [ -99.071345399887733, 16.664370880182595 ], [ -99.070816490129857, 16.664418068717147 ], [ -99.070202050117658, 16.664461668953248 ], [ -99.069706893291652, 16.664487147611986 ], [ -99.068835862808328, 16.664519982126265 ], [ -99.068266426860376, 16.664534634193597 ], [ -99.067429149634236, 16.664545756066321 ], [ -99.066603123575916, 16.664549639071399 ], [ -99.064962322661088, 16.664550159809384 ], [ -99.064131793058309, 16.664548248880539 ], [ -99.063281005231815, 16.664542001686868 ], [ -99.062693555157111, 16.66453350195648 ], [ -99.061781992843052, 16.664514249614218 ], [ -99.061255311229331, 16.664499219000895 ], [ -99.060586828704842, 16.664473380738503 ], [ -99.059999372847912, 16.664445347319553 ], [ -99.058905488114974, 16.664387082912601 ], [ -99.058318030778693, 16.664352536042436 ], [ -99.057649543279936, 16.664307162251038 ], [ -99.057122854797001, 16.664266086396772 ], [ -99.056211277124319, 16.664188231388923 ], [ -99.05562381521321, 16.664134150825124 ], [ -99.054773007159554, 16.664049764485984 ], [ -99.053942455977136, 16.66396319981952 ], [ -99.052301611958569, 16.663787885822348 ], [ -99.051487568072773, 16.663699860771111 ], [ -99.050686278954984, 16.663611106214582 ], [ -99.050164840646502, 16.663551208514349 ], [ -99.049401814827561, 16.663460270162748 ], [ -99.048990665929381, 16.663409021440227 ], [ -99.048520244781344, 16.663346214786067 ], [ -99.048147358423591, 16.66329278586743 ], [ -99.047499120729555, 16.663195305124994 ], [ -99.047175751753272, 16.663144032666168 ], [ -99.046853882209277, 16.663087697051584 ], [ -99.046640801883925, 16.663045077048004 ], [ -99.046323430483525, 16.662973552660894 ], [ -99.046148612418975, 16.662928754034205 ], [ -99.045941529559244, 16.662865882727555 ], [ -99.045771209544071, 16.662805895848962 ], [ -99.04546733251415, 16.662688806359778 ], [ -99.045298134512763, 16.662613270314775 ], [ -99.045094417447046, 16.662503751832816 ], [ -99.044924087050873, 16.662396757072514 ], [ -99.044616813223286, 16.662185291100563 ], [ -99.044411586840425, 16.662033827391948 ], [ -99.044103181588397, 16.661790902234728 ], [ -99.043794399609553, 16.661537490471797 ], [ -99.043176460618582, 16.661020179400751 ], [ -99.042821530638719, 16.660717960608217 ], [ -99.042374678682137, 16.660328615897377 ], [ -99.04198485563262, 16.659981926735508 ], [ -99.041262240490724, 16.659331202901711 ], [ -99.040768868069094, 16.658882562523527 ], [ -99.04001136633633, 16.65818736505225 ], [ -99.039242238566587, 16.657477341606036 ], [ -99.037692368733801, 16.65604246273498 ], [ -99.036921755281, 16.655320136576524 ], [ -99.036159773228249, 16.65458804295 ], [ -99.035660414035817, 16.654090214419568 ], [ -99.034924318529718, 16.653328822576842 ], [ -99.034524004726109, 16.652896061474642 ], [ -99.034059156670637, 16.652359171080782 ], [ -99.033684723713492, 16.651897114935263 ], [ -99.033026275040896, 16.651047836161982 ], [ -99.03269348511725, 16.65059770413405 ], [ -99.032353561327739, 16.650096587880704 ], [ -99.032119811105886, 16.649711526374546 ], [ -99.031758484687231, 16.649057458049096 ], [ -99.031550613694449, 16.648643102761149 ], [ -99.031288326568429, 16.648054105427455 ], [ -99.031059052716842, 16.647486798444334 ], [ -99.030633520499705, 16.646373874406962 ], [ -99.030423381921864, 16.645817773222571 ], [ -99.030218495912365, 16.645262394217603 ], [ -99.030087157239649, 16.644892863845037 ], [ -99.029898027167647, 16.644339651752535 ], [ -99.029798206694139, 16.644033034047947 ], [ -99.02968787490093, 16.64366639311427 ], [ -99.029603809010837, 16.643361942607392 ], [ -99.029461943391283, 16.642815231983921 ], [ -99.029393635034424, 16.642532474796575 ], [ -99.029330575177468, 16.642230913923871 ], [ -99.029293783679435, 16.642011069672066 ], [ -99.029246469028109, 16.64165309779256 ], [ -99.029225431474785, 16.641435420862447 ], [ -99.029209633381029, 16.641140361960741 ], [ -99.029204340752329, 16.640866274054193 ], [ -99.02920426092922, 16.640339069224868 ], [ -99.02919971985753, 16.640074021055259 ], [ -99.029186176489191, 16.639806081388365 ], [ -99.029168145297206, 16.639624563448134 ], [ -99.029127595142057, 16.639347949289281 ], [ -99.029096065048904, 16.639191383255362 ], [ -99.029042024918965, 16.63899829931087 ], [ -99.028983488168151, 16.638833058760998 ], [ -99.028861918228088, 16.638530421014 ], [ -99.028789879876499, 16.63837060619792 ], [ -99.028695334622682, 16.638193799519534 ], [ -99.028609797551368, 16.638058936530676 ], [ -99.028447731730893, 16.637831154185289 ], [ -99.028335188398458, 16.637687616506074 ], [ -99.028159624212506, 16.637484785799909 ], [ -99.027979560724845, 16.637290272224469 ], [ -99.027614935161139, 16.63690956186856 ], [ -99.02743487327389, 16.636718663754969 ], [ -99.027259312449289, 16.636526680106112 ], [ -99.027146772797607, 16.636397605549526 ], [ -99.026984714652954, 16.636202365543209 ], [ -99.026899183190352, 16.63609281344932 ], [ -99.026804646815663, 16.635959397231098 ], [ -99.026732617643489, 16.635846588969443 ], [ -99.026611066586796, 16.635641580382281 ], [ -99.026552540901889, 16.635534194243832 ], [ -99.02649851477527, 16.635417044455739 ], [ -99.026466996886683, 16.635329180957076 ], [ -99.026453367330092, 16.635279932452953 ], [ -99.026426469344813, 16.635182740252773 ], [ -99.026408453560521, 16.635091620671297 ], [ -99.026394933720326, 16.634964702636246 ], [ -99.026390416428555, 16.63484429216 ], [ -99.026390400405148, 16.634727135462892 ], [ -99.02639038438187, 16.634609978764452 ], [ -99.026385866804929, 16.634487398715468 ], [ -99.026372346132973, 16.634353971965819 ], [ -99.026354329266965, 16.634254174097933 ], [ -99.026313799374933, 16.634088207238559 ], [ -99.026282279719894, 16.633985156719763 ], [ -99.026228250653745, 16.633841972019081 ], [ -99.026169721904125, 16.63370638136006 ], [ -99.026048164889517, 16.633442794042207 ], [ -99.02597613242817, 16.633295272388327 ], [ -99.025881591954089, 16.633116294765834 ], [ -99.025796056977441, 16.632965520373919 ], [ -99.025633992710908, 16.632692174762052 ], [ -99.025521449212462, 16.632508860048311 ], [ -99.025345883013088, 16.632232261504175 ], [ -99.025165816422899, 16.63195457856455 ], [ -99.024983499907776, 16.631676353339135 ], [ -99.025165816422899, 16.631954578564546 ], [ -99.025349632933484, 16.632226837123753 ], [ -99.025536448894513, 16.63248716251411 ], [ -99.02566399207474, 16.632648779677012 ], [ -99.02585980562209, 16.632873305765475 ], [ -99.025971590035354, 16.632986109395159 ], [ -99.026111129533732, 16.633099994258988 ], [ -99.026231910923599, 16.633176998728196 ], [ -99.02645471566521, 16.633294127174938 ], [ -99.026573243036665, 16.633342927336628 ], [ -99.026706020256057, 16.633372199478735 ], [ -99.026808788202317, 16.633372186234279 ], [ -99.026984314759176, 16.633342874316547 ], [ -99.027096079233615, 16.633307061875282 ], [ -99.027255846049442, 16.633228936485896 ], [ -99.027410359513595, 16.633134539900553 ], [ -99.027714132745956, 16.63292947531777 ], [ -99.027875393510911, 16.632811573820536 ], [ -99.028055402819177, 16.632662934104786 ], [ -99.028194157576337, 16.632533102768225 ], [ -99.028430412331332, 16.632292248397103 ], [ -99.028580413323084, 16.632127702153973 ], [ -99.028794161563269, 16.63187491782779 ], [ -99.02900040740424, 16.631618156780814 ], [ -99.029405395612912, 16.631100657574763 ], [ -99.029634136952694, 16.63080158609376 ], [ -99.029915373473258, 16.63042187113626 ], [ -99.030155359570969, 16.630088084332932 ], [ -99.030594080198071, 16.629466438502831 ], [ -99.030890307766427, 16.629040435820858 ], [ -99.031340269688513, 16.628384073570466 ], [ -99.031793977192336, 16.627716138695678 ], [ -99.032705131347214, 16.626368694229196 ], [ -99.033156576301977, 16.625684484842498 ], [ -99.033599763327558, 16.624979303256683 ], [ -99.033886964805546, 16.624488210482628 ], [ -99.034305382153676, 16.623720113809043 ], [ -99.034529580039688, 16.623272421903724 ], [ -99.0347837575586, 16.62269744323029 ], [ -99.034983188859357, 16.622186837382348 ], [ -99.035327303982228, 16.621229998304244 ], [ -99.035497477952021, 16.620712888154738 ], [ -99.035663886325409, 16.62011839710841 ], [ -99.035771059952864, 16.619644688917397 ], [ -99.035926172262037, 16.618818055381578 ], [ -99.036008580408136, 16.618281433710365 ], [ -99.036100692924023, 16.617498202286235 ], [ -99.036171805553863, 16.616729438234131 ], [ -99.03629303016362, 16.615206377374214 ], [ -99.036356640766044, 16.614438337593235 ], [ -99.036426248850191, 16.613657279249555 ], [ -99.036478651891656, 16.613123555152526 ], [ -99.036566252811781, 16.612303441192292 ], [ -99.036620917583065, 16.611834803786952 ], [ -99.036697311161333, 16.611249005557816 ], [ -99.036769968927544, 16.610741312569687 ], [ -99.036911548044955, 16.609804031755814 ], [ -99.036990956710781, 16.609305015717737 ], [ -99.037087604128999, 16.608745248486812 ], [ -99.037169274527656, 16.608311319143212 ], [ -99.037317637920907, 16.607569298288301 ], [ -99.037417300448766, 16.60709631323655 ], [ -99.037567924694457, 16.60641937893983 ], [ -99.037719302147067, 16.605764140098863 ], [ -99.038022808273354, 16.604475357577176 ], [ -99.038180560883688, 16.603835665737048 ], [ -99.038350314539031, 16.603205373018181 ], [ -99.038475485095077, 16.602794577046613 ], [ -99.038681242991089, 16.602192481809929 ], [ -99.038807554404656, 16.601867383607384 ], [ -99.038980731156371, 16.601494184289432 ], [ -99.039143047603062, 16.601197283590249 ], [ -99.039456819518009, 16.600679780584382 ], [ -99.03963151737959, 16.600420844704249 ], [ -99.039841839791734, 16.600161540254756 ], [ -99.040017679405608, 16.599988302053461 ], [ -99.040334875641207, 16.599727891718747 ], [ -99.040546720312562, 16.599582850561838 ], [ -99.040865058276751, 16.599408137425492 ], [ -99.041183776747388, 16.59926198980401 ], [ -99.041821593416742, 16.598998259096067 ], [ -99.04214181394677, 16.598868019923426 ], [ -99.042464659746457, 16.598741034084693 ], [ -99.04268251574797, 16.598659630404967 ], [ -99.04301323796814, 16.598542405188152 ], [ -99.043199598071908, 16.598480533658638 ], [ -99.043427956323043, 16.598412144470533 ], [ -99.043622193316125, 16.598360034008408 ], [ -99.043976545936488, 16.598272091574891 ], [ -99.044162909928289, 16.598229745363106 ], [ -99.044367649443643, 16.598190649429387 ], [ -99.044522518013565, 16.598167835792964 ], [ -99.044782384210393, 16.598138490735408 ], [ -99.044945129894245, 16.598125438179427 ], [ -99.045173500786191, 16.598115625618266 ], [ -99.045391373266995, 16.598112323824949 ], [ -99.045816619831555, 16.598112230593699 ], [ -99.04602886846007, 16.598113630118803 ], [ -99.046240367788727, 16.598117922361556 ], [ -99.046380618045788, 16.598123676671975 ], [ -99.046589869500806, 16.598136647363457 ], [ -99.046705371025553, 16.598146746148061 ], [ -99.046842624142656, 16.598164071890334 ], [ -99.046955877821034, 16.598182849344795 ], [ -99.047158385776939, 16.598221855894668 ], [ -99.047262640646665, 16.598244974373209 ], [ -99.047372897268758, 16.598275323351547 ], [ -99.047452403434079, 16.598302786521046 ], [ -99.047580665330784, 16.598354827037266 ], [ -99.047657923711654, 16.598390968944628 ], [ -99.047761436951831, 16.598447354168854 ], [ -99.047856700660375, 16.598505187623054 ], [ -99.048038978652684, 16.598622302688302 ], [ -99.048129742193538, 16.59867869067163 ], [ -99.048219754709066, 16.598730739637897 ], [ -99.048279012, 16.598761099950103 ], [ -99.048366771348526, 16.598800131921834 ], [ -99.048414775474527, 16.59881747735821 ], [ -99.048471028485423, 16.59883048171028 ], [ -99.048516779372349, 16.59883481019488 ], [ -99.048597779017129, 16.598834791285729 ], [ -99.048639027744912, 16.598830442493131 ], [ -99.0486817742797, 16.598817415039672 ], [ -99.048711769773732, 16.598800051412894 ], [ -99.048759009712199, 16.598760987984672 ], [ -99.048786751917717, 16.598730607421928 ], [ -99.048822738595604, 16.598678529164822 ], [ -99.048854974178525, 16.598622112631212 ], [ -99.048915694213363, 16.598504941279202 ], [ -99.048948679918595, 16.59844924774573 ], [ -99.048986917035222, 16.598399338505068 ], [ -99.049017659865882, 16.598371849971485 ], [ -99.049071651242272, 16.598339293606823 ], [ -99.04910689787549, 16.598326991026781 ], [ -99.049158646409325, 16.598322639652128 ], [ -99.049209647338174, 16.598327689935839 ], [ -99.049310901606034, 16.598347192137311 ], [ -99.049368655267756, 16.598363088659131 ], [ -99.0494406619855, 16.598391276039326 ], [ -99.049502919528408, 16.598422358482349 ], [ -99.049617685476875, 16.598487418405316 ], [ -99.049695697443852, 16.598535853636076 ], [ -99.04971494664089, 16.598548804655454 ], [ -99.049377418734423, 16.59955787191118 ], [ -99.049902716668228, 16.600742037910319 ], [ -99.049584414429788, 16.602477869106472 ], [ -99.049746377036556, 16.602588615581098 ], [ -99.050972165370311, 16.603426774477583 ], [ -99.051741108223311, 16.604131734886913 ], [ -99.052285557495537, 16.606699068681035 ], [ -99.051291763723881, 16.606617952762434 ], [ -99.050532237384019, 16.606102836720318 ], [ -99.049510333434895, 16.606066921037655 ], [ -99.050617165559387, 16.608209225988269 ], [ -99.049801774509348, 16.609212905627693 ], [ -99.04998990780868, 16.611635683156035 ], [ -99.050309037872225, 16.613036865278833 ], [ -99.050552848613222, 16.613217613731205 ], [ -99.050515422137948, 16.613506915008138 ], [ -99.051125339329872, 16.615423326310793 ], [ -99.051604083378052, 16.617620019734893 ], [ -99.051923497614183, 16.619997558933132 ], [ -99.053697147882403, 16.625801026740735 ], [ -99.055226210552064, 16.628431372823965 ], [ -99.05572350481242, 16.629651689398454 ], [ -99.055913013048652, 16.629840461064546 ], [ -99.056558241221666, 16.630483177300299 ], [ -99.057439630091523, 16.630519096806132 ], [ -99.057936517712704, 16.630320070733585 ], [ -99.058714730404972, 16.630238488852203 ], [ -99.059624362079006, 16.630645046036484 ], [ -99.060845016569033, 16.63164851019933 ], [ -99.060965531383061, 16.631747580921825 ], [ -99.061706306417335, 16.631864886799125 ], [ -99.062812622074503, 16.631548142350724 ], [ -99.063703435067026, 16.631710597471642 ], [ -99.064136492253581, 16.632160562064946 ], [ -99.066217212342153, 16.63432247533504 ], [ -99.066602006503786, 16.63535295321768 ], [ -99.067221154847161, 16.636193506988011 ], [ -99.067924676221125, 16.636601055712752 ], [ -99.068656076459263, 16.637024750237444 ], [ -99.069356216259294, 16.637075374363164 ], [ -99.070025107605275, 16.637123736814864 ] ] ] ] } },
{ "type": "Feature", "properties": { "fid": 20.0, "cat": 20, "VULNERABIL": 4.0, "NOM_ACUIF": "NEXPA", "CLAVE_ACUI": "1232" }, "geometry": { "type": "MultiPolygon", "coordinates": [ [ [ [ -99.010057730326409, 16.631224729379081 ], [ -99.010023012046531, 16.622976324886995 ], [ -99.009945144215791, 16.604473641453623 ], [ -99.011807021376342, 16.604394246888646 ], [ -99.012121657323249, 16.604444852201627 ], [ -99.012759548247857, 16.604444814037794 ], [ -99.013080931490563, 16.604448048431173 ], [ -99.013407190316869, 16.604457790738444 ], [ -99.013629571800152, 16.604470793730925 ], [ -99.013970457470535, 16.604500060369748 ], [ -99.014164714043275, 16.604522827764786 ], [ -99.014406598087604, 16.604561863496006 ], [ -99.014615481625199, 16.604604155630199 ], [ -99.015000248361432, 16.604691996013941 ], [ -99.015204632817813, 16.60474405096712 ], [ -99.015433019325556, 16.604812375750623 ], [ -99.015609279050864, 16.604874195477716 ], [ -99.015909671854061, 16.604991329752711 ], [ -99.01610055893174, 16.605072674115746 ], [ -99.016372827357287, 16.605199572981334 ], [ -99.016635721143416, 16.605329726600964 ], [ -99.017152134776339, 16.605593287972809 ], [ -99.017409404900249, 16.605728503413147 ], [ -99.017664800951138, 16.605870589012014 ], [ -99.017833190765799, 16.605972183049424 ], [ -99.01808296418892, 16.606134879571478 ], [ -99.018219852966894, 16.606232136880944 ], [ -99.0183807457407, 16.606361212405091 ], [ -99.018512011603661, 16.606479080974641 ], [ -99.018744916636166, 16.606703611065818 ], [ -99.018863808022274, 16.60682690446032 ], [ -99.018987576911456, 16.606972254679579 ], [ -99.019074966972084, 16.607091211675616 ], [ -99.019213368342662, 16.607302732430597 ], [ -99.01929513552237, 16.607442300805424 ], [ -99.019402035641718, 16.607649485199886 ], [ -99.019498435397438, 16.607855224137303 ], [ -99.019680734908491, 16.608265256476745 ], [ -99.019773011300572, 16.608482928321795 ], [ -99.019867540608217, 16.6087259116028 ], [ -99.019932812997126, 16.608913211910124 ], [ -99.020034100920739, 16.609232129544068 ], [ -99.020092624879425, 16.60943461745914 ], [ -99.020166908756863, 16.609723163586885 ], [ -99.020232191313113, 16.610001585878635 ], [ -99.020353755415911, 16.610548306582288 ], [ -99.020419041730761, 16.610857102822411 ], [ -99.020493336307993, 16.611236770879014 ], [ -99.020551874278709, 16.611560754735724 ], [ -99.020653193833894, 16.612153038220541 ], [ -99.020718490942642, 16.612552956392285 ], [ -99.020813062696135, 16.613160427425807 ], [ -99.020905385429671, 16.613772960943361 ], [ -99.021087783033494, 16.615003090309852 ], [ -99.021181607887485, 16.615617793014561 ], [ -99.02128068371232, 16.616231771911497 ], [ -99.021351984995647, 16.61664036739915 ], [ -99.02146681308578, 16.617252174954452 ], [ -99.021535857191893, 16.617591344262596 ], [ -99.021628161192751, 16.617997044660388 ], [ -99.021712957130802, 16.618334042672636 ], [ -99.021875041363643, 16.61893933624118 ], [ -99.021964335891667, 16.619252468355931 ], [ -99.022070134808629, 16.619586571196823 ], [ -99.022157171752724, 16.619830277154822 ], [ -99.022312483849944, 16.620227292143248 ], [ -99.02241527283644, 16.620468826713633 ], [ -99.022568327618956, 16.620796415441895 ], [ -99.022720630115231, 16.621100862033799 ], [ -99.023024483705044, 16.621686612843913 ], [ -99.023173786582475, 16.621985273885134 ], [ -99.023317840703911, 16.622295506445283 ], [ -99.023408627823528, 16.622513899728553 ], [ -99.023536935058104, 16.622858847030514 ], [ -99.023602967831508, 16.623062056022821 ], [ -99.023672758738897, 16.623326735738328 ], [ -99.023723044132524, 16.623564659611109 ], [ -99.023804109530488, 16.624013751499874 ], [ -99.023840894349433, 16.6242581855869 ], [ -99.023870183213816, 16.624542395985564 ], [ -99.023882213117147, 16.624771645901582 ], [ -99.023889013924659, 16.625175185248356 ], [ -99.023885296084259, 16.625439150088638 ], [ -99.023867341688472, 16.62582750526267 ], [ -99.023841135461183, 16.626210799037338 ], [ -99.02378047090626, 16.626972325149389 ], [ -99.023755014417361, 16.627355257190526 ], [ -99.023739309780638, 16.627742527240109 ], [ -99.023738591953787, 16.628005045289981 ], [ -99.023752143189455, 16.628405329389466 ], [ -99.023769423676228, 16.628632047461359 ], [ -99.023807713937074, 16.628911917578638 ], [ -99.02385425061172, 16.629151649694471 ], [ -99.02395557060882, 16.629590975888782 ], [ -99.024017859149225, 16.629823112640644 ], [ -99.024103404617208, 16.63008019671971 ], [ -99.024183691867492, 16.630276533424247 ], [ -99.024339008354715, 16.630608459401738 ], [ -99.024448552434123, 16.630817809978158 ], [ -99.024621868183445, 16.63111393571236 ], [ -99.024801183918683, 16.631398127945477 ], [ -99.024983499907776, 16.631676353339135 ], [ -99.025165816422899, 16.63195457856455 ], [ -99.025345883013088, 16.632232261504175 ], [ -99.025521449212462, 16.632508860048311 ], [ -99.025633992710908, 16.632692174762052 ], [ -99.025796056977441, 16.632965520373919 ], [ -99.025881591954089, 16.633116294765834 ], [ -99.02597613242817, 16.633295272388327 ], [ -99.026048164889517, 16.633442794042207 ], [ -99.026169721904125, 16.63370638136006 ], [ -99.026228250653745, 16.633841972019081 ], [ -99.026282279719894, 16.633985156719763 ], [ -99.026313799374933, 16.634088207238559 ], [ -99.026354329266965, 16.634254174097933 ], [ -99.026372346132973, 16.634353971965819 ], [ -99.026385866804929, 16.634487398715468 ], [ -99.02639038438187, 16.634609978764452 ], [ -99.026390400405148, 16.634727135462892 ], [ -99.026390416428555, 16.634844292160004 ], [ -99.02638780707089, 16.634962172379012 ], [ -99.026379946944431, 16.635081499642897 ], [ -99.026369456086798, 16.635162498197211 ], [ -99.026345843626657, 16.635286166594614 ], [ -99.026327474806649, 16.635356318302964 ], [ -99.026295980807987, 16.635443105029683 ], [ -99.026261859619851, 16.635517597862655 ], [ -99.026190990006043, 16.63565428962125 ], [ -99.026148991974424, 16.635726613859582 ], [ -99.026093867529596, 16.635806894823073 ], [ -99.026043991486304, 16.635868372187886 ], [ -99.025949487763768, 16.635972523299685 ], [ -99.025883859245496, 16.636038341730174 ], [ -99.025781477415165, 16.63613164590501 ], [ -99.025676469507289, 16.636221334406454 ], [ -99.025463827421632, 16.636397095623249 ], [ -99.025352817791557, 16.636484615127006 ], [ -99.025232431173137, 16.63657141252143 ], [ -99.02514279647724, 16.636628555358513 ], [ -99.024994278993276, 16.636713186451093 ], [ -99.024902392328059, 16.636759481614348 ], [ -99.02477524985558, 16.636813736030664 ], [ -99.024655232391339, 16.636857864871665 ], [ -99.024422322392766, 16.636935996855946 ], [ -99.024292177267142, 16.636975787541857 ], [ -99.024134651969803, 16.637017027710023 ], [ -99.024002254944364, 16.637045970635484 ], [ -99.023762589134634, 16.637091559138945 ], [ -99.02360206127706, 16.637118335459409 ], [ -99.023360143531491, 16.637153075913897 ], [ -99.023117475119278, 16.637184200223285 ], [ -99.022631387488616, 16.637242832126102 ], [ -99.022384592453434, 16.637268893703144 ], [ -99.022130295141878, 16.63728844708265 ], [ -99.021953261368367, 16.637294974585377 ], [ -99.021676457393653, 16.637295003675657 ], [ -99.021515175218866, 16.637288511751027 ], [ -99.021308132697314, 16.637269006995211 ], [ -99.02112434403378, 16.637242990963461 ], [ -99.020780020675886, 16.637184447380612 ], [ -99.020593980568378, 16.637147583263864 ], [ -99.020380183541633, 16.637095534730545 ], [ -99.020209895284836, 16.637045651313297 ], [ -99.019912827664527, 16.636948049457683 ], [ -99.019720033320326, 16.636878641682024 ], [ -99.019438717922725, 16.636768020239742 ], [ -99.019162653423038, 16.636653058793669 ], [ -99.018615775991236, 16.636418795187961 ], [ -99.018338211508379, 16.636296600880897 ], [ -99.018052394868207, 16.636164282266598 ], [ -99.01785359816509, 16.636065945694948 ], [ -99.017543024783734, 16.635903254546243 ], [ -99.017362231785583, 16.635802746410484 ], [ -99.017130426045796, 16.635663913289719 ], [ -99.016924876216706, 16.635533032853395 ], [ -99.016540032921654, 16.63527922435884 ], [ -99.016332232570477, 16.635137495666754 ], [ -99.016093674419693, 16.634966118380525 ], [ -99.015903877835186, 16.634822218289802 ], [ -99.015573046545001, 16.634561895132403 ], [ -99.015358493869826, 16.634387622430442 ], [ -99.01504566710679, 16.634125127519141 ], [ -99.014738842203172, 16.633861908513602 ], [ -99.014131195901186, 16.633334745522216 ], [ -99.013827749241386, 16.633073694487472 ], [ -99.013525053886156, 16.632817705280978 ], [ -99.013324007906519, 16.632652107840709 ], [ -99.013023565287298, 16.632411304731285 ], [ -99.012857403509088, 16.63228258731715 ], [ -99.012659360492677, 16.63213723835068 ], [ -99.012495450553828, 16.632023707490504 ], [ -99.012201763950941, 16.631828463724251 ], [ -99.012050232683322, 16.631732288335478 ], [ -99.011889325190992, 16.631639006131323 ], [ -99.011772677241254, 16.631579711216361 ], [ -99.011583640891132, 16.631495108644121 ], [ -99.011469244395315, 16.631451000417655 ], [ -99.011315091198341, 16.6314032783493 ], [ -99.011172565699212, 16.631367849767372 ], [ -99.010899142458484, 16.631309285926111 ], [ -99.010764116317318, 16.631237697179635 ], [ -99.010714819408193, 16.631179208916091 ], [ -99.010057730326409, 16.631224729379081 ] ] ] ] } },
{ "type": "Feature", "properties": { "fid": 21.0, "cat": 23, "VULNERABIL": 5.0, "NOM_ACUIF": "NEXPA", "CLAVE_ACUI": "1232" }, "geometry": { "type": "MultiPolygon", "coordinates": [ [ [ [ -99.062612042729725, 16.594911456056376 ], [ -99.061507202768993, 16.595504542333373 ], [ -99.059623313029135, 16.596861149985472 ], [ -99.058976572347433, 16.597241030898896 ], [ -99.058348499572233, 16.597358733148614 ], [ -99.056801747205569, 16.597639413492189 ], [ -99.054654787062447, 16.597151807437729 ], [ -99.053614190249476, 16.597152078258532 ], [ -99.052160985125582, 16.596709468408957 ], [ -99.051101638811687, 16.596700690959736 ], [ -99.051176813602623, 16.597369661691143 ], [ -99.052002108185846, 16.598544708201604 ], [ -99.052002285625036, 16.599204656850507 ], [ -99.05040804346784, 16.597216162709017 ], [ -99.049564380847684, 16.597469496503386 ], [ -99.049461343997933, 16.597804015624735 ], [ -99.049761492734845, 16.598409650431471 ], [ -99.049377418734423, 16.59955787191118 ], [ -99.04971494664089, 16.598548804655454 ], [ -99.049695697443852, 16.598535853636076 ], [ -99.049617685476875, 16.598487418405316 ], [ -99.049502919528408, 16.598422358482349 ], [ -99.0494406619855, 16.598391276039326 ], [ -99.049368655267756, 16.598363088659131 ], [ -99.049310901606034, 16.598347192137311 ], [ -99.049209647338174, 16.598327689935839 ], [ -99.049158646409325, 16.598322639652128 ], [ -99.04910689787549, 16.598326991026781 ], [ -99.049071651242272, 16.598339293606823 ], [ -99.049017659865882, 16.598371849971485 ], [ -99.048986917035222, 16.598399338505068 ], [ -99.048948679918595, 16.59844924774573 ], [ -99.048915694213363, 16.598504941279202 ], [ -99.048854974178525, 16.598622112631212 ], [ -99.048822738595604, 16.598678529164822 ], [ -99.048786751917717, 16.598730607421928 ], [ -99.048759009712199, 16.598760987984672 ], [ -99.048711769773732, 16.598800051412894 ], [ -99.0486817742797, 16.598817415039672 ], [ -99.048639027744912, 16.598830442493131 ], [ -99.048597779017129, 16.598834791285729 ], [ -99.048516779372349, 16.59883481019488 ], [ -99.048471028485423, 16.59883048171028 ], [ -99.048414775474527, 16.59881747735821 ], [ -99.048366771348526, 16.598800131921834 ], [ -99.048279012, 16.598761099950103 ], [ -99.048219754709066, 16.598730739637897 ], [ -99.048129742193538, 16.59867869067163 ], [ -99.048038978652684, 16.598622302688302 ], [ -99.047856700660375, 16.598505187623054 ], [ -99.047761436951831, 16.598447354168854 ], [ -99.047657923711654, 16.598390968944628 ], [ -99.047580665330784, 16.598354827037266 ], [ -99.047452403434079, 16.598302786521046 ], [ -99.047372897268758, 16.598275323351547 ], [ -99.047262640646665, 16.598244974373209 ], [ -99.047158385776939, 16.598221855894668 ], [ -99.046955877821034, 16.598182849344795 ], [ -99.046842624142656, 16.598164071890334 ], [ -99.046705371025553, 16.598146746148061 ], [ -99.046589869500806, 16.598136647363457 ], [ -99.046380618045788, 16.598123676671975 ], [ -99.046240367788727, 16.598117922361556 ], [ -99.04602886846007, 16.598113630118803 ], [ -99.045816619831555, 16.598112230593699 ], [ -99.045391373266995, 16.598112323824949 ], [ -99.045173500786191, 16.598115625618266 ], [ -99.044945129894245, 16.598125438179427 ], [ -99.044782384210393, 16.598138490735408 ], [ -99.044522518013565, 16.598167835792964 ], [ -99.044367649443643, 16.598190649429387 ], [ -99.044162909928289, 16.598229745363106 ], [ -99.043976545936488, 16.598272091574891 ], [ -99.043622193316125, 16.598360034008408 ], [ -99.043427956323043, 16.598412144470533 ], [ -99.043199598071908, 16.598480533658638 ], [ -99.04301323796814, 16.598542405188152 ], [ -99.04268251574797, 16.598659630404967 ], [ -99.042464659746457, 16.598741034084693 ], [ -99.04214181394677, 16.598868019923426 ], [ -99.041821593416742, 16.598998259096067 ], [ -99.041183776747388, 16.59926198980401 ], [ -99.040865058276751, 16.599408137425492 ], [ -99.040546720312562, 16.599582850561838 ], [ -99.040334875641207, 16.599727891718747 ], [ -99.040017679405608, 16.599988302053461 ], [ -99.039841839791734, 16.600161540254756 ], [ -99.03963151737959, 16.600420844704249 ], [ -99.039456819518009, 16.600679780584382 ], [ -99.039143047603062, 16.601197283590249 ], [ -99.038980731156371, 16.601494184289432 ], [ -99.038807554404656, 16.601867383607384 ], [ -99.038681242991089, 16.602192481809929 ], [ -99.038475485095077, 16.602794577046613 ], [ -99.038350314539031, 16.603205373018181 ], [ -99.038180560883688, 16.603835665737048 ], [ -99.038022808273354, 16.604475357577176 ], [ -99.037719302147067, 16.605764140098863 ], [ -99.037567924694457, 16.60641937893983 ], [ -99.037417300448766, 16.60709631323655 ], [ -99.037317637920907, 16.607569298288301 ], [ -99.037169274527656, 16.608311319143212 ], [ -99.037087604128999, 16.608745248486812 ], [ -99.036990956710781, 16.609305015717737 ], [ -99.036911548044955, 16.609804031755814 ], [ -99.036769968927544, 16.610741312569687 ], [ -99.036697311161333, 16.611249005557816 ], [ -99.036620917583065, 16.611834803786952 ], [ -99.036566252811781, 16.612303441192292 ], [ -99.036478651891656, 16.613123555152526 ], [ -99.036426248850191, 16.613657279249555 ], [ -99.036356640766044, 16.614438337593235 ], [ -99.03629303016362, 16.615206377374214 ], [ -99.036171805553863, 16.616729438234131 ], [ -99.036100692924023, 16.617498202286235 ], [ -99.036008580408136, 16.618281433710365 ], [ -99.035926172262037, 16.618818055381578 ], [ -99.035771059952864, 16.619644688917397 ], [ -99.035663886325409, 16.62011839710841 ], [ -99.035497477952021, 16.620712888154738 ], [ -99.035327303982228, 16.621229998304244 ], [ -99.034983188859357, 16.622186837382348 ], [ -99.0347837575586, 16.62269744323029 ], [ -99.034529580039688, 16.623272421903724 ], [ -99.034305382153676, 16.623720113809043 ], [ -99.033886964805546, 16.624488210482628 ], [ -99.033599763327558, 16.624979303256683 ], [ -99.033156576301977, 16.625684484842498 ], [ -99.032705131347214, 16.626368694229196 ], [ -99.031793977192336, 16.627716138695678 ], [ -99.031340269688513, 16.628384073570466 ], [ -99.030890307766427, 16.629040435820858 ], [ -99.030594080198071, 16.629466438502831 ], [ -99.030155359570969, 16.630088084332932 ], [ -99.029915373473258, 16.63042187113626 ], [ -99.029634136952694, 16.63080158609376 ], [ -99.029405395612912, 16.631100657574763 ], [ -99.02900040740424, 16.631618156780814 ], [ -99.028794161563269, 16.63187491782779 ], [ -99.028580413323084, 16.632127702153973 ], [ -99.028430412331332, 16.632292248397103 ], [ -99.028194157576337, 16.632533102768225 ], [ -99.028055402819177, 16.632662934104786 ], [ -99.027875393510911, 16.632811573820536 ], [ -99.027714132745956, 16.63292947531777 ], [ -99.027410359513595, 16.633134539900553 ], [ -99.027255846049442, 16.633228936485896 ], [ -99.027096079233615, 16.633307061875282 ], [ -99.026984314759176, 16.633342874316547 ], [ -99.026808788202317, 16.633372186234279 ], [ -99.026706020256057, 16.633372199478735 ], [ -99.026573243036665, 16.633342927336628 ], [ -99.02645471566521, 16.633294127174938 ], [ -99.026231910923599, 16.633176998728196 ], [ -99.026111129533732, 16.633099994258988 ], [ -99.025971590035354, 16.632986109395159 ], [ -99.02585980562209, 16.632873305765475 ], [ -99.02566399207474, 16.632648779677012 ], [ -99.025536448894513, 16.63248716251411 ], [ -99.025349632933484, 16.632226837123753 ], [ -99.025165816422899, 16.631954578564546 ], [ -99.024983499907776, 16.631676353339135 ], [ -99.024801183918683, 16.631398127945477 ], [ -99.024621868183445, 16.63111393571236 ], [ -99.024448552434123, 16.630817809978158 ], [ -99.024339008354715, 16.630608459401738 ], [ -99.024183691867492, 16.630276533424247 ], [ -99.024103404617208, 16.63008019671971 ], [ -99.024017859149225, 16.629823112640644 ], [ -99.02395557060882, 16.629590975888782 ], [ -99.02385425061172, 16.629151649694471 ], [ -99.023807713937074, 16.628911917578638 ], [ -99.023769423676228, 16.628632047461359 ], [ -99.023752143189455, 16.628405329389466 ], [ -99.023738591953787, 16.628005045289981 ], [ -99.023739309780638, 16.627742527240109 ], [ -99.023755014417361, 16.627355257190526 ], [ -99.02378047090626, 16.626972325149389 ], [ -99.023841135461183, 16.626210799037338 ], [ -99.023867341688472, 16.62582750526267 ], [ -99.023885296084259, 16.625439150088638 ], [ -99.023889013924659, 16.625175185248356 ], [ -99.023882213117147, 16.624771645901582 ], [ -99.023870183213816, 16.624542395985564 ], [ -99.023840894349433, 16.6242581855869 ], [ -99.023804109530488, 16.624013751499874 ], [ -99.023723044132524, 16.623564659611109 ], [ -99.023672758738897, 16.623326735738328 ], [ -99.023602967831508, 16.623062056022821 ], [ -99.023536935058104, 16.622858847030514 ], [ -99.023408627823528, 16.622513899728553 ], [ -99.023317840703911, 16.622295506445283 ], [ -99.023173786582475, 16.621985273885134 ], [ -99.023024483705044, 16.621686612843913 ], [ -99.022720630115231, 16.621100862033799 ], [ -99.022568327618956, 16.620796415441895 ], [ -99.02241527283644, 16.620468826713633 ], [ -99.022312483849944, 16.620227292143248 ], [ -99.022157171752724, 16.619830277154822 ], [ -99.022070134808629, 16.619586571196823 ], [ -99.021964335891667, 16.619252468355931 ], [ -99.021875041363643, 16.61893933624118 ], [ -99.021712957130802, 16.618334042672636 ], [ -99.021628161192751, 16.617997044660388 ], [ -99.021535857191893, 16.617591344262596 ], [ -99.02146681308578, 16.617252174954452 ], [ -99.021351984995647, 16.61664036739915 ], [ -99.02128068371232, 16.616231771911497 ], [ -99.021181607887485, 16.615617793014561 ], [ -99.021087783033494, 16.615003090309852 ], [ -99.020905385429671, 16.613772960943361 ], [ -99.020813062696135, 16.613160427425807 ], [ -99.020718490942642, 16.612552956392285 ], [ -99.020653193833894, 16.612153038220541 ], [ -99.020551874278709, 16.611560754735724 ], [ -99.020493336307993, 16.611236770879014 ], [ -99.020419041730761, 16.610857102822411 ], [ -99.020353755415911, 16.610548306582288 ], [ -99.020232191313113, 16.610001585878635 ], [ -99.020166908756863, 16.609723163586885 ], [ -99.020092624879425, 16.60943461745914 ], [ -99.020034100920739, 16.609232129544068 ], [ -99.019932812997126, 16.608913211910124 ], [ -99.019867540608217, 16.6087259116028 ], [ -99.019773011300572, 16.608482928321795 ], [ -99.019680734908491, 16.608265256476745 ], [ -99.019498435397438, 16.607855224137303 ], [ -99.019402035641718, 16.607649485199886 ], [ -99.01929513552237, 16.607442300805424 ], [ -99.019213368342662, 16.607302732430597 ], [ -99.019074966972084, 16.607091211675616 ], [ -99.018987576911456, 16.606972254679579 ], [ -99.018863808022274, 16.60682690446032 ], [ -99.018744916636166, 16.606703611065818 ], [ -99.018512011603661, 16.606479080974641 ], [ -99.0183807457407, 16.606361212405091 ], [ -99.018219852966894, 16.606232136880944 ], [ -99.01808296418892, 16.606134879571478 ], [ -99.017833190765799, 16.605972183049424 ], [ -99.017664800951138, 16.605870589012014 ], [ -99.017409404900249, 16.605728503413147 ], [ -99.017152134776339, 16.605593287972809 ], [ -99.016635721143416, 16.605329726600964 ], [ -99.016372827357287, 16.605199572981334 ], [ -99.01610055893174, 16.605072674115746 ], [ -99.015909671854061, 16.604991329752711 ], [ -99.015609279050864, 16.604874195477716 ], [ -99.015433019325556, 16.604812375750623 ], [ -99.015204632817813, 16.60474405096712 ], [ -99.015000248361432, 16.604691996013941 ], [ -99.014615481625199, 16.604604155630199 ], [ -99.014406598087604, 16.604561863496006 ], [ -99.014164714043275, 16.604522827764786 ], [ -99.013970457470535, 16.604500060369748 ], [ -99.013629571800152, 16.604470793730925 ], [ -99.013407190316869, 16.604457790738444 ], [ -99.013080931490563, 16.604448048431173 ], [ -99.012759548247857, 16.604444814037794 ], [ -99.012121657323249, 16.604444852201627 ], [ -99.011807021376342, 16.604394246888646 ], [ -99.009945144215791, 16.604473641453623 ], [ -99.00988849328904, 16.591010044085365 ], [ -99.009808103798406, 16.571901298425782 ], [ -99.026020836284417, 16.577398408450097 ], [ -99.030563717696722, 16.578779135013274 ], [ -99.030402682981858, 16.580319161106129 ], [ -99.030008105997084, 16.580285520325845 ], [ -99.029601648807301, 16.580299680779071 ], [ -99.029296822493649, 16.580420135573295 ], [ -99.029195235719598, 16.5806067337031 ], [ -99.029195301965629, 16.581046073583956 ], [ -99.029198709850775, 16.581266285439078 ], [ -99.02920886727459, 16.581487581132439 ], [ -99.029222388439322, 16.581636195434264 ], [ -99.029252794541321, 16.581860742643613 ], [ -99.029276436399115, 16.581986574929878 ], [ -99.029316955866051, 16.582139524578771 ], [ -99.029360846475356, 16.582268608368629 ], [ -99.029451998940885, 16.582502910065788 ], [ -99.029506012841111, 16.582625483649895 ], [ -99.029576901994105, 16.582758902718084 ], [ -99.029641036680331, 16.582858694243424 ], [ -99.029762551659772, 16.583024649719299 ], [ -99.029846935303269, 16.58312769265126 ], [ -99.029978571245238, 16.583270865963513 ], [ -99.030113580917728, 16.583406445175235 ], [ -99.030192949089596, 16.583482959937204 ], [ -99.030386974359686, 16.583670009310534 ], [ -99.03053698296975, 16.583803054876057 ], [ -99.030713615026556, 16.583938627580594 ], [ -99.030857993123718, 16.584031536529785 ], [ -99.031114495446104, 16.584174690561731 ], [ -99.031283620191729, 16.584256747617864 ], [ -99.03153449203127, 16.584359764764226 ], [ -99.031783487087736, 16.584449402823463 ], [ -99.032279600805524, 16.584615299266346 ], [ -99.032563468659021, 16.584703846189157 ], [ -99.032918958179721, 16.584803590899931 ], [ -99.033227572851004, 16.584881285105542 ], [ -99.03379792762253, 16.585014622373457 ], [ -99.034186413313009, 16.585099895696302 ], [ -99.034781515590993, 16.585222378304728 ], [ -99.035199956259447, 16.585304813566125 ], [ -99.035384867347787, 16.585341241842396 ], [ -99.036599821790077, 16.585575346248078 ], [ -99.037217800740692, 16.585699625838568 ], [ -99.037856781808671, 16.585838363629289 ], [ -99.038303771066452, 16.58594531439066 ], [ -99.03900575804127, 16.586127428611952 ], [ -99.03941675286147, 16.586243062033521 ], [ -99.039947750070823, 16.586407848753151 ], [ -99.040421750829353, 16.586566859648542 ], [ -99.041312757206001, 16.586879103967895 ], [ -99.041795763394319, 16.587055466559914 ], [ -99.042353774502885, 16.587272311567748 ], [ -99.042800786808797, 16.587457357450564 ], [ -99.043583813607412, 16.587795649117904 ], [ -99.044093834372262, 16.588024070562753 ], [ -99.044840869829429, 16.588371043405946 ], [ -99.04557590932076, 16.588720908947838 ], [ -99.047033997600153, 16.589423527670309 ], [ -99.047768294898091, 16.589772662390335 ], [ -99.04851309323341, 16.590117452898859 ], [ -99.049020125322244, 16.590342970119316 ], [ -99.049796423257973, 16.590674731119119 ], [ -99.050238199430453, 16.590854699838005 ], [ -99.050787229027065, 16.591062845966743 ], [ -99.051260502177755, 16.591229787351928 ], [ -99.052131292997984, 16.59152246390963 ], [ -99.052593313582477, 16.591669878876825 ], [ -99.053108583294701, 16.591819448806991 ], [ -99.053505345335424, 16.591921317273687 ], [ -99.05418036193818, 16.592077352133696 ], [ -99.054608620167016, 16.592166192827079 ], [ -99.055218377989917, 16.592276680317365 ], [ -99.055806382945974, 16.592371984816385 ], [ -99.05696064091245, 16.592547407741616 ], [ -99.057534021562702, 16.592637649008878 ], [ -99.058099904533663, 16.592732953132725 ], [ -99.058469661952671, 16.592801552811196 ], [ -99.059013051281099, 16.592912047802344 ], [ -99.059307436320822, 16.592978497776407 ], [ -99.059647201907765, 16.593067353284589 ], [ -99.05991909286827, 16.593148995872873 ], [ -99.060395000465633, 16.593305067771695 ], [ -99.060634269501165, 16.593391058040979 ], [ -99.060876168670163, 16.593492957490241 ], [ -99.061040064860165, 16.593576799753446 ], [ -99.061289854348999, 16.593726427080298 ], [ -99.061431256425749, 16.593825462690788 ], [ -99.0616056730872, 16.593972942298137 ], [ -99.061754965511767, 16.594119706023299 ], [ -99.062028426498841, 16.594412517443939 ], [ -99.062170594076605, 16.594557113410737 ], [ -99.062323635419347, 16.594698090060653 ], [ -99.062368866205304, 16.594734292395913 ], [ -99.062436536660471, 16.594788455207016 ], [ -99.062525892430571, 16.594851078923597 ], [ -99.062595450930559, 16.594899827950886 ], [ -99.062612042729725, 16.594911456056376 ] ] ] ] } },
{ "type": "Feature", "properties": { "fid": 25.0, "cat": 25, "VULNERABIL": 4.0, "NOM_ACUIF": "NEXPA", "CLAVE_ACUI": "1232" }, "geometry": { "type": "MultiPolygon", "coordinates": [ [ [ [ -99.115737642353665, 16.602023551486788 ], [ -99.115724816580013, 16.602108045240822 ], [ -99.115673358555171, 16.602150385710019 ], [ -99.114900221982907, 16.60278653082575 ], [ -99.113494103935153, 16.603013312475163 ], [ -99.111619038065299, 16.602905842897261 ], [ -99.107868276832306, 16.601551765445084 ], [ -99.10552484589347, 16.602113471395491 ], [ -99.103771909913789, 16.602457888005908 ], [ -99.102366077458115, 16.60324509791695 ], [ -99.100369195875132, 16.603246071377662 ], [ -99.099713015178921, 16.603204204623868 ], [ -99.096853445756608, 16.603021729129896 ], [ -99.094865887945772, 16.602914160800843 ], [ -99.093571781265396, 16.602182476156333 ], [ -99.08953085841901, 16.601524307150243 ], [ -99.087552453163113, 16.600883282141396 ], [ -99.08422407288063, 16.600233748921998 ], [ -99.082283163005357, 16.599511294896942 ], [ -99.081833043737575, 16.599213139687382 ], [ -99.080154677486192, 16.598562885299078 ], [ -99.077416882046052, 16.597687004546472 ], [ -99.075748084870668, 16.597461609207411 ], [ -99.072072664584908, 16.596079735235133 ], [ -99.069991355599967, 16.595727870611857 ], [ -99.068603634494053, 16.594968939817871 ], [ -99.067731688729666, 16.594670892523105 ], [ -99.066325445601066, 16.594526699299777 ], [ -99.065031660347572, 16.59426493629941 ], [ -99.063006887099192, 16.594699498363592 ], [ -99.062612042729725, 16.594911456056376 ], [ -99.062525892430571, 16.594851078923597 ], [ -99.062436536660471, 16.594788455207016 ], [ -99.062368866205304, 16.594734292395913 ], [ -99.062323635419347, 16.594698090060653 ], [ -99.062170594076605, 16.594557113410737 ], [ -99.062028426498841, 16.594412517443939 ], [ -99.061754965511767, 16.594119706023299 ], [ -99.0616056730872, 16.593972942298137 ], [ -99.061431256425749, 16.593825462690788 ], [ -99.061289854348999, 16.593726427080298 ], [ -99.061040064860165, 16.593576799753446 ], [ -99.060876168670163, 16.593492957490241 ], [ -99.060634269501165, 16.593391058040979 ], [ -99.060395000465633, 16.593305067771695 ], [ -99.05991909286827, 16.593148995872873 ], [ -99.059647201907765, 16.593067353284589 ], [ -99.059307436320822, 16.592978497776407 ], [ -99.059013051281099, 16.592912047802344 ], [ -99.058469661952671, 16.592801552811196 ], [ -99.058099904533663, 16.592732953132725 ], [ -99.057534021562702, 16.592637649008878 ], [ -99.05696064091245, 16.592547407741616 ], [ -99.055806382945974, 16.592371984816385 ], [ -99.055218377989917, 16.592276680317365 ], [ -99.054608620167016, 16.592166192827079 ], [ -99.05418036193818, 16.592077352133696 ], [ -99.053505345335424, 16.591921317273687 ], [ -99.053108583294701, 16.591819448806991 ], [ -99.052593313582477, 16.591669878876825 ], [ -99.052131292997984, 16.59152246390963 ], [ -99.051260502177755, 16.591229787351928 ], [ -99.050787229027065, 16.591062845966743 ], [ -99.050238199430453, 16.590854699838005 ], [ -99.049796423257973, 16.590674731119119 ], [ -99.049020125322244, 16.590342970119316 ], [ -99.04851309323341, 16.590117452898859 ], [ -99.047768294898091, 16.589772662390335 ], [ -99.047033997600153, 16.589423527670309 ], [ -99.04557590932076, 16.588720908947838 ], [ -99.044840869829429, 16.588371043405946 ], [ -99.044093834372262, 16.588024070562753 ], [ -99.043583813607412, 16.587795649117904 ], [ -99.042800786808797, 16.587457357450564 ], [ -99.042353774502885, 16.587272311567748 ], [ -99.041795763394319, 16.587055466559914 ], [ -99.041312757206001, 16.586879103967895 ], [ -99.040421750829353, 16.586566859648542 ], [ -99.039947750070823, 16.586407848753151 ], [ -99.03941675286147, 16.586243062033521 ], [ -99.03900575804127, 16.586127428611952 ], [ -99.038303771066452, 16.58594531439066 ], [ -99.037856781808671, 16.585838363629289 ], [ -99.037217800740692, 16.585699625838568 ], [ -99.036599821790077, 16.585575346248078 ], [ -99.035384867347787, 16.585341241842396 ], [ -99.035199956259447, 16.585304813566125 ], [ -99.034781515590993, 16.585222378304728 ], [ -99.034186413313009, 16.585099895696302 ], [ -99.03379792762253, 16.585014622373457 ], [ -99.033227572851004, 16.584881285105542 ], [ -99.032918958179721, 16.584803590899931 ], [ -99.032563468659021, 16.584703846189157 ], [ -99.032279600805524, 16.584615299266346 ], [ -99.031783487087736, 16.584449402823463 ], [ -99.03153449203127, 16.584359764764226 ], [ -99.031283620191729, 16.584256747617864 ], [ -99.031114495446104, 16.584174690561731 ], [ -99.030857993123718, 16.584031536529785 ], [ -99.030713615026556, 16.583938627580594 ], [ -99.03053698296975, 16.583803054876057 ], [ -99.030386974359686, 16.583670009310534 ], [ -99.030192949089596, 16.583482959937204 ], [ -99.030113580917728, 16.583406445175235 ], [ -99.029978571245238, 16.583270865963513 ], [ -99.029846935303269, 16.58312769265126 ], [ -99.029762551659772, 16.583024649719299 ], [ -99.029641036680331, 16.582858694243424 ], [ -99.029576901994105, 16.582758902718084 ], [ -99.029506012841111, 16.582625483649895 ], [ -99.029451998940885, 16.582502910065788 ], [ -99.029360846475356, 16.582268608368629 ], [ -99.029316955866051, 16.582139524578771 ], [ -99.029276436399115, 16.581986574929878 ], [ -99.029252794541321, 16.581860742643613 ], [ -99.029222388439322, 16.581636195434264 ], [ -99.02920886727459, 16.581487581132439 ], [ -99.029198709850775, 16.581266285439078 ], [ -99.029195301965629, 16.581046073583956 ], [ -99.029195235719598, 16.5806067337031 ], [ -99.029296822493649, 16.580420135573295 ], [ -99.029601648807301, 16.580299680779071 ], [ -99.030008105997084, 16.580285520325845 ], [ -99.030402682981858, 16.580319161106129 ], [ -99.030563717696722, 16.578779135013274 ], [ -99.04316798650656, 16.582609350955291 ], [ -99.063086093504253, 16.588660244844874 ], [ -99.080465347806978, 16.593937993155407 ], [ -99.082510068959124, 16.594559752552453 ], [ -99.089704133791969, 16.596388035055305 ], [ -99.095404016971656, 16.59783638813315 ], [ -99.106764423731079, 16.599972490656935 ], [ -99.113920945659203, 16.601099663944368 ], [ -99.115737642353665, 16.602023551486788 ] ] ] ] } },
{ "type": "Feature", "properties": { "fid": 21.0, "cat": 22, "VULNERABIL": 4.0, "NOM_ACUIF": "NEXPA", "CLAVE_ACUI": "1232" }, "geometry": { "type": "MultiPolygon", "coordinates": [ [ [ [ -99.198197019253996, 16.625668722766815 ], [ -99.197723769953498, 16.628071741493319 ], [ -99.197773204936794, 16.628367477657207 ], [ -99.197713016248116, 16.628924026877684 ], [ -99.197680671264209, 16.629202122817365 ], [ -99.197643825152639, 16.629479861436383 ], [ -99.197614759978592, 16.629664663198831 ], [ -99.197564410542384, 16.629941329863712 ], [ -99.197531937519727, 16.630094676247182 ], [ -99.19748486792291, 16.630278048736116 ], [ -99.197438891600669, 16.630430323163655 ], [ -99.197348032120203, 16.630703773936506 ], [ -99.197296418626877, 16.630845205892395 ], [ -99.19723243773042, 16.630996051002779 ], [ -99.197177416406277, 16.631106027563291 ], [ -99.197076333272065, 16.631285112114806 ], [ -99.197007808529904, 16.631394016665674 ], [ -99.196903317455622, 16.631541645764973 ], [ -99.196797690349158, 16.631678789688127 ], [ -99.196585299824164, 16.631942592248443 ], [ -99.196475165285847, 16.632073593191656 ], [ -99.196357152476693, 16.632202793561465 ], [ -99.196270599058565, 16.63228712658595 ], [ -99.196128951597274, 16.632410925270161 ], [ -99.196042380354484, 16.632477901748654 ], [ -99.195924314145486, 16.63255503251958 ], [ -99.195814108364857, 16.632616607308176 ], [ -99.195601557135973, 16.632724200803381 ], [ -99.19548346715618, 16.632778189390194 ], [ -99.195341748551073, 16.632832561735448 ], [ -99.195223640872598, 16.63286919372397 ], [ -99.195011036413035, 16.632924717263933 ], [ -99.194869294195215, 16.632955947352958 ], [ -99.194656672026781, 16.632994114079885 ], [ -99.194444043942369, 16.63302649510582 ], [ -99.194018781735494, 16.63308547102227 ], [ -99.193801272897815, 16.633113155242278 ], [ -99.193574008731716, 16.633137232399452 ], [ -99.19341274399342, 16.633149676856529 ], [ -99.193156213958432, 16.633162933024987 ], [ -99.193003942000928, 16.633166690563801 ], [ -99.192803656190591, 16.633164707094018 ], [ -99.192622118479164, 16.633157643734425 ], [ -99.192277791195337, 16.633138436873075 ], [ -99.192089495910821, 16.633124870629064 ], [ -99.191868937330682, 16.633103378983041 ], [ -99.191689634993708, 16.633081125829591 ], [ -99.191372286627598, 16.633035857847307 ], [ -99.191163718766219, 16.633002783416803 ], [ -99.190855363564111, 16.632948828125439 ], [ -99.190550006173368, 16.632891976877616 ], [ -99.189942289568478, 16.632775377540387 ], [ -99.189609917569953, 16.632707701820266 ], [ -99.189220517929783, 16.632621274699179 ], [ -99.188903890542505, 16.632544905256609 ], [ -99.188343408335584, 16.632402223524121 ], [ -99.187975002025283, 16.63230420402575 ], [ -99.187430265319293, 16.632152827318706 ], [ -99.186890777504345, 16.631998551701813 ], [ -99.185817052479067, 16.631687098786909 ], [ -99.185203280352027, 16.631506850500735 ], [ -99.184435687919859, 16.63127756038099 ], [ -99.18377013952113, 16.631075658209834 ], [ -99.182541088708959, 16.630699238832605 ], [ -99.181704464651048, 16.630441071741163 ], [ -99.180423643612187, 16.630042989422968 ], [ -99.17912556847395, 16.629637682156602 ], [ -99.177234366160576, 16.629045838117676 ], [ -99.17651217518538, 16.628819825874828 ], [ -99.175202106649991, 16.628405825838367 ], [ -99.173885283578301, 16.627981698506538 ], [ -99.173000644679547, 16.627688823282636 ], [ -99.171663551394289, 16.627234324765599 ], [ -99.170913964589573, 16.626971702775286 ], [ -99.170002295390105, 16.626638338418246 ], [ -99.169232433766481, 16.626345353024782 ], [ -99.167834521234383, 16.625799757555949 ], [ -99.167102921140341, 16.625506733269706 ], [ -99.166306029993606, 16.625173260157354 ], [ -99.165709477704951, 16.62491049661956 ], [ -99.164716713261058, 16.624455677975917 ], [ -99.164099887011233, 16.624162551949322 ], [ -99.163242172109122, 16.62373799332255 ], [ -99.16242947480815, 16.623323520541557 ], [ -99.160849104191158, 16.622504655083187 ], [ -99.160050675948099, 16.622098840072244 ], [ -99.159235755181982, 16.621700266473404 ], [ -99.15867598067021, 16.621441793421734 ], [ -99.157811577904596, 16.621064947600082 ], [ -99.157314859731841, 16.620862831611628 ], [ -99.156689106729445, 16.620633330625679 ], [ -99.156142903213947, 16.620452944772971 ], [ -99.155130046840526, 16.620141286152563 ], [ -99.154588367435352, 16.619986927586137 ], [ -99.15397618407053, 16.619835512614337 ], [ -99.153497557565345, 16.619737513145818 ], [ -99.152673861576687, 16.619594928736326 ], [ -99.152145748475746, 16.619518658153911 ], [ -99.151385104806138, 16.619432431140538 ], [ -99.150645478528162, 16.619364989001003 ], [ -99.149187244036426, 16.619248884623037 ], [ -99.148458125191269, 16.619187935837473 ], [ -99.147729002359185, 16.619121198983326 ], [ -99.147242916328423, 16.61907092081724 ], [ -99.146513781155775, 16.6189868231722 ], [ -99.146108701948421, 16.618934315643774 ], [ -99.145622599330224, 16.618860891652698 ], [ -99.14521750756559, 16.618791025862002 ], [ -99.144488335321284, 16.61865485152893 ], [ -99.144110242089525, 16.61857845609704 ], [ -99.143705134222884, 16.618485445317845 ], [ -99.143408047632917, 16.618406822995318 ], [ -99.14292189594741, 16.618263966572737 ], [ -99.142624797192639, 16.618167986600341 ], [ -99.142219652542153, 16.618022903337916 ], [ -99.141841510432002, 16.617877077659617 ], [ -99.141112229810275, 16.617584682695121 ], [ -99.140746090450463, 16.617438846853979 ], [ -99.140376951899256, 16.617293735576887 ], [ -99.14012786009809, 16.617197719569557 ], [ -99.13974972324894, 16.617054782803127 ], [ -99.139536647723219, 16.616976098391763 ], [ -99.139275557791564, 16.616882982166441 ], [ -99.139053483432932, 16.616806472853884 ], [ -99.138648350500105, 16.616670060831414 ], [ -99.13843528205841, 16.616600053545696 ], [ -99.138201209406105, 16.616526444064636 ], [ -99.138024156714707, 16.61647376893654 ], [ -99.137727071346163, 16.616389352925403 ], [ -99.137541019698773, 16.616338852914499 ], [ -99.137279950073335, 16.616271768957986 ], [ -99.13703088572619, 16.616210462268686 ], [ -99.136544762577273, 16.61609362561526 ], [ -99.136299827086617, 16.616036654467482 ], [ -99.136051143468563, 16.615982578240242 ], [ -99.135881606194317, 16.615949422463579 ], [ -99.135621677978136, 16.615904031342662 ], [ -99.135473525188772, 16.615881709112561 ], [ -99.135288994983796, 16.615860133651196 ], [ -99.135129597421994, 16.615846496765801 ], [ -99.134835934951994, 16.615827161403494 ], [ -99.134679917257643, 16.615820030682556 ], [ -99.134505526609303, 16.615817974061454 ], [ -99.134370893209933, 16.615821677104563 ], [ -99.13414138363629, 16.615834842783752 ], [ -99.133995505322105, 16.615847231112593 ], [ -99.133787379939832, 16.615871230450029 ], [ -99.133586382585364, 16.615898840943476 ], [ -99.133191515775579, 16.615957672725894 ], [ -99.132994643081986, 16.61598455681505 ], [ -99.132798891944688, 16.61600637767663 ], [ -99.132669512777085, 16.61601586177467 ], [ -99.132477126432292, 16.6160224932113 ], [ -99.132371366747137, 16.616021114226672 ], [ -99.132246474055094, 16.616010345904733 ], [ -99.132144079266382, 16.615993777688715 ], [ -99.131961787631582, 16.615954841305641 ], [ -99.131868387708138, 16.615929588970168 ], [ -99.131770479549076, 16.615892768422871 ], [ -99.131700699208892, 16.615856653194282 ], [ -99.13158926637756, 16.615785128046273 ], [ -99.131522851043428, 16.61573382365135 ], [ -99.131435037867419, 16.615651435629616 ], [ -99.131355097937032, 16.615565426646796 ], [ -99.131203091456456, 16.615389787668171 ], [ -99.131119024941356, 16.615301611628244 ], [ -99.131018831753522, 16.615212722531346 ], [ -99.130935909601902, 16.615152750077637 ], [ -99.13078733636651, 16.615061721774584 ], [ -99.130688669008862, 16.615010437401008 ], [ -99.13054124014181, 16.614947612584896 ], [ -99.13039419274385, 16.614894188885696 ], [ -99.130100479549199, 16.614796742395882 ], [ -99.129932057227052, 16.614745501315401 ], [ -99.129720503340764, 16.614689224698179 ], [ -99.129536335845685, 16.614646671395356 ], [ -99.129195387330824, 16.614575287874043 ], [ -99.128962839997826, 16.614530594562449 ], [ -99.128606146499749, 16.614467898113929 ], [ -99.128244204760293, 16.614408097047765 ], [ -99.127738373789128, 16.614327131743533 ], [ -99.127095154946204, 16.614079896179568 ], [ -99.122640621712179, 16.612274499461094 ], [ -99.120764823073642, 16.611145551864031 ], [ -99.120097910756044, 16.609120895495991 ], [ -99.120322400451983, 16.608289051565126 ], [ -99.120819024149384, 16.607863866079239 ], [ -99.121728155682689, 16.607438438272801 ], [ -99.124136857612058, 16.60629792714801 ], [ -99.124577356680049, 16.606089735113972 ], [ -99.12483957514138, 16.605646599600238 ], [ -99.124764282316917, 16.605194626176289 ], [ -99.124464086486398, 16.604896473795563 ], [ -99.122954574047014, 16.604707524093648 ], [ -99.122036145705991, 16.605232406846028 ], [ -99.121783210596206, 16.605077997058746 ], [ -99.120985730509233, 16.60459115418616 ], [ -99.119645170942434, 16.604718495150536 ], [ -99.118969424143401, 16.603516513002369 ], [ -99.118612884300802, 16.603046617137991 ], [ -99.118640453369551, 16.602922718753256 ], [ -99.120482363803063, 16.603247216741636 ], [ -99.123061153973438, 16.603922378800345 ], [ -99.125639944671804, 16.604933217760681 ], [ -99.127299738010962, 16.605491253714263 ], [ -99.140754095021961, 16.610014106983794 ], [ -99.145051819615006, 16.611367001383609 ], [ -99.154708553536878, 16.614406480521478 ], [ -99.157800356524533, 16.615207512340397 ], [ -99.184240940618253, 16.622055645322135 ], [ -99.19769323052104, 16.625538316064741 ], [ -99.19816166014914, 16.625659570038948 ], [ -99.198197019253996, 16.625668722766815 ] ] ] ] } },
{ "type": "Feature", "properties": { "fid": 1727.0, "cat": null, "VULNERABIL": null, "NOM_ACUIF": "NEXPA", "CLAVE_ACUI": "1232" }, "geometry": { "type": "MultiPolygon", "coordinates": [ ] } },
{ "type": "Feature", "properties": { "fid": 1728.0, "cat": null, "VULNERABIL": null, "NOM_ACUIF": "NEXPA", "CLAVE_ACUI": "1232" }, "geometry": { "type": "MultiPolygon", "coordinates": [ ] } },
{ "type": "Feature", "properties": { "fid": 1727.0, "cat": null, "VULNERABIL": null, "NOM_ACUIF": "NEXPA", "CLAVE_ACUI": "1232" }, "geometry": { "type": "MultiPolygon", "coordinates": [ ] } },
{ "type": "Feature", "properties": { "fid": 1728.0, "cat": null, "VULNERABIL": null, "NOM_ACUIF": "NEXPA", "CLAVE_ACUI": "1232" }, "geometry": { "type": "MultiPolygon", "coordinates": [ ] } },
{ "type": "Feature", "properties": { "fid": 1727.0, "cat": null, "VULNERABIL": null, "NOM_ACUIF": "NEXPA", "CLAVE_ACUI": "1232" }, "geometry": { "type": "MultiPolygon", "coordinates": [ ] } },
{ "type": "Feature", "properties": { "fid": 1728.0, "cat": null, "VULNERABIL": null, "NOM_ACUIF": "NEXPA", "CLAVE_ACUI": "1232" }, "geometry": { "type": "MultiPolygon", "coordinates": [ ] } },
{ "type": "Feature", "properties": { "fid": 1727.0, "cat": null, "VULNERABIL": null, "NOM_ACUIF": "NEXPA", "CLAVE_ACUI": "1232" }, "geometry": { "type": "MultiPolygon", "coordinates": [ ] } },
{ "type": "Feature", "properties": { "fid": 1727.0, "cat": null, "VULNERABIL": null, "NOM_ACUIF": "NEXPA", "CLAVE_ACUI": "1232" }, "geometry": { "type": "MultiPolygon", "coordinates": [ ] } },
{ "type": "Feature", "properties": { "fid": 1727.0, "cat": null, "VULNERABIL": null, "NOM_ACUIF": "NEXPA", "CLAVE_ACUI": "1232" }, "geometry": { "type": "MultiPolygon", "coordinates": [ ] } },
{ "type": "Feature", "properties": { "fid": 1727.0, "cat": null, "VULNERABIL": null, "NOM_ACUIF": "NEXPA", "CLAVE_ACUI": "1232" }, "geometry": { "type": "MultiPolygon", "coordinates": [ ] } },
{ "type": "Feature", "properties": { "fid": 1727.0, "cat": null, "VULNERABIL": null, "NOM_ACUIF": "NEXPA", "CLAVE_ACUI": "1232" }, "geometry": { "type": "MultiPolygon", "coordinates": [ ] } },
{ "type": "Feature", "properties": { "fid": 2.0, "cat": 1, "VULNERABIL": 1.0, "NOM_ACUIF": "NEXPA", "CLAVE_ACUI": "1232" }, "geometry": { "type": "MultiPolygon", "coordinates": [ [ [ [ -99.258033204655447, 17.080428891072422 ], [ -99.257784096835607, 17.080533341736654 ], [ -99.257562444594271, 17.080646435058568 ], [ -99.257146595178, 17.080881263999597 ], [ -99.256921594278765, 17.081020394348208 ], [ -99.256662441359111, 17.081202956797259 ], [ -99.256455520702048, 17.081368097227568 ], [ -99.256093911183044, 17.081680955862449 ], [ -99.255858864487067, 17.081898198152793 ], [ -99.255515333896327, 17.082237066430022 ], [ -99.255177829044015, 17.082584604372105 ], [ -99.254508842562785, 17.083288348846601 ], [ -99.254172461809944, 17.083635883714333 ], [ -99.253832308555943, 17.083974744925033 ], [ -99.253601767787671, 17.084191978976676 ], [ -99.25325029877331, 17.084504819895784 ], [ -99.253051266468177, 17.08466994702772 ], [ -99.252805639029702, 17.084852487710247 ], [ -99.252595292300711, 17.084991595031124 ], [ -99.252209879224651, 17.085226376024092 ], [ -99.252006263824768, 17.085339440893879 ], [ -99.251780831179474, 17.085443854828142 ], [ -99.251608725610879, 17.085504813228145 ], [ -99.251317841553615, 17.085583274383019 ], [ -99.251134422202512, 17.085618212931745 ], [ -99.250875048320623, 17.085644567478919 ], [ -99.250626177902532, 17.085653553063477 ], [ -99.250138940568661, 17.085654154710038 ], [ -99.249891557529352, 17.085650843973017 ], [ -99.249636645774515, 17.085640310681974 ], [ -99.249459175905358, 17.085626066050917 ], [ -99.249181678096647, 17.085593865408594 ], [ -99.249019983992611, 17.0855687537228 ], [ -99.248823099720738, 17.085527842842129 ], [ -99.248812399490959, 17.08552561941919 ], [ -99.24880093709433, 17.085522709734775 ], [ -99.248628119464129, 17.085478840567497 ], [ -99.248282864057089, 17.08538163806303 ], [ -99.248096314224227, 17.08532401422033 ], [ -99.247881920012631, 17.08524834543935 ], [ -99.247711146167973, 17.085179854669118 ], [ -99.247440804835222, 17.085062069873185 ], [ -99.247413219003803, 17.085050050995871 ], [ -99.247392256364748, 17.085040276698603 ], [ -99.247219859703108, 17.084959892794252 ], [ -99.246937708973007, 17.084819221892435 ], [ -99.246660817247573, 17.08467492843257 ], [ -99.24611229365172, 17.084382718211941 ], [ -99.245833886117708, 17.084228301308038 ], [ -99.245547186328011, 17.084057261549834 ], [ -99.245347760736394, 17.083926612341362 ], [ -99.245036183892225, 17.083705704422123 ], [ -99.244854793334014, 17.083566355093328 ], [ -99.244622198341688, 17.083369215170208 ], [ -99.244415930697087, 17.083179997919661 ], [ -99.244029723447369, 17.08280948576331 ], [ -99.243821175944632, 17.082600745506781 ], [ -99.243581740104872, 17.082345037207578 ], [ -99.243391227857316, 17.082127596993779 ], [ -99.243059127457485, 17.081730984465072 ], [ -99.242843739373896, 17.081463675983258 ], [ -99.242529675492321, 17.081058363104802 ], [ -99.242221624357668, 17.080650149916316 ], [ -99.241769707649468, 17.080043240732707 ], [ -99.24161153749543, 17.079830822263212 ], [ -99.24150458912284, 17.079690741411365 ], [ -99.241298224406449, 17.079420444385814 ], [ -99.240968369402154, 17.079008639338316 ], [ -99.240731923607498, 17.078732675650667 ], [ -99.240352441383138, 17.078316589517339 ], [ -99.240125075449171, 17.078084003508852 ], [ -99.239822459353149, 17.077802331801735 ], [ -99.239545465234329, 17.077565464864794 ], [ -99.2390170999753, 17.077136535125081 ], [ -99.238726590660761, 17.076912699713173 ], [ -99.238383426958549, 17.076670123768626 ], [ -99.238101996647245, 17.076489665963027 ], [ -99.237600869883508, 17.076190868044606 ], [ -99.237269812026767, 17.076006128256761 ], [ -99.236777765048643, 17.075750706845049 ], [ -99.236288745086185, 17.07550974376133 ], [ -99.235367901626987, 17.075068244246577 ], [ -99.235313734498291, 17.075042273554459 ], [ -99.235260303217302, 17.075017090641005 ], [ -99.234825483665233, 17.074812153295934 ], [ -99.234335739314588, 17.074589265104553 ], [ -99.23400774900567, 17.074447905569485 ], [ -99.233773091670983, 17.074352381161322 ], [ -99.2335135223598, 17.074246715142639 ], [ -99.23323745771107, 17.074142175410582 ], [ -99.232903489975556, 17.074029747084602 ], [ -99.232622941683516, 17.073946906264425 ], [ -99.232115264760921, 17.073810811646368 ], [ -99.23185053036616, 17.073747476807803 ], [ -99.231564003730242, 17.073693567492946 ], [ -99.231351193638076, 17.07366705357261 ], [ -99.230999289949992, 17.073641420990018 ], [ -99.230781995489806, 17.073636606190266 ], [ -99.230779176131165, 17.073636711345483 ], [ -99.230482015710848, 17.0736477944859 ], [ -99.230199343805651, 17.073671256316924 ], [ -99.229651307653569, 17.073730452825441 ], [ -99.229376542880246, 17.073764390293082 ], [ -99.229100284868736, 17.073807006921943 ], [ -99.228914619645764, 17.073844097330539 ], [ -99.228778835180563, 17.073877303564242 ], [ -99.228633881935153, 17.073912751919732 ], [ -99.2284764232855, 17.073959572719055 ], [ -99.228284785088093, 17.074031380665623 ], [ -99.22812284670448, 17.074104239771803 ], [ -99.227828669540671, 17.074251008981523 ], [ -99.227674639846782, 17.074335790890238 ], [ -99.227506728109333, 17.074443367596913 ], [ -99.227482220766348, 17.074461776406928 ], [ -99.227380904917922, 17.074537880230174 ], [ -99.227171346947756, 17.07471384137197 ], [ -99.22704104369447, 17.074834392351253 ], [ -99.226859691928155, 17.075020084183024 ], [ -99.226687742095052, 17.075209019540431 ], [ -99.226353243697332, 17.075590133521949 ], [ -99.226191087206203, 17.075795690070045 ], [ -99.22603911678155, 17.076031246022737 ], [ -99.225947989370937, 17.076218282798983 ], [ -99.225887283507319, 17.076381060008998 ], [ -99.225826577539976, 17.076543837199495 ], [ -99.225769312761742, 17.076754700267188 ], [ -99.225718930428911, 17.077061735108604 ], [ -99.225692224689524, 17.077362596782681 ], [ -99.2256624898002, 17.07795814695206 ], [ -99.225657593137711, 17.078275255291924 ], [ -99.225657258131946, 17.078296950274908 ], [ -99.225671298176294, 17.078717810085994 ], [ -99.225699930022969, 17.07908043977595 ], [ -99.225771785829266, 17.079747468997294 ], [ -99.225830977909268, 17.080200097224072 ], [ -99.225936698522645, 17.080890952659036 ], [ -99.226053707948793, 17.081589750089123 ], [ -99.226217247301008, 17.082526774530567 ], [ -99.226299017611694, 17.082995286662143 ], [ -99.226422041529887, 17.083691184381617 ], [ -99.226460015538322, 17.08390049484527 ], [ -99.226545801703949, 17.084373341235541 ], [ -99.226629044309959, 17.084814371666081 ], [ -99.226755011925263, 17.085455306105828 ], [ -99.226825729612045, 17.085797640007563 ], [ -99.22691191470804, 17.086183707321926 ], [ -99.226984838827278, 17.086484818945202 ], [ -99.227072950701839, 17.086828572684645 ], [ -99.227117426345032, 17.087002086456508 ], [ -99.227140242179132, 17.087085644431973 ], [ -99.227186910995442, 17.08725655846181 ], [ -99.227262777065107, 17.087502707023091 ], [ -99.22731973578685, 17.087658482630275 ], [ -99.227378853162875, 17.087796104658633 ], [ -99.227414745898329, 17.087879660880319 ], [ -99.227444610886678, 17.087937484794793 ], [ -99.227473910625179, 17.087994214245512 ], [ -99.227556394615178, 17.088116696101515 ], [ -99.227634703206604, 17.088206279152988 ], [ -99.227756656684065, 17.088323292956872 ], [ -99.227787145077215, 17.088352546395885 ], [ -99.227873702170754, 17.088423318108589 ], [ -99.227980931472288, 17.088489366044801 ], [ -99.228073089859706, 17.088528674222371 ], [ -99.228242335731693, 17.08858055076244 ], [ -99.22835703340138, 17.088604647224244 ], [ -99.228531880501208, 17.088625060063826 ], [ -99.228708594655018, 17.088634984930156 ], [ -99.229063890010764, 17.08864434637503 ], [ -99.229268789368732, 17.088644476342942 ], [ -99.22952819204923, 17.088635504996102 ], [ -99.229755630462108, 17.088620422745361 ], [ -99.230178542922957, 17.088584146974107 ], [ -99.230467997467102, 17.088554892027915 ], [ -99.230913448583905, 17.088503402896787 ], [ -99.231366412415227, 17.088446842147022 ], [ -99.232279852160872, 17.088328646944262 ], [ -99.232734320755327, 17.088273527727818 ], [ -99.233184287436572, 17.088226367352359 ], [ -99.233479763471493, 17.088202886411853 ], [ -99.233916224974038, 17.088179604004306 ], [ -99.23415420194425, 17.088174628805817 ], [ -99.234431671446018, 17.088182985990102 ], [ -99.234656143692078, 17.088201889853096 ], [ -99.235052091044707, 17.088250243993841 ], [ -99.235252895610117, 17.088283276107344 ], [ -99.235459361897071, 17.088334018683195 ], [ -99.23560266781746, 17.088385557607324 ], [ -99.235826119382338, 17.088489431778179 ], [ -99.235955920953842, 17.088564850189957 ], [ -99.236121874084006, 17.088687231328052 ], [ -99.236268661140656, 17.088815781459409 ], [ -99.236543069550166, 17.089079050550168 ], [ -99.236687249654977, 17.089226766947935 ], [ -99.236809224411402, 17.089365517584159 ], [ -99.236845381248955, 17.089406647222141 ], [ -99.236869199163863, 17.089436991967418 ], [ -99.236964753774373, 17.089558731307424 ], [ -99.237164739948852, 17.089835103234485 ], [ -99.237289795019819, 17.090020807052202 ], [ -99.237464974015495, 17.090301546609286 ], [ -99.237631884142999, 17.090583741999037 ], [ -99.237957436498391, 17.091149588335757 ], [ -99.238140193844757, 17.091475153795681 ], [ -99.238362912864403, 17.091886004042308 ], [ -99.238551353955231, 17.09224518898241 ], [ -99.238893959192055, 17.092911893302858 ], [ -99.239124258200619, 17.093367569108668 ], [ -99.239472550101851, 17.094067892188285 ], [ -99.239822738840047, 17.094779421201437 ], [ -99.240173877383299, 17.095496552830518 ], [ -99.240525018642558, 17.09621368376671 ], [ -99.240646611888337, 17.09645495296375 ], [ -99.240881601978714, 17.096921225784509 ], [ -99.241249066758286, 17.097609590622419 ], [ -99.241504923513531, 17.098049323617239 ], [ -99.241905028991027, 17.098680157686331 ], [ -99.242138189694657, 17.099011444170891 ], [ -99.242437565295717, 17.099374469817707 ], [ -99.242703363886037, 17.099648226016754 ], [ -99.243201384903145, 17.100106468429921 ], [ -99.243470497629517, 17.100324898522462 ], [ -99.243779813599915, 17.100521946914554 ], [ -99.24402622721891, 17.100631930861312 ], [ -99.244456152073212, 17.100764834017831 ], [ -99.244735202042406, 17.100817287187816 ], [ -99.245142426759998, 17.100841743609198 ], [ -99.245542084483887, 17.10083005082063 ], [ -99.246333832510686, 17.100770514521592 ], [ -99.246737610100226, 17.100746882374157 ], [ -99.247157195164078, 17.100735523710586 ], [ -99.247452726111788, 17.100740225049794 ], [ -99.247919734007652, 17.100765687591064 ], [ -99.248194990546068, 17.100792107186745 ], [ -99.248553752322394, 17.100845903725805 ], [ -99.248876432188666, 17.10090914491488 ], [ -99.249485710452575, 17.101045071138127 ], [ -99.24981744064587, 17.101127824751991 ], [ -99.250203352691102, 17.101240160105792 ], [ -99.250514809284212, 17.101344632132193 ], [ -99.251063267488973, 17.101545712349747 ], [ -99.251422148876557, 17.101687004887893 ], [ -99.251950334888633, 17.101909802355262 ], [ -99.252471764106403, 17.102139838353938 ], [ -99.253507868326892, 17.102607146222368 ], [ -99.254020654583826, 17.10283791213806 ], [ -99.254522906522922, 17.103062904765249 ], [ -99.254847206226955, 17.103207127195265 ], [ -99.255082529630812, 17.103310964717217 ], [ -99.255317853292425, 17.103414801961254 ], [ -99.255343520966051, 17.103426012996241 ], [ -99.255568788705745, 17.103524404437866 ], [ -99.255850947433188, 17.103645537576586 ], [ -99.256070276504204, 17.103737823724316 ], [ -99.256446105160663, 17.103893548822978 ], [ -99.256630443840422, 17.103968523034883 ], [ -99.256807630898194, 17.104037720939154 ], [ -99.256918603902591, 17.104078076654659 ], [ -99.256931062453546, 17.104082226200418 ], [ -99.257074335828506, 17.104129945920938 ], [ -99.257153701819263, 17.10415298600277 ], [ -99.257236067818937, 17.104170237040275 ], [ -99.257293978481655, 17.104175948699467 ], [ -99.257385344459877, 17.104175832634542 ], [ -99.257431957987635, 17.104168903475049 ], [ -99.257771634516118, 17.104501832521745 ], [ -99.255975986604085, 17.113939485343124 ], [ -99.235476698561229, 17.111819719112688 ], [ -99.14461422393849, 17.102398321369797 ], [ -99.027177269580932, 17.037507892373117 ], [ -98.956626750671759, 16.983159315153301 ], [ -99.022497815319937, 16.982439367408848 ], [ -99.050933878705678, 16.932769670849652 ], [ -98.957263999057417, 16.778860316900953 ], [ -99.010565560446153, 16.751788378233922 ], [ -99.010426784472486, 16.718857889149234 ], [ -99.011539547222043, 16.718461092811864 ], [ -99.012443877087534, 16.71813861522643 ], [ -99.012630134270381, 16.718323019026744 ], [ -99.013006121443055, 16.718405438653473 ], [ -99.013765956390586, 16.718288233679754 ], [ -99.014155442544521, 16.718238307694758 ], [ -99.01456406658599, 16.718205736037596 ], [ -99.014855620652853, 16.718201376185544 ], [ -99.015321658967423, 16.718220868124483 ], [ -99.015599707371322, 16.718249051491171 ], [ -99.015967814371933, 16.718314109915426 ], [ -99.016303277794705, 16.718394357118921 ], [ -99.016861776125509, 16.718548079245487 ], [ -99.016941561674258, 16.718570039425842 ], [ -99.01729166252953, 16.718678487986001 ], [ -99.017703680865893, 16.718828152126942 ], [ -99.018040277317084, 16.718969143836862 ], [ -99.018638049040419, 16.719242454216566 ], [ -99.01903206274423, 16.719435508339942 ], [ -99.019616332238868, 16.719741360380475 ], [ -99.020196101922252, 16.720058058951931 ], [ -99.021351145403642, 16.720702299398216 ], [ -99.021937300280754, 16.721022608307429 ], [ -99.02245853563862, 16.72129616663646 ], [ -99.022540717590829, 16.721339297742478 ], [ -99.022594567237249, 16.721365932246563 ], [ -99.02296025739146, 16.721546805212576 ], [ -99.023615459547543, 16.721852637977829 ], [ -99.023996722158003, 16.722018926246157 ], [ -99.024485307096896, 16.722211958905206 ], [ -99.024918352750277, 16.722367391572266 ], [ -99.02560818486225, 16.72259995687148 ], [ -99.025728905653438, 16.722640655561303 ], [ -99.02579515348782, 16.722661560859603 ], [ -99.026166453789543, 16.722778728642464 ], [ -99.026668544248992, 16.72291968520814 ], [ -99.027067813364113, 16.723016539861455 ], [ -99.027726745410334, 16.723158236329237 ], [ -99.027763530480314, 16.723166146506919 ], [ -99.028214582285784, 16.723252144226727 ], [ -99.028872020358008, 16.723360530908781 ], [ -99.029516698856867, 16.723455176837231 ], [ -99.029784529561908, 16.723492007375619 ], [ -99.030793297336729, 16.723630724074031 ], [ -99.031431222502036, 16.723720302747424 ], [ -99.032068398380233, 16.723813495482254 ], [ -99.032492432769416, 16.723879238913682 ], [ -99.033100341906675, 16.723978849391361 ], [ -99.033127360105127, 16.723983276482144 ], [ -99.033479347956288, 16.724044690324952 ], [ -99.033500174594835, 16.724048657689416 ], [ -99.033900383950993, 16.724124895014334 ], [ -99.034250122788166, 16.724197155659752 ], [ -99.034844736725631, 16.724326434269024 ], [ -99.034878303665252, 16.72433373220391 ], [ -99.035203277611188, 16.724408164961766 ], [ -99.035550018186413, 16.724494887577897 ], [ -99.035802945145619, 16.724564992674946 ], [ -99.036185218394365, 16.724679656480141 ], [ -99.036214985592693, 16.724688585189302 ], [ -99.036234375048053, 16.724694846713756 ], [ -99.036465663648642, 16.724769537614598 ], [ -99.036805657297663, 16.724888802551121 ], [ -99.037121635464416, 16.725006624875917 ], [ -99.037729577021892, 16.725240826090175 ], [ -99.038039551842743, 16.725355755368795 ], [ -99.038335175902859, 16.725457289963625 ], [ -99.038361534007279, 16.725466342852684 ], [ -99.038588195961694, 16.725535726221306 ], [ -99.038946199655456, 16.725633288764424 ], [ -99.039051648675013, 16.725658218676532 ], [ -99.039157097721855, 16.72568314853471 ], [ -99.039431788084158, 16.725735165473282 ], [ -99.039678707276281, 16.725772000536871 ], [ -99.040144774579403, 16.725830488331376 ], [ -99.040398446169107, 16.725856473475844 ], [ -99.040693393486478, 16.725875941535442 ], [ -99.040931300716949, 16.725882403187132 ], [ -99.041350075050204, 16.725882319797527 ], [ -99.041624003084095, 16.725875756144166 ], [ -99.042027012797945, 16.725856148615566 ], [ -99.042424767548042, 16.725830032732667 ], [ -99.043215021813083, 16.725771291121937 ], [ -99.043612025893182, 16.725745896293891 ], [ -99.044012784146148, 16.725728454916926 ], [ -99.044283710564272, 16.72572478110931 ], [ -99.04469573163253, 16.725731201033742 ], [ -99.044928386555114, 16.725742721500378 ], [ -99.045214330292893, 16.725770863259648 ], [ -99.04545824831618, 16.725806245704142 ], [ -99.045885483387679, 16.725881000702813 ], [ -99.045904058833074, 16.725884250900076 ], [ -99.045915991612645, 16.725886709483163 ], [ -99.046138974355571, 16.725932651834153 ], [ -99.046381561984106, 16.725995607229841 ], [ -99.046397910286515, 16.725999849865797 ], [ -99.046413143296604, 16.726004776311527 ], [ -99.046594554658583, 16.726063445714932 ], [ -99.046760053279627, 16.726125240470274 ], [ -99.046925552006982, 16.726187035092405 ], [ -99.047112990615389, 16.726265882341643 ], [ -99.047133460003408, 16.726274492906338 ], [ -99.047426186642582, 16.726413277047435 ], [ -99.047706156562128, 16.726557125997711 ], [ -99.048193863914378, 16.726818066124157 ], [ -99.048253340511366, 16.726849888011344 ], [ -99.048285954272814, 16.72686665624682 ], [ -99.048530309336613, 16.726992290170831 ], [ -99.048782951943537, 16.727112008157473 ], [ -99.048814031016136, 16.727126735348623 ], [ -99.048833163895864, 16.727134712091008 ], [ -99.049009931461484, 16.727208408635462 ], [ -99.049265615234773, 16.727301415376036 ], [ -99.049313911086372, 16.727318983280224 ], [ -99.049337890104056, 16.727326284103778 ], [ -99.04948954123104, 16.727372456815075 ], [ -99.049712451884091, 16.727422302913713 ], [ -99.049908339464423, 16.727451906181035 ], [ -99.050273091573104, 16.727490869615369 ], [ -99.050468974741946, 16.727503115962868 ], [ -99.0506918720383, 16.727500891840421 ], [ -99.050867484320122, 16.727484938651436 ], [ -99.051171423775841, 16.727439303069279 ], [ -99.051367293003551, 16.727399479402532 ], [ -99.051650961181949, 16.727325644022798 ], [ -99.051927872123997, 16.727242408574899 ], [ -99.052474936246682, 16.727066536904655 ], [ -99.052749593972393, 16.726979685013031 ], [ -99.053026503534497, 16.726895001726863 ], [ -99.053213361860386, 16.726840714965132 ], [ -99.053497027284806, 16.726762537953938 ], [ -99.053656871178021, 16.726721275076553 ], [ -99.053852737525716, 16.72667566359145 ], [ -99.054019337551992, 16.726640907318473 ], [ -99.054323271220767, 16.726582249810441 ], [ -99.054483118481215, 16.726554003585104 ], [ -99.054658726686483, 16.726527922615595 ], [ -99.054791559789038, 16.726512700589016 ], [ -99.055014450892685, 16.726493115418023 ], [ -99.055154040257761, 16.726484400005265 ], [ -99.05534991727086, 16.726477838974454 ], [ -99.055536789600794, 16.726475619276076 ], [ -99.055901529585171, 16.726475520906256 ], [ -99.056087652891136, 16.72647836319247 ], [ -99.056281282837546, 16.726486988729192 ], [ -99.056417876117834, 16.726498522399371 ], [ -99.056634026039646, 16.72652449784329 ], [ -99.056761616006654, 16.726544711948318 ], [ -99.056928235987215, 16.726579378880604 ], [ -99.057078346013284, 16.726616942971699 ], [ -99.057344324329193, 16.726690091580171 ], [ -99.057362056224093, 16.72669496814185 ], [ -99.057516671995202, 16.726741208856616 ], [ -99.05753243398037, 16.726746519861749 ], [ -99.057696809020356, 16.726801905986193 ], [ -99.057842421631634, 16.726856827164411 ], [ -99.058099122549692, 16.726960893460785 ], [ -99.058267255544237, 16.727033164391163 ], [ -99.0585149536183, 16.727145910900415 ], [ -99.058759650881584, 16.727261550695346 ], [ -99.059246045193504, 16.727495723000793 ], [ -99.059491493166831, 16.727609192158805 ], [ -99.059741442169155, 16.727715427893973 ], [ -99.059912575725164, 16.727779018415596 ], [ -99.060176027360896, 16.72786355422328 ], [ -99.06032689020229, 16.727903285273463 ], [ -99.060516026981844, 16.727937942725625 ], [ -99.060680392080997, 16.727955974079414 ], [ -99.060979367666832, 16.727975091879603 ], [ -99.060984350593756, 16.727975410505945 ], [ -99.060985099364345, 16.727975423646239 ], [ -99.061146459427562, 16.727978255317549 ], [ -99.061328827362004, 16.727967353516849 ], [ -99.061470665056987, 16.727946339061344 ], [ -99.061713810132915, 16.727894197412137 ], [ -99.061869149718277, 16.727851483167623 ], [ -99.062092023368962, 16.727775482113664 ], [ -99.062308139771829, 16.727691527847412 ], [ -99.062733614926188, 16.727515665678457 ], [ -99.062948979306796, 16.727428818238867 ], [ -99.063169597685743, 16.727344138516376 ], [ -99.063321930690677, 16.72728985317498 ], [ -99.063558311327839, 16.727211676850061 ], [ -99.063694888015561, 16.727170413369979 ], [ -99.063868237515308, 16.727124799337972 ], [ -99.064020576663253, 16.72709003941376 ], [ -99.064304244546079, 16.727031373510574 ], [ -99.06445658572666, 16.727003121909142 ], [ -99.064629941470443, 16.726977033170613 ], [ -99.064766526548084, 16.726961803558758 ], [ -99.065002926036115, 16.7269422033784 ], [ -99.065155273673128, 16.726933477194208 ], [ -99.065375917118317, 16.726926898845171 ], [ -99.065591308563327, 16.726924661024505 ], [ -99.066016839461255, 16.726924525484289 ], [ -99.066232232391727, 16.726926626091359 ], [ -99.066452880297092, 16.726933063879986 ], [ -99.066605233883109, 16.726941693010353 ], [ -99.066841646757808, 16.726961142589492 ], [ -99.066978242248098, 16.726976285186954 ], [ -99.067151615843898, 16.727002263483531 ], [ -99.067303976365096, 16.727030418029287 ], [ -99.06758768441631, 16.727088903206766 ], [ -99.067740047367508, 16.727123566073764 ], [ -99.067891294393675, 16.727163260699975 ], [ -99.067913428110032, 16.727169069660341 ], [ -99.067923720880614, 16.727172172186055 ], [ -99.068050033065987, 16.727210246121889 ], [ -99.068286467264414, 16.72728827183602 ], [ -99.068438837464768, 16.727342460115945 ], [ -99.068659513868965, 16.727426999264765 ], [ -99.068874937762232, 16.727513709475708 ], [ -99.069300533426272, 16.727689300529391 ], [ -99.069518958848036, 16.727773116327135 ], [ -99.069537105133008, 16.727779109533977 ], [ -99.069748639052278, 16.727848973084086 ], [ -99.06990264155958, 16.727888896400447 ], [ -99.069913013876857, 16.727891585295467 ], [ -99.070176458120173, 16.727943565119212 ], [ -99.070181899505229, 16.727944287314237 ], [ -99.070334070668977, 16.727964483813363 ], [ -99.07054346399282, 16.727975260155006 ], [ -99.0707348402847, 16.727972301984789 ], [ -99.071099575769793, 16.727952650844891 ], [ -99.071299952375355, 16.727934502218837 ], [ -99.071536346700682, 16.72789970772952 ], [ -99.071729960603378, 16.7278598655504 ], [ -99.071913159294169, 16.727814799694531 ], [ -99.072074407839636, 16.727775133299993 ], [ -99.072301784939071, 16.727711413777207 ], [ -99.072639468954307, 16.727604987474088 ], [ -99.072974898348917, 16.727491329589583 ], [ -99.073643501673374, 16.72725678116511 ], [ -99.073981181625442, 16.727143844027594 ], [ -99.07432561900147, 16.727039582098783 ], [ -99.074562001541722, 16.726978749580045 ], [ -99.074744356727109, 16.726939631823594 ], [ -99.074926711837463, 16.72690051390634 ], [ -99.07513608639276, 16.726865725099049 ], [ -99.075392745722269, 16.726840264574044 ], [ -99.075399499914226, 16.726839594555923 ], [ -99.075629147938471, 16.726830832423456 ], [ -99.07605467853557, 16.726830676208618 ], [ -99.076282081933329, 16.72683927055941 ], [ -99.076538761577879, 16.726865210198103 ], [ -99.076739157629518, 16.726899848622939 ], [ -99.077083666279648, 16.726977824087449 ], [ -99.077304336416901, 16.727038488970081 ], [ -99.077608878957705, 16.727138262536982 ], [ -99.077621838221745, 16.727142508210669 ], [ -99.077648574849434, 16.727152275591543 ], [ -99.077930337936905, 16.727255208547604 ], [ -99.078538336033958, 16.727489289444158 ], [ -99.078849088630804, 16.727602710727144 ], [ -99.079173347577481, 16.727708894539106 ], [ -99.079403026386842, 16.727772446447144 ], [ -99.079767803842572, 16.727856918269573 ], [ -99.079983964088839, 16.727896609727036 ], [ -99.080267667226579, 16.727931212447668 ], [ -99.080524345509787, 16.727949192117322 ], [ -99.081005663487048, 16.727968328569997 ], [ -99.081010677216454, 16.727968527902142 ], [ -99.081011426660609, 16.727968535768273 ], [ -99.081276355171639, 16.727971316275916 ], [ -99.081587057243581, 16.727960346064528 ], [ -99.081839216024605, 16.72793927403243 ], [ -99.082284990155983, 16.727887027818209 ], [ -99.082577666355675, 16.727844243269299 ], [ -99.083009920756794, 16.727768135875213 ], [ -99.083437668361753, 16.72768407439095 ], [ -99.08428865595468, 16.727507995600266 ], [ -99.084721657483101, 16.727427545228519 ], [ -99.085169675321509, 16.727362274591105 ], [ -99.085483370408426, 16.727333940911617 ], [ -99.085976437965641, 16.727314210373358 ], [ -99.085977559349047, 16.727314226746618 ], [ -99.08626538110029, 16.727318429015813 ], [ -99.086639143100484, 16.727350815814404 ], [ -99.086973136760761, 16.727400575060138 ], [ -99.087601356163717, 16.727517465173158 ], [ -99.087942116769653, 16.727593254545244 ], [ -99.088336178980512, 16.727703733322013 ], [ -99.088652188796658, 16.727812075306698 ], [ -99.088929172522143, 16.727919348835357 ], [ -99.089206156555804, 16.728026621990047 ], [ -99.089238882585406, 16.728040569582845 ], [ -99.089567218646991, 16.728180503593197 ], [ -99.090096437244981, 16.728427601804384 ], [ -99.09061740680599, 16.728685550000474 ], [ -99.09165109975757, 16.729212293804935 ], [ -99.092171323715718, 16.729471684738773 ], [ -99.092698299784161, 16.729723116315931 ], [ -99.093056368626662, 16.729882778568687 ], [ -99.093603599029677, 16.730110333680575 ], [ -99.093634375566012, 16.730122065326992 ], [ -99.0939143671539, 16.730228794483526 ], [ -99.094266225182167, 16.73034559622052 ], [ -99.094299440602029, 16.730356622273352 ], [ -99.094322323831278, 16.730363160916223 ], [ -99.094630461511713, 16.730451207737048 ], [ -99.095238451105701, 16.730607135621668 ], [ -99.095560455977349, 16.730680028284524 ], [ -99.095918480499336, 16.73074277917172 ], [ -99.096193183041621, 16.730774471431154 ], [ -99.096659266093397, 16.73080679703526 ], [ -99.0969542205534, 16.73081461379714 ], [ -99.097373000751745, 16.730805738614521 ], [ -99.097776013192075, 16.730783129589938 ], [ -99.098566270008504, 16.730724176250568 ], [ -99.098955884516215, 16.73069839174164 ], [ -99.098962525671638, 16.730697952226606 ], [ -99.099361036122431, 16.730678234995946 ], [ -99.099628964617651, 16.730671597298592 ], [ -99.100034239706517, 16.730671401419375 ], [ -99.100261647462148, 16.730677799796986 ], [ -99.100538595679751, 16.730697191091341 ], [ -99.100772768325214, 16.730723111525307 ], [ -99.101198338177454, 16.730781481194946 ], [ -99.101421259098586, 16.730818254133702 ], [ -99.101664451927121, 16.730870203674495 ], [ -99.101846852394701, 16.730920013367221 ], [ -99.102150861086599, 16.731017492796095 ], [ -99.102340026836231, 16.731086824616067 ], [ -99.102603515390101, 16.73119734072117 ], [ -99.102853497359988, 16.731312202304895 ], [ -99.10333995530263, 16.731546270405211 ], [ -99.103592940607854, 16.731661852764688 ], [ -99.103865438004931, 16.731774532272862 ], [ -99.104066614905776, 16.731846749186129 ], [ -99.104397648236315, 16.73195072030369 ], [ -99.104601067596334, 16.732005579197143 ], [ -99.10486452953937, 16.732062763585649 ], [ -99.104880292224649, 16.732066184863154 ], [ -99.104891775182153, 16.732068207903318 ], [ -99.105142247252246, 16.732112335307566 ], [ -99.1056488878598, 16.732190180396845 ], [ -99.105931102358028, 16.732227641293242 ], [ -99.106271105055271, 16.732262179349959 ], [ -99.106555561678547, 16.732282281876802 ], [ -99.107068928858496, 16.732308050923042 ], [ -99.107411920992504, 16.732319443735612 ], [ -99.107927530152693, 16.732327853120047 ], [ -99.10844388659406, 16.732330475371256 ], [ -99.109477346707521, 16.732329930151288 ], [ -99.109991450774501, 16.732331103363883 ], [ -99.11050030289681, 16.732335170833224 ], [ -99.110834285714716, 16.732340777327849 ], [ -99.111327382075757, 16.732353529393144 ], [ -99.111596072596782, 16.732363508929261 ], [ -99.111909047795521, 16.732380695940996 ], [ -99.112161982622965, 16.732399361456153 ], [ -99.112607811987345, 16.73243817066389 ], [ -99.112833730926866, 16.732461189173037 ], [ -99.113065658312564, 16.732491435961165 ], [ -99.11322628500983, 16.732518828863348 ], [ -99.113351261366873, 16.732544794846302 ], [ -99.113476237757297, 16.732570760753358 ], [ -99.113621108870461, 16.732606840182285 ], [ -99.113805769445165, 16.732663146670713 ], [ -99.113968665991322, 16.732720911367327 ], [ -99.114258217637982, 16.732832327959766 ], [ -99.114272695229076, 16.732837898778651 ], [ -99.114458107595283, 16.732895650627295 ], [ -99.114710315307917, 16.732951918856543 ], [ -99.114945249110079, 16.732987947309606 ], [ -99.115397842865306, 16.733039763983289 ], [ -99.115716079209164, 16.733067066817483 ], [ -99.116218194426409, 16.733097158494214 ], [ -99.116736816799929, 16.733120007804857 ], [ -99.117790568861111, 16.733158461288333 ], [ -99.118403754248106, 16.733176913367046 ], [ -99.119189558169296, 16.733193817712085 ], [ -99.119886045943346, 16.733203539119422 ], [ -99.121189705338537, 16.733215795503391 ], [ -99.122086579017974, 16.733221052715578 ], [ -99.123473540578317, 16.733224567245166 ], [ -99.124888269433583, 16.733225162945441 ], [ -99.127745494223049, 16.733223415373942 ], [ -99.129160971438225, 16.733221088617654 ], [ -99.130550178426532, 16.733215876043481 ], [ -99.131450046205998, 16.733209519800706 ], [ -99.132760442484951, 16.733195664333866 ], [ -99.133462170151887, 16.733185087514187 ], [ -99.134252479256602, 16.733167316718681 ], [ -99.134256956928098, 16.733167216025667 ], [ -99.13426179728728, 16.733167066773092 ], [ -99.134879873853308, 16.733148007435805 ], [ -99.135943800598866, 16.733108623048892 ], [ -99.135953837641338, 16.733108251471997 ], [ -99.135959841599515, 16.733107985660521 ], [ -99.136484437376154, 16.733084759709708 ], [ -99.137002273001301, 16.733054043242962 ], [ -99.137334732674148, 16.73302634155619 ], [ -99.137814276004434, 16.732973953086283 ], [ -99.138067924847988, 16.732937624624228 ], [ -99.138349328116178, 16.732881028194161 ], [ -99.138564684692909, 16.732823029342388 ], [ -99.138914156547784, 16.732710520736113 ], [ -99.138929350966862, 16.732705629044204 ], [ -99.139120690652248, 16.732647645768559 ], [ -99.139330043651796, 16.732591096526633 ], [ -99.139487625677532, 16.732554831111187 ], [ -99.139751018741123, 16.732502584024452 ], [ -99.139915361581984, 16.732474991879826 ], [ -99.140144997088299, 16.73244446258618 ], [ -99.140363380086015, 16.732421172494654 ], [ -99.140788893501878, 16.732381831099982 ], [ -99.141027543437573, 16.732362865576114 ], [ -99.14131797991223, 16.73234531071083 ], [ -99.141563390784214, 16.732335018113098 ], [ -99.141786288859166, 16.732328356584798 ], [ -99.142009186916638, 16.732321694816047 ], [ -99.142308637990112, 16.732315703254397 ], [ -99.14276119510464, 16.73231105184669 ], [ -99.143216005893208, 16.732309290608203 ], [ -99.144127881138132, 16.732308656277425 ], [ -99.144584191276707, 16.732304721437341 ], [ -99.145041246432825, 16.732293553257847 ], [ -99.14534669486909, 16.732278874910733 ], [ -99.145805984952233, 16.732246008042765 ], [ -99.146061891043729, 16.732220515896003 ], [ -99.146370319249712, 16.732176906697397 ], [ -99.146628460121008, 16.732129716842287 ], [ -99.14709445430185, 16.732031756082961 ], [ -99.147336825680284, 16.731973728863149 ], [ -99.147597945817921, 16.731897608442718 ], [ -99.147790774676253, 16.731828768378499 ], [ -99.148108140963458, 16.731698368501721 ], [ -99.148303204192473, 16.731607830934983 ], [ -99.148571027617976, 16.731466618204742 ], [ -99.148822336608134, 16.731321801124107 ], [ -99.14930843942237, 16.731028562082873 ], [ -99.149557496314216, 16.730884468918646 ], [ -99.149818564916856, 16.730745429008262 ], [ -99.150004622526566, 16.730657789094387 ], [ -99.150153174686054, 16.730595849199663 ], [ -99.150301726748836, 16.730533909198517 ], [ -99.150478796569431, 16.730470140365071 ], [ -99.150712901955686, 16.730402713868127 ], [ -99.150926007786069, 16.730354105152291 ], [ -99.151331219776836, 16.730275705149449 ], [ -99.151553341664695, 16.730240106436391 ], [ -99.151807378110064, 16.730212484503706 ], [ -99.15181449550937, 16.730211710608852 ], [ -99.152027630074514, 16.730199982957554 ], [ -99.152405879956802, 16.730193195589312 ], [ -99.152655050834468, 16.730196627494745 ], [ -99.153024313647123, 16.730213710600442 ], [ -99.153390580857447, 16.730238750258103 ], [ -99.154120119914964, 16.730296784845436 ], [ -99.154491638042217, 16.730318202726721 ], [ -99.154876653099763, 16.730324423025117 ], [ -99.155146826646032, 16.730313372560488 ], [ -99.155359579392439, 16.73029368677129 ], [ -99.155572332093243, 16.730274000763291 ], [ -99.155822220701182, 16.730236930189275 ], [ -99.156146381034674, 16.730165090509811 ], [ -99.156167765505842, 16.730159002989286 ], [ -99.156436759525718, 16.730082428200603 ], [ -99.156983734152504, 16.729906280328596 ], [ -99.157280846850298, 16.729799746757031 ], [ -99.157625210648263, 16.72965629449514 ], [ -99.157902037572313, 16.729523741008528 ], [ -99.158388154028771, 16.729269532432195 ], [ -99.158705469252027, 16.729091386442249 ], [ -99.159171298417917, 16.728811157110631 ], [ -99.159630364501098, 16.728522253789787 ], [ -99.160541730766866, 16.727935771185852 ], [ -99.161003415160963, 16.727641800522385 ], [ -99.16147710483007, 16.727346373085108 ], [ -99.161804903809397, 16.727147965094328 ], [ -99.162314610987821, 16.726848168445617 ], [ -99.162609787595542, 16.726680158399347 ], [ -99.162985610770932, 16.726475925290323 ], [ -99.163316806058887, 16.726303546734648 ], [ -99.163853550096817, 16.726031680011562 ], [ -99.163934567931818, 16.725990643404476 ], [ -99.164266894682427, 16.725826940602083 ], [ -99.164349159237759, 16.725788282582446 ], [ -99.164646113940208, 16.725648736289038 ], [ -99.164945819406825, 16.725515431982505 ], [ -99.165465716214158, 16.725293722969649 ], [ -99.165801440118386, 16.725156049493549 ], [ -99.166288715177544, 16.724964738183587 ], [ -99.166765116033829, 16.724783559035991 ], [ -99.167707041868255, 16.7244313308159 ], [ -99.168165051952244, 16.724248717017812 ], [ -99.168597158107161, 16.724053106093915 ], [ -99.168859325336797, 16.723909702229108 ], [ -99.169213720882908, 16.72367510175464 ], [ -99.169384703890927, 16.723531771878857 ], [ -99.169504897962796, 16.723383654550471 ], [ -99.169543257733991, 16.723336383047879 ], [ -99.169590456374777, 16.7232441257026 ], [ -99.169636531194939, 16.723154064949995 ], [ -99.16975779765697, 16.722802499516213 ], [ -99.169794773458008, 16.72260721032924 ], [ -99.169784434710294, 16.722372908250765 ], [ -99.169730227811456, 16.722177693966163 ], [ -99.169577946219192, 16.721826353108725 ], [ -99.169446031364558, 16.72159215072292 ], [ -99.16920256861421, 16.721240884304517 ], [ -99.168928712763289, 16.720889642426432 ], [ -99.169222452253067, 16.72123652893811 ], [ -99.169525566036711, 16.721574729151587 ], [ -99.16973701571753, 16.721791509833231 ], [ -99.170013801274962, 16.722052340669261 ], [ -99.170068250981359, 16.722103651608172 ], [ -99.170261644267669, 16.722268377575435 ], [ -99.170510588458583, 16.72245041386417 ], [ -99.170732102146843, 16.722589081666978 ], [ -99.171147699378679, 16.722823048424633 ], [ -99.171372567847754, 16.722935678244539 ], [ -99.171631575536367, 16.723039601294708 ], [ -99.171838386441536, 16.7231001765903 ], [ -99.172181588356764, 16.723174056415548 ], [ -99.172199811474542, 16.723177979222115 ], [ -99.172208485839576, 16.723179253691708 ], [ -99.172434742233847, 16.723212495978014 ], [ -99.17277148489832, 16.723237746922198 ], [ -99.172778109345003, 16.723238243656578 ], [ -99.173115457057975, 16.723246639471839 ], [ -99.17378413301094, 16.723246078177528 ], [ -99.174118468352731, 16.723242903998763 ], [ -99.174452798417832, 16.723233943838931 ], [ -99.174675679840647, 16.723222184658528 ], [ -99.174842836934303, 16.723209026035533 ], [ -99.175009994003659, 16.723195867277525 ], [ -99.1751957187697, 16.723175460836909 ], [ -99.175418578913963, 16.723140559096333 ], [ -99.175604287694838, 16.723102795969506 ], [ -99.175938553763331, 16.723024408130264 ], [ -99.176111871490292, 16.722977976932061 ], [ -99.17629755870864, 16.722917071425101 ], [ -99.17643371968397, 16.722861993489456 ], [ -99.176531614761188, 16.72281615227482 ], [ -99.17665651530848, 16.722757665140893 ], [ -99.176792660074142, 16.722685230650569 ], [ -99.176831957241106, 16.722661315400352 ], [ -99.176794659691495, 16.722736783068587 ], [ -99.176794583905576, 16.722736936413366 ], [ -99.176727274863836, 16.72299083035773 ], [ -99.176712050932352, 16.723165491473022 ], [ -99.176733688339425, 16.72343558088556 ], [ -99.176784974757894, 16.723711068777039 ], [ -99.176871795354145, 16.724076398829403 ], [ -99.176917197084691, 16.724267442964312 ], [ -99.176960776940547, 16.72442215475472 ], [ -99.17700792739258, 16.724589542132648 ], [ -99.177147895871812, 16.724999465453749 ], [ -99.177290446548909, 16.725360571769947 ], [ -99.177434288547829, 16.725697269526009 ], [ -99.177578131056706, 16.726033967166135 ], [ -99.177787195208495, 16.72649589955321 ], [ -99.178006844554176, 16.726956797847052 ], [ -99.178126703491586, 16.727208301206606 ], [ -99.178483487841731, 16.727933704547652 ], [ -99.179214338409508, 16.729397511404745 ], [ -99.17957526048049, 16.730124716994677 ], [ -99.179675644403488, 16.730329476618145 ], [ -99.180468617318681, 16.731982167345187 ], [ -99.180600848894215, 16.732270002269807 ], [ -99.180648084739886, 16.732372822605825 ], [ -99.180647362764503, 16.732374672169918 ], [ -99.180649622949801, 16.73237963527022 ], [ -99.180664563716775, 16.73241244342487 ], [ -99.180670712566325, 16.732425945566511 ], [ -99.180673649394507, 16.732432394490875 ], [ -99.180675568556993, 16.7324366087425 ], [ -99.180676260519974, 16.732438128210504 ], [ -99.180680599577627, 16.732447656261968 ], [ -99.180680632697332, 16.732447728988848 ], [ -99.180695468059369, 16.732480614997701 ], [ -99.180698821662943, 16.732488251121932 ], [ -99.18069884069098, 16.732488294544844 ], [ -99.180839925984159, 16.732810257406882 ], [ -99.180924074000814, 16.73304849967646 ], [ -99.181063663550319, 16.733375309353523 ], [ -99.181226802957895, 16.73375725283616 ], [ -99.181249548070824, 16.733891195744508 ], [ -99.181327720592222, 16.734082290489045 ], [ -99.181351215356344, 16.734139723963779 ], [ -99.181436386788704, 16.734347927111529 ], [ -99.181451324694081, 16.734384443047198 ], [ -99.181473276478357, 16.734438104488127 ], [ -99.1815072493754, 16.734550347116752 ], [ -99.181515779920502, 16.734578531055671 ], [ -99.18152222662269, 16.734603796269962 ], [ -99.181597138364552, 16.734897381706237 ], [ -99.181633334756697, 16.735078144753707 ], [ -99.181648036444599, 16.735224534489614 ], [ -99.181660565349276, 16.735301583269184 ], [ -99.181664942016894, 16.735392868761629 ], [ -99.181669753238452, 16.735493217752353 ], [ -99.181670086274565, 16.735844682684423 ], [ -99.181663501472485, 16.736024036982855 ], [ -99.181649038496019, 16.736158387520238 ], [ -99.181643413999964, 16.736210634950737 ], [ -99.181616519660807, 16.736342277264168 ], [ -99.181555924054337, 16.736550606226054 ], [ -99.181508757075093, 16.73667358819317 ], [ -99.18142785174048, 16.736834205124524 ], [ -99.181340176437914, 16.736978918021929 ], [ -99.181158055609643, 16.737252439696203 ], [ -99.181050119617836, 16.737401509319504 ], [ -99.180908432644742, 16.737575196558574 ], [ -99.180780223665138, 16.737715605648855 ], [ -99.180537283452139, 16.73796314555528 ], [ -99.18036856541579, 16.73812528518684 ], [ -99.18010535150016, 16.738364164142411 ], [ -99.179835379373159, 16.738600155932023 ], [ -99.179288675559462, 16.739069251606416 ], [ -99.179015699944543, 16.739305968113246 ], [ -99.178743478242623, 16.739547022682736 ], [ -99.17856275131183, 16.739712063953331 ], [ -99.17829279220102, 16.73996613319936 ], [ -99.178143569184641, 16.740111621052801 ], [ -99.177965859498258, 16.740294015500055 ], [ -99.177818899690962, 16.740452518394452 ], [ -99.177555729644922, 16.74074563250829 ], [ -99.177420025349761, 16.740901955899062 ], [ -99.177276082870534, 16.741077812114352 ], [ -99.177171883091788, 16.741214582444925 ], [ -99.177003226136449, 16.741449037195778 ], [ -99.176901289626983, 16.74159882267363 ], [ -99.176764137123939, 16.741813724387331 ], [ -99.176637486036157, 16.742022108409685 ], [ -99.176394684790921, 16.742432358630161 ], [ -99.17627478522104, 16.742637843938326 ], [ -99.176157888278951, 16.742844049791724 ], [ -99.176082959730635, 16.74298224094051 ], [ -99.175975071039161, 16.743190608539827 ], [ -99.175918135666407, 16.743307088911919 ], [ -99.175878323579525, 16.743396355788551 ], [ -99.175855218333666, 16.743448162454307 ], [ -99.175807291493157, 16.743566804656417 ], [ -99.175726428246037, 16.743781657710883 ], [ -99.17568750198258, 16.743893783607977 ], [ -99.175651586528872, 16.744015308262924 ], [ -99.175630653723317, 16.744105723461725 ], [ -99.175624381036229, 16.744140658348851 ], [ -99.175603770763004, 16.744255444404505 ], [ -99.175591846624613, 16.744348021470291 ], [ -99.175582957189576, 16.744476031727167 ], [ -99.175580065609495, 16.744596805089483 ], [ -99.175580280313923, 16.744831114917265 ], [ -99.17558376752001, 16.744950798080506 ], [ -99.175594014440946, 16.745075537744565 ], [ -99.175607605442693, 16.745163754021203 ], [ -99.175638131547899, 16.745303663183918 ], [ -99.175661850237503, 16.745386446993397 ], [ -99.175702480201736, 16.745494889257294 ], [ -99.175746478138834, 16.745592842548582 ], [ -99.175837842073747, 16.745778260134639 ], [ -99.175891975782207, 16.745879459060589 ], [ -99.175963012912533, 16.745997638264917 ], [ -99.176027274426872, 16.746093404674902 ], [ -99.176149021924616, 16.746262524667191 ], [ -99.176233562938137, 16.746373460456141 ], [ -99.176365438487721, 16.746537147822465 ], [ -99.176500690161546, 16.746699024265446 ], [ -99.176774570097635, 16.747020966032579 ], [ -99.176924833224732, 16.747182106146145 ], [ -99.17710174225374, 16.747343584869881 ], [ -99.177246327435995, 16.747451575970814 ], [ -99.177503174044233, 16.74761407043696 ], [ -99.177672512491199, 16.747704683649641 ], [ -99.177923681124085, 16.747814028832721 ], [ -99.178172957126577, 16.747905657461505 ], [ -99.178669616876633, 16.748071197567029 ], [ -99.178953790250958, 16.748157371186633 ], [ -99.17930965028529, 16.748250352332196 ], [ -99.179618576940442, 16.748319147232063 ], [ -99.180189497085351, 16.748432550139789 ], [ -99.180578361771765, 16.748502358547519 ], [ -99.181174035632452, 16.748598380770396 ], [ -99.181777960933658, 16.748688608570568 ], [ -99.182994064019269, 16.748863266104671 ], [ -99.183604378844237, 16.748961799428258 ], [ -99.184219219309853, 16.749082745431974 ], [ -99.184633638456887, 16.749185789560848 ], [ -99.18526205573815, 16.749373975884808 ], [ -99.185615702180385, 16.749500937467928 ], [ -99.186048223990085, 16.749693636567098 ], [ -99.186415447451935, 16.749887840107405 ], [ -99.187084597258888, 16.750277750767051 ], [ -99.187436090334543, 16.750502340208385 ], [ -99.187821418707557, 16.750786198854897 ], [ -99.188112139533146, 16.751034707308747 ], [ -99.18859897444203, 16.751496373720997 ], [ -99.188903274288492, 16.751812124174201 ], [ -99.189329338797535, 16.752297709300567 ], [ -99.189735147340272, 16.752791267091748 ], [ -99.190526512514722, 16.753786353811808 ], [ -99.190927817952414, 16.754274127863805 ], [ -99.191340364939848, 16.754742364865592 ], [ -99.19162663687537, 16.755034986144668 ], [ -99.192072905619327, 16.755444612890521 ], [ -99.192332072974764, 16.755652646594829 ], [ -99.192663305517456, 16.755867121266846 ], [ -99.192956192313233, 16.756016545279522 ], [ -99.193503620547844, 16.756250342026874 ], [ -99.193798712086817, 16.756352033035622 ], [ -99.194136557750312, 16.756423309924877 ], [ -99.194404542104934, 16.756440413793754 ], [ -99.194870649268807, 16.75642044818057 ], [ -99.195172351284498, 16.756378941812503 ], [ -99.195611349914174, 16.756274388402783 ], [ -99.196041311905574, 16.756141638726728 ], [ -99.196892197812957, 16.755847941401335 ], [ -99.197320644054301, 16.755702896499695 ], [ -99.197755098200332, 16.755561460840475 ], [ -99.19805074250128, 16.755470780014225 ], [ -99.198503221273754, 16.755340173143047 ], [ -99.198760606670518, 16.755271223441621 ], [ -99.199080284333519, 16.755194981538057 ], [ -99.199355695055786, 16.755136861362914 ], [ -99.199862249377546, 16.755038742243716 ], [ -99.200130915552904, 16.754991475233687 ], [ -99.200430360018132, 16.754947793860033 ], [ -99.200660768009229, 16.754922258654201 ], [ -99.201052547516056, 16.754889334204119 ], [ -99.201300981165147, 16.754874628377191 ], [ -99.201654502668902, 16.754863435438015 ], [ -99.201995271542827, 16.754859486155148 ], [ -99.202664056673129, 16.754858830203879 ], [ -99.203010091969247, 16.754866444908913 ], [ -99.203373322053523, 16.754889558410714 ], [ -99.203379412802562, 16.754889945979215 ], [ -99.203648912279888, 16.754921499906786 ], [ -99.204088090033707, 16.754992660434635 ], [ -99.2043553634267, 16.755048080489978 ], [ -99.204718005876856, 16.755143180325955 ], [ -99.205055136732497, 16.755246259831079 ], [ -99.205703887566855, 16.755460397564889 ], [ -99.206063563272281, 16.75558731777264 ], [ -99.206493839094406, 16.755753941430303 ], [ -99.206851289828521, 16.755904727323543 ], [ -99.207172328167289, 16.756047594214952 ], [ -99.207493366980444, 16.756190460599381 ], [ -99.207920677501235, 16.756388904019119 ], [ -99.208560532014317, 16.756698501009566 ], [ -99.209199646661858, 16.757016051681976 ], [ -99.210477140398169, 16.757659102687722 ], [ -99.211111757703932, 16.757976651929486 ], [ -99.211738111549707, 16.758286252725743 ], [ -99.212147416322907, 16.758484705739509 ], [ -99.212485371340435, 16.758645244355641 ], [ -99.212748976643994, 16.758770464085572 ], [ -99.213074911960959, 16.758921271547642 ], [ -99.213451156836726, 16.759087936312099 ], [ -99.213752296221855, 16.759214903519311 ], [ -99.214279469846645, 16.759429139930532 ], [ -99.214544553875413, 16.759532278595682 ], [ -99.214812631734617, 16.75962745885532 ], [ -99.214994343995059, 16.759682954102992 ], [ -99.21513287341061, 16.759718606884004 ], [ -99.215271402876681, 16.759754259571245 ], [ -99.215428318089977, 16.7597859154892 ], [ -99.215622004743892, 16.759809577903205 ], [ -99.215787900589561, 16.759817359331098 ], [ -99.216091901437821, 16.759817041023716 ], [ -99.216244650436522, 16.75981507297579 ], [ -99.216398896581836, 16.759809487361274 ], [ -99.21650322448869, 16.759802146100011 ], [ -99.216661962051745, 16.759785707926326 ], [ -99.216751646718507, 16.759772958098967 ], [ -99.216861963157754, 16.759751146832663 ], [ -99.216956139213991, 16.759727544546394 ], [ -99.21712835090085, 16.759678548897714 ], [ -99.217219142948622, 16.759649526230948 ], [ -99.217319307438004, 16.759611453942458 ], [ -99.217395456206134, 16.759577022804525 ], [ -99.217523737989282, 16.75951180165864 ], [ -99.217604378057459, 16.759466518059664 ], [ -99.217718016481371, 16.759395888419959 ], [ -99.217826773751, 16.759323455932289 ], [ -99.217858990927027, 16.759301233533105 ], [ -99.218039406974015, 16.759176788005387 ], [ -99.218144406381754, 16.759100381853401 ], [ -99.21818962290476, 16.75906391787143 ], [ -99.218246771541089, 16.759017831435703 ], [ -99.218312380765965, 16.758956653584022 ], [ -99.218338526648651, 16.758928702899897 ], [ -99.218406843273883, 16.758855670451602 ], [ -99.218456688234113, 16.758793424482668 ], [ -99.218511760640538, 16.758707669727126 ], [ -99.218553703022195, 16.758626991106123 ], [ -99.218624457717283, 16.758470709991695 ], [ -99.218658511123536, 16.758383531122075 ], [ -99.218689916700754, 16.758278275640873 ], [ -99.218708205934576, 16.758190028711535 ], [ -99.218713233535269, 16.758155853289157 ], [ -99.218731668056449, 16.758030543405265 ], [ -99.218742054754387, 16.757923863849779 ], [ -99.218749752743818, 16.757763310490944 ], [ -99.218752196035013, 16.757602401114248 ], [ -99.218751827932067, 16.757280226338036 ], [ -99.218750195063791, 16.757245162637091 ], [ -99.218744133046258, 16.757114988646126 ], [ -99.218721416515137, 16.756941450349384 ], [ -99.218691250535684, 16.756817457544098 ], [ -99.218623469194952, 16.756619017410422 ], [ -99.218570791337086, 16.756500472266172 ], [ -99.218501992493614, 16.756380643058655 ], [ -99.218480539108555, 16.756343276956503 ], [ -99.218382796650545, 16.756199829890409 ], [ -99.218179821793129, 16.755926683888379 ], [ -99.218150375742326, 16.755889974881306 ], [ -99.218059554259398, 16.755776751891617 ], [ -99.217901726322438, 16.755600101961065 ], [ -99.2177589473159, 16.755455617383817 ], [ -99.217755125447468, 16.755451989150686 ], [ -99.217526804901397, 16.755235236102365 ], [ -99.217635437013698, 16.755300795020954 ], [ -99.217637550397001, 16.755302070435846 ], [ -99.21779939757738, 16.755383257002958 ], [ -99.217994256571671, 16.755451391375903 ], [ -99.218157174315749, 16.755483762096883 ], [ -99.21844384161075, 16.755512027171328 ], [ -99.218451068518377, 16.755512739731074 ], [ -99.218603814862888, 16.755511493151477 ], [ -99.218768159599477, 16.755478775971493 ], [ -99.218889321097507, 16.755425493951723 ], [ -99.219088460716321, 16.755298365032175 ], [ -99.219210692028966, 16.755196267260253 ], [ -99.219378246316538, 16.755017102900833 ], [ -99.219535271997287, 16.754820593369008 ], [ -99.219838794097171, 16.754410228924929 ], [ -99.219996935983531, 16.754206124495166 ], [ -99.220167840166582, 16.754004175854085 ], [ -99.220294538713944, 16.753871699250457 ], [ -99.220335290321572, 16.753833618510598 ], [ -99.220503730127817, 16.753676218034325 ], [ -99.220632710003812, 16.753569773149199 ], [ -99.220810458348808, 16.753445919749186 ], [ -99.220977725688854, 16.753345942257383 ], [ -99.221301779117653, 16.753169862946635 ], [ -99.221482569169808, 16.753080718193875 ], [ -99.221700886157208, 16.752989363430057 ], [ -99.221883957788592, 16.752926250239749 ], [ -99.222214855605941, 16.752828265233813 ], [ -99.222436214629923, 16.752771618904358 ], [ -99.222769393943096, 16.752699664916655 ], [ -99.223103333699541, 16.752636387691631 ], [ -99.22377197326017, 16.752518508922339 ], [ -99.224107789247611, 16.752455589630788 ], [ -99.224446598044352, 16.752384711595148 ], [ -99.224460855238036, 16.752381272257757 ], [ -99.224675463458738, 16.7523295010607 ], [ -99.224998770674404, 16.752241417041251 ], [ -99.225023250842881, 16.752234747473569 ], [ -99.225219458905883, 16.752174148129228 ], [ -99.225240043264222, 16.752166708461214 ], [ -99.22546029579685, 16.752087103885838 ], [ -99.225665482506656, 16.752002629477506 ], [ -99.226040205454439, 16.751836250231797 ], [ -99.226237498935404, 16.751742021020714 ], [ -99.226454656692113, 16.751625712932306 ], [ -99.22661929282458, 16.751526095374896 ], [ -99.226757668123071, 16.75143482308188 ], [ -99.226896043289045, 16.751343550696859 ], [ -99.227069657676594, 16.751220058078946 ], [ -99.22731375040793, 16.751032124957707 ], [ -99.227546957048659, 16.750842395613621 ], [ -99.228002483348661, 16.750461140228452 ], [ -99.22822817848747, 16.750267802535891 ], [ -99.228449738508232, 16.750069045350973 ], [ -99.228593310270298, 16.74993112118522 ], [ -99.228802465529824, 16.749716105889803 ], [ -99.228914528029208, 16.749591233618492 ], [ -99.229041560439967, 16.749431632188401 ], [ -99.229141218624989, 16.749290502086083 ], [ -99.229313160596163, 16.74902671316514 ], [ -99.229398180844726, 16.748884514438831 ], [ -99.229481299839719, 16.748721707254077 ], [ -99.22953481129278, 16.748592560689129 ], [ -99.229612226631261, 16.748367928180773 ], [ -99.229653333934451, 16.748222523906858 ], [ -99.229699240558872, 16.748010943605706 ], [ -99.229734644286268, 16.747803714044526 ], [ -99.229756573208959, 16.747654583722984 ], [ -99.229794948745166, 16.747393605650526 ], [ -99.229823217085197, 16.747182406536773 ], [ -99.229847717775087, 16.74695891760528 ], [ -99.229860283950146, 16.746797635170065 ], [ -99.229866149665241, 16.746681920337995 ], [ -99.229873481800453, 16.746537276795973 ], [ -99.229877046345166, 16.74638034344121 ], [ -99.229874542155514, 16.746169901752729 ], [ -99.229866803979277, 16.745976098958639 ], [ -99.229846093694377, 16.745605132256848 ], [ -99.229831587505586, 16.745400489332908 ], [ -99.229808779205598, 16.745157527267835 ], [ -99.229785271575494, 16.744957233415285 ], [ -99.229737557068532, 16.744599313911579 ], [ -99.229702747002563, 16.744362150588199 ], [ -99.229646031332123, 16.744008580118674 ], [ -99.229586315390989, 16.743656459310493 ], [ -99.22950979548358, 16.743217214311855 ], [ -99.229463883713748, 16.74295366728802 ], [ -99.22942823740236, 16.742738271798611 ], [ -99.229405669996453, 16.742601906302898 ], [ -99.229353460034559, 16.742249415439282 ], [ -99.229324657030773, 16.742013691668308 ], [ -99.229290457937793, 16.741659011224463 ], [ -99.229277462009136, 16.741461236680031 ], [ -99.229272673236522, 16.741222593499678 ], [ -99.229277687847755, 16.741022629411034 ], [ -99.229297520399641, 16.74066138032024 ], [ -99.229313807397119, 16.740473336125746 ], [ -99.229342835842431, 16.740270452637251 ], [ -99.229374929571719, 16.740120357682464 ], [ -99.229378132083596, 16.740108576664561 ], [ -99.229442182240277, 16.739872956294345 ], [ -99.229492286190279, 16.739720671768517 ], [ -99.229575345365546, 16.739511219572659 ], [ -99.229663673293487, 16.739314417084696 ], [ -99.229845597544553, 16.738933461730028 ], [ -99.229930923224643, 16.738737024053822 ], [ -99.230004976385075, 16.738528666470948 ], [ -99.230043072730396, 16.738377841531715 ], [ -99.230083308645874, 16.738133724307829 ], [ -99.230086567742688, 16.738090330028328 ], [ -99.230094389569572, 16.737986183756657 ], [ -99.230087396502313, 16.737787679332438 ], [ -99.230674602259754, 16.737071175045514 ], [ -99.230860060976809, 16.736844878183106 ], [ -99.231015035111298, 16.736836388314227 ], [ -99.231275014737449, 16.736771011309337 ], [ -99.23143779338173, 16.736699595939879 ], [ -99.231666149571709, 16.736550726886573 ], [ -99.231883964353599, 16.736374027086818 ], [ -99.232309051618785, 16.735992796329008 ], [ -99.232521959134786, 16.735793321289552 ], [ -99.232735595223318, 16.735576127361306 ], [ -99.232878748015636, 16.735413612615609 ], [ -99.233094570222221, 16.735143262303101 ], [ -99.23321520015584, 16.734975348914709 ], [ -99.233361267919022, 16.734741959142635 ], [ -99.233484084200953, 16.734520889574632 ], [ -99.233706464860902, 16.734091070548921 ], [ -99.233822501873391, 16.73385048265169 ], [ -99.233948232657156, 16.733558538095597 ], [ -99.234041746992318, 16.733312551750217 ], [ -99.234073245595496, 16.733221804219273 ], [ -99.234196558994185, 16.732866537239385 ], [ -99.234292259276515, 16.732567394734499 ], [ -99.234424548186993, 16.732115981750404 ], [ -99.234549329195403, 16.73166276925096 ], [ -99.234791382224529, 16.730754544578168 ], [ -99.234906406756437, 16.730302789269182 ], [ -99.235009428503787, 16.729855748194822 ], [ -99.23506610717277, 16.729562435090724 ], [ -99.235133121550533, 16.729129536871881 ], [ -99.235158349442671, 16.728893752165661 ], [ -99.235167018921317, 16.728619296284982 ], [ -99.235165353797413, 16.72858505645485 ], [ -99.235156240229472, 16.72839765452504 ], [ -99.235115234806727, 16.728007185114098 ], [ -99.235115212402988, 16.72800705192671 ], [ -99.235088470900706, 16.727848076886534 ], [ -99.23585564150288, 16.72767183152882 ], [ -99.237943995048866, 16.727192049165748 ], [ -99.23794659018742, 16.727191452939028 ], [ -99.238381891970306, 16.727121157640877 ], [ -99.239172038109359, 16.726993557350141 ], [ -99.24002527239972, 16.72685576540847 ], [ -99.240263333224405, 16.726817319427706 ], [ -99.240302627616984, 16.726810973494569 ], [ -99.24054357619714, 16.72677206080883 ], [ -99.240600655098518, 16.726853909250721 ], [ -99.240756255460624, 16.727052240277036 ], [ -99.240852453439985, 16.727159881633767 ], [ -99.240985446915801, 16.727284474701516 ], [ -99.241110904747316, 16.72738448843247 ], [ -99.241111124498715, 16.727384646847206 ], [ -99.241134445618556, 16.727401458609574 ], [ -99.241354284946524, 16.727559936420157 ], [ -99.241483851281913, 16.727644396797078 ], [ -99.241499704213254, 16.727652898613485 ], [ -99.241629169871302, 16.727722330067603 ], [ -99.241741801136229, 16.72776775849178 ], [ -99.24193437634014, 16.72782611044245 ], [ -99.242057114750267, 16.727852001058984 ], [ -99.242625840225486, 16.728920913543618 ], [ -99.242644762293793, 16.729047085800197 ], [ -99.242704667055094, 16.72923684952768 ], [ -99.24278558636486, 16.729426950123301 ], [ -99.242968439941578, 16.729807488074027 ], [ -99.243080152762786, 16.730015270161729 ], [ -99.243232437419294, 16.730258078515661 ], [ -99.243374532398022, 16.730454976987804 ], [ -99.243648533083984, 16.730802863873507 ], [ -99.243841327984441, 16.731031160405976 ], [ -99.244145712049146, 16.731368163060775 ], [ -99.244460224430867, 16.731701537369215 ], [ -99.244987362515872, 16.732248439952816 ], [ -99.245099379746677, 16.732364656569672 ], [ -99.245471367882047, 16.732743521210121 ], [ -99.245948175592858, 16.733216996547849 ], [ -99.246370867245801, 16.733627257308637 ], [ -99.247162137089902, 16.734384562908875 ], [ -99.247706554039482, 16.734899897341329 ], [ -99.248548535493782, 16.735688594761605 ], [ -99.249407424352881, 16.73648775424552 ], [ -99.251142124258863, 16.738096527524011 ], [ -99.252014544821407, 16.738896020839551 ], [ -99.252897092045515, 16.739685735031834 ], [ -99.253495580282546, 16.740202433670618 ], [ -99.254408497745416, 16.740962815221419 ], [ -99.254925796609257, 16.741375472231073 ], [ -99.255564773034081, 16.741853063141605 ], [ -99.256112434845534, 16.742236390859635 ], [ -99.257116446411587, 16.742908781116125 ], [ -99.257647167089061, 16.743247650432739 ], [ -99.258235314281492, 16.743591870331453 ], [ -99.258684838305413, 16.743826701167702 ], [ -99.259445263671651, 16.744186973019559 ], [ -99.259925148359997, 16.744392474324417 ], [ -99.260604376365791, 16.74464870677847 ], [ -99.261256538725803, 16.744870258801811 ], [ -99.262533800167006, 16.745278678597742 ], [ -99.263177319976492, 16.745489026256163 ], [ -99.263830615398732, 16.745711653370922 ], [ -99.264275920771752, 16.745872351749295 ], [ -99.264958541687975, 16.746131819638755 ], [ -99.26534755066956, 16.746288248889265 ], [ -99.265831956183064, 16.746498069507528 ], [ -99.266250289890408, 16.746691341192264 ], [ -99.267020886762907, 16.747061334443611 ], [ -99.267430231206035, 16.747265462951702 ], [ -99.267887666465313, 16.747507856489374 ], [ -99.268240714014894, 16.747707717378791 ], [ -99.268588048059272, 16.747913903727049 ], [ -99.268842422124536, 16.748064906000813 ], [ -99.269224795786897, 16.748301608883544 ], [ -99.269770208511304, 16.748654529120735 ], [ -99.270296856842918, 16.749006026108137 ], [ -99.271331392806445, 16.749707594258595 ], [ -99.271855789999989, 16.750055474241666 ], [ -99.272394441866737, 16.750397548640027 ], [ -99.272767796957254, 16.750619793197611 ], [ -99.273312318617016, 16.750923852169354 ], [ -99.273349210390364, 16.750944452317469 ], [ -99.273385007372923, 16.750962980326051 ], [ -99.27368647148964, 16.751119013468841 ], [ -99.274116840640815, 16.751318038311645 ], [ -99.274496861464939, 16.751475185113016 ], [ -99.275206555521294, 16.751747599632015 ], [ -99.27558879860284, 16.751883046196728 ], [ -99.275993498568013, 16.752007063810517 ], [ -99.276025832865699, 16.752016972399652 ], [ -99.276371980044431, 16.752104736278564 ], [ -99.276973387443022, 16.752234101158891 ], [ -99.277362293720302, 16.752304449773643 ], [ -99.277927604935016, 16.752386130877579 ], [ -99.278480884081361, 16.752451916834438 ], [ -99.279560417294846, 16.752566006218853 ], [ -99.279575410820115, 16.752567590753721 ], [ -99.279591926503514, 16.752569460352397 ], [ -99.280130938517729, 16.752630476525951 ], [ -99.280702994326106, 16.75270346274641 ], [ -99.281100892888688, 16.752762221259211 ], [ -99.281418326016862, 16.752814964877086 ], [ -99.28172253292152, 16.752865510383163 ], [ -99.282084416633197, 16.752932994253296 ], [ -99.282548427617726, 16.753032157294683 ], [ -99.282959895676925, 16.7531299450091 ], [ -99.28373028957283, 16.753324143875986 ], [ -99.284146281682951, 16.753434940111021 ], [ -99.284623863553634, 16.753573131140158 ], [ -99.285003841224309, 16.753692653398105 ], [ -99.285666192912871, 16.753913028451663 ], [ -99.286095756372433, 16.754062853301011 ], [ -99.28672209504802, 16.75429195294543 ], [ -99.287336430023998, 16.754523960076238 ], [ -99.288553099183716, 16.754990878251657 ], [ -99.289160682077451, 16.755222166142403 ], [ -99.289766758651496, 16.755449115293256 ], [ -99.290169302712485, 16.75559607680351 ], [ -99.290770858259677, 16.755810012202353 ], [ -99.291103548559519, 16.755924527520889 ], [ -99.291500063382998, 16.75605413874931 ], [ -99.291828231082249, 16.756155642157236 ], [ -99.292373884489407, 16.756317947910144 ], [ -99.292416219705288, 16.756330540536815 ], [ -99.292719595271151, 16.756416891018656 ], [ -99.292740157234775, 16.756422262556676 ], [ -99.293041732830162, 16.756501044876433 ], [ -99.293275253084431, 16.756554950971807 ], [ -99.293464464656083, 16.756593733209634 ], [ -99.293653676301574, 16.756632515272539 ], [ -99.293882673282155, 16.756673409998978 ], [ -99.294031044738958, 16.756695105548491 ], [ -99.294191240901696, 16.756718530034611 ], [ -99.294476523288623, 16.756752835255288 ], [ -99.295023802941913, 16.756810630219299 ], [ -99.295306838248209, 16.756847830193035 ], [ -99.295608664418111, 16.756901635825596 ], [ -99.295828672739006, 16.756954112028847 ], [ -99.296186871675573, 16.757057734882967 ], [ -99.296404662099008, 16.757131908838087 ], [ -99.296699834421119, 16.757250807982416 ], [ -99.296973998015829, 16.757374799157137 ], [ -99.297501317155167, 16.757627872905633 ], [ -99.29779353346936, 16.757775701633044 ], [ -99.298142862813464, 16.757966114580331 ], [ -99.298432862123207, 16.758135640768739 ], [ -99.298953531394417, 16.75845380588953 ], [ -99.299250884499841, 16.758642105220705 ], [ -99.299299905891871, 16.758673148018151 ], [ -99.29981836018743, 16.759013009288498 ], [ -99.30033607704479, 16.759360102016537 ], [ -99.301370777126678, 16.760061516252161 ], [ -99.301900136437823, 16.760410034266041 ], [ -99.302453510581202, 16.760754176627433 ], [ -99.30284644070943, 16.760979229722469 ], [ -99.303471857060913, 16.761310246370272 ], [ -99.30384332448881, 16.76148976925538 ], [ -99.304332309690437, 16.76169732177069 ], [ -99.304775817653692, 16.761863719516004 ], [ -99.304953855033915, 16.761925419497803 ], [ -99.305616928737621, 16.762155210174843 ], [ -99.305617357320273, 16.762155358700884 ], [ -99.30607772523085, 16.762302202973252 ], [ -99.30661728816591, 16.76245109797674 ], [ -99.307056191620859, 16.762552412122446 ], [ -99.307833339312438, 16.762707458539893 ], [ -99.308344283036092, 16.762795645269478 ], [ -99.309099966253669, 16.762905159152258 ], [ -99.309848494752174, 16.76299949439602 ], [ -99.309848560718649, 16.762999506349075 ], [ -99.309858272558387, 16.763001266124295 ], [ -99.310540080871007, 16.763124807826621 ], [ -99.311118980388969, 16.763229700849976 ], [ -99.312557032717649, 16.763460844434416 ], [ -99.312757477165292, 16.763493061784366 ], [ -99.312789572739007, 16.763498507200136 ], [ -99.313111526307665, 16.763553130358268 ], [ -99.315336580411667, 16.763930621954628 ], [ -99.315715560628078, 16.763994915299918 ], [ -99.315855995984492, 16.764018739729234 ], [ -99.316479531786641, 16.764124519442852 ], [ -99.316719802130066, 16.764165279562079 ], [ -99.313133097221311, 16.796744010855246 ], [ -99.30929523350278, 16.848202163366707 ], [ -99.290080818552156, 16.928326376061516 ], [ -99.34829798213238, 16.956325655582887 ], [ -99.369396872890647, 17.02664976838825 ], [ -99.330986340562006, 17.062352855579334 ], [ -99.289106275517099, 17.05179502684831 ], [ -99.289098128994411, 17.050073133313642 ], [ -99.28909810978773, 17.05006907358273 ], [ -99.289097680710327, 17.049790085391262 ], [ -99.289100344099793, 17.049566627413455 ], [ -99.289109009902646, 17.049335567784894 ], [ -99.289120789505105, 17.049173926383304 ], [ -99.289147462476464, 17.048920061804761 ], [ -99.28916828316045, 17.048771424276239 ], [ -99.289181425630929, 17.048700900424056 ], [ -99.289204072238689, 17.048579376269199 ], [ -99.289242899988579, 17.048407933781615 ], [ -99.28932359402792, 17.048085654306444 ], [ -99.289371437636163, 17.04791094476159 ], [ -99.28943427451253, 17.047709095613282 ], [ -99.289491159024038, 17.047547389907692 ], [ -99.28951731572711, 17.047478668092108 ], [ -99.289598975557425, 17.047264121913376 ], [ -99.289673866764744, 17.047079611170833 ], [ -99.289790723845385, 17.046809346931447 ], [ -99.289910594287448, 17.046543417239981 ], [ -99.290153347858407, 17.046015892253433 ], [ -99.290273220087741, 17.045751770221209 ], [ -99.290331652026254, 17.045619349750591 ], [ -99.290390083883736, 17.045486929262712 ], [ -99.290464984802028, 17.045309649732562 ], [ -99.290572823776401, 17.04504265210695 ], [ -99.290629726094835, 17.044893601216529 ], [ -99.290692594197751, 17.044713446196702 ], [ -99.290740472061529, 17.044562238724257 ], [ -99.290821237475996, 17.044288771316712 ], [ -99.290860107667285, 17.044146254540291 ], [ -99.290895952941398, 17.043992171637321 ], [ -99.290916824900052, 17.043877883579842 ], [ -99.290943595505937, 17.043689102311404 ], [ -99.29095544318649, 17.043572657708594 ], [ -99.290964215647548, 17.043412105170937 ], [ -99.290966988744302, 17.04326096221066 ], [ -99.290966535587899, 17.042968085863638 ], [ -99.290960660927283, 17.042815147395963 ], [ -99.290943490117641, 17.0426492083425 ], [ -99.290920746777886, 17.042525581719559 ], [ -99.290895217186062, 17.042423111309532 ], [ -99.290869687622944, 17.042320640894843 ], [ -99.290830025350331, 17.04219378428245 ], [ -99.290762097697083, 17.042018155263964 ], [ -99.290688547275792, 17.041852296828626 ], [ -99.290535823932458, 17.0415303504709 ], [ -99.29044533821228, 17.041350414655863 ], [ -99.29035563769412, 17.041185826204927 ], [ -99.290326604227076, 17.041132553604964 ], [ -99.290219200000621, 17.040949387654781 ], [ -99.290015721603638, 17.040617750756976 ], [ -99.289874430125479, 17.040395582680109 ], [ -99.289654034132525, 17.040060715322983 ], [ -99.289427999337121, 17.039724771004671 ], [ -99.288970292615332, 17.039051804831459 ], [ -99.288734485700928, 17.038714427260619 ], [ -99.288484770084636, 17.038375261250167 ], [ -99.28830438397533, 17.038147362237549 ], [ -99.28801294137412, 17.037802831134155 ], [ -99.287837119789643, 17.037609636585593 ], [ -99.287601097316781, 17.037374584148179 ], [ -99.287383548190746, 17.037176024568435 ], [ -99.286966923955191, 17.036815397864981 ], [ -99.286736987792594, 17.036626617626144 ], [ -99.286463802873982, 17.036420903953417 ], [ -99.286429713622354, 17.036397598834508 ], [ -99.286238430764371, 17.036266828081285 ], [ -99.285835499685035, 17.036010313843352 ], [ -99.285568400550076, 17.035850872220387 ], [ -99.285170034117485, 17.035629061604126 ], [ -99.284773189541298, 17.035418818520974 ], [ -99.283981023896658, 17.03500989831759 ], [ -99.28358794916798, 17.034805432838613 ], [ -99.283200888910017, 17.034600958205861 ], [ -99.282948862821641, 17.034464632995995 ], [ -99.28257984478914, 17.034260132044277 ], [ -99.282380848725566, 17.034146511755658 ], [ -99.282152878255914, 17.034010152123816 ], [ -99.281971923519848, 17.033896506386622 ], [ -99.281657030016248, 17.033691928647098 ], [ -99.281499765764679, 17.033585842776958 ], [ -99.281342866185739, 17.03347216315726 ], [ -99.281238631071702, 17.033388783050498 ], [ -99.281082825333115, 17.033252322350275 ], [ -99.280996631196842, 17.033168917172354 ], [ -99.280916864165761, 17.033080629879603 ], [ -99.280893854459194, 17.03305516238515 ], [ -99.280808754048735, 17.032948976251223 ], [ -99.2806562296945, 17.032744172591073 ], [ -99.280586913008108, 17.032636518261057 ], [ -99.280531487127718, 17.032518359001788 ], [ -99.280508427300887, 17.032429081250797 ], [ -99.280494673669565, 17.032279407266458 ], [ -99.280500923477106, 17.032185750150216 ], [ -99.280533426485917, 17.032054452783981 ], [ -99.280581348314001, 17.031929280947757 ], [ -99.280692610629004, 17.031685062767828 ], [ -99.280764192729748, 17.031547926175421 ], [ -99.280867676785178, 17.031380734584669 ], [ -99.280925265844743, 17.03129995680009 ], [ -99.280968568072012, 17.031239218506379 ], [ -99.281067528560655, 17.031111359769017 ], [ -99.281167757637078, 17.030981861768367 ], [ -99.281201864211056, 17.030940465950874 ], [ -99.281310320162802, 17.030808830677664 ], [ -99.281538818113816, 17.030547094103241 ], [ -99.281777085183393, 17.03028389742822 ], [ -99.28226338704853, 17.029756043380441 ], [ -99.282502024149863, 17.029490314308429 ], [ -99.282731634967135, 17.029220981735595 ], [ -99.282875682875826, 17.029037823326824 ], [ -99.283078215821718, 17.028757680710822 ], [ -99.28318170827599, 17.028598442633097 ], [ -99.283289652943097, 17.028400871111042 ], [ -99.283366068297497, 17.028230823337115 ], [ -99.283487369579291, 17.027918251525261 ], [ -99.283541240828683, 17.027752574033261 ], [ -99.283581553507972, 17.027568113412951 ], [ -99.283594870116914, 17.027426356548165 ], [ -99.283594507319179, 17.027185546577073 ], [ -99.283580747329552, 17.027032980142952 ], [ -99.283539830219908, 17.026816090805983 ], [ -99.283485395106865, 17.026607174998119 ], [ -99.283401948731125, 17.026327726275241 ], [ -99.283363007175993, 17.026197316855619 ], [ -99.283333262078429, 17.026104101164051 ], [ -99.283296924303784, 17.025990225093391 ], [ -99.283221063369766, 17.025778807991099 ], [ -99.283160711308682, 17.025633537921369 ], [ -99.283078413468417, 17.025457987468943 ], [ -99.283055516113109, 17.025409144795876 ], [ -99.283032986514712, 17.025366546475887 ], [ -99.282987296268388, 17.025280156596995 ], [ -99.282887831875797, 17.02511758513204 ], [ -99.282790277775717, 17.024975620869281 ], [ -99.282597080114854, 17.024712299449593 ], [ -99.282487125632812, 17.024571436989874 ], [ -99.282350459639886, 17.024412171097485 ], [ -99.282232637459757, 17.024287590396614 ], [ -99.282015837087144, 17.024073114089603 ], [ -99.281868681087488, 17.023935557046066 ], [ -99.281644013446666, 17.023737362211726 ], [ -99.281416723577919, 17.023544594408968 ], [ -99.280959522525507, 17.023164485294902 ], [ -99.280720205380334, 17.022970286985316 ], [ -99.280459454142019, 17.022767801652343 ], [ -99.280264185732818, 17.022624524485934 ], [ -99.279939131891638, 17.022397178193337 ], [ -99.279737112264726, 17.022262587657146 ], [ -99.279456107053164, 17.022086162432544 ], [ -99.27918978478921, 17.021926710806817 ], [ -99.278671823958746, 17.021624780518788 ], [ -99.27838181797722, 17.021459936586467 ], [ -99.278029760240358, 17.021267335563326 ], [ -99.277733003314211, 17.021111177775246 ], [ -99.277194790837484, 17.020835304880173 ], [ -99.276833732695536, 17.020654284492959 ], [ -99.276288770725486, 17.02038709620307 ], [ -99.275741559582812, 17.020122802096278 ], [ -99.274644891140497, 17.019597105040333 ], [ -99.274098069315798, 17.019338952729441 ], [ -99.273554269194719, 17.019090195883962 ], [ -99.273194756770479, 17.01893375413367 ], [ -99.272660019495945, 17.018713185762984 ], [ -99.272365963920507, 17.018600044144492 ], [ -99.272049554449737, 17.018491800372534 ], [ -99.272018533932595, 17.018481188211197 ], [ -99.271733539451205, 17.018396236629716 ], [ -99.271225986184518, 17.018260237366903 ], [ -99.270980884012104, 17.018202652391153 ], [ -99.270965830776504, 17.018199115731921 ], [ -99.270692917430353, 17.018151750696564 ], [ -99.270498217157467, 17.018133930724776 ], [ -99.270496525920734, 17.01813389760132 ], [ -99.270187029605566, 17.018127835772781 ], [ -99.270001389485415, 17.018138206374967 ], [ -99.269992501276462, 17.018139552160843 ], [ -99.269755656600623, 17.018175413253964 ], [ -99.269531741830136, 17.018227054056112 ], [ -99.269105730107725, 17.01834476919009 ], [ -99.268893102959098, 17.018405795392059 ], [ -99.268681233498924, 17.018471159308543 ], [ -99.268540744935109, 17.018519073066873 ], [ -99.268331148685732, 17.018597450428686 ], [ -99.268215464067794, 17.018645331251889 ], [ -99.268078006517314, 17.018710596441121 ], [ -99.267964595206308, 17.018771490935389 ], [ -99.267761818718071, 17.018888909157006 ], [ -99.267657433061444, 17.018954130539669 ], [ -99.267547052688229, 17.019032376559824 ], [ -99.267467471070233, 17.019097565228485 ], [ -99.267339106544128, 17.019214885200416 ], [ -99.26727785453599, 17.019276845573557 ], [ -99.267261798177671, 17.019293087610098 ], [ -99.267158237625324, 17.019410374885759 ], [ -99.267135196739488, 17.019438731266074 ], [ -99.267062945027931, 17.019527651256659 ], [ -99.266880627572419, 17.019762193020284 ], [ -99.26678758648832, 17.019877296841393 ], [ -99.26669078091723, 17.019988066618886 ], [ -99.266622479433181, 17.020057579109238 ], [ -99.266514380552991, 17.020155346795395 ], [ -99.266450561198369, 17.020205328146314 ], [ -99.266367202058603, 17.020257504528278 ], [ -99.266292089516952, 17.020294483807824 ], [ -99.266150111002887, 17.020353245221568 ], [ -99.266072728111155, 17.020379380051388 ], [ -99.265982557996992, 17.020399023166075 ], [ -99.265909657378231, 17.020405626863248 ], [ -99.265781125648019, 17.020405794812429 ], [ -99.265696931939601, 17.020399396378409 ], [ -99.265572882561798, 17.020380033130632 ], [ -99.265450327329134, 17.020354159453472 ], [ -99.265206711090414, 17.020295901524335 ], [ -99.265083013729225, 17.020259543350896 ], [ -99.264955537831852, 17.020208726901746 ], [ -99.264866775362862, 17.020160391022401 ], [ -99.2647279639001, 17.020066199822562 ], [ -99.264647067925608, 17.019999413129952 ], [ -99.264565036708419, 17.019915571639178 ], [ -99.264543191450954, 17.019893244279789 ], [ -99.264530771758132, 17.019878410186593 ], [ -99.264450960008475, 17.019783082879904 ], [ -99.264303141107959, 17.019591215614501 ], [ -99.26427814235322, 17.019558767462637 ], [ -99.264253174633865, 17.019523805331794 ], [ -99.264184754854043, 17.019427997486627 ], [ -99.26407740986474, 17.019260003039477 ], [ -99.263991889053486, 17.019110782275291 ], [ -99.263842671778889, 17.018831114389087 ], [ -99.263745815979036, 17.018638518836568 ], [ -99.263604465857625, 17.018340400071956 ], [ -99.263465738324868, 17.018036130970877 ], [ -99.263190906758226, 17.017421442218875 ], [ -99.26304427580159, 17.017108143554065 ], [ -99.262879213670331, 17.016782936498934 ], [ -99.26275074093158, 17.016554223430408 ], [ -99.262530385029848, 17.016193291206001 ], [ -99.262389533893128, 17.01598086487482 ], [ -99.262187336214794, 17.015704518136666 ], [ -99.261991191380162, 17.015456366494181 ], [ -99.261604955441058, 17.014988257928575 ], [ -99.261386254338504, 17.0147336262512 ], [ -99.261116386251985, 17.014437840053297 ], [ -99.260885307204305, 17.014199494712987 ], [ -99.260461938838517, 17.013780244526117 ], [ -99.260175567886662, 17.013506172838838 ], [ -99.259739823382148, 17.013103207930151 ], [ -99.259299954310322, 17.012705670980399 ], [ -99.258416095291324, 17.01191602302228 ], [ -99.25797473944462, 17.011526439707616 ], [ -99.257534527168787, 17.011147339728524 ], [ -99.257242195030841, 17.01090509019344 ], [ -99.256805410785404, 17.010557441580126 ], [ -99.256563895254558, 17.01037478738143 ], [ -99.256276132241865, 17.010174473766593 ], [ -99.256038042682093, 17.010023271948786 ], [ -99.255611537368495, 17.009769979779289 ], [ -99.255391528532016, 17.009649127086039 ], [ -99.255158006755678, 17.009539861604264 ], [ -99.25498881249429, 17.009478605241647 ], [ -99.254714751449157, 17.009404101569089 ], [ -99.254548982158454, 17.009374297893558 ], [ -99.254325735211509, 17.009359390624244 ], [ -99.254119426205747, 17.009364348792399 ], [ -99.253731355259035, 17.009393557505554 ], [ -99.253723746023468, 17.009394130218045 ], [ -99.253718297679356, 17.00939472179266 ], [ -99.253528357108408, 17.009415345216933 ], [ -99.25333787058895, 17.009449209181351 ], [ -99.253232736299253, 17.009479542553592 ], [ -99.253215781971662, 17.009484434214556 ], [ -99.253185090344417, 17.009496972680722 ], [ -99.253040002595995, 17.00955624536773 ], [ -99.252947249749127, 17.009608789549816 ], [ -99.252844770612384, 17.009694611009198 ], [ -99.252766724879876, 17.009785102602439 ], [ -99.252635066709459, 17.009970755900106 ], [ -99.252571701816535, 17.010079669710134 ], [ -99.252513265422735, 17.010220757887566 ], [ -99.252479236348478, 17.010346991050536 ], [ -99.252435585506475, 17.010584602364759 ], [ -99.252416263563234, 17.010748783032664 ], [ -99.252401948623628, 17.011003713726545 ], [ -99.252397412353588, 17.011264417546375 ], [ -99.252398118522436, 17.011791598298366 ], [ -99.252395090317364, 17.012055916014273 ], [ -99.252385299501739, 17.012321688423491 ], [ -99.252372009665081, 17.012500324725448 ], [ -99.252341930931692, 17.012770461219823 ], [ -99.252318457859928, 17.012921991743603 ], [ -99.252278117380868, 17.013106446820682 ], [ -99.252234356293144, 17.013262341420262 ], [ -99.252143413381404, 17.013545570118879 ], [ -99.252111915451792, 17.01363221196965 ], [ -99.252089495033161, 17.013693884117185 ], [ -99.252063183343594, 17.013753972107864 ], [ -99.252018682998767, 17.013855597426332 ], [ -99.251954581291102, 17.013976805605783 ], [ -99.251833088110246, 17.014178716803297 ], [ -99.251748698125013, 17.014304288963192 ], [ -99.251617021360218, 17.014479094237423 ], [ -99.25148194997071, 17.014644864157933 ], [ -99.25120841210655, 17.014967368458262 ], [ -99.251061303370051, 17.015125198231171 ], [ -99.250893515467908, 17.015276183401841 ], [ -99.250760977791657, 17.015369995596128 ], [ -99.250731513045352, 17.01538672014026 ], [ -99.250531152630714, 17.015500446928307 ], [ -99.25038279291347, 17.015566075231337 ], [ -99.250167539033328, 17.015632508828837 ], [ -99.249957142284416, 17.015677603100961 ], [ -99.249541205810431, 17.015746451906185 ], [ -99.249304856002666, 17.015775306295527 ], [ -99.249011743223136, 17.015793020941722 ], [ -99.248759571787687, 17.015793690931638 ], [ -99.248296170343181, 17.015777985832003 ], [ -99.247981962295015, 17.015758120562502 ], [ -99.247502739691825, 17.01571422980339 ], [ -99.247018243560191, 17.01566094327066 ], [ -99.2460587399719, 17.015546729239549 ], [ -99.246043978386822, 17.01554497206515 ], [ -99.246030812333288, 17.015543582867913 ], [ -99.245556103080602, 17.015493494019097 ], [ -99.245066741700896, 17.015455033420917 ], [ -99.244739014536478, 17.015442410986012 ], [ -99.244245194287387, 17.015443004266942 ], [ -99.243969363296088, 17.015456351963884 ], [ -99.243635690486315, 17.015495802208989 ], [ -99.243355400034545, 17.015548204911806 ], [ -99.242848201153365, 17.015665962300559 ], [ -99.242583722386982, 17.015740039797286 ], [ -99.242297485187891, 17.01584451547053 ], [ -99.242084901943173, 17.01594456419302 ], [ -99.241733389132364, 17.016140234552612 ], [ -99.241516345522712, 17.016279338483532 ], [ -99.241216727523394, 17.016500980026478 ], [ -99.24093440750525, 17.016731278540092 ], [ -99.240387064100943, 17.017200531856545 ], [ -99.240104375876541, 17.017438422813978 ], [ -99.239803655907082, 17.017682843049045 ], [ -99.239585144439161, 17.017852319275452 ], [ -99.239264544167327, 17.018090869685246 ], [ -99.239230329860945, 17.018116327604556 ], [ -99.239190622745383, 17.018144601559175 ], [ -99.23901517910565, 17.018269528231308 ], [ -99.238724541679005, 17.018465121916922 ], [ -99.238455296606958, 17.018637910664122 ], [ -99.237938198033405, 17.01896068262624 ], [ -99.237652040900045, 17.01913457483117 ], [ -99.237310668778036, 17.019333479973564 ], [ -99.237027872418594, 17.019491096346638 ], [ -99.236520854955074, 17.019765039866968 ], [ -99.236183963155952, 17.019942243203506 ], [ -99.235680305286394, 17.020199909703635 ], [ -99.235177766727645, 17.020452149991755 ], [ -99.234173806267918, 17.020951201905 ], [ -99.233678025831139, 17.021201261263926 ], [ -99.233194647693566, 17.021452389943551 ], [ -99.233150987161579, 17.021476131607155 ], [ -99.232884798516807, 17.021620878968161 ], [ -99.232438629181658, 17.021875217474911 ], [ -99.232203160464408, 17.02201758680496 ], [ -99.231942924137059, 17.022190356715083 ], [ -99.231744665682555, 17.022335937298148 ], [ -99.231410126339355, 17.022599908993534 ], [ -99.231249064827409, 17.022737853627572 ], [ -99.231131220381485, 17.022856663545138 ], [ -99.231100420104056, 17.022887716126039 ], [ -99.231071433110856, 17.022925112577052 ], [ -99.23101374051744, 17.022999542394452 ], [ -99.230958043532567, 17.023092350570977 ], [ -99.23090234649321, 17.023185158732062 ], [ -99.230882671478554, 17.023230912549725 ], [ -99.23085287786698, 17.023300196898383 ], [ -99.230815866117211, 17.023459695095223 ], [ -99.230803648527186, 17.023610487264865 ], [ -99.230804007552294, 17.023903365576967 ], [ -99.230819608593279, 17.02405991143354 ], [ -99.230866052745881, 17.02423667068695 ], [ -99.230927858677191, 17.024374723571803 ], [ -99.23106683249442, 17.024612122912917 ], [ -99.231174883526961, 17.024764224741915 ], [ -99.231360062859736, 17.024983130838624 ], [ -99.231560644271255, 17.025195872387343 ], [ -99.231977210122963, 17.025615190460456 ], [ -99.232224051456399, 17.025852827481522 ], [ -99.232548009040244, 17.026146420709129 ], [ -99.232841097140721, 17.026398105633721 ], [ -99.233396404996768, 17.026859566490781 ], [ -99.233782026947424, 17.027171888991038 ], [ -99.234383585152671, 17.027647395455759 ], [ -99.235000561700716, 17.028127582788667 ], [ -99.236249939635144, 17.029092634264789 ], [ -99.236882715608516, 17.029576413139949 ], [ -99.237531659305745, 17.030062702149678 ], [ -99.237980454808451, 17.030389405767082 ], [ -99.238677897821134, 17.030883227392305 ], [ -99.239081532330729, 17.031160083718024 ], [ -99.239594991635414, 17.031496831824146 ], [ -99.240047122774769, 17.031781222176491 ], [ -99.240774017927095, 17.032226552056635 ], [ -99.240890058734777, 17.032297643628471 ], [ -99.24134330319319, 17.032567928165673 ], [ -99.241410113157158, 17.032605991907129 ], [ -99.241860098613444, 17.032862361816495 ], [ -99.242268179579369, 17.033082800189135 ], [ -99.242644295973079, 17.033277853596164 ], [ -99.242975627809585, 17.033449680877986 ], [ -99.24343220592587, 17.03367765204657 ], [ -99.244094491694298, 17.033994685072951 ], [ -99.244741723951137, 17.034295101440637 ], [ -99.246021138719072, 17.034879313522875 ], [ -99.246666118113851, 17.035176833769089 ], [ -99.247321637709007, 17.035485186450252 ], [ -99.247769190174026, 17.035701588201849 ], [ -99.248456328200277, 17.036042440631814 ], [ -99.248848610926174, 17.036242636505069 ], [ -99.249338320327453, 17.036502372469901 ], [ -99.249762220107428, 17.036735069766426 ], [ -99.25054421156311, 17.037173424443846 ], [ -99.250960228536769, 17.037411552572667 ], [ -99.251426286496979, 17.037687583602452 ], [ -99.251787032630631, 17.037909507361594 ], [ -99.252326827617537, 17.038250932326225 ], [ -99.252403213857903, 17.038299247060905 ], [ -99.252795578303775, 17.038553671712673 ], [ -99.253356490199479, 17.038927206185665 ], [ -99.2538989797591, 17.039295338419556 ], [ -99.254965540563859, 17.040026197868961 ], [ -99.255493748667675, 17.040390727869877 ], [ -99.256011808001347, 17.040753461356733 ], [ -99.256347031171686, 17.040993487841856 ], [ -99.256834641253477, 17.041350833912308 ], [ -99.257095385680458, 17.041547563939552 ], [ -99.257390008134124, 17.041780408460959 ], [ -99.25762030106911, 17.041971752695911 ], [ -99.258016557892446, 17.042312940638521 ], [ -99.258211874037414, 17.042488057599765 ], [ -99.25840156493966, 17.042672220952994 ], [ -99.258522400143477, 17.042804043009671 ], [ -99.258695214864773, 17.043015345845664 ], [ -99.258785597610469, 17.043141782840255 ], [ -99.258883930984567, 17.043309791057286 ], [ -99.258957437195193, 17.043463367768059 ], [ -99.259079622592154, 17.043756089660452 ], [ -99.25913921643631, 17.043905706681439 ], [ -99.259195812378252, 17.044061835897093 ], [ -99.259230545060305, 17.044172434246139 ], [ -99.259278147161552, 17.044348100080338 ], [ -99.25927977546975, 17.044355329548559 ], [ -99.259301594811873, 17.044452204420779 ], [ -99.259324335623774, 17.044588851614943 ], [ -99.259338789321362, 17.044712492599182 ], [ -99.259359409616309, 17.044946768355477 ], [ -99.259367103634816, 17.045074756887999 ], [ -99.259369565361993, 17.045224446733169 ], [ -99.25936597420997, 17.04534594127643 ], [ -99.259352739005152, 17.045560735059215 ], [ -99.259340153783143, 17.045701766249547 ], [ -99.259315633305718, 17.045910066036761 ], [ -99.259300549433831, 17.046020004767183 ], [ -99.259287351032242, 17.046116201154621 ], [ -99.259274423951325, 17.046204080917949 ], [ -99.259227024556338, 17.046526306704735 ], [ -99.259201760082036, 17.046740392648879 ], [ -99.259186293279186, 17.046972544947778 ], [ -99.259185779793029, 17.047145379504947 ], [ -99.259187636643489, 17.04718355968819 ], [ -99.259199706192661, 17.047431730875129 ], [ -99.259217240864899, 17.047608881324035 ], [ -99.259255918519727, 17.047853981297184 ], [ -99.25928235690111, 17.047984319043731 ], [ -99.259302846672782, 17.048085330793437 ], [ -99.259404953741978, 17.048534279266949 ], [ -99.2594676961955, 17.048785133676876 ], [ -99.259553816341537, 17.049088748452071 ], [ -99.2596346075063, 17.04934391865654 ], [ -99.259790861186488, 17.049805814426559 ], [ -99.259901046874106, 17.050115183466918 ], [ -99.260075350321216, 17.050581394797245 ], [ -99.260255670812981, 17.051049044545 ], [ -99.260622330730854, 17.051985782047691 ], [ -99.260790634592126, 17.052459955026332 ], [ -99.260928884269816, 17.05294573690697 ], [ -99.260990996030372, 17.053281200508145 ], [ -99.261039081338154, 17.05380180948799 ], [ -99.261035740296705, 17.05410264577316 ], [ -99.26097763152282, 17.054484545658131 ], [ -99.260884124350042, 17.054820209148644 ], [ -99.260661710787176, 17.055445299579294 ], [ -99.26051632913844, 17.055781029457808 ], [ -99.260302598149394, 17.056163128685576 ], [ -99.260091761355341, 17.056464230764909 ], [ -99.259672980993102, 17.056985437354406 ], [ -99.259371974756547, 17.05732136534748 ], [ -99.258887736281224, 17.057807942547036 ], [ -99.258381677203587, 17.058282975908504 ], [ -99.257347733224563, 17.059221496081847 ], [ -99.256836394907438, 17.059690023929388 ], [ -99.256336329169329, 17.060157089960072 ], [ -99.256014225781257, 17.060467006112034 ], [ -99.255547981483048, 17.060929688642997 ], [ -99.255300231082799, 17.061185273549913 ], [ -99.255023225114002, 17.061489346196943 ], [ -99.254809298981954, 17.061740549095674 ], [ -99.25444452599146, 17.06219008496025 ], [ -99.254266659040653, 17.062421716945384 ], [ -99.254097832046384, 17.062667077377181 ], [ -99.253994320867875, 17.062844379526641 ], [ -99.253960581255697, 17.062912604784085 ], [ -99.253852614333894, 17.063130925569347 ], [ -99.25378292869884, 17.063303846386539 ], [ -99.253715578504156, 17.063536062845937 ], [ -99.253673013840924, 17.063750169471476 ], [ -99.253660083036237, 17.063838048776979 ], [ -99.253612669987135, 17.064160272885008 ], [ -99.253594534961948, 17.06437109477038 ], [ -99.253595062868555, 17.064390860304783 ], [ -99.253600473919349, 17.064593457030114 ], [ -99.253617263539169, 17.064689152953417 ], [ -99.253628507276417, 17.064753238909702 ], [ -99.253706668524003, 17.065010222265933 ], [ -99.253774165637779, 17.065164531137569 ], [ -99.253898495769022, 17.065370474366571 ], [ -99.254038215676701, 17.065559404148193 ], [ -99.254297396383578, 17.065876618350259 ], [ -99.254333045843225, 17.065920250015896 ], [ -99.254384812980447, 17.065978364364479 ], [ -99.254509995463138, 17.066118895367879 ], [ -99.254746013792555, 17.066353985668378 ], [ -99.254962428110744, 17.066547157422111 ], [ -99.255375653350214, 17.06689158199249 ], [ -99.255664292333023, 17.067119373434739 ], [ -99.256116984119103, 17.067458323077982 ], [ -99.256582832220602, 17.067795447165452 ], [ -99.257527688145586, 17.068467867456825 ], [ -99.257999176100469, 17.068802088429592 ], [ -99.258468780644108, 17.069132333333297 ], [ -99.258779966162237, 17.069348521043487 ], [ -99.259243918120305, 17.069666839288846 ], [ -99.259499784773084, 17.069839707356937 ], [ -99.25980343215916, 17.070039993732472 ], [ -99.260053644449329, 17.070200936302321 ], [ -99.260500634395683, 17.070483477273878 ], [ -99.260730522341333, 17.070626004684446 ], [ -99.260973195588676, 17.070771046420209 ], [ -99.261147762924281, 17.070870255326753 ], [ -99.261428791737444, 17.071022840243721 ], [ -99.261597704037399, 17.071110124022724 ], [ -99.261823411995479, 17.071219390537358 ], [ -99.262030679666751, 17.071314217558513 ], [ -99.262426775036076, 17.071489431753655 ], [ -99.262630215749766, 17.071535450308016 ], [ -99.262844441975901, 17.071498292150139 ], [ -99.263715111686295, 17.071518648332273 ], [ -99.264044291389183, 17.071526343550634 ], [ -99.263653209710128, 17.073582602180231 ], [ -99.262049423831726, 17.082014643703065 ], [ -99.260956177711293, 17.080971854257179 ], [ -99.260856997997962, 17.080751782082075 ], [ -99.260751912713403, 17.080610360217541 ], [ -99.260646827588019, 17.08046893829442 ], [ -99.260489132332978, 17.080343312442654 ], [ -99.260226216726068, 17.080249278601041 ], [ -99.259945719204282, 17.080218181173667 ], [ -99.25936714205379, 17.080218921863086 ], [ -99.259073166155616, 17.080227975400764 ], [ -99.25876981556948, 17.0802543961229 ], [ -99.258558207119478, 17.080289377286828 ], [ -99.258226732227058, 17.080367899999178 ], [ -99.258033204655447, 17.080428891072422 ] ], [ [ -99.217231507900053, 16.769550879343278 ], [ -99.217234089983108, 16.769841593287488 ], [ -99.217250885750531, 16.770089263285399 ], [ -99.217298691120405, 16.770541559318119 ], [ -99.217340324221382, 16.770846695572267 ], [ -99.217417418252921, 16.771309808288386 ], [ -99.217468133999461, 16.771582324462877 ], [ -99.217504275443602, 16.77177652652616 ], [ -99.217687753961698, 16.772713568379768 ], [ -99.217782492073823, 16.773178108571951 ], [ -99.217883226985848, 16.77363468742444 ], [ -99.217956380200434, 16.773931112012573 ], [ -99.218075104968577, 16.77436380691265 ], [ -99.21814705975477, 16.774596231651138 ], [ -99.218244199161305, 16.774860810991225 ], [ -99.218334143402288, 16.775069351808874 ], [ -99.21850683697609, 16.775430394848875 ], [ -99.218602378408221, 16.77560964099651 ], [ -99.218716308832754, 16.775786336463746 ], [ -99.218810651388239, 16.775901582764472 ], [ -99.218880437539326, 16.775971346718254 ], [ -99.218979748688312, 16.776070626148361 ], [ -99.219092080604426, 16.776161988412042 ], [ -99.219259978975572, 16.776267031822545 ], [ -99.219279254616012, 16.776276665126353 ], [ -99.219427477708621, 16.776350741849495 ], [ -99.219727933070942, 16.776481921495737 ], [ -99.219762075751547, 16.77649682824558 ], [ -99.219934063208441, 16.77656679273823 ], [ -99.219949284370472, 16.776572147841406 ], [ -99.220115427278515, 16.776630600080068 ], [ -99.220245713211185, 16.776666981207086 ], [ -99.220455206924072, 16.776712317211029 ], [ -99.220580968840423, 16.776731346760958 ], [ -99.220748760824662, 16.776743099458447 ], [ -99.220902652195647, 16.776743657707385 ], [ -99.2211965342876, 16.776733579568774 ], [ -99.221358294032783, 16.776722196641018 ], [ -99.221549691167013, 16.776698126157385 ], [ -99.221706926623256, 16.776669391618231 ], [ -99.221979214875276, 16.776609036264631 ], [ -99.221987235766846, 16.776607258349557 ], [ -99.222172600334275, 16.776560052184852 ], [ -99.222448384861792, 16.776480566967741 ], [ -99.222470428271833, 16.776473713937932 ], [ -99.222722661049318, 16.776395297613014 ], [ -99.223269704556486, 16.776218974048412 ], [ -99.223542473551774, 16.776129366190968 ], [ -99.223813737536545, 16.776036866908857 ], [ -99.223993075292057, 16.775972309459132 ], [ -99.224259824560804, 16.77587113639996 ], [ -99.22440651371754, 16.775812037935182 ], [ -99.224579832016673, 16.775735915732142 ], [ -99.224722006683862, 16.775668143863623 ], [ -99.224975212252801, 16.775540950351768 ], [ -99.225104999129911, 16.775472106982509 ], [ -99.225241154342982, 16.775392770532878 ], [ -99.225338292844569, 16.77532938651461 ], [ -99.225493553091667, 16.7752185708916 ], [ -99.225586177109506, 16.775146513596585 ], [ -99.225681510636406, 16.775064596715282 ], [ -99.22570878894615, 16.77504115736361 ], [ -99.225820517948563, 16.774937620921929 ], [ -99.225863032976378, 16.774896570301539 ], [ -99.226033092905126, 16.774732367732877 ], [ -99.226138065458755, 16.774628838530592 ], [ -99.226240408392115, 16.774523504224323 ], [ -99.22630600744553, 16.774451476275374 ], [ -99.226338897769878, 16.774412911709803 ], [ -99.226400461674757, 16.774340726739688 ], [ -99.226450306694247, 16.774277394152985 ], [ -99.226465254295888, 16.774255888135841 ], [ -99.226505387565908, 16.774198145947466 ], [ -99.226547344001574, 16.774129398194361 ], [ -99.226618132405022, 16.774002403133935 ], [ -99.226652207964136, 16.773934748787863 ], [ -99.226683646283689, 16.773858780823154 ], [ -99.22670196793409, 16.773799821897892 ], [ -99.226725494566068, 16.773698913087923 ], [ -99.226735927692005, 16.773634539024133 ], [ -99.226743700449362, 16.773542325644275 ], [ -99.226746221922966, 16.773453010741697 ], [ -99.226746013592688, 16.7732772794125 ], [ -99.226742147927709, 16.773182547721337 ], [ -99.226730759270467, 16.773074083977768 ], [ -99.226715643847783, 16.772988042762176 ], [ -99.226699849616082, 16.772918433503907 ], [ -99.226681686264243, 16.772838382854644 ], [ -99.226655297985744, 16.772741506403097 ], [ -99.226610090742611, 16.772600536953139 ], [ -99.226561133651515, 16.772462464313662 ], [ -99.226459469772706, 16.772189215813004 ], [ -99.226418997745952, 16.772084795356129 ], [ -99.226399232353842, 16.772033799315579 ], [ -99.226320183887225, 16.771840798340662 ], [ -99.226248673882978, 16.771674546540272 ], [ -99.226113192521282, 16.771368792068994 ], [ -99.226019114267828, 16.771161343941341 ], [ -99.225925134224838, 16.770958601640043 ], [ -99.225872360904418, 16.770844754018487 ], [ -99.225818719553686, 16.77073063544923 ], [ -99.225721850461269, 16.770524552213644 ], [ -99.22541707355073, 16.769880536458206 ], [ -99.225261684947938, 16.769559978017544 ], [ -99.225100295027914, 16.769242318699686 ], [ -99.224986700209854, 16.769033444994768 ], [ -99.224807305704189, 16.768724483178055 ], [ -99.224701640513985, 16.768555736894442 ], [ -99.224564039249941, 16.768358459909205 ], [ -99.224440369016136, 16.768198411201411 ], [ -99.224206959850022, 16.767915541942408 ], [ -99.224079931334046, 16.767771768109462 ], [ -99.223932254643657, 16.767623315982725 ], [ -99.223813155292362, 16.767519669613389 ], [ -99.223603534012753, 16.767357182559241 ], [ -99.223466429583866, 16.767262233619906 ], [ -99.223264737511059, 16.767139873868139 ], [ -99.223065688556943, 16.767030889805955 ], [ -99.222670234155572, 16.766826296990583 ], [ -99.222471570433157, 16.766725266861691 ], [ -99.222271033244525, 16.766626769673245 ], [ -99.222135468223684, 16.76656363790487 ], [ -99.22192931034256, 16.766472739780962 ], [ -99.221812904591715, 16.76642477386412 ], [ -99.221669845143225, 16.766371774310038 ], [ -99.221547818474306, 16.766331407631657 ], [ -99.221324797967938, 16.766263307055198 ], [ -99.221207284082141, 16.766230528675216 ], [ -99.221077762853852, 16.766200294219495 ], [ -99.220979408008219, 16.766182681856264 ], [ -99.220813864697988, 16.766160079187951 ], [ -99.220709888824445, 16.766150066062789 ], [ -99.220563504495829, 16.76614262937515 ], [ -99.220423506481978, 16.766140247986907 ], [ -99.22014989675867, 16.766140540337123 ], [ -99.220011032197192, 16.766144666041658 ], [ -99.219868048226814, 16.766156750981146 ], [ -99.219768606162944, 16.766172766878963 ], [ -99.219613263914766, 16.766208729621241 ], [ -99.21952284322208, 16.76623666819383 ], [ -99.219406923393024, 16.766284521203808 ], [ -99.219304144347163, 16.766336337638723 ], [ -99.219111726932468, 16.766443933857861 ], [ -99.219007835408803, 16.76650768373133 ], [ -99.218888578327963, 16.766591337205767 ], [ -99.218793708045737, 16.766667009796574 ], [ -99.218628354184318, 16.766810374052376 ], [ -99.21852112526949, 16.766909924429886 ], [ -99.218364792382701, 16.767065211315831 ], [ -99.218211466371514, 16.767224472368429 ], [ -99.217907820712256, 16.767546968422025 ], [ -99.217760136981056, 16.767717793989924 ], [ -99.217620731944493, 16.767907774873905 ], [ -99.217536074056142, 16.768053584168815 ], [ -99.217421505415999, 16.768301031188507 ], [ -99.217366135001711, 16.768457657157267 ], [ -99.217341755023298, 16.768562868699778 ], [ -99.217314592516573, 16.768680088077097 ], [ -99.217284058808062, 16.768894180314476 ], [ -99.217244000135921, 16.769314026102442 ], [ -99.217231507900053, 16.769550879343278 ] ], [ [ -99.304026930279008, 16.799303741052867 ], [ -99.3040642159919, 16.799380703523831 ], [ -99.304103722372602, 16.799437775543947 ], [ -99.304169658618505, 16.79951428006909 ], [ -99.304184955835126, 16.799532029115703 ], [ -99.304195002194575, 16.799541797813944 ], [ -99.304244734808975, 16.799590155896428 ], [ -99.304342838269122, 16.799670282657186 ], [ -99.304446565098289, 16.799745700449009 ], [ -99.304659642287049, 16.799891826944208 ], [ -99.304767868796517, 16.79996398364505 ], [ -99.304879470974399, 16.800034327362805 ], [ -99.304957248058855, 16.800079410214419 ], [ -99.305078977134514, 16.800144315043873 ], [ -99.30514998002117, 16.800178560321861 ], [ -99.305241259574657, 16.800216391348044 ], [ -99.305322389276199, 16.800245197774419 ], [ -99.305462798114633, 16.800290048428739 ], [ -99.305474498854068, 16.800293785978877 ], [ -99.305556746102312, 16.800317166882468 ], [ -99.305651378232483, 16.800338721435438 ], [ -99.305726851193029, 16.800351264791118 ], [ -99.30585863794461, 16.800367340277951 ], [ -99.305944237677068, 16.800374444732363 ], [ -99.306006743894187, 16.800377063682973 ], [ -99.306069250112699, 16.800379682614583 ], [ -99.306192004435687, 16.800381307933829 ], [ -99.306435254961329, 16.800380945868401 ], [ -99.306558753091167, 16.800378230845382 ], [ -99.306685996951188, 16.800370447981084 ], [ -99.306774571917131, 16.800360191592464 ], [ -99.306913052939422, 16.800337205281469 ], [ -99.306993732551376, 16.800319367295941 ], [ -99.307097290365604, 16.800288839677712 ], [ -99.30718920709721, 16.800255798292149 ], [ -99.307361399416564, 16.800187201693127 ], [ -99.307454429983451, 16.800146565249214 ], [ -99.307561329408344, 16.80009325257496 ], [ -99.307646464547062, 16.80004503456723 ], [ -99.307794970483087, 16.799953693184442 ], [ -99.307891342580419, 16.799890271715462 ], [ -99.308031952934144, 16.799791348698669 ], [ -99.308169931360098, 16.799689898435698 ], [ -99.308214426107241, 16.799656456701186 ], [ -99.308443255988124, 16.799484470488391 ], [ -99.30857559911297, 16.799380497310235 ], [ -99.308699304161138, 16.799274005912544 ], [ -99.308773136186801, 16.799200493474025 ], [ -99.30887092723016, 16.799086447574425 ], [ -99.308916617614045, 16.799020570594667 ], [ -99.308955897777324, 16.798936985580447 ], [ -99.308975674345533, 16.798863554209476 ], [ -99.308988433150574, 16.798776557512518 ], [ -99.3089957238914, 16.798726845113659 ], [ -99.308995897107465, 16.798719613160678 ], [ -99.30899748203403, 16.798653440790716 ], [ -99.308982706943098, 16.798569936918607 ], [ -99.308956323664418, 16.798504168118495 ], [ -99.30890738124657, 16.798417647009838 ], [ -99.308891948961957, 16.798390365576459 ], [ -99.30883965206867, 16.798317042371323 ], [ -99.308747136108323, 16.79821087528347 ], [ -99.308645239790607, 16.798107253311098 ], [ -99.308432067033621, 16.797902554356497 ], [ -99.308321916745768, 16.797801475677513 ], [ -99.308204638415063, 16.797702938703598 ], [ -99.308119324770104, 16.797639789112868 ], [ -99.307980662172866, 16.797548877296858 ], [ -99.307896499297101, 16.797500912447006 ], [ -99.307782673221183, 16.797447929734894 ], [ -99.307677125971921, 16.79740759004882 ], [ -99.307490628845613, 16.797345027814096 ], [ -99.30747431035276, 16.797339553610403 ], [ -99.307362018597615, 16.797306817115157 ], [ -99.307227958884368, 16.797276644144201 ], [ -99.307116817769597, 16.797259092355819 ], [ -99.306917454140304, 16.797236609891097 ], [ -99.306784928590574, 16.797226683088567 ], [ -99.3065867155495, 16.797219385147599 ], [ -99.306389540776877, 16.797217156033938 ], [ -99.306388886021949, 16.797217148631443 ], [ -99.305993610461954, 16.797217736645322 ], [ -99.30579691633784, 16.79722128322874 ], [ -99.305794382723306, 16.797221413965577 ], [ -99.305602109520251, 16.797231335348425 ], [ -99.305474125608256, 16.797244542384664 ], [ -99.305284980664695, 16.7972741113811 ], [ -99.305181787417467, 16.797297044254773 ], [ -99.30506135262668, 16.797336273948133 ], [ -99.304963821207906, 16.797378723901279 ], [ -99.304791661668958, 16.797466844019127 ], [ -99.304704280986329, 16.797519041608755 ], [ -99.304614298541324, 16.797587514328729 ], [ -99.304551708488347, 16.797649437953336 ], [ -99.304453920737842, 16.797766736102457 ], [ -99.304396992422141, 16.797848176885189 ], [ -99.304323995241276, 16.797975201097568 ], [ -99.304259261557732, 16.798105467331499 ], [ -99.304138057532256, 16.798369241789718 ], [ -99.304080834130744, 16.79850130479209 ], [ -99.304050755063173, 16.798580227396201 ], [ -99.304030368125751, 16.798633719380813 ], [ -99.304003481561722, 16.798722347369591 ], [ -99.303973287893328, 16.798855816752166 ], [ -99.303963271100287, 16.798930318011465 ], [ -99.303963414417282, 16.799020352409908 ], [ -99.303973670084702, 16.799095908481107 ], [ -99.304004293799721, 16.799232542292067 ], [ -99.304026930279008, 16.799303741052867 ] ], [ [ -99.162753495570499, 16.790239117416682 ], [ -99.16250373774146, 16.790520268656863 ], [ -99.16225847381159, 16.790789845231128 ], [ -99.162151783374725, 16.790905655116624 ], [ -99.161772438552816, 16.791317423149259 ], [ -99.161535050516079, 16.791581207259192 ], [ -99.1613089230367, 16.791844982271737 ], [ -99.161169432259967, 16.792020823326286 ], [ -99.160977087471835, 16.79228457152265 ], [ -99.160881490274292, 16.79243108942029 ], [ -99.1607870437076, 16.792606895008188 ], [ -99.160725230002299, 16.792753386444026 ], [ -99.16063423540281, 16.793017055163666 ], [ -99.160598314209793, 16.793153763475487 ], [ -99.16058154537923, 16.793300219719061 ], [ -99.160589518569353, 16.793407605151419 ], [ -99.160616122559219, 16.793522485953272 ], [ -99.160630207037627, 16.793583305199292 ], [ -99.16067196423208, 16.793690664262165 ], [ -99.160756547383158, 16.793837041385416 ], [ -99.160855762183147, 16.793973644161934 ], [ -99.161068823737793, 16.794237075238666 ], [ -99.161182296038149, 16.794364988581126 ], [ -99.161309651098804, 16.794485297632246 ], [ -99.161408437171048, 16.794557899388511 ], [ -99.161577440334668, 16.794655395566451 ], [ -99.161685213663901, 16.794701955797695 ], [ -99.161839530418305, 16.794744140329975 ], [ -99.16198895166697, 16.794767887611137 ], [ -99.16227567046478, 16.794796230205556 ], [ -99.162282898670824, 16.794796944719568 ], [ -99.162284846407104, 16.794797032119011 ], [ -99.162449198254563, 16.794804406900496 ], [ -99.16265414993407, 16.794797736479303 ], [ -99.16282943644508, 16.794779156918086 ], [ -99.162989890341933, 16.794754622750862 ], [ -99.16315034419641, 16.794730088458881 ], [ -99.16336727821529, 16.794688695387073 ], [ -99.163697172457418, 16.79461358461225 ], [ -99.164030062014888, 16.794529792812575 ], [ -99.164698835785657, 16.794353527096458 ], [ -99.165033218452123, 16.794261054374182 ], [ -99.165367593277153, 16.79415990300598 ], [ -99.16559050210482, 16.794083790355185 ], [ -99.165924853702265, 16.793956603771214 ], [ -99.16611059684891, 16.793877266219567 ], [ -99.166333474817591, 16.793766440348865 ], [ -99.166519194911828, 16.793661068116052 ], [ -99.166853476918291, 16.793455777088123 ], [ -99.167026800457037, 16.793340651570904 ], [ -99.167212489365966, 16.793200566296186 ], [ -99.167348647374709, 16.793082216399906 ], [ -99.167515736145461, 16.792920993074823 ], [ -99.167571432339699, 16.792867251936336 ], [ -99.167600777436746, 16.792836128553965 ], [ -99.167707567032565, 16.792722867487999 ], [ -99.167893186198299, 16.792504678655153 ], [ -99.168066416628832, 16.792285415003441 ], [ -99.168400488014882, 16.791845812628591 ], [ -99.168565452040312, 16.791618600377884 ], [ -99.168726273482051, 16.791376566280146 ], [ -99.168829345354439, 16.791200388432546 ], [ -99.168888703067992, 16.791085788672294 ], [ -99.168977739505749, 16.790913888998649 ], [ -99.169056038306067, 16.790739900890994 ], [ -99.169142540709828, 16.790504436049336 ], [ -99.169208412576793, 16.790285982759876 ], [ -99.169210937877978, 16.790276439691397 ], [ -99.169319525594489, 16.789866087711292 ], [ -99.169372997359261, 16.789633542621388 ], [ -99.169422299862859, 16.789355802436699 ], [ -99.169450998986179, 16.789125447226326 ], [ -99.169487793845292, 16.788712121777429 ], [ -99.16950406623782, 16.788437301439448 ], [ -99.169516088627972, 16.788026165877792 ], [ -99.169519853580653, 16.787615760273219 ], [ -99.169519126104476, 16.786795678988732 ], [ -99.169515012281153, 16.786389618878538 ], [ -99.169503398297948, 16.785991519864957 ], [ -99.169488155497362, 16.785734081625826 ], [ -99.169479351777454, 16.785637509832565 ], [ -99.169454041134955, 16.785359865919361 ], [ -99.169436480212241, 16.785227134957768 ], [ -99.169427588615449, 16.785159929406277 ], [ -99.169382345398418, 16.784934335576562 ], [ -99.169333392583638, 16.78475828236731 ], [ -99.169231777500713, 16.784455716538531 ], [ -99.169171588192398, 16.784306791630442 ], [ -99.169092635213033, 16.784162582753993 ], [ -99.169021236201374, 16.784071159530196 ], [ -99.168885992188549, 16.783941098696083 ], [ -99.168792092960203, 16.783873558662123 ], [ -99.168645639238918, 16.783800999385335 ], [ -99.168495448945237, 16.783747607237952 ], [ -99.168191331895059, 16.783659989841503 ], [ -99.168035903679794, 16.783625765812214 ], [ -99.167873735917169, 16.783610711337033 ], [ -99.167758884475106, 16.783619844617522 ], [ -99.167667691168049, 16.783641071784956 ], [ -99.167576497840358, 16.783662298912144 ], [ -99.167468432250573, 16.783705054220817 ], [ -99.167326622085668, 16.783790865894677 ], [ -99.167198337331797, 16.783891130023868 ], [ -99.166955292955549, 16.784106110611479 ], [ -99.166822530001042, 16.784236751552132 ], [ -99.166667285687282, 16.784413693899083 ], [ -99.166541308091254, 16.784577956876312 ], [ -99.166318619319384, 16.784893803376804 ], [ -99.166172421639018, 16.785115574986019 ], [ -99.165956517334877, 16.78546504332169 ], [ -99.165742874137038, 16.785825718841362 ], [ -99.165317847211512, 16.786558276618681 ], [ -99.165101955975928, 16.786926546611898 ], [ -99.164879310779526, 16.787298799250102 ], [ -99.164724127023746, 16.78755095041064 ], [ -99.164481220879949, 16.787935151223568 ], [ -99.164339519427443, 16.788152578852788 ], [ -99.164157321522353, 16.788420661013216 ], [ -99.163995359746579, 16.78865003696086 ], [ -99.163691671776746, 16.789070082450305 ], [ -99.16352745018466, 16.789291866469618 ], [ -99.163338473942744, 16.789537173223568 ], [ -99.163187735200097, 16.789724233811175 ], [ -99.162924494957608, 16.790040108710993 ], [ -99.162753495570499, 16.790239117416682 ] ], [ [ -99.140474474656841, 16.857779282374818 ], [ -99.14063395654702, 16.857787342025333 ], [ -99.140794954484534, 16.857750824523283 ], [ -99.141713333468601, 16.857542515407072 ], [ -99.142195725205397, 16.857402228245061 ], [ -99.142492322952407, 16.857315972254781 ], [ -99.142727178569061, 16.857541812615978 ], [ -99.142843655687301, 16.857708105107271 ], [ -99.143037297577465, 16.857984563690671 ], [ -99.143431517051155, 16.857911967316852 ], [ -99.143420154735054, 16.857822241816155 ], [ -99.143355967723849, 16.857315370625457 ], [ -99.143502438189685, 16.857097034388588 ], [ -99.143665405223956, 16.856854106826177 ], [ -99.144279567206937, 16.856223892424524 ], [ -99.144837917507019, 16.855650943239379 ], [ -99.14538221172684, 16.855424554683772 ], [ -99.146085742383903, 16.854746044117462 ], [ -99.146249076638526, 16.85483951373746 ], [ -99.146480183577424, 16.854971766555575 ], [ -99.147109309127245, 16.855197320103819 ], [ -99.147503640339849, 16.855278398315843 ], [ -99.147285239193977, 16.85480208861982 ], [ -99.14725915673651, 16.854745205372943 ], [ -99.147136602247627, 16.854694438023849 ], [ -99.14671451824573, 16.854519591874709 ], [ -99.146789156458667, 16.853922888877996 ], [ -99.147417809709495, 16.853542752092252 ], [ -99.148046699537133, 16.853469978180911 ], [ -99.148216577880731, 16.853358552911214 ], [ -99.148515822241748, 16.853162274239171 ], [ -99.148910647241166, 16.853214427700323 ], [ -99.149060338561881, 16.853234200609887 ], [ -99.149093989651163, 16.852928197945559 ], [ -99.149134905189968, 16.852556135475592 ], [ -99.149410457040389, 16.852361755301889 ], [ -99.14976349941, 16.852112710536385 ], [ -99.149922604441556, 16.851506904531778 ], [ -99.150542035025467, 16.851352768601981 ], [ -99.150625925575014, 16.850602374823993 ], [ -99.15077540326476, 16.849698250270599 ], [ -99.150852108864129, 16.849594311644488 ], [ -99.151169236400833, 16.849164591826231 ], [ -99.151168525727059, 16.848269617587341 ], [ -99.15138486347729, 16.84756761576222 ], [ -99.15140259666498, 16.847510072491851 ], [ -99.151638970516018, 16.847576605349314 ], [ -99.151947162757594, 16.84766335266491 ], [ -99.152266138753944, 16.847437112560058 ], [ -99.151871641584066, 16.847130039700595 ], [ -99.151561692749951, 16.846904265014974 ], [ -99.151695190150065, 16.846564064048355 ], [ -99.151795890213577, 16.846307442019718 ], [ -99.152030382167496, 16.846081264718485 ], [ -99.152339483966017, 16.845249341645239 ], [ -99.153197618339917, 16.845176833878465 ], [ -99.1532030154154, 16.845176377842922 ], [ -99.153353503366262, 16.845546911691706 ], [ -99.153321256852252, 16.845777287336396 ], [ -99.153278837864576, 16.846080336358323 ], [ -99.153495800271557, 16.84740003615709 ], [ -99.153804213244996, 16.847136877058485 ], [ -99.153983585317462, 16.846983823957725 ], [ -99.153983161264563, 16.846459495582124 ], [ -99.153822846276654, 16.845546560560514 ], [ -99.15377252547384, 16.845149334241491 ], [ -99.153747269652371, 16.84494996718955 ], [ -99.153747209705628, 16.844875722581087 ], [ -99.153746963088992, 16.84457028104676 ], [ -99.154394579669969, 16.844479393528854 ], [ -99.154421032859759, 16.844300059400002 ], [ -99.154525276037774, 16.843593360296396 ], [ -99.155078844658618, 16.843285577740545 ], [ -99.155397179217601, 16.843322123240537 ], [ -99.155782917158433, 16.843366406114718 ], [ -99.156637297259863, 16.843591759882539 ], [ -99.157070551650776, 16.843647999930965 ], [ -99.157191175816706, 16.843663657789108 ], [ -99.157538949756344, 16.844223880603789 ], [ -99.157547963123207, 16.844153984055463 ], [ -99.157660199658665, 16.843283611803496 ], [ -99.15772495892503, 16.843056822037362 ], [ -99.157809953084623, 16.842759167952078 ], [ -99.158129041474652, 16.842686601241873 ], [ -99.158364145365766, 16.843210748842036 ], [ -99.158280055410671, 16.843680901548392 ], [ -99.158749506653251, 16.843816141368691 ], [ -99.158965686047367, 16.8435325167192 ], [ -99.158983919310316, 16.843508594858257 ], [ -99.158936600748007, 16.843047583784283 ], [ -99.159536859375947, 16.842459508414272 ], [ -99.159659413835755, 16.842315332485025 ], [ -99.159921334656602, 16.842007201736113 ], [ -99.161170352251361, 16.842702316794306 ], [ -99.161414774616944, 16.843136052016845 ], [ -99.161435276801996, 16.843556412220973 ], [ -99.161443432976043, 16.843723639241968 ], [ -99.16141579375514, 16.844338391144998 ], [ -99.161021991733762, 16.844863029034133 ], [ -99.160862927462404, 16.845468843697311 ], [ -99.161177247309752, 16.845272622311416 ], [ -99.161341404082748, 16.845170143322566 ], [ -99.162035452993166, 16.84449158555983 ], [ -99.162115159884195, 16.844554426271952 ], [ -99.162505109414496, 16.844861860444826 ], [ -99.162664382760468, 16.84497445369616 ], [ -99.162824454559399, 16.845087611127575 ], [ -99.16282477923356, 16.845467297084085 ], [ -99.162627365549298, 16.845726309366839 ], [ -99.162590370439432, 16.845774847887533 ], [ -99.162121219596628, 16.846001222607274 ], [ -99.16103286942085, 16.84662584940175 ], [ -99.160395168928119, 16.847349560435958 ], [ -99.160395221977225, 16.847412529225856 ], [ -99.160395557349986, 16.847810607620023 ], [ -99.160780247390591, 16.847602383297829 ], [ -99.161258645246164, 16.847204241582801 ], [ -99.161568091942172, 16.846824312090906 ], [ -99.162121727629156, 16.846597871928193 ], [ -99.163417221500978, 16.846714366636451 ], [ -99.163613445554219, 16.845910496199725 ], [ -99.163613655256185, 16.845909637110676 ], [ -99.16381859573616, 16.845812763130724 ], [ -99.164073424997667, 16.845692306638657 ], [ -99.163997683868857, 16.844942034917981 ], [ -99.164038935547993, 16.844480727073076 ], [ -99.16407206185022, 16.844110281861354 ], [ -99.164322352258822, 16.844018224910556 ], [ -99.164466181792292, 16.843965324150645 ], [ -99.164957107305725, 16.843854589518426 ], [ -99.165029278619315, 16.843838310230662 ], [ -99.166024583462843, 16.844190073566985 ], [ -99.166148185519674, 16.844333373666 ], [ -99.166344057946844, 16.844560461018265 ], [ -99.165725355022801, 16.845510176816525 ], [ -99.165277458902793, 16.846012155782379 ], [ -99.165087668361537, 16.84622486217928 ], [ -99.165018760994613, 16.846291335031374 ], [ -99.164853191880553, 16.846451054261589 ], [ -99.164671942809349, 16.846793884511499 ], [ -99.164618902432267, 16.846894209428118 ], [ -99.164544135215337, 16.847273955490547 ], [ -99.164544463363896, 16.847653641332659 ], [ -99.164938848699649, 16.847807007283404 ], [ -99.164939302961699, 16.848331335308849 ], [ -99.164838622483245, 16.848459544906746 ], [ -99.164704886301493, 16.848629848303272 ], [ -99.164439717263988, 16.848670925663153 ], [ -99.164235598431532, 16.84870254548478 ], [ -99.16391612099109, 16.848332154928432 ], [ -99.163531254362951, 16.848332461905382 ], [ -99.163059187890468, 16.84852554199891 ], [ -99.162977615363914, 16.848558905860418 ], [ -99.162877340522115, 16.848462495352194 ], [ -99.162742747101589, 16.848333088581214 ], [ -99.162779735516963, 16.848102272442926 ], [ -99.16282678157863, 16.847808693500934 ], [ -99.161728760007534, 16.848107886363199 ], [ -99.161729458878014, 16.848930539051445 ], [ -99.162198940881012, 16.849083851058968 ], [ -99.162199664935258, 16.849933624062302 ], [ -99.163063515473823, 16.850213184028405 ], [ -99.163552744372964, 16.850553766090137 ], [ -99.163608292677992, 16.8505924364995 ], [ -99.163768456761474, 16.851270319454752 ], [ -99.163609131881955, 16.851568771220638 ], [ -99.163449876375452, 16.851948584078425 ], [ -99.162899438774105, 16.852052470340123 ], [ -99.162680252098767, 16.852093837864569 ], [ -99.162390690558723, 16.852177080567152 ], [ -99.161891921457865, 16.85232046480742 ], [ -99.161815937466187, 16.852536264399365 ], [ -99.161732723353268, 16.852772597425993 ], [ -99.16170089429589, 16.852803299864416 ], [ -99.161573271236904, 16.852926405437312 ], [ -99.161334548669316, 16.852889814664877 ], [ -99.161103849088292, 16.852854453357015 ], [ -99.160746638621504, 16.852267124225254 ], [ -99.160634999545522, 16.853460510386231 ], [ -99.159902908334359, 16.853596684273949 ], [ -99.15964661677377, 16.853713604443328 ], [ -99.159386806299779, 16.853832129467211 ], [ -99.159187110367753, 16.854024751083603 ], [ -99.158683326818775, 16.854510685283053 ], [ -99.157979527115714, 16.854809553000429 ], [ -99.158139494574243, 16.855270476970645 ], [ -99.158140058034633, 16.855948487074272 ], [ -99.158609358668286, 16.855866763575573 ], [ -99.15878554922584, 16.855567991437525 ], [ -99.158918703818117, 16.855342196083061 ], [ -99.159152941207211, 16.854808646238162 ], [ -99.159332889506061, 16.854713758055684 ], [ -99.159959892916334, 16.854383132153337 ], [ -99.160388633630049, 16.854331761576233 ], [ -99.160795277781659, 16.854283037698391 ], [ -99.161240244042531, 16.854924669658303 ], [ -99.161415597762499, 16.855177524546949 ], [ -99.161659100036985, 16.854508362498606 ], [ -99.16203775359584, 16.854463859399765 ], [ -99.162278599922843, 16.854435552391394 ], [ -99.16231380684161, 16.85412045918315 ], [ -99.162362445404341, 16.85368515442044 ], [ -99.16274712960967, 16.853458846178757 ], [ -99.162746876790649, 16.853163199337899 ], [ -99.162746866770476, 16.853151481598491 ], [ -99.162899962765607, 16.85311666272732 ], [ -99.163065970589926, 16.85307890715487 ], [ -99.164239303503976, 16.852996610190381 ], [ -99.164239705757566, 16.853462733993066 ], [ -99.164239763788629, 16.853529978100308 ], [ -99.164119302741781, 16.853817268832604 ], [ -99.16408050794108, 16.853909791378285 ], [ -99.163967852074393, 16.853941259566437 ], [ -99.163301551035801, 16.8541273761067 ], [ -99.163203932523729, 16.854899182565124 ], [ -99.163180338122189, 16.855085727322564 ], [ -99.163728105169369, 16.855045224544465 ], [ -99.163921889998818, 16.855030895427991 ], [ -99.164241456843612, 16.855491686953478 ], [ -99.164159112225093, 16.855963256094888 ], [ -99.164129362336652, 16.856133626452969 ], [ -99.164070429383699, 16.856405418038811 ], [ -99.164007809556239, 16.856694212181125 ], [ -99.164170977933409, 16.856536818689079 ], [ -99.164364234134311, 16.856350401742326 ], [ -99.165199476020774, 16.856078526830306 ], [ -99.16536518637011, 16.855825818614527 ], [ -99.165490099314255, 16.855635325893715 ], [ -99.165617850274316, 16.855017505123918 ], [ -99.165723798962517, 16.854505120005815 ], [ -99.165958284229816, 16.854278927029188 ], [ -99.166136385701378, 16.85435268510793 ], [ -99.16650294438071, 16.854504489269534 ], [ -99.166780554240646, 16.854680612264271 ], [ -99.166972570828278, 16.854802432222424 ], [ -99.16691847265345, 16.85496126026602 ], [ -99.16673849011579, 16.855489673030164 ], [ -99.166504328629173, 16.856086512234665 ], [ -99.166476457453072, 16.856312919206744 ], [ -99.166429759422144, 16.856692261892611 ], [ -99.166610400095607, 16.856747766918957 ], [ -99.16689925638623, 16.856836522698917 ], [ -99.167034367026275, 16.857225762566962 ], [ -99.167059247136606, 16.8572974394204 ], [ -99.167059444370125, 16.857522072948324 ], [ -99.167059572573422, 16.857668084710713 ], [ -99.16670345938104, 16.85836446478007 ], [ -99.166474490777262, 16.858546197706765 ], [ -99.16596236068898, 16.858952674396804 ], [ -99.165828910716669, 16.858952782311157 ], [ -99.165492984997897, 16.85895305357316 ], [ -99.165577248257165, 16.859021099553559 ], [ -99.165962691909215, 16.859332359775632 ], [ -99.166506970980478, 16.859105915381512 ], [ -99.166662483408331, 16.85907122291243 ], [ -99.166873012931163, 16.859024256754534 ], [ -99.166904114959948, 16.85903015103219 ], [ -99.167680474810609, 16.859177280636978 ], [ -99.167446049283214, 16.859475796525064 ], [ -99.167359368272031, 16.859653567711316 ], [ -99.167296118955178, 16.859783283386633 ], [ -99.166667414184957, 16.860082119543709 ], [ -99.166204462748027, 16.860125468998543 ], [ -99.165888308997438, 16.860155072124339 ], [ -99.1651000117526, 16.860454032491141 ], [ -99.164673447938824, 16.860666078039028 ], [ -99.164480696681608, 16.860761894548546 ], [ -99.164161908229815, 16.861214156588407 ], [ -99.163874556029597, 16.861031854027011 ], [ -99.163692270200144, 16.860916207490696 ], [ -99.163275049007424, 16.860942255154484 ], [ -99.162518880490296, 16.860989461562284 ], [ -99.16228399728702, 16.860763644162876 ], [ -99.161665183656851, 16.861668146206366 ], [ -99.161496499915117, 16.861993689859275 ], [ -99.160990374669126, 16.862970456162962 ], [ -99.161639277776487, 16.862755766927211 ], [ -99.162332439711719, 16.86252643188249 ], [ -99.162209860062077, 16.861893719539939 ], [ -99.162624944339029, 16.861760114949035 ], [ -99.162913741029584, 16.861667158368782 ], [ -99.163361970208328, 16.861912272627933 ], [ -99.163458481030162, 16.861965049387074 ], [ -99.163511098074054, 16.862027534831693 ], [ -99.163777988509423, 16.862344480093046 ], [ -99.163985117649958, 16.863040404768984 ], [ -99.164194830904961, 16.862722474208187 ], [ -99.164247630219378, 16.862642428920598 ], [ -99.164556900199486, 16.862036492180206 ], [ -99.165185677581164, 16.861809983471314 ], [ -99.16528619493981, 16.862285467667199 ], [ -99.165327073859117, 16.862478839323671 ], [ -99.165636662881937, 16.862243546128379 ], [ -99.165651138558459, 16.861785160807951 ], [ -99.165654934363317, 16.861664962921758 ], [ -99.165871500163391, 16.861560469667157 ], [ -99.166124119365548, 16.861438580170038 ], [ -99.166180658422533, 16.861682617942229 ], [ -99.166459256073566, 16.861968305057356 ], [ -99.166744424496258, 16.862260728853759 ], [ -99.16713911204009, 16.862721454302452 ], [ -99.167367207767512, 16.862721268307162 ], [ -99.167683598582016, 16.862721009893811 ], [ -99.16768357365487, 16.862692734950855 ], [ -99.167683128374307, 16.862187642558894 ], [ -99.167545473337356, 16.861827365036017 ], [ -99.167306754771332, 16.861202575549548 ], [ -99.167748950878661, 16.860923968476005 ], [ -99.167766493213378, 16.86091291583536 ], [ -99.16831097456037, 16.860912469807058 ], [ -99.168261215760822, 16.860608689512862 ], [ -99.168235465942104, 16.860451485006724 ], [ -99.168779881789277, 16.860378716740573 ], [ -99.169184257324019, 16.860767459305549 ], [ -99.16964428107913, 16.861209695819507 ], [ -99.17011318526167, 16.860675939748059 ], [ -99.170437756405846, 16.860675670329726 ], [ -99.170582565092317, 16.860675549962139 ], [ -99.170967797789558, 16.861054914752803 ], [ -99.171672146293517, 16.861361690926064 ], [ -99.171843490099477, 16.861157503148871 ], [ -99.171990982408701, 16.860981738368178 ], [ -99.172095562696043, 16.860898075271464 ], [ -99.172375595930603, 16.86067405109387 ], [ -99.172845115339683, 16.860827338229232 ], [ -99.172845862843943, 16.861649989418183 ], [ -99.173399536019772, 16.861432559014421 ], [ -99.173343000754315, 16.861276478528545 ], [ -99.17332424550591, 16.861224699665421 ], [ -99.1733223285175, 16.861064396221142 ], [ -99.173314083662163, 16.860374936023391 ], [ -99.173498567536839, 16.860196968083816 ], [ -99.174017531964182, 16.859696330706285 ], [ -99.174265671239894, 16.859287874738413 ], [ -99.174336228053761, 16.859171732525656 ], [ -99.175190425793289, 16.859098683801136 ], [ -99.175473303043461, 16.859185588264751 ], [ -99.175659935158293, 16.859242924409134 ], [ -99.176523729875143, 16.859395865170715 ], [ -99.176449183026918, 16.859992577870059 ], [ -99.176618894530137, 16.860074110580758 ], [ -99.176956338297074, 16.860236224508327 ], [ -99.177154100286074, 16.860905023345275 ], [ -99.177361973998245, 16.859887190761601 ], [ -99.177462482886909, 16.859395055248378 ], [ -99.178163197873403, 16.859335766431226 ], [ -99.178326067821274, 16.85932198534983 ], [ -99.178590063253651, 16.859460663915282 ], [ -99.179030481043043, 16.859692017109069 ], [ -99.179590745014252, 16.86003816531316 ], [ -99.180082502052514, 16.86034198552078 ], [ -99.179670968587445, 16.85981625178685 ], [ -99.179339988754066, 16.859393422516231 ], [ -99.179414662712858, 16.858941350769836 ], [ -99.179662218288996, 16.85889821599952 ], [ -99.179883961101226, 16.858859578647159 ], [ -99.18004398495647, 16.859320484842524 ], [ -99.180588744574493, 16.859618330254698 ], [ -99.180684759717593, 16.859580806817483 ], [ -99.180982875016738, 16.859464300745465 ], [ -99.180747903295995, 16.859166183670105 ], [ -99.18114167116623, 16.858632468774378 ], [ -99.181610760905656, 16.858333729805793 ], [ -99.181643577160614, 16.858135046618109 ], [ -99.181760096891196, 16.857429584633607 ], [ -99.182179019809681, 16.857492123413444 ], [ -99.182783474439361, 16.857582357655463 ], [ -99.183562919564181, 16.857879986006612 ], [ -99.183797942847605, 16.858240287185641 ], [ -99.183957778170225, 16.858485320917271 ], [ -99.184637909653546, 16.85864841303027 ], [ -99.185835715894584, 16.858935634766873 ], [ -99.186221548773148, 16.859069978751918 ], [ -99.18669027137399, 16.85923318305105 ], [ -99.187160020749729, 16.859612440302396 ], [ -99.187394415278362, 16.859313902183253 ], [ -99.187947975335845, 16.859006031514809 ], [ -99.188111559362724, 16.859144201898811 ], [ -99.188568070367836, 16.859529789735074 ], [ -99.18912305807207, 16.860659294356239 ], [ -99.189245744970279, 16.861129960686643 ], [ -99.189368071253867, 16.861599241119279 ], [ -99.190138046852354, 16.861788371404774 ], [ -99.191002091085281, 16.862167253761267 ], [ -99.191001872830185, 16.861949901714375 ], [ -99.191001410270644, 16.861489245264647 ], [ -99.190489675670364, 16.860664437891039 ], [ -99.190418436311347, 16.860549614510298 ], [ -99.189459417609768, 16.859058881994532 ], [ -99.189334585394761, 16.858898918014109 ], [ -99.189121036005915, 16.858625268205653 ], [ -99.188906090494484, 16.85853590975448 ], [ -99.188491814714567, 16.858363683637585 ], [ -99.187553031724136, 16.85832838350645 ], [ -99.186924222083675, 16.858482639544949 ], [ -99.186304497909177, 16.858329521102718 ], [ -99.184736061356489, 16.857580608793558 ], [ -99.184201812239024, 16.857462021456389 ], [ -99.183721999949739, 16.857355516152133 ], [ -99.183167776295448, 16.856976326264547 ], [ -99.182665876944228, 16.856639241651678 ], [ -99.182388118857034, 16.856452693283199 ], [ -99.182197817618103, 16.856255699349198 ], [ -99.181899491033192, 16.85594687973839 ], [ -99.181448372039412, 16.85539583115883 ], [ -99.181053390265632, 16.854645849098823 ], [ -99.181092205133496, 16.854497961968431 ], [ -99.181212397505078, 16.854040019855155 ], [ -99.181446794665362, 16.853741488343065 ], [ -99.181878271169737, 16.85338854118503 ], [ -99.183248127944395, 16.85268219214354 ], [ -99.183247536082746, 16.852067463594715 ], [ -99.183247188134729, 16.851706060333736 ], [ -99.183246752775048, 16.851253852223188 ], [ -99.183584213399129, 16.851062937493374 ], [ -99.183790909245531, 16.850946001072096 ], [ -99.183948332920636, 16.850726580501775 ], [ -99.184044020316563, 16.850593209005279 ], [ -99.183513334395712, 16.8506297621736 ], [ -99.183246169673424, 16.850648163714833 ], [ -99.18313867344844, 16.850520524496339 ], [ -99.182926643550402, 16.850268763066957 ], [ -99.182893180467588, 16.850152363060431 ], [ -99.182775946871516, 16.849744569446209 ], [ -99.182925774833038, 16.849364750251578 ], [ -99.18319083504619, 16.849315883372071 ], [ -99.183319960537958, 16.849292077479227 ], [ -99.183851965511593, 16.849164449090811 ], [ -99.184568146038302, 16.848992634406237 ], [ -99.18599544008498, 16.849470473181302 ], [ -99.186765744651325, 16.850048342299683 ], [ -99.187367459968186, 16.851006048019762 ], [ -99.187564228119854, 16.851192984319155 ], [ -99.188175511152053, 16.851773719972901 ], [ -99.189096242025613, 16.852568405223099 ], [ -99.189442839093289, 16.8524856020111 ], [ -99.189893963484565, 16.852377825884648 ], [ -99.189884697826756, 16.852109218718077 ], [ -99.189884296719228, 16.852097590775184 ], [ -99.189883894567416, 16.85208813613141 ], [ -99.189874684096154, 16.851871596394648 ], [ -99.189264276484153, 16.851628076682239 ], [ -99.188937454724382, 16.851414493424567 ], [ -99.188794614582037, 16.851321144785235 ], [ -99.188685866225796, 16.85119367563977 ], [ -99.188409295013301, 16.850869492259768 ], [ -99.18835480075866, 16.850781516787602 ], [ -99.188174242074098, 16.850490022323463 ], [ -99.188173652258527, 16.849893374064969 ], [ -99.18774842746403, 16.849256150533659 ], [ -99.187618996265442, 16.849062189483941 ], [ -99.186444955342296, 16.848385249125784 ], [ -99.185914034121367, 16.848245298880492 ], [ -99.185590519628249, 16.848160020041348 ], [ -99.184886207039384, 16.847862331121551 ], [ -99.184426923862887, 16.847638392630902 ], [ -99.184256983425939, 16.847555532231805 ], [ -99.184169576547362, 16.8474443363563 ], [ -99.183937434359692, 16.847149012621102 ], [ -99.183890080641277, 16.846715128419994 ], [ -99.183618562376353, 16.846846176243091 ], [ -99.183420953304946, 16.84694155158218 ], [ -99.182988074423562, 16.847387597929565 ], [ -99.18245505427069, 16.847936827558676 ], [ -99.182059523505444, 16.848230127788959 ], [ -99.181441977449211, 16.84868805698072 ], [ -99.181207810156508, 16.849221631946552 ], [ -99.18131195431674, 16.850152674056559 ], [ -99.180505634818928, 16.851174920153955 ], [ -99.180432021676964, 16.851597560798812 ], [ -99.180374926154812, 16.851925366311935 ], [ -99.180187532414692, 16.851901698643903 ], [ -99.179877346870143, 16.851862522086968 ], [ -99.179800493872463, 16.851835953865077 ], [ -99.179642591152188, 16.851781366491203 ], [ -99.17949985059343, 16.851600256403731 ], [ -99.179407631127106, 16.851483247545019 ], [ -99.17952547423144, 16.851148465257793 ], [ -99.179566786061059, 16.851031101553389 ], [ -99.179549863323601, 16.850813769419702 ], [ -99.179490768492343, 16.850054833286595 ], [ -99.179405782200263, 16.849521539484304 ], [ -99.179181878145656, 16.849413969145829 ], [ -99.178936217666333, 16.849295945933015 ], [ -99.178465883033567, 16.848247699332873 ], [ -99.178350628126253, 16.848097029474484 ], [ -99.178230920792743, 16.84794053874425 ], [ -99.17819748815478, 16.847708652351514 ], [ -99.178155334427601, 16.847416276252709 ], [ -99.178417507330195, 16.847350573642924 ], [ -99.178662110339999, 16.847289273845607 ], [ -99.177610326945015, 16.846811059119489 ], [ -99.177291104689047, 16.846739013936034 ], [ -99.176950558214529, 16.846739307764924 ], [ -99.176746664149348, 16.846739483417394 ], [ -99.176537524400615, 16.84668474570357 ], [ -99.176436820852132, 16.846658388684503 ], [ -99.176361850038077, 16.846630957184683 ], [ -99.176042437219607, 16.846514085004262 ], [ -99.175572533933988, 16.845908797910216 ], [ -99.175393734148145, 16.845927165437473 ], [ -99.174596391063929, 16.846009071992384 ], [ -99.174589641037244, 16.846127980275082 ], [ -99.174559440315591, 16.846659993671576 ], [ -99.174424241905911, 16.84679042762053 ], [ -99.174240566890958, 16.846967629405494 ], [ -99.173951037938139, 16.846929856829025 ], [ -99.173620956063573, 16.846886793112716 ], [ -99.173491055573578, 16.846730168243425 ], [ -99.173066520001058, 16.846218290720469 ], [ -99.172756268955851, 16.845685183574211 ], [ -99.17259628268404, 16.845233310941481 ], [ -99.172702779442474, 16.845152580468842 ], [ -99.172990258675796, 16.844934654586162 ], [ -99.173224286252179, 16.844912644009419 ], [ -99.173863158525933, 16.844852555916479 ], [ -99.173383887716952, 16.844256311696356 ], [ -99.173158214695405, 16.844039353076496 ], [ -99.173149012584972, 16.844030506291141 ], [ -99.1731740940875, 16.843851181604641 ], [ -99.173223621605942, 16.843497074785883 ], [ -99.173421513344962, 16.843517325597205 ], [ -99.174275036619846, 16.843604666767696 ], [ -99.174866028483521, 16.843197357753446 ], [ -99.174876334749584, 16.843093415931808 ], [ -99.174940433085794, 16.842446962302606 ], [ -99.177211945908113, 16.842372693243231 ], [ -99.177500939972219, 16.842717855806892 ], [ -99.177522052185552, 16.84274307129586 ], [ -99.17775644145074, 16.842444543744584 ], [ -99.178150614933145, 16.842371880967885 ], [ -99.178429091623713, 16.842639593040992 ], [ -99.178695534924032, 16.842895735807723 ], [ -99.179324512952377, 16.842967508585424 ], [ -99.179258222307965, 16.842840111413629 ], [ -99.179089419922917, 16.842515706586351 ], [ -99.178619728981943, 16.842136429657124 ], [ -99.178074955083943, 16.84176625689657 ], [ -99.177989909104113, 16.84116064089401 ], [ -99.177755310839217, 16.841233165274662 ], [ -99.177520998878578, 16.841613054090203 ], [ -99.176816999895635, 16.841613661513996 ], [ -99.176816883815476, 16.841488626311953 ], [ -99.176816790079613, 16.841387658049147 ], [ -99.176098820416883, 16.841435965321505 ], [ -99.175728006280977, 16.841460913878535 ], [ -99.174582371349956, 16.840955642879695 ], [ -99.174478040804146, 16.840920960792552 ], [ -99.173849992028551, 16.840712180251742 ], [ -99.173253118704366, 16.841251178881699 ], [ -99.172677624626701, 16.841770866732787 ], [ -99.17210435166848, 16.842229930700508 ], [ -99.17173963490275, 16.842521985620387 ], [ -99.170716419677518, 16.842450517726995 ], [ -99.170999245202481, 16.841711515235048 ], [ -99.171034820490974, 16.841618559166601 ], [ -99.171503746285978, 16.841166160638714 ], [ -99.172282493442196, 16.840785822524417 ], [ -99.172021902632252, 16.840620494359868 ], [ -99.171343295204153, 16.840189958521336 ], [ -99.170798800257941, 16.840109050773307 ], [ -99.170645746693907, 16.840029104269416 ], [ -99.169934831419056, 16.839657760044361 ], [ -99.16993453369868, 16.839324040842062 ], [ -99.169934299135903, 16.839061110553832 ], [ -99.170713308271942, 16.838979103111487 ], [ -99.171500962599282, 16.838074431791764 ], [ -99.170815644053931, 16.837957480963524 ], [ -99.170396178433307, 16.838005148208925 ], [ -99.169773849908296, 16.838075866773178 ], [ -99.1691546149831, 16.838383742891729 ], [ -99.168525647631355, 16.838302898609932 ], [ -99.167821397735608, 16.838005150270064 ], [ -99.167041400389408, 16.836957128378319 ], [ -99.167158950416038, 16.836746844351676 ], [ -99.167425640181889, 16.836269763821274 ], [ -99.167894434125202, 16.835672730971069 ], [ -99.16805540116745, 16.835716882833715 ], [ -99.168157316172824, 16.835744837159172 ], [ -99.169249874895911, 16.835153364184109 ], [ -99.169695939783594, 16.834911877573667 ], [ -99.170558810169823, 16.834160830089143 ], [ -99.170085835820331, 16.833821490456941 ], [ -99.169929525685816, 16.833709343857581 ], [ -99.169337765056383, 16.833230704256966 ], [ -99.169181900380593, 16.832946587726106 ], [ -99.169065122855685, 16.832733720214332 ], [ -99.169272368813438, 16.832613725072257 ], [ -99.169346564837525, 16.832570765582798 ], [ -99.170478079035391, 16.832442541345475 ], [ -99.170632346251537, 16.832425059145955 ], [ -99.1711776311991, 16.833409982488231 ], [ -99.171731281552994, 16.833255837757942 ], [ -99.171965260542549, 16.832505309124205 ], [ -99.17207203478651, 16.832374190362934 ], [ -99.172274662132082, 16.832125363354024 ], [ -99.172292105744745, 16.832116944799406 ], [ -99.172743766669754, 16.831898965546028 ], [ -99.171335636917036, 16.831674140816457 ], [ -99.170729564919611, 16.831885335154315 ], [ -99.170425461710224, 16.831991303358723 ], [ -99.170231962278152, 16.831956766712032 ], [ -99.169064248673209, 16.831748343805511 ], [ -99.169016123456117, 16.831368662507426 ], [ -99.168988630246801, 16.831151755600374 ], [ -99.169382575024017, 16.830844065815807 ], [ -99.16906304576645, 16.830392321069009 ], [ -99.169096882235777, 16.830243250427145 ], [ -99.169147191766157, 16.830021605295787 ], [ -99.169178113839266, 16.829982222613811 ], [ -99.169381578797683, 16.829723086951898 ], [ -99.169766536546419, 16.829867411783951 ], [ -99.169893004642717, 16.829927276471427 ], [ -99.170395670477077, 16.830165216225609 ], [ -99.170939998970198, 16.830092442807334 ], [ -99.171728699195384, 16.830390110318824 ], [ -99.172592441676869, 16.830633470804866 ], [ -99.173052139656178, 16.830388999880441 ], [ -99.173003513906124, 16.830245580170097 ], [ -99.172920381544699, 16.830000384045118 ], [ -99.172507001143373, 16.82956680395483 ], [ -99.172666285756137, 16.829259304780855 ], [ -99.172853811841151, 16.829020459455144 ], [ -99.172900666310539, 16.828960782458815 ], [ -99.17367990463967, 16.829177089066867 ], [ -99.173640694733237, 16.829577341784315 ], [ -99.173605507959564, 16.82993652518773 ], [ -99.174150040992018, 16.830089747034577 ], [ -99.174440243353502, 16.830552804131013 ], [ -99.174620032787629, 16.830839681119567 ], [ -99.174779182375588, 16.830387537977053 ], [ -99.17524807181907, 16.829935130740811 ], [ -99.176186545962963, 16.829789685630196 ], [ -99.1763633030899, 16.829614979446081 ], [ -99.17657102313639, 16.829409669007084 ], [ -99.176371008338833, 16.828963829267291 ], [ -99.176335886756718, 16.828885541833994 ], [ -99.176072741367335, 16.829139441829962 ], [ -99.175867002476664, 16.829337951550912 ], [ -99.175774096119326, 16.829300942169262 ], [ -99.175482032973306, 16.829184598023545 ], [ -99.175162766323282, 16.829031187767196 ], [ -99.175162490730301, 16.828731291241354 ], [ -99.175162350948611, 16.828579180233227 ], [ -99.175396793286637, 16.828352976296699 ], [ -99.176100467725306, 16.828054049226886 ], [ -99.176088961728468, 16.827906226979717 ], [ -99.17602447828385, 16.82707777721653 ], [ -99.176152779228119, 16.826971055885192 ], [ -99.176568444002385, 16.826625302593186 ], [ -99.176277865251691, 16.826587391990362 ], [ -99.175948898501332, 16.826544472549745 ], [ -99.17555503986658, 16.826924496091696 ], [ -99.174419879899304, 16.827513073091534 ], [ -99.173837554669674, 16.827079638883955 ], [ -99.173701786081423, 16.827151273888262 ], [ -99.173133945871115, 16.827450879455437 ], [ -99.173048520325182, 16.826402292820706 ], [ -99.172428298297646, 16.825571119316486 ], [ -99.171517779878656, 16.825472439465372 ], [ -99.169996891497959, 16.825048815499699 ], [ -99.169846114048795, 16.824370927899949 ], [ -99.169761303723902, 16.82399131108183 ], [ -99.170125058088203, 16.822525933485679 ], [ -99.170154095100969, 16.822408957440253 ], [ -99.169482981967462, 16.822020311787309 ], [ -99.169374679609689, 16.821957592883628 ], [ -99.167808136640616, 16.822944255892502 ], [ -99.166670436685465, 16.823255213432159 ], [ -99.164523900184776, 16.823841887519201 ], [ -99.163892698596939, 16.823813269214924 ], [ -99.162956412382769, 16.823770814967467 ], [ -99.162281305526434, 16.824557843645557 ], [ -99.16124002990594, 16.825209555208048 ], [ -99.160611048289113, 16.825056364892568 ], [ -99.160090412459894, 16.824948716471777 ], [ -99.159522101070749, 16.82483120884239 ], [ -99.159262846319265, 16.824665027987631 ], [ -99.15881778691535, 16.824379745932006 ], [ -99.158588943511589, 16.824453414248818 ], [ -99.158114038340472, 16.824606292752335 ], [ -99.157485770162921, 16.824844579354973 ], [ -99.157325875226789, 16.824905223153703 ], [ -99.156782113548402, 16.82565597262856 ], [ -99.156891636657335, 16.826377962830154 ], [ -99.156942544181831, 16.826713549721752 ], [ -99.15725346556448, 16.828150698400165 ], [ -99.157456083940232, 16.82903482410271 ], [ -99.157649105634491, 16.82987706662232 ], [ -99.157649479509274, 16.830329074502309 ], [ -99.157959288454592, 16.830410198017752 ], [ -99.158193626072162, 16.830030330874195 ], [ -99.158285125090245, 16.830051620331599 ], [ -99.158503427236909, 16.8301024134168 ], [ -99.158588278198422, 16.830554356080189 ], [ -99.158738832547925, 16.831006247931583 ], [ -99.158818815784258, 16.830892765455122 ], [ -99.158898208489816, 16.830780120675986 ], [ -99.159057395443583, 16.830327989377867 ], [ -99.158906832951857, 16.830153406170027 ], [ -99.158737959145839, 16.829957589744609 ], [ -99.15858752599739, 16.829650340361049 ], [ -99.158661340583876, 16.829606912011077 ], [ -99.158972166475323, 16.829424039035718 ], [ -99.158889220534718, 16.82906325225218 ], [ -99.158830863304303, 16.828809417176885 ], [ -99.159262431901269, 16.828583079024007 ], [ -99.159290750541544, 16.828596689164556 ], [ -99.159525346376057, 16.828709437370406 ], [ -99.160304546173876, 16.828898674380081 ], [ -99.160354955778985, 16.828992735098421 ], [ -99.160464359913718, 16.829196875022902 ], [ -99.16040549613021, 16.829354761328354 ], [ -99.160380075633327, 16.829422944904568 ], [ -99.160249332040749, 16.830209541065393 ], [ -99.160465760340088, 16.830860263805178 ], [ -99.160700413625037, 16.830860080399063 ], [ -99.160861275860753, 16.83081769071465 ], [ -99.161010087220788, 16.830778476493503 ], [ -99.161404243310415, 16.830705845932052 ], [ -99.161520114379456, 16.830781600902693 ], [ -99.161639026734477, 16.830859344094485 ], [ -99.161714491649178, 16.831302252596632 ], [ -99.161639724459931, 16.83168199818105 ], [ -99.161480419986987, 16.831989488910015 ], [ -99.161139714153435, 16.831989756429138 ], [ -99.161086200146215, 16.831989798396446 ], [ -99.160978954724797, 16.831938257576518 ], [ -99.160616700323246, 16.831764161977855 ], [ -99.16058645011249, 16.831673368898894 ], [ -99.160541420530706, 16.831538216795835 ], [ -99.160331329733054, 16.831570760446969 ], [ -99.160072173029832, 16.831610904232917 ], [ -99.159593576841161, 16.831728798668784 ], [ -99.159891948029568, 16.832184395970177 ], [ -99.159913116406159, 16.832216718880545 ], [ -99.16023262720924, 16.832668477940739 ], [ -99.160383308901871, 16.833265010904118 ], [ -99.160543065557803, 16.833490890099299 ], [ -99.160618475686903, 16.833870517832025 ], [ -99.160384069793963, 16.834169026222586 ], [ -99.160294357291406, 16.834353021838215 ], [ -99.160234147553538, 16.834476508616536 ], [ -99.160047150288563, 16.834609160515658 ], [ -99.159915202700077, 16.834702761126383 ], [ -99.159605325374031, 16.834549319438782 ], [ -99.159060858808047, 16.834477420494281 ], [ -99.158967376437076, 16.834404654844754 ], [ -99.158666377830372, 16.834170360165697 ], [ -99.15863005059559, 16.833996148719514 ], [ -99.158553290955723, 16.833628037905598 ], [ -99.158367621012246, 16.833617005215295 ], [ -99.157652164268384, 16.833574490490772 ], [ -99.157196830505839, 16.833574839431158 ], [ -99.156863717872795, 16.833575094069115 ], [ -99.156713411213687, 16.833421526058771 ], [ -99.156478442945556, 16.833042018413767 ], [ -99.156478086630827, 16.832608090940688 ], [ -99.156158636631687, 16.832219607057045 ], [ -99.155747150358621, 16.832561803249028 ], [ -99.155614606106894, 16.832672027966666 ], [ -99.155145294956782, 16.832672382930827 ], [ -99.155075927415936, 16.832439239909519 ], [ -99.154938232101429, 16.831976446701557 ], [ -99.15446744647231, 16.831805658736698 ], [ -99.154018115240689, 16.831642652533585 ], [ -99.154146678754259, 16.831995553767861 ], [ -99.154281513569558, 16.832365667928737 ], [ -99.154441386822981, 16.832745234620212 ], [ -99.154400640972113, 16.832947196160504 ], [ -99.154366597253002, 16.833115937474858 ], [ -99.154047713386277, 16.833423542349813 ], [ -99.153855989721521, 16.833364611372499 ], [ -99.153812998493819, 16.833351396933033 ], [ -99.153812975480122, 16.833322885671169 ], [ -99.153812692022555, 16.832971710358496 ], [ -99.153577671780297, 16.832519878069046 ], [ -99.153098597084991, 16.832050147175437 ], [ -99.153147384949818, 16.832409784502186 ], [ -99.153193018590486, 16.832746169332225 ], [ -99.152799239044299, 16.832684968498189 ], [ -99.152498350922642, 16.83263820422285 ], [ -99.152295170877139, 16.832765844255384 ], [ -99.152094945373804, 16.832891627846816 ], [ -99.151550665943248, 16.833045712863928 ], [ -99.151785624452287, 16.8334252262263 ], [ -99.152442662758801, 16.833424739700359 ], [ -99.152959269959482, 16.833876363778845 ], [ -99.152903111850293, 16.834075289142504 ], [ -99.153420746544299, 16.8343240796926 ], [ -99.153673086801021, 16.834445361173241 ], [ -99.154203077920727, 16.834527728562652 ], [ -99.154367761696022, 16.834553322231372 ], [ -99.154462371054763, 16.834615180024912 ], [ -99.154602544293937, 16.834706828385563 ], [ -99.154628669850567, 16.834810268644603 ], [ -99.154677877060607, 16.835005096958998 ], [ -99.15373936721916, 16.835159484262338 ], [ -99.153580221974082, 16.835683932599018 ], [ -99.153850408771262, 16.8359375630206 ], [ -99.153974749140559, 16.836054283770682 ], [ -99.154285049075838, 16.83673206284363 ], [ -99.154369834540745, 16.837111685792564 ], [ -99.155092759841708, 16.837319064795956 ], [ -99.154962510284804, 16.837911398105177 ], [ -99.154840258810268, 16.838467355307291 ], [ -99.154568067328825, 16.838950607082012 ], [ -99.154371607365874, 16.839299402532191 ], [ -99.154209228268726, 16.839579176013931 ], [ -99.153977920343706, 16.839977709804817 ], [ -99.153433862599258, 16.840430124819953 ], [ -99.152851893014088, 16.840430558832146 ], [ -99.153133371649972, 16.840779405047435 ], [ -99.153274712236311, 16.840954572691658 ], [ -99.153435078803497, 16.84193982979772 ], [ -99.15320065176499, 16.842238329930176 ], [ -99.152681348695126, 16.842374650489468 ], [ -99.152337256556109, 16.842464976167062 ], [ -99.151304941425565, 16.842745984256638 ], [ -99.150535544693639, 16.843144316582695 ], [ -99.149662535124108, 16.843090713864687 ], [ -99.149727933100223, 16.843575939026479 ], [ -99.149738069741844, 16.843651148362607 ], [ -99.150716485832746, 16.8436643921222 ], [ -99.151005297508348, 16.843668300561561 ], [ -99.151150371001748, 16.84376315170632 ], [ -99.151240088729153, 16.843821810352711 ], [ -99.15109013703848, 16.844120245817471 ], [ -99.150961657864542, 16.844140140295558 ], [ -99.150620854787888, 16.84419291185765 ], [ -99.150252747663117, 16.844377601478463 ], [ -99.150151700478673, 16.84442829949359 ], [ -99.14991762110202, 16.845178803255727 ], [ -99.149599121919266, 16.846010729613127 ], [ -99.149055036560128, 16.846463132980322 ], [ -99.147806578109353, 16.846464035673062 ], [ -99.147443023722246, 16.846725729654306 ], [ -99.147178004807742, 16.846916494901144 ], [ -99.146943617657513, 16.847287309045583 ], [ -99.146879728440908, 16.847371118668747 ], [ -99.146709180834009, 16.847594841889297 ], [ -99.147338107288562, 16.847594391431421 ], [ -99.14811716181039, 16.847512469413843 ], [ -99.148661958289225, 16.847964083131245 ], [ -99.148717603524702, 16.848069488873008 ], [ -99.148981589578526, 16.848569541464482 ], [ -99.148875131377594, 16.84873336636522 ], [ -99.148587807939222, 16.849175516937933 ], [ -99.148043943183268, 16.849926242332558 ], [ -99.147340087362878, 16.850152752542503 ], [ -99.146945655198436, 16.849927031580489 ], [ -99.14678630493124, 16.850225470534447 ], [ -99.146773971711156, 16.850325574986226 ], [ -99.14671167502874, 16.85083121387963 ], [ -99.146377106246902, 16.851571552672617 ], [ -99.146168145276107, 16.852033941433319 ], [ -99.146055193786864, 16.852216992357786 ], [ -99.145933756863315, 16.852413794445457 ], [ -99.145725088911902, 16.852452224924473 ], [ -99.145539549757459, 16.852486395570224 ], [ -99.145540123538069, 16.853236727394325 ], [ -99.144292422399786, 16.854295305685522 ], [ -99.14374841688435, 16.854901377304685 ], [ -99.14280040570749, 16.85504668158195 ], [ -99.142415301860552, 16.854748624388932 ], [ -99.14187566518622, 16.855513283911904 ], [ -99.141655730005951, 16.855824927590579 ], [ -99.140492262734753, 16.855819520168836 ], [ -99.138266875978701, 16.855809158908698 ], [ -99.137956876461033, 16.855511042710084 ], [ -99.137943580602695, 16.85550343333464 ], [ -99.137562444120221, 16.855285303831664 ], [ -99.137703679521948, 16.855872818684617 ], [ -99.137809066612036, 16.856065568641309 ], [ -99.138089073574378, 16.856577691127669 ], [ -99.138575745197684, 16.857276809541329 ], [ -99.138869046625899, 16.857698142776183 ], [ -99.140474474656841, 16.857779282374818 ] ] ] ] } },
{ "type": "Feature", "properties": { "fid": 14.0, "cat": 12, "VULNERABIL": 2.0, "NOM_ACUIF": "NEXPA", "CLAVE_ACUI": "1232" }, "geometry": { "type": "MultiPolygon", "coordinates": [ [ [ [ -99.160067057633995, 16.686535046572452 ], [ -99.159990782743407, 16.686846797652425 ], [ -99.159842576782196, 16.687280822265638 ], [ -99.159671841352491, 16.687692445448633 ], [ -99.159307839460681, 16.688493290012911 ], [ -99.159087609609841, 16.68894183312301 ], [ -99.158790922839813, 16.689486618046608 ], [ -99.158516674513564, 16.6899460497071 ], [ -99.157990614392077, 16.690779559148009 ], [ -99.157621899590879, 16.691338860979364 ], [ -99.157041814951299, 16.692183256841773 ], [ -99.156443719522443, 16.693031280580389 ], [ -99.156156166638624, 16.693433804479199 ], [ -99.155229506993749, 16.694730952220631 ], [ -99.154629141094844, 16.695574633233321 ], [ -99.154042266821037, 16.696406008320231 ], [ -99.153664511434243, 16.696947953305347 ], [ -99.153118119920336, 16.697742413322189 ], [ -99.15282806421375, 16.698171475284887 ], [ -99.152504290506172, 16.698664201789466 ], [ -99.152254723587731, 16.699056350752699 ], [ -99.151829795635706, 16.699740070886751 ], [ -99.151622958728851, 16.700082288085603 ], [ -99.151427377504078, 16.700425220016431 ], [ -99.151308246063493, 16.700654556148194 ], [ -99.151146433044801, 16.700999632650817 ], [ -99.151067793133109, 16.701192056724526 ], [ -99.150993686683364, 16.701424252511718 ], [ -99.150948815898957, 16.701618821432298 ], [ -99.150888309969503, 16.701970332408493 ], [ -99.150871192836561, 16.702151140585521 ], [ -99.150880347524378, 16.702342054156261 ], [ -99.15091272253261, 16.702479435261427 ], [ -99.151000692992639, 16.702700664979705 ], [ -99.151075837487795, 16.702833675731906 ], [ -99.151213300546971, 16.703011478235094 ], [ -99.151367261276363, 16.703174804916646 ], [ -99.1516916809381, 16.703486982171214 ], [ -99.151886171039536, 16.703658956918424 ], [ -99.152145221344881, 16.703862704034766 ], [ -99.152382481804295, 16.704030307743036 ], [ -99.152835213448128, 16.704329371299384 ], [ -99.153151291878984, 16.704527289521071 ], [ -99.153646795600267, 16.70482198049859 ], [ -99.15415655742504, 16.705115213277782 ], [ -99.155190342346486, 16.705700217941438 ], [ -99.155706114471243, 16.705996335060391 ], [ -99.156219642823046, 16.706299684390533 ], [ -99.156559750609503, 16.706509150079082 ], [ -99.157066545679839, 16.706834197835313 ], [ -99.157345853913839, 16.70702201290548 ], [ -99.157676982952665, 16.707260410842416 ], [ -99.157949556489285, 16.707469925680524 ], [ -99.158436148829466, 16.707860071835345 ], [ -99.158686211463234, 16.708069602922546 ], [ -99.158949806144662, 16.708308050582303 ], [ -99.159139067840343, 16.708495932366542 ], [ -99.159443258497205, 16.708821129979899 ], [ -99.159625785408153, 16.709030711955329 ], [ -99.15986917531086, 16.709334260377975 ], [ -99.160092298471, 16.709630592371166 ], [ -99.16051827927177, 16.71021603950738 ], [ -99.16072939699869, 16.710511656909581 ], [ -99.160936768077107, 16.710813062453816 ], [ -99.161071268525092, 16.711019787733736 ], [ -99.161267398791296, 16.711338558043188 ], [ -99.161372613031901, 16.711521440951657 ], [ -99.161492125243285, 16.711751319450823 ], [ -99.161586098018489, 16.711951567382478 ], [ -99.161748504362578, 16.712322432631858 ], [ -99.161828968002141, 16.71252052146086 ], [ -99.161907952278753, 16.712743922771669 ], [ -99.161959129041534, 16.712918169476776 ], [ -99.16203367508696, 16.713217508280657 ], [ -99.162073610145825, 16.713409120117678 ], [ -99.1621188692083, 16.71368461683765 ], [ -99.162154365936985, 16.71395216619905 ], [ -99.162215597204693, 16.714479317543585 ], [ -99.162249214139479, 16.714742167660869 ], [ -99.16228883351711, 16.715003566690051 ], [ -99.16232124884985, 16.715176381624971 ], [ -99.16237887550129, 16.715433427394778 ], [ -99.162416892739927, 16.715574779510995 ], [ -99.162473317765674, 16.715741790093059 ], [ -99.162529342255723, 16.71587878894033 ], [ -99.162640990824613, 16.716122774867017 ], [ -99.162704885170797, 16.716247834973892 ], [ -99.162784919522977, 16.716379029391124 ], [ -99.162854415751099, 16.716472626644048 ], [ -99.162982870143665, 16.716622223952168 ], [ -99.163070373740894, 16.716711467841133 ], [ -99.163204430116195, 16.716829602195929 ], [ -99.163340353867753, 16.716937248855633 ], [ -99.163614069025726, 16.71714205429199 ], [ -99.163752239039752, 16.717243190263893 ], [ -99.163893033631538, 16.717341792925591 ], [ -99.163989521204954, 16.717404994762102 ], [ -99.164138189330814, 16.7174959976027 ], [ -99.164223407225577, 16.717544021469585 ], [ -99.164330392729653, 16.717597090264835 ], [ -99.164423484005468, 16.71763751438467 ], [ -99.164595772370603, 16.717705717889622 ], [ -99.164687731553499, 16.717738549387306 ], [ -99.164791320677736, 16.717768840437312 ], [ -99.164872010021966, 16.717786494030683 ], [ -99.165010488930164, 16.717809163733577 ], [ -99.165099051579702, 16.717819217549046 ], [ -99.165226260605039, 16.717826709302404 ], [ -99.165349712992523, 16.717829141713946 ], [ -99.16559286112134, 16.717828947056777 ], [ -99.165720071106065, 16.71783752327708 ], [ -99.165858552957957, 16.717863446723712 ], [ -99.165962146080759, 16.717898076268636 ], [ -99.166134443665513, 16.717976041421917 ], [ -99.166241436507207, 16.71803670261626 ], [ -99.166390117462086, 16.71814072107005 ], [ -99.166530926290065, 16.718253423931515 ], [ -99.166804672156701, 16.718487513885862 ], [ -99.166957886721278, 16.718626240957221 ], [ -99.167143784338947, 16.718808332350452 ], [ -99.167300399175332, 16.718973090929456 ], [ -99.167584346448237, 16.719285275117052 ], [ -99.167774778425795, 16.719502074934855 ], [ -99.167995701955007, 16.719762106542806 ], [ -99.16806212714549, 16.71984029019276 ], [ -99.16835061019205, 16.720187182279574 ], [ -99.168928712763289, 16.720889642426432 ], [ -99.16920256861421, 16.721240884304521 ], [ -99.168928712763289, 16.720889642426432 ], [ -99.16920256861421, 16.721240884304517 ], [ -99.169446031364558, 16.72159215072292 ], [ -99.169577946219192, 16.721826353108725 ], [ -99.169730227811456, 16.722177693966163 ], [ -99.169784434710294, 16.722372908250765 ], [ -99.169794773458008, 16.72260721032924 ], [ -99.16975779765697, 16.722802499516213 ], [ -99.169636531194939, 16.723154064949995 ], [ -99.169590456374777, 16.7232441257026 ], [ -99.169543257733991, 16.723336383047879 ], [ -99.169504897962796, 16.723383654550471 ], [ -99.169384703890927, 16.723531771878857 ], [ -99.169213720882908, 16.72367510175464 ], [ -99.168859325336797, 16.723909702229108 ], [ -99.168597158107161, 16.724053106093915 ], [ -99.168165051952244, 16.724248717017812 ], [ -99.167707041868255, 16.7244313308159 ], [ -99.166765116033829, 16.724783559035991 ], [ -99.166288715177544, 16.724964738183587 ], [ -99.165801440118386, 16.725156049493549 ], [ -99.165465716214158, 16.725293722969649 ], [ -99.164945819406825, 16.725515431982505 ], [ -99.164646113940208, 16.725648736289038 ], [ -99.164349159237759, 16.725788282582446 ], [ -99.164266894682427, 16.725826940602083 ], [ -99.163934567931818, 16.725990643404476 ], [ -99.163853550096817, 16.726031680011562 ], [ -99.163316806058887, 16.726303546734648 ], [ -99.162985610770932, 16.726475925290323 ], [ -99.162609787595542, 16.726680158399347 ], [ -99.162314610987821, 16.726848168445617 ], [ -99.161804903809397, 16.727147965094328 ], [ -99.16147710483007, 16.727346373085108 ], [ -99.161003415160963, 16.727641800522385 ], [ -99.160541730766866, 16.727935771185852 ], [ -99.159630364501098, 16.728522253789787 ], [ -99.159171298417917, 16.728811157110631 ], [ -99.158705469252027, 16.729091386442249 ], [ -99.158388154028771, 16.729269532432195 ], [ -99.157902037572313, 16.729523741008528 ], [ -99.157625210648263, 16.72965629449514 ], [ -99.157280846850298, 16.729799746757031 ], [ -99.156983734152504, 16.729906280328596 ], [ -99.156436759525718, 16.730082428200603 ], [ -99.156167765505842, 16.730159002989286 ], [ -99.156146381034674, 16.730165090509811 ], [ -99.155822220701182, 16.730236930189275 ], [ -99.155572332093243, 16.730274000763291 ], [ -99.155359579392439, 16.73029368677129 ], [ -99.155146826646032, 16.730313372560488 ], [ -99.154876653099763, 16.730324423025117 ], [ -99.154491638042217, 16.730318202726721 ], [ -99.154120119914964, 16.730296784845436 ], [ -99.153390580857447, 16.730238750258103 ], [ -99.153024313647123, 16.730213710600442 ], [ -99.152655050834468, 16.730196627494745 ], [ -99.152405879956802, 16.730193195589312 ], [ -99.152027630074514, 16.730199982957554 ], [ -99.15181449550937, 16.730211710608852 ], [ -99.151807378110064, 16.730212484503706 ], [ -99.151553341664695, 16.730240106436391 ], [ -99.151331219776836, 16.730275705149449 ], [ -99.150926007786069, 16.730354105152291 ], [ -99.150712901955686, 16.730402713868127 ], [ -99.150478796569431, 16.730470140365071 ], [ -99.150301726748836, 16.730533909198517 ], [ -99.150153174686054, 16.730595849199663 ], [ -99.150004622526566, 16.730657789094387 ], [ -99.149818564916856, 16.730745429008262 ], [ -99.149557496314216, 16.730884468918646 ], [ -99.14930843942237, 16.731028562082873 ], [ -99.148822336608134, 16.731321801124107 ], [ -99.148571027617976, 16.731466618204742 ], [ -99.148303204192473, 16.731607830934983 ], [ -99.148108140963458, 16.731698368501721 ], [ -99.147790774676253, 16.731828768378499 ], [ -99.147597945817921, 16.731897608442718 ], [ -99.147336825680284, 16.731973728863149 ], [ -99.14709445430185, 16.732031756082961 ], [ -99.146628460121008, 16.732129716842287 ], [ -99.146370319249712, 16.732176906697397 ], [ -99.146061891043729, 16.732220515896003 ], [ -99.145805984952233, 16.732246008042765 ], [ -99.14534669486909, 16.732278874910733 ], [ -99.145041246432825, 16.732293553257847 ], [ -99.144584191276707, 16.732304721437341 ], [ -99.144127881138132, 16.732308656277425 ], [ -99.143216005893208, 16.732309290608203 ], [ -99.14276119510464, 16.73231105184669 ], [ -99.142308637990112, 16.732315703254397 ], [ -99.142009186916638, 16.732321694816047 ], [ -99.141786288859166, 16.732328356584798 ], [ -99.141563390784214, 16.732335018113098 ], [ -99.14131797991223, 16.73234531071083 ], [ -99.141027543437573, 16.732362865576114 ], [ -99.140788893501878, 16.732381831099982 ], [ -99.140363380086015, 16.732421172494654 ], [ -99.140144997088299, 16.73244446258618 ], [ -99.139915361581984, 16.732474991879826 ], [ -99.139751018741123, 16.732502584024452 ], [ -99.139487625677532, 16.732554831111187 ], [ -99.139330043651796, 16.732591096526633 ], [ -99.139120690652248, 16.732647645768559 ], [ -99.138929350966862, 16.732705629044204 ], [ -99.138914156547784, 16.732710520736113 ], [ -99.138564684692909, 16.732823029342388 ], [ -99.138349328116178, 16.732881028194161 ], [ -99.138067924847988, 16.732937624624228 ], [ -99.137814276004434, 16.732973953086283 ], [ -99.137334732674148, 16.73302634155619 ], [ -99.137002273001301, 16.733054043242962 ], [ -99.136484437376154, 16.733084759709708 ], [ -99.135959841599515, 16.733107985660521 ], [ -99.135953837641338, 16.733108251471997 ], [ -99.135943800598866, 16.733108623048892 ], [ -99.134879873853308, 16.733148007435805 ], [ -99.13426179728728, 16.733167066773092 ], [ -99.134256956928098, 16.733167216025667 ], [ -99.134252479256602, 16.733167316718681 ], [ -99.133462170151887, 16.733185087514187 ], [ -99.132760442484951, 16.733195664333866 ], [ -99.131450046205998, 16.733209519800706 ], [ -99.130550178426532, 16.733215876043481 ], [ -99.129160971438225, 16.733221088617654 ], [ -99.127745494223049, 16.733223415373942 ], [ -99.124888269433583, 16.733225162945441 ], [ -99.123473540578317, 16.733224567245166 ], [ -99.122086579017974, 16.733221052715578 ], [ -99.121189705338537, 16.733215795503391 ], [ -99.119886045943346, 16.733203539119422 ], [ -99.119189558169296, 16.733193817712085 ], [ -99.118403754248106, 16.733176913367046 ], [ -99.117790568861111, 16.733158461288333 ], [ -99.116736816799929, 16.733120007804857 ], [ -99.116218194426409, 16.733097158494214 ], [ -99.115716079209164, 16.733067066817483 ], [ -99.115397842865306, 16.733039763983289 ], [ -99.114945249110079, 16.732987947309606 ], [ -99.114710315307917, 16.732951918856543 ], [ -99.114458107595283, 16.732895650627295 ], [ -99.114272695229076, 16.732837898778651 ], [ -99.114258217637982, 16.732832327959766 ], [ -99.113968665991322, 16.732720911367327 ], [ -99.113805769445165, 16.732663146670713 ], [ -99.113621108870461, 16.732606840182285 ], [ -99.113476237757297, 16.732570760753358 ], [ -99.113351261366873, 16.732544794846302 ], [ -99.11322628500983, 16.732518828863348 ], [ -99.113065658312564, 16.732491435961165 ], [ -99.112833730926866, 16.732461189173037 ], [ -99.112607811987345, 16.73243817066389 ], [ -99.112161982622965, 16.732399361456153 ], [ -99.111909047795521, 16.732380695940996 ], [ -99.111596072596782, 16.732363508929261 ], [ -99.111327382075757, 16.732353529393144 ], [ -99.110834285714716, 16.732340777327849 ], [ -99.11050030289681, 16.732335170833224 ], [ -99.109991450774501, 16.732331103363883 ], [ -99.109477346707521, 16.732329930151288 ], [ -99.10844388659406, 16.732330475371256 ], [ -99.107927530152693, 16.732327853120047 ], [ -99.107411920992504, 16.732319443735612 ], [ -99.107068928858496, 16.732308050923042 ], [ -99.106555561678547, 16.732282281876802 ], [ -99.106271105055271, 16.732262179349959 ], [ -99.105931102358028, 16.732227641293242 ], [ -99.1056488878598, 16.732190180396845 ], [ -99.105142247252246, 16.732112335307566 ], [ -99.104891775182153, 16.732068207903318 ], [ -99.104880292224649, 16.732066184863154 ], [ -99.10486452953937, 16.732062763585649 ], [ -99.104601067596334, 16.732005579197143 ], [ -99.104397648236315, 16.73195072030369 ], [ -99.104066614905776, 16.731846749186129 ], [ -99.103865438004931, 16.731774532272862 ], [ -99.103592940607854, 16.731661852764688 ], [ -99.10333995530263, 16.731546270405211 ], [ -99.102853497359988, 16.731312202304895 ], [ -99.102603515390101, 16.73119734072117 ], [ -99.102340026836231, 16.731086824616067 ], [ -99.102150861086599, 16.731017492796095 ], [ -99.101846852394701, 16.730920013367221 ], [ -99.101664451927121, 16.730870203674495 ], [ -99.101421259098586, 16.730818254133702 ], [ -99.101198338177454, 16.730781481194946 ], [ -99.100772768325214, 16.730723111525307 ], [ -99.100538595679751, 16.730697191091341 ], [ -99.100261647462148, 16.730677799796986 ], [ -99.100034239706517, 16.730671401419375 ], [ -99.099628964617651, 16.730671597298592 ], [ -99.099361036122431, 16.730678234995946 ], [ -99.098962525671638, 16.730697952226606 ], [ -99.098955884516215, 16.73069839174164 ], [ -99.098566270008504, 16.730724176250568 ], [ -99.097776013192075, 16.730783129589938 ], [ -99.097373000751745, 16.730805738614521 ], [ -99.0969542205534, 16.73081461379714 ], [ -99.096659266093397, 16.73080679703526 ], [ -99.096193183041621, 16.730774471431154 ], [ -99.095918480499336, 16.73074277917172 ], [ -99.095560455977349, 16.730680028284524 ], [ -99.095238451105701, 16.730607135621668 ], [ -99.094630461511713, 16.730451207737048 ], [ -99.094322323831278, 16.730363160916223 ], [ -99.094299440602029, 16.730356622273352 ], [ -99.094266225182167, 16.73034559622052 ], [ -99.0939143671539, 16.730228794483526 ], [ -99.093634375566012, 16.730122065326992 ], [ -99.093603599029677, 16.730110333680575 ], [ -99.093056368626662, 16.729882778568687 ], [ -99.092698299784161, 16.729723116315931 ], [ -99.092171323715718, 16.729471684738773 ], [ -99.09165109975757, 16.729212293804935 ], [ -99.09061740680599, 16.728685550000474 ], [ -99.090096437244981, 16.728427601804384 ], [ -99.089567218646991, 16.728180503593197 ], [ -99.089238882585406, 16.728040569582845 ], [ -99.089206156555804, 16.728026621990047 ], [ -99.088929172522143, 16.727919348835357 ], [ -99.088652188796658, 16.727812075306698 ], [ -99.088336178980512, 16.727703733322013 ], [ -99.087942116769653, 16.727593254545244 ], [ -99.087601356163717, 16.727517465173158 ], [ -99.086973136760761, 16.727400575060138 ], [ -99.086639143100484, 16.727350815814404 ], [ -99.08626538110029, 16.727318429015813 ], [ -99.085977559349047, 16.727314226746618 ], [ -99.085976437965641, 16.727314210373358 ], [ -99.085483370408426, 16.727333940911617 ], [ -99.085169675321509, 16.727362274591105 ], [ -99.084721657483101, 16.727427545228519 ], [ -99.08428865595468, 16.727507995600266 ], [ -99.083437668361753, 16.72768407439095 ], [ -99.083009920756794, 16.727768135875213 ], [ -99.082577666355675, 16.727844243269299 ], [ -99.082284990155983, 16.727887027818209 ], [ -99.081839216024605, 16.72793927403243 ], [ -99.081587057243581, 16.727960346064528 ], [ -99.081276355171639, 16.727971316275916 ], [ -99.081011426660609, 16.727968535768273 ], [ -99.081010677216454, 16.727968527902142 ], [ -99.081005663487048, 16.727968328569997 ], [ -99.080524345509787, 16.727949192117322 ], [ -99.080267667226579, 16.727931212447668 ], [ -99.079983964088839, 16.727896609727036 ], [ -99.079767803842572, 16.727856918269573 ], [ -99.079403026386842, 16.727772446447144 ], [ -99.079173347577481, 16.727708894539106 ], [ -99.078849088630804, 16.727602710727144 ], [ -99.078538336033958, 16.727489289444158 ], [ -99.077930337936905, 16.727255208547604 ], [ -99.077648574849434, 16.727152275591543 ], [ -99.077621838221745, 16.727142508210669 ], [ -99.077608878957705, 16.727138262536982 ], [ -99.077304336416901, 16.727038488970081 ], [ -99.077083666279648, 16.726977824087449 ], [ -99.076739157629518, 16.726899848622939 ], [ -99.076538761577879, 16.726865210198103 ], [ -99.076282081933329, 16.72683927055941 ], [ -99.07605467853557, 16.726830676208618 ], [ -99.075629147938471, 16.726830832423456 ], [ -99.075399499914226, 16.726839594555923 ], [ -99.075392745722269, 16.726840264574044 ], [ -99.07513608639276, 16.726865725099049 ], [ -99.074926711837463, 16.72690051390634 ], [ -99.074744356727109, 16.726939631823594 ], [ -99.074562001541722, 16.726978749580045 ], [ -99.07432561900147, 16.727039582098783 ], [ -99.073981181625442, 16.727143844027594 ], [ -99.073643501673374, 16.72725678116511 ], [ -99.072974898348917, 16.727491329589583 ], [ -99.072639468954307, 16.727604987474088 ], [ -99.072301784939071, 16.727711413777207 ], [ -99.072074407839636, 16.727775133299993 ], [ -99.071913159294169, 16.727814799694531 ], [ -99.071729960603378, 16.7278598655504 ], [ -99.071536346700682, 16.72789970772952 ], [ -99.071299952375355, 16.727934502218837 ], [ -99.071099575769793, 16.727952650844891 ], [ -99.0707348402847, 16.727972301984789 ], [ -99.07054346399282, 16.727975260155006 ], [ -99.070334070668977, 16.727964483813363 ], [ -99.070181899505229, 16.727944287314237 ], [ -99.070176458120173, 16.727943565119212 ], [ -99.069913013876857, 16.727891585295467 ], [ -99.06990264155958, 16.727888896400447 ], [ -99.069748639052278, 16.727848973084086 ], [ -99.069537105133008, 16.727779109533977 ], [ -99.069518958848036, 16.727773116327135 ], [ -99.069300533426272, 16.727689300529391 ], [ -99.068874937762232, 16.727513709475708 ], [ -99.068659513868965, 16.727426999264765 ], [ -99.068438837464768, 16.727342460115945 ], [ -99.068286467264414, 16.72728827183602 ], [ -99.068050033065987, 16.727210246121889 ], [ -99.067923720880614, 16.727172172186055 ], [ -99.067913428110032, 16.727169069660341 ], [ -99.067891294393675, 16.727163260699975 ], [ -99.067740047367508, 16.727123566073764 ], [ -99.06758768441631, 16.727088903206766 ], [ -99.067303976365096, 16.727030418029287 ], [ -99.067151615843898, 16.727002263483531 ], [ -99.066978242248098, 16.726976285186954 ], [ -99.066841646757808, 16.726961142589492 ], [ -99.066605233883109, 16.726941693010353 ], [ -99.066452880297092, 16.726933063879986 ], [ -99.066232232391727, 16.726926626091359 ], [ -99.066016839461255, 16.726924525484289 ], [ -99.065591308563327, 16.726924661024505 ], [ -99.065375917118317, 16.726926898845171 ], [ -99.065155273673128, 16.726933477194208 ], [ -99.065002926036115, 16.7269422033784 ], [ -99.064766526548084, 16.726961803558758 ], [ -99.064629941470443, 16.726977033170613 ], [ -99.06445658572666, 16.727003121909142 ], [ -99.064304244546079, 16.727031373510574 ], [ -99.064020576663253, 16.72709003941376 ], [ -99.063868237515308, 16.727124799337972 ], [ -99.063694888015561, 16.727170413369979 ], [ -99.063558311327839, 16.727211676850061 ], [ -99.063321930690677, 16.72728985317498 ], [ -99.063169597685743, 16.727344138516376 ], [ -99.062948979306796, 16.727428818238867 ], [ -99.062733614926188, 16.727515665678457 ], [ -99.062308139771829, 16.727691527847412 ], [ -99.062092023368962, 16.727775482113664 ], [ -99.061869149718277, 16.727851483167623 ], [ -99.061713810132915, 16.727894197412137 ], [ -99.061470665056987, 16.727946339061344 ], [ -99.061328827362004, 16.727967353516849 ], [ -99.061146459427562, 16.727978255317549 ], [ -99.060985099364345, 16.727975423646239 ], [ -99.060984350593756, 16.727975410505945 ], [ -99.060979367666832, 16.727975091879603 ], [ -99.060680392080997, 16.727955974079414 ], [ -99.060516026981844, 16.727937942725625 ], [ -99.06032689020229, 16.727903285273463 ], [ -99.060176027360896, 16.72786355422328 ], [ -99.059912575725164, 16.727779018415596 ], [ -99.059741442169155, 16.727715427893973 ], [ -99.059491493166831, 16.727609192158805 ], [ -99.059246045193504, 16.727495723000793 ], [ -99.058759650881584, 16.727261550695346 ], [ -99.0585149536183, 16.727145910900415 ], [ -99.058267255544237, 16.727033164391163 ], [ -99.058099122549692, 16.726960893460785 ], [ -99.057842421631634, 16.726856827164411 ], [ -99.057696809020356, 16.726801905986193 ], [ -99.05753243398037, 16.726746519861749 ], [ -99.057516671995202, 16.726741208856616 ], [ -99.057362056224093, 16.72669496814185 ], [ -99.057344324329193, 16.726690091580171 ], [ -99.057078346013284, 16.726616942971699 ], [ -99.056928235987215, 16.726579378880604 ], [ -99.056761616006654, 16.726544711948318 ], [ -99.056634026039646, 16.72652449784329 ], [ -99.056417876117834, 16.726498522399371 ], [ -99.056281282837546, 16.726486988729192 ], [ -99.056087652891136, 16.72647836319247 ], [ -99.055901529585171, 16.726475520906256 ], [ -99.055536789600794, 16.726475619276076 ], [ -99.05534991727086, 16.726477838974454 ], [ -99.055154040257761, 16.726484400005265 ], [ -99.055014450892685, 16.726493115418023 ], [ -99.054791559789038, 16.726512700589016 ], [ -99.054658726686483, 16.726527922615595 ], [ -99.054483118481215, 16.726554003585104 ], [ -99.054323271220767, 16.726582249810441 ], [ -99.054019337551992, 16.726640907318473 ], [ -99.053852737525716, 16.72667566359145 ], [ -99.053656871178021, 16.726721275076553 ], [ -99.053497027284806, 16.726762537953938 ], [ -99.053213361860386, 16.726840714965132 ], [ -99.053026503534497, 16.726895001726863 ], [ -99.052749593972393, 16.726979685013031 ], [ -99.052474936246682, 16.727066536904655 ], [ -99.051927872123997, 16.727242408574899 ], [ -99.051650961181949, 16.727325644022798 ], [ -99.051367293003551, 16.727399479402532 ], [ -99.051171423775841, 16.727439303069279 ], [ -99.050867484320122, 16.727484938651436 ], [ -99.0506918720383, 16.727500891840421 ], [ -99.050468974741946, 16.727503115962868 ], [ -99.050273091573104, 16.727490869615369 ], [ -99.049908339464423, 16.727451906181035 ], [ -99.049712451884091, 16.727422302913713 ], [ -99.04948954123104, 16.727372456815075 ], [ -99.049337890104056, 16.727326284103778 ], [ -99.049313911086372, 16.727318983280224 ], [ -99.049265615234773, 16.727301415376036 ], [ -99.049009931461484, 16.727208408635462 ], [ -99.048833163895864, 16.727134712091008 ], [ -99.048814031016136, 16.727126735348623 ], [ -99.048782951943537, 16.727112008157473 ], [ -99.048530309336613, 16.726992290170831 ], [ -99.048285954272814, 16.72686665624682 ], [ -99.048253340511366, 16.726849888011344 ], [ -99.048193863914378, 16.726818066124157 ], [ -99.047706156562128, 16.726557125997711 ], [ -99.047426186642582, 16.726413277047435 ], [ -99.047133460003408, 16.726274492906338 ], [ -99.047112990615389, 16.726265882341643 ], [ -99.046925552006982, 16.726187035092405 ], [ -99.046760053279627, 16.726125240470274 ], [ -99.046594554658583, 16.726063445714932 ], [ -99.046413143296604, 16.726004776311527 ], [ -99.046397910286515, 16.725999849865797 ], [ -99.046381561984106, 16.725995607229841 ], [ -99.046138974355571, 16.725932651834153 ], [ -99.045915991612645, 16.725886709483163 ], [ -99.045904058833074, 16.725884250900076 ], [ -99.045885483387679, 16.725881000702813 ], [ -99.04545824831618, 16.725806245704142 ], [ -99.045214330292893, 16.725770863259648 ], [ -99.044928386555114, 16.725742721500378 ], [ -99.04469573163253, 16.725731201033742 ], [ -99.044283710564272, 16.72572478110931 ], [ -99.044012784146148, 16.725728454916926 ], [ -99.043612025893182, 16.725745896293891 ], [ -99.043215021813083, 16.725771291121937 ], [ -99.042424767548042, 16.725830032732667 ], [ -99.042027012797945, 16.725856148615566 ], [ -99.041624003084095, 16.725875756144166 ], [ -99.041350075050204, 16.725882319797527 ], [ -99.040931300716949, 16.725882403187132 ], [ -99.040693393486478, 16.725875941535442 ], [ -99.040398446169107, 16.725856473475844 ], [ -99.040144774579403, 16.725830488331376 ], [ -99.039678707276281, 16.725772000536871 ], [ -99.039431788084158, 16.725735165473282 ], [ -99.039157097721855, 16.72568314853471 ], [ -99.039051648675013, 16.725658218676532 ], [ -99.038946199655456, 16.725633288764424 ], [ -99.038588195961694, 16.725535726221306 ], [ -99.038361534007279, 16.725466342852684 ], [ -99.038335175902859, 16.725457289963625 ], [ -99.038039551842743, 16.725355755368795 ], [ -99.037729577021892, 16.725240826090175 ], [ -99.037121635464416, 16.725006624875917 ], [ -99.036805657297663, 16.724888802551121 ], [ -99.036465663648642, 16.724769537614598 ], [ -99.036234375048053, 16.724694846713756 ], [ -99.036214985592693, 16.724688585189302 ], [ -99.036185218394365, 16.724679656480141 ], [ -99.035802945145619, 16.724564992674946 ], [ -99.035550018186413, 16.724494887577897 ], [ -99.035203277611188, 16.724408164961766 ], [ -99.034878303665252, 16.72433373220391 ], [ -99.034844736725631, 16.724326434269024 ], [ -99.034250122788166, 16.724197155659752 ], [ -99.033900383950993, 16.724124895014334 ], [ -99.033500174594835, 16.724048657689416 ], [ -99.033479347956288, 16.724044690324952 ], [ -99.033127360105127, 16.723983276482144 ], [ -99.033100341906675, 16.723978849391361 ], [ -99.032492432769416, 16.723879238913682 ], [ -99.032068398380233, 16.723813495482254 ], [ -99.031431222502036, 16.723720302747424 ], [ -99.030793297336729, 16.723630724074031 ], [ -99.029784529561908, 16.723492007375619 ], [ -99.029516698856867, 16.723455176837231 ], [ -99.028872020358008, 16.723360530908781 ], [ -99.028214582285784, 16.723252144226727 ], [ -99.027763530480314, 16.723166146506919 ], [ -99.027726745410334, 16.723158236329237 ], [ -99.027067813364113, 16.723016539861455 ], [ -99.026668544248992, 16.72291968520814 ], [ -99.026166453789543, 16.722778728642464 ], [ -99.02579515348782, 16.722661560859603 ], [ -99.025728905653438, 16.722640655561303 ], [ -99.02560818486225, 16.72259995687148 ], [ -99.024918352750277, 16.722367391572266 ], [ -99.024485307096896, 16.722211958905206 ], [ -99.023996722158003, 16.722018926246157 ], [ -99.023615459547543, 16.721852637977829 ], [ -99.02296025739146, 16.721546805212576 ], [ -99.022594567237249, 16.721365932246563 ], [ -99.022540717590829, 16.721339297742478 ], [ -99.02245853563862, 16.72129616663646 ], [ -99.021937300280754, 16.721022608307429 ], [ -99.021351145403642, 16.720702299398216 ], [ -99.020196101922252, 16.720058058951931 ], [ -99.019616332238868, 16.719741360380475 ], [ -99.01903206274423, 16.719435508339942 ], [ -99.018638049040419, 16.719242454216566 ], [ -99.018040277317084, 16.718969143836862 ], [ -99.017703680865893, 16.718828152126942 ], [ -99.01729166252953, 16.718678487986001 ], [ -99.016941561674258, 16.718570039425842 ], [ -99.016861776125509, 16.718548079245487 ], [ -99.016303277794705, 16.718394357118921 ], [ -99.015967814371933, 16.718314109915426 ], [ -99.015599707371322, 16.718249051491171 ], [ -99.015321658967423, 16.718220868124483 ], [ -99.014855620652853, 16.718201376185544 ], [ -99.01456406658599, 16.718205736037596 ], [ -99.014155442544521, 16.718238307694758 ], [ -99.013765956390586, 16.718288233679754 ], [ -99.013006121443055, 16.718405438653473 ], [ -99.012630134270381, 16.718323019026744 ], [ -99.012443877087534, 16.71813861522643 ], [ -99.011539547222043, 16.718461092811864 ], [ -99.010426784472486, 16.718857889149234 ], [ -99.010565560446153, 16.751788378233922 ], [ -98.957263999057417, 16.778860316900953 ], [ -99.050933878705678, 16.932769670849652 ], [ -99.022497815319937, 16.982439367408848 ], [ -99.050933878705393, 16.932769670849677 ], [ -98.957263999057147, 16.778860316900754 ], [ -99.010565560445897, 16.751788378233634 ], [ -99.010410378723705, 16.714964120721326 ], [ -99.010363521665766, 16.703842046268768 ], [ -99.010360070993471, 16.703022933523336 ], [ -99.010357422976909, 16.702394348250461 ], [ -99.010351639342289, 16.70102141557151 ], [ -99.01020609646676, 16.666465132259233 ], [ -99.010159453898169, 16.655387938461299 ], [ -99.010089346912906, 16.638735568568428 ], [ -99.010057730326409, 16.631224729379081 ], [ -99.010714819408193, 16.631179208916091 ], [ -99.010764116317318, 16.631237697179635 ], [ -99.010899142458484, 16.631309285926111 ], [ -99.011172565699212, 16.631367849767372 ], [ -99.011315091198341, 16.6314032783493 ], [ -99.011469244395315, 16.631451000417655 ], [ -99.011583640891132, 16.631495108644121 ], [ -99.011772677241254, 16.631579711216361 ], [ -99.011889325190992, 16.631639006131323 ], [ -99.012050232683322, 16.631732288335478 ], [ -99.012201763950941, 16.631828463724251 ], [ -99.012495450553828, 16.632023707490504 ], [ -99.012659360492677, 16.63213723835068 ], [ -99.012857403509088, 16.63228258731715 ], [ -99.013023565287298, 16.632411304731285 ], [ -99.013324007906519, 16.632652107840709 ], [ -99.013525053886156, 16.632817705280978 ], [ -99.013827749241386, 16.633073694487472 ], [ -99.014131195901186, 16.633334745522216 ], [ -99.014738842203172, 16.633861908513602 ], [ -99.01504566710679, 16.634125127519141 ], [ -99.015358493869826, 16.634387622430442 ], [ -99.015573046545001, 16.634561895132403 ], [ -99.015903877835186, 16.634822218289802 ], [ -99.016093674419693, 16.634966118380525 ], [ -99.016332232570477, 16.635137495666754 ], [ -99.016540032921654, 16.63527922435884 ], [ -99.016924876216706, 16.635533032853395 ], [ -99.017130426045796, 16.635663913289719 ], [ -99.017362231785583, 16.635802746410484 ], [ -99.017543024783734, 16.635903254546243 ], [ -99.01785359816509, 16.636065945694948 ], [ -99.018052394868207, 16.636164282266598 ], [ -99.018338211508379, 16.636296600880897 ], [ -99.018615775991236, 16.636418795187961 ], [ -99.019162653423038, 16.636653058793669 ], [ -99.019438717922725, 16.636768020239742 ], [ -99.019720033320326, 16.636878641682024 ], [ -99.019912827664527, 16.636948049457683 ], [ -99.020209895284836, 16.637045651313297 ], [ -99.020380183541633, 16.637095534730545 ], [ -99.020593980568378, 16.637147583263864 ], [ -99.020780020675886, 16.637184447380612 ], [ -99.02112434403378, 16.637242990963461 ], [ -99.021308132697314, 16.637269006995211 ], [ -99.021515175218866, 16.637288511751027 ], [ -99.021676457393653, 16.637295003675657 ], [ -99.021953261368367, 16.637294974585377 ], [ -99.022130295141878, 16.63728844708265 ], [ -99.022384592453434, 16.637268893703144 ], [ -99.022631387488616, 16.637242832126102 ], [ -99.023117475119278, 16.637184200223285 ], [ -99.023360143531491, 16.637153075913897 ], [ -99.02360206127706, 16.637118335459409 ], [ -99.023762589134634, 16.637091559138945 ], [ -99.024002254944364, 16.637045970635484 ], [ -99.024134651969803, 16.637017027710023 ], [ -99.024292177267142, 16.636975787541857 ], [ -99.024422322392766, 16.636935996855946 ], [ -99.024655232391339, 16.636857864871665 ], [ -99.02477524985558, 16.636813736030664 ], [ -99.024902392328059, 16.636759481614348 ], [ -99.024994278993276, 16.636713186451093 ], [ -99.02514279647724, 16.636628555358513 ], [ -99.025232431173137, 16.63657141252143 ], [ -99.025352817791557, 16.636484615127006 ], [ -99.025463827421632, 16.636397095623249 ], [ -99.025676469507289, 16.636221334406454 ], [ -99.025781477415165, 16.63613164590501 ], [ -99.025883859245496, 16.636038341730174 ], [ -99.025949487763768, 16.635972523299685 ], [ -99.026043991486304, 16.635868372187886 ], [ -99.026093867529596, 16.635806894823073 ], [ -99.026148991974424, 16.635726613859582 ], [ -99.026190990006043, 16.63565428962125 ], [ -99.026261859619851, 16.635517597862655 ], [ -99.026295980807987, 16.635443105029683 ], [ -99.026327474806649, 16.635356318302964 ], [ -99.026345843626657, 16.635286166594614 ], [ -99.026369456086798, 16.635162498197211 ], [ -99.026379946944431, 16.635081499642897 ], [ -99.02638780707089, 16.634962172379012 ], [ -99.026390416428555, 16.634844292160004 ], [ -99.026390400405148, 16.634727135462892 ], [ -99.026390416428555, 16.63484429216 ], [ -99.026394933720326, 16.634964702636246 ], [ -99.026408453560521, 16.635091620671297 ], [ -99.026426469344813, 16.635182740252773 ], [ -99.026453367330092, 16.635279932452953 ], [ -99.026466996886683, 16.635329180957076 ], [ -99.02649851477527, 16.635417044455739 ], [ -99.026552540901889, 16.635534194243832 ], [ -99.026611066586796, 16.635641580382281 ], [ -99.026732617643489, 16.635846588969443 ], [ -99.026804646815663, 16.635959397231098 ], [ -99.026899183190352, 16.63609281344932 ], [ -99.026984714652954, 16.636202365543209 ], [ -99.027146772797607, 16.636397605549526 ], [ -99.027259312449289, 16.636526680106112 ], [ -99.02743487327389, 16.636718663754969 ], [ -99.027614935161139, 16.63690956186856 ], [ -99.027979560724845, 16.637290272224469 ], [ -99.028159624212506, 16.637484785799909 ], [ -99.028335188398458, 16.637687616506074 ], [ -99.028447731730893, 16.637831154185289 ], [ -99.028609797551368, 16.638058936530676 ], [ -99.028695334622682, 16.638193799519534 ], [ -99.028789879876499, 16.63837060619792 ], [ -99.028861918228088, 16.638530421014 ], [ -99.028983488168151, 16.638833058760998 ], [ -99.029042024918965, 16.63899829931087 ], [ -99.029096065048904, 16.639191383255362 ], [ -99.029127595142057, 16.639347949289281 ], [ -99.029168145297206, 16.639624563448134 ], [ -99.029186176489191, 16.639806081388365 ], [ -99.02919971985753, 16.640074021055259 ], [ -99.02920426092922, 16.640339069224868 ], [ -99.029204340752329, 16.640866274054193 ], [ -99.029209633381029, 16.641140361960741 ], [ -99.029225431474785, 16.641435420862447 ], [ -99.029246469028109, 16.64165309779256 ], [ -99.029293783679435, 16.642011069672066 ], [ -99.029330575177468, 16.642230913923871 ], [ -99.029393635034424, 16.642532474796575 ], [ -99.029461943391283, 16.642815231983921 ], [ -99.029603809010837, 16.643361942607392 ], [ -99.02968787490093, 16.64366639311427 ], [ -99.029798206694139, 16.644033034047947 ], [ -99.029898027167647, 16.644339651752535 ], [ -99.030087157239649, 16.644892863845037 ], [ -99.030218495912365, 16.645262394217603 ], [ -99.030423381921864, 16.645817773222571 ], [ -99.030633520499705, 16.646373874406962 ], [ -99.031059052716842, 16.647486798444334 ], [ -99.031288326568429, 16.648054105427455 ], [ -99.031550613694449, 16.648643102761149 ], [ -99.031758484687231, 16.649057458049096 ], [ -99.032119811105886, 16.649711526374546 ], [ -99.032353561327739, 16.650096587880704 ], [ -99.03269348511725, 16.65059770413405 ], [ -99.033026275040896, 16.651047836161982 ], [ -99.033684723713492, 16.651897114935263 ], [ -99.034059156670637, 16.652359171080782 ], [ -99.034524004726109, 16.652896061474642 ], [ -99.034924318529718, 16.653328822576842 ], [ -99.035660414035817, 16.654090214419568 ], [ -99.036159773228249, 16.65458804295 ], [ -99.036921755281, 16.655320136576524 ], [ -99.037692368733801, 16.65604246273498 ], [ -99.039242238566587, 16.657477341606036 ], [ -99.04001136633633, 16.65818736505225 ], [ -99.040768868069094, 16.658882562523527 ], [ -99.041262240490724, 16.659331202901711 ], [ -99.04198485563262, 16.659981926735508 ], [ -99.042374678682137, 16.660328615897377 ], [ -99.042821530638719, 16.660717960608217 ], [ -99.043176460618582, 16.661020179400751 ], [ -99.043794399609553, 16.661537490471797 ], [ -99.044103181588397, 16.661790902234728 ], [ -99.044411586840425, 16.662033827391948 ], [ -99.044616813223286, 16.662185291100563 ], [ -99.044924087050873, 16.662396757072514 ], [ -99.045094417447046, 16.662503751832816 ], [ -99.045298134512763, 16.662613270314775 ], [ -99.04546733251415, 16.662688806359778 ], [ -99.045771209544071, 16.662805895848962 ], [ -99.045941529559244, 16.662865882727555 ], [ -99.046148612418975, 16.662928754034205 ], [ -99.046323430483525, 16.662973552660894 ], [ -99.046640801883925, 16.663045077048004 ], [ -99.046853882209277, 16.663087697051584 ], [ -99.047175751753272, 16.663144032666168 ], [ -99.047499120729555, 16.663195305124994 ], [ -99.048147358423591, 16.66329278586743 ], [ -99.048520244781344, 16.663346214786067 ], [ -99.048990665929381, 16.663409021440227 ], [ -99.049401814827561, 16.663460270162748 ], [ -99.050164840646502, 16.663551208514349 ], [ -99.050686278954984, 16.663611106214582 ], [ -99.051487568072773, 16.663699860771111 ], [ -99.052301611958569, 16.663787885822348 ], [ -99.053942455977136, 16.66396319981952 ], [ -99.054773007159554, 16.664049764485984 ], [ -99.05562381521321, 16.664134150825124 ], [ -99.056211277124319, 16.664188231388923 ], [ -99.057122854797001, 16.664266086396772 ], [ -99.057649543279936, 16.664307162251038 ], [ -99.058318030778693, 16.664352536042436 ], [ -99.058905488114974, 16.664387082912601 ], [ -99.059999372847912, 16.664445347319553 ], [ -99.060586828704842, 16.664473380738503 ], [ -99.061255311229331, 16.664499219000895 ], [ -99.061781992843052, 16.664514249614218 ], [ -99.062693555157111, 16.66453350195648 ], [ -99.063281005231815, 16.664542001686868 ], [ -99.064131793058309, 16.664548248880539 ], [ -99.064962322661088, 16.664550159809384 ], [ -99.066603123575916, 16.664549639071399 ], [ -99.067429149634236, 16.664545756066321 ], [ -99.068266426860376, 16.664534634193597 ], [ -99.068835862808328, 16.664519982126265 ], [ -99.069706893291652, 16.664487147611986 ], [ -99.070202050117658, 16.664461668953248 ], [ -99.070816490129857, 16.664418068717147 ], [ -99.071345399887733, 16.664370880182595 ], [ -99.07231768866761, 16.664272912990139 ], [ -99.072833089031306, 16.664214877568991 ], [ -99.073407001707665, 16.664138740478009 ], [ -99.073848122468519, 16.664069881021661 ], [ -99.07459757169741, 16.663939438997275 ], [ -99.075072444318693, 16.663848869177301 ], [ -99.075747612971597, 16.663707602081903 ], [ -99.076398021009823, 16.663562725981325 ], [ -99.077674074524495, 16.663269361008012 ], [ -99.078321853746544, 16.663124479861057 ], [ -99.078989139852965, 16.662983205194475 ], [ -99.079453504575156, 16.662892629350218 ], [ -99.080179312631174, 16.66276217622206 ], [ -99.08060204676697, 16.662693309515884 ], [ -99.081144441491162, 16.662617163272706 ], [ -99.081625698571102, 16.66255911936949 ], [ -99.082527074753344, 16.662461132237439 ], [ -99.083013962511174, 16.662413930677037 ], [ -99.083573250052495, 16.662370314733355 ], [ -99.084018508294179, 16.662344823203732 ], [ -99.084794995465501, 16.662311963625609 ], [ -99.085298777135989, 16.66229729320494 ], [ -99.086033635096939, 16.662286141722902 ], [ -99.086754616727447, 16.662282225313412 ], [ -99.088182703684197, 16.662281622744704 ], [ -99.088887929286088, 16.662275897650378 ], [ -99.089575519087859, 16.662259329974702 ], [ -99.090016276448381, 16.662237443446045 ], [ -99.090650958592477, 16.662188351761266 ], [ -99.09098592382496, 16.662150237701802 ], [ -99.091356137431347, 16.662084988062535 ], [ -99.091638194817449, 16.66201435284923 ], [ -99.092114153052208, 16.661867696561281 ], [ -99.09234331006725, 16.661780812183633 ], [ -99.092554823196878, 16.661666815922239 ], [ -99.092678188125134, 16.661563706674293 ], [ -99.092904656292404, 16.662902947362163 ], [ -99.092705510103599, 16.662994158057458 ], [ -99.092596761206437, 16.663070502871516 ], [ -99.092469660708829, 16.663208326693265 ], [ -99.092366575381376, 16.663361688252373 ], [ -99.092184419612792, 16.663683949049151 ], [ -99.092093719132095, 16.663850322321107 ], [ -99.092003773753859, 16.664027181424082 ], [ -99.091944565332895, 16.664155573342509 ], [ -99.091856885432151, 16.664363889995432 ], [ -99.091808929544626, 16.664490107324731 ], [ -99.091752741842797, 16.664660442674883 ], [ -99.091707051551239, 16.664818117596024 ], [ -99.091626168276235, 16.665120806994896 ], [ -99.091584983942298, 16.665288242911096 ], [ -99.091542314325096, 16.665487861278766 ], [ -99.09151238264657, 16.665653122645097 ], [ -99.09146525719143, 16.665949288372246 ], [ -99.091437591087029, 16.666146007338689 ], [ -99.091401718252627, 16.666439998513837 ], [ -99.09136959626764, 16.666733264834807 ], [ -99.09130910297948, 16.667319072599287 ], [ -99.091271731784005, 16.667618488279558 ], [ -99.091220111614916, 16.667930927574194 ], [ -99.09117144919783, 16.668152244051019 ], [ -99.091077081998023, 16.668503754165695 ], [ -99.091010406696782, 16.66871206115389 ], [ -99.090904748021615, 16.668985471999516 ], [ -99.090795325421624, 16.669232849724128 ], [ -99.090572715776261, 16.669701571922076 ], [ -99.090443039065974, 16.669957636535568 ], [ -99.090276618955883, 16.670257108254884 ], [ -99.090128928793405, 16.670500163154909 ], [ -99.08985227793886, 16.670929855974755 ], [ -99.089661839110846, 16.671211981123466 ], [ -99.089367173453923, 16.671628663717488 ], [ -99.089066502270654, 16.672041009345609 ], [ -99.08845915178135, 16.672861362708844 ], [ -99.088154729612569, 16.673283110003421 ], [ -99.087848816099992, 16.673727999428195 ], [ -99.087643382935099, 16.674047734706448 ], [ -99.087332996790991, 16.674562051104044 ], [ -99.087159069226175, 16.674870924808676 ], [ -99.086947673177093, 16.675283229694884 ], [ -99.086769273879938, 16.675661530791366 ], [ -99.086445471025499, 16.676384128983109 ], [ -99.086276082073056, 16.676781951883537 ], [ -99.08609171908563, 16.677252822635616 ], [ -99.085953836508992, 16.67763978435951 ], [ -99.085724551275916, 16.678329798705203 ], [ -99.085582196237041, 16.678786187838149 ], [ -99.085384416518878, 16.679465340934765 ], [ -99.085197138187169, 16.680140873555533 ], [ -99.085024248240799, 16.68078077337983 ], [ -99.08483308046327, 16.681488317944787 ], [ -99.084655924559058, 16.682156975550541 ], [ -99.084488517183928, 16.682815504391691 ], [ -99.084386661413134, 16.683244394953125 ], [ -99.084248501637902, 16.683872537826826 ], [ -99.084181495657987, 16.684211377475346 ], [ -99.084118637921932, 16.684599753609632 ], [ -99.08408088110005, 16.684908207531191 ], [ -99.084030468354371, 16.685445193157371 ], [ -99.084014078225351, 16.68571350158226 ], [ -99.084015320770305, 16.685981441251982 ], [ -99.084033781870716, 16.686159698945826 ], [ -99.084087922724791, 16.686426532347813 ], [ -99.084135633814668, 16.686574404359707 ], [ -99.084224626238424, 16.686751186979873 ], [ -99.084325235918769, 16.686897952637668 ], [ -99.084538072815917, 16.687161466866776 ], [ -99.084646179351139, 16.687292319224113 ], [ -99.084757661770183, 16.687421362177552 ], [ -99.084835359203367, 16.687505581432195 ], [ -99.084956969088282, 16.687629196235122 ], [ -99.085027905941814, 16.687696061744344 ], [ -99.085119106561919, 16.687773043490782 ], [ -99.085200170743818, 16.68783448088638 ], [ -99.085352162733685, 16.687941811278463 ], [ -99.085434349201975, 16.687995654673617 ], [ -99.085528916539488, 16.688049854513508 ], [ -99.085604342286445, 16.688086344189131 ], [ -99.085736052204609, 16.688141613348975 ], [ -99.085821605245599, 16.688172674861601 ], [ -99.085946554432738, 16.688210590245387 ], [ -99.086069250047515, 16.688242721009129 ], [ -99.086312387769837, 16.688301197776035 ], [ -99.086439958302236, 16.688327902398115 ], [ -99.086579532100046, 16.688349539625598 ], [ -99.08668458454396, 16.688358897069733 ], [ -99.086860168064547, 16.688365332138179 ], [ -99.086969717690508, 16.688363839773526 ], [ -99.087122783028491, 16.688352927635027 ], [ -99.087268342280126, 16.688336233066764 ], [ -99.087551954630726, 16.688297061317094 ], [ -99.087711016035712, 16.688271682505462 ], [ -99.087904587928207, 16.68823471795849 ], [ -99.088068146328297, 16.688198489186245 ], [ -99.088365249537219, 16.68812676725312 ], [ -99.088564817240055, 16.688075335827541 ], [ -99.088866417114716, 16.687992763475254 ], [ -99.089169515736742, 16.687906574112866 ], [ -99.089777211155052, 16.68773057748286 ], [ -99.090084810998334, 16.687644384829774 ], [ -99.090399915675093, 16.687561804368841 ], [ -99.09061749042138, 16.687510363102838 ], [ -99.09095510999569, 16.687438619718463 ], [ -99.091150181434912, 16.687402374666497 ], [ -99.091397776283586, 16.687365383064364 ], [ -99.091615362938072, 16.687339975410193 ], [ -99.092020528004397, 16.687300743718815 ], [ -99.092238118662323, 16.687284013630329 ], [ -99.092485725662883, 16.687273055387088 ], [ -99.092680813367224, 16.687271521772598 ], [ -99.093018469512458, 16.687277879002497 ], [ -99.093236072674017, 16.687287182523729 ], [ -99.093551226045975, 16.687308735904622 ], [ -99.093858878554656, 16.687335354501805 ], [ -99.094466682902564, 16.687393656041458 ], [ -99.094773584969474, 16.687419550435255 ], [ -99.095086486623373, 16.68743893295256 ], [ -99.095301087259301, 16.687445342940617 ], [ -99.095631987470554, 16.687445190350406 ], [ -99.095821820401554, 16.687438593907324 ], [ -99.096060418952135, 16.687418957337698 ], [ -99.096268250237202, 16.687392826137209 ], [ -99.096653145415885, 16.687334068812074 ], [ -99.096858720041709, 16.687297090297388 ], [ -99.097090548815174, 16.687244912382106 ], [ -99.097271355466717, 16.687194927741615 ], [ -99.097581946520606, 16.687097151598095 ], [ -99.09778075111177, 16.687027632033196 ], [ -99.098066573822777, 16.686916849529478 ], [ -99.098344140265112, 16.686801731443346 ], [ -99.098891016208128, 16.686567158989508 ], [ -99.099170081574641, 16.686450592710919 ], [ -99.099460402391955, 16.686335467019823 ], [ -99.099665205197198, 16.686260157285286 ], [ -99.099989292778019, 16.686149353706099 ], [ -99.100180597053139, 16.686089236867332 ], [ -99.10043042242684, 16.686019690067234 ], [ -99.10065549376543, 16.68596389551826 ], [ -99.101080882237255, 16.685866058290348 ], [ -99.101312709638933, 16.685816768394961 ], [ -99.101582803568846, 16.685766736283856 ], [ -99.101801132750268, 16.685732639350807 ], [ -99.10218602631744, 16.68568038042088 ], [ -99.10243812260596, 16.685650605258754 ], [ -99.102809517948572, 16.685613538735005 ], [ -99.103176413860837, 16.68558153608317 ], [ -99.103905706044884, 16.685522593383993 ], [ -99.104282353955341, 16.685486967954507 ], [ -99.104683005674744, 16.685439035560076 ], [ -99.104974110635723, 16.685394773886152 ], [ -99.105446773653242, 16.685309921056827 ], [ -99.105733367896732, 16.685250473728665 ], [ -99.106120487638336, 16.685156984810074 ], [ -99.106479092817438, 16.685060617094805 ], [ -99.107167787924283, 16.684865001824996 ], [ -99.107548892215775, 16.684751264173052 ], [ -99.108003510463419, 16.684605667347086 ], [ -99.108380103208219, 16.684476743635617 ], [ -99.109055262520798, 16.684235568526521 ], [ -99.109503864245681, 16.684069722399826 ], [ -99.110174510045013, 16.683813359148356 ], [ -99.110843650477719, 16.68355193223875 ], [ -99.112180422253502, 16.683024010464869 ], [ -99.112852559739622, 16.682764745005159 ], [ -99.113532204159497, 16.682514874657397 ], [ -99.113992808225305, 16.682357690461345 ], [ -99.11469497610004, 16.682136008121084 ], [ -99.115092577472396, 16.682022247471423 ], [ -99.115583214391549, 16.681902648673105 ], [ -99.116003341294274, 16.681817077921036 ], [ -99.116773084750918, 16.681679963332435 ], [ -99.117179719447918, 16.681618262911385 ], [ -99.117629880672112, 16.681570277489286 ], [ -99.11797351483969, 16.68155200238871 ], [ -99.118554256237331, 16.681545162075107 ], [ -99.118920417204492, 16.681555076721612 ], [ -99.119438158868633, 16.681591661196414 ], [ -99.119934900852826, 16.681642720237935 ], [ -99.120907385780825, 16.681759310701036 ], [ -99.121390254297381, 16.681820860526837 ], [ -99.121866374373866, 16.681888921860136 ], [ -99.122177039208651, 16.681940808118561 ], [ -99.122632913689245, 16.682028405620716 ], [ -99.122879428752483, 16.682083583133071 ], [ -99.123163099340999, 16.682161518578894 ], [ -99.123389368619712, 16.682236233512835 ], [ -99.123784506113239, 16.682382442622597 ], [ -99.123982643766468, 16.68246476715845 ], [ -99.12418191897379, 16.6825655320335 ], [ -99.124315906626464, 16.682651149038602 ], [ -99.124518594457598, 16.682807235172987 ], [ -99.124632336381211, 16.68291239013158 ], [ -99.124770874255233, 16.683071768943805 ], [ -99.124888028845632, 16.683232245334356 ], [ -99.125100955066415, 16.683554295602409 ], [ -99.125209481721953, 16.683715138604967 ], [ -99.125322135116619, 16.683875617457076 ], [ -99.125401364043611, 16.683982239230911 ], [ -99.125526397442712, 16.684141625690767 ], [ -99.125599987095995, 16.684229809594306 ], [ -99.125695722588191, 16.684334974867308 ], [ -99.125781692096822, 16.684422066411074 ], [ -99.12594386523611, 16.684578175712641 ], [ -99.126032081688066, 16.684658757120705 ], [ -99.126134557789925, 16.684744392096086 ], [ -99.126217134824543, 16.684806535651024 ], [ -99.126362389867083, 16.684907331305858 ], [ -99.126457346779532, 16.684968382430498 ], [ -99.126596962452524, 16.685050740155091 ], [ -99.126734698367258, 16.685126951865904 ], [ -99.127008290635274, 16.685273229093177 ], [ -99.127154645883579, 16.68533460995026 ], [ -99.127320119127162, 16.685372475449981 ], [ -99.127449552545272, 16.685374203777929 ], [ -99.127672379461544, 16.685341523190985 ], [ -99.127815289993762, 16.685299851907594 ], [ -99.128021194593188, 16.685207518667795 ], [ -99.128221458255695, 16.685095301142258 ], [ -99.128616344105396, 16.684850981440302 ], [ -99.128840216984315, 16.684700781461359 ], [ -99.129116950045955, 16.68449450148119 ], [ -99.129354298834173, 16.684300901468724 ], [ -99.1297896114026, 16.683926381046859 ], [ -99.13008431100782, 16.683662233742361 ], [ -99.130533097085674, 16.683244312211414 ], [ -99.130986373294434, 16.682811923170689 ], [ -99.131897411591211, 16.681932675547571 ], [ -99.132350305240593, 16.681498475788459 ], [ -99.132797952130119, 16.681075126169191 ], [ -99.1330911376036, 16.680803743691744 ], [ -99.133523047277762, 16.680412945923958 ], [ -99.133757751700401, 16.680206686821354 ], [ -99.134029956033928, 16.679978707644448 ], [ -99.13424892558659, 16.679805001480148 ], [ -99.134633629558678, 16.67951186192661 ], [ -99.134827860675188, 16.679370714544227 ], [ -99.135025850656234, 16.679240412300857 ], [ -99.135161602983729, 16.679164389352227 ], [ -99.135370870021887, 16.679066622735121 ], [ -99.135490888566991, 16.679023153169393 ], [ -99.135641677272147, 16.678990511156837 ], [ -99.135772973266938, 16.678979577357254 ], [ -99.136016072579025, 16.678979417853871 ], [ -99.136141375813366, 16.678982228267017 ], [ -99.136274186213512, 16.678990819143191 ], [ -99.136370233652571, 16.679002326881974 ], [ -99.136525565589437, 16.679028259201058 ], [ -99.136619368302931, 16.679048446520746 ], [ -99.136745444509074, 16.679083076187137 ], [ -99.136861768826265, 16.679120604959607 ], [ -99.137084665661135, 16.679198561500872 ], [ -99.137207749068708, 16.679244763820577 ], [ -99.137354102398277, 16.679305414329985 ], [ -99.137474941214563, 16.679360296194623 ], [ -99.137691104427688, 16.679464291196492 ], [ -99.137834465129131, 16.679536514307571 ], [ -99.138048384031705, 16.679649188641829 ], [ -99.138261554952791, 16.679764755990195 ], [ -99.138687149334373, 16.679998783258664 ], [ -99.138900321022874, 16.680114349939885 ], [ -99.139114241185922, 16.68022702315746 ], [ -99.139257602984273, 16.68029924526985 ], [ -99.139473768204923, 16.68040323838656 ], [ -99.139594608307874, 16.680458118998928 ], [ -99.139740963302273, 16.680518767801988 ], [ -99.139864048182076, 16.680564968526063 ], [ -99.140086947885337, 16.680642921803614 ], [ -99.140203273784664, 16.680680448681674 ], [ -99.140329351690028, 16.680715076148047 ], [ -99.14042315561251, 16.680735261732469 ], [ -99.140578489472048, 16.680761190992893 ], [ -99.140674538037061, 16.680772696724997 ], [ -99.140807349852707, 16.680781284681938 ], [ -99.140932654307306, 16.680784092186439 ], [ -99.141175755846163, 16.680783926609621 ], [ -99.141297680443444, 16.68078203549787 ], [ -99.14142035269316, 16.680776527881253 ], [ -99.141502881842584, 16.680769239663121 ], [ -99.141627797031674, 16.680752882623594 ], [ -99.141697941999567, 16.680740178912842 ], [ -99.141783461715676, 16.680718424846788 ], [ -99.141855849601171, 16.680694871779561 ], [ -99.141987493509646, 16.680645966611809 ], [ -99.142056500930323, 16.680616991908494 ], [ -99.14213187930892, 16.680578973003666 ], [ -99.142188502519701, 16.680544582871576 ], [ -99.142282993750712, 16.680479431369694 ], [ -99.142341859815502, 16.680434191887201 ], [ -99.142423966781479, 16.680363624948594 ], [ -99.142501945635217, 16.680291252856577 ], [ -99.142653775116457, 16.680144703466453 ], [ -99.142728737263042, 16.680051722607672 ], [ -99.142801794309122, 16.679919329478047 ], [ -99.14284859391465, 16.679791655133382 ], [ -99.142915935636537, 16.679541025229074 ], [ -99.142951442577143, 16.679362374137881 ], [ -99.142990621717217, 16.679077050776755 ], [ -99.14302041332455, 16.678780162930014 ], [ -99.143070608881601, 16.678174822730448 ], [ -99.143094731025499, 16.677821530360841 ], [ -99.14311690203634, 16.677366993467277 ], [ -99.143129731606265, 16.676962724346033 ], [ -99.143146049299915, 16.676204453853039 ], [ -99.143153163596011, 16.67568194791809 ], [ -99.143158188850478, 16.674872700601426 ], [ -99.143159450014977, 16.674046460977046 ], [ -99.143158208358116, 16.672376989283315 ], [ -99.143147470267081, 16.671557628009204 ], [ -99.143116497743108, 16.670769016015413 ], [ -99.143075615041042, 16.670274023992661 ], [ -99.142983939727628, 16.669577659900927 ], [ -99.142912774867852, 16.669221540251101 ], [ -99.142790955463468, 16.668849545395908 ], [ -99.142659088058764, 16.668585673576629 ], [ -99.142385305730272, 16.66816605277446 ], [ -99.142223110587139, 16.667979220731223 ], [ -99.143326014004245, 16.667799546164936 ], [ -99.143315969601687, 16.667609281713919 ], [ -99.143313556802696, 16.667391604581653 ], [ -99.143323440680604, 16.667062909980643 ], [ -99.143337933744135, 16.666878849267739 ], [ -99.1433715290256, 16.666655361730701 ], [ -99.143413028055051, 16.666466943209567 ], [ -99.143503929700572, 16.666125175157234 ], [ -99.143560065749497, 16.665946509467858 ], [ -99.143637572359367, 16.665752280463536 ], [ -99.143710613988446, 16.665607231138161 ], [ -99.143852232134023, 16.665366312120888 ], [ -99.143952279308323, 16.665216904849295 ], [ -99.144110802693746, 16.665009602036395 ], [ -99.144274961018596, 16.664813504554306 ], [ -99.144608911955018, 16.664432514641636 ], [ -99.144781324737139, 16.664240026923682 ], [ -99.14496461277767, 16.664043553935052 ], [ -99.145097680189323, 16.66390858671879 ], [ -99.14531359432128, 16.663700158016947 ], [ -99.145444421981296, 16.663580379044827 ], [ -99.14562099095626, 16.663429470880313 ], [ -99.145784444872291, 16.663297736208005 ], [ -99.146098237298432, 16.663053440139539 ], [ -99.146271819680337, 16.662922782722543 ], [ -99.14647877471937, 16.662775106718851 ], [ -99.146650117426489, 16.662659637466117 ], [ -99.14695719029703, 16.662460905546631 ], [ -99.147161158817212, 16.662333480177622 ], [ -99.147465991542219, 16.662149935994602 ], [ -99.147770077327635, 16.661971454196305 ], [ -99.148377500861613, 16.661619552099669 ], [ -99.148682715059167, 16.661447215236311 ], [ -99.148990935249927, 16.661282107621059 ], [ -99.149199421630072, 16.661179265316793 ], [ -99.149516660616726, 16.661035846001255 ], [ -99.149695910855826, 16.660963398080515 ], [ -99.149916422789602, 16.660889473800413 ], [ -99.150104692468361, 16.660838714574851 ], [ -99.150448989495089, 16.660760360953986 ], [ -99.150630520361545, 16.660726962598233 ], [ -99.150830816092693, 16.660705121403097 ], [ -99.150983111491641, 16.660702117804338 ], [ -99.15123970200969, 16.660714948120052 ], [ -99.151401017276584, 16.660733633203098 ], [ -99.151628372604904, 16.660776858181539 ], [ -99.15236736745544, 16.660318901469683 ], [ -99.152525130013757, 16.660588533702299 ], [ -99.152754956325026, 16.660909458895535 ], [ -99.152980237760829, 16.661174701884164 ], [ -99.153426256711896, 16.661649505171138 ], [ -99.153746109936037, 16.661964577079196 ], [ -99.154259650861746, 16.662434989306504 ], [ -99.154795700429617, 16.662903937043396 ], [ -99.155001610219543, 16.663080091441262 ], [ -99.155890313624369, 16.663840364933712 ], [ -99.156432375992964, 16.66431291971821 ], [ -99.156963944585414, 16.66479415921243 ], [ -99.157307828686115, 16.665123670948116 ], [ -99.157807912382893, 16.665630966763839 ], [ -99.158075241353657, 16.665921483457538 ], [ -99.158377143574867, 16.666285738250647 ], [ -99.158612984949016, 16.666602312938938 ], [ -99.15901860773775, 16.667187781953508 ], [ -99.159218435162444, 16.667500044429335 ], [ -99.159412293471732, 16.667851363274778 ], [ -99.159535562990641, 16.668124632307336 ], [ -99.159711513340582, 16.668593120573806 ], [ -99.159803294191633, 16.668892448340298 ], [ -99.159902686119182, 16.669321943445727 ], [ -99.159976558511445, 16.669738440859696 ], [ -99.160098784174778, 16.670558437945122 ], [ -99.160157653805214, 16.670977116383344 ], [ -99.160212036488034, 16.671413154686697 ], [ -99.160243804535767, 16.671721206770826 ], [ -99.160284725971863, 16.672209324721099 ], [ -99.160302972969504, 16.672497861247226 ], [ -99.160316792421057, 16.672875352887139 ], [ -99.160321577813718, 16.673215969093132 ], [ -99.160322114515296, 16.673860326054601 ], [ -99.160317905549022, 16.674211796954957 ], [ -99.160304741900845, 16.674621852710224 ], [ -99.16028701141633, 16.67495380806885 ], [ -99.160246983491504, 16.675539618374682 ], [ -99.16021579090085, 16.675923653384203 ], [ -99.160162241005295, 16.676489948104717 ], [ -99.160104183605739, 16.677049737608812 ], [ -99.159983560611806, 16.678162811310216 ], [ -99.159925500729969, 16.67872079272367 ], [ -99.159871944771126, 16.679281663353347 ], [ -99.159840744886665, 16.679658466343529 ], [ -99.159800701242588, 16.6802280046874 ], [ -99.15978295895124, 16.680547304123404 ], [ -99.159769775838257, 16.680935664102243 ], [ -99.159765546310439, 16.681263631298044 ], [ -99.159766040884094, 16.681859172893734 ], [ -99.159770801648975, 16.682170861486597 ], [ -99.159784589392629, 16.682510385684012 ], [ -99.159802808225422, 16.682764570754589 ], [ -99.159843677069546, 16.683187601759293 ], [ -99.159875409081465, 16.683450454579695 ], [ -99.159929736289442, 16.68381598203483 ], [ -99.159988549726066, 16.684162341625399 ], [ -99.160110663270473, 16.684835892879118 ], [ -99.1601803408834, 16.685162718015249 ], [ -99.160267259781179, 16.685469642220038 ], [ -99.160342446921121, 16.685654357428387 ], [ -99.16043230871162, 16.685814595134875 ], [ -99.160236893512248, 16.685965103423911 ], [ -99.16014767651285, 16.686033817990069 ], [ -99.160067057633995, 16.686535046572452 ] ], [ [ -99.14438856257982, 16.69472614437775 ], [ -99.144171739405735, 16.694770409736531 ], [ -99.143842010362732, 16.694847658225619 ], [ -99.143509284975863, 16.69493214010323 ], [ -99.14284083720959, 16.695108336161102 ], [ -99.142503985226782, 16.695194627233558 ], [ -99.14216187767353, 16.695277305452219 ], [ -99.141928550544563, 16.69532881163833 ], [ -99.141570676728463, 16.695400651942411 ], [ -99.14136660257067, 16.695436950628391 ], [ -99.141112254027902, 16.695474006585822 ], [ -99.14089241396259, 16.695499467802982 ], [ -99.140487242261671, 16.695538795176919 ], [ -99.140271897927462, 16.69555557448151 ], [ -99.140031036720657, 16.695566585362716 ], [ -99.139844945738218, 16.695568157572005 ], [ -99.139527534028772, 16.695561863180767 ], [ -99.139325677386623, 16.69555259779959 ], [ -99.139037519199192, 16.695531096104123 ], [ -99.138759112240507, 16.695504525183679 ], [ -99.138212049724274, 16.69544631341962 ], [ -99.137935144253817, 16.695420463569523 ], [ -99.137651490181398, 16.695401126489784 ], [ -99.137455638816505, 16.69539474802221 ], [ -99.137151738755406, 16.695394949661207 ], [ -99.136976156689769, 16.695401574609701 ], [ -99.136753310525037, 16.695421247953892 ], [ -99.136557482282967, 16.695447411883535 ], [ -99.136192843601066, 16.695506230060548 ], [ -99.135997022867187, 16.695543241210043 ], [ -99.135774199417654, 16.69559545674943 ], [ -99.135598647723157, 16.695645471528035 ], [ -99.135294815962808, 16.69574330018748 ], [ -99.135099017682066, 16.695812853737518 ], [ -99.134815454588733, 16.695923685766452 ], [ -99.134538647561001, 16.696038852117091 ], [ -99.133991788894633, 16.696273518437753 ], [ -99.133717232489261, 16.696389405418529 ], [ -99.133440422617227, 16.696502400754643 ], [ -99.133253629389046, 16.696574839490118 ], [ -99.13297005958816, 16.696679160348275 ], [ -99.132810267549146, 16.696734224924853 ], [ -99.132614461356397, 16.69679509793157 ], [ -99.132447909749658, 16.696841488357656 ], [ -99.132144061038574, 16.696919786455695 ], [ -99.131984256639427, 16.69695749399698 ], [ -99.131808692277104, 16.696992318720394 ], [ -99.131675889433595, 16.697012652415225 ], [ -99.131453045266866, 16.697038828715627 ], [ -99.131313483027782, 16.697050488268715 ], [ -99.131117640506034, 16.697059290663816 ], [ -99.130930798550608, 16.697062301709529 ], [ -99.130566115215146, 16.697062532146553 ], [ -99.130381520941739, 16.697060478992483 ], [ -99.13019242146828, 16.697054089406468 ], [ -99.13006184995929, 16.697045493316285 ], [ -99.129859234924567, 16.697026094614557 ], [ -99.129742165841776, 16.697010981195024 ], [ -99.129593573628128, 16.696985039699285 ], [ -99.129462989037236, 16.696956917279493 ], [ -99.129219827549193, 16.696898491395803 ], [ -99.12908923869854, 16.69686386008857 ], [ -99.128940633583781, 16.696818392170364 ], [ -99.128823547245744, 16.696777243626787 ], [ -99.128620893408794, 16.696699265852413 ], [ -99.128490291745152, 16.696645108212344 ], [ -99.128301140592612, 16.696560613083481 ], [ -99.128116490409326, 16.69647394544203 ], [ -99.127751691343562, 16.696298437329251 ], [ -99.127562540853006, 16.696213941517794 ], [ -99.1273598881141, 16.696135962496555 ], [ -99.127211283963263, 16.696090493326476 ], [ -99.126968124238118, 16.696032064779544 ], [ -99.126819533141813, 16.696006121281485 ], [ -99.126616919507129, 16.695986719393147 ], [ -99.126427821189864, 16.695980326357969 ], [ -99.126063139842728, 16.695980548844766 ], [ -99.125860543353909, 16.695987180822762 ], [ -99.125617435203736, 16.696006854508195 ], [ -99.125414851409374, 16.696033012006108 ], [ -99.125050208059221, 16.696091810577038 ], [ -99.124807116592365, 16.696137517920086 ], [ -99.124442485492594, 16.696215841378475 ], [ -99.124077858292949, 16.696300672847926 ], [ -99.123348607092026, 16.696476842515885 ], [ -99.122981727312137, 16.696560950216526 ], [ -99.122610339876886, 16.696637104916462 ], [ -99.122358240766914, 16.696679921989674 ], [ -99.121973330928455, 16.696732218476242 ], [ -99.121754984739283, 16.696753319400568 ], [ -99.121484856130962, 16.696764325928562 ], [ -99.121252988016423, 16.696761569193786 ], [ -99.120827512356172, 16.696742292112766 ], [ -99.120602388129186, 16.696724343848743 ], [ -99.120352491114247, 16.696689776519637 ], [ -99.120161120346282, 16.696650112622567 ], [ -99.119836905186489, 16.696565688121744 ], [ -99.1196320130326, 16.69650216649374 ], [ -99.119341551755312, 16.69639602617697 ], [ -99.119062341934836, 16.696282647136247 ], [ -99.118515174421304, 16.696048649630971 ], [ -99.11824046649113, 16.695933097341243 ], [ -99.117963509546371, 16.695820438701805 ], [ -99.117776622417537, 16.695748226750776 ], [ -99.117492917963901, 16.695644249525152 ], [ -99.117333055160472, 16.695589378242069 ], [ -99.117137171082334, 16.695528741755354 ], [ -99.116970560413165, 16.695482552218856 ], [ -99.116666612564586, 16.695404619921401 ], [ -99.116506760712724, 16.695367104408145 ], [ -99.116331152884754, 16.695332490365182 ], [ -99.116198324995921, 16.695312315837665 ], [ -99.11597544915486, 16.695286406237443 ], [ -99.115835873227724, 16.695274913467813 ], [ -99.115640021259168, 16.695266344795815 ], [ -99.115453177229284, 16.695263556385875 ], [ -99.115088497094021, 16.69526375952325 ], [ -99.114906533290622, 16.695265668602335 ], [ -99.11472532201141, 16.695271193024897 ], [ -99.114605267012223, 16.695278491389075 ], [ -99.114426313280461, 16.695294862061704 ], [ -99.11432764704854, 16.695307572317983 ], [ -99.114210602087581, 16.695329332473182 ], [ -99.114114193376111, 16.695352889143962 ], [ -99.113942012161615, 16.695401798949856 ], [ -99.113853485491688, 16.695430775040347 ], [ -99.113760086730537, 16.695468793573198 ], [ -99.113692948800775, 16.695503181716941 ], [ -99.113584933748527, 16.695568327605805 ], [ -99.113520053275181, 16.695613562216398 ], [ -99.113433426913915, 16.695684120172615 ], [ -99.113353930095073, 16.695756482147473 ], [ -99.113202065887876, 16.695903010065315 ], [ -99.113127072834828, 16.695978262225104 ], [ -99.11305395799711, 16.69605749084398 ], [ -99.113007093012101, 16.696114286395606 ], [ -99.112939612892418, 16.696205444434042 ], [ -99.112904002182376, 16.696260064266799 ], [ -99.112864650194751, 16.696332765736344 ], [ -99.112834674258366, 16.696399315020813 ], [ -99.112784098412433, 16.69652626140088 ], [ -99.1127597521469, 16.696596061933416 ], [ -99.112737289227752, 16.696678517157956 ], [ -99.112724197301475, 16.696746142001277 ], [ -99.112707384440796, 16.696866561306912 ], [ -99.112699927317948, 16.696946115615269 ], [ -99.112694368819561, 16.697064359235483 ], [ -99.112692561781813, 16.697181877627088 ], [ -99.112692699172641, 16.69741618917913 ], [ -99.112703653249838, 16.697541655640496 ], [ -99.112736378121824, 16.697683743471142 ], [ -99.112779965526741, 16.697795090054054 ], [ -99.112878002968003, 16.697987041942955 ], [ -99.112954239145381, 16.698110303206551 ], [ -99.113084910266622, 16.698288135084564 ], [ -99.113226459417149, 16.698461260227404 ], [ -99.11352043628338, 16.698802803545703 ], [ -99.113694640156041, 16.698996521176831 ], [ -99.113923274590618, 16.699236130867693 ], [ -99.114130128181927, 16.699441762672411 ], [ -99.11452205516693, 16.699819048059698 ], [ -99.114794223701509, 16.700074542698363 ], [ -99.115218802440452, 16.700463741139778 ], [ -99.115654265983594, 16.700856910111114 ], [ -99.116536081561463, 16.701647216605181 ], [ -99.116978304493784, 16.702041102089449 ], [ -99.117423154086453, 16.702432453969436 ], [ -99.117722346335441, 16.702690822040491 ], [ -99.118175073486938, 16.703074574351231 ], [ -99.118429214198272, 16.703285236995114 ], [ -99.118738908508959, 16.703533472977288 ], [ -99.119000924979147, 16.703736536954874 ], [ -99.119477280737541, 16.704097492474546 ], [ -99.119726905565912, 16.70428212149324 ], [ -99.11999942346533, 16.70447505353297 ], [ -99.120203994985545, 16.704611977995121 ], [ -99.120545191797007, 16.704829819204342 ], [ -99.120757638596686, 16.704959145094787 ], [ -99.121053782018265, 16.705129281651715 ], [ -99.121334907719486, 16.705283516556953 ], [ -99.121882142159691, 16.705576084024507 ], [ -99.122173393977945, 16.70572127201741 ], [ -99.122499914208063, 16.705864269159544 ], [ -99.122752862617574, 16.705957409819483 ], [ -99.123185187699363, 16.706093834397876 ], [ -99.123460636580447, 16.70616743483755 ], [ -99.123854657963719, 16.706251811682105 ], [ -99.124235911430119, 16.706318839047704 ], [ -99.124985650813272, 16.706435542985488 ], [ -99.125409672971131, 16.706493864133169 ], [ -99.125931999671863, 16.706552124574245 ], [ -99.126378521952816, 16.706590904086479 ], [ -99.12719576220384, 16.706648980907808 ], [ -99.127748089119535, 16.706681183712661 ], [ -99.128587829509627, 16.706719715186527 ], [ -99.12943506997658, 16.706751729907609 ], [ -99.131137051388691, 16.706809235529043 ], [ -99.131984288123874, 16.706834731157237 ], [ -99.132824016402083, 16.706853719489274 ], [ -99.133376326657796, 16.706859872678947 ], [ -99.134193529033823, 16.706859344037085 ], [ -99.134640021624833, 16.706852545194607 ], [ -99.135162296962648, 16.70683267858297 ], [ -99.135586263200963, 16.706806366482354 ], [ -99.136335886335459, 16.706747295861536 ], [ -99.136717070842323, 16.70671016190078 ], [ -99.137111001403085, 16.706657831949336 ], [ -99.137386367836001, 16.706607749593005 ], [ -99.137818536422742, 16.706509832374302 ], [ -99.138071376004746, 16.706440238182367 ], [ -99.138397726208751, 16.706329373083527 ], [ -99.138688803500358, 16.706214192030622 ], [ -99.139235684527648, 16.705979513352037 ], [ -99.139513620964209, 16.705853853836874 ], [ -99.139800549858734, 16.70571155466634 ], [ -99.140000828352314, 16.705600049040385 ], [ -99.140314734803198, 16.705407831280791 ], [ -99.140498119747051, 16.70528440411773 ], [ -99.140734368255536, 16.705106340525226 ], [ -99.1409447307108, 16.70493299499277 ], [ -99.141339568922646, 16.704591021664747 ], [ -99.14155329190433, 16.704397062504587 ], [ -99.141799623165326, 16.704157158658845 ], [ -99.141996452293498, 16.703951278102497 ], [ -99.142340607925746, 16.703573540091352 ], [ -99.142564413301429, 16.703317740805637 ], [ -99.142891673814049, 16.702928080995473 ], [ -99.143213302049844, 16.702534447055463 ], [ -99.143850923634119, 16.701743204070294 ], [ -99.144168043939786, 16.701347402214328 ], [ -99.144481785905882, 16.700951240634321 ], [ -99.144687569467933, 16.700686773417523 ], [ -99.144991178213786, 16.700289533367034 ], [ -99.145156472176737, 16.70006848503315 ], [ -99.145348745800817, 16.699802580261693 ], [ -99.145503907895389, 16.699580453988887 ], [ -99.145777120152189, 16.699179979817945 ], [ -99.145915408316597, 16.698971967189639 ], [ -99.146057061090715, 16.69874840365436 ], [ -99.146154860988389, 16.698583810427934 ], [ -99.146306607843115, 16.698313594273422 ], [ -99.146394276338413, 16.698147923319102 ], [ -99.146505535078674, 16.6979211266455 ], [ -99.146603297765793, 16.69770880313563 ], [ -99.146785326746866, 16.697298629207943 ], [ -99.146872589064131, 16.697093544843433 ], [ -99.146952347436354, 16.696888465768748 ], [ -99.146998015835806, 16.696751751697864 ], [ -99.147055262694082, 16.696546688569565 ], [ -99.147079562709663, 16.696432769934912 ], [ -99.147095215964129, 16.696296077169958 ], [ -99.147097004727357, 16.696182174531813 ], [ -99.147086717792732, 16.695977159381027 ], [ -99.1470738801154, 16.695870860560195 ], [ -99.147045654024822, 16.695756979248074 ], [ -99.147011448230089, 16.695673475878394 ], [ -99.146937056984726, 16.695536847065455 ], [ -99.146880340163918, 16.695453359654643 ], [ -99.146784580951717, 16.695339526223723 ], [ -99.146681699136991, 16.695233291220465 ], [ -99.146468813131804, 16.695028419521481 ], [ -99.146355432007212, 16.694929423615182 ], [ -99.146228174417246, 16.694837307693003 ], [ -99.146129459509766, 16.694782777075279 ], [ -99.145960572379323, 16.694711301104761 ], [ -99.145852869665291, 16.694678472195118 ], [ -99.14569864859881, 16.694651461452693 ], [ -99.145549316187385, 16.694639272417113 ], [ -99.145255540008449, 16.694629715851505 ], [ -99.145089335020756, 16.69463164040307 ], [ -99.144884496196653, 16.694646970766552 ], [ -99.144709303112251, 16.694670596809129 ], [ -99.14438856257982, 16.69472614437775 ] ] ] ] } }
]
}
