{
"type": "FeatureCollection",
"name": "1233",
"crs": { "type": "name", "properties": { "name": "urn:ogc:def:crs:OGC:1.3:CRS84" } },
"features": [
{ "type": "Feature", "properties": { "fid_2": 1.0, "cat": 3, "VULNERABIL": 2.0, "NOM_ACUIF": "COPALA", "CLAVE_ACUI": "1233" }, "geometry": { "type": "MultiPolygon", "coordinates": [ [ [ [ -98.933908420716392, 16.640891405245874 ], [ -98.933942577507679, 16.64081982043545 ], [ -98.933984234752273, 16.640751492354145 ], [ -98.934019506709916, 16.64070919702905 ], [ -98.934083665332025, 16.640650639127468 ], [ -98.934126809470243, 16.640621363681355 ], [ -98.934192083275605, 16.640592095244347 ], [ -98.934257728812881, 16.640572589952715 ], [ -98.934389391606075, 16.64054334247276 ], [ -98.934465161665315, 16.640531433797822 ], [ -98.934560809072096, 16.640524955279396 ], [ -98.93464445136577, 16.640526066418825 ], [ -98.934799730854991, 16.640535878307528 ], [ -98.934905874613776, 16.64054675945783 ], [ -98.935069026416159, 16.640569591012007 ], [ -98.935234802356021, 16.640596762389542 ], [ -98.935568978484028, 16.640655444694961 ], [ -98.935735128444335, 16.640686231733063 ], [ -98.935899402098897, 16.6407199108138 ], [ -98.936007041542837, 16.640745255638642 ], [ -98.936165686228293, 16.640787611038231 ], [ -98.936251945840041, 16.640814033942156 ], [ -98.936352079968771, 16.640850947302908 ], [ -98.936432710576099, 16.640886046670502 ], [ -98.936574468310923, 16.640954431380127 ], [ -98.936646096010506, 16.640992782262558 ], [ -98.936719221330833, 16.6410394502476 ], [ -98.936769469158776, 16.641078879350257 ], [ -98.936847087337043, 16.641150498670875 ], [ -98.936891706172986, 16.641198604295703 ], [ -98.936947944492303, 16.641271301858694 ], [ -98.936997056200497, 16.641344358837046 ], [ -98.937088153069595, 16.641490832191792 ], [ -98.937129012981529, 16.641564248230395 ], [ -98.937160495772147, 16.641638023015719 ], [ -98.937172107157835, 16.641687564958715 ], [ -98.937175458509955, 16.641762416005481 ], [ -98.937167943212899, 16.641804358675564 ], [ -98.937142045958836, 16.641855335637107 ], [ -98.937106399155667, 16.641898354564855 ], [ -98.937025355965659, 16.641976434367294 ], [ -98.936973956373919, 16.642017278924669 ], [ -98.936900800809994, 16.642061732798581 ], [ -98.936830274459865, 16.642094978022115 ], [ -98.936691850943134, 16.642150259774265 ], [ -98.936593192985299, 16.64218458111581 ], [ -98.936435642629576, 16.642232263370158 ], [ -98.936271716628113, 16.64227741238626 ], [ -98.935937488829595, 16.642365176900235 ], [ -98.935770563141148, 16.642406708649858 ], [ -98.935604014033771, 16.642443539655456 ], [ -98.935493357915689, 16.642463392975614 ], [ -98.935327938685234, 16.642486121931832 ], [ -98.935236415757686, 16.642494048464059 ], [ -98.935127266230523, 16.642495099154281 ], [ -98.935036873290102, 16.642488923773264 ], [ -98.934874844018907, 16.642469346893975 ], [ -98.934791205526722, 16.642454495261969 ], [ -98.934702319314539, 16.642429517304173 ], [ -98.934637814123747, 16.642402739017413 ], [ -98.934533184788236, 16.642347382105079 ], [ -98.934469809688167, 16.642306501944002 ], [ -98.9343843137232, 16.64223921838472 ], [ -98.934305195573558, 16.6421679592715 ], [ -98.934153337203597, 16.642021465439832 ], [ -98.934079096282929, 16.641947315032287 ], [ -98.934008231774314, 16.641871357699877 ], [ -98.933964365153997, 16.641818912567349 ], [ -98.933903629798593, 16.641737534506394 ], [ -98.933873264309653, 16.641690517568826 ], [ -98.933842903176554, 16.641630844826082 ], [ -98.933822666773949, 16.641578407194338 ], [ -98.93379231870712, 16.641480767041507 ], [ -98.933779959033814, 16.641428331917673 ], [ -98.933773228063046, 16.641368666702157 ], [ -98.933774369445942, 16.641321659800724 ], [ -98.933784524556884, 16.641240304311541 ], [ -98.933795794971161, 16.641187876725574 ], [ -98.933819451096369, 16.641111949455425 ], [ -98.933847607545019, 16.64103783158831 ], [ -98.933908420716392, 16.640891405245874 ] ] ] ] } },
{ "type": "Feature", "properties": { "fid_2": 8.0, "cat": 1, "VULNERABIL": 1.0, "NOM_ACUIF": "COPALA", "CLAVE_ACUI": "1233" }, "geometry": { "type": "MultiPolygon", "coordinates": [ [ [ [ -99.010363521665766, 16.703842046268768 ], [ -99.010565560445897, 16.751788378233634 ], [ -98.957263999057147, 16.778860316900754 ], [ -99.050933878705393, 16.932769670849677 ], [ -99.022497815319809, 16.982439367408897 ], [ -98.95662675067156, 16.983159315153092 ], [ -98.933243402654128, 16.997164470156452 ], [ -98.823526237457784, 16.885582826222851 ], [ -98.867850583501337, 16.816228241399781 ], [ -98.849381984321454, 16.767392839034585 ], [ -98.872364966713846, 16.723481958707772 ], [ -98.873037240978562, 16.721195448976825 ], [ -98.909197296364397, 16.598209480558932 ], [ -98.910434057973433, 16.586429552095314 ], [ -98.910593726256366, 16.588441255083968 ], [ -98.910522097047647, 16.590081423723177 ], [ -98.910507072425688, 16.590947077964731 ], [ -98.910533628785032, 16.591903872182691 ], [ -98.910592914475671, 16.592632874977408 ], [ -98.910744216285494, 16.593863089039637 ], [ -98.910847440129999, 16.594455427259195 ], [ -98.91100580918966, 16.595002227922947 ], [ -98.911109226601724, 16.595207484611613 ], [ -98.911166533701945, 16.595321224103358 ], [ -98.911490338501494, 16.595731411735098 ], [ -98.911725375334143, 16.595913755870555 ], [ -98.912106680480065, 16.596050600522123 ], [ -98.912507152023679, 16.59609633040305 ], [ -98.913327261159779, 16.596096673704317 ], [ -98.913745749524779, 16.596104802746755 ], [ -98.914181105545993, 16.596128848121079 ], [ -98.914488210601093, 16.596160795013482 ], [ -98.914974169914174, 16.596232590167467 ], [ -98.915261015188548, 16.596288392960364 ], [ -98.915635591703293, 16.59638400649202 ], [ -98.915973040777288, 16.596487559463849 ], [ -98.916610812186576, 16.596702603994611 ], [ -98.916958376941764, 16.596830024745778 ], [ -98.917363299315923, 16.596997243245564 ], [ -98.917690605227151, 16.597148520046304 ], [ -98.918267601261618, 16.597435131406737 ], [ -98.918645512967814, 16.597634157223499 ], [ -98.919202252102878, 16.597944623386208 ], [ -98.91975223978335, 16.598263040558745 ], [ -98.92084546736578, 16.598907823072029 ], [ -98.921396584912429, 16.599227682701695 ], [ -98.921956706317886, 16.599542481906866 ], [ -98.922339123634885, 16.599747288226013 ], [ -98.922926254178222, 16.600046907879477 ], [ -98.923261440630554, 16.600208303507568 ], [ -98.923679868762179, 16.600392871282779 ], [ -98.924042062520229, 16.60053908854124 ], [ -98.924710216304177, 16.600793171672294 ], [ -98.925065669123796, 16.600919858540163 ], [ -98.925463872970695, 16.601045836935132 ], [ -98.925772093068701, 16.601129114179528 ], [ -98.926298549621094, 16.601252967137988 ], [ -98.926633776394127, 16.601321065655863 ], [ -98.927112999976558, 16.601401508403097 ], [ -98.927576479240003, 16.601467480736833 ], [ -98.928487693928204, 16.601584953066748 ], [ -98.928951925183213, 16.601648029830255 ], [ -98.929433403752213, 16.601719789707968 ], [ -98.929771636693189, 16.601776313129303 ], [ -98.930304857069032, 16.601874123347475 ], [ -98.930618337926461, 16.601937145818813 ], [ -98.931025560017986, 16.602028403394165 ], [ -98.931390782752601, 16.602117476746766 ], [ -98.93207922944768, 16.602293438242114 ], [ -98.932453449508216, 16.602393360538809 ], [ -98.932887662526682, 16.60251716684774 ], [ -98.933237130828275, 16.602623588468063 ], [ -98.933851323173783, 16.602819046415362 ], [ -98.934252534556165, 16.602951517671926 ], [ -98.934841976350441, 16.603153473589586 ], [ -98.935423168502624, 16.603357594848955 ], [ -98.936577305620673, 16.603767999553224 ], [ -98.93715062523728, 16.603975367943946 ], [ -98.937716444518074, 16.604187071655289 ], [ -98.938086156494904, 16.604332543521963 ], [ -98.938629473160162, 16.60455725549031 ], [ -98.938923814736356, 16.604686431803653 ], [ -98.939263522337328, 16.604849249351712 ], [ -98.939535360101104, 16.60499143566723 ], [ -98.940011166276165, 16.605255176708706 ], [ -98.940250379540089, 16.605396267885375 ], [ -98.94049221255608, 16.605555800913113 ], [ -98.940656054208304, 16.605680598232855 ], [ -98.940905746252767, 16.605895457150975 ], [ -98.9410470837567, 16.606033265205294 ], [ -98.941221404092488, 16.606231830552595 ], [ -98.941370600558599, 16.606424964733844 ], [ -98.941643870099441, 16.606805801783018 ], [ -98.941778066646677, 16.60699965464422 ], [ -98.94190738620928, 16.607200376369438 ], [ -98.941988722145908, 16.607341059761769 ], [ -98.942103410389052, 16.607562388224402 ], [ -98.942162248936057, 16.607692217411454 ], [ -98.942224076230701, 16.607860376540895 ], [ -98.94226828316647, 16.608010812574907 ], [ -98.942339076745114, 16.608293961540568 ], [ -98.942370907339168, 16.608447648473899 ], [ -98.942395605435266, 16.608625560325116 ], [ -98.942404938305273, 16.608768393147532 ], [ -98.942408238794215, 16.609018979763412 ], [ -98.942402939834338, 16.609182419471168 ], [ -98.942383742428419, 16.609422151977604 ], [ -98.942357045666327, 16.609658266442246 ], [ -98.942296152619008, 16.610126877308126 ], [ -98.942268327671158, 16.610372754509505 ], [ -98.942245746031602, 16.61064177526794 ], [ -98.94223593495397, 16.610844266001514 ], [ -98.942229083386025, 16.611182717442667 ], [ -98.942230520346556, 16.611393889581777 ], [ -98.942241682835132, 16.61168895455959 ], [ -98.942258850059133, 16.611969557379865 ], [ -98.94229918936955, 16.612516300844902 ], [ -98.94232534958482, 16.612822941002463 ], [ -98.942363490868104, 16.613196118020721 ], [ -98.942400899489485, 16.613511439557179 ], [ -98.942474984262802, 16.614084227123882 ], [ -98.942528123778359, 16.614468979269827 ], [ -98.942613457601212, 16.615050448134731 ], [ -98.942702541382943, 16.615634810729894 ], [ -98.942884460022157, 16.616806429504894 ], [ -98.942976546117421, 16.617389346332875 ], [ -98.943070884680466, 16.61796647818262 ], [ -98.943136029286123, 16.618345447801531 ], [ -98.943237124555168, 16.61890522480558 ], [ -98.943295540770109, 16.619210427088351 ], [ -98.943369693939474, 16.619566256959097 ], [ -98.943434866348014, 16.619854104458497 ], [ -98.943556230646109, 16.620361817048671 ], [ -98.943621412464168, 16.620619290480928 ], [ -98.943695593332507, 16.620883998228269 ], [ -98.94375404624536, 16.621067704380465 ], [ -98.943855224179984, 16.621354115073952 ], [ -98.943920433188381, 16.621520466432894 ], [ -98.944014882217957, 16.621733109822632 ], [ -98.944107088312549, 16.621921164096442 ], [ -98.944289257869642, 16.622272683446187 ], [ -98.944388592513604, 16.622453146001916 ], [ -98.944504426598868, 16.622643014387503 ], [ -98.944598148720942, 16.622778999146213 ], [ -98.944763481099031, 16.622997084991642 ], [ -98.944871831896762, 16.623127649586806 ], [ -98.945031551854555, 16.62330125753364 ], [ -98.945189401076988, 16.623460039465439 ], [ -98.945503229251145, 16.623762777077218 ], [ -98.945682454781917, 16.623929157731908 ], [ -98.945906302847717, 16.62412556224179 ], [ -98.946100157438167, 16.62428652241606 ], [ -98.946457873548084, 16.624572998177495 ], [ -98.946701227676272, 16.624762174949808 ], [ -98.947073573966051, 16.625043229471228 ], [ -98.947450797479391, 16.62532247657948 ], [ -98.948210123927979, 16.625879161968609 ], [ -98.948592602210496, 16.626155515539722 ], [ -98.948980708418588, 16.626427892240009 ], [ -98.949245073329067, 16.626605500132392 ], [ -98.949650061850974, 16.626865947066655 ], [ -98.949880682775103, 16.627006663278781 ], [ -98.950167556617131, 16.627168365244749 ], [ -98.950415058758381, 16.627297152278391 ], [ -98.950870691727658, 16.627521811010581 ], [ -98.951112573099394, 16.627634324109714 ], [ -98.951382583747957, 16.627747205108385 ], [ -98.951590720028662, 16.627822827065817 ], [ -98.951945118291135, 16.627936811770432 ], [ -98.952170135429199, 16.628000504420086 ], [ -98.952490788472517, 16.628077597737715 ], [ -98.952800193121192, 16.628142393777164 ], [ -98.95340775434758, 16.628259687723286 ], [ -98.953713411644529, 16.628313633714434 ], [ -98.95402282190966, 16.628358178619109 ], [ -98.954232848286082, 16.628378474325675 ], [ -98.954553517091327, 16.628394816517886 ], [ -98.95473541921379, 16.628394494649978 ], [ -98.954960456712442, 16.628377187021428 ], [ -98.955153617042555, 16.628348662825314 ], [ -98.955508060394607, 16.628280397624156 ], [ -98.955695598450674, 16.628235599947338 ], [ -98.955903769338235, 16.628169472382378 ], [ -98.956063182744501, 16.628104057488329 ], [ -98.956333251928228, 16.627973940274934 ], [ -98.956503923027569, 16.627880323002508 ], [ -98.956745867132497, 16.627729588444456 ], [ -98.956978436036763, 16.62757198135569 ], [ -98.957434197883117, 16.627249894161576 ], [ -98.957660016117771, 16.627085776206805 ], [ -98.957881709727928, 16.626915510052132 ], [ -98.958025381008056, 16.626795851200736 ], [ -98.958234701226075, 16.626607140817875 ], [ -98.958346865812587, 16.62649615368133 ], [ -98.958474039500089, 16.626351902744574 ], [ -98.958573831055503, 16.626222471662953 ], [ -98.958746031870447, 16.625978429308716 ], [ -98.958831196762048, 16.625845740837214 ], [ -98.958914490823631, 16.625691717852597 ], [ -98.958968149406473, 16.625567701366851 ], [ -98.95904583106487, 16.625349674895528 ], [ -98.959087116738402, 16.625207214587725 ], [ -98.959133292150781, 16.624997860148511 ], [ -98.959168965485375, 16.624791396390872 ], [ -98.959229809970196, 16.624381359543943 ], [ -98.959256108651772, 16.624166577231726 ], [ -98.959274160355591, 16.62393226716042 ], [ -98.959277947888481, 16.623756532691012 ], [ -98.959271258825851, 16.623463639353091 ], [ -98.959259295798731, 16.623281393075445 ], [ -98.959230095817844, 16.623027547579301 ], [ -98.959193392265078, 16.622786718023615 ], [ -98.959112481797078, 16.622318074824946 ], [ -98.959062281557109, 16.622055546864583 ], [ -98.958992591197841, 16.621736606194897 ], [ -98.958926640876797, 16.621467566365244 ], [ -98.958798480550428, 16.620979387500682 ], [ -98.958707790584867, 16.6206517642539 ], [ -98.958563881074099, 16.620157073364105 ], [ -98.958414722221562, 16.619660211730668 ], [ -98.958111156764517, 16.618664317446655 ], [ -98.957963125092405, 16.618168540435594 ], [ -98.95782259392864, 16.617677103963143 ], [ -98.957736406618665, 16.617353820252575 ], [ -98.95761837576562, 16.616875405612582 ], [ -98.957560303025105, 16.616613960339357 ], [ -98.957504115386584, 16.61630803920227 ], [ -98.957468542010361, 16.61605961592219 ], [ -98.957418009553976, 16.615620267214677 ], [ -98.957399307282472, 16.615396797443776 ], [ -98.957393732781142, 16.615165736855303 ], [ -98.957403144170186, 16.61500410564814 ], [ -98.957436952770379, 16.614750272610692 ], [ -98.957468862973556, 16.614601663434968 ], [ -98.95753078496034, 16.614409668938315 ], [ -98.957602078006516, 16.614238287269945 ], [ -98.957754034902067, 16.613916136694833 ], [ -98.957839575606855, 16.613758498458044 ], [ -98.95794424105523, 16.613607734367431 ], [ -98.958033142807295, 16.613514099118945 ], [ -98.958195182578663, 16.613383957415294 ], [ -98.958304329447259, 16.61331853056442 ], [ -98.958469730351851, 16.613252391712905 ], [ -98.958636251655093, 16.61320758708386 ], [ -98.958970414578943, 16.613139311777633 ], [ -98.959162809028527, 16.613110783627384 ], [ -98.959405829581527, 16.613093474652139 ], [ -98.959618469431859, 16.613093154478928 ], [ -98.960013368504221, 16.613109502623917 ], [ -98.960283383128143, 16.613129803742197 ], [ -98.960698528010724, 16.613174358899489 ], [ -98.961120421668454, 16.613228315972332 ], [ -98.961970958323846, 16.613345630266387 ], [ -98.96239510146907, 16.613406817073059 ], [ -98.962816993749769, 16.613473064948078 ], [ -98.963096004303708, 16.61352229165913 ], [ -98.963511143725142, 16.613603723935324 ], [ -98.96373952577602, 16.613654025674148 ], [ -98.964009532402713, 16.613723498933304 ], [ -98.964231161421338, 16.613788985971329 ], [ -98.964626042067579, 16.613915973559646 ], [ -98.964828544111782, 16.613986880635562 ], [ -98.965041169377287, 16.614072614630288 ], [ -98.965193042747032, 16.614144597614576 ], [ -98.965436037683375, 16.614274812527889 ], [ -98.965581158140836, 16.614361981112911 ], [ -98.965773524532651, 16.61449327202525 ], [ -98.965949014814782, 16.6146249215894 ], [ -98.966283119703107, 16.614888579127577 ], [ -98.966448858409279, 16.615028904973535 ], [ -98.966611969208415, 16.615186225248038 ], [ -98.966718081748539, 16.615308099922213 ], [ -98.966873308615703, 16.615516403677148 ], [ -98.966956917784756, 16.615649122499637 ], [ -98.967052518326852, 16.615838975260441 ], [ -98.96712824341779, 16.616022677709587 ], [ -98.96725981835074, 16.61638393226432 ], [ -98.967325414478893, 16.616588243972451 ], [ -98.967390627716014, 16.616839924587929 ], [ -98.967433720282116, 16.617055080581267 ], [ -98.967497784803555, 16.617448867940489 ], [ -98.967532993319935, 16.617715007608997 ], [ -98.967574554289484, 16.61811963926225 ], [ -98.967608614092498, 16.618527885675508 ], [ -98.967669232755767, 16.619347993223577 ], [ -98.96770816696656, 16.619765280212846 ], [ -98.967764350763105, 16.620197033665107 ], [ -98.967819056216314, 16.620499335763622 ], [ -98.967926988965758, 16.620974488577421 ], [ -98.968004201364295, 16.621252928795212 ], [ -98.968127905764661, 16.62161309662909 ], [ -98.968256867532361, 16.621934936091652 ], [ -98.968520049226299, 16.622540286458445 ], [ -98.968673764182526, 16.622868638097838 ], [ -98.968871726777564, 16.623248342758952 ], [ -98.969047949506276, 16.623552832194026 ], [ -98.969378655796788, 16.624086595605053 ], [ -98.969606629886869, 16.624434483578717 ], [ -98.969959845891623, 16.624944384040855 ], [ -98.970320565985645, 16.625446329861077 ], [ -98.971049514030767, 16.626442265513582 ], [ -98.971409489968323, 16.626942039704684 ], [ -98.971435419031124, 16.626979228646093 ], [ -98.969798869753646, 16.625526356110967 ], [ -98.968326938933984, 16.624866182809797 ], [ -98.965757955130357, 16.624594552063186 ], [ -98.965007844880788, 16.624748109910819 ], [ -98.963835684967194, 16.625561537225288 ], [ -98.962213262485903, 16.627369315124003 ], [ -98.961247206102456, 16.628887914739078 ], [ -98.961162626201499, 16.629828096885905 ], [ -98.96021520457596, 16.631807753565365 ], [ -98.959071046073362, 16.632919490860708 ], [ -98.956276469856121, 16.634654658111689 ], [ -98.95428841841327, 16.63561249911546 ], [ -98.950002784115398, 16.637690774319154 ], [ -98.948624290826416, 16.638151489647605 ], [ -98.947863594597962, 16.638735004899104 ], [ -98.947875703516871, 16.638843677969284 ], [ -98.947725534798934, 16.639358940422635 ], [ -98.947415879939825, 16.640163453640959 ], [ -98.946848668972237, 16.641121961773599 ], [ -98.946802693870254, 16.641241409527026 ], [ -98.94619291348738, 16.642271854087355 ], [ -98.946103876785756, 16.641965730237217 ], [ -98.946091482438831, 16.642038189263371 ], [ -98.946672097400892, 16.644705246631098 ], [ -98.946474610880983, 16.646721193508419 ], [ -98.945667773862098, 16.648140315147604 ], [ -98.944645481015655, 16.648763824289066 ], [ -98.94404535673452, 16.648709418397395 ], [ -98.943670400789031, 16.648266338035281 ], [ -98.943268242873899, 16.6447224087634 ], [ -98.943118414308984, 16.64404434054185 ], [ -98.942556086764071, 16.643085905486526 ], [ -98.941674845657232, 16.642470911455415 ], [ -98.940259032675897, 16.642163130048708 ], [ -98.939058691722664, 16.642479187856324 ], [ -98.938430290914113, 16.642940057507218 ], [ -98.937192105666, 16.644250531905204 ], [ -98.933571587060982, 16.647133259510941 ], [ -98.933308771032102, 16.647865442259597 ], [ -98.932125520429224, 16.652710678780242 ], [ -98.931158694082569, 16.655350135828641 ], [ -98.92987307479784, 16.657790591072523 ], [ -98.928062156137941, 16.660529184722996 ], [ -98.928746786949617, 16.660384778946145 ], [ -98.929506626485022, 16.659734137931277 ], [ -98.931195520106129, 16.657239579524191 ], [ -98.932349930754668, 16.654527862226171 ], [ -98.933974165244237, 16.648968580711202 ], [ -98.934433972471695, 16.648028532440044 ], [ -98.93455598756816, 16.647703118966252 ], [ -98.93505321695487, 16.646998130263942 ], [ -98.936272580239432, 16.645985994802466 ], [ -98.939592607525981, 16.644260296146239 ], [ -98.940455493193042, 16.643609644122886 ], [ -98.941083815592364, 16.643392857899368 ], [ -98.941440094308518, 16.643537606069589 ], [ -98.942189767190328, 16.645119881597299 ], [ -98.942564374151061, 16.646683968268587 ], [ -98.942489266959882, 16.646982278701728 ], [ -98.942657570995237, 16.648582468082878 ], [ -98.94325749154558, 16.649314904134734 ], [ -98.944279438287865, 16.649893768241572 ], [ -98.94566739532543, 16.649460206125227 ], [ -98.946389587604827, 16.648945097456139 ], [ -98.947318212245619, 16.647932820439031 ], [ -98.947477746708344, 16.647489884430929 ], [ -98.947881346573354, 16.646097773900788 ], [ -98.948247709356195, 16.643693133251318 ], [ -98.949120178443536, 16.642156492644322 ], [ -98.949486255206708, 16.640737247761169 ], [ -98.950039820661544, 16.639471734206786 ], [ -98.950490053246696, 16.638902301577644 ], [ -98.951671722424862, 16.638107033930325 ], [ -98.954288110078011, 16.636887190075448 ], [ -98.95612606552686, 16.636290931346196 ], [ -98.95802042794044, 16.634980479275633 ], [ -98.960711990057064, 16.632585321954547 ], [ -98.962221938341472, 16.630858899164593 ], [ -98.963028845853515, 16.628092695321936 ], [ -98.963713492619789, 16.627134539992696 ], [ -98.9656264294441, 16.626022908600138 ], [ -98.966789112588444, 16.625751892001833 ], [ -98.967604817212788, 16.625833387968875 ], [ -98.968626758547202, 16.626140922250769 ], [ -98.969704880774941, 16.626936640035822 ], [ -98.97030488017397, 16.627397788414921 ], [ -98.970876756719747, 16.627840850230292 ], [ -98.971167356864029, 16.628238668435969 ], [ -98.972376744500338, 16.629197117671175 ], [ -98.973194281371235, 16.630136979306723 ], [ -98.973281277263411, 16.630390458501399 ], [ -98.973344254533771, 16.630627672848625 ], [ -98.973425212862082, 16.631024714412099 ], [ -98.973461184602925, 16.631272773098061 ], [ -98.973488141339928, 16.631619907613306 ], [ -98.973497097444337, 16.631950406453708 ], [ -98.973497008953927, 16.632594768443017 ], [ -98.973490587913417, 16.632922010936017 ], [ -98.973471413239608, 16.633259376443782 ], [ -98.973445876458442, 16.633494409798654 ], [ -98.973388440687387, 16.633862144344565 ], [ -98.973343778159219, 16.634076564318477 ], [ -98.973267226346309, 16.634352089689866 ], [ -98.973184302430653, 16.634596878648253 ], [ -98.97301208209565, 16.635055720066383 ], [ -98.9729100285643, 16.635303760762646 ], [ -98.972776088587878, 16.635589041479616 ], [ -98.972654908806646, 16.635816468629248 ], [ -98.972425309073259, 16.636213469244041 ], [ -98.972265866830469, 16.636471265019551 ], [ -98.972017139818547, 16.636847651702876 ], [ -98.971762036600339, 16.637217166907341 ], [ -98.971245451989518, 16.637949325150686 ], [ -98.970982094834909, 16.638314499074259 ], [ -98.970708609910403, 16.638677863247377 ], [ -98.970516159271668, 16.638918296410022 ], [ -98.970212292215123, 16.639276231668642 ], [ -98.970033349888695, 16.639473274957002 ], [ -98.9698003903424, 16.639706469691017 ], [ -98.969591066718223, 16.639898084247317 ], [ -98.969196054834825, 16.640239732850386 ], [ -98.96898110646039, 16.640415074190575 ], [ -98.968731273834891, 16.640599449915097 ], [ -98.968529834592388, 16.640731401471978 ], [ -98.968175349290874, 16.640942880213892 ], [ -98.967943528694605, 16.641069402617333 ], [ -98.96760255232941, 16.641237491117145 ], [ -98.967266078798559, 16.641391115983236 ], [ -98.966597633616118, 16.641683901014407 ], [ -98.966261909431424, 16.641833185230006 ], [ -98.965923183047948, 16.641988253918182 ], [ -98.965694363468373, 16.64209741775003 ], [ -98.96534663106172, 16.642269840537054 ], [ -98.965150444414036, 16.64237141572811 ], [ -98.964909617071513, 16.642503718717538 ], [ -98.964704424777864, 16.642622648494555 ], [ -98.964329674878414, 16.642847134568513 ], [ -98.964132358023718, 16.642969319478205 ], [ -98.963915157726944, 16.643111388435582 ], [ -98.963750474130379, 16.64322598516727 ], [ -98.963473623464736, 16.643427706308636 ], [ -98.963299933987372, 16.643559657624817 ], [ -98.963055716279086, 16.643753790486894 ], [ -98.962822376061922, 16.643945393845396 ], [ -98.962366572247007, 16.644326070574301 ], [ -98.962139981227494, 16.644522736697603 ], [ -98.961916012859035, 16.644732058853201 ], [ -98.961769323448863, 16.644884263105791 ], [ -98.961553223541273, 16.645131553717864 ], [ -98.961435790886483, 16.645281593580709 ], [ -98.961299593008164, 16.645484422649258 ], [ -98.961190029174205, 16.645672431239834 ], [ -98.960997535260347, 16.64603362787723 ], [ -98.960900346383596, 16.646233571242011 ], [ -98.960801273984913, 16.646472204791873 ], [ -98.960733342246897, 16.64666998402901 ], [ -98.960628619337626, 16.647024688182206 ], [ -98.960568556401711, 16.647260436246384 ], [ -98.960493090576136, 16.64761297630292 ], [ -98.96042737706108, 16.647964794991477 ], [ -98.960305701931091, 16.648667710946736 ], [ -98.960252365203189, 16.649022786258584 ], [ -98.960214030647705, 16.649385096306077 ], [ -98.960203476585789, 16.649633871089151 ], [ -98.960210149069198, 16.650017885394682 ], [ -98.960228858452425, 16.650238461429723 ], [ -98.960278314196586, 16.650516175226272 ], [ -98.960342031147434, 16.650758455503947 ], [ -98.960483726600145, 16.651207582476491 ], [ -98.960572201119717, 16.651447697818668 ], [ -98.960695929018598, 16.651718916895778 ], [ -98.960813667694794, 16.651930833326542 ], [ -98.961043156170874, 16.652295363418595 ], [ -98.961205903533198, 16.652528983711072 ], [ -98.96146465716771, 16.652865314451837 ], [ -98.961733166275934, 16.653192245214875 ], [ -98.962279941801185, 16.653836706001812 ], [ -98.962550704841988, 16.65416074333854 ], [ -98.962816216603869, 16.654488395312217 ], [ -98.962987972754576, 16.654710444770711 ], [ -98.963237729427746, 16.655048941198103 ], [ -98.963371231314753, 16.655240609647375 ], [ -98.963521979964511, 16.655477118698322 ], [ -98.96363972581257, 16.655679632015552 ], [ -98.96384221497965, 16.656050662852824 ], [ -98.963941957453187, 16.656246664156978 ], [ -98.964038695332576, 16.656463637338966 ], [ -98.964100182580268, 16.656629258029277 ], [ -98.964187906468396, 16.656909146921617 ], [ -98.964233637286199, 16.657085612662318 ], [ -98.96428310576708, 16.657335121009822 ], [ -98.96431982242315, 16.657574502515832 ], [ -98.964380504020738, 16.658043138672479 ], [ -98.964418720318179, 16.658288305905213 ], [ -98.964472687516889, 16.65855517145858 ], [ -98.964524416558746, 16.658754780145024 ], [ -98.964625636618251, 16.659086740625135 ], [ -98.964697621025039, 16.659292861403262 ], [ -98.964812354180978, 16.659579263249928 ], [ -98.964931591845939, 16.659850478845932 ], [ -98.965174572343017, 16.660377723628415 ], [ -98.965316313825511, 16.660672807955542 ], [ -98.965498557341718, 16.661030816246257 ], [ -98.965660555111313, 16.661332412379743 ], [ -98.965964305601119, 16.661879192289863 ], [ -98.966173558693058, 16.662245882632945 ], [ -98.966497567570386, 16.662799173710823 ], [ -98.966828330161903, 16.663354634899171 ], [ -98.967496612963643, 16.664467726234619 ], [ -98.967830380621109, 16.665033310838318 ], [ -98.968163396991628, 16.665616974444582 ], [ -98.968384655799326, 16.666024162769439 ], [ -98.968715415966614, 16.666662064138446 ], [ -98.968898419378704, 16.667034533112222 ], [ -98.969116668712132, 16.667514038873321 ], [ -98.969297414263295, 16.667940746168 ], [ -98.969621402652677, 16.668741362081832 ], [ -98.969788644583943, 16.669174575604771 ], [ -98.96996638080833, 16.669673600519037 ], [ -98.970095365742921, 16.670072095232207 ], [ -98.970304584715876, 16.670768554403747 ], [ -98.970431311915405, 16.671221287565476 ], [ -98.970602274315652, 16.671883027928548 ], [ -98.970760484826513, 16.672533195321115 ], [ -98.971064155879233, 16.673821956857491 ], [ -98.971217118794399, 16.674463444810645 ], [ -98.97137233446665, 16.675099147430505 ], [ -98.971478063891936, 16.675517163908523 ], [ -98.971640036505917, 16.676135510717231 ], [ -98.971732273486111, 16.676473251466696 ], [ -98.971847011433908, 16.676868126962411 ], [ -98.971946004371517, 16.677188512035038 ], [ -98.972128245636867, 16.677754791682695 ], [ -98.972224993278942, 16.67804263290212 ], [ -98.972332994448408, 16.678339876996272 ], [ -98.972416248667827, 16.678547442612757 ], [ -98.972558010253849, 16.678872895339929 ], [ -98.972648020193645, 16.679063105274338 ], [ -98.972776288325505, 16.679308282364907 ], [ -98.972900058687898, 16.679526700886139 ], [ -98.973143102115543, 16.679936779215826 ], [ -98.973272876506229, 16.680150135976238 ], [ -98.973419155793565, 16.680380128055805 ], [ -98.973533180146092, 16.680550091444008 ], [ -98.973728974062936, 16.6808299894731 ], [ -98.973854253407225, 16.681002123664147 ], [ -98.974034297438607, 16.68123862822857 ], [ -98.974209091623393, 16.681460668252843 ], [ -98.974553430876227, 16.68189028347664 ], [ -98.974748482634752, 16.682129681990485 ], [ -98.97498929811411, 16.682418262509007 ], [ -98.975195605514003, 16.682659831508523 ], [ -98.975573712895482, 16.683095957708979 ], [ -98.975829536973336, 16.683387431740851 ], [ -98.976218901865352, 16.683825727608095 ], [ -98.976612020089419, 16.684264746336776 ], [ -98.977402013498221, 16.685143505101525 ], [ -98.977795137031492, 16.685583244720789 ], [ -98.97818451059976, 16.686023706367788 ], [ -98.978440342202092, 16.686318069845019 ], [ -98.978818463412154, 16.686760698657324 ], [ -98.979024779724597, 16.687007326053148 ], [ -98.979265606787962, 16.687304579708098 ], [ -98.979460668894873, 16.687553375087866 ], [ -98.979805028728038, 16.688002507370445 ], [ -98.979979834512818, 16.688236113366759 ], [ -98.980159891276088, 16.68848779935864 ], [ -98.980285179950812, 16.688673670074291 ], [ -98.980480989312738, 16.688979596208419 ], [ -98.980595023174033, 16.689167635224006 ], [ -98.980741315242568, 16.68942582619276 ], [ -98.980871101578629, 16.689668105441864 ], [ -98.981114169045853, 16.690136752089774 ], [ -98.981243206330532, 16.690375415093193 ], [ -98.981387250174976, 16.690622757588653 ], [ -98.981498285868597, 16.690796332096326 ], [ -98.981687349216372, 16.691069713074832 ], [ -98.98180739094785, 16.691230270865468 ], [ -98.981978452683265, 16.691438563281618 ], [ -98.982143513940102, 16.691625159467701 ], [ -98.982467636518138, 16.691976655361032 ], [ -98.982650706960953, 16.692167591771756 ], [ -98.982875795266835, 16.692388905290141 ], [ -98.983067871994024, 16.692566824730701 ], [ -98.983419014285204, 16.692879269297247 ], [ -98.983656111603651, 16.693083226463511 ], [ -98.984016261254851, 16.693382653375586 ], [ -98.984379413844621, 16.693677740767203 ], [ -98.985108724178559, 16.69426357471993 ], [ -98.985474881369029, 16.694561553124405 ], [ -98.985844040431544, 16.694869655673688 ], [ -98.986093147883906, 16.695085181799293 ], [ -98.986471311277384, 16.695423657603957 ], [ -98.986684403419744, 16.695621824202146 ], [ -98.986945516029067, 16.695877848435959 ], [ -98.987167611639933, 16.696106388878018 ], [ -98.987572786606847, 16.69653598565397 ], [ -98.987785878912021, 16.696768863989348 ], [ -98.988019980090087, 16.697037902578547 ], [ -98.988197056319621, 16.697253421946694 ], [ -98.988494184171259, 16.697630941349757 ], [ -98.988680264276681, 16.697876834569797 ], [ -98.988941376615529, 16.698236994892358 ], [ -98.989190484095431, 16.698591368765708 ], [ -98.989676695914795, 16.699294329498677 ], [ -98.989939687773415, 16.699659189310573 ], [ -98.990242449981622, 16.700050808500706 ], [ -98.990484061583558, 16.70033864738447 ], [ -98.990906134740555, 16.700810544562785 ], [ -98.991180390422286, 16.701099468822914 ], [ -98.99158108402645, 16.701494344485795 ], [ -98.99197465156854, 16.70186354601849 ], [ -98.992754663350766, 16.702576273488805 ], [ -98.993198886550601, 16.70297259385389 ], [ -98.993751542336369, 16.703448828472457 ], [ -98.994228412224942, 16.703846232355254 ], [ -98.995106368641203, 16.704562207867408 ], [ -98.995702557496628, 16.705039884597337 ], [ -98.996613167815937, 16.705756939086331 ], [ -98.997534665960785, 16.706474351239915 ], [ -98.999388564013557, 16.707909524707194 ], [ -99.000311958899701, 16.708618246130722 ], [ -99.001228231430147, 16.709309245407749 ], [ -99.001831954203951, 16.709752191358 ], [ -99.002726849562166, 16.710390030060807 ], [ -99.003216886811799, 16.710726665301262 ], [ -99.003792100725391, 16.711098733852566 ], [ -99.004260753064173, 16.711382212946145 ], [ -99.005091497440105, 16.711860580510976 ], [ -99.005515125742917, 16.712090903806835 ], [ -99.005955264165905, 16.712303507742536 ], [ -99.006265199408716, 16.712427524665276 ], [ -99.006754866606457, 16.712586971350568 ], [ -99.007043413323842, 16.712657833767107 ], [ -99.007419385874925, 16.71271097465036 ], [ -99.007757459955414, 16.712728680252901 ], [ -99.008395709506573, 16.712728655319772 ], [ -99.008710137894411, 16.712593406879996 ], [ -99.009015172648247, 16.712187687497128 ], [ -99.009209134997548, 16.7116467371815 ], [ -99.009485985813768, 16.710429605586349 ], [ -99.009630396385049, 16.709482950639913 ], [ -99.009786777862828, 16.707860117489609 ], [ -99.00990300252991, 16.70610205037806 ], [ -99.010018773133154, 16.703903708218089 ], [ -99.010363521665766, 16.703842046268768 ] ], [ [ -98.933942577507679, 16.64081982043545 ], [ -98.933908420716392, 16.640891405245874 ], [ -98.933847607545019, 16.64103783158831 ], [ -98.933819451096369, 16.641111949455425 ], [ -98.933795794971161, 16.641187876725574 ], [ -98.933784524556884, 16.641240304311541 ], [ -98.933774369445942, 16.641321659800724 ], [ -98.933773228063046, 16.641368666702157 ], [ -98.933779959033814, 16.641428331917673 ], [ -98.93379231870712, 16.641480767041507 ], [ -98.933822666773949, 16.641578407194338 ], [ -98.933842903176554, 16.641630844826082 ], [ -98.933873264309653, 16.641690517568826 ], [ -98.933903629798593, 16.641737534506394 ], [ -98.933964365153997, 16.641818912567349 ], [ -98.934008231774314, 16.641871357699877 ], [ -98.934079096282929, 16.641947315032287 ], [ -98.934153337203597, 16.642021465439832 ], [ -98.934305195573558, 16.6421679592715 ], [ -98.9343843137232, 16.64223921838472 ], [ -98.934469809688167, 16.642306501944002 ], [ -98.934533184788236, 16.642347382105079 ], [ -98.934637814123747, 16.642402739017413 ], [ -98.934702319314539, 16.642429517304173 ], [ -98.934791205526722, 16.642454495261969 ], [ -98.934874844018907, 16.642469346893975 ], [ -98.935036873290102, 16.642488923773264 ], [ -98.935127266230523, 16.642495099154281 ], [ -98.935236415757686, 16.642494048464059 ], [ -98.935327938685234, 16.642486121931832 ], [ -98.935493357915689, 16.642463392975614 ], [ -98.935604014033771, 16.642443539655456 ], [ -98.935770563141148, 16.642406708649858 ], [ -98.935937488829595, 16.642365176900235 ], [ -98.936271716628113, 16.64227741238626 ], [ -98.936435642629576, 16.642232263370158 ], [ -98.936593192985299, 16.64218458111581 ], [ -98.936691850943134, 16.642150259774265 ], [ -98.936830274459865, 16.642094978022115 ], [ -98.936900800809994, 16.642061732798581 ], [ -98.936973956373919, 16.642017278924669 ], [ -98.937025355965659, 16.641976434367294 ], [ -98.937106399155667, 16.641898354564855 ], [ -98.937142045958836, 16.641855335637107 ], [ -98.937167943212899, 16.641804358675564 ], [ -98.937175458509955, 16.641762416005481 ], [ -98.937172107157835, 16.641687564958715 ], [ -98.937160495772147, 16.641638023015719 ], [ -98.937129012981529, 16.641564248230395 ], [ -98.937088153069595, 16.641490832191792 ], [ -98.936997056200497, 16.641344358837046 ], [ -98.936947944492303, 16.641271301858694 ], [ -98.936891706172986, 16.641198604295703 ], [ -98.936847087337043, 16.641150498670875 ], [ -98.936769469158776, 16.641078879350257 ], [ -98.936719221330833, 16.6410394502476 ], [ -98.936646096010506, 16.640992782262558 ], [ -98.936574468310923, 16.640954431380127 ], [ -98.936432710576099, 16.640886046670502 ], [ -98.936352079968771, 16.640850947302908 ], [ -98.936251945840041, 16.640814033942156 ], [ -98.936165686228293, 16.640787611038231 ], [ -98.936007041542837, 16.640745255638642 ], [ -98.935899402098897, 16.6407199108138 ], [ -98.935735128444335, 16.640686231733063 ], [ -98.935568978484028, 16.640655444694961 ], [ -98.935234802356021, 16.640596762389542 ], [ -98.935069026416159, 16.640569591012007 ], [ -98.934905874613776, 16.64054675945783 ], [ -98.934799730854991, 16.640535878307528 ], [ -98.93464445136577, 16.640526066418825 ], [ -98.934560809072096, 16.640524955279396 ], [ -98.934465161665315, 16.640531433797822 ], [ -98.934389391606075, 16.64054334247276 ], [ -98.934257728812881, 16.640572589952715 ], [ -98.934192083275605, 16.640592095244347 ], [ -98.934126809470243, 16.640621363681355 ], [ -98.934083665332025, 16.640650639127468 ], [ -98.934019506709916, 16.64070919702905 ], [ -98.933984234752273, 16.640751492354145 ], [ -98.933942577507679, 16.64081982043545 ] ] ] ] } },
{ "type": "Feature", "properties": { "fid_2": 2.0, "cat": 2, "VULNERABIL": 2.0, "NOM_ACUIF": "COPALA", "CLAVE_ACUI": "1233" }, "geometry": { "type": "MultiPolygon", "coordinates": [ [ [ [ -99.00990300252991, 16.70610205037806 ], [ -99.009786777862828, 16.707860117489609 ], [ -99.009630396385049, 16.709482950639913 ], [ -99.009485985813768, 16.710429605586349 ], [ -99.009209134997548, 16.7116467371815 ], [ -99.009015172648247, 16.712187687497128 ], [ -99.008710137894411, 16.712593406879996 ], [ -99.008395709506573, 16.712728655319772 ], [ -99.007757459955414, 16.712728680252901 ], [ -99.007419385874925, 16.71271097465036 ], [ -99.007043413323842, 16.712657833767107 ], [ -99.006754866606457, 16.712586971350568 ], [ -99.006265199408716, 16.712427524665276 ], [ -99.005955264165905, 16.712303507742536 ], [ -99.005515125742917, 16.712090903806835 ], [ -99.005091497440105, 16.711860580510976 ], [ -99.004260753064173, 16.711382212946145 ], [ -99.003792100725391, 16.711098733852566 ], [ -99.003216886811799, 16.710726665301262 ], [ -99.002726849562166, 16.710390030060807 ], [ -99.001831954203951, 16.709752191358 ], [ -99.001228231430147, 16.709309245407749 ], [ -99.000311958899701, 16.708618246130722 ], [ -98.999388564013557, 16.707909524707194 ], [ -98.997534665960785, 16.706474351239915 ], [ -98.996613167815937, 16.705756939086331 ], [ -98.995702557496628, 16.705039884597337 ], [ -98.995106368641203, 16.704562207867408 ], [ -98.994228412224942, 16.703846232355254 ], [ -98.993751542336369, 16.703448828472457 ], [ -98.993198886550601, 16.70297259385389 ], [ -98.992754663350766, 16.702576273488805 ], [ -98.99197465156854, 16.70186354601849 ], [ -98.99158108402645, 16.701494344485795 ], [ -98.991180390422286, 16.701099468822914 ], [ -98.990906134740555, 16.700810544562785 ], [ -98.990484061583558, 16.70033864738447 ], [ -98.990242449981622, 16.700050808500706 ], [ -98.989939687773415, 16.699659189310573 ], [ -98.989676695914795, 16.699294329498677 ], [ -98.989190484095431, 16.698591368765708 ], [ -98.988941376615529, 16.698236994892358 ], [ -98.988680264276681, 16.697876834569797 ], [ -98.988494184171259, 16.697630941349757 ], [ -98.988197056319621, 16.697253421946694 ], [ -98.988019980090087, 16.697037902578547 ], [ -98.987785878912021, 16.696768863989348 ], [ -98.987572786606847, 16.69653598565397 ], [ -98.987167611639933, 16.696106388878018 ], [ -98.986945516029067, 16.695877848435959 ], [ -98.986684403419744, 16.695621824202146 ], [ -98.986471311277384, 16.695423657603957 ], [ -98.986093147883906, 16.695085181799293 ], [ -98.985844040431544, 16.694869655673688 ], [ -98.985474881369029, 16.694561553124405 ], [ -98.985108724178559, 16.69426357471993 ], [ -98.984379413844621, 16.693677740767203 ], [ -98.984016261254851, 16.693382653375586 ], [ -98.983656111603651, 16.693083226463511 ], [ -98.983419014285204, 16.692879269297247 ], [ -98.983067871994024, 16.692566824730701 ], [ -98.982875795266835, 16.692388905290141 ], [ -98.982650706960953, 16.692167591771756 ], [ -98.982467636518138, 16.691976655361032 ], [ -98.982143513940102, 16.691625159467701 ], [ -98.981978452683265, 16.691438563281618 ], [ -98.98180739094785, 16.691230270865468 ], [ -98.981687349216372, 16.691069713074832 ], [ -98.981498285868597, 16.690796332096326 ], [ -98.981387250174976, 16.690622757588653 ], [ -98.981243206330532, 16.690375415093193 ], [ -98.981114169045853, 16.690136752089774 ], [ -98.980871101578629, 16.689668105441864 ], [ -98.980741315242568, 16.68942582619276 ], [ -98.980595023174033, 16.689167635224006 ], [ -98.980480989312738, 16.688979596208419 ], [ -98.980285179950812, 16.688673670074291 ], [ -98.980159891276088, 16.68848779935864 ], [ -98.979979834512818, 16.688236113366759 ], [ -98.979805028728038, 16.688002507370445 ], [ -98.979460668894873, 16.687553375087866 ], [ -98.979265606787962, 16.687304579708098 ], [ -98.979024779724597, 16.687007326053148 ], [ -98.978818463412154, 16.686760698657324 ], [ -98.978440342202092, 16.686318069845019 ], [ -98.97818451059976, 16.686023706367788 ], [ -98.977795137031492, 16.685583244720789 ], [ -98.977402013498221, 16.685143505101525 ], [ -98.976612020089419, 16.684264746336776 ], [ -98.976218901865352, 16.683825727608095 ], [ -98.975829536973336, 16.683387431740851 ], [ -98.975573712895482, 16.683095957708979 ], [ -98.975195605514003, 16.682659831508523 ], [ -98.97498929811411, 16.682418262509007 ], [ -98.974748482634752, 16.682129681990485 ], [ -98.974553430876227, 16.68189028347664 ], [ -98.974209091623393, 16.681460668252843 ], [ -98.974034297438607, 16.68123862822857 ], [ -98.973854253407225, 16.681002123664147 ], [ -98.973728974062936, 16.6808299894731 ], [ -98.973533180146092, 16.680550091444008 ], [ -98.973419155793565, 16.680380128055805 ], [ -98.973272876506229, 16.680150135976238 ], [ -98.973143102115543, 16.679936779215826 ], [ -98.972900058687898, 16.679526700886139 ], [ -98.972776288325505, 16.679308282364907 ], [ -98.972648020193645, 16.679063105274338 ], [ -98.972558010253849, 16.678872895339929 ], [ -98.972416248667827, 16.678547442612757 ], [ -98.972332994448408, 16.678339876996272 ], [ -98.972224993278942, 16.67804263290212 ], [ -98.972128245636867, 16.677754791682695 ], [ -98.971946004371517, 16.677188512035038 ], [ -98.971847011433908, 16.676868126962411 ], [ -98.971732273486111, 16.676473251466696 ], [ -98.971640036505917, 16.676135510717231 ], [ -98.971478063891936, 16.675517163908523 ], [ -98.97137233446665, 16.675099147430505 ], [ -98.971217118794399, 16.674463444810645 ], [ -98.971064155879233, 16.673821956857491 ], [ -98.970760484826513, 16.672533195321115 ], [ -98.970602274315652, 16.671883027928548 ], [ -98.970431311915405, 16.671221287565476 ], [ -98.970304584715876, 16.670768554403747 ], [ -98.970095365742921, 16.670072095232207 ], [ -98.96996638080833, 16.669673600519037 ], [ -98.969788644583943, 16.669174575604771 ], [ -98.969621402652677, 16.668741362081832 ], [ -98.969297414263295, 16.667940746168 ], [ -98.969116668712132, 16.667514038873321 ], [ -98.968898419378704, 16.667034533112222 ], [ -98.968715415966614, 16.666662064138446 ], [ -98.968384655799326, 16.666024162769439 ], [ -98.968163396991628, 16.665616974444582 ], [ -98.967830380621109, 16.665033310838318 ], [ -98.967496612963643, 16.664467726234619 ], [ -98.966828330161903, 16.663354634899171 ], [ -98.966497567570386, 16.662799173710823 ], [ -98.966173558693058, 16.662245882632945 ], [ -98.965964305601119, 16.661879192289863 ], [ -98.965660555111313, 16.661332412379743 ], [ -98.965498557341718, 16.661030816246257 ], [ -98.965316313825511, 16.660672807955542 ], [ -98.965174572343017, 16.660377723628415 ], [ -98.964931591845939, 16.659850478845932 ], [ -98.964812354180978, 16.659579263249928 ], [ -98.964697621025039, 16.659292861403262 ], [ -98.964625636618251, 16.659086740625135 ], [ -98.964524416558746, 16.658754780145024 ], [ -98.964472687516889, 16.65855517145858 ], [ -98.964418720318179, 16.658288305905213 ], [ -98.964380504020738, 16.658043138672479 ], [ -98.96431982242315, 16.657574502515832 ], [ -98.96428310576708, 16.657335121009822 ], [ -98.964233637286199, 16.657085612662318 ], [ -98.964187906468396, 16.656909146921617 ], [ -98.964100182580268, 16.656629258029277 ], [ -98.964038695332576, 16.656463637338966 ], [ -98.963941957453187, 16.656246664156978 ], [ -98.96384221497965, 16.656050662852824 ], [ -98.96363972581257, 16.655679632015552 ], [ -98.963521979964511, 16.655477118698322 ], [ -98.963371231314753, 16.655240609647375 ], [ -98.963237729427746, 16.655048941198103 ], [ -98.962987972754576, 16.654710444770711 ], [ -98.962816216603869, 16.654488395312217 ], [ -98.962550704841988, 16.65416074333854 ], [ -98.962279941801185, 16.653836706001812 ], [ -98.961733166275934, 16.653192245214875 ], [ -98.96146465716771, 16.652865314451837 ], [ -98.961205903533198, 16.652528983711072 ], [ -98.961043156170874, 16.652295363418595 ], [ -98.960813667694794, 16.651930833326542 ], [ -98.960695929018598, 16.651718916895778 ], [ -98.960572201119717, 16.651447697818668 ], [ -98.960483726600145, 16.651207582476491 ], [ -98.960342031147434, 16.650758455503947 ], [ -98.960278314196586, 16.650516175226272 ], [ -98.960228858452425, 16.650238461429723 ], [ -98.960210149069198, 16.650017885394682 ], [ -98.960203476585789, 16.649633871089151 ], [ -98.960214030647705, 16.649385096306077 ], [ -98.960252365203189, 16.649022786258584 ], [ -98.960305701931091, 16.648667710946736 ], [ -98.96042737706108, 16.647964794991477 ], [ -98.960493090576136, 16.64761297630292 ], [ -98.960568556401711, 16.647260436246384 ], [ -98.960628619337626, 16.647024688182206 ], [ -98.960733342246897, 16.64666998402901 ], [ -98.960801273984913, 16.646472204791873 ], [ -98.960900346383596, 16.646233571242011 ], [ -98.960997535260347, 16.64603362787723 ], [ -98.961190029174205, 16.645672431239834 ], [ -98.961299593008164, 16.645484422649258 ], [ -98.961435790886483, 16.645281593580709 ], [ -98.961553223541273, 16.645131553717864 ], [ -98.961769323448863, 16.644884263105791 ], [ -98.961916012859035, 16.644732058853201 ], [ -98.962139981227494, 16.644522736697603 ], [ -98.962366572247007, 16.644326070574301 ], [ -98.962822376061922, 16.643945393845396 ], [ -98.963055716279086, 16.643753790486894 ], [ -98.963299933987372, 16.643559657624817 ], [ -98.963473623464736, 16.643427706308636 ], [ -98.963750474130379, 16.64322598516727 ], [ -98.963915157726944, 16.643111388435582 ], [ -98.964132358023718, 16.642969319478205 ], [ -98.964329674878414, 16.642847134568513 ], [ -98.964704424777864, 16.642622648494555 ], [ -98.964909617071513, 16.642503718717538 ], [ -98.965150444414036, 16.64237141572811 ], [ -98.96534663106172, 16.642269840537054 ], [ -98.965694363468373, 16.64209741775003 ], [ -98.965923183047948, 16.641988253918182 ], [ -98.966261909431424, 16.641833185230006 ], [ -98.966597633616118, 16.641683901014407 ], [ -98.967266078798559, 16.641391115983236 ], [ -98.96760255232941, 16.641237491117145 ], [ -98.967943528694605, 16.641069402617333 ], [ -98.968175349290874, 16.640942880213892 ], [ -98.968529834592388, 16.640731401471978 ], [ -98.968731273834891, 16.640599449915097 ], [ -98.96898110646039, 16.640415074190575 ], [ -98.969196054834825, 16.640239732850386 ], [ -98.969591066718223, 16.639898084247317 ], [ -98.9698003903424, 16.639706469691017 ], [ -98.970033349888695, 16.639473274957002 ], [ -98.970212292215123, 16.639276231668642 ], [ -98.970516159271668, 16.638918296410022 ], [ -98.970708609910403, 16.638677863247377 ], [ -98.970982094834909, 16.638314499074259 ], [ -98.971245451989518, 16.637949325150686 ], [ -98.971762036600339, 16.637217166907341 ], [ -98.972017139818547, 16.636847651702876 ], [ -98.972265866830469, 16.636471265019551 ], [ -98.972425309073259, 16.636213469244041 ], [ -98.972654908806646, 16.635816468629248 ], [ -98.972776088587878, 16.635589041479616 ], [ -98.9729100285643, 16.635303760762646 ], [ -98.97301208209565, 16.635055720066383 ], [ -98.973184302430653, 16.634596878648253 ], [ -98.973267226346309, 16.634352089689866 ], [ -98.973343778159219, 16.634076564318477 ], [ -98.973388440687387, 16.633862144344565 ], [ -98.973445876458442, 16.633494409798654 ], [ -98.973471413239608, 16.633259376443782 ], [ -98.973490587913417, 16.632922010936017 ], [ -98.973497008953927, 16.632594768443017 ], [ -98.973497097444337, 16.631950406453708 ], [ -98.973488141339928, 16.631619907613306 ], [ -98.973461184602925, 16.631272773098061 ], [ -98.973425212862082, 16.631024714412099 ], [ -98.973344254533771, 16.630627672848625 ], [ -98.973281277263411, 16.630390458501399 ], [ -98.973194281371235, 16.630136979306723 ], [ -98.973548583774004, 16.630544290693106 ], [ -98.974673663418372, 16.63111397940061 ], [ -98.976998876247137, 16.632072539787615 ], [ -98.978311531898257, 16.632398140377184 ], [ -98.980327485082441, 16.632145220252713 ], [ -98.982240342856755, 16.631376970290621 ], [ -98.983740655842311, 16.630292255903118 ], [ -98.985062865850665, 16.628448125848813 ], [ -98.985841209460872, 16.626938441917343 ], [ -98.987200980480338, 16.623693042278909 ], [ -98.987829248495956, 16.622553995610573 ], [ -98.990182783301321, 16.619362877754483 ], [ -98.991307941455986, 16.618043037653205 ], [ -98.993155029349978, 16.616207917909282 ], [ -98.996211535916615, 16.613929833779636 ], [ -98.997664776644044, 16.6117330483806 ], [ -98.997758564368169, 16.609698962804814 ], [ -98.997573175225881, 16.609206289582353 ], [ -98.998061685266364, 16.609311523913242 ], [ -98.998720967520086, 16.609435194732733 ], [ -98.999747019430316, 16.609601170921938 ], [ -99.000797824349178, 16.60975412450717 ], [ -99.001173474812092, 16.609805866092053 ], [ -99.002924190315994, 16.61004699794567 ], [ -99.003974249587628, 16.610173538996364 ], [ -99.004998057753411, 16.610260299854151 ], [ -99.005654344423235, 16.610278362820324 ], [ -99.006599395441739, 16.610245791358977 ], [ -99.007098170744968, 16.610187919624476 ], [ -99.007649445312779, 16.610046877770881 ], [ -99.008069460578866, 16.609869680025909 ], [ -99.008778230435894, 16.609479128000288 ], [ -99.009068346766441, 16.609273152248477 ], [ -99.009119486415443, 16.609236844216003 ], [ -99.00943448567655, 16.608900546183573 ], [ -99.009618228666227, 16.608582333562008 ], [ -99.009713187433206, 16.608333775814053 ], [ -99.009854458097905, 16.607963993851904 ], [ -99.009958015749646, 16.60753239428897 ], [ -99.009958049212258, 16.607540346107779 ], [ -99.010010032411316, 16.619892414571769 ], [ -99.010016431412652, 16.621412805420132 ], [ -99.010017472393585, 16.621660138114464 ], [ -99.010018070420273, 16.621802226435332 ], [ -99.010018350568657, 16.621868788293913 ], [ -99.00984895828752, 16.621703746278701 ], [ -99.009844657041199, 16.621690158437669 ], [ -99.009801898578942, 16.621619649388684 ], [ -99.009761768041344, 16.621600486730689 ], [ -99.009684134862951, 16.621613507792553 ], [ -99.009629380379437, 16.621648585075576 ], [ -99.009542750059097, 16.621740795857523 ], [ -99.009453120603254, 16.621859403190747 ], [ -99.009270862279536, 16.622123014322181 ], [ -99.009180858260606, 16.622258978120765 ], [ -99.009093104771836, 16.622403258469955 ], [ -99.009036853028817, 16.622507761939595 ], [ -99.0089558512813, 16.622676992002475 ], [ -99.008913100902632, 16.622779325282238 ], [ -99.00886585156384, 16.622917095073127 ], [ -99.008829853042812, 16.623044378113136 ], [ -99.00876910676115, 16.623288457434992 ], [ -99.008739859282329, 16.62342333366848 ], [ -99.008712863199946, 16.623583883058711 ], [ -99.008697117223477, 16.623716589144653 ], [ -99.008676875373226, 16.623954158011308 ], [ -99.008667881316882, 16.624111813873593 ], [ -99.008661141020255, 16.624347212595023 ], [ -99.008658901256382, 16.624581887933083 ], [ -99.008658918300554, 16.624961944612654 ], [ -99.008658922272701, 16.625050515215456 ], [ -99.008660808014, 16.625284467175433 ], [ -99.008666444230272, 16.625517695783472 ], [ -99.008673952188687, 16.625672458172385 ], [ -99.008690839865508, 16.625903516730332 ], [ -99.008703972405826, 16.626031159245738 ], [ -99.008726482346546, 16.626183028235236 ], [ -99.008750866385569, 16.626308500700745 ], [ -99.008801508616884, 16.626533049099379 ], [ -99.008831518089679, 16.626648758246017 ], [ -99.008870904231543, 16.626771337292823 ], [ -99.008906538325846, 16.626859926556552 ], [ -99.008974054500399, 16.627003115290904 ], [ -99.009020940183376, 16.627089534476227 ], [ -99.009094081049653, 16.627205603295778 ], [ -99.009169096843422, 16.627312632129502 ], [ -99.009321003514927, 16.62751764975232 ], [ -99.009396393765343, 16.627607321922468 ], [ -99.009470657662774, 16.627671320869002 ], [ -99.009519040525504, 16.627688313623224 ], [ -99.009550253213547, 16.627682580220444 ], [ -99.009589925177082, 16.627675292941237 ], [ -99.009628179091095, 16.627642386023908 ], [ -99.009672056162046, 16.627556685963413 ], [ -99.009706930678263, 16.627446759446698 ], [ -99.009767677079665, 16.627202679948088 ], [ -99.009798048690399, 16.627050447003661 ], [ -99.009819823446435, 16.626897995147495 ], [ -99.009828417179023, 16.626837827678791 ], [ -99.009848659720433, 16.626635695082363 ], [ -99.009879018818282, 16.62624191661094 ], [ -99.009888796885619, 16.626080049526308 ], [ -99.010033286976437, 16.625417532488314 ], [ -99.010050922593777, 16.629607401236782 ], [ -99.010089346912906, 16.638735568568428 ], [ -99.01020609646676, 16.666465132259233 ], [ -99.010351639342289, 16.70102141557151 ], [ -99.010360070993471, 16.703022933523336 ], [ -99.010363521665766, 16.703842046268768 ], [ -99.010018773133154, 16.703903708218089 ], [ -99.00990300252991, 16.70610205037806 ] ] ], [ [ [ -98.971409489968323, 16.626942039704684 ], [ -98.971049514030767, 16.626442265513582 ], [ -98.970320565985645, 16.625446329861077 ], [ -98.969959845891623, 16.624944384040855 ], [ -98.969606629886869, 16.624434483578717 ], [ -98.969378655796788, 16.624086595605053 ], [ -98.969047949506276, 16.623552832194026 ], [ -98.968871726777564, 16.623248342758952 ], [ -98.968673764182526, 16.622868638097838 ], [ -98.968520049226299, 16.622540286458445 ], [ -98.968256867532361, 16.621934936091652 ], [ -98.968127905764661, 16.62161309662909 ], [ -98.968004201364295, 16.621252928795212 ], [ -98.967926988965758, 16.620974488577421 ], [ -98.967819056216314, 16.620499335763622 ], [ -98.967764350763105, 16.620197033665107 ], [ -98.96770816696656, 16.619765280212846 ], [ -98.967669232755767, 16.619347993223577 ], [ -98.967608614092498, 16.618527885675508 ], [ -98.967574554289484, 16.61811963926225 ], [ -98.967532993319935, 16.617715007608997 ], [ -98.967497784803555, 16.617448867940489 ], [ -98.967433720282116, 16.617055080581267 ], [ -98.967390627716014, 16.616839924587929 ], [ -98.967325414478893, 16.616588243972451 ], [ -98.96725981835074, 16.61638393226432 ], [ -98.96712824341779, 16.616022677709587 ], [ -98.967052518326852, 16.615838975260441 ], [ -98.966956917784756, 16.615649122499637 ], [ -98.966873308615703, 16.615516403677148 ], [ -98.966718081748539, 16.615308099922213 ], [ -98.966611969208415, 16.615186225248038 ], [ -98.966448858409279, 16.615028904973535 ], [ -98.966283119703107, 16.614888579127577 ], [ -98.965949014814782, 16.6146249215894 ], [ -98.965773524532651, 16.61449327202525 ], [ -98.965581158140836, 16.614361981112911 ], [ -98.965436037683375, 16.614274812527889 ], [ -98.965193042747032, 16.614144597614576 ], [ -98.965041169377287, 16.614072614630288 ], [ -98.964828544111782, 16.613986880635562 ], [ -98.964626042067579, 16.613915973559646 ], [ -98.964231161421338, 16.613788985971329 ], [ -98.964009532402713, 16.613723498933304 ], [ -98.96373952577602, 16.613654025674148 ], [ -98.963511143725142, 16.613603723935324 ], [ -98.963096004303708, 16.61352229165913 ], [ -98.962816993749769, 16.613473064948078 ], [ -98.96239510146907, 16.613406817073059 ], [ -98.961970958323846, 16.613345630266387 ], [ -98.961120421668454, 16.613228315972332 ], [ -98.960698528010724, 16.613174358899489 ], [ -98.960283383128143, 16.613129803742197 ], [ -98.960013368504221, 16.613109502623917 ], [ -98.959618469431859, 16.613093154478928 ], [ -98.959405829581527, 16.613093474652139 ], [ -98.959162809028527, 16.613110783627384 ], [ -98.958970414578943, 16.613139311777633 ], [ -98.958636251655093, 16.61320758708386 ], [ -98.958469730351851, 16.613252391712905 ], [ -98.958304329447259, 16.61331853056442 ], [ -98.958195182578663, 16.613383957415294 ], [ -98.958033142807295, 16.613514099118945 ], [ -98.95794424105523, 16.613607734367431 ], [ -98.957839575606855, 16.613758498458044 ], [ -98.957754034902067, 16.613916136694833 ], [ -98.957602078006516, 16.614238287269945 ], [ -98.95753078496034, 16.614409668938315 ], [ -98.957468862973556, 16.614601663434968 ], [ -98.957436952770379, 16.614750272610692 ], [ -98.957403144170186, 16.61500410564814 ], [ -98.957393732781142, 16.615165736855303 ], [ -98.957399307282472, 16.615396797443776 ], [ -98.957418009553976, 16.615620267214677 ], [ -98.957468542010361, 16.61605961592219 ], [ -98.957504115386584, 16.61630803920227 ], [ -98.957560303025105, 16.616613960339357 ], [ -98.95761837576562, 16.616875405612582 ], [ -98.957736406618665, 16.617353820252575 ], [ -98.95782259392864, 16.617677103963143 ], [ -98.957963125092405, 16.618168540435594 ], [ -98.958111156764517, 16.618664317446655 ], [ -98.958414722221562, 16.619660211730668 ], [ -98.958563881074099, 16.620157073364105 ], [ -98.958707790584867, 16.6206517642539 ], [ -98.958798480550428, 16.620979387500682 ], [ -98.958926640876797, 16.621467566365244 ], [ -98.958992591197841, 16.621736606194897 ], [ -98.959062281557109, 16.622055546864583 ], [ -98.959112481797078, 16.622318074824946 ], [ -98.959193392265078, 16.622786718023615 ], [ -98.959230095817844, 16.623027547579301 ], [ -98.959259295798731, 16.623281393075445 ], [ -98.959271258825851, 16.623463639353091 ], [ -98.959277947888481, 16.623756532691012 ], [ -98.959274160355591, 16.62393226716042 ], [ -98.959256108651772, 16.624166577231726 ], [ -98.959229809970196, 16.624381359543943 ], [ -98.959168965485375, 16.624791396390872 ], [ -98.959133292150781, 16.624997860148511 ], [ -98.959087116738402, 16.625207214587725 ], [ -98.95904583106487, 16.625349674895528 ], [ -98.958968149406473, 16.625567701366851 ], [ -98.958914490823631, 16.625691717852597 ], [ -98.958831196762048, 16.625845740837214 ], [ -98.958746031870447, 16.625978429308716 ], [ -98.958573831055503, 16.626222471662953 ], [ -98.958474039500089, 16.626351902744574 ], [ -98.958346865812587, 16.62649615368133 ], [ -98.958234701226075, 16.626607140817875 ], [ -98.958025381008056, 16.626795851200736 ], [ -98.957881709727928, 16.626915510052132 ], [ -98.957660016117771, 16.627085776206805 ], [ -98.957434197883117, 16.627249894161576 ], [ -98.956978436036763, 16.62757198135569 ], [ -98.956745867132497, 16.627729588444456 ], [ -98.956503923027569, 16.627880323002508 ], [ -98.956333251928228, 16.627973940274934 ], [ -98.956063182744501, 16.628104057488329 ], [ -98.955903769338235, 16.628169472382378 ], [ -98.955695598450674, 16.628235599947338 ], [ -98.955508060394607, 16.628280397624156 ], [ -98.955153617042555, 16.628348662825314 ], [ -98.954960456712442, 16.628377187021428 ], [ -98.95473541921379, 16.628394494649978 ], [ -98.954553517091327, 16.628394816517886 ], [ -98.954232848286082, 16.628378474325675 ], [ -98.95402282190966, 16.628358178619109 ], [ -98.953713411644529, 16.628313633714434 ], [ -98.95340775434758, 16.628259687723286 ], [ -98.952800193121192, 16.628142393777164 ], [ -98.952490788472517, 16.628077597737715 ], [ -98.952170135429199, 16.628000504420086 ], [ -98.951945118291135, 16.627936811770432 ], [ -98.951590720028662, 16.627822827065817 ], [ -98.951382583747957, 16.627747205108385 ], [ -98.951112573099394, 16.627634324109714 ], [ -98.950870691727658, 16.627521811010581 ], [ -98.950415058758381, 16.627297152278391 ], [ -98.950167556617131, 16.627168365244749 ], [ -98.949880682775103, 16.627006663278781 ], [ -98.949650061850974, 16.626865947066655 ], [ -98.949245073329067, 16.626605500132392 ], [ -98.948980708418588, 16.626427892240009 ], [ -98.948592602210496, 16.626155515539722 ], [ -98.948210123927979, 16.625879161968609 ], [ -98.947450797479391, 16.62532247657948 ], [ -98.947073573966051, 16.625043229471228 ], [ -98.946701227676272, 16.624762174949808 ], [ -98.946457873548084, 16.624572998177495 ], [ -98.946100157438167, 16.62428652241606 ], [ -98.945906302847717, 16.62412556224179 ], [ -98.945682454781917, 16.623929157731908 ], [ -98.945503229251145, 16.623762777077218 ], [ -98.945189401076988, 16.623460039465439 ], [ -98.945031551854555, 16.62330125753364 ], [ -98.944871831896762, 16.623127649586806 ], [ -98.944763481099031, 16.622997084991642 ], [ -98.944598148720942, 16.622778999146213 ], [ -98.944504426598868, 16.622643014387503 ], [ -98.944388592513604, 16.622453146001916 ], [ -98.944289257869642, 16.622272683446187 ], [ -98.944107088312549, 16.621921164096442 ], [ -98.944014882217957, 16.621733109822632 ], [ -98.943920433188381, 16.621520466432894 ], [ -98.943855224179984, 16.621354115073952 ], [ -98.94375404624536, 16.621067704380465 ], [ -98.943695593332507, 16.620883998228269 ], [ -98.943621412464168, 16.620619290480928 ], [ -98.943556230646109, 16.620361817048671 ], [ -98.943434866348014, 16.619854104458497 ], [ -98.943369693939474, 16.619566256959097 ], [ -98.943295540770109, 16.619210427088351 ], [ -98.943237124555168, 16.61890522480558 ], [ -98.943136029286123, 16.618345447801531 ], [ -98.943070884680466, 16.61796647818262 ], [ -98.942976546117421, 16.617389346332875 ], [ -98.942884460022157, 16.616806429504894 ], [ -98.942702541382943, 16.615634810729894 ], [ -98.942613457601212, 16.615050448134731 ], [ -98.942528123778359, 16.614468979269827 ], [ -98.942474984262802, 16.614084227123882 ], [ -98.942400899489485, 16.613511439557179 ], [ -98.942363490868104, 16.613196118020721 ], [ -98.94232534958482, 16.612822941002463 ], [ -98.94229918936955, 16.612516300844902 ], [ -98.942258850059133, 16.611969557379865 ], [ -98.942241682835132, 16.61168895455959 ], [ -98.942230520346556, 16.611393889581777 ], [ -98.942229083386025, 16.611182717442667 ], [ -98.94223593495397, 16.610844266001514 ], [ -98.942245746031602, 16.61064177526794 ], [ -98.942268327671158, 16.610372754509505 ], [ -98.942296152619008, 16.610126877308126 ], [ -98.942357045666327, 16.609658266442246 ], [ -98.942383742428419, 16.609422151977604 ], [ -98.942402939834338, 16.609182419471168 ], [ -98.942408238794215, 16.609018979763412 ], [ -98.942404938305273, 16.608768393147532 ], [ -98.942395605435266, 16.608625560325116 ], [ -98.942370907339168, 16.608447648473899 ], [ -98.942339076745114, 16.608293961540568 ], [ -98.94226828316647, 16.608010812574907 ], [ -98.942224076230701, 16.607860376540895 ], [ -98.942162248936057, 16.607692217411454 ], [ -98.942103410389052, 16.607562388224402 ], [ -98.941988722145908, 16.607341059761769 ], [ -98.94190738620928, 16.607200376369438 ], [ -98.941778066646677, 16.60699965464422 ], [ -98.941643870099441, 16.606805801783018 ], [ -98.941370600558599, 16.606424964733844 ], [ -98.941221404092488, 16.606231830552595 ], [ -98.9410470837567, 16.606033265205294 ], [ -98.940905746252767, 16.605895457150975 ], [ -98.940656054208304, 16.605680598232855 ], [ -98.94049221255608, 16.605555800913113 ], [ -98.940250379540089, 16.605396267885375 ], [ -98.940011166276165, 16.605255176708706 ], [ -98.939535360101104, 16.60499143566723 ], [ -98.939263522337328, 16.604849249351712 ], [ -98.938923814736356, 16.604686431803653 ], [ -98.938629473160162, 16.60455725549031 ], [ -98.938086156494904, 16.604332543521963 ], [ -98.937716444518074, 16.604187071655289 ], [ -98.93715062523728, 16.603975367943946 ], [ -98.936577305620673, 16.603767999553224 ], [ -98.935423168502624, 16.603357594848955 ], [ -98.934841976350441, 16.603153473589586 ], [ -98.934252534556165, 16.602951517671926 ], [ -98.933851323173783, 16.602819046415362 ], [ -98.933237130828275, 16.602623588468063 ], [ -98.932887662526682, 16.60251716684774 ], [ -98.932453449508216, 16.602393360538809 ], [ -98.93207922944768, 16.602293438242114 ], [ -98.931390782752601, 16.602117476746766 ], [ -98.931025560017986, 16.602028403394165 ], [ -98.930618337926461, 16.601937145818813 ], [ -98.930304857069032, 16.601874123347475 ], [ -98.929771636693189, 16.601776313129303 ], [ -98.929433403752213, 16.601719789707968 ], [ -98.928951925183213, 16.601648029830255 ], [ -98.928487693928204, 16.601584953066748 ], [ -98.927576479240003, 16.601467480736833 ], [ -98.927112999976558, 16.601401508403097 ], [ -98.926633776394127, 16.601321065655863 ], [ -98.926298549621094, 16.601252967137988 ], [ -98.925772093068701, 16.601129114179528 ], [ -98.925463872970695, 16.601045836935132 ], [ -98.925065669123796, 16.600919858540163 ], [ -98.924710216304177, 16.600793171672294 ], [ -98.924042062520229, 16.60053908854124 ], [ -98.923679868762179, 16.600392871282779 ], [ -98.923261440630554, 16.600208303507568 ], [ -98.922926254178222, 16.600046907879477 ], [ -98.922339123634885, 16.599747288226013 ], [ -98.921956706317886, 16.599542481906866 ], [ -98.921396584912429, 16.599227682701695 ], [ -98.92084546736578, 16.598907823072029 ], [ -98.91975223978335, 16.598263040558745 ], [ -98.919202252102878, 16.597944623386208 ], [ -98.918645512967814, 16.597634157223499 ], [ -98.918267601261618, 16.597435131406737 ], [ -98.917690605227151, 16.597148520046304 ], [ -98.917363299315923, 16.596997243245564 ], [ -98.916958376941764, 16.596830024745778 ], [ -98.916610812186576, 16.596702603994611 ], [ -98.915973040777288, 16.596487559463849 ], [ -98.915635591703293, 16.59638400649202 ], [ -98.915261015188548, 16.596288392960364 ], [ -98.914974169914174, 16.596232590167467 ], [ -98.914488210601093, 16.596160795013482 ], [ -98.914181105545993, 16.596128848121079 ], [ -98.913745749524779, 16.596104802746755 ], [ -98.913327261159779, 16.596096673704317 ], [ -98.912507152023679, 16.59609633040305 ], [ -98.912106680480065, 16.596050600522123 ], [ -98.911725375334143, 16.595913755870555 ], [ -98.911490338501494, 16.595731411735098 ], [ -98.911166533701945, 16.595321224103358 ], [ -98.911109226601724, 16.595207484611613 ], [ -98.91100580918966, 16.595002227922947 ], [ -98.910847440129999, 16.594455427259195 ], [ -98.910744216285494, 16.593863089039637 ], [ -98.910592914475671, 16.592632874977408 ], [ -98.910533628785032, 16.591903872182691 ], [ -98.910507072425688, 16.590947077964731 ], [ -98.910522097047647, 16.590081423723177 ], [ -98.910593726256366, 16.588441255083968 ], [ -98.910434057973433, 16.586429552095314 ], [ -98.912415536900966, 16.567553219754249 ], [ -98.912911904603448, 16.562824030768482 ], [ -98.913037806909983, 16.561624446826876 ], [ -98.913556146348469, 16.562767854168332 ], [ -98.913655648539958, 16.563540844867042 ], [ -98.91382215818787, 16.564292312145945 ], [ -98.914196148223823, 16.565571434590233 ], [ -98.914431331794518, 16.566193839455838 ], [ -98.914762890543003, 16.566781931777392 ], [ -98.915080304621767, 16.567139680625168 ], [ -98.915700988846183, 16.567624833976396 ], [ -98.916142188731499, 16.567860049931795 ], [ -98.91684510316243, 16.568080544105722 ], [ -98.917575427276503, 16.568212817142175 ], [ -98.91906348595343, 16.568389136577402 ], [ -98.919804327396392, 16.568481991843459 ], [ -98.920538791734458, 16.568584243561443 ], [ -98.921022057257417, 16.568661809035127 ], [ -98.921737389612957, 16.568792253827038 ], [ -98.922128419138204, 16.568874121228401 ], [ -98.922586175074628, 16.568989279606491 ], [ -98.922958072183391, 16.569099342891224 ], [ -98.923616008186727, 16.569314373653071 ], [ -98.92395078307635, 16.569435269456076 ], [ -98.924297171116194, 16.569582927103479 ], [ -98.924539709541904, 16.569708127583528 ], [ -98.924920937025149, 16.569936071294222 ], [ -98.925144343337465, 16.570089468721161 ], [ -98.925433334654173, 16.570321717488405 ], [ -98.925691580751419, 16.570555401274259 ], [ -98.925899152484533, 16.57075573200223 ], [ -98.926177328831386, 16.571024203370587 ], [ -98.926425453254168, 16.571257882650379 ], [ -98.926684077288925, 16.571490118940403 ], [ -98.926866992676992, 16.57164350025333 ], [ -98.927157114848441, 16.571871407847038 ], [ -98.927328793163923, 16.571996580277577 ], [ -98.927553705712342, 16.572144190084021 ], [ -98.927756881669723, 16.57226503395237 ], [ -98.928141497334863, 16.572479955439203 ], [ -98.92835142707743, 16.572589953155052 ], [ -98.928596600264527, 16.572705025097484 ], [ -98.928795292443994, 16.572786813970176 ], [ -98.929146195916559, 16.572917108444319 ], [ -98.929376385774205, 16.57299456831451 ], [ -98.929716051798522, 16.573096653475915 ], [ -98.930051972092201, 16.573189335311714 ], [ -98.930720067523438, 16.573365294599178 ], [ -98.931055990828554, 16.573452189270512 ], [ -98.93139566469759, 16.573536915055634 ], [ -98.931625864368883, 16.573591230255882 ], [ -98.931976789504617, 16.573669450046658 ], [ -98.932175498292011, 16.573710736871821 ], [ -98.932420699405796, 16.573756377758123 ], [ -98.932630659134006, 16.57379115905913 ], [ -98.933015337284331, 16.573849861794855 ], [ -98.933218550368679, 16.573878131593272 ], [ -98.933443511355193, 16.573904238564207 ], [ -98.933615233222369, 16.573919480429318 ], [ -98.933905437836572, 16.573939098946134 ], [ -98.934088410488357, 16.573947835250813 ], [ -98.934347123801857, 16.573954425703274 ], [ -98.934595339997728, 16.573956673377957 ], [ -98.935081275262675, 16.573956825407905 ], [ -98.935327993363387, 16.573954009388711 ], [ -98.935582212382968, 16.573945409850069 ], [ -98.935759192636638, 16.573933893418321 ], [ -98.936035914343876, 16.573907943623293 ], [ -98.936197149498611, 16.573887743662098 ], [ -98.936404133255238, 16.573853093681453 ], [ -98.93658787099821, 16.573815543644912 ], [ -98.936932100335923, 16.573737543273005 ], [ -98.93711809038318, 16.573691315128332 ], [ -98.937331831281938, 16.573630631299757 ], [ -98.937502076059616, 16.573575719751592 ], [ -98.937799069370953, 16.573471668798685 ], [ -98.937991816375316, 16.573399406923997 ], [ -98.93827306407141, 16.573286672281803 ], [ -98.938549063079094, 16.573171042935179 ], [ -98.939095811745077, 16.572936888828973 ], [ -98.939368060061256, 16.572821980486999 ], [ -98.939638057017433, 16.57271141029576 ], [ -98.939815803784299, 16.572642035150142 ], [ -98.940079047157454, 16.572544479916345 ], [ -98.940223042339312, 16.572494620935078 ], [ -98.940391784627693, 16.572442599356545 ], [ -98.940529026610676, 16.57240575571436 ], [ -98.940772010234141, 16.572347246268357 ], [ -98.940895750679815, 16.572321246447949 ], [ -98.941023988473617, 16.572301756569516 ], [ -98.941113977705939, 16.57229527328704 ], [ -98.941255707626368, 16.572295313306437 ], [ -98.941338943862931, 16.572301845506669 ], [ -98.941446922666572, 16.572321402114941 ], [ -98.941543651119076, 16.572347464252516 ], [ -98.94172585773218, 16.572406093988004 ], [ -98.94182183311284, 16.572443003689454 ], [ -98.94192755260589, 16.572495103128709 ], [ -98.942007776384088, 16.572545025836607 ], [ -98.942142728278398, 16.57264269449826 ], [ -98.942227445721969, 16.572712144595659 ], [ -98.942346646158413, 16.572822826238863 ], [ -98.942460596168516, 16.572937845524031 ], [ -98.942683246030626, 16.573172221621256 ], [ -98.94280843850494, 16.573308939612851 ], [ -98.94296136589162, 16.573484717575223 ], [ -98.943091052421025, 16.573640962849488 ], [ -98.9433271849134, 16.573933920603672 ], [ -98.943486104874296, 16.574135734768838 ], [ -98.943726732305919, 16.574448219502667 ], [ -98.943968858437032, 16.574767213095477 ], [ -98.944454611034516, 16.575411708554817 ], [ -98.944710235623376, 16.575738659989927 ], [ -98.944991355290043, 16.576075019353009 ], [ -98.945204263199983, 16.576308666936413 ], [ -98.945561867509966, 16.576673250166579 ], [ -98.945786031513734, 16.576885204288239 ], [ -98.946100918905941, 16.577156483517861 ], [ -98.946401567426861, 16.577396661290976 ], [ -98.946988626826226, 16.577845914590149 ], [ -98.947318523663569, 16.578088268052952 ], [ -98.947721153730029, 16.578366075731459 ], [ -98.948062306965056, 16.578586735037781 ], [ -98.94868313747719, 16.578970904561192 ], [ -98.94910077736003, 16.579219785529641 ], [ -98.949732866432072, 16.579582258867195 ], [ -98.950368709345369, 16.579937499242568 ], [ -98.951644153619611, 16.580640743090701 ], [ -98.952289753832545, 16.580990917494677 ], [ -98.952951105594963, 16.581338200678402 ], [ -98.953407757312561, 16.581566832383643 ], [ -98.95411636077425, 16.581905444108816 ], [ -98.95452577968571, 16.582090671358259 ], [ -98.955045432081434, 16.582307742126655 ], [ -98.955502100536236, 16.582484299334272 ], [ -98.956352454562037, 16.582796898737111 ], [ -98.956809129241151, 16.582956096443947 ], [ -98.957328798009314, 16.583121091613929 ], [ -98.957738237734503, 16.583236886014681 ], [ -98.958446888443319, 16.583419273303853 ], [ -98.958903577376873, 16.583526396522426 ], [ -98.959564993211188, 16.583665379096519 ], [ -98.960210664263457, 16.583789892701049 ], [ -98.961486263022053, 16.584024447131291 ], [ -98.962130436641033, 16.584148954504649 ], [ -98.962787357298936, 16.584287926022711 ], [ -98.963238051177427, 16.584395038659967 ], [ -98.963933212399567, 16.584577404887639 ], [ -98.964332159994783, 16.584693184498214 ], [ -98.964833841253579, 16.584858157843637 ], [ -98.965271029283244, 16.585017333685325 ], [ -98.966080913289105, 16.585329886567987 ], [ -98.966513600740782, 16.585506415692045 ], [ -98.967001778073779, 16.585723451520362 ], [ -98.967382719461924, 16.585908648938268 ], [ -98.968037367090886, 16.586247204751398 ], [ -98.968456550820093, 16.586475797636933 ], [ -98.969059454293657, 16.586823020688204 ], [ -98.969645110590633, 16.587173132241251 ], [ -98.970799180159077, 16.587876240730033 ], [ -98.971378093621468, 16.588223453663467 ], [ -98.971960760205633, 16.58856198717119 ], [ -98.972352956758073, 16.588778997451737 ], [ -98.972946879751078, 16.589091494744117 ], [ -98.9732805887963, 16.589256425785454 ], [ -98.973687792171035, 16.589438722218851 ], [ -98.974032755358238, 16.58957761853766 ], [ -98.974660442048361, 16.589812010329013 ], [ -98.974989660754233, 16.589924868206161 ], [ -98.975349629425395, 16.590029050895083 ], [ -98.975620358333487, 16.590089830968139 ], [ -98.97607257637209, 16.590167988258667 ], [ -98.976354558337576, 16.590202733735868 ], [ -98.976748286022371, 16.590228813035587 ], [ -98.977122516811221, 16.590237532825213 ], [ -98.977851481424167, 16.590237611688572 ], [ -98.978221962871146, 16.590242713138895 ], [ -98.978604442637263, 16.590257939860262 ], [ -98.978871427495918, 16.590278216532518 ], [ -98.979289902397255, 16.590323819735552 ], [ -98.979534386892979, 16.590359280361675 ], [ -98.979849365478898, 16.590420059280095 ], [ -98.980129845374137, 16.590485896778549 ], [ -98.980656306838583, 16.590622629784811 ], [ -98.980941285599457, 16.590703653651484 ], [ -98.981269760161709, 16.590809992787733 ], [ -98.9815322390224, 16.590906200861944 ], [ -98.981991201378278, 16.591088485618094 ], [ -98.982289676625911, 16.591215069934918 ], [ -98.982726140030223, 16.591412538193396 ], [ -98.98315510419603, 16.591615067274216 ], [ -98.98400553509984, 16.592025184544731 ], [ -98.984438251705356, 16.592229157643992 ], [ -98.984885968836053, 16.592430961352772 ], [ -98.985199447061404, 16.592563328111737 ], [ -98.985692164647304, 16.59275862454442 ], [ -98.985980896703282, 16.592864953490981 ], [ -98.986354374940291, 16.592988644230054 ], [ -98.986688106634389, 16.593088466407714 ], [ -98.987315823922245, 16.593264241385313 ], [ -98.987656307062764, 16.593353214533007 ], [ -98.988050038682843, 16.593444359765353 ], [ -98.988365774822881, 16.593507295400933 ], [ -98.988919251748442, 16.593604956590454 ], [ -98.989279987410939, 16.593661384498024 ], [ -98.989808717361257, 16.593733007117219 ], [ -98.990329198385496, 16.593795949700365 ], [ -98.991361912082482, 16.593913152308748 ], [ -98.991880144134001, 16.593976814110349 ], [ -98.992402126021489, 16.594050599451325 ], [ -98.992753863681841, 16.59410991377495 ], [ -98.993287094892779, 16.59421407136648 ], [ -98.993587084263524, 16.594282060913105 ], [ -98.993953821034154, 16.594381872441581 ], [ -98.994265059698961, 16.59448023541561 ], [ -98.994599493429405, 16.594595419919635 ], [ -98.995255741935864, 16.596744025371763 ], [ -98.996221306252991, 16.597837937865002 ], [ -98.99730876504438, 16.598326141310658 ], [ -98.998874347369394, 16.598380405323677 ], [ -98.999005591680131, 16.598597376143776 ], [ -98.99933945771933, 16.59873327095487 ], [ -98.999306785577971, 16.598754379312052 ], [ -98.999030035854688, 16.598944216122167 ], [ -98.998792660603442, 16.599115972991747 ], [ -98.99835728395837, 16.599441406423789 ], [ -98.998062531956009, 16.599667401391347 ], [ -98.997613652479771, 16.600019952822461 ], [ -98.997160271216487, 16.600381543110718 ], [ -98.996552881990695, 16.600869590547561 ], [ -98.996249003393459, 16.601113760501441 ], [ -98.995799741873171, 16.601483664565897 ], [ -98.995363228599686, 16.601861161445424 ], [ -98.995084968775586, 16.602120419330912 ], [ -98.994686702613691, 16.602520696209023 ], [ -98.994478192911814, 16.602750665768717 ], [ -98.994250930613404, 16.603040297917669 ], [ -98.99408066985859, 16.603293048661115 ], [ -98.993797149430108, 16.603761668641546 ], [ -98.993662888336971, 16.604012250520682 ], [ -98.993543626169497, 16.604295376398937 ], [ -98.993479117143835, 16.604516671038013 ], [ -98.99343445436439, 16.604745658534984 ], [ -98.993404852272036, 16.604897429100763 ], [ -98.993378593195018, 16.605141505441548 ], [ -98.993378137819178, 16.605176976507693 ], [ -98.993295217964302, 16.605231440312711 ], [ -98.99327584068547, 16.60512920788651 ], [ -98.993238085133882, 16.60497316284987 ], [ -98.99320497395874, 16.604836312971386 ], [ -98.993156603181845, 16.604680101989004 ], [ -98.99308235752477, 16.604504363958903 ], [ -98.993006985562602, 16.604367678212039 ], [ -98.992855115488652, 16.604133358943795 ], [ -98.992767367739646, 16.604018368430715 ], [ -98.992655994406178, 16.603907716196581 ], [ -98.992558119905482, 16.603838286312829 ], [ -98.992375869774648, 16.603740648829181 ], [ -98.992250994110151, 16.603690743984608 ], [ -98.992058617193877, 16.603638666922787 ], [ -98.991862864672811, 16.603601776576983 ], [ -98.991467984116539, 16.603543182220161 ], [ -98.991269231320189, 16.603515692684695 ], [ -98.991067853360846, 16.603491818805139 ], [ -98.990930976193596, 16.603479518621274 ], [ -98.990721722636891, 16.603466491938885 ], [ -98.990602845445238, 16.603462870642183 ], [ -98.99045546740598, 16.60346503350522 ], [ -98.990328714521056, 16.603472259566193 ], [ -98.990095833876453, 16.603491774781791 ], [ -98.989972455690889, 16.603505509511848 ], [ -98.989835201789532, 16.60352719859991 ], [ -98.989729823467286, 16.60354961236575 ], [ -98.989550942366293, 16.603595164532905 ], [ -98.989437688218558, 16.603628425630443 ], [ -98.989276806872354, 16.603682656775458 ], [ -98.989121925401065, 16.603739780876477 ], [ -98.988818162148249, 16.603856921820871 ], [ -98.988666280277911, 16.603917300105334 ], [ -98.988514398097962, 16.603981294236913 ], [ -98.988413143038784, 16.604027572887858 ], [ -98.988261260029873, 16.604102414709015 ], [ -98.988176880308544, 16.604147609408749 ], [ -98.988075624189463, 16.604208351728012 ], [ -98.987991243704727, 16.604264394226966 ], [ -98.987839358299567, 16.604371779362936 ], [ -98.987760602608972, 16.604431076458685 ], [ -98.987676221013757, 16.60450158266157 ], [ -98.987614340721166, 16.604559795913111 ], [ -98.987513081406917, 16.6046639294544 ], [ -98.987451200309124, 16.60473299053097 ], [ -98.987366816342686, 16.604836040229472 ], [ -98.987288057464838, 16.604938728640811 ], [ -98.987136164642934, 16.605143744123055 ], [ -98.987061905551371, 16.605247879107079 ], [ -98.986991021260863, 16.605355268636849 ], [ -98.986947139905084, 16.605430116216663 ], [ -98.986886380131651, 16.605547269430481 ], [ -98.986855999553484, 16.60561560911648 ], [ -98.986825617623111, 16.605703474969921 ], [ -98.986805361654746, 16.605781578374863 ], [ -98.9867749756677, 16.605928022735359 ], [ -98.986762594841167, 16.606007211422504 ], [ -98.986755838375103, 16.606098333127111 ], [ -98.986756958433645, 16.60617101394832 ], [ -98.986767075088451, 16.606297934706646 ], [ -98.986778319838152, 16.606380379256063 ], [ -98.986801937443246, 16.606500792144626 ], [ -98.986830055388509, 16.60661903573973 ], [ -98.986890791697675, 16.606853353623897 ], [ -98.986925659956214, 16.606972320819128 ], [ -98.986969528361769, 16.607094904528822 ], [ -98.987007774105166, 16.607180243515991 ], [ -98.987078642957925, 16.607313676757691 ], [ -98.987127014705919, 16.607391422840006 ], [ -98.987201261083058, 16.607491227844147 ], [ -98.987276633321116, 16.60757982342243 ], [ -98.987428503780905, 16.607745805095806 ], [ -98.98751625167823, 16.607835486120287 ], [ -98.987627624815744, 16.607938547555548 ], [ -98.987725498815664, 16.608020635582701 ], [ -98.987907747778749, 16.608163838161623 ], [ -98.98803262254512, 16.608256775482246 ], [ -98.988224997881062, 16.608392384853182 ], [ -98.988420748794226, 16.608525463062708 ], [ -98.988815626736027, 16.608789087936067 ], [ -98.989015128843818, 16.608918549826317 ], [ -98.989218756682419, 16.609043310993936 ], [ -98.989358634182651, 16.609121784461639 ], [ -98.989574638834384, 16.609232443680675 ], [ -98.989698766982627, 16.609289220387986 ], [ -98.98985514667514, 16.6093488913626 ], [ -98.989991651337604, 16.609391566267334 ], [ -98.990244785687565, 16.609459919879793 ], [ -98.99038016605104, 16.609490661819574 ], [ -98.990533172697226, 16.609514534157075 ], [ -98.990652803385245, 16.609523579461971 ], [ -98.990858688782595, 16.609526842978319 ], [ -98.990990695785982, 16.609521786402009 ], [ -98.991180831369988, 16.609503353176692 ], [ -98.991365716972879, 16.609477687646248 ], [ -98.991730238074581, 16.609419123969815 ], [ -98.99191137350094, 16.609389480252315 ], [ -98.992090258788011, 16.609359113099941 ], [ -98.992207265530851, 16.609338144970454 ], [ -98.992379400471123, 16.609305607741938 ], [ -98.992472780884071, 16.609286808169443 ], [ -98.99258078720348, 16.609262946738113 ], [ -98.992667417322366, 16.609241977263071 ], [ -98.992819301336496, 16.609202930232609 ], [ -98.992895805901568, 16.609181960312256 ], [ -98.99297343561075, 16.609158097636357 ], [ -98.993026313899406, 16.609139296441999 ], [ -98.993107319050736, 16.609106755533041 ], [ -98.993153447058404, 16.609085784508274 ], [ -98.993210825936259, 16.609055412353406 ], [ -98.993260329387539, 16.609025763118801 ], [ -98.993351460838682, 16.608967187553581 ], [ -98.993395714239725, 16.608930306204911 ], [ -98.993437343013568, 16.608878237745238 ], [ -98.993462470905385, 16.608828338332817 ], [ -98.993496225799205, 16.608730708556681 ], [ -98.993512353889983, 16.608661282688576 ], [ -98.993526983280049, 16.608550634863214 ], [ -98.993535237507459, 16.608435647689131 ], [ -98.993545370794337, 16.608201333989868 ], [ -98.993548000473552, 16.608064650894157 ], [ -98.993545756243392, 16.607888915308134 ], [ -98.993539386191813, 16.607732705759922 ], [ -98.993522520298512, 16.607439812696882 ], [ -98.993514037918146, 16.607319655404297 ], [ -98.993508276498147, 16.607238041832595 ], [ -98.993482411011982, 16.606925622300778 ], [ -98.993459148315097, 16.606668596260626 ], [ -98.993459148315068, 16.606668596260388 ], [ -98.99347830020362, 16.606656337113417 ], [ -98.993509789766748, 16.606844625709119 ], [ -98.993617782738156, 16.607179828308936 ], [ -98.993741530380404, 16.607402213448829 ], [ -98.994004780688911, 16.607734166084132 ], [ -98.994202783506381, 16.607917500728764 ], [ -98.994533541545124, 16.608135551902734 ], [ -98.994886802351814, 16.608315635552188 ], [ -98.995615827856312, 16.60863783396977 ], [ -98.99604559452051, 16.608803815009562 ], [ -98.99628490096282, 16.608878880365054 ], [ -98.996558518836778, 16.6100153543976 ], [ -98.99629596329072, 16.611949991401556 ], [ -98.995817780616392, 16.613333159038419 ], [ -98.994683318678725, 16.614237166260597 ], [ -98.99378325940215, 16.614490267848627 ], [ -98.992123726585888, 16.615882422835899 ], [ -98.989385936214049, 16.617807889548491 ], [ -98.988485798480738, 16.618910763796656 ], [ -98.987041705513107, 16.622074804367458 ], [ -98.985269454771142, 16.624605983168784 ], [ -98.982878119389525, 16.629406226337387 ], [ -98.98112461747634, 16.630789242725342 ], [ -98.978874227671085, 16.631421841297584 ], [ -98.97781470736507, 16.631358443296019 ], [ -98.974280029690519, 16.62986635830962 ], [ -98.972761224677654, 16.628826515079872 ], [ -98.971448833525628, 16.626991137431666 ], [ -98.971435419031124, 16.626979228646093 ], [ -98.971409489968323, 16.626942039704684 ] ] ], [ [ [ -98.996113744825678, 16.595267111425095 ], [ -98.996370986222914, 16.595417540070919 ], [ -98.996730974526841, 16.595647521188052 ], [ -98.997073713976221, 16.595880394204478 ], [ -98.997741945608482, 16.596349031110506 ], [ -98.998075312679433, 16.596580455975012 ], [ -98.998407180617491, 16.596806094751113 ], [ -98.998626926401371, 16.596950734757581 ], [ -98.998954295768783, 16.597159016010863 ], [ -98.999134667988258, 16.597268942050228 ], [ -98.999348414988219, 16.597390439113902 ], [ -98.999524287739348, 16.597483008187083 ], [ -98.999838159151764, 16.597639218173029 ], [ -98.999999407505811, 16.597714430219025 ], [ -99.000169280898902, 16.597783856595537 ], [ -99.000291154807158, 16.597824355220254 ], [ -99.000291035018606, 16.597825436907225 ], [ -99.000254627009411, 16.598154199535696 ], [ -98.99936183994518, 16.597711420200582 ], [ -98.997008796775361, 16.597168964847256 ], [ -98.995996354897315, 16.596201620418615 ], [ -98.995870662701847, 16.595136456750907 ], [ -98.996113744825678, 16.595267111425095 ] ] ] ] } },
{ "type": "Feature", "properties": { "fid_2": 5.0, "cat": 6, "VULNERABIL": 3.0, "NOM_ACUIF": "COPALA", "CLAVE_ACUI": "1233" }, "geometry": { "type": "MultiPolygon", "coordinates": [ [ [ [ -98.99347830020362, 16.606656337113417 ], [ -98.993459148315068, 16.606668596260388 ], [ -98.993482411011982, 16.606925622300778 ], [ -98.993508276498147, 16.607238041832595 ], [ -98.993514037918146, 16.607319655404297 ], [ -98.993522520298512, 16.607439812696882 ], [ -98.993539386191813, 16.607732705759922 ], [ -98.993545756243392, 16.607888915308134 ], [ -98.993548000473552, 16.608064650894157 ], [ -98.993545370794337, 16.608201333989868 ], [ -98.993535237507459, 16.608435647689131 ], [ -98.993526983280049, 16.608550634863214 ], [ -98.993512353889983, 16.608661282688576 ], [ -98.993496225799205, 16.608730708556681 ], [ -98.993462470905385, 16.608828338332817 ], [ -98.993437343013568, 16.608878237745238 ], [ -98.993395714239725, 16.608930306204911 ], [ -98.993351460838682, 16.608967187553581 ], [ -98.993260329387539, 16.609025763118801 ], [ -98.993210825936259, 16.609055412353406 ], [ -98.993153447058404, 16.609085784508274 ], [ -98.993107319050736, 16.609106755533041 ], [ -98.993026313899406, 16.609139296441999 ], [ -98.99297343561075, 16.609158097636357 ], [ -98.992895805901568, 16.609181960312256 ], [ -98.992819301336496, 16.609202930232609 ], [ -98.992667417322366, 16.609241977263071 ], [ -98.99258078720348, 16.609262946738113 ], [ -98.992472780884071, 16.609286808169443 ], [ -98.992379400471123, 16.609305607741938 ], [ -98.992207265530851, 16.609338144970454 ], [ -98.992090258788011, 16.609359113099941 ], [ -98.99191137350094, 16.609389480252315 ], [ -98.991730238074581, 16.609419123969815 ], [ -98.991365716972879, 16.609477687646248 ], [ -98.991180831369988, 16.609503353176692 ], [ -98.990990695785982, 16.609521786402009 ], [ -98.990858688782595, 16.609526842978319 ], [ -98.990652803385245, 16.609523579461971 ], [ -98.990533172697226, 16.609514534157075 ], [ -98.99038016605104, 16.609490661819574 ], [ -98.990244785687565, 16.609459919879793 ], [ -98.989991651337604, 16.609391566267334 ], [ -98.98985514667514, 16.6093488913626 ], [ -98.989698766982627, 16.609289220387986 ], [ -98.989574638834384, 16.609232443680675 ], [ -98.989358634182651, 16.609121784461639 ], [ -98.989218756682419, 16.609043310993936 ], [ -98.989015128843818, 16.608918549826317 ], [ -98.988815626736027, 16.608789087936067 ], [ -98.988420748794226, 16.608525463062708 ], [ -98.988224997881062, 16.608392384853182 ], [ -98.98803262254512, 16.608256775482246 ], [ -98.987907747778749, 16.608163838161623 ], [ -98.987725498815664, 16.608020635582701 ], [ -98.987627624815744, 16.607938547555548 ], [ -98.98751625167823, 16.607835486120287 ], [ -98.987428503780905, 16.607745805095806 ], [ -98.987276633321116, 16.60757982342243 ], [ -98.987201261083058, 16.607491227844147 ], [ -98.987127014705919, 16.607391422840006 ], [ -98.987078642957925, 16.607313676757691 ], [ -98.987007774105166, 16.607180243515991 ], [ -98.986969528361769, 16.607094904528822 ], [ -98.986925659956214, 16.606972320819128 ], [ -98.986890791697675, 16.606853353623897 ], [ -98.986830055388509, 16.60661903573973 ], [ -98.986801937443246, 16.606500792144626 ], [ -98.986778319838152, 16.606380379256063 ], [ -98.986767075088451, 16.606297934706646 ], [ -98.986756958433645, 16.60617101394832 ], [ -98.986755838375103, 16.606098333127111 ], [ -98.986762594841167, 16.606007211422504 ], [ -98.9867749756677, 16.605928022735359 ], [ -98.986805361654746, 16.605781578374863 ], [ -98.986825617623111, 16.605703474969921 ], [ -98.986855999553484, 16.60561560911648 ], [ -98.986886380131651, 16.605547269430481 ], [ -98.986947139905084, 16.605430116216663 ], [ -98.986991021260863, 16.605355268636849 ], [ -98.987061905551371, 16.605247879107079 ], [ -98.987136164642934, 16.605143744123055 ], [ -98.987288057464838, 16.604938728640811 ], [ -98.987366816342686, 16.604836040229472 ], [ -98.987451200309124, 16.60473299053097 ], [ -98.987513081406917, 16.6046639294544 ], [ -98.987614340721166, 16.604559795913111 ], [ -98.987676221013757, 16.60450158266157 ], [ -98.987760602608972, 16.604431076458685 ], [ -98.987839358299567, 16.604371779362936 ], [ -98.987991243704727, 16.604264394226966 ], [ -98.988075624189463, 16.604208351728012 ], [ -98.988176880308544, 16.604147609408749 ], [ -98.988261260029873, 16.604102414709015 ], [ -98.988413143038784, 16.604027572887858 ], [ -98.988514398097962, 16.603981294236913 ], [ -98.988666280277911, 16.603917300105334 ], [ -98.988818162148249, 16.603856921820871 ], [ -98.989121925401065, 16.603739780876477 ], [ -98.989276806872354, 16.603682656775458 ], [ -98.989437688218558, 16.603628425630443 ], [ -98.989550942366293, 16.603595164532905 ], [ -98.989729823467286, 16.60354961236575 ], [ -98.989835201789532, 16.60352719859991 ], [ -98.989972455690889, 16.603505509511848 ], [ -98.990095833876453, 16.603491774781791 ], [ -98.990328714521056, 16.603472259566193 ], [ -98.99045546740598, 16.60346503350522 ], [ -98.990602845445238, 16.603462870642183 ], [ -98.990721722636891, 16.603466491938885 ], [ -98.990930976193596, 16.603479518621274 ], [ -98.991067853360846, 16.603491818805139 ], [ -98.991269231320189, 16.603515692684695 ], [ -98.991467984116539, 16.603543182220161 ], [ -98.991862864672811, 16.603601776576983 ], [ -98.992058617193877, 16.603638666922787 ], [ -98.992250994110151, 16.603690743984608 ], [ -98.992375869774648, 16.603740648829181 ], [ -98.992558119905482, 16.603838286312829 ], [ -98.992655994406178, 16.603907716196581 ], [ -98.992767367739646, 16.604018368430715 ], [ -98.992855115488652, 16.604133358943795 ], [ -98.993006985562602, 16.604367678212039 ], [ -98.99308235752477, 16.604504363958903 ], [ -98.993156603181845, 16.604680101989004 ], [ -98.99320497395874, 16.604836312971386 ], [ -98.993238085133882, 16.60497316284987 ], [ -98.99327584068547, 16.60512920788651 ], [ -98.993295217964302, 16.605231440312711 ], [ -98.993378137819178, 16.605176976507693 ], [ -98.99337408101988, 16.605492976420216 ], [ -98.993392819910952, 16.605834685040822 ], [ -98.993402191540994, 16.605938642757799 ], [ -98.993453549051935, 16.606508339891157 ], [ -98.993457783997272, 16.606533662371543 ], [ -98.9934598701184, 16.606546136145454 ], [ -98.993465523599113, 16.606579940617337 ], [ -98.993470722485554, 16.606611026873711 ], [ -98.99347830020362, 16.606656337113417 ] ] ] ] } },
{ "type": "Feature", "properties": { "fid_2": 4.0, "cat": 5, "VULNERABIL": 4.0, "NOM_ACUIF": "COPALA", "CLAVE_ACUI": "1233" }, "geometry": { "type": "MultiPolygon", "coordinates": [ [ [ [ -99.009957184021729, 16.607334747996493 ], [ -99.009957760635558, 16.607471770646175 ], [ -99.009958015749319, 16.607532394289112 ], [ -99.009854458097905, 16.607963993851904 ], [ -99.009713187433235, 16.608333775813811 ], [ -99.009618228666227, 16.608582333562005 ], [ -99.00943448567655, 16.608900546183573 ], [ -99.009119486415443, 16.609236844216003 ], [ -99.009068346766682, 16.609273152248125 ], [ -99.008778230435894, 16.609479128000292 ], [ -99.008069460578866, 16.609869680025909 ], [ -99.007649445312779, 16.610046877770877 ], [ -99.007098170744968, 16.610187919624472 ], [ -99.006599395441739, 16.610245791358977 ], [ -99.005654344423235, 16.610278362820324 ], [ -99.004998057753411, 16.610260299854154 ], [ -99.003974249587628, 16.61017353899636 ], [ -99.002924190315994, 16.610046997945666 ], [ -99.001173474812092, 16.609805866092053 ], [ -99.000797824349178, 16.60975412450717 ], [ -98.999747019430316, 16.609601170921938 ], [ -98.998720967520086, 16.609435194732733 ], [ -98.998061685266364, 16.609311523913242 ], [ -98.997573175225881, 16.609206289582357 ], [ -98.996952333097937, 16.607556376687036 ], [ -98.996933603632201, 16.606552893027093 ], [ -98.996502374841455, 16.605341471819781 ], [ -98.996380516916801, 16.604573035856877 ], [ -98.997299289202715, 16.603659974425593 ], [ -98.998264921185807, 16.603207969542552 ], [ -98.998864915684834, 16.603623834557929 ], [ -99.000608668139492, 16.60277404787001 ], [ -99.001236789276092, 16.601761523837013 ], [ -99.001555529411988, 16.599483343451304 ], [ -99.001283659021396, 16.598832435460299 ], [ -99.001002415786147, 16.598525062188191 ], [ -99.000254627009156, 16.598154199535575 ], [ -99.000291035018606, 16.597825436907225 ], [ -99.000291154807158, 16.597824355220254 ], [ -99.000486903127808, 16.597876424687694 ], [ -99.000604277146124, 16.597899566527985 ], [ -99.000760650828909, 16.59791692262603 ], [ -99.000903899599606, 16.597922707589895 ], [ -99.001177272210199, 16.597922706222338 ], [ -99.0013115209902, 16.597915835094003 ], [ -99.001440894701261, 16.597895223262398 ], [ -99.001522268762145, 16.597867741381858 ], [ -99.00163701720318, 16.597805907583073 ], [ -99.001695891231336, 16.59775781483431 ], [ -99.001757764888495, 16.597675370416528 ], [ -99.001802013613002, 16.597586055807707 ], [ -99.001872886073912, 16.59740055639341 ], [ -99.001904759626711, 16.597290630894577 ], [ -99.00192950789021, 16.59714635382738 ], [ -99.001938881462124, 16.59701581755073 ], [ -99.001942253933208, 16.596768485787322 ], [ -99.001937002290404, 16.59659672768565 ], [ -99.001917874931991, 16.596328785142216 ], [ -99.001891247697174, 16.596053972332005 ], [ -99.001924624846154, 16.596331677848823 ], [ -99.001964001986806, 16.596608298507995 ], [ -99.001996253377811, 16.596791627426747 ], [ -99.002053630443214, 16.597064993518355 ], [ -99.002091506574672, 16.597215778710805 ], [ -99.002147757864961, 16.597394768199681 ], [ -99.002203633904898, 16.597542298815601 ], [ -99.002315010867449, 16.597805901142475 ], [ -99.00237876193944, 16.597941498947652 ], [ -99.002458638069285, 16.598084690058752 ], [ -99.002528013867973, 16.598187744103146 ], [ -99.002656265202148, 16.598353715092465 ], [ -99.002743641048866, 16.598453514467206 ], [ -99.002877517231227, 16.598586941597983 ], [ -99.003013268420645, 16.59870952073263 ], [ -99.003286646124963, 16.598943830821284 ], [ -99.003431022677901, 16.599059539218086 ], [ -99.003590774315072, 16.599172354480341 ], [ -99.003712650425413, 16.599244671544316 ], [ -99.003918527142844, 16.599348807420022 ], [ -99.004048278115761, 16.599403767529015 ], [ -99.004231654246055, 16.599464512008808 ], [ -99.004407530165309, 16.599510792645329 ], [ -99.004751781901234, 16.599588889802849 ], [ -99.004945657838007, 16.599626491267642 ], [ -99.005183033783894, 16.599661198704109 ], [ -99.00538478439708, 16.599681442954846 ], [ -99.005752660299819, 16.599707468017467 ], [ -99.006000535778526, 16.599719032085982 ], [ -99.006376286268335, 16.599727699210181 ], [ -99.006754661591131, 16.599730580034329 ], [ -99.007514037046576, 16.599730553986827 ], [ -99.007888285515335, 16.5996875102059 ], [ -99.008251655143468, 16.599558406334786 ], [ -99.00848302252561, 16.599386277327984 ], [ -99.008813754484507, 16.598998994243029 ], [ -99.008986614937228, 16.598697777355216 ], [ -99.009174464551194, 16.598181410006664 ], [ -99.00919034821959, 16.598118044591029 ], [ -99.009910945645373, 16.596346288449737 ], [ -99.009929660932073, 16.600794101889278 ], [ -99.009929666516967, 16.600795429146288 ], [ -99.009947133526182, 16.604946381957234 ], [ -99.009954678870528, 16.606739438303077 ], [ -99.009956630525437, 16.607203218724415 ], [ -99.009957184021729, 16.607334747996493 ] ] ], [ [ [ -98.99604559452051, 16.608803815009558 ], [ -98.995615827856312, 16.608637833969766 ], [ -98.994886802351814, 16.608315635552188 ], [ -98.994533541545124, 16.608135551902734 ], [ -98.994202783506381, 16.607917500728764 ], [ -98.994004780688911, 16.607734166084136 ], [ -98.993741530380404, 16.607402213448829 ], [ -98.993617782738156, 16.607179828308936 ], [ -98.993509789766748, 16.606844625709115 ], [ -98.993478300203691, 16.606656337113261 ], [ -98.99347072248591, 16.606611026873839 ], [ -98.993465523599525, 16.606579940617667 ], [ -98.993459870117974, 16.606546136145756 ], [ -98.993457783997187, 16.606533662371451 ], [ -98.993453549051935, 16.606508339891153 ], [ -98.993402191540696, 16.605938642758009 ], [ -98.993392819910952, 16.605834685040815 ], [ -98.99337408101988, 16.605492976420216 ], [ -98.993378137819548, 16.605176976507966 ], [ -98.993378593195033, 16.605141505441548 ], [ -98.993404852272036, 16.604897429100763 ], [ -98.993434454364731, 16.604745658535016 ], [ -98.993479117143835, 16.604516671038009 ], [ -98.993543626169497, 16.604295376398934 ], [ -98.993662888336971, 16.604012250520682 ], [ -98.993797149430108, 16.603761668641546 ], [ -98.99408066985859, 16.603293048661115 ], [ -98.994250930613404, 16.603040297917669 ], [ -98.994478192911814, 16.602750665768717 ], [ -98.994686702613691, 16.602520696209023 ], [ -98.995084968775586, 16.602120419330909 ], [ -98.995363228599686, 16.60186116144542 ], [ -98.995799741873171, 16.601483664565897 ], [ -98.996249003393459, 16.601113760501441 ], [ -98.996552881990965, 16.6008695905475 ], [ -98.997160271216487, 16.600381543110718 ], [ -98.997613652479771, 16.600019952822461 ], [ -98.998062531956009, 16.599667401391347 ], [ -98.99835728395837, 16.599441406423789 ], [ -98.998792660603442, 16.599115972991747 ], [ -98.999030035854688, 16.598944216122167 ], [ -98.999306785577971, 16.598754379312052 ], [ -98.99933945771933, 16.59873327095487 ], [ -99.000449303327187, 16.599185010554223 ], [ -99.000833668903624, 16.600360262694263 ], [ -99.00053367087024, 16.601680160014709 ], [ -98.999596175591932, 16.602276821997361 ], [ -98.998133687416697, 16.60211408013113 ], [ -98.99636182362876, 16.602186371615598 ], [ -98.995330554169072, 16.603099426018627 ], [ -98.995274285670007, 16.603732252013572 ], [ -98.995611720953676, 16.606082762878167 ], [ -98.99628490096282, 16.608878880365051 ], [ -98.99604559452051, 16.608803815009558 ] ] ] ] } },
{ "type": "Feature", "properties": { "fid_2": 7.0, "cat": 6, "VULNERABIL": 5.0, "NOM_ACUIF": "COPALA", "CLAVE_ACUI": "1233" }, "geometry": { "type": "MultiPolygon", "coordinates": [ [ [ [ -98.981143785090481, 16.562256823592811 ], [ -98.993445733476278, 16.566389445799061 ], [ -98.99966618292126, 16.568478751761116 ], [ -99.004273107213876, 16.570025962704285 ], [ -99.004696225538524, 16.570168058377227 ], [ -99.009808103798406, 16.571901298425782 ], [ -99.009810759914473, 16.572532727559938 ], [ -99.009909745858906, 16.596061143514333 ], [ -99.009929660932073, 16.600794101889278 ], [ -99.009910945645373, 16.596346288449737 ], [ -99.00919034821959, 16.598118044591029 ], [ -99.009174464551194, 16.598181410006664 ], [ -99.008986614937228, 16.598697777355216 ], [ -99.008813754484507, 16.598998994243029 ], [ -99.00848302252561, 16.599386277327984 ], [ -99.008251655143468, 16.599558406334786 ], [ -99.007888285515335, 16.5996875102059 ], [ -99.007514037046576, 16.599730553986827 ], [ -99.006754661591131, 16.599730580034329 ], [ -99.006376286268335, 16.599727699210181 ], [ -99.006000535778526, 16.599719032085982 ], [ -99.005752660299819, 16.599707468017467 ], [ -99.00538478439708, 16.599681442954846 ], [ -99.005183033783894, 16.599661198704109 ], [ -99.004945657838007, 16.599626491267642 ], [ -99.004751781901234, 16.599588889802849 ], [ -99.004407530165309, 16.599510792645329 ], [ -99.004231654246055, 16.599464512008808 ], [ -99.004048278115761, 16.599403767529015 ], [ -99.003918527142844, 16.599348807420022 ], [ -99.003712650425413, 16.599244671544316 ], [ -99.003590774315072, 16.599172354480341 ], [ -99.003431022677901, 16.599059539218086 ], [ -99.003286646124963, 16.598943830821284 ], [ -99.003013268420645, 16.59870952073263 ], [ -99.002877517231227, 16.598586941597983 ], [ -99.002743641048866, 16.598453514467206 ], [ -99.002656265202148, 16.598353715092465 ], [ -99.002528013867973, 16.598187744103146 ], [ -99.002458638069285, 16.598084690058752 ], [ -99.00237876193944, 16.597941498947652 ], [ -99.002315010867449, 16.597805901142475 ], [ -99.002203633904898, 16.597542298815601 ], [ -99.002147757864961, 16.597394768199681 ], [ -99.002091506574672, 16.597215778710805 ], [ -99.002053630443214, 16.597064993518355 ], [ -99.001996253377811, 16.596791627426747 ], [ -99.001964001986806, 16.596608298507995 ], [ -99.001924624846154, 16.596331677848823 ], [ -99.001891247697174, 16.596053972332005 ], [ -99.001917874931991, 16.596328785142216 ], [ -99.001937002290404, 16.59659672768565 ], [ -99.001942253933208, 16.596768485787322 ], [ -99.001938881462124, 16.59701581755073 ], [ -99.00192950789021, 16.59714635382738 ], [ -99.001938881462124, 16.59701581755073 ], [ -99.001942253933208, 16.596768485787322 ], [ -99.001937002290404, 16.59659672768565 ], [ -99.001917874931991, 16.596328785142216 ], [ -99.001891247697174, 16.596053972332005 ], [ -99.001830493548951, 16.59549747641891 ], [ -99.001781741908516, 16.59520675353529 ], [ -99.001696241088354, 16.594891080799361 ], [ -99.001602491427121, 16.594655682434023 ], [ -99.001406743604434, 16.594265159971155 ], [ -99.001261246050206, 16.59402325304973 ], [ -99.001020501239495, 16.593688054687952 ], [ -99.000764757821386, 16.593371297499779 ], [ -99.000238274053416, 16.592756223577528 ], [ -98.999928535160379, 16.592412345668855 ], [ -98.999525801173746, 16.591995786246695 ], [ -98.999363293679593, 16.59183826740961 ], [ -98.99916431692229, 16.591645398317926 ], [ -98.999059718013427, 16.591548028371669 ], [ -98.998908758591284, 16.591407501678642 ], [ -98.998482599979639, 16.591010792969939 ], [ -98.998010875329243, 16.590585551733845 ], [ -98.997609443580245, 16.590234658876486 ], [ -98.99727741857977, 16.589944433138609 ], [ -98.996526717648678, 16.589301142054225 ], [ -98.996166692681129, 16.588995616515472 ], [ -98.996409044456982, 16.58748668097693 ], [ -98.997571509731785, 16.583969984158774 ], [ -98.998555844971989, 16.579169538872069 ], [ -98.998968319992045, 16.576556863101022 ], [ -98.998818349808602, 16.575752264479377 ], [ -98.998077843745733, 16.574902456246765 ], [ -98.996362486837711, 16.57429671736196 ], [ -98.995884442571736, 16.573971251167784 ], [ -98.99555638357154, 16.573401696489785 ], [ -98.995800109856845, 16.572868317907343 ], [ -98.997318616431144, 16.573022037165387 ], [ -98.997487336918354, 16.573184767608108 ], [ -98.998809006134636, 16.573058219603855 ], [ -98.999408913658854, 16.572814133609075 ], [ -99.00032752003797, 16.572163228176521 ], [ -98.998480945181001, 16.572090890975126 ], [ -98.996118837638463, 16.571738272999067 ], [ -98.994815918590263, 16.571991370397548 ], [ -98.993981667784396, 16.572316799242842 ], [ -98.993616080473473, 16.572877292720882 ], [ -98.993625436523132, 16.573338354460596 ], [ -98.993897255271364, 16.57371806147798 ], [ -98.995134541033721, 16.574504616236684 ], [ -98.996962370272072, 16.575553347891471 ], [ -98.997796612417687, 16.576303716896483 ], [ -98.998134052134532, 16.577180642173825 ], [ -98.997862187928575, 16.578816953518007 ], [ -98.997702830839714, 16.578961597718994 ], [ -98.996624753122859, 16.582957440566609 ], [ -98.996652865670626, 16.583382340468894 ], [ -98.994899791469649, 16.587586086946057 ], [ -98.994866206584348, 16.587891102208335 ], [ -98.994248771675004, 16.587363296487172 ], [ -98.993981053763832, 16.587131125157153 ], [ -98.993489466909722, 16.586704807003539 ], [ -98.992983266944151, 16.586256410945321 ], [ -98.992223971960001, 16.585569712252202 ], [ -98.991802144139413, 16.58517881025379 ], [ -98.991295953764606, 16.584692803991899 ], [ -98.990874131058732, 16.584273695552199 ], [ -98.990114855655065, 16.583502375447626 ], [ -98.989721160178703, 16.583093029067346 ], [ -98.989299346446529, 16.582636311330862 ], [ -98.988990018603431, 16.582284461714746 ], [ -98.988483849566819, 16.581685630343124 ], [ -98.988174526446969, 16.581305574947791 ], [ -98.987752725609013, 16.580764240388056 ], [ -98.987359048059233, 16.580242071279976 ], [ -98.986599820034058, 16.579216897193739 ], [ -98.986219646300228, 16.578708467401924 ], [ -98.985838349078506, 16.578208353541147 ], [ -98.985583026531785, 16.577883260547569 ], [ -98.98519835605893, 16.5774080954209 ], [ -98.984983525541935, 16.577152431123874 ], [ -98.98472370372761, 16.576860603625484 ], [ -98.984505497849568, 16.576629888753821 ], [ -98.9841107025958, 16.576229571350055 ], [ -98.983904869034234, 16.576030315702454 ], [ -98.983682162818042, 16.575832866510659 ], [ -98.983516819191181, 16.575703040231286 ], [ -98.983243494585452, 16.575511010504801 ], [ -98.98307477476996, 16.575406133780685 ], [ -98.982841939764384, 16.575283533401677 ], [ -98.982622601271387, 16.575184076085449 ], [ -98.982197421116254, 16.575008304109929 ], [ -98.981984831126567, 16.574922587376882 ], [ -98.981772240916868, 16.574841209588481 ], [ -98.981630513798265, 16.574791296770911 ], [ -98.981417922633042, 16.574722936106685 ], [ -98.981299816076159, 16.574689297028211 ], [ -98.981158087502379, 16.574656740537531 ], [ -98.981039979756915, 16.574636118798246 ], [ -98.980827385105556, 16.57460680999073 ], [ -98.980717150435339, 16.574595951908066 ], [ -98.980599041035717, 16.574592686567627 ], [ -98.980512426692769, 16.574598102434077 ], [ -98.980370693041905, 16.574617615354164 ], [ -98.980284077356529, 16.574636048612234 ], [ -98.980165963941189, 16.574671835485919 ], [ -98.980055723910013, 16.574713046999332 ], [ -98.979843117132432, 16.574800894565332 ], [ -98.979738125681834, 16.574847891967416 ], [ -98.979635758198668, 16.574901036719236 ], [ -98.979570137195509, 16.574942613929377 ], [ -98.979475641660045, 16.575014200812763 ], [ -98.979425768123974, 16.575060118690242 ], [ -98.979370643072642, 16.575126285458211 ], [ -98.979328641519757, 16.575190645529961 ], [ -98.979257761875544, 16.575317558970102 ], [ -98.978556233802138, 16.575237936616436 ], [ -98.978474873154767, 16.575201045346606 ], [ -98.978345519211459, 16.575158725107787 ], [ -98.978211289965898, 16.575125082602508 ], [ -98.977937956245285, 16.575066475139867 ], [ -98.977799602576027, 16.575033555125813 ], [ -98.977657875217531, 16.574993402721187 ], [ -98.977560016612429, 16.574959402097591 ], [ -98.977408168181114, 16.574897552621795 ], [ -98.977320434262055, 16.57485595944981 ], [ -98.977209080919735, 16.574793029443718 ], [ -98.977111225955952, 16.574729739264868 ], [ -98.976929014517921, 16.574602798667168 ], [ -98.976831160909626, 16.57452974524098 ], [ -98.976719811434208, 16.574437525627072 ], [ -98.976632082582839, 16.574356879703888 ], [ -98.976480245589912, 16.574207161513328 ], [ -98.976382395921974, 16.574104818528443 ], [ -98.976240683907974, 16.573947507773696 ], [ -98.976102346985826, 16.573787666129594 ], [ -98.975829048685938, 16.573465451772758 ], [ -98.975694837703173, 16.573299101586162 ], [ -98.975565502606187, 16.573122265572778 ], [ -98.975484154995783, 16.572993889114894 ], [ -98.975369447268591, 16.572785595765293 ], [ -98.975310596517403, 16.572659391476332 ], [ -98.975248751899116, 16.572489071989708 ], [ -98.975204528282688, 16.572331410472746 ], [ -98.975133702126385, 16.57202874540075 ], [ -98.975101853188207, 16.571861322214808 ], [ -98.975077132416601, 16.571661717746228 ], [ -98.97506778003752, 16.57149646682144 ], [ -98.975064443644456, 16.571200318514489 ], [ -98.97506971818548, 16.571003610396684 ], [ -98.975088878156043, 16.570709634349086 ], [ -98.975115536843035, 16.570416382381257 ], [ -98.975176352725768, 16.569830602497984 ], [ -98.975210885488451, 16.569533012266785 ], [ -98.975253668049774, 16.56922602147856 ], [ -98.975290439576071, 16.56901196039874 ], [ -98.975357971528211, 16.568676767937518 ], [ -98.975403739044424, 16.568481149339924 ], [ -98.975473509676121, 16.568229486010548 ], [ -98.975544026489601, 16.568005665713812 ], [ -98.97568580600921, 16.567585868096661 ], [ -98.975767570874211, 16.567358794648335 ], [ -98.975871086173456, 16.567097371957754 ], [ -98.975961846804211, 16.566888740916415 ], [ -98.976130613159967, 16.566524270421723 ], [ -98.976246122440543, 16.566287437501632 ], [ -98.9764238839266, 16.565941409226919 ], [ -98.976604643507855, 16.565601528276687 ], [ -98.976969159498424, 16.564927913353742 ], [ -98.977121797778494, 16.564583689643399 ], [ -98.977215198087663, 16.564224633855083 ], [ -98.977218227417069, 16.563970431345666 ], [ -98.977133915560685, 16.563566879609279 ], [ -98.977027838652006, 16.563327852170591 ], [ -98.978705653613162, 16.561304030400944 ], [ -98.981143785090481, 16.562256823592811 ] ] ] ] } },
{ "type": "Feature", "properties": { "fid_2": 3.0, "cat": 4, "VULNERABIL": 4.0, "NOM_ACUIF": "COPALA", "CLAVE_ACUI": "1233" }, "geometry": { "type": "MultiPolygon", "coordinates": [ [ [ [ -99.010033286976437, 16.625417532488314 ], [ -99.009888796885619, 16.626080049526308 ], [ -99.009879018818282, 16.62624191661094 ], [ -99.009848659720433, 16.626635695082363 ], [ -99.009828417179023, 16.626837827678791 ], [ -99.009819823446435, 16.626897995147495 ], [ -99.009798048690399, 16.627050447003661 ], [ -99.009767677079665, 16.627202679948088 ], [ -99.009706930678263, 16.627446759446698 ], [ -99.009672056162046, 16.627556685963413 ], [ -99.009628179091095, 16.627642386023908 ], [ -99.009589925177082, 16.627675292941237 ], [ -99.009550253213547, 16.627682580220444 ], [ -99.009519040525504, 16.627688313623224 ], [ -99.009470657662774, 16.627671320869002 ], [ -99.009396393765343, 16.627607321922468 ], [ -99.009321003514927, 16.62751764975232 ], [ -99.009169096843422, 16.627312632129502 ], [ -99.009094081049653, 16.627205603295778 ], [ -99.009020940183376, 16.627089534476227 ], [ -99.008974054500399, 16.627003115290904 ], [ -99.008906538325846, 16.626859926556552 ], [ -99.008870904231543, 16.626771337292823 ], [ -99.008831518089679, 16.626648758246017 ], [ -99.008801508616884, 16.626533049099379 ], [ -99.008750866385569, 16.626308500700745 ], [ -99.008726482346546, 16.626183028235236 ], [ -99.008703972405826, 16.626031159245738 ], [ -99.008690839865508, 16.625903516730332 ], [ -99.008673952188687, 16.625672458172385 ], [ -99.008666444230272, 16.625517695783472 ], [ -99.008660808014, 16.625284467175433 ], [ -99.008658922272701, 16.625050515215456 ], [ -99.008658918300554, 16.624961944612654 ], [ -99.008658901256382, 16.624581887933083 ], [ -99.008661141020255, 16.624347212595023 ], [ -99.008667881316882, 16.624111813873593 ], [ -99.008676875373226, 16.623954158011308 ], [ -99.008697117223477, 16.623716589144653 ], [ -99.008712863199946, 16.623583883058711 ], [ -99.008739859282329, 16.62342333366848 ], [ -99.00876910676115, 16.623288457434992 ], [ -99.008829853042812, 16.623044378113136 ], [ -99.00886585156384, 16.622917095073127 ], [ -99.008913100902632, 16.622779325282238 ], [ -99.0089558512813, 16.622676992002475 ], [ -99.009036853028817, 16.622507761939595 ], [ -99.009093104771836, 16.622403258469955 ], [ -99.009180858260606, 16.622258978120765 ], [ -99.009270862279536, 16.622123014322181 ], [ -99.009453120603254, 16.621859403190747 ], [ -99.009542750059097, 16.621740795857523 ], [ -99.009629380379437, 16.621648585075576 ], [ -99.009684134862951, 16.621613507792553 ], [ -99.009761768041344, 16.621600486730689 ], [ -99.009801898578942, 16.621619649388684 ], [ -99.009844657041199, 16.621690158437669 ], [ -99.00984895828752, 16.621703746278701 ], [ -99.010018350568657, 16.621868788293913 ], [ -99.010018070420273, 16.621802226435332 ], [ -99.010020392684609, 16.622353983345313 ], [ -99.010028709896773, 16.624330078146901 ], [ -99.010031686299186, 16.625037233982663 ], [ -99.010033286976437, 16.625417532488314 ] ] ] ] } },
{ "type": "Feature", "properties": { "fid_2": 9.0, "cat": 4, "VULNERABIL": 4.0, "NOM_ACUIF": "COPALA", "CLAVE_ACUI": "1233" }, "geometry": { "type": "MultiPolygon", "coordinates": [ [ [ [ -98.978705653613162, 16.561304030400944 ], [ -98.977027838652006, 16.563327852170591 ], [ -98.977133915560685, 16.563566879609279 ], [ -98.977218227417069, 16.563970431345666 ], [ -98.977215198087663, 16.564224633855083 ], [ -98.977121797778494, 16.564583689643399 ], [ -98.976969159498424, 16.564927913353742 ], [ -98.976604643507855, 16.565601528276687 ], [ -98.9764238839266, 16.565941409226919 ], [ -98.976246122440543, 16.566287437501632 ], [ -98.976130613159967, 16.566524270421723 ], [ -98.975961846804211, 16.566888740916415 ], [ -98.975871086173456, 16.567097371957754 ], [ -98.975767570874211, 16.567358794648335 ], [ -98.97568580600921, 16.567585868096661 ], [ -98.975544026489601, 16.568005665713812 ], [ -98.975473509676121, 16.568229486010548 ], [ -98.975403739044424, 16.568481149339924 ], [ -98.975357971528211, 16.568676767937518 ], [ -98.975290439576071, 16.56901196039874 ], [ -98.975253668049774, 16.56922602147856 ], [ -98.975210885488451, 16.569533012266785 ], [ -98.975176352725768, 16.569830602497984 ], [ -98.975115536843035, 16.570416382381257 ], [ -98.975088878156043, 16.570709634349086 ], [ -98.97506971818548, 16.571003610396684 ], [ -98.975064443644456, 16.571200318514489 ], [ -98.97506778003752, 16.57149646682144 ], [ -98.975077132416601, 16.571661717746228 ], [ -98.975101853188207, 16.571861322214808 ], [ -98.975133702126385, 16.57202874540075 ], [ -98.975204528282688, 16.572331410472746 ], [ -98.975248751899116, 16.572489071989708 ], [ -98.975310596517403, 16.572659391476332 ], [ -98.975369447268591, 16.572785595765293 ], [ -98.975484154995783, 16.572993889114894 ], [ -98.975565502606187, 16.573122265572778 ], [ -98.975694837703173, 16.573299101586162 ], [ -98.975829048685938, 16.573465451772758 ], [ -98.976102346985826, 16.573787666129594 ], [ -98.976240683907974, 16.573947507773696 ], [ -98.976382395921974, 16.574104818528443 ], [ -98.976480245589912, 16.574207161513328 ], [ -98.976632082582839, 16.574356879703888 ], [ -98.976719811434208, 16.574437525627072 ], [ -98.976831160909626, 16.57452974524098 ], [ -98.976929014517921, 16.574602798667168 ], [ -98.977111225955952, 16.574729739264868 ], [ -98.977209080919735, 16.574793029443718 ], [ -98.977320434262055, 16.57485595944981 ], [ -98.977408168181114, 16.574897552621795 ], [ -98.977560016612429, 16.574959402097591 ], [ -98.977657875217531, 16.574993402721187 ], [ -98.977799602576027, 16.575033555125813 ], [ -98.977937956245285, 16.575066475139867 ], [ -98.978211289965898, 16.575125082602508 ], [ -98.978345519211459, 16.575158725107787 ], [ -98.978474873154767, 16.575201045346606 ], [ -98.978556233802138, 16.575237936616436 ], [ -98.979257761875544, 16.575317558970102 ], [ -98.979223633442658, 16.575389513336741 ], [ -98.979192127830899, 16.57547846301 ], [ -98.979173746919528, 16.575554758101919 ], [ -98.97915010979365, 16.575694693705085 ], [ -98.979139600888303, 16.575789431017739 ], [ -98.979131711313059, 16.575933707354089 ], [ -98.979129070931322, 16.576079430601464 ], [ -98.979129039368857, 16.576372324003302 ], [ -98.979126398822842, 16.576519493631636 ], [ -98.979118508739532, 16.576668109118657 ], [ -98.979107999141206, 16.576768631969177 ], [ -98.97908436041277, 16.576921585032032 ], [ -98.979065978226913, 16.577008004813113 ], [ -98.97903447039964, 16.577114311092892 ], [ -98.979000339527559, 16.577205068441518 ], [ -98.978929454680639, 16.577371034193629 ], [ -98.978887449970642, 16.577458536353788 ], [ -98.978832320731968, 16.577555077089734 ], [ -98.978782443377654, 16.577628476153539 ], [ -98.978687940509573, 16.577752132589712 ], [ -98.978622314344932, 16.577829869162105 ], [ -98.978519938722343, 16.577939422438366 ], [ -98.978414938800555, 16.578044274633488 ], [ -98.978202314434839, 16.578249277829233 ], [ -98.978083815902522, 16.57835195886009 ], [ -98.977940944870056, 16.578454998838552 ], [ -98.977821325047273, 16.578524051104576 ], [ -98.977605336558, 16.578628167840119 ], [ -98.977460970448149, 16.578686369333553 ], [ -98.97724386065741, 16.578756857077231 ], [ -98.977026377079042, 16.578816135054886 ], [ -98.976591035918872, 16.578923480787587 ], [ -98.976340930832677, 16.578979500007669 ], [ -98.976025956924005, 16.579040212225134 ], [ -98.975751105509033, 16.579085379984349 ], [ -98.975241525042719, 16.57916017053045 ], [ -98.974893555853541, 16.579206413239806 ], [ -98.97435922877969, 16.579270350739197 ], [ -98.973816652709303, 16.579330669862642 ], [ -98.972723250930741, 16.579447686818341 ], [ -98.972179924769691, 16.579502216029471 ], [ -98.97164334876949, 16.579548789614911 ], [ -98.971292381773679, 16.579571883707604 ], [ -98.97077605687771, 16.579594592468727 ], [ -98.970495960175313, 16.579599253723938 ], [ -98.97017199506341, 16.579590529246175 ], [ -98.969912149964571, 16.579571327236778 ], [ -98.969456579914436, 16.579522445357906 ], [ -98.969227109059815, 16.579489144677424 ], [ -98.968994266473686, 16.579438125005648 ], [ -98.968835666355844, 16.5793863930054 ], [ -98.968592708680987, 16.579282216660651 ], [ -98.968454360550595, 16.579206622043348 ], [ -98.96828227380513, 16.579084014630041 ], [ -98.968133810764527, 16.578955263546664 ], [ -98.967860508738966, 16.578691617562612 ], [ -98.967721796784716, 16.578553466172512 ], [ -98.967578962599703, 16.578402658162481 ], [ -98.96747961751349, 16.578289462905577 ], [ -98.967324416493199, 16.578100685132355 ], [ -98.967234071437602, 16.577983152007125 ], [ -98.967118237220006, 16.577819330439262 ], [ -98.967015525290449, 16.577663827608152 ], [ -98.966823223989195, 16.577361140603625 ], [ -98.966719390092962, 16.577191535169128 ], [ -98.966600189474079, 16.576985405945805 ], [ -98.966505355662974, 16.576811462681508 ], [ -98.966340055038302, 16.576495762066642 ], [ -98.966232854810883, 16.576283849011801 ], [ -98.966076554738365, 16.575963810471226 ], [ -98.965923255063984, 16.57564232590823 ], [ -98.965619657114075, 16.574997910524846 ], [ -98.965465234169599, 16.574676063815275 ], [ -98.965305562294006, 16.574354939301504 ], [ -98.965193865232507, 16.574141578535844 ], [ -98.965018445955877, 16.5738226207359 ], [ -98.964915741625802, 16.573646144200083 ], [ -98.964783047719635, 16.573435672438041 ], [ -98.964664595560293, 16.573261362690495 ], [ -98.964441933274941, 16.572948905104717 ], [ -98.964321229634578, 16.572787612258029 ], [ -98.964181780684811, 16.572616191403931 ], [ -98.964070069362961, 16.572491782835868 ], [ -98.963874384454513, 16.572289977924942 ], [ -98.963746925348516, 16.572167736029968 ], [ -98.963560232879203, 16.57200281526773 ], [ -98.963376537972593, 16.571850189157988 ], [ -98.963012146245106, 16.571557231274898 ], [ -98.962832200813352, 16.571408944508946 ], [ -98.962656755694084, 16.571257042423529 ], [ -98.962544292470696, 16.571152159123496 ], [ -98.962382347917696, 16.570989411323172 ], [ -98.962296878874355, 16.570895380668468 ], [ -98.962202416193477, 16.570776036560623 ], [ -98.962130447431292, 16.570671160376907 ], [ -98.962009003911078, 16.570475875913619 ], [ -98.961950533322607, 16.570371002126372 ], [ -98.96189656495865, 16.570251665267097 ], [ -98.961865088247635, 16.570157644298313 ], [ -98.961824626479455, 16.569994918254526 ], [ -98.961806649908127, 16.569890051839181 ], [ -98.9617931819311, 16.569738178641721 ], [ -98.961788711863889, 16.569589923061606 ], [ -98.961788769624548, 16.569297029515269 ], [ -98.961791048363807, 16.569149498360684 ], [ -98.961797826814532, 16.568999798447141 ], [ -98.961806845488454, 16.568897829746415 ], [ -98.961827123044628, 16.56874162355642 ], [ -98.961842888046007, 16.56865267357998 ], [ -98.961869905495249, 16.568542029840387 ], [ -98.961899169564461, 16.568446573581735 ], [ -98.961959944269807, 16.568270848534585 ], [ -98.961995956730348, 16.568177563073917 ], [ -98.962043219446372, 16.568073431745091 ], [ -98.962085978178621, 16.567993164989172 ], [ -98.962166991617025, 16.567856496035809 ], [ -98.962223249295874, 16.567769722953887 ], [ -98.962311008895597, 16.567646072658057 ], [ -98.962401017167906, 16.56752676189403 ], [ -98.962583282165809, 16.567292479813137 ], [ -98.962672540092555, 16.567173891986528 ], [ -98.962758049097317, 16.567052410673501 ], [ -98.962811306229028, 16.56696852966542 ], [ -98.962885568624372, 16.566838367959804 ], [ -98.962923076657958, 16.566763162445195 ], [ -98.962961338404796, 16.566667707620528 ], [ -98.962987599954317, 16.566583821763359 ], [ -98.963028122837585, 16.56642761901491 ], [ -98.963045385873883, 16.566343731551509 ], [ -98.963056652135748, 16.566248271915658 ], [ -98.963058166213614, 16.566173059987236 ], [ -98.963051442198662, 16.566042883837596 ], [ -98.963041709889026, 16.565958991582622 ], [ -98.963019236987876, 16.565837490966043 ], [ -98.962991514482596, 16.565718882190293 ], [ -98.962930819946664, 16.565484556467055 ], [ -98.962891475919633, 16.565359075260957 ], [ -98.962834138332965, 16.56521695736928 ], [ -98.962777919726534, 16.565105575416691 ], [ -98.9626666015848, 16.564913547420563 ], [ -98.96258676471831, 16.564790228474813 ], [ -98.962458572270464, 16.56461229962111 ], [ -98.962324755167288, 16.564439070432172 ], [ -98.962051496790849, 16.564097311528315 ], [ -98.961891814233795, 16.563903466303326 ], [ -98.961686024636322, 16.56366368963878 ], [ -98.961502724586808, 16.56345790705819 ], [ -98.961158614589863, 16.563080335733382 ], [ -98.960921335969488, 16.562824642149739 ], [ -98.96055361019684, 16.562435132669478 ], [ -98.960178013248466, 16.562041643455323 ], [ -98.959418951319705, 16.561250683859228 ], [ -98.959028361821467, 16.560857912812626 ], [ -98.958615652226442, 16.560470560590858 ], [ -98.958318391754048, 16.560217744853098 ], [ -98.957839320055669, 16.5598466496734 ], [ -98.95755104829037, 16.559645904660641 ], [ -98.957165304083517, 16.559414765064211 ], [ -98.956810668900204, 16.559230277253157 ], [ -98.95613250844923, 16.558907952420295 ], [ -98.955758749024753, 16.558746239421069 ], [ -98.955315630193724, 16.55858342610173 ], [ -98.954950858064535, 16.558473783594874 ], [ -98.954299660757712, 16.558307668665972 ], [ -98.953868525070604, 16.558214281585244 ], [ -98.953226315076009, 16.558100235309485 ], [ -98.952587100952243, 16.558003544409637 ], [ -98.951311669626534, 16.557827514103991 ], [ -98.950672081258176, 16.557735518011857 ], [ -98.950028746366442, 16.557635563918357 ], [ -98.949596109693601, 16.557560970705893 ], [ -98.948941534682149, 16.557437145115355 ], [ -98.948574135190995, 16.557360396166874 ], [ -98.948126511497108, 16.557253975641057 ], [ -98.947747871580191, 16.557153357014265 ], [ -98.947059576123166, 16.556957920785429 ], [ -98.946698935747307, 16.556848626487202 ], [ -98.946305309507338, 16.556716180840628 ], [ -98.94600990609581, 16.556604732558625 ], [ -98.94551732242725, 16.556402833078199 ], [ -98.945210679213105, 16.556267515298813 ], [ -98.944783333154419, 16.556063461632725 ], [ -98.944377733280859, 16.555858689697395 ], [ -98.943588281349321, 16.555448426145439 ], [ -98.943187182360788, 16.555245822691091 ], [ -98.942773335658728, 16.555048277328435 ], [ -98.942484689774332, 16.554921638810114 ], [ -98.942032598828376, 16.554739268512293 ], [ -98.941768689007546, 16.554643010059809 ], [ -98.941429050171948, 16.554536605285293 ], [ -98.941126895259629, 16.554455522364027 ], [ -98.940560069645329, 16.554318677716697 ], [ -98.940253411818148, 16.554252779337489 ], [ -98.939900263563402, 16.554191929475447 ], [ -98.939618340881736, 16.554156411473752 ], [ -98.939125721099984, 16.554110706953658 ], [ -98.93880555290481, 16.554090363774808 ], [ -98.938337667995356, 16.554075038834082 ], [ -98.937878027975614, 16.554069840027658 ], [ -98.936966992785443, 16.554069566595096 ], [ -98.936505852469935, 16.554066533894638 ], [ -98.936033466733392, 16.554057711166251 ], [ -98.935707297506355, 16.554046039727194 ], [ -98.93520117562467, 16.554019848033011 ], [ -98.934908751460497, 16.553999507492478 ], [ -98.934537600845957, 16.553964677943629 ], [ -98.934211440705269, 16.553926969156116 ], [ -98.933604111138578, 16.553848671604051 ], [ -98.933277954365437, 16.553802283020879 ], [ -98.932906813438308, 16.553741415561916 ], [ -98.932614402007204, 16.553686358460197 ], [ -98.93210830885009, 16.553582054235804 ], [ -98.931782162048876, 16.55350962830568 ], [ -98.931309814805871, 16.553396654845194 ], [ -98.930848716449447, 16.553280791267195 ], [ -98.929937769732859, 16.553046172055307 ], [ -98.929478549822406, 16.552924158924633 ], [ -98.929011835752576, 16.55279274069968 ], [ -98.928693198671155, 16.552695723874628 ], [ -98.92820400161213, 16.552536091555641 ], [ -98.92792473114352, 16.552438002315533 ], [ -98.927576116581093, 16.552303367290406 ], [ -98.927274362867507, 16.55217706477173 ], [ -98.926717716903184, 16.551932791638514 ], [ -98.926421591639638, 16.551796726733269 ], [ -98.926089861250162, 16.55163280578941 ], [ -98.925833102488994, 16.551495669204883 ], [ -98.925394556967859, 16.551248180131445 ], [ -98.925115315750418, 16.55108283001783 ], [ -98.924716137554739, 16.550834268855539 ], [ -98.924330082191716, 16.55058535009179 ], [ -98.923571096218282, 16.550087153626709 ], [ -98.923193293120761, 16.549834619801505 ], [ -98.922818867866866, 16.549575216187844 ], [ -98.922572628452045, 16.549395410972554 ], [ -98.92220833549473, 16.549115398963721 ], [ -98.922009327849409, 16.548952967371054 ], [ -98.921776597500696, 16.548745684853664 ], [ -98.921587721249836, 16.548562645598636 ], [ -98.921253823298443, 16.548220810164924 ], [ -98.921084068383166, 16.548036692874589 ], [ -98.920908701057996, 16.547826176697697 ], [ -98.920786177008623, 16.547659433746251 ], [ -98.920593972314066, 16.547369721047055 ], [ -98.920481579520199, 16.547182370709258 ], [ -98.920336605721744, 16.546910032446092 ], [ -98.920207375627925, 16.546643485660745 ], [ -98.919964659750391, 16.546116183436396 ], [ -98.919845552275149, 16.545851086684824 ], [ -98.919730945061218, 16.545583098810976 ], [ -98.919659040361125, 16.54540154914292 ], [ -98.919557933455806, 16.545124888021498 ], [ -98.919506263003029, 16.544968296330378 ], [ -98.919452358429865, 16.544775182403768 ], [ -98.919414187912608, 16.544609917554922 ], [ -98.919353580987618, 16.544307236929306 ], [ -98.919326655158116, 16.544147400368931 ], [ -98.919306484494015, 16.543970571327236 ], [ -98.919299792522111, 16.543835692821173 ], [ -98.919299887245487, 16.543607886344564 ], [ -98.919306694972761, 16.543464334712247 ], [ -98.91932702340317, 16.543261486291154 ], [ -98.91935409635758, 16.54306695721754 ], [ -98.919414986657827, 16.542686218400057 ], [ -98.919438309199563, 16.542494942234612 ], [ -98.919447386673482, 16.54230185257483 ], [ -98.919439193300903, 16.542171312644172 ], [ -98.919405535767154, 16.541972782508765 ], [ -98.919372592178746, 16.541860674492195 ], [ -98.919307418963427, 16.541722880569321 ], [ -98.919231740569245, 16.541605332030066 ], [ -98.919480995624511, 16.540042233833486 ], [ -98.922922638945607, 16.541570884552236 ], [ -98.933703202295831, 16.545524596510049 ], [ -98.939089668639923, 16.546998892634587 ], [ -98.947291442353873, 16.550048571592697 ], [ -98.957073066568896, 16.553219851500589 ], [ -98.962476429517366, 16.554971423054745 ], [ -98.973935618752549, 16.55944294768172 ], [ -98.978381070394789, 16.561177395212585 ], [ -98.978705653613162, 16.561304030400944 ] ] ] ] } },
{ "type": "Feature", "properties": { "fid_2": 7.0, "cat": 8, "VULNERABIL": 3.0, "NOM_ACUIF": "COPALA", "CLAVE_ACUI": "1233" }, "geometry": { "type": "MultiPolygon", "coordinates": [ [ [ [ -99.000238274053416, 16.592756223577528 ], [ -99.000764757821386, 16.593371297499779 ], [ -99.001020501239495, 16.593688054687952 ], [ -99.001261246050206, 16.59402325304973 ], [ -99.001406743604434, 16.594265159971155 ], [ -99.001602491427121, 16.594655682434023 ], [ -99.001696241088354, 16.594891080799361 ], [ -99.001781741908516, 16.59520675353529 ], [ -99.001830493548951, 16.59549747641891 ], [ -99.001891247697174, 16.596053972332005 ], [ -99.001917874931991, 16.596328785142216 ], [ -99.001937002290404, 16.59659672768565 ], [ -99.001942253933208, 16.596768485787322 ], [ -99.001938881462124, 16.59701581755073 ], [ -99.00192950789021, 16.59714635382738 ], [ -99.001904759626711, 16.597290630894577 ], [ -99.001872886073912, 16.59740055639341 ], [ -99.001802013613002, 16.597586055807707 ], [ -99.001757764888495, 16.597675370416528 ], [ -99.001695891231336, 16.59775781483431 ], [ -99.00163701720318, 16.597805907583073 ], [ -99.001522268762145, 16.597867741381858 ], [ -99.001440894701261, 16.597895223262398 ], [ -99.0013115209902, 16.597915835094003 ], [ -99.001177272210199, 16.597922706222338 ], [ -99.000903899599606, 16.597922707589895 ], [ -99.000760650828909, 16.59791692262603 ], [ -99.000604277146124, 16.597899566527985 ], [ -99.000486903127808, 16.597876424687694 ], [ -99.000291154807158, 16.597824355220254 ], [ -99.000291035018606, 16.597825436907225 ], [ -99.000291154807158, 16.597824355220254 ], [ -99.000169280898902, 16.597783856595537 ], [ -98.999999407505811, 16.597714430219025 ], [ -98.999838159151764, 16.597639218173029 ], [ -98.999524287739348, 16.597483008187083 ], [ -98.999348414988219, 16.597390439113902 ], [ -98.999134667988258, 16.597268942050228 ], [ -98.998954295768783, 16.597159016010863 ], [ -98.998626926401371, 16.596950734757581 ], [ -98.998407180617491, 16.596806094751113 ], [ -98.998075312679433, 16.596580455975012 ], [ -98.997741945608482, 16.596349031110506 ], [ -98.997073713976221, 16.595880394204478 ], [ -98.996730974526841, 16.595647521188052 ], [ -98.996370986222914, 16.595417540070919 ], [ -98.996113744825678, 16.595267111425095 ], [ -98.995870662701847, 16.595136456750907 ], [ -98.99573392496724, 16.59397767544819 ], [ -98.996080895103788, 16.589529805366613 ], [ -98.996166692681129, 16.588995616515472 ], [ -98.996526717648678, 16.589301142054225 ], [ -98.99727741857977, 16.589944433138609 ], [ -98.997609443580245, 16.590234658876486 ], [ -98.998010875329243, 16.590585551733845 ], [ -98.998482599979639, 16.591010792969939 ], [ -98.998908758591284, 16.591407501678642 ], [ -98.999059718013427, 16.591548028371669 ], [ -98.99916431692229, 16.591645398317926 ], [ -98.999363293679593, 16.59183826740961 ], [ -98.999525801173746, 16.591995786246695 ], [ -98.999928535160379, 16.592412345668855 ], [ -99.000238274053416, 16.592756223577528 ] ] ], [ [ [ -98.994265059698961, 16.59448023541561 ], [ -98.993953821034154, 16.594381872441581 ], [ -98.993587084263524, 16.594282060913105 ], [ -98.993287094892779, 16.59421407136648 ], [ -98.992753863681841, 16.59410991377495 ], [ -98.992402126021489, 16.594050599451325 ], [ -98.991880144134001, 16.593976814110349 ], [ -98.991361912082482, 16.593913152308748 ], [ -98.990329198385496, 16.593795949700365 ], [ -98.989808717361257, 16.593733007117219 ], [ -98.989279987410939, 16.593661384498024 ], [ -98.988919251748442, 16.593604956590454 ], [ -98.988365774822881, 16.593507295400933 ], [ -98.988050038682843, 16.593444359765353 ], [ -98.987656307062764, 16.593353214533007 ], [ -98.987315823922245, 16.593264241385313 ], [ -98.986688106634389, 16.593088466407714 ], [ -98.986354374940291, 16.592988644230054 ], [ -98.985980896703282, 16.592864953490981 ], [ -98.985692164647304, 16.59275862454442 ], [ -98.985199447061404, 16.592563328111737 ], [ -98.984885968836053, 16.592430961352772 ], [ -98.984438251705356, 16.592229157643992 ], [ -98.98400553509984, 16.592025184544731 ], [ -98.98315510419603, 16.591615067274216 ], [ -98.982726140030223, 16.591412538193396 ], [ -98.982289676625911, 16.591215069934918 ], [ -98.981991201378278, 16.591088485618094 ], [ -98.9815322390224, 16.590906200861944 ], [ -98.981269760161709, 16.590809992787733 ], [ -98.980941285599457, 16.590703653651484 ], [ -98.980656306838583, 16.590622629784811 ], [ -98.980129845374137, 16.590485896778549 ], [ -98.979849365478898, 16.590420059280095 ], [ -98.979534386892979, 16.590359280361675 ], [ -98.979289902397255, 16.590323819735552 ], [ -98.978871427495918, 16.590278216532518 ], [ -98.978604442637263, 16.590257939860262 ], [ -98.978221962871146, 16.590242713138895 ], [ -98.977851481424167, 16.590237611688572 ], [ -98.977122516811221, 16.590237532825213 ], [ -98.976748286022371, 16.590228813035587 ], [ -98.976354558337576, 16.590202733735868 ], [ -98.97607257637209, 16.590167988258667 ], [ -98.975620358333487, 16.590089830968139 ], [ -98.975349629425395, 16.590029050895083 ], [ -98.974989660754233, 16.589924868206161 ], [ -98.974660442048361, 16.589812010329013 ], [ -98.974032755358238, 16.58957761853766 ], [ -98.973687792171035, 16.589438722218851 ], [ -98.9732805887963, 16.589256425785454 ], [ -98.972946879751078, 16.589091494744117 ], [ -98.972352956758073, 16.588778997451737 ], [ -98.971960760205633, 16.58856198717119 ], [ -98.971378093621468, 16.588223453663467 ], [ -98.970799180159077, 16.587876240730033 ], [ -98.969645110590633, 16.587173132241251 ], [ -98.969059454293657, 16.586823020688204 ], [ -98.968456550820093, 16.586475797636933 ], [ -98.968037367090886, 16.586247204751398 ], [ -98.967382719461924, 16.585908648938268 ], [ -98.967001778073779, 16.585723451520362 ], [ -98.966513600740782, 16.585506415692045 ], [ -98.966080913289105, 16.585329886567987 ], [ -98.965271029283244, 16.585017333685325 ], [ -98.964833841253579, 16.584858157843637 ], [ -98.964332159994783, 16.584693184498214 ], [ -98.963933212399567, 16.584577404887639 ], [ -98.963238051177427, 16.584395038659967 ], [ -98.962787357298936, 16.584287926022711 ], [ -98.962130436641033, 16.584148954504649 ], [ -98.961486263022053, 16.584024447131291 ], [ -98.960210664263457, 16.583789892701049 ], [ -98.959564993211188, 16.583665379096519 ], [ -98.958903577376873, 16.583526396522426 ], [ -98.958446888443319, 16.583419273303853 ], [ -98.957738237734503, 16.583236886014681 ], [ -98.957328798009314, 16.583121091613929 ], [ -98.956809129241151, 16.582956096443947 ], [ -98.956352454562037, 16.582796898737111 ], [ -98.955502100536236, 16.582484299334272 ], [ -98.955045432081434, 16.582307742126655 ], [ -98.95452577968571, 16.582090671358259 ], [ -98.95411636077425, 16.581905444108816 ], [ -98.953407757312561, 16.581566832383643 ], [ -98.952951105594963, 16.581338200678402 ], [ -98.952289753832545, 16.580990917494677 ], [ -98.951644153619611, 16.580640743090701 ], [ -98.950368709345369, 16.579937499242568 ], [ -98.949732866432072, 16.579582258867195 ], [ -98.94910077736003, 16.579219785529641 ], [ -98.94868313747719, 16.578970904561192 ], [ -98.948062306965056, 16.578586735037781 ], [ -98.947721153730029, 16.578366075731459 ], [ -98.947318523663569, 16.578088268052952 ], [ -98.946988626826226, 16.577845914590149 ], [ -98.946401567426861, 16.577396661290976 ], [ -98.946100918905941, 16.577156483517861 ], [ -98.945786031513734, 16.576885204288239 ], [ -98.945561867509966, 16.576673250166579 ], [ -98.945204263199983, 16.576308666936413 ], [ -98.944991355290043, 16.576075019353009 ], [ -98.944710235623376, 16.575738659989927 ], [ -98.944454611034516, 16.575411708554817 ], [ -98.943968858437032, 16.574767213095477 ], [ -98.943726732305919, 16.574448219502667 ], [ -98.943486104874296, 16.574135734768838 ], [ -98.9433271849134, 16.573933920603672 ], [ -98.943091052421025, 16.573640962849488 ], [ -98.94296136589162, 16.573484717575223 ], [ -98.94280843850494, 16.573308939612851 ], [ -98.942683246030626, 16.573172221621256 ], [ -98.942460596168516, 16.572937845524031 ], [ -98.942346646158413, 16.572822826238863 ], [ -98.942227445721969, 16.572712144595659 ], [ -98.942142728278398, 16.57264269449826 ], [ -98.942007776384088, 16.572545025836607 ], [ -98.94192755260589, 16.572495103128709 ], [ -98.94182183311284, 16.572443003689454 ], [ -98.94172585773218, 16.572406093988004 ], [ -98.941543651119076, 16.572347464252516 ], [ -98.941446922666572, 16.572321402114941 ], [ -98.941338943862931, 16.572301845506669 ], [ -98.941255707626368, 16.572295313306437 ], [ -98.941113977705939, 16.57229527328704 ], [ -98.941023988473617, 16.572301756569516 ], [ -98.940895750679815, 16.572321246447949 ], [ -98.940772010234141, 16.572347246268357 ], [ -98.940529026610676, 16.57240575571436 ], [ -98.940391784627693, 16.572442599356545 ], [ -98.940223042339312, 16.572494620935078 ], [ -98.940079047157454, 16.572544479916345 ], [ -98.939815803784299, 16.572642035150142 ], [ -98.939638057017433, 16.57271141029576 ], [ -98.939368060061256, 16.572821980486999 ], [ -98.939095811745077, 16.572936888828973 ], [ -98.938549063079094, 16.573171042935179 ], [ -98.93827306407141, 16.573286672281803 ], [ -98.937991816375316, 16.573399406923997 ], [ -98.937799069370953, 16.573471668798685 ], [ -98.937502076059616, 16.573575719751592 ], [ -98.937331831281938, 16.573630631299757 ], [ -98.93711809038318, 16.573691315128332 ], [ -98.936932100335923, 16.573737543273005 ], [ -98.93658787099821, 16.573815543644912 ], [ -98.936404133255238, 16.573853093681453 ], [ -98.936197149498611, 16.573887743662098 ], [ -98.936035914343876, 16.573907943623293 ], [ -98.935759192636638, 16.573933893418321 ], [ -98.935582212382968, 16.573945409850069 ], [ -98.935327993363387, 16.573954009388711 ], [ -98.935081275262675, 16.573956825407905 ], [ -98.934595339997728, 16.573956673377957 ], [ -98.934347123801857, 16.573954425703274 ], [ -98.934088410488357, 16.573947835250813 ], [ -98.933905437836572, 16.573939098946134 ], [ -98.933615233222369, 16.573919480429318 ], [ -98.933443511355193, 16.573904238564207 ], [ -98.933218550368679, 16.573878131593272 ], [ -98.933015337284331, 16.573849861794855 ], [ -98.932630659134006, 16.57379115905913 ], [ -98.932420699405796, 16.573756377758123 ], [ -98.932175498292011, 16.573710736871821 ], [ -98.931976789504617, 16.573669450046658 ], [ -98.931625864368883, 16.573591230255882 ], [ -98.93139566469759, 16.573536915055634 ], [ -98.931055990828554, 16.573452189270512 ], [ -98.930720067523438, 16.573365294599178 ], [ -98.930051972092201, 16.573189335311714 ], [ -98.929716051798522, 16.573096653475915 ], [ -98.929376385774205, 16.57299456831451 ], [ -98.929146195916559, 16.572917108444319 ], [ -98.928795292443994, 16.572786813970176 ], [ -98.928596600264527, 16.572705025097484 ], [ -98.92835142707743, 16.572589953155052 ], [ -98.928141497334863, 16.572479955439203 ], [ -98.927756881669723, 16.57226503395237 ], [ -98.927553705712342, 16.572144190084021 ], [ -98.927328793163923, 16.571996580277577 ], [ -98.927157114848441, 16.571871407847038 ], [ -98.926866992676992, 16.57164350025333 ], [ -98.926684077288925, 16.571490118940403 ], [ -98.926425453254168, 16.571257882650379 ], [ -98.926177328831386, 16.571024203370587 ], [ -98.925899152484533, 16.57075573200223 ], [ -98.925691580751419, 16.570555401274259 ], [ -98.925433334654173, 16.570321717488405 ], [ -98.925144343337465, 16.570089468721161 ], [ -98.924920937025149, 16.569936071294222 ], [ -98.924539709541904, 16.569708127583528 ], [ -98.924297171116194, 16.569582927103479 ], [ -98.92395078307635, 16.569435269456076 ], [ -98.923616008186727, 16.569314373653071 ], [ -98.922958072183391, 16.569099342891224 ], [ -98.922586175074628, 16.568989279606491 ], [ -98.922128419138204, 16.568874121228401 ], [ -98.921737389612957, 16.568792253827038 ], [ -98.921022057257417, 16.568661809035127 ], [ -98.920538791734458, 16.568584243561443 ], [ -98.919804327396392, 16.568481991843459 ], [ -98.91906348595343, 16.568389136577402 ], [ -98.917575427276503, 16.568212817142175 ], [ -98.91684510316243, 16.568080544105722 ], [ -98.916142188731499, 16.567860049931795 ], [ -98.915700988846183, 16.567624833976396 ], [ -98.915080304621767, 16.567139680625168 ], [ -98.914762890543003, 16.566781931777392 ], [ -98.914431331794518, 16.566193839455838 ], [ -98.914196148223823, 16.565571434590233 ], [ -98.91382215818787, 16.564292312145945 ], [ -98.913655648539958, 16.563540844867042 ], [ -98.913556146348469, 16.562767854168332 ], [ -98.913037806909983, 16.561624446826876 ], [ -98.913520961710461, 16.55702085551561 ], [ -98.915539005075743, 16.537790098298643 ], [ -98.91858142066603, 16.539642662555494 ], [ -98.919480995624511, 16.540042233833486 ], [ -98.919231740569245, 16.541605332030066 ], [ -98.919307418963427, 16.541722880569321 ], [ -98.919372592178746, 16.541860674492195 ], [ -98.919405535767154, 16.541972782508765 ], [ -98.919439193300903, 16.542171312644172 ], [ -98.919447386673482, 16.54230185257483 ], [ -98.919438309199563, 16.542494942234612 ], [ -98.919414986657827, 16.542686218400057 ], [ -98.91935409635758, 16.54306695721754 ], [ -98.91932702340317, 16.543261486291154 ], [ -98.919306694972761, 16.543464334712247 ], [ -98.919299887245487, 16.543607886344564 ], [ -98.919299792522111, 16.543835692821173 ], [ -98.919306484494015, 16.543970571327236 ], [ -98.919326655158116, 16.544147400368931 ], [ -98.919353580987618, 16.544307236929306 ], [ -98.919414187912608, 16.544609917554922 ], [ -98.919452358429865, 16.544775182403768 ], [ -98.919506263003029, 16.544968296330378 ], [ -98.919557933455806, 16.545124888021498 ], [ -98.919659040361125, 16.54540154914292 ], [ -98.919730945061218, 16.545583098810976 ], [ -98.919845552275149, 16.545851086684824 ], [ -98.919964659750391, 16.546116183436396 ], [ -98.920207375627925, 16.546643485660745 ], [ -98.920336605721744, 16.546910032446092 ], [ -98.920481579520199, 16.547182370709258 ], [ -98.920593972314066, 16.547369721047055 ], [ -98.920786177008623, 16.547659433746251 ], [ -98.920908701057996, 16.547826176697697 ], [ -98.921084068383166, 16.548036692874589 ], [ -98.921253823298443, 16.548220810164924 ], [ -98.921587721249836, 16.548562645598636 ], [ -98.921776597500696, 16.548745684853664 ], [ -98.922009327849409, 16.548952967371054 ], [ -98.92220833549473, 16.549115398963721 ], [ -98.922572628452045, 16.549395410972554 ], [ -98.922818867866866, 16.549575216187844 ], [ -98.923193293120761, 16.549834619801505 ], [ -98.923571096218282, 16.550087153626709 ], [ -98.924330082191716, 16.55058535009179 ], [ -98.924716137554739, 16.550834268855539 ], [ -98.925115315750418, 16.55108283001783 ], [ -98.925394556967859, 16.551248180131445 ], [ -98.925833102488994, 16.551495669204883 ], [ -98.926089861250162, 16.55163280578941 ], [ -98.926421591639638, 16.551796726733269 ], [ -98.926717716903184, 16.551932791638514 ], [ -98.927274362867507, 16.55217706477173 ], [ -98.927576116581093, 16.552303367290406 ], [ -98.92792473114352, 16.552438002315533 ], [ -98.92820400161213, 16.552536091555641 ], [ -98.928693198671155, 16.552695723874628 ], [ -98.929011835752576, 16.55279274069968 ], [ -98.929478549822406, 16.552924158924633 ], [ -98.929937769732859, 16.553046172055307 ], [ -98.930848716449447, 16.553280791267195 ], [ -98.931309814805871, 16.553396654845194 ], [ -98.931782162048876, 16.55350962830568 ], [ -98.93210830885009, 16.553582054235804 ], [ -98.932614402007204, 16.553686358460197 ], [ -98.932906813438308, 16.553741415561916 ], [ -98.933277954365437, 16.553802283020879 ], [ -98.933604111138578, 16.553848671604051 ], [ -98.934211440705269, 16.553926969156116 ], [ -98.934537600845957, 16.553964677943629 ], [ -98.934908751460497, 16.553999507492478 ], [ -98.93520117562467, 16.554019848033011 ], [ -98.935707297506355, 16.554046039727194 ], [ -98.936033466733392, 16.554057711166251 ], [ -98.936505852469935, 16.554066533894638 ], [ -98.936966992785443, 16.554069566595096 ], [ -98.937878027975614, 16.554069840027658 ], [ -98.938337667995356, 16.554075038834082 ], [ -98.93880555290481, 16.554090363774808 ], [ -98.939125721099984, 16.554110706953658 ], [ -98.939618340881736, 16.554156411473752 ], [ -98.939900263563402, 16.554191929475447 ], [ -98.940253411818148, 16.554252779337489 ], [ -98.940560069645329, 16.554318677716697 ], [ -98.941126895259629, 16.554455522364027 ], [ -98.941429050171948, 16.554536605285293 ], [ -98.941768689007546, 16.554643010059809 ], [ -98.942032598828376, 16.554739268512293 ], [ -98.942484689774332, 16.554921638810114 ], [ -98.942773335658728, 16.555048277328435 ], [ -98.943187182360788, 16.555245822691091 ], [ -98.943588281349321, 16.555448426145439 ], [ -98.944377733280859, 16.555858689697395 ], [ -98.944783333154419, 16.556063461632725 ], [ -98.945210679213105, 16.556267515298813 ], [ -98.94551732242725, 16.556402833078199 ], [ -98.94600990609581, 16.556604732558625 ], [ -98.946305309507338, 16.556716180840628 ], [ -98.946698935747307, 16.556848626487202 ], [ -98.947059576123166, 16.556957920785429 ], [ -98.947747871580191, 16.557153357014265 ], [ -98.948126511497108, 16.557253975641057 ], [ -98.948574135190995, 16.557360396166874 ], [ -98.948941534682149, 16.557437145115355 ], [ -98.949596109693601, 16.557560970705893 ], [ -98.950028746366442, 16.557635563918357 ], [ -98.950672081258176, 16.557735518011857 ], [ -98.951311669626534, 16.557827514103991 ], [ -98.952587100952243, 16.558003544409637 ], [ -98.953226315076009, 16.558100235309485 ], [ -98.953868525070604, 16.558214281585244 ], [ -98.954299660757712, 16.558307668665972 ], [ -98.954950858064535, 16.558473783594874 ], [ -98.955315630193724, 16.55858342610173 ], [ -98.955758749024753, 16.558746239421069 ], [ -98.95613250844923, 16.558907952420295 ], [ -98.956810668900204, 16.559230277253157 ], [ -98.957165304083517, 16.559414765064211 ], [ -98.95755104829037, 16.559645904660641 ], [ -98.957839320055669, 16.5598466496734 ], [ -98.958318391754048, 16.560217744853098 ], [ -98.958615652226442, 16.560470560590858 ], [ -98.959028361821467, 16.560857912812626 ], [ -98.959418951319705, 16.561250683859228 ], [ -98.960178013248466, 16.562041643455323 ], [ -98.96055361019684, 16.562435132669478 ], [ -98.960921335969488, 16.562824642149739 ], [ -98.961158614589863, 16.563080335733382 ], [ -98.961502724586808, 16.56345790705819 ], [ -98.961686024636322, 16.56366368963878 ], [ -98.961891814233795, 16.563903466303326 ], [ -98.962051496790849, 16.564097311528315 ], [ -98.962324755167288, 16.564439070432172 ], [ -98.962458572270464, 16.56461229962111 ], [ -98.96258676471831, 16.564790228474813 ], [ -98.9626666015848, 16.564913547420563 ], [ -98.962777919726534, 16.565105575416691 ], [ -98.962834138332965, 16.56521695736928 ], [ -98.962891475919633, 16.565359075260957 ], [ -98.962930819946664, 16.565484556467055 ], [ -98.962991514482596, 16.565718882190293 ], [ -98.963019236987876, 16.565837490966043 ], [ -98.963041709889026, 16.565958991582622 ], [ -98.963051442198662, 16.566042883837596 ], [ -98.963058166213614, 16.566173059987236 ], [ -98.963056652135748, 16.566248271915658 ], [ -98.963045385873883, 16.566343731551509 ], [ -98.963028122837585, 16.56642761901491 ], [ -98.962987599954317, 16.566583821763359 ], [ -98.962961338404796, 16.566667707620528 ], [ -98.962923076657958, 16.566763162445195 ], [ -98.962885568624372, 16.566838367959804 ], [ -98.962811306229028, 16.56696852966542 ], [ -98.962758049097317, 16.567052410673501 ], [ -98.962672540092555, 16.567173891986528 ], [ -98.962583282165809, 16.567292479813137 ], [ -98.962401017167906, 16.56752676189403 ], [ -98.962311008895597, 16.567646072658057 ], [ -98.962223249295874, 16.567769722953887 ], [ -98.962166991617025, 16.567856496035809 ], [ -98.962085978178621, 16.567993164989172 ], [ -98.962043219446372, 16.568073431745091 ], [ -98.961995956730348, 16.568177563073917 ], [ -98.961959944269807, 16.568270848534585 ], [ -98.961899169564461, 16.568446573581735 ], [ -98.961869905495249, 16.568542029840387 ], [ -98.961842888046007, 16.56865267357998 ], [ -98.961827123044628, 16.56874162355642 ], [ -98.961806845488454, 16.568897829746415 ], [ -98.961797826814532, 16.568999798447141 ], [ -98.961791048363807, 16.569149498360684 ], [ -98.961788769624548, 16.569297029515269 ], [ -98.961788711863889, 16.569589923061606 ], [ -98.9617931819311, 16.569738178641721 ], [ -98.961806649908127, 16.569890051839181 ], [ -98.961824626479455, 16.569994918254526 ], [ -98.961865088247635, 16.570157644298313 ], [ -98.96189656495865, 16.570251665267097 ], [ -98.961950533322607, 16.570371002126372 ], [ -98.962009003911078, 16.570475875913619 ], [ -98.962130447431292, 16.570671160376907 ], [ -98.962202416193477, 16.570776036560623 ], [ -98.962296878874355, 16.570895380668468 ], [ -98.962382347917696, 16.570989411323172 ], [ -98.962544292470696, 16.571152159123496 ], [ -98.962656755694084, 16.571257042423529 ], [ -98.962832200813352, 16.571408944508946 ], [ -98.963012146245106, 16.571557231274898 ], [ -98.963376537972593, 16.571850189157988 ], [ -98.963560232879203, 16.57200281526773 ], [ -98.963746925348516, 16.572167736029968 ], [ -98.963874384454513, 16.572289977924942 ], [ -98.964070069362961, 16.572491782835868 ], [ -98.964181780684811, 16.572616191403931 ], [ -98.964321229634578, 16.572787612258029 ], [ -98.964441933274941, 16.572948905104717 ], [ -98.964664595560293, 16.573261362690495 ], [ -98.964783047719635, 16.573435672438041 ], [ -98.964915741625802, 16.573646144200083 ], [ -98.965018445955877, 16.5738226207359 ], [ -98.965193865232507, 16.574141578535844 ], [ -98.965305562294006, 16.574354939301504 ], [ -98.965465234169599, 16.574676063815275 ], [ -98.965619657114075, 16.574997910524846 ], [ -98.965923255063984, 16.57564232590823 ], [ -98.966076554738365, 16.575963810471226 ], [ -98.966232854810883, 16.576283849011801 ], [ -98.966340055038302, 16.576495762066642 ], [ -98.966505355662974, 16.576811462681508 ], [ -98.966600189474079, 16.576985405945805 ], [ -98.966719390092962, 16.577191535169128 ], [ -98.966823223989195, 16.577361140603625 ], [ -98.967015525290449, 16.577663827608152 ], [ -98.967118237220006, 16.577819330439262 ], [ -98.967234071437602, 16.577983152007125 ], [ -98.967324416493199, 16.578100685132355 ], [ -98.96747961751349, 16.578289462905577 ], [ -98.967578962599703, 16.578402658162481 ], [ -98.967721796784716, 16.578553466172512 ], [ -98.967860508738966, 16.578691617562612 ], [ -98.968133810764527, 16.578955263546664 ], [ -98.96828227380513, 16.579084014630041 ], [ -98.968454360550595, 16.579206622043348 ], [ -98.968592708680987, 16.579282216660651 ], [ -98.968835666355844, 16.5793863930054 ], [ -98.968994266473686, 16.579438125005648 ], [ -98.969227109059815, 16.579489144677424 ], [ -98.969456579914436, 16.579522445357906 ], [ -98.969912149964571, 16.579571327236778 ], [ -98.97017199506341, 16.579590529246175 ], [ -98.970495960175313, 16.579599253723938 ], [ -98.97077605687771, 16.579594592468727 ], [ -98.971292381773679, 16.579571883707604 ], [ -98.97164334876949, 16.579548789614911 ], [ -98.972179924769691, 16.579502216029471 ], [ -98.972723250930741, 16.579447686818341 ], [ -98.973816652709303, 16.579330669862642 ], [ -98.97435922877969, 16.579270350739197 ], [ -98.974893555853541, 16.579206413239806 ], [ -98.975241525042719, 16.57916017053045 ], [ -98.975751105509033, 16.579085379984349 ], [ -98.976025956924005, 16.579040212225134 ], [ -98.976340930832677, 16.578979500007669 ], [ -98.976591035918872, 16.578923480787587 ], [ -98.977026377079042, 16.578816135054886 ], [ -98.97724386065741, 16.578756857077231 ], [ -98.977460970448149, 16.578686369333553 ], [ -98.977605336558, 16.578628167840119 ], [ -98.977821325047273, 16.578524051104576 ], [ -98.977940944870056, 16.578454998838552 ], [ -98.978083815902522, 16.57835195886009 ], [ -98.978202314434839, 16.578249277829233 ], [ -98.978414938800555, 16.578044274633488 ], [ -98.978519938722343, 16.577939422438366 ], [ -98.978622314344932, 16.577829869162105 ], [ -98.978687940509573, 16.577752132589712 ], [ -98.978782443377654, 16.577628476153539 ], [ -98.978832320731968, 16.577555077089734 ], [ -98.978887449970642, 16.577458536353788 ], [ -98.978929454680639, 16.577371034193629 ], [ -98.979000339527559, 16.577205068441518 ], [ -98.97903447039964, 16.577114311092892 ], [ -98.979065978226913, 16.577008004813113 ], [ -98.97908436041277, 16.576921585032032 ], [ -98.979107999141206, 16.576768631969177 ], [ -98.979118508739532, 16.576668109118657 ], [ -98.979126398822842, 16.576519493631636 ], [ -98.979129039368857, 16.576372324003302 ], [ -98.979129070931322, 16.576079430601464 ], [ -98.979131711313059, 16.575933707354089 ], [ -98.979139600888303, 16.575789431017739 ], [ -98.97915010979365, 16.575694693705085 ], [ -98.979173746919528, 16.575554758101919 ], [ -98.979192127830899, 16.57547846301 ], [ -98.979223633442658, 16.575389513336741 ], [ -98.979257761875544, 16.575317558970102 ], [ -98.979328641519757, 16.575190645529961 ], [ -98.979370643072642, 16.575126285458211 ], [ -98.979425768123974, 16.575060118690242 ], [ -98.979475641660045, 16.575014200812763 ], [ -98.979570137195509, 16.574942613929377 ], [ -98.979635758198668, 16.574901036719236 ], [ -98.979738125681834, 16.574847891967416 ], [ -98.979843117132432, 16.574800894565332 ], [ -98.980055723910013, 16.574713046999332 ], [ -98.980165963941189, 16.574671835485919 ], [ -98.980284077356529, 16.574636048612234 ], [ -98.980370693041905, 16.574617615354164 ], [ -98.980512426692769, 16.574598102434077 ], [ -98.980599041035717, 16.574592686567627 ], [ -98.980717150435339, 16.574595951908066 ], [ -98.980827385105556, 16.57460680999073 ], [ -98.981039979756915, 16.574636118798246 ], [ -98.981158087502379, 16.574656740537531 ], [ -98.981299816076159, 16.574689297028211 ], [ -98.981417922633042, 16.574722936106685 ], [ -98.981630513798265, 16.574791296770911 ], [ -98.981772240916868, 16.574841209588481 ], [ -98.981984831126567, 16.574922587376882 ], [ -98.982197421116254, 16.575008304109929 ], [ -98.982622601271387, 16.575184076085449 ], [ -98.982841939764384, 16.575283533401677 ], [ -98.98307477476996, 16.575406133780685 ], [ -98.983243494585452, 16.575511010504801 ], [ -98.983516819191181, 16.575703040231286 ], [ -98.983682162818042, 16.575832866510659 ], [ -98.983904869034234, 16.576030315702454 ], [ -98.9841107025958, 16.576229571350055 ], [ -98.984505497849568, 16.576629888753821 ], [ -98.98472370372761, 16.576860603625484 ], [ -98.984983525541935, 16.577152431123874 ], [ -98.98519835605893, 16.5774080954209 ], [ -98.985583026531785, 16.577883260547569 ], [ -98.985838349078506, 16.578208353541147 ], [ -98.986219646300228, 16.578708467401924 ], [ -98.986599820034058, 16.579216897193739 ], [ -98.987359048059233, 16.580242071279976 ], [ -98.987752725609013, 16.580764240388056 ], [ -98.988174526446969, 16.581305574947791 ], [ -98.988483849566819, 16.581685630343124 ], [ -98.988990018603431, 16.582284461714746 ], [ -98.989299346446529, 16.582636311330862 ], [ -98.989721160178703, 16.583093029067346 ], [ -98.990114855655065, 16.583502375447626 ], [ -98.990874131058732, 16.584273695552199 ], [ -98.991295953764606, 16.584692803991899 ], [ -98.991802144139413, 16.58517881025379 ], [ -98.992223971960001, 16.585569712252202 ], [ -98.992983266944151, 16.586256410945321 ], [ -98.993489466909722, 16.586704807003539 ], [ -98.993981053763832, 16.587131125157153 ], [ -98.994248771675004, 16.587363296487172 ], [ -98.994866206584348, 16.587891102208335 ], [ -98.99443093633829, 16.591844103629363 ], [ -98.994421517577905, 16.59315496174105 ], [ -98.994543344338723, 16.594411581371219 ], [ -98.994599493429405, 16.594595419919635 ], [ -98.994265059698961, 16.59448023541561 ] ] ] ] } }
]
}
