{
"type": "FeatureCollection",
"name": "1234",
"crs": { "type": "name", "properties": { "name": "urn:ogc:def:crs:OGC:1.3:CRS84" } },
"features": [
{ "type": "Feature", "properties": { "fid": 11.0, "cat": 10, "VULNERABIL": 3.0, "NOM_ACUIF": "MARQUELIA", "CLAVE_ACUI": "1234" }, "geometry": { "type": "MultiPolygon", "coordinates": [ [ [ [ -98.861528975624466, 16.604499415666155 ], [ -98.861713824377688, 16.604337210795975 ], [ -98.861900728305457, 16.604176685148339 ], [ -98.861982885378382, 16.604109567780249 ], [ -98.86217938112442, 16.603956879032825 ], [ -98.862241588306162, 16.603911816929905 ], [ -98.862335392895915, 16.60385421595306 ], [ -98.862407192272173, 16.603816990941013 ], [ -98.86264845129719, 16.603700875049057 ], [ -98.862718031123762, 16.603670055473508 ], [ -98.862801478116594, 16.603642346831151 ], [ -98.862851108294748, 16.603633582641809 ], [ -98.862999268802625, 16.603620391690182 ], [ -98.863058491247202, 16.603619464562236 ], [ -98.863186702166573, 16.603628328933045 ], [ -98.863310638193951, 16.603641919399518 ], [ -98.863760795553659, 16.60369647666284 ], [ -98.863883306283086, 16.603712239662133 ], [ -98.864004865516591, 16.60373124360979 ], [ -98.864056010822779, 16.603742629157754 ], [ -98.864173129695388, 16.603776757770362 ], [ -98.864208030906497, 16.603790446313045 ], [ -98.864253784335602, 16.60382019760015 ], [ -98.864284245169543, 16.603849010897335 ], [ -98.864380642353652, 16.603953721642583 ], [ -98.864406670831201, 16.603986269454268 ], [ -98.864431739819778, 16.604033448522248 ], [ -98.864441524178545, 16.604068299381456 ], [ -98.864462115538117, 16.604183757656429 ], [ -98.864467459524192, 16.604233733285188 ], [ -98.86447180675458, 16.604351494612164 ], [ -98.864472673095761, 16.60446974944967 ], [ -98.864472368782515, 16.604903844020917 ], [ -98.864470504928349, 16.605023698825352 ], [ -98.864462111254014, 16.605148926684635 ], [ -98.864451984141951, 16.605207968822494 ], [ -98.864413117929729, 16.605358270935017 ], [ -98.864394690269421, 16.60540965483775 ], [ -98.86434756074415, 16.605499144270123 ], [ -98.864298660486597, 16.605575602404816 ], [ -98.864117588531542, 16.60584291750601 ], [ -98.864060379555752, 16.605923107573407 ], [ -98.863974476537692, 16.606030012866217 ], [ -98.863908966914906, 16.606102544641626 ], [ -98.86368915809777, 16.606334120843428 ], [ -98.863593175471991, 16.60643172665683 ], [ -98.863365065367944, 16.606655644240227 ], [ -98.863135176049511, 16.606877920504452 ], [ -98.862290465339044, 16.607691290156868 ], [ -98.862059862263791, 16.607912649433462 ], [ -98.861828429286604, 16.608132291731469 ], [ -98.861728414190679, 16.608224707348874 ], [ -98.861493110060252, 16.608436337927078 ], [ -98.861420248708953, 16.608499406027388 ], [ -98.861315533458395, 16.608582093384431 ], [ -98.861238801597892, 16.608637150077655 ], [ -98.860985434610555, 16.60881139379709 ], [ -98.860913691950998, 16.608858444944477 ], [ -98.860832260113924, 16.608903773417897 ], [ -98.860787671600377, 16.608921477245762 ], [ -98.86066102370134, 16.608958766608236 ], [ -98.860612564782798, 16.608968459044689 ], [ -98.86051307108653, 16.608976401070521 ], [ -98.860419396156246, 16.608978054359007 ], [ -98.860081740185819, 16.608977827375433 ], [ -98.859989966097189, 16.608976278246068 ], [ -98.859899342988328, 16.608969276268251 ], [ -98.859861655494171, 16.60896082260081 ], [ -98.859776403643664, 16.608928374133367 ], [ -98.859751457125967, 16.608912988114952 ], [ -98.859720291883974, 16.608873635181446 ], [ -98.859700716631039, 16.608832802724304 ], [ -98.859640530741558, 16.608681604182546 ], [ -98.859624836711603, 16.6086338334134 ], [ -98.859611783743688, 16.608562101709868 ], [ -98.859608830671448, 16.608507398617686 ], [ -98.859608102629679, 16.60832384922319 ], [ -98.859610520809596, 16.608243699698601 ], [ -98.859622533675719, 16.608053217977641 ], [ -98.859637276708838, 16.607861250754475 ], [ -98.859694064414825, 16.607155885396324 ], [ -98.859710944031519, 16.606962661072746 ], [ -98.859732928106396, 16.606766312957319 ], [ -98.85974745432955, 16.606679039976008 ], [ -98.859793259262403, 16.606468114173349 ], [ -98.859812385642812, 16.606400421258289 ], [ -98.85985583718471, 16.606295446793478 ], [ -98.85989878441589, 16.606213176181008 ], [ -98.860055753038552, 16.605934221048731 ], [ -98.860104790329302, 16.605853022323465 ], [ -98.86017666262795, 16.605753050133714 ], [ -98.860230300055633, 16.6056914314434 ], [ -98.860408735587725, 16.605503849664416 ], [ -98.860486193621327, 16.605427653151953 ], [ -98.860669228930036, 16.605259651201859 ], [ -98.860853249695879, 16.605095844811228 ], [ -98.861528975624466, 16.604499415666155 ] ] ] ] } },
{ "type": "Feature", "properties": { "fid": 2.0, "cat": 1, "VULNERABIL": 1.0, "NOM_ACUIF": "MARQUELIA", "CLAVE_ACUI": "1234" }, "geometry": { "type": "MultiPolygon", "coordinates": [ [ [ [ -98.873037240978562, 16.721195448976825 ], [ -98.872364966713846, 16.723481958707772 ], [ -98.849381984321454, 16.767392839034585 ], [ -98.867850583501337, 16.816228241399781 ], [ -98.823526237457784, 16.885582826222851 ], [ -98.933243402654128, 16.997164470156452 ], [ -98.897843476487779, 17.055409006599259 ], [ -98.888433123898778, 17.070884939256246 ], [ -98.885884242353697, 17.075076218418648 ], [ -98.885634092504517, 17.075487542877696 ], [ -98.885230830858603, 17.07550901878929 ], [ -98.885262817209025, 17.07543106230041 ], [ -98.885356240520451, 17.075157049775648 ], [ -98.885377227518418, 17.075071867481135 ], [ -98.885381743693955, 17.074948362662113 ], [ -98.885367208403466, 17.074857109501931 ], [ -98.885294861015993, 17.074554766220807 ], [ -98.885267000331027, 17.074468844451761 ], [ -98.885209331085619, 17.074370219487335 ], [ -98.885154807139941, 17.074315248441241 ], [ -98.88495803147012, 17.074157341751402 ], [ -98.884867985567524, 17.074096299689469 ], [ -98.884644547008179, 17.073969343390537 ], [ -98.884415395169711, 17.073849019125426 ], [ -98.883569460686942, 17.07341446019824 ], [ -98.883335194198921, 17.073296191082953 ], [ -98.883087882871251, 17.07317882942754 ], [ -98.882968847264152, 17.073129439205399 ], [ -98.88266065913048, 17.07301631305662 ], [ -98.882553270774181, 17.072982590205182 ], [ -98.882360313073946, 17.072938343219615 ], [ -98.882192047585363, 17.072908856021485 ], [ -98.881599766647483, 17.072815495145633 ], [ -98.881420952046625, 17.072790272301717 ], [ -98.881178764521849, 17.072765927445271 ], [ -98.881011596918, 17.072756371939604 ], [ -98.880473668995108, 17.072736123746143 ], [ -98.880245624243585, 17.072730802888035 ], [ -98.879719343270921, 17.072726220447084 ], [ -98.879195558062719, 17.072724994029507 ], [ -98.877895807408038, 17.072724216030274 ], [ -98.877277508132622, 17.072723843008944 ], [ -98.87675300758039, 17.072725241185854 ], [ -98.876223388155537, 17.072732927200644 ], [ -98.875991289509415, 17.072742509971533 ], [ -98.875437781813289, 17.072779543476059 ], [ -98.875263221732183, 17.072797169130247 ], [ -98.875002115767742, 17.072842389391656 ], [ -98.874803667271834, 17.072889364073056 ], [ -98.874138679590573, 17.073063357866168 ], [ -98.873947441410408, 17.073118344580589 ], [ -98.87371998487005, 17.073200956628714 ], [ -98.873586285153721, 17.073263987204285 ], [ -98.873189809264986, 17.073475517521477 ], [ -98.873032220496214, 17.073567896933337 ], [ -98.872693282190795, 17.073787470664975 ], [ -98.872366672858774, 17.074008767662853 ], [ -98.871181428541277, 17.074821909319223 ], [ -98.87085838322561, 17.075044464570308 ], [ -98.870536088487981, 17.075269918054158 ], [ -98.870398713275961, 17.075369439573628 ], [ -98.870079923667831, 17.075608419853477 ], [ -98.869983086185641, 17.075684475738743 ], [ -98.869849967935906, 17.075800423179839 ], [ -98.86975663648073, 17.075890006498685 ], [ -98.869454207448186, 17.076192114316818 ], [ -98.869370313741541, 17.076279567952266 ], [ -98.869281239339912, 17.076385577357978 ], [ -98.869237883942674, 17.076449565752871 ], [ -98.869124633076609, 17.076642168839925 ], [ -98.869084783751845, 17.076719684755339 ], [ -98.869012071164022, 17.076888822630366 ], [ -98.868948045295497, 17.077052932237976 ], [ -98.868721969696566, 17.077649639036274 ], [ -98.86866817423595, 17.077812039075532 ], [ -98.8686432052057, 17.077973199303759 ], [ -98.868661330714033, 17.078041028175168 ], [ -98.868770885586372, 17.078196402647169 ], [ -98.868833249393148, 17.078242726428773 ], [ -98.869014725581295, 17.078303529542566 ], [ -98.869211613519099, 17.078344067206309 ], [ -98.869960385363498, 17.078648852069634 ], [ -98.870083645710565, 17.078699024387017 ], [ -98.870099560814694, 17.078705502518549 ], [ -98.870118804213561, 17.078713335406864 ], [ -98.870120095139981, 17.078713860869172 ], [ -98.87012142360507, 17.078714401611307 ], [ -98.870121629530999, 17.07871448543197 ], [ -98.870121654797742, 17.078714495716618 ], [ -98.796750381484244, 17.078223323278301 ], [ -98.773292899987652, 17.058122761910216 ], [ -98.742356831654504, 17.083145773464821 ], [ -98.640639395005508, 16.911605542498304 ], [ -98.638661394184197, 16.877611014812025 ], [ -98.637950371958311, 16.86538869503589 ], [ -98.671730046754888, 16.795944238393254 ], [ -98.631889614675217, 16.674452816794265 ], [ -98.675473412533364, 16.610058846319287 ], [ -98.676784954085676, 16.608120248466811 ], [ -98.677963148376705, 16.609943894928104 ], [ -98.678330057037385, 16.610332675976963 ], [ -98.678782202669169, 16.61060260213744 ], [ -98.68052531572252, 16.611473468137781 ], [ -98.681000897535384, 16.611710246766897 ], [ -98.681477157324792, 16.611944355802244 ], [ -98.681681945814674, 16.612042019395272 ], [ -98.682161365612345, 16.61226367378497 ], [ -98.682308803784096, 16.612328858428125 ], [ -98.682517428220734, 16.612411399576843 ], [ -98.682668024943936, 16.612464130856448 ], [ -98.68316218562498, 16.612627668432086 ], [ -98.683301169914657, 16.61267077114692 ], [ -98.683455602103606, 16.612708380210854 ], [ -98.683537235180836, 16.612719004781322 ], [ -98.683763757334376, 16.612730976965739 ], [ -98.68384854868404, 16.612729148282675 ], [ -98.684017719455596, 16.612708642309588 ], [ -98.684174600601395, 16.612681176673426 ], [ -98.684737541499445, 16.612573508828866 ], [ -98.684891103923604, 16.612543635011964 ], [ -98.685044788006621, 16.612511892574378 ], [ -98.685110774302487, 16.612496420131077 ], [ -98.68526502625825, 16.612455957832587 ], [ -98.685312367933903, 16.612441702884976 ], [ -98.685379043825137, 16.612415642151738 ], [ -98.685426953418897, 16.612392667480112 ], [ -98.685583855563593, 16.612311513018625 ], [ -98.685627891541699, 16.612286930704936 ], [ -98.68567649069702, 16.612253367769057 ], [ -98.685701882087869, 16.612230003036867 ], [ -98.685771776066872, 16.612154530547823 ], [ -98.685797735351471, 16.61212244610412 ], [ -98.685848984709764, 16.612048191195981 ], [ -98.685896238770468, 16.611974197192342 ], [ -98.686065508095226, 16.611703146665697 ], [ -98.686111583956517, 16.611623887984301 ], [ -98.686157335580006, 16.611525064750186 ], [ -98.686176619202527, 16.61146314739058 ], [ -98.68622085779144, 16.611273022944957 ], [ -98.686234075991138, 16.611195257039295 ], [ -98.686251522368266, 16.611022473930952 ], [ -98.686263227554292, 16.610853406822862 ], [ -98.686300405233467, 16.61023721006779 ], [ -98.686310486383746, 16.610045182283596 ], [ -98.686320354216491, 16.609765249402532 ], [ -98.686324369979289, 16.609557373070928 ], [ -98.686333242328899, 16.608867216381022 ], [ -98.686335745022888, 16.60856803881283 ], [ -98.686338551936657, 16.607862033517215 ], [ -98.68634005908325, 16.607152632057911 ], [ -98.686344285101242, 16.604548096843107 ], [ -98.686346979622869, 16.603838010490424 ], [ -98.686355328433237, 16.603128809758768 ], [ -98.686364560809039, 16.602825752242254 ], [ -98.686399296302952, 16.602120684558535 ], [ -98.686415583878372, 16.601905733168561 ], [ -98.686456857169958, 16.601607694389358 ], [ -98.68649953139159, 16.601396876087719 ], [ -98.686657403844222, 16.600711096025655 ], [ -98.686707243794132, 16.600520043208807 ], [ -98.686781958381331, 16.600314243550212 ], [ -98.686838853590359, 16.600211296854379 ], [ -98.687029649745895, 16.599936678503205 ], [ -98.68711293127572, 16.599837864756378 ], [ -98.687310782359162, 16.599651352285047 ], [ -98.687510145013789, 16.59948371950491 ], [ -98.688242650484881, 16.598887944155639 ], [ -98.688443663433986, 16.598726033408276 ], [ -98.688649220918492, 16.598566226774977 ], [ -98.688741861750088, 16.598499842467689 ], [ -98.688968628139719, 16.598349855640233 ], [ -98.689042591221693, 16.598306045562222 ], [ -98.68916098605348, 16.598251585472248 ], [ -98.689256158445872, 16.598217595407114 ], [ -98.689581901277137, 16.598113434920965 ], [ -98.689677616092354, 16.598086386333403 ], [ -98.689798542590736, 16.598064320348531 ], [ -98.689875579935617, 16.598059846114136 ], [ -98.690114161067498, 16.598061032215409 ], [ -98.690212407830501, 16.598066377850216 ], [ -98.690432311623184, 16.598090138070194 ], [ -98.690648213187785, 16.598118735456531 ], [ -98.691435850569107, 16.59822842804434 ], [ -98.691659455388418, 16.598262870715072 ], [ -98.691915306674758, 16.598313912203206 ], [ -98.692057203671098, 16.598352386065788 ], [ -98.692463538618043, 16.598480888982149 ], [ -98.692620173460028, 16.598536825400977 ], [ -98.692944801048114, 16.598669359279107 ], [ -98.693251920190463, 16.598802756690244 ], [ -98.694360518453493, 16.599292740823653 ], [ -98.694703044522939, 16.599446476824024 ], [ -98.695192898498476, 16.599673930211814 ], [ -98.695550163897693, 16.59984512758119 ], [ -98.696727552021343, 16.60041659194659 ], [ -98.69723530727245, 16.60066524521816 ], [ -98.698427443838156, 16.601254162686239 ], [ -98.699622746003854, 16.60184681535786 ], [ -98.704008742430702, 16.604023558991525 ], [ -98.705203722054662, 16.6046169803422 ], [ -98.706394241009548, 16.60520958773073 ], [ -98.706899997579043, 16.605462753096802 ], [ -98.708069675840918, 16.606051584225117 ], [ -98.708423273930833, 16.60623103021733 ], [ -98.708903716470886, 16.606479617000133 ], [ -98.709236464821927, 16.606655295041261 ], [ -98.710308851049646, 16.607226536466317 ], [ -98.710604527119159, 16.607385609380906 ], [ -98.710911958994814, 16.607556711268092 ], [ -98.711055471009871, 16.607642069890797 ], [ -98.711417762058559, 16.607869308137197 ], [ -98.711540423030996, 16.607950900094032 ], [ -98.711750549536347, 16.608104424563905 ], [ -98.711928069413077, 16.608242153211979 ], [ -98.712546370702071, 16.608731361459597 ], [ -98.712714878251376, 16.608866102323997 ], [ -98.712882943767042, 16.609005685796319 ], [ -98.712954529651995, 16.609070349986169 ], [ -98.713120531620774, 16.609232532735113 ], [ -98.713170906342796, 16.609287023232422 ], [ -98.713239986280854, 16.609379129536489 ], [ -98.71328829719296, 16.609456219474293 ], [ -98.713444668398751, 16.609723866155619 ], [ -98.713487991921141, 16.609803618736553 ], [ -98.713533796922434, 16.609908150831462 ], [ -98.713555909099313, 16.609977729820223 ], [ -98.713613294304153, 16.610197899667948 ], [ -98.713633342689349, 16.610290078118464 ], [ -98.713669516583877, 16.610500074378741 ], [ -98.713701145229905, 16.610707890581118 ], [ -98.713812572140299, 16.611467703209325 ], [ -98.713842065571669, 16.611675287615743 ], [ -98.713868274204245, 16.611884202275096 ], [ -98.713876221631565, 16.611975067387448 ], [ -98.713887100973281, 16.612190189920245 ], [ -98.713887146523291, 16.612257374016313 ], [ -98.713876479728938, 16.612355777266984 ], [ -98.71386119589134, 16.61242916924213 ], [ -98.713800538021317, 16.61267326186077 ], [ -98.713780275989421, 16.612742909582288 ], [ -98.713746377789064, 16.612823839675738 ], [ -98.713718213821721, 16.6128698063721 ], [ -98.713620680109599, 16.613003387502243 ], [ -98.713577186643946, 16.613055562037868 ], [ -98.713471750859085, 16.613165462069734 ], [ -98.713364621696158, 16.613270287538533 ], [ -98.712970120519913, 16.613649572584379 ], [ -98.712861093624142, 16.613753479881236 ], [ -98.712746803484634, 16.613859095991778 ], [ -98.712692558829801, 16.613906068891318 ], [ -98.712553707223748, 16.614019659626688 ], [ -98.712505938463579, 16.614056141148968 ], [ -98.71242186925798, 16.614112797554899 ], [ -98.712349539140206, 16.61415725374307 ], [ -98.712096067587595, 16.614308059377102 ], [ -98.712019861895826, 16.614351976166038 ], [ -98.711917707090706, 16.614406115708618 ], [ -98.711847977355518, 16.614439541127453 ], [ -98.711624726623185, 16.614541386755484 ], [ -98.711530435393271, 16.614582786672777 ], [ -98.711313660404386, 16.614674140667482 ], [ -98.711098272946373, 16.614763246300921 ], [ -98.710309905004394, 16.615087716888119 ], [ -98.710094753957449, 16.615176821794233 ], [ -98.709879085141054, 16.615268175811114 ], [ -98.709786138011523, 16.615309576800044 ], [ -98.709568053540991, 16.615411427394726 ], [ -98.709500775364432, 16.615444855437879 ], [ -98.709404895116506, 16.615499002492115 ], [ -98.709335201503123, 16.615542927382066 ], [ -98.709105844704851, 16.615693763016658 ], [ -98.709041133899603, 16.615738228692486 ], [ -98.70896850713028, 16.615794899687547 ], [ -98.708929465420567, 16.615831392587236 ], [ -98.708819897492035, 16.615945021769676 ], [ -98.708778440309018, 16.615992011533329 ], [ -98.708694541405762, 16.616097667929562 ], [ -98.708616142957837, 16.61620161585515 ], [ -98.708334181817122, 16.616581049549076 ], [ -98.708257444234874, 16.616684999660034 ], [ -98.708181297283801, 16.61679066671681 ], [ -98.708149253564628, 16.616837669565609 ], [ -98.708075863157532, 16.61695134913764 ], [ -98.708053987402636, 16.616987865977762 ], [ -98.708025290996048, 16.617044598340865 ], [ -98.708006171883895, 16.617089127734154 ], [ -98.707945645718894, 16.617240199196207 ], [ -98.707929296147285, 16.617284198561247 ], [ -98.707913524364429, 16.617338457481299 ], [ -98.707907342822253, 16.61737197086029 ], [ -98.707894267404825, 16.617474107708578 ], [ -98.707890842518609, 16.617515633646796 ], [ -98.707887935140491, 16.617607284510882 ], [ -98.707887206629621, 16.617696688378061 ], [ -98.707886714285721, 16.618022255555125 ], [ -98.707888356936195, 16.618113035669538 ], [ -98.707896514993493, 16.618211109031908 ], [ -98.707906526714069, 16.618260433721012 ], [ -98.707945090046124, 16.618392542236947 ], [ -98.707963410574195, 16.618440276864426 ], [ -98.708010343035042, 16.618530929941759 ], [ -98.708059068906806, 16.618612699702201 ], [ -98.708239524148254, 16.61890363875191 ], [ -98.708296546115207, 16.618992360965404 ], [ -98.708382193124905, 16.619115458985583 ], [ -98.708447524034611, 16.619202591082594 ], [ -98.708666754926597, 16.619486109397439 ], [ -98.708762491682947, 16.619607276443034 ], [ -98.708990032333404, 16.619889204330363 ], [ -98.709219354113586, 16.620170791233964 ], [ -98.710061986815717, 16.621202933662317 ], [ -98.71029368430483, 16.62148498034411 ], [ -98.710532301529796, 16.621769057650631 ], [ -98.710641485336225, 16.621892835861367 ], [ -98.710912392615583, 16.622186390157687 ], [ -98.711002242664748, 16.622278284512831 ], [ -98.711150635242049, 16.622413570688696 ], [ -98.711272774625684, 16.622514942271504 ], [ -98.71169436661053, 16.622852723033393 ], [ -98.711819282584017, 16.622949292942209 ], [ -98.711980631025639, 16.623062172191851 ], [ -98.712086212779937, 16.62312685837189 ], [ -98.712417579473808, 16.623315847720601 ], [ -98.712555450842885, 16.623390010813804 ], [ -98.712867483785757, 16.623547115935704 ], [ -98.713175374084912, 16.623697388424354 ], [ -98.714300166121902, 16.624241551542148 ], [ -98.714610311127032, 16.624393312353483 ], [ -98.714932858888247, 16.624557369710207 ], [ -98.715083496090472, 16.624639976848691 ], [ -98.715463922137417, 16.62486141935436 ], [ -98.715592781596257, 16.624941504703262 ], [ -98.715813699368994, 16.625093794102774 ], [ -98.716000436863837, 16.625231264965191 ], [ -98.71665096253075, 16.625720505177608 ], [ -98.716845436916756, 16.625869731913436 ], [ -98.717102456710577, 16.626076884164572 ], [ -98.717275153425689, 16.626223589248365 ], [ -98.717824052951016, 16.626701060043327 ], [ -98.718054629622401, 16.626905149698391 ], [ -98.718581754488838, 16.627380097361197 ], [ -98.719104215110789, 16.627854503479721 ], [ -98.721015259160822, 16.629593441303022 ], [ -98.721538917801823, 16.630068300609782 ], [ -98.722071594752066, 16.630545382602691 ], [ -98.722308901423219, 16.630752069880369 ], [ -98.722883655770673, 16.631239528382196 ], [ -98.72306861734225, 16.631390974005388 ], [ -98.723357015628608, 16.631610262458345 ], [ -98.723584051686771, 16.631772085983588 ], [ -98.72435515721925, 16.632307972505341 ], [ -98.724579993464332, 16.632460181612867 ], [ -98.724858121435943, 16.632634605752678 ], [ -98.725030610710107, 16.632731574071713 ], [ -98.725557433308197, 16.633009668175109 ], [ -98.725771997449854, 16.633117013799527 ], [ -98.726246473921904, 16.633339866094438 ], [ -98.726709733978737, 16.633550880208269 ], [ -98.728397145292064, 16.634312752855013 ], [ -98.728859227872803, 16.634520557201697 ], [ -98.729328194364371, 16.63472844577759 ], [ -98.729536063223208, 16.634817625800885 ], [ -98.730037151450844, 16.635025910576495 ], [ -98.730197428942162, 16.635089756201207 ], [ -98.730444301816107, 16.63517941822484 ], [ -98.730636699878474, 16.635243661159194 ], [ -98.731287685365373, 16.635453798443137 ], [ -98.731476768576954, 16.635512697190546 ], [ -98.731708170629062, 16.635577421801759 ], [ -98.731849661720503, 16.635610986848459 ], [ -98.732278551588024, 16.635702898742444 ], [ -98.732452163271347, 16.635736860744171 ], [ -98.732833461169378, 16.635803438303292 ], [ -98.733204560923653, 16.635864586661754 ], [ -98.73455506365292, 16.636083363221747 ], [ -98.734927349386567, 16.63614588294714 ], [ -98.735314178325154, 16.636218869980606 ], [ -98.735494505215598, 16.636260617878424 ], [ -98.735949201938865, 16.636382454202938 ], [ -98.73610293794404, 16.636430218757223 ], [ -98.736365675724045, 16.636531284086523 ], [ -98.736587279529687, 16.636627898470984 ], [ -98.7373586943921, 16.636977698745877 ], [ -98.737589144244012, 16.637086069336465 ], [ -98.737893160606049, 16.637241999940276 ], [ -98.738097019827336, 16.6373563874021 ], [ -98.738744347748167, 16.637734264008852 ], [ -98.739016076646095, 16.637897499994999 ], [ -98.739636816874111, 16.638281391421312 ], [ -98.740251861438097, 16.638666570525729 ], [ -98.742501347811114, 16.640080168063939 ], [ -98.74311592980888, 16.6404648805477 ], [ -98.743734474109132, 16.640846621465801 ], [ -98.744003525112362, 16.641007254387461 ], [ -98.744640552150855, 16.641375133702944 ], [ -98.744839520749125, 16.641484779646536 ], [ -98.745131012615744, 16.641628582329716 ], [ -98.745348460961722, 16.641724368759235 ], [ -98.746071729175526, 16.642027568143185 ], [ -98.746278120164831, 16.642109458350696 ], [ -98.746518008623454, 16.642188414618193 ], [ -98.746654315319248, 16.642219319175851 ], [ -98.747050524822271, 16.642284583887168 ], [ -98.747205310803821, 16.642301628882553 ], [ -98.747531435745856, 16.642315907629559 ], [ -98.747842542529014, 16.642319260545683 ], [ -98.748968249271954, 16.642320625343991 ], [ -98.749277222899991, 16.642321685332302 ], [ -98.749593393035241, 16.642325270561148 ], [ -98.749736091026705, 16.642329332635995 ], [ -98.750085844879266, 16.642344703691343 ], [ -98.750200108904352, 16.642351934678349 ], [ -98.750383587152371, 16.642370308488282 ], [ -98.750531434928192, 16.642389325765336 ], [ -98.751037913179843, 16.64245969859876 ], [ -98.751186864619712, 16.642481920210379 ], [ -98.751375492893402, 16.642515248875291 ], [ -98.751496010413263, 16.64254063967347 ], [ -98.751869797397248, 16.642625801097186 ], [ -98.752023898919404, 16.642662977823495 ], [ -98.752369252362868, 16.642751307848918 ], [ -98.752708513123494, 16.642840316501392 ], [ -98.753946378974973, 16.643167356078941 ], [ -98.754289200988595, 16.643256824023521 ], [ -98.754651168803363, 16.643347305595146 ], [ -98.754825443454052, 16.643387097393319 ], [ -98.75527675740976, 16.643482310668062 ], [ -98.755434060331993, 16.643512471511634 ], [ -98.755716826485624, 16.643558009200138 ], [ -98.755963475247597, 16.643592902049868 ], [ -98.756831737237533, 16.643710195694943 ], [ -98.757093895068863, 16.643744037553756 ], [ -98.757449035715865, 16.64378467441334 ], [ -98.757694221639611, 16.643808885246049 ], [ -98.758483282259078, 16.643881230823045 ], [ -98.758817814391435, 16.643910171548697 ], [ -98.759589903667305, 16.643972882768299 ], [ -98.760358356567565, 16.64403352754265 ], [ -98.763172384721443, 16.644253803887825 ], [ -98.763939653543062, 16.64431420525235 ], [ -98.764706209322071, 16.644375823348938 ], [ -98.765034019828988, 16.644403449804123 ], [ -98.765797246441352, 16.644470755180183 ], [ -98.766030173800928, 16.644492577874857 ], [ -98.766353941261229, 16.6445271131353 ], [ -98.766583538855727, 16.644554626533409 ], [ -98.767331227225583, 16.64464848580598 ], [ -98.767539779366516, 16.644675974548921 ], [ -98.767765333908102, 16.644710397559127 ], [ -98.767879002510355, 16.644732084669968 ], [ -98.768183901526868, 16.644798868054664 ], [ -98.768294240372015, 16.644826246291988 ], [ -98.768504255916753, 16.644887228157174 ], [ -98.768693939352787, 16.644946966773286 ], [ -98.769369114035996, 16.645164763919816 ], [ -98.769555950537068, 16.645223812128215 ], [ -98.769752678656602, 16.6452815745001 ], [ -98.769846882247236, 16.64530504407174 ], [ -98.770089770892397, 16.645356806308271 ], [ -98.770174016090152, 16.645371366144886 ], [ -98.770324271635928, 16.6453875499185 ], [ -98.770454677217458, 16.645396109717879 ], [ -98.77091298111273, 16.645419871126787 ], [ -98.771051144281088, 16.645425235637926 ], [ -98.771237601764184, 16.645426509126434 ], [ -98.771365806418146, 16.645422963895339 ], [ -98.771777637277722, 16.645405145599838 ], [ -98.771952002221113, 16.645395599758672 ], [ -98.772353874408964, 16.645368870818807 ], [ -98.772753612511792, 16.645340231928976 ], [ -98.774217183962293, 16.645233306908935 ], [ -98.774618107279082, 16.645205580989948 ], [ -98.775025512158962, 16.645183124182477 ], [ -98.7752065958976, 16.645178769473251 ], [ -98.775644248529233, 16.645180904230351 ], [ -98.775784705518404, 16.645186827407123 ], [ -98.776002518859798, 16.645212334563556 ], [ -98.776173223825936, 16.64524285014355 ], [ -98.776752034061417, 16.64535974818952 ], [ -98.776920515284871, 16.645397735551143 ], [ -98.777127950400825, 16.645458112710234 ], [ -98.777255805054608, 16.645506378482242 ], [ -98.777645025318037, 16.645671241277697 ], [ -98.777803128474687, 16.645744099143375 ], [ -98.77815172292145, 16.645919239808336 ], [ -98.778491612264773, 16.64609658252478 ], [ -98.77972917282473, 16.646749037110233 ], [ -98.780068353021974, 16.646926376508322 ], [ -98.780413628640872, 16.647101509880439 ], [ -98.780567698893037, 16.647174361385016 ], [ -98.780941417792349, 16.64733920164139 ], [ -98.781061916460729, 16.647387457315936 ], [ -98.781250524361326, 16.647447810509689 ], [ -98.781399465549953, 16.647485773652019 ], [ -98.78190591683834, 16.647602581145566 ], [ -98.782053759041702, 16.647633067877567 ], [ -98.782237237684711, 16.647658532448784 ], [ -98.782351507794274, 16.647664423711404 ], [ -98.782701289640954, 16.647666451439282 ], [ -98.782844002097207, 16.647662049894148 ], [ -98.783160211662775, 16.647639481687101 ], [ -98.783469227090876, 16.647611642627773 ], [ -98.784595088849514, 16.647504291798619 ], [ -98.784902680730553, 16.647475533840925 ], [ -98.785212248416215, 16.647448684305587 ], [ -98.785346896148852, 16.647439086098416 ], [ -98.78566568456533, 16.647421143983557 ], [ -98.785765248741413, 16.647417560275692 ], [ -98.7859110931808, 16.647418778656128 ], [ -98.786019878212215, 16.647424102899688 ], [ -98.786381697309466, 16.647447730668922 ], [ -98.786484940382891, 16.647456252443607 ], [ -98.786604922249069, 16.647472393296773 ], [ -98.786673081842281, 16.647486929908393 ], [ -98.786871178130852, 16.647538626503859 ], [ -98.786948558678176, 16.647562071056864 ], [ -98.787111571604711, 16.647619782412381 ], [ -98.787267066732383, 16.647678782578957 ], [ -98.787829698455724, 16.64789640449111 ], [ -98.787986852549636, 16.647958151658994 ], [ -98.78815760589373, 16.648028684032511 ], [ -98.788244385092099, 16.648067697468115 ], [ -98.788478601429659, 16.648179227719424 ], [ -98.788563899543874, 16.648222154878077 ], [ -98.78872774099888, 16.648310951448565 ], [ -98.788876502184365, 16.648394876473056 ], [ -98.789406880521028, 16.648697729277799 ], [ -98.789568924171121, 16.648791277736066 ], [ -98.789794748707934, 16.648924985072163 ], [ -98.789955311543252, 16.64902244709598 ], [ -98.790478781111247, 16.649343561889875 ], [ -98.790702808351838, 16.649482020801244 ], [ -98.79122479924969, 16.649807047598202 ], [ -98.791746474523762, 16.650132911779725 ], [ -98.793658981644057, 16.651328574660933 ], [ -98.794183988333657, 16.651654436062788 ], [ -98.794721499057943, 16.651979469512323 ], [ -98.794964363613261, 16.652117942491216 ], [ -98.795560220921246, 16.652439116084203 ], [ -98.795755128902059, 16.652536607496305 ], [ -98.796068841224198, 16.652670394572208 ], [ -98.79632209374644, 16.652764027447624 ], [ -98.797190227941869, 16.653067191883203 ], [ -98.797445707088812, 16.653151215127235 ], [ -98.797769807416572, 16.65324016105119 ], [ -98.797977328626473, 16.653283203503026 ], [ -98.798621660894838, 16.653395121449133 ], [ -98.798887526677674, 16.653434304270103 ], [ -98.799483901206258, 16.653505239661104 ], [ -98.800069999278051, 16.653567391997111 ], [ -98.802208751912531, 16.653786488517415 ], [ -98.802792717350243, 16.653846800579199 ], [ -98.803379133894779, 16.653909172704978 ], [ -98.803632906118651, 16.653937964811334 ], [ -98.804230759993303, 16.654009955809236 ], [ -98.804416227314107, 16.65403405521872 ], [ -98.804683887390851, 16.654074528966447 ], [ -98.804880791627568, 16.654108249178808 ], [ -98.805532018411455, 16.654225135393904 ], [ -98.805716736863971, 16.654259911215444 ], [ -98.805927529093566, 16.654305313275273 ], [ -98.806043942370934, 16.65433539762325 ], [ -98.806376412242969, 16.654430388994871 ], [ -98.806504262564502, 16.654470094210264 ], [ -98.8067684274762, 16.654560393962633 ], [ -98.807017955753537, 16.654649688206359 ], [ -98.807918257858361, 16.654976092768006 ], [ -98.808167075561144, 16.655064927337158 ], [ -98.808427921008203, 16.655153086260004 ], [ -98.808551739502121, 16.65519019319904 ], [ -98.808868713719278, 16.655275199897073 ], [ -98.808977774219443, 16.655300546878042 ], [ -98.809169748871739, 16.655333826276454 ], [ -98.809334937883492, 16.655356021230222 ], [ -98.809913845511772, 16.655426317411433 ], [ -98.810087899740935, 16.655445316410084 ], [ -98.810321244943665, 16.65546368304226 ], [ -98.810480540984912, 16.655470922109568 ], [ -98.810990577337165, 16.655486337189526 ], [ -98.811206001879242, 16.655490423367329 ], [ -98.811701280017999, 16.655494077160142 ], [ -98.812193395680126, 16.655495209883899 ], [ -98.813994657400954, 16.655496833354224 ], [ -98.814487010294755, 16.655498189668183 ], [ -98.814983395312552, 16.655502904440826 ], [ -98.815200163868425, 16.655508284317424 ], [ -98.815715365496814, 16.65552867558036 ], [ -98.815877112426449, 16.655538277158385 ], [ -98.81611672976716, 16.655562693868315 ], [ -98.816297293351099, 16.655587973278283 ], [ -98.816900306396633, 16.655681526254416 ], [ -98.817073111980889, 16.655711069451879 ], [ -98.817276524686633, 16.655755385671505 ], [ -98.817394308671368, 16.655789151424631 ], [ -98.817740554753442, 16.655902408490984 ], [ -98.817877155679568, 16.655951851984025 ], [ -98.818168380553416, 16.656069331320875 ], [ -98.818447815395643, 16.656187715209661 ], [ -98.81946062236949, 16.656622691280333 ], [ -98.8197379231014, 16.656740385119718 ], [ -98.8200191836128, 16.656854649722984 ], [ -98.820143683371398, 16.656900191281455 ], [ -98.820443421717002, 16.656998453919588 ], [ -98.820539137847277, 16.657025105355636 ], [ -98.82068607461305, 16.65705121628449 ], [ -98.82080026813658, 16.657061866159424 ], [ -98.821186234517711, 16.657085454274259 ], [ -98.82129821953194, 16.657088627175323 ], [ -98.821434849814963, 16.657079846313035 ], [ -98.821518050904402, 16.657064129345859 ], [ -98.821769692278565, 16.656999564229412 ], [ -98.821871370542695, 16.656967845581075 ], [ -98.822094227719163, 16.656884390378277 ], [ -98.822310916712425, 16.656796887156371 ], [ -98.823099273354984, 16.656471992295753 ], [ -98.82331525015617, 16.656383572123996 ], [ -98.823534786731074, 16.656295841215083 ], [ -98.823632433743697, 16.65625893167093 ], [ -98.823868583223657, 16.656174418018278 ], [ -98.823944433808691, 16.656149235921063 ], [ -98.824062253825844, 16.656116233244035 ], [ -98.82415471755003, 16.65609426864831 ], [ -98.824468394802025, 16.656024769629898 ], [ -98.824559747780967, 16.656006007396982 ], [ -98.824672384552855, 16.655987949580844 ], [ -98.824741941258679, 16.655980914948064 ], [ -98.824953902441393, 16.655966144383427 ], [ -98.825040072320903, 16.6559623271581 ], [ -98.825230237258396, 16.655959284030363 ], [ -98.82541573157846, 16.655958753819775 ], [ -98.826091206819854, 16.655959321401479 ], [ -98.826276462534807, 16.655960163142911 ], [ -98.826465513952229, 16.655963524919109 ], [ -98.826550331691223, 16.655967485826299 ], [ -98.826757096404975, 16.65598260826329 ], [ -98.826824187436884, 16.655989757733309 ], [ -98.826930514196931, 16.656007999581728 ], [ -98.827015318546515, 16.656026909884211 ], [ -98.827304745535386, 16.656096915902697 ], [ -98.827389547092679, 16.656119029535265 ], [ -98.827495860597125, 16.65615222068017 ], [ -98.827562935473011, 16.656177522979899 ], [ -98.827769638145185, 16.656262409142208 ], [ -98.827854426474829, 16.656299472170982 ], [ -98.828043402668399, 16.656387546830061 ], [ -98.828228580447671, 16.656476304632296 ], [ -98.828903768516014, 16.656802431826282 ], [ -98.829089897404131, 16.656890274365875 ], [ -98.82928330951907, 16.656974080242509 ], [ -98.829373483532621, 16.657005960491936 ], [ -98.82960088347231, 16.657070929070823 ], [ -98.829677778781857, 16.657086780851074 ], [ -98.829809223533516, 16.65709578734694 ], [ -98.82992010642721, 16.657092801963099 ], [ -98.830306115120052, 16.65706986328966 ], [ -98.83042143555889, 16.657059406470434 ], [ -98.830573588941363, 16.657033547022944 ], [ -98.830675630464128, 16.657007061785979 ], [ -98.83099967068182, 16.6569093232192 ], [ -98.831135699481024, 16.65686400048294 ], [ -98.831446460302729, 16.656750232971444 ], [ -98.831754375273093, 16.656633030375119 ], [ -98.832880548156467, 16.656199848970317 ], [ -98.833189886027384, 16.656082187727563 ], [ -98.833507292689262, 16.655966286787205 ], [ -98.833651393164487, 16.655918375568444 ], [ -98.834006455378585, 16.655810690747128 ], [ -98.834123216977844, 16.655779486628081 ], [ -98.834313042420305, 16.655741552493129 ], [ -98.83446746002582, 16.655718564949009 ], [ -98.834998249896003, 16.6556492231568 ], [ -98.835154878260497, 16.655631576002015 ], [ -98.835355020966787, 16.655618565114988 ], [ -98.835484310777161, 16.655617625320591 ], [ -98.835887520561059, 16.655626250142038 ], [ -98.836054466527244, 16.655633526476588 ], [ -98.836430337956386, 16.655658857945703 ], [ -98.836800351262568, 16.655687768977913 ], [ -98.838151209514876, 16.655797350737075 ], [ -98.838519680162918, 16.65582660073196 ], [ -98.838888350684712, 16.655853523886734 ], [ -98.839046552124188, 16.655862735994798 ], [ -98.83941615496154, 16.655878802675442 ], [ -98.839529498448883, 16.655881394728517 ], [ -98.839688831841329, 16.655877424620819 ], [ -98.839803107475149, 16.655869160984349 ], [ -98.840177060299396, 16.655834567119353 ], [ -98.840281923196514, 16.655822558562633 ], [ -98.840397330621329, 16.655801112867319 ], [ -98.840457335474895, 16.655782484746751 ], [ -98.840621950647972, 16.655716999171759 ], [ -98.840682887545881, 16.655687515440523 ], [ -98.840802644576186, 16.655615410307188 ], [ -98.840912789094688, 16.655541886669731 ], [ -98.841307039200345, 16.655270881072525 ], [ -98.841413742470834, 16.655196096017299 ], [ -98.841517441581061, 16.65511810512297 ], [ -98.841558879953453, 16.65508147465534 ], [ -98.841648559912642, 16.654988523375184 ], [ -98.841673008866294, 16.654956863112858 ], [ -98.841697424068158, 16.65490206652467 ], [ -98.8417078539768, 16.654855445948659 ], [ -98.841732111664797, 16.654692679847308 ], [ -98.841735896906982, 16.654643918539477 ], [ -98.841729303710721, 16.654579131874087 ], [ -98.841716099623497, 16.65453534080223 ], [ -98.841661073791357, 16.65439576912306 ], [ -98.841633850749076, 16.654337017733447 ], [ -98.841561835729934, 16.654202416254996 ], [ -98.841486180248097, 16.654068879797297 ], [ -98.84120513715159, 16.653580310917757 ], [ -98.841118920233001, 16.653445507722235 ], [ -98.8409976169564, 16.653304995217109 ], [ -98.840910543428507, 16.653239066262525 ], [ -98.840625503769317, 16.653071910119341 ], [ -98.840503160420127, 16.653015030437142 ], [ -98.840217264327137, 16.652916748061994 ], [ -98.839931184838136, 16.652833224078048 ], [ -98.838882045091196, 16.652541724889392 ], [ -98.838553322640081, 16.652454428478567 ], [ -98.8380684226874, 16.65233854694095 ], [ -98.837704430919516, 16.652260298198037 ], [ -98.836490704207208, 16.652011015322284 ], [ -98.835962978727451, 16.65190611663396 ], [ -98.834713986521223, 16.651665872043598 ], [ -98.833457439623103, 16.651427558860714 ], [ -98.828842570307586, 16.650555617664388 ], [ -98.827576902009014, 16.650314629990991 ], [ -98.826285295423247, 16.650062019325173 ], [ -98.825705809328994, 16.649942139791278 ], [ -98.824293148159086, 16.649635311678889 ], [ -98.823834760475435, 16.649529767190437 ], [ -98.823108277199225, 16.64934405863853 ], [ -98.822528832025498, 16.649184304683473 ], [ -98.820551244041681, 16.648624484919843 ], [ -98.819971811195231, 16.648456181229726 ], [ -98.819245373193127, 16.648230593632089 ], [ -98.818787037222279, 16.648076629838599 ], [ -98.817374577419201, 16.647583715460851 ], [ -98.816795188439755, 16.647375537367932 ], [ -98.815503832503325, 16.646896954933329 ], [ -98.814238431577039, 16.646421438676633 ], [ -98.809624630402382, 16.644680888144222 ], [ -98.808360445642663, 16.644205337322841 ], [ -98.807074670706101, 16.643726707825653 ], [ -98.806502029829971, 16.64351850739687 ], [ -98.805115481115408, 16.643025534109174 ], [ -98.804669432514345, 16.642871550811183 ], [ -98.803974417733187, 16.642645939562883 ], [ -98.803427588285814, 16.642477620669567 ], [ -98.801570737961271, 16.64191773511887 ], [ -98.801029442213277, 16.641757957853777 ], [ -98.800360239859614, 16.641572224899093 ], [ -98.799945531863756, 16.641466669864588 ], [ -98.7986794319376, 16.641159809293324 ], [ -98.798163944296135, 16.641039915213671 ], [ -98.797024434586177, 16.640787270965816 ], [ -98.795912053076719, 16.640546240728273 ], [ -98.791860470013816, 16.639674033164674 ], [ -98.790754744820347, 16.639435499088684 ], [ -98.789646255904984, 16.639194591867231 ], [ -98.789168423578133, 16.639088976824233 ], [ -98.788047028400101, 16.638837013761776 ], [ -98.787700978267168, 16.638757513700334 ], [ -98.787207471381251, 16.63863847942887 ], [ -98.786848511721558, 16.638547930494163 ], [ -98.785666875455732, 16.638244399715834 ], [ -98.785333389324833, 16.638157077959136 ], [ -98.784958754924659, 16.638053110861279 ], [ -98.784757048904041, 16.637991908479879 ], [ -98.784190388949881, 16.637810263939251 ], [ -98.783975773410489, 16.637738013158486 ], [ -98.783540893954125, 16.637582487772857 ], [ -98.783134253533092, 16.637432558946081 ], [ -98.781671482337131, 16.636888410806247 ], [ -98.781270897649023, 16.636738141489285 ], [ -98.780864268963455, 16.636581038552759 ], [ -98.780683955111002, 16.636506875623716 ], [ -98.780249119267353, 16.636317884822681 ], [ -98.780109961833418, 16.63625319744159 ], [ -98.779895395949453, 16.636140314212891 ], [ -98.779728030755251, 16.636043739803625 ], [ -98.77916156012445, 16.635705941658582 ], [ -98.778996970233123, 16.635604564391151 ], [ -98.778795353665075, 16.635469269434381 ], [ -98.778671919840193, 16.635377368240267 ], [ -98.778297512413175, 16.635083790669025 ], [ -98.778145871484625, 16.634960002175156 ], [ -98.777812621148328, 16.634675900192711 ], [ -98.77748819080945, 16.634393828377334 ], [ -98.776307439980243, 16.633361591497057 ], [ -98.7759842044956, 16.633076315148109 ], [ -98.775656516001121, 16.632777266134493 ], [ -98.775511624432966, 16.632635329945977 ], [ -98.77516315245488, 16.632272010038481 ], [ -98.775052023712291, 16.632147017364034 ], [ -98.774881894330321, 16.631927038392629 ], [ -98.774749981195342, 16.631737775372493 ], [ -98.774304517561205, 16.631074526418022 ], [ -98.774175386419657, 16.630875121687858 ], [ -98.774018236473879, 16.630607815744906 ], [ -98.773922867619319, 16.630425354872926 ], [ -98.773634963695301, 16.629841176570537 ], [ -98.773518811435395, 16.629594445193916 ], [ -98.773264671328633, 16.629027210458244 ], [ -98.773017767253975, 16.628463606294886 ], [ -98.772119698957098, 16.626400686002377 ], [ -98.77187303829497, 16.625837538319225 ], [ -98.771620012883872, 16.625272438357623 ], [ -98.771505207709168, 16.625028300585338 ], [ -98.771222475760311, 16.624454090897313 ], [ -98.771129559364297, 16.624276360354671 ], [ -98.770978680695166, 16.624021161016518 ], [ -98.770856056191747, 16.623834321050332 ], [ -98.770434688563086, 16.623217600092808 ], [ -98.770310389162603, 16.623043037979524 ], [ -98.770151691494036, 16.62284513618906 ], [ -98.770049279846759, 16.622736981479491 ], [ -98.769730056913787, 16.622430161069772 ], [ -98.769597937481009, 16.622312896663662 ], [ -98.769300602895584, 16.622072483217686 ], [ -98.769007959082757, 16.621846299567398 ], [ -98.767939627583601, 16.621031186262641 ], [ -98.767645320420257, 16.62080934643669 ], [ -98.767340213422216, 16.620589210256092 ], [ -98.767198652984916, 16.620496570093962 ], [ -98.76684314466236, 16.620284385421503 ], [ -98.766723515243783, 16.620221134836086 ], [ -98.766520752576042, 16.620138150356674 ], [ -98.766350721057719, 16.620082851626346 ], [ -98.765760003862397, 16.619907774470171 ], [ -98.765583871645092, 16.61986047695229 ], [ -98.765352637898488, 16.619814833216065 ], [ -98.765198436142782, 16.619796925425643 ], [ -98.764710061753632, 16.61975899893319 ], [ -98.764505457828264, 16.619749042258967 ], [ -98.764039013806851, 16.619740504331808 ], [ -98.763577269131048, 16.619738263266115 ], [ -98.76188890476736, 16.619736335192425 ], [ -98.761427037148124, 16.619737635923016 ], [ -98.760960019137784, 16.619745641764936 ], [ -98.760754718148036, 16.619755778651488 ], [ -98.760263664775948, 16.619795078211482 ], [ -98.760108191848047, 16.619813814573032 ], [ -98.759873704932673, 16.619861951911531 ], [ -98.759694196499808, 16.619911983142593 ], [ -98.759090976774473, 16.620097323969603 ], [ -98.758916994913747, 16.620155903556249 ], [ -98.758708299864423, 16.620243935078886 ], [ -98.758584145955766, 16.620311114871189 ], [ -98.758213455690026, 16.620536588763802 ], [ -98.758065265653613, 16.620635063221155 ], [ -98.75774440246775, 16.620869136897348 ], [ -98.757434216010083, 16.621105053091625 ], [ -98.756307536741957, 16.621971918130996 ], [ -98.755999244543816, 16.622208520797994 ], [ -98.755687232545384, 16.622445805078957 ], [ -98.755549793833907, 16.622548180278368 ], [ -98.755220425146604, 16.622788646894907 ], [ -98.755115878776948, 16.622862941093256 ], [ -98.754957364796567, 16.622969180987187 ], [ -98.75483546260827, 16.623046658049578 ], [ -98.7544250991605, 16.623301977350859 ], [ -98.754306525988113, 16.623374118893246 ], [ -98.754163548546913, 16.623455460566777 ], [ -98.754077868273754, 16.623499521443463 ], [ -98.753821004314077, 16.623623797059157 ], [ -98.753717968195588, 16.623671040697616 ], [ -98.753493997000547, 16.623767235442223 ], [ -98.753277074141366, 16.623857412716148 ], [ -98.752488737206065, 16.624182043554601 ], [ -98.752267307331081, 16.624269697367058 ], [ -98.752022306309883, 16.624354119320103 ], [ -98.751893734858101, 16.624387068433023 ], [ -98.751538735749179, 16.624456408813884 ], [ -98.751406491551947, 16.624474403649184 ], [ -98.751144351202242, 16.624489039335927 ], [ -98.750902109202826, 16.6244919524562 ], [ -98.750033786947597, 16.624490909328134 ], [ -98.74976718706661, 16.624487384848301 ], [ -98.749391376548459, 16.624471982195242 ], [ -98.749121104296449, 16.624453502877401 ], [ -98.748235644690681, 16.624382666839548 ], [ -98.747855375292446, 16.624349102948585 ], [ -98.746966244458662, 16.624263307477289 ], [ -98.746076327575238, 16.624174303767731 ], [ -98.742812519662934, 16.623844719850013 ], [ -98.741922371083888, 16.623754554001852 ], [ -98.741032145612351, 16.623663392699818 ], [ -98.740650542906266, 16.623623330755517 ], [ -98.739759955775696, 16.623527536315965 ], [ -98.739487249477619, 16.623497219075833 ], [ -98.739105206761977, 16.623451534947481 ], [ -98.738832137763225, 16.623416589146434 ], [ -98.737939859062166, 16.623299190976571 ], [ -98.737690047522889, 16.623265340844572 ], [ -98.737416538420007, 16.623224773832469 ], [ -98.737275622622292, 16.62320067126355 ], [ -98.736891524776169, 16.623128759409433 ], [ -98.736750246246032, 16.623100028778911 ], [ -98.736475044215652, 16.62303786456625 ], [ -98.736223177088092, 16.622977789001943 ], [ -98.735323000348501, 16.622759598447804 ], [ -98.73507588120016, 16.62269906990981 ], [ -98.734822834083118, 16.622634796120757 ], [ -98.734708457246924, 16.622603505155229 ], [ -98.734427745837664, 16.622521754395802 ], [ -98.734335885708276, 16.622492983605124 ], [ -98.734187916415877, 16.622440470839919 ], [ -98.73406839186751, 16.622394223370922 ], [ -98.733658580311669, 16.622230914191256 ], [ -98.733537952904868, 16.62218146152706 ], [ -98.733384836200912, 16.622113992025586 ], [ -98.733286725446931, 16.6220670597077 ], [ -98.732981992193402, 16.621915511524964 ], [ -98.732856217334813, 16.621851102286058 ], [ -98.73257400122182, 16.621702074058863 ], [ -98.732296610498651, 16.621553585583019 ], [ -98.731284339797597, 16.621009664858292 ], [ -98.731007308824374, 16.620859916633389 ], [ -98.730726765098396, 16.6207050150425 ], [ -98.730603019030184, 16.620633475528987 ], [ -98.730306081165466, 16.620454526029569 ], [ -98.730211668762976, 16.620394592477439 ], [ -98.730068015170914, 16.620293852261984 ], [ -98.729957208188239, 16.620209871207035 ], [ -98.729583763122321, 16.619918699489833 ], [ -98.7294757291195, 16.619832052224616 ], [ -98.729345014912838, 16.619718870390606 ], [ -98.729266314304112, 16.619643829343644 ], [ -98.729029759262417, 16.619406819512843 ], [ -98.72893466437317, 16.619307730872169 ], [ -98.728727443205869, 16.619082327083998 ], [ -98.728526508166667, 16.61885941018615 ], [ -98.727796035925024, 16.618044533699177 ], [ -98.727596054269142, 16.617820244237905 ], [ -98.727393275344454, 16.617588437995916 ], [ -98.72730357251244, 16.617481575812178 ], [ -98.727087738287096, 16.617214691847384 ], [ -98.727018868993156, 16.617125476034719 ], [ -98.726913312917915, 16.616976019642898 ], [ -98.726831387853821, 16.616851726316241 ], [ -98.726554627608067, 16.616421146992643 ], [ -98.726474369555561, 16.616293118326642 ], [ -98.726376591581158, 16.616126230737699 ], [ -98.726317166780504, 16.616015848574115 ], [ -98.726137629305342, 16.615667619332292 ], [ -98.726065149070152, 16.615522159593855 ], [ -98.725906445384823, 16.61519157674331 ], [ -98.725752206415478, 16.614864775189105 ], [ -98.725191132073533, 16.613670283255093 ], [ -98.725038437579528, 16.613343826428544 ], [ -98.724886933770179, 16.613014854043179 ], [ -98.724823193897521, 16.612871350399612 ], [ -98.724677244966585, 16.612530639119328 ], [ -98.724633756998955, 16.61242382428382 ], [ -98.724576761828672, 16.612266066385942 ], [ -98.724538828122974, 16.612147512797527 ], [ -98.72441879956898, 16.611752020579516 ], [ -98.724386395830663, 16.611638813424616 ], [ -98.724355206673252, 16.611506005629661 ], [ -98.724343054448767, 16.611429487367104 ], [ -98.724317533233517, 16.611205209935967 ], [ -98.724310935172966, 16.611116952943302 ], [ -98.724305665409943, 16.610929364410939 ], [ -98.724304735232209, 16.61074963778406 ], [ -98.724305664136125, 16.610098502034933 ], [ -98.724307826873428, 16.609913287815385 ], [ -98.724316990754389, 16.609700090561645 ], [ -98.724327919269058, 16.609580737276904 ], [ -98.724369755041522, 16.609236952524903 ], [ -98.724389562996137, 16.609103729254954 ], [ -98.724440164349261, 16.608825805413957 ], [ -98.724492643939911, 16.608561994609957 ], [ -98.724686946227479, 16.6076088011983 ], [ -98.724748328848989, 16.60731403509536 ], [ -98.724840479749687, 16.606891653501723 ], [ -98.724910741239938, 16.606583017322105 ], [ -98.725146475989803, 16.605565096537866 ], [ -98.725249407080582, 16.60512587250199 ], [ -98.72549401734193, 16.604094081103558 ], [ -98.725740527577528, 16.603059317123169 ], [ -98.726646277765113, 16.599262206649911 ], [ -98.726893605671762, 16.598227556140969 ], [ -98.727142073005353, 16.597196300862468 ], [ -98.727249700325373, 16.596757729846505 ], [ -98.727503493811142, 16.595742320377774 ], [ -98.727582327300695, 16.595434876319576 ], [ -98.727696424790793, 16.595015547069387 ], [ -98.727780587713667, 16.594723949338785 ], [ -98.728059249151428, 16.593782488929548 ], [ -98.728138383513155, 16.593522385379199 ], [ -98.728229017292705, 16.593250029492157 ], [ -98.728279359886017, 16.593121053225094 ], [ -98.72842365806396, 16.592791519824914 ], [ -98.728479330461326, 16.59267838991769 ], [ -98.728594836962159, 16.592479983778944 ], [ -98.728704173742841, 16.592309676306012 ], [ -98.729098904209152, 16.591713313783927 ], [ -98.729207042437281, 16.59155101317938 ], [ -98.729316958411644, 16.591389973339016 ], [ -98.72936584313004, 16.591322217070378 ], [ -98.729484055837688, 16.591167060984944 ], [ -98.729522021291018, 16.591120825033489 ], [ -98.729580980792051, 16.591060213378668 ], [ -98.729627243196447, 16.591019861248974 ], [ -98.729784174812963, 16.590892162901238 ], [ -98.729829875255007, 16.590857683055024 ], [ -98.729886212481844, 16.590824475518904 ], [ -98.729920993802295, 16.590811516031625 ], [ -98.730026969398253, 16.590784245936849 ], [ -98.730070047701162, 16.590777170248835 ], [ -98.730165104200111, 16.590771420472873 ], [ -98.73025782089789, 16.590770282167725 ], [ -98.730595442331079, 16.590770719546807 ], [ -98.730693962950198, 16.590776567587664 ], [ -98.730816104421308, 16.590803421355211 ], [ -98.730892071634372, 16.590835935855662 ], [ -98.731124443986772, 16.590960816311011 ], [ -98.73121919935673, 16.591020050698624 ], [ -98.731429018747477, 16.591171597414377 ], [ -98.731634005598849, 16.591328858201713 ], [ -98.732380794052162, 16.59191119367992 ], [ -98.732613429736929, 16.592095184800616 ], [ -98.732952272330166, 16.592371475828624 ], [ -98.733203697582127, 16.59258218613979 ], [ -98.734038175952548, 16.593289208220799 ], [ -98.734399837567594, 16.593597942324941 ], [ -98.735253113626911, 16.594331679304815 ], [ -98.736110422408217, 16.595071138447057 ], [ -98.739257970499253, 16.597788184322592 ], [ -98.740116020942125, 16.598528314501863 ], [ -98.740972658442971, 16.599265235926893 ], [ -98.741338371273784, 16.599577853074514 ], [ -98.742188393540218, 16.600299811704144 ], [ -98.742447186155601, 16.600517613516253 ], [ -98.742804859563165, 16.600812065059365 ], [ -98.743057028912972, 16.601014908322526 ], [ -98.743876148505564, 16.601667057106781 ], [ -98.744103987868939, 16.601846376908924 ], [ -98.744348115558978, 16.602031055632711 ], [ -98.744469029768482, 16.602115562729541 ], [ -98.744789168529351, 16.602325250333759 ], [ -98.744903458279794, 16.602394799444664 ], [ -98.745116671418828, 16.602509674522569 ], [ -98.745306971956452, 16.602604232572073 ], [ -98.745981829236086, 16.602930627206483 ], [ -98.74616952685686, 16.603020147242752 ], [ -98.746370590526098, 16.603111513977421 ], [ -98.74647012660553, 16.603152517950306 ], [ -98.746733564691525, 16.603252503005116 ], [ -98.746827574948369, 16.603284957445812 ], [ -98.74700285128425, 16.603336426559419 ], [ -98.747159235823503, 16.603377499360406 ], [ -98.747713754446892, 16.60351770251491 ], [ -98.747882321061695, 16.603558789554313 ], [ -98.7481144462175, 16.603610326652788 ], [ -98.748277486953768, 16.603642864047121 ], [ -98.748806218834574, 16.603743167466398 ], [ -98.74903163422448, 16.603784322243133 ], [ -98.749554840798041, 16.60387607446523 ], [ -98.750076863714426, 16.603965993389266 ], [ -98.751989767861417, 16.604293852971377 ], [ -98.752513453111106, 16.604384683067604 ], [ -98.753044409704827, 16.604480707085749 ], [ -98.753279233539587, 16.604527055050106 ], [ -98.753844121615813, 16.604647321424835 ], [ -98.754024317549877, 16.604689332557879 ], [ -98.754300343527447, 16.604765118843179 ], [ -98.754514470477275, 16.604831373777852 ], [ -98.755237704544427, 16.605064775892409 ], [ -98.755447396983186, 16.605135295970069 ], [ -98.75570272670636, 16.605230988878777 ], [ -98.755857790974062, 16.605297173037386 ], [ -98.756326094978547, 16.60551033908968 ], [ -98.756515090879759, 16.605600766658977 ], [ -98.756928767661336, 16.605809596069726 ], [ -98.757330739180674, 16.606017495720405 ], [ -98.758792935997462, 16.606778858989678 ], [ -98.759193488844048, 16.606985838139551 ], [ -98.75960053211675, 16.607190383275547 ], [ -98.759781469061053, 16.60727561198004 ], [ -98.760218798204107, 16.607468800724007 ], [ -98.760359164211835, 16.607525506680194 ], [ -98.760576876000627, 16.607596946148153 ], [ -98.760747526832702, 16.607642296536305 ], [ -98.761326186016689, 16.607782491378117 ], [ -98.761494632818952, 16.607819295989398 ], [ -98.761702058232643, 16.607850856847481 ], [ -98.761829933404087, 16.607859139224974 ], [ -98.762219258771154, 16.607866229144623 ], [ -98.762377418545086, 16.607863155638253 ], [ -98.762726172057498, 16.607841722775483 ], [ -98.76306623151396, 16.607814177534877 ], [ -98.764304421402116, 16.60770706180864 ], [ -98.764645666995051, 16.60767951532344 ], [ -98.764999957269836, 16.60765808490688 ], [ -98.765164840714107, 16.607655016877288 ], [ -98.765580006580748, 16.607662129686478 ], [ -98.765720142976662, 16.60767042349655 ], [ -98.765958946981712, 16.607702015471517 ], [ -98.766159959220445, 16.607738852969923 ], [ -98.766859212914994, 16.607879168065637 ], [ -98.767067967447716, 16.607924556011099 ], [ -98.767342901063799, 16.607996052529312 ], [ -98.767526908847657, 16.608052802506766 ], [ -98.768110678817678, 16.608246138447704 ], [ -98.768355563385924, 16.608331431055245 ], [ -98.768914588076299, 16.608536127365234 ], [ -98.769468311045173, 16.608743257056702 ], [ -98.771493335976899, 16.609505154990742 ], [ -98.772045640402965, 16.60971250512231 ], [ -98.772598027020607, 16.609918252140552 ], [ -98.772834845495524, 16.610004827331355 ], [ -98.773387611735515, 16.610203097868798 ], [ -98.773556907102815, 16.610262190982549 ], [ -98.773794185328867, 16.61033968903217 ], [ -98.773963858845022, 16.61039130741726 ], [ -98.774518390823616, 16.610554694435418 ], [ -98.774673676253315, 16.610598821825857 ], [ -98.774843809079741, 16.610641363438386 ], [ -98.774931570496761, 16.610658009846791 ], [ -98.775170990958188, 16.610693151390727 ], [ -98.775259130280418, 16.610702323259048 ], [ -98.775431026610377, 16.610709983847908 ], [ -98.775588453470078, 16.610711755608339 ], [ -98.776151215823603, 16.610712362396026 ], [ -98.776305797549711, 16.610711842341793 ], [ -98.776464416568373, 16.610708809485846 ], [ -98.776536433437641, 16.610704996965204 ], [ -98.776713893129028, 16.610690238039492 ], [ -98.77677225480673, 16.610683207277862 ], [ -98.776867149616137, 16.610665156048359 ], [ -98.776944351942873, 16.610646399328701 ], [ -98.777209734555285, 16.610576919018854 ], [ -98.777288047983035, 16.610554959870623 ], [ -98.777388128126432, 16.610521964333202 ], [ -98.777452786332816, 16.610496787007396 ], [ -98.777654444400454, 16.610412288266772 ], [ -98.777737943124123, 16.610375384869037 ], [ -98.777925945770136, 16.610287667769121 ], [ -98.778111022139299, 16.610199260910623 ], [ -98.778786707952534, 16.609874411419572 ], [ -98.778971783539674, 16.609786003781686 ], [ -98.779159785063285, 16.609698285547257 ], [ -98.779243283197076, 16.609661381535155 ], [ -98.779444939627908, 16.609576881030868 ], [ -98.779509597256848, 16.609551703055974 ], [ -98.779609676513061, 16.609518706434994 ], [ -98.779687989249453, 16.609496746371935 ], [ -98.779953369336781, 16.609427262520864 ], [ -98.780030570882758, 16.609408504643216 ], [ -98.780125464779644, 16.609390451912891 ], [ -98.78018382595252, 16.60938342018634 ], [ -98.780361284190818, 16.609368658127046 ], [ -98.780433300500945, 16.60936484424893 ], [ -98.780591918389788, 16.609361808228993 ], [ -98.78074649906641, 16.60936128485929 ], [ -98.78130925768447, 16.609361877635912 ], [ -98.781463599498679, 16.609362726406808 ], [ -98.781621102670627, 16.609366095413552 ], [ -98.781691765388103, 16.609370059586432 ], [ -98.781864021577519, 16.609385190039063 ], [ -98.781919914429139, 16.609392342127727 ], [ -98.78200849154014, 16.609410588152507 ], [ -98.782079137426877, 16.60942950180598 ], [ -98.782320241218201, 16.609499519351413 ], [ -98.782390883562215, 16.609521636387854 ], [ -98.782479443953562, 16.609554831825189 ], [ -98.782535316452936, 16.609580136849694 ], [ -98.782707494465924, 16.609665031463571 ], [ -98.782778120113349, 16.609702097981607 ], [ -98.782935528449997, 16.609790180466021 ], [ -98.783089771952987, 16.609878945992321 ], [ -98.783652167702513, 16.610205101786001 ], [ -98.783808073338804, 16.610293639691889 ], [ -98.783973236156342, 16.610380661629726 ], [ -98.784053277305446, 16.610416440850479 ], [ -98.784261639865449, 16.610496388562623 ], [ -98.784334681398946, 16.610519346442505 ], [ -98.784467179245851, 16.610546535578031 ], [ -98.784583420352732, 16.610562419286921 ], [ -98.784993381108322, 16.610609353687686 ], [ -98.785117379389149, 16.610620973799122 ], [ -98.785286077159185, 16.610628266991657 ], [ -98.785403075678701, 16.610627065733443 ], [ -98.785780370965611, 16.610614166336109 ], [ -98.785940568969792, 16.610605890417901 ], [ -98.786310864339526, 16.610580168878492 ], [ -98.786679659645571, 16.610551699288198 ], [ -98.788030408248929, 16.610444557800513 ], [ -98.788403710086371, 16.610417920308322 ], [ -98.788795037531301, 16.610400758391584 ], [ -98.788980774986584, 16.610402879289708 ], [ -98.789456222458611, 16.610429938519495 ], [ -98.78961979338024, 16.610447697916111 ], [ -98.78990767689065, 16.61050351628878 ], [ -98.790155368237805, 16.610565497284057 ], [ -98.791023378874982, 16.610798921607778 ], [ -98.79128434688127, 16.610873728583737 ], [ -98.791634185900293, 16.610989405315156 ], [ -98.791872987938731, 16.611079850857941 ], [ -98.792637559663575, 16.611386251985266 ], [ -98.792960484060274, 16.611520917208292 ], [ -98.793702892882024, 16.611842953885688 ], [ -98.794440554262493, 16.612168339272372 ], [ -98.797140584199866, 16.613364748179524 ], [ -98.797878019255435, 16.613690807678019 ], [ -98.798619333940167, 16.61401602932369 ], [ -98.798940918122426, 16.614154573965401 ], [ -98.799700329640956, 16.614475893902029 ], [ -98.799936680186633, 16.61457342131882 ], [ -98.800280236623991, 16.614707230658595 ], [ -98.80053468099608, 16.614800859405296 ], [ -98.801378532964776, 16.615103982491235 ], [ -98.801618590715094, 16.615187985686347 ], [ -98.801895006776149, 16.615276879357271 ], [ -98.802049828992793, 16.615319867257419 ], [ -98.802495916772287, 16.615431583430478 ], [ -98.802668832517739, 16.615470672685067 ], [ -98.803029684728756, 16.615541373233135 ], [ -98.80337227227308, 16.615603284404912 ], [ -98.804610163518504, 16.615821498575883 ], [ -98.804951565478504, 16.615883406037458 ], [ -98.805306881794166, 16.615954097448078 ], [ -98.805473074437998, 16.615993178078558 ], [ -98.805893323932054, 16.616104862797361 ], [ -98.806035886013547, 16.616147836287379 ], [ -98.806280926071295, 16.616236694861115 ], [ -98.80648842131535, 16.616320662098367 ], [ -98.80721169364945, 16.616623649286979 ], [ -98.807428040250201, 16.616717234284696 ], [ -98.807714384237642, 16.61685097836666 ], [ -98.807907100462728, 16.616948456382506 ], [ -98.808520099862406, 16.617269608854937 ], [ -98.808777750750878, 16.617408079429236 ], [ -98.809367122129771, 16.617733123052638 ], [ -98.809951431724059, 16.618058999393707 ], [ -98.812088853404788, 16.619254699770014 ], [ -98.812672223826198, 16.61957965236477 ], [ -98.813257182467595, 16.619900409705409 ], [ -98.813509465867412, 16.620033683008074 ], [ -98.814101829701258, 16.620334867721116 ], [ -98.814284752167993, 16.620422873153629 ], [ -98.814546025564141, 16.620532381279936 ], [ -98.814736350779398, 16.620600816016548 ], [ -98.815363262377602, 16.620810669050005 ], [ -98.815540310966924, 16.620865209446144 ], [ -98.81573962533794, 16.62090987928849 ], [ -98.815847311487445, 16.620919153033125 ], [ -98.816150532423791, 16.620917760512679 ], [ -98.816265620813169, 16.620907463682155 ], [ -98.816499478960097, 16.620860804434905 ], [ -98.816718473540917, 16.620804445054684 ], [ -98.817506589117187, 16.620588092192946 ], [ -98.817723330853838, 16.620529212736276 ], [ -98.817946677688965, 16.62047079648196 ], [ -98.818049002948371, 16.620446224297229 ], [ -98.818303173983082, 16.620389970313088 ], [ -98.81838758664, 16.620373213059253 ], [ -98.818527341406849, 16.620351266658062 ], [ -98.818642578414781, 16.620336671885006 ], [ -98.819040596259612, 16.620290508938346 ], [ -98.819158600032566, 16.62027805195132 ], [ -98.819311266561485, 16.620266082687841 ], [ -98.819411357838504, 16.620261440743121 ], [ -98.819725783930366, 16.620251747377058 ], [ -98.8198566995801, 16.620249267624626 ], [ -98.820153213202374, 16.620247388844827 ], [ -98.820445888446855, 16.620247184345807 ], [ -98.821515192674227, 16.620248105712481 ], [ -98.821805970679733, 16.620246410330552 ], [ -98.822093630423538, 16.620237580280847 ], [ -98.822213794898943, 16.620226661592834 ], [ -98.822486902650397, 16.620184537788347 ], [ -98.82256738876373, 16.620164508420277 ], [ -98.822669882911796, 16.620113162028041 ], [ -98.822735816993017, 16.62005983941555 ], [ -98.822941015002044, 16.619862346852887 ], [ -98.822995328152203, 16.619799937681087 ], [ -98.823043591736692, 16.619706187562169 ], [ -98.823058226584862, 16.619634668003968 ], [ -98.823078258954993, 16.619394660187346 ], [ -98.823078316101203, 16.619322342328328 ], [ -98.823097009141563, 16.61946524769278 ], [ -98.823115743362337, 16.619582076822518 ], [ -98.823168036340562, 16.619858689786238 ], [ -98.823187721445166, 16.619945086507833 ], [ -98.823227292230953, 16.620071658251248 ], [ -98.823264136835917, 16.620166078302034 ], [ -98.823396507767683, 16.620480133413032 ], [ -98.823437233303054, 16.620569751486702 ], [ -98.823494914648492, 16.620673914097246 ], [ -98.823536591024975, 16.620733099752893 ], [ -98.82367339954655, 16.620905136823687 ], [ -98.823732235571484, 16.620972345740924 ], [ -98.823869995141237, 16.62111395028343 ], [ -98.824007958630958, 16.621249033506178 ], [ -98.824200544143167, 16.621435040375729 ], [ -98.824514030112582, 16.621737816644448 ], [ -98.824654370716189, 16.621869697950473 ], [ -98.824803220614712, 16.621996361590039 ], [ -98.824875522591668, 16.622045428399698 ], [ -98.825064081922264, 16.622147743166376 ], [ -98.82513031330889, 16.622173846394148 ], [ -98.825250833675639, 16.622193346751434 ], [ -98.825356774228268, 16.62219510114889 ], [ -98.825730643069477, 16.622183787613267 ], [ -98.825843791821981, 16.622175403407528 ], [ -98.825997950488656, 16.62214759098871 ], [ -98.826105028381534, 16.622116243172766 ], [ -98.82614420852056, 16.622102809165821 ], [ -98.826290722188503, 16.622652197948685 ], [ -98.82649115234419, 16.622873448274884 ], [ -98.826504958493302, 16.622908357835584 ], [ -98.826616769631514, 16.623102796554576 ], [ -98.826674263705058, 16.623183313278034 ], [ -98.82683075828561, 16.62336461923412 ], [ -98.826996828118638, 16.623543110920043 ], [ -98.827615328446583, 16.624194765117657 ], [ -98.827785672954306, 16.62437188679214 ], [ -98.827962111323927, 16.62454680143696 ], [ -98.827995853230135, 16.624576845990013 ], [ -98.82804382141687, 16.624619557918052 ], [ -98.828248696832773, 16.624784173487022 ], [ -98.82831750742146, 16.624832359067675 ], [ -98.828377431985956, 16.624863419584354 ], [ -98.828433747917984, 16.62489260962473 ], [ -98.828530995184948, 16.624930496249213 ], [ -98.828868575473649, 16.625047049647478 ], [ -98.828969152215564, 16.625077463989676 ], [ -98.829100929826964, 16.625102844469332 ], [ -98.829188606793153, 16.625108687965014 ], [ -98.829219363686931, 16.625108897440413 ], [ -98.829465988341283, 16.625110576957624 ], [ -98.829546763758245, 16.625107477319141 ], [ -98.829634684578167, 16.625154601920695 ], [ -98.829436493358145, 16.625211174680462 ], [ -98.829369093459675, 16.625237268484558 ], [ -98.829283761162927, 16.625293615468944 ], [ -98.829229257769526, 16.625348017362978 ], [ -98.829060240716871, 16.625545545818103 ], [ -98.829015699135013, 16.625606896756892 ], [ -98.828976855660827, 16.625695672765456 ], [ -98.828965906582937, 16.625761144703795 ], [ -98.828953654364014, 16.625977904409204 ], [ -98.8289556018224, 16.626071684499582 ], [ -98.828976942226717, 16.626292565215365 ], [ -98.829005481112617, 16.626514328998567 ], [ -98.829117322699858, 16.62732834587171 ], [ -98.829148945054001, 16.627552629183874 ], [ -98.829184673951204, 16.62778526783103 ], [ -98.829204092836491, 16.627893325448664 ], [ -98.829233504588231, 16.628038866466781 ], [ -98.829258985444838, 16.628164955677953 ], [ -98.829279895820775, 16.628256463126746 ], [ -98.829322584916298, 16.628411867664408 ], [ -98.829362658991414, 16.628542366692756 ], [ -98.829506982611306, 16.628995957557994 ], [ -98.829551483030031, 16.629131265419009 ], [ -98.829614827694897, 16.629309111294706 ], [ -98.829660819649817, 16.62942786897014 ], [ -98.829812104392317, 16.629804225520843 ], [ -98.829877260469885, 16.629961974686204 ], [ -98.830030037410651, 16.630321780906439 ], [ -98.830183134491818, 16.630678040543824 ], [ -98.830744814813968, 16.631980778391551 ], [ -98.830898508667119, 16.63233612266961 ], [ -98.831054062110894, 16.632691659023756 ], [ -98.831122587077857, 16.632844223905373 ], [ -98.831286816833654, 16.63320065699078 ], [ -98.831338950405183, 16.63330996132677 ], [ -98.831418010360494, 16.633463615206619 ], [ -98.831478819591169, 16.633573816409307 ], [ -98.83168353643147, 16.633934434701782 ], [ -98.831742692452934, 16.634035557922644 ], [ -98.831814036634142, 16.634146848104976 ], [ -98.831856800840882, 16.634204710865983 ], [ -98.83198502303577, 16.634363446868473 ], [ -98.832036462897349, 16.634422206472038 ], [ -98.832148293343252, 16.634537681964634 ], [ -98.832256611336277, 16.634643887313324 ], [ -98.832650265718371, 16.635024036364843 ], [ -98.832758467768642, 16.635127724328232 ], [ -98.832869755418812, 16.635231452856107 ], [ -98.832920535646991, 16.635275948541338 ], [ -98.833046222404604, 16.635379866534659 ], [ -98.833087783456307, 16.635411718767735 ], [ -98.833156048210242, 16.635456444561264 ], [ -98.833212008239798, 16.635488486313239 ], [ -98.833404890399095, 16.635593288600869 ], [ -98.833461960437958, 16.635622661599722 ], [ -98.833535405013734, 16.635654933399355 ], [ -98.833583255789691, 16.63567166297533 ], [ -98.83373311486379, 16.635717462480542 ], [ -98.833795364635236, 16.635734381511661 ], [ -98.833936004480705, 16.635767537492733 ], [ -98.834074668802685, 16.635797984086214 ], [ -98.83458112945074, 16.635906911517914 ], [ -98.834719677166646, 16.635935183790593 ], [ -98.834859772192871, 16.635958194321891 ], [ -98.834921360196148, 16.635962794299637 ], [ -98.835068675830144, 16.635961250324893 ], [ -98.835115319714433, 16.635955516007506 ], [ -98.83518567553017, 16.63593029988327 ], [ -98.83523953994208, 16.635900011162903 ], [ -98.835420551261151, 16.635783879842226 ], [ -98.835472760532866, 16.635746114932566 ], [ -98.83553539258989, 16.635686010094052 ], [ -98.835572657686825, 16.635637910954113 ], [ -98.83568392932365, 16.635473553112657 ], [ -98.835728414799263, 16.635400899548898 ], [ -98.835824742057696, 16.635226207435103 ], [ -98.835848551721725, 16.635180976892965 ], [ -98.835848666276533, 16.63518102562562 ], [ -98.835849998729273, 16.635181592463208 ], [ -98.835826640058599, 16.635227124219696 ], [ -98.835739170145089, 16.635406094666276 ], [ -98.835705440021485, 16.635483943351449 ], [ -98.835635502708769, 16.635668266777095 ], [ -98.835617850336732, 16.635725839389426 ], [ -98.835605409988432, 16.635810188170737 ], [ -98.835605290443198, 16.635873113818718 ], [ -98.83561717293486, 16.636082418059427 ], [ -98.835624255695564, 16.636142145916718 ], [ -98.835645426081982, 16.63621157167799 ], [ -98.835668586734869, 16.636251023477879 ], [ -98.835755499448709, 16.63636570609528 ], [ -98.835796193045709, 16.636410510905947 ], [ -98.835899183783283, 16.636504917396284 ], [ -98.83600561987987, 16.636594978960879 ], [ -98.83639933167386, 16.636920859350607 ], [ -98.836507904962701, 16.637010235879604 ], [ -98.836620867772922, 16.637101446373709 ], [ -98.83667366986073, 16.637142370587348 ], [ -98.836807116812565, 16.637242139742213 ], [ -98.836852357374752, 16.63727451532003 ], [ -98.836930032987595, 16.637325832229333 ], [ -98.836995757597492, 16.637366766512681 ], [ -98.837224797007906, 16.637506476123779 ], [ -98.837293290829635, 16.637547412484757 ], [ -98.83738388908111, 16.637598739353802 ], [ -98.837444821325604, 16.637631127095446 ], [ -98.837638573641428, 16.637730942935342 ], [ -98.837719990053913, 16.637771889263643 ], [ -98.837906180981548, 16.637863156297502 ], [ -98.838090751725417, 16.637952591334301 ], [ -98.838765892223421, 16.638278686579113 ], [ -98.838953191399256, 16.6383704111798 ], [ -98.839152112455039, 16.638472365283643 ], [ -98.839248986109922, 16.638526289507496 ], [ -98.839502142221434, 16.638675981710172 ], [ -98.839591260808859, 16.638732035439297 ], [ -98.839753991314026, 16.638843927415365 ], [ -98.839897344964086, 16.638947719314835 ], [ -98.840403599234179, 16.639320188866002 ], [ -98.840556913575824, 16.639434666276088 ], [ -98.840766125256962, 16.639596425258482 ], [ -98.840911684740291, 16.639713032118369 ], [ -98.841381751567965, 16.640095437964671 ], [ -98.841581547499317, 16.640259782232398 ], [ -98.842043861672039, 16.640644316323048 ], [ -98.842504515834094, 16.641029305765933 ], [ -98.844191934983812, 16.642441381380905 ], [ -98.844652123391441, 16.642825908065209 ], [ -98.845112236232595, 16.643208298011558 ], [ -98.845309350603401, 16.643370043386646 ], [ -98.845769104796489, 16.643742465191817 ], [ -98.845909768818629, 16.643854335945218 ], [ -98.846106445834778, 16.644003978160534 ], [ -98.846246748965967, 16.644105882000911 ], [ -98.846704820652235, 16.644431790541326 ], [ -98.846832950159651, 16.64452087102725 ], [ -98.846972815311531, 16.644610671976469 ], [ -98.847044493087893, 16.644649878606952 ], [ -98.847239124261321, 16.644743041879963 ], [ -98.847310440807604, 16.644772281736078 ], [ -98.847448620106661, 16.644815571179656 ], [ -98.84757470257729, 16.644848173341643 ], [ -98.848024908416576, 16.644957026785129 ], [ -98.848148264147341, 16.644986194290407 ], [ -98.848273718093324, 16.645013456416887 ], [ -98.848329582258074, 16.645023234855969 ], [ -98.848464827741765, 16.645041605437708 ], [ -98.848508327601095, 16.645045323759518 ], [ -98.848576081444492, 16.645044305386193 ], [ -98.848629372786206, 16.645039132241443 ], [ -98.848810311845583, 16.645016009189991 ], [ -98.84886305184537, 16.645007632092113 ], [ -98.84892823280407, 16.644991662103696 ], [ -98.84896860845825, 16.644977224937101 ], [ -98.849091847185989, 16.644925821448972 ], [ -98.849142014263393, 16.644902492782414 ], [ -98.849184009574955, 16.644880727583889 ], [ -98.849361113297078, 16.644786266919464 ], [ -98.849755287260066, 16.644569506279932 ], [ -98.849861377327002, 16.644508339601895 ], [ -98.849962290834938, 16.644439656175297 ], [ -98.850000362966739, 16.644402703713197 ], [ -98.850077119400368, 16.644298942328813 ], [ -98.850095439758803, 16.644259661943472 ], [ -98.850104178376839, 16.644180114880559 ], [ -98.850098341768501, 16.644105756605587 ], [ -98.850563016104175, 16.64391912672987 ], [ -98.850570738490248, 16.643923989845547 ], [ -98.850652816464944, 16.643969012231931 ], [ -98.850758571778115, 16.644004504702743 ], [ -98.850827572793136, 16.644010185854111 ], [ -98.851043822181765, 16.644001205318698 ], [ -98.85113369825045, 16.64398892620391 ], [ -98.851336870465872, 16.643940604219168 ], [ -98.851537240329733, 16.643883851794829 ], [ -98.852269126554262, 16.643667327676006 ], [ -98.852472823867274, 16.643604055316889 ], [ -98.852691525981669, 16.643525309863378 ], [ -98.852800260326092, 16.643476088839673 ], [ -98.853088984986783, 16.643325136076307 ], [ -98.85319237487019, 16.643263453035161 ], [ -98.853386136438431, 16.643126551741677 ], [ -98.85355954864707, 16.642992661424689 ], [ -98.853777898523006, 16.642819569103821 ], [ -98.854175042331192, 16.642504740213845 ], [ -98.854362312936601, 16.642352705822422 ], [ -98.854620750271991, 16.64213113414274 ], [ -98.854802675846955, 16.641966637570857 ], [ -98.855393222858595, 16.641420557729184 ], [ -98.855645168193732, 16.641183852605774 ], [ -98.856230366051491, 16.640625308555702 ], [ -98.856814415292675, 16.64006409243089 ], [ -98.858954754856555, 16.638003615070787 ], [ -98.859540807045931, 16.637440561813531 ], [ -98.860135403336585, 16.636873470098731 ], [ -98.860398776753954, 16.636626393495991 ], [ -98.861033256194105, 16.636040460918508 ], [ -98.861236031278168, 16.635857056610273 ], [ -98.861547837373294, 16.635587103338523 ], [ -98.861790499463567, 16.635384860041562 ], [ -98.862611113510056, 16.634711009531387 ], [ -98.862849336080771, 16.634518372515 ], [ -98.863140430428132, 16.634293252050131 ], [ -98.863318057127486, 16.634164288508785 ], [ -98.863855886516959, 16.633787578504187 ], [ -98.864073399664619, 16.633639775420512 ], [ -98.8645506319654, 16.633326737886232 ], [ -98.865014878309282, 16.633027343791252 ], [ -98.866704118396868, 16.631943201063706 ], [ -98.867166219167061, 16.631647919479406 ], [ -98.867633459966299, 16.631354089327051 ], [ -98.867838847025922, 16.631229614265209 ], [ -98.868330079148762, 16.63094256072851 ], [ -98.868485597470169, 16.630856139418714 ], [ -98.868720118227088, 16.630739894063606 ], [ -98.868899629551152, 16.630660250547528 ], [ -98.869502827514367, 16.630404825249208 ], [ -98.869676793743537, 16.630334788064282 ], [ -98.869885439053022, 16.630263374112605 ], [ -98.870009537623716, 16.630231391428225 ], [ -98.870380018891808, 16.630153552578076 ], [ -98.870528110643718, 16.630128347498765 ], [ -98.870848724318421, 16.630088562747179 ], [ -98.871158652050596, 16.63005693216326 ], [ -98.87228436713464, 16.629949104113294 ], [ -98.872592868563046, 16.629920216364166 ], [ -98.872906827496649, 16.629893238340745 ], [ -98.873046838894851, 16.629883586366251 ], [ -98.873386266501214, 16.629865521793533 ], [ -98.873495630498667, 16.629861901880595 ], [ -98.873666568251707, 16.62986307377793 ], [ -98.873801401054266, 16.629868367804541 ], [ -98.874259683116975, 16.629891900836519 ], [ -98.874393406281271, 16.629900397305839 ], [ -98.874559165596978, 16.629916514997436 ], [ -98.874662241458054, 16.62993104383153 ], [ -98.874977502914618, 16.629982727155888 ], [ -98.875106047734263, 16.630006169710324 ], [ -98.875390662103158, 16.630063885027045 ], [ -98.875668709358749, 16.630122892676809 ], [ -98.876681650151951, 16.630340543635239 ], [ -98.876960172750699, 16.63039977866266 ], [ -98.877247002785097, 16.630458560585609 ], [ -98.877378237259919, 16.630483299980334 ], [ -98.877703834785251, 16.630539968496748 ], [ -98.877811814801206, 16.630556863145639 ], [ -98.87799012392432, 16.630579036540585 ], [ -98.878136871230424, 16.630593818129785 ], [ -98.87864338299805, 16.630640624828036 ], [ -98.878793454537444, 16.630653272230475 ], [ -98.878987276481524, 16.630665487383144 ], [ -98.879114093422174, 16.630670290225094 ], [ -98.87951208388084, 16.630680487981646 ], [ -98.879677668091958, 16.630683177304533 ], [ -98.880052403931501, 16.630685529773903 ], [ -98.88042215663539, 16.630686200674106 ], [ -98.881096405544625, 16.630686587856932 ], [ -98.881772933449383, 16.630686974148006 ], [ -98.882142331217722, 16.630685925622743 ], [ -98.882515410601997, 16.630680263958766 ], [ -98.882678983372784, 16.630673224841651 ], [ -98.88306924353229, 16.630646037253666 ], [ -98.883192392505492, 16.630633101882193 ], [ -98.883376827580122, 16.630599924749344 ], [ -98.883517157256506, 16.630565464197947 ], [ -98.883987593669076, 16.630437824873596 ], [ -98.884122942464714, 16.630397488045528 ], [ -98.884284134077802, 16.630336889412693 ], [ -98.88437905902434, 16.630290656803407 ], [ -98.884660850282017, 16.630135503100849 ], [ -98.884772955608057, 16.630067745214049 ], [ -98.885014322568622, 16.629906695506751 ], [ -98.885247026920979, 16.629744382209498 ], [ -98.886091610686265, 16.629147967910235 ], [ -98.886322178371955, 16.62898359282099 ], [ -98.886553580054326, 16.628812925336614 ], [ -98.886653586463837, 16.628733489913873 ], [ -98.886888881311336, 16.628533458752532 ], [ -98.886961744622596, 16.62846593253283 ], [ -98.887066478780895, 16.628350841468244 ], [ -98.887143235673506, 16.628253951878477 ], [ -98.887396699884732, 16.627916891359742 ], [ -98.887468474500778, 16.627816261524906 ], [ -98.887549958968066, 16.627683716324619 ], [ -98.887594590762589, 16.627594995886611 ], [ -98.887721387845417, 16.627313512344081 ], [ -98.887769913069448, 16.627195428543875 ], [ -98.887869567087677, 16.626925854370789 ], [ -98.887963404575146, 16.626658832177338 ], [ -98.888301656907061, 16.625682302412468 ], [ -98.888393713361495, 16.625414935795916 ], [ -98.888485059754728, 16.625143755056641 ], [ -98.888523498325313, 16.625023720651456 ], [ -98.888611531923715, 16.624734740834306 ], [ -98.888637771125914, 16.624642463542415 ], [ -98.888672187268298, 16.624500816021094 ], [ -98.888695113982777, 16.624390739711462 ], [ -98.888767689033145, 16.624018697768143 ], [ -98.888787291727098, 16.623910755330666 ], [ -98.88880619607167, 16.623779065921454 ], [ -98.888813599597796, 16.623698880633334 ], [ -98.888829245032781, 16.623456372029182 ], [ -98.888833336114175, 16.623358387730445 ], [ -98.888836782411815, 16.623143636275376 ], [ -98.888837614613792, 16.622934832778455 ], [ -98.888838051917119, 16.622175167883633 ], [ -98.888836988877912, 16.621960413991054 ], [ -98.888831590745809, 16.621717894084064 ], [ -98.888824942174296, 16.621586190968873 ], [ -98.888799313689361, 16.621214096332132 ], [ -98.888787133180202, 16.621072423794992 ], [ -98.888755919286979, 16.620783379927374 ], [ -98.888723508580782, 16.620512132645931 ], [ -98.888603473174641, 16.619535355780904 ], [ -98.888565542469024, 16.619234206119415 ], [ -98.888508567347557, 16.618805617971528 ], [ -98.888465105040808, 16.618494498848094 ], [ -98.88831925683148, 16.617471197654996 ], [ -98.888255565525782, 16.617030503634687 ], [ -98.888104187686338, 16.615997232727313 ], [ -98.887951626053976, 16.614961825308022 ], [ -98.887391061738583, 16.611163193370636 ], [ -98.887238744894631, 16.610127785122462 ], [ -98.887088485136687, 16.60909451345713 ], [ -98.887026144062872, 16.608653819469858 ], [ -98.88688547873889, 16.607630519203529 ], [ -98.886844473684462, 16.607319400772699 ], [ -98.886793781337545, 16.60689081512438 ], [ -98.886762368724689, 16.606589668346494 ], [ -98.88666646931425, 16.605612902303179 ], [ -98.886641684275887, 16.605341658488669 ], [ -98.886621919639339, 16.605052620137339 ], [ -98.886618469429365, 16.604910952027861 ], [ -98.886622133040461, 16.604538872532615 ], [ -98.886628274867334, 16.604407176115025 ], [ -98.886653273087134, 16.604164672330896 ], [ -98.886682842953306, 16.603949934765073 ], [ -98.886795836930702, 16.603190329839968 ], [ -98.886828250834256, 16.602981314330389 ], [ -98.88686652223808, 16.602765513611075 ], [ -98.886888781809674, 16.60266624238405 ], [ -98.886954388356287, 16.602418777367799 ], [ -98.88698032951379, 16.602336237561818 ], [ -98.887035781757007, 16.602198516823208 ], [ -98.887089058055039, 16.602084312707326 ], [ -98.887282228102308, 16.601689080794507 ], [ -98.887342150565004, 16.601571676699859 ], [ -98.887428619075791, 16.60141902293492 ], [ -98.887492223062722, 16.601318350220986 ], [ -98.8877025728207, 16.601001197873661 ], [ -98.887793511444201, 16.600868860674538 ], [ -98.888007541944646, 16.600568439422073 ], [ -98.888222360723134, 16.600271603240056 ], [ -98.889010812877302, 16.599186787202001 ], [ -98.889226103311771, 16.598889721356482 ], [ -98.889442344824204, 16.598588231886907 ], [ -98.889535971289291, 16.598454598652253 ], [ -98.889756653243367, 16.598132466353459 ], [ -98.889825160525547, 16.598029430984766 ], [ -98.88992417957013, 16.597870731683205 ], [ -98.889997128048577, 16.597747053760902 ], [ -98.890238534698994, 16.597328589271601 ], [ -98.890307051935054, 16.597207044567366 ], [ -98.890385392949355, 16.597058300601329 ], [ -98.890428791486642, 16.596967353937774 ], [ -98.890552976836986, 16.59669168010943 ], [ -98.890600816499145, 16.596580090896236 ], [ -98.890699882968292, 16.596335015080673 ], [ -98.890793566682916, 16.596096495954885 ], [ -98.891131689180099, 16.595228482161353 ], [ -98.891225015163371, 16.594991221145211 ], [ -98.89132241562956, 16.594752017220035 ], [ -98.89136823332305, 16.594647558374682 ], [ -98.8914846487246, 16.594399287675881 ], [ -98.891524360734678, 16.594321343562484 ], [ -98.891593268179193, 16.594205875094705 ], [ -98.891651995357833, 16.594118864246273 ], [ -98.891857147755331, 16.593828281972979 ], [ -98.891918641077751, 16.593745009912837 ], [ -98.892000457842869, 16.593646989348326 ], [ -98.892055845630949, 16.593590232033922 ], [ -98.892232505075597, 16.593423385057839 ], [ -98.892306907878549, 16.59335756090616 ], [ -98.892477461549291, 16.593217228514646 ], [ -98.892646706690371, 16.593082577724847 ], [ -98.893265961933636, 16.592594538706908 ], [ -98.893437340633795, 16.592461718932924 ], [ -98.893617854403388, 16.592329933385923 ], [ -98.893704352674661, 16.592274488184273 ], [ -98.893927497476085, 16.592147529406606 ], [ -98.894004942347038, 16.592109698780337 ], [ -98.89414320707786, 16.592060114726529 ], [ -98.894263283242083, 16.592027110955787 ], [ -98.894685373713344, 16.59192267694689 ], [ -98.894812645031763, 16.591894481767977 ], [ -98.894984487624782, 16.591867338710948 ], [ -98.89510270574543, 16.591856758103361 ], [ -98.895482547693788, 16.591834524656715 ], [ -98.895643397131408, 16.591828770419703 ], [ -98.896014185934092, 16.591824150780397 ], [ -98.896383034794169, 16.591823305082652 ], [ -98.897733540717951, 16.591823973211927 ], [ -98.89810298192161, 16.59182484092393 ], [ -98.898476534920931, 16.591828227031979 ], [ -98.89864074085942, 16.591832197064601 ], [ -98.899033482269331, 16.591847337732705 ], [ -98.89915782104265, 16.59185449152152 ], [ -98.899345327223742, 16.591872735548591 ], [ -98.899488854439525, 16.591891644634664 ], [ -98.899971142125821, 16.591961642433947 ], [ -98.90011023831137, 16.591983752474547 ], [ -98.900277065977107, 16.592016935461498 ], [ -98.900376295023108, 16.592042229726744 ], [ -98.900672536362649, 16.592127086469731 ], [ -98.900790954038115, 16.59216413591037 ], [ -98.901047328500894, 16.592252176621184 ], [ -98.901295160213564, 16.59234089943125 ], [ -98.902195335454152, 16.592666896331437 ], [ -98.902443286763855, 16.592755846654157 ], [ -98.902700215926473, 16.592844953428536 ], [ -98.90281930612305, 16.592883298690715 ], [ -98.903118131236255, 16.592973136405327 ], [ -98.903218585998886, 16.593000794385222 ], [ -98.903388549650444, 16.593040027419473 ], [ -98.903530900115641, 16.593068416589855 ], [ -98.904025238885936, 16.5931616657228 ], [ -98.90417257382019, 16.593187921078659 ], [ -98.904365797819381, 16.593217197543009 ], [ -98.904494497153195, 16.593232765728615 ], [ -98.904901870122558, 16.593276140422091 ], [ -98.905072465225103, 16.593292439287115 ], [ -98.905461202702895, 16.593325126006974 ], [ -98.905845946935344, 16.593355521970519 ], [ -98.907252683455411, 16.593464677750752 ], [ -98.907636961099641, 16.593479510276346 ], [ -98.908023519163052, 16.593439578282741 ], [ -98.908191467164741, 16.59336770053886 ], [ -98.908588665801517, 16.593072203028516 ], [ -98.908712537133283, 16.592926980631528 ], [ -98.908893405011312, 16.592544773985626 ], [ -98.909027916043627, 16.592143986864279 ], [ -98.90926764306775, 16.591345626451233 ], [ -98.910027729174104, 16.59029992421701 ], [ -98.90942813005077, 16.59601094507719 ], [ -98.909276554687921, 16.597454604238031 ], [ -98.909197296364397, 16.598209480558932 ], [ -98.873037240978562, 16.721195448976825 ] ] ] ] } },
{ "type": "Feature", "properties": { "fid": 2.0, "cat": 1, "VULNERABIL": 2.0, "NOM_ACUIF": "MARQUELIA", "CLAVE_ACUI": "1234" }, "geometry": { "type": "MultiPolygon", "coordinates": [ [ [ [ -98.909197296364397, 16.598209480558932 ], [ -98.910027729174104, 16.59029992421701 ], [ -98.90942813005077, 16.59601094507719 ], [ -98.909276554687921, 16.597454604238031 ], [ -98.909197296364397, 16.598209480558932 ] ] ], [ [ [ -98.90926764306775, 16.591345626451233 ], [ -98.909027916043627, 16.592143986864279 ], [ -98.908893405011312, 16.592544773985626 ], [ -98.908712537133283, 16.592926980631528 ], [ -98.908588665801517, 16.593072203028516 ], [ -98.908191467164741, 16.59336770053886 ], [ -98.908023519163052, 16.593439578282741 ], [ -98.907636961099641, 16.593479510276346 ], [ -98.907252683455411, 16.593464677750752 ], [ -98.905845946935344, 16.593355521970519 ], [ -98.905461202702895, 16.593325126006974 ], [ -98.905072465225103, 16.593292439287115 ], [ -98.904901870122558, 16.593276140422091 ], [ -98.904494497153195, 16.593232765728615 ], [ -98.904365797819381, 16.593217197543009 ], [ -98.90417257382019, 16.593187921078659 ], [ -98.904025238885936, 16.5931616657228 ], [ -98.903530900115641, 16.593068416589855 ], [ -98.903388549650444, 16.593040027419473 ], [ -98.903218585998886, 16.593000794385222 ], [ -98.903118131236255, 16.592973136405327 ], [ -98.90281930612305, 16.592883298690715 ], [ -98.902700215926473, 16.592844953428536 ], [ -98.902443286763855, 16.592755846654157 ], [ -98.902195335454152, 16.592666896331437 ], [ -98.901295160213564, 16.59234089943125 ], [ -98.901047328500894, 16.592252176621184 ], [ -98.900790954038115, 16.59216413591037 ], [ -98.900672536362649, 16.592127086469731 ], [ -98.900376295023108, 16.592042229726744 ], [ -98.900277065977107, 16.592016935461498 ], [ -98.90011023831137, 16.591983752474547 ], [ -98.899971142125821, 16.591961642433947 ], [ -98.899488854439525, 16.591891644634664 ], [ -98.899345327223742, 16.591872735548591 ], [ -98.89915782104265, 16.59185449152152 ], [ -98.899033482269331, 16.591847337732705 ], [ -98.89864074085942, 16.591832197064601 ], [ -98.898476534920931, 16.591828227031979 ], [ -98.89810298192161, 16.59182484092393 ], [ -98.897733540717951, 16.591823973211927 ], [ -98.896383034794169, 16.591823305082652 ], [ -98.896014185934092, 16.591824150780397 ], [ -98.895643397131408, 16.591828770419703 ], [ -98.895482547693788, 16.591834524656715 ], [ -98.89510270574543, 16.591856758103361 ], [ -98.894984487624782, 16.591867338710948 ], [ -98.894812645031763, 16.591894481767977 ], [ -98.894685373713344, 16.59192267694689 ], [ -98.894263283242083, 16.592027110955787 ], [ -98.89414320707786, 16.592060114726529 ], [ -98.894004942347038, 16.592109698780337 ], [ -98.893927497476085, 16.592147529406606 ], [ -98.893704352674661, 16.592274488184273 ], [ -98.893617854403388, 16.592329933385923 ], [ -98.893437340633795, 16.592461718932924 ], [ -98.893265961933636, 16.592594538706908 ], [ -98.892646706690371, 16.593082577724847 ], [ -98.892477461549291, 16.593217228514646 ], [ -98.892306907878549, 16.59335756090616 ], [ -98.892232505075597, 16.593423385057839 ], [ -98.892055845630949, 16.593590232033922 ], [ -98.892000457842869, 16.593646989348326 ], [ -98.891918641077751, 16.593745009912837 ], [ -98.891857147755331, 16.593828281972979 ], [ -98.891651995357833, 16.594118864246273 ], [ -98.891593268179193, 16.594205875094705 ], [ -98.891524360734678, 16.594321343562484 ], [ -98.8914846487246, 16.594399287675881 ], [ -98.89136823332305, 16.594647558374682 ], [ -98.89132241562956, 16.594752017220035 ], [ -98.891225015163371, 16.594991221145211 ], [ -98.891131689180099, 16.595228482161353 ], [ -98.890793566682916, 16.596096495954885 ], [ -98.890699882968292, 16.596335015080673 ], [ -98.890600816499145, 16.596580090896236 ], [ -98.890552976836986, 16.59669168010943 ], [ -98.890428791486642, 16.596967353937774 ], [ -98.890385392949355, 16.597058300601329 ], [ -98.890307051935054, 16.597207044567366 ], [ -98.890238534698994, 16.597328589271601 ], [ -98.889997128048577, 16.597747053760902 ], [ -98.88992417957013, 16.597870731683205 ], [ -98.889825160525547, 16.598029430984766 ], [ -98.889756653243367, 16.598132466353459 ], [ -98.889535971289291, 16.598454598652253 ], [ -98.889442344824204, 16.598588231886907 ], [ -98.889226103311771, 16.598889721356482 ], [ -98.889010812877302, 16.599186787202001 ], [ -98.888222360723134, 16.600271603240056 ], [ -98.888007541944646, 16.600568439422073 ], [ -98.887793511444201, 16.600868860674538 ], [ -98.8877025728207, 16.601001197873661 ], [ -98.887492223062722, 16.601318350220986 ], [ -98.887428619075791, 16.60141902293492 ], [ -98.887342150565004, 16.601571676699859 ], [ -98.887282228102308, 16.601689080794507 ], [ -98.887089058055039, 16.602084312707326 ], [ -98.887035781757007, 16.602198516823208 ], [ -98.88698032951379, 16.602336237561818 ], [ -98.886954388356287, 16.602418777367799 ], [ -98.886888781809674, 16.60266624238405 ], [ -98.88686652223808, 16.602765513611075 ], [ -98.886828250834256, 16.602981314330389 ], [ -98.886795836930702, 16.603190329839968 ], [ -98.886682842953306, 16.603949934765073 ], [ -98.886653273087134, 16.604164672330896 ], [ -98.886628274867334, 16.604407176115025 ], [ -98.886622133040461, 16.604538872532615 ], [ -98.886618469429365, 16.604910952027861 ], [ -98.886621919639339, 16.605052620137339 ], [ -98.886641684275887, 16.605341658488669 ], [ -98.88666646931425, 16.605612902303179 ], [ -98.886762368724689, 16.606589668346494 ], [ -98.886793781337545, 16.60689081512438 ], [ -98.886844473684462, 16.607319400772699 ], [ -98.88688547873889, 16.607630519203529 ], [ -98.887026144062872, 16.608653819469858 ], [ -98.887088485136687, 16.60909451345713 ], [ -98.887238744894631, 16.610127785122462 ], [ -98.887391061738583, 16.611163193370636 ], [ -98.887951626053976, 16.614961825308022 ], [ -98.888104187686338, 16.615997232727313 ], [ -98.888255565525782, 16.617030503634687 ], [ -98.88831925683148, 16.617471197654996 ], [ -98.888465105040808, 16.618494498848094 ], [ -98.888508567347557, 16.618805617971528 ], [ -98.888565542469024, 16.619234206119415 ], [ -98.888603473174641, 16.619535355780904 ], [ -98.888723508580782, 16.620512132645931 ], [ -98.888755919286979, 16.620783379927374 ], [ -98.888787133180202, 16.621072423794992 ], [ -98.888799313689361, 16.621214096332132 ], [ -98.888824942174296, 16.621586190968873 ], [ -98.888831590745809, 16.621717894084064 ], [ -98.888836988877912, 16.621960413991054 ], [ -98.888838051917119, 16.622175167883633 ], [ -98.888837614613792, 16.622934832778455 ], [ -98.888836782411815, 16.623143636275376 ], [ -98.888833336114175, 16.623358387730445 ], [ -98.888829245032781, 16.623456372029182 ], [ -98.888813599597796, 16.623698880633334 ], [ -98.88880619607167, 16.623779065921454 ], [ -98.888787291727098, 16.623910755330666 ], [ -98.888767689033145, 16.624018697768143 ], [ -98.888695113982777, 16.624390739711462 ], [ -98.888672187268298, 16.624500816021094 ], [ -98.888637771125914, 16.624642463542415 ], [ -98.888611531923715, 16.624734740834306 ], [ -98.888523498325313, 16.625023720651456 ], [ -98.888485059754728, 16.625143755056641 ], [ -98.888393713361495, 16.625414935795916 ], [ -98.888301656907061, 16.625682302412468 ], [ -98.887963404575146, 16.626658832177338 ], [ -98.887869567087677, 16.626925854370789 ], [ -98.887769913069448, 16.627195428543875 ], [ -98.887721387845417, 16.627313512344081 ], [ -98.887594590762589, 16.627594995886611 ], [ -98.887549958968066, 16.627683716324619 ], [ -98.887468474500778, 16.627816261524906 ], [ -98.887396699884732, 16.627916891359742 ], [ -98.887143235673506, 16.628253951878477 ], [ -98.887066478780895, 16.628350841468244 ], [ -98.886961744622596, 16.62846593253283 ], [ -98.886888881311336, 16.628533458752532 ], [ -98.886653586463837, 16.628733489913873 ], [ -98.886553580054326, 16.628812925336614 ], [ -98.886322178371955, 16.62898359282099 ], [ -98.886091610686265, 16.629147967910235 ], [ -98.885247026920979, 16.629744382209498 ], [ -98.885014322568622, 16.629906695506751 ], [ -98.884772955608057, 16.630067745214049 ], [ -98.884660850282017, 16.630135503100849 ], [ -98.88437905902434, 16.630290656803407 ], [ -98.884284134077802, 16.630336889412693 ], [ -98.884122942464714, 16.630397488045528 ], [ -98.883987593669076, 16.630437824873596 ], [ -98.883517157256506, 16.630565464197947 ], [ -98.883376827580122, 16.630599924749344 ], [ -98.883192392505492, 16.630633101882193 ], [ -98.88306924353229, 16.630646037253666 ], [ -98.882678983372784, 16.630673224841651 ], [ -98.882515410601997, 16.630680263958766 ], [ -98.882142331217722, 16.630685925622743 ], [ -98.881772933449383, 16.630686974148006 ], [ -98.881096405544625, 16.630686587856932 ], [ -98.88042215663539, 16.630686200674106 ], [ -98.880052403931501, 16.630685529773903 ], [ -98.879677668091958, 16.630683177304533 ], [ -98.87951208388084, 16.630680487981646 ], [ -98.879114093422174, 16.630670290225094 ], [ -98.878987276481524, 16.630665487383144 ], [ -98.878793454537444, 16.630653272230475 ], [ -98.87864338299805, 16.630640624828036 ], [ -98.878136871230424, 16.630593818129785 ], [ -98.87799012392432, 16.630579036540585 ], [ -98.877811814801206, 16.630556863145639 ], [ -98.877703834785251, 16.630539968496748 ], [ -98.877378237259919, 16.630483299980334 ], [ -98.877247002785097, 16.630458560585609 ], [ -98.876960172750699, 16.63039977866266 ], [ -98.876681650151951, 16.630340543635239 ], [ -98.875668709358749, 16.630122892676809 ], [ -98.875390662103158, 16.630063885027045 ], [ -98.875106047734263, 16.630006169710324 ], [ -98.874977502914618, 16.629982727155888 ], [ -98.874662241458054, 16.62993104383153 ], [ -98.874559165596978, 16.629916514997436 ], [ -98.874393406281271, 16.629900397305839 ], [ -98.874259683116975, 16.629891900836519 ], [ -98.873801401054266, 16.629868367804541 ], [ -98.873666568251707, 16.62986307377793 ], [ -98.873495630498667, 16.629861901880595 ], [ -98.873386266501214, 16.629865521793533 ], [ -98.873046838894851, 16.629883586366251 ], [ -98.872906827496649, 16.629893238340745 ], [ -98.872592868563046, 16.629920216364166 ], [ -98.87228436713464, 16.629949104113294 ], [ -98.871158652050596, 16.63005693216326 ], [ -98.870848724318421, 16.630088562747179 ], [ -98.870528110643718, 16.630128347498765 ], [ -98.870380018891808, 16.630153552578076 ], [ -98.870009537623716, 16.630231391428225 ], [ -98.869885439053022, 16.630263374112605 ], [ -98.869676793743537, 16.630334788064282 ], [ -98.869502827514367, 16.630404825249208 ], [ -98.868899629551152, 16.630660250547528 ], [ -98.868720118227088, 16.630739894063606 ], [ -98.868485597470169, 16.630856139418714 ], [ -98.868330079148762, 16.63094256072851 ], [ -98.867838847025922, 16.631229614265209 ], [ -98.867633459966299, 16.631354089327051 ], [ -98.867166219167061, 16.631647919479406 ], [ -98.866704118396868, 16.631943201063706 ], [ -98.865014878309282, 16.633027343791252 ], [ -98.8645506319654, 16.633326737886232 ], [ -98.864073399664619, 16.633639775420512 ], [ -98.863855886516959, 16.633787578504187 ], [ -98.863318057127486, 16.634164288508785 ], [ -98.863140430428132, 16.634293252050131 ], [ -98.862849336080771, 16.634518372515 ], [ -98.862611113510056, 16.634711009531387 ], [ -98.861790499463567, 16.635384860041562 ], [ -98.861547837373294, 16.635587103338523 ], [ -98.861236031278168, 16.635857056610273 ], [ -98.861033256194105, 16.636040460918508 ], [ -98.860398776753954, 16.636626393495991 ], [ -98.860135403336585, 16.636873470098731 ], [ -98.859540807045931, 16.637440561813531 ], [ -98.858954754856555, 16.638003615070787 ], [ -98.856814415292675, 16.64006409243089 ], [ -98.856230366051491, 16.640625308555702 ], [ -98.855645168193732, 16.641183852605774 ], [ -98.855393222858595, 16.641420557729184 ], [ -98.854802675846955, 16.641966637570857 ], [ -98.854620750271991, 16.64213113414274 ], [ -98.854362312936601, 16.642352705822422 ], [ -98.854175042331192, 16.642504740213845 ], [ -98.853777898523006, 16.642819569103821 ], [ -98.85355954864707, 16.642992661424689 ], [ -98.853386136438431, 16.643126551741677 ], [ -98.85319237487019, 16.643263453035161 ], [ -98.853088984986783, 16.643325136076307 ], [ -98.852800260326092, 16.643476088839673 ], [ -98.852691525981669, 16.643525309863378 ], [ -98.852472823867274, 16.643604055316889 ], [ -98.852269126554262, 16.643667327676006 ], [ -98.851537240329733, 16.643883851794829 ], [ -98.851336870465872, 16.643940604219168 ], [ -98.85113369825045, 16.64398892620391 ], [ -98.851043822181765, 16.644001205318698 ], [ -98.850827572793136, 16.644010185854111 ], [ -98.850758571778115, 16.644004504702743 ], [ -98.850652816464944, 16.643969012231931 ], [ -98.850570738490248, 16.643923989845547 ], [ -98.850563016104175, 16.64391912672987 ], [ -98.849818186286967, 16.642649692754489 ], [ -98.849143755556113, 16.641324045353588 ], [ -98.849013009064535, 16.641067050335323 ], [ -98.8479837432007, 16.640026990156468 ], [ -98.847911155169015, 16.639928862610116 ], [ -98.847681665146212, 16.63961862754606 ], [ -98.847572992266734, 16.639474390589232 ], [ -98.847516766393028, 16.639403194451607 ], [ -98.847427297977248, 16.639289904731367 ], [ -98.847327836124109, 16.63917059047078 ], [ -98.847009375675199, 16.638798276210053 ], [ -98.846874866694861, 16.638644053415931 ], [ -98.846565618498985, 16.638296661321487 ], [ -98.846472513971491, 16.638193018999363 ], [ -98.846258345084919, 16.637954609380984 ], [ -98.845273786900705, 16.636861355331895 ], [ -98.845133658836303, 16.636705755650549 ], [ -98.8448242531517, 16.636365187318997 ], [ -98.844505038059438, 16.636024725586488 ], [ -98.844358421444554, 16.635878920319925 ], [ -98.843993425765191, 16.635538957384405 ], [ -98.84387188218237, 16.635434994002168 ], [ -98.843669673879305, 16.635289794757764 ], [ -98.84350234849947, 16.635186330594216 ], [ -98.842923706079844, 16.634848696219176 ], [ -98.842751943612569, 16.634754304660543 ], [ -98.84252902676171, 16.634651445925996 ], [ -98.842382336509914, 16.634598896467843 ], [ -98.841920699125822, 16.6344565239215 ], [ -98.841728227246961, 16.634404473053465 ], [ -98.84129166239201, 16.634303941614299 ], [ -98.840860470457372, 16.634212375532883 ], [ -98.841289294386044, 16.634297303995908 ], [ -98.84171480845643, 16.634366859909957 ], [ -98.841893861467611, 16.63438129765807 ], [ -98.842303927923965, 16.634379117938259 ], [ -98.842426148171128, 16.634363078860229 ], [ -98.842586442796545, 16.634290409964972 ], [ -98.842693214805678, 16.63420263634881 ], [ -98.84303118891215, 16.633865694764591 ], [ -98.843122471690677, 16.633756018667089 ], [ -98.843210484503246, 16.633581138784468 ], [ -98.84324493435922, 16.63344098650726 ], [ -98.843317687412863, 16.632961822424086 ], [ -98.843336688788327, 16.632749935784954 ], [ -98.843338546725832, 16.632690459323133 ], [ -98.843342463682134, 16.632565069227777 ], [ -98.843352608987516, 16.632240295566604 ], [ -98.843356350763273, 16.631724124734411 ], [ -98.84335789212048, 16.629824967541513 ], [ -98.843358508575477, 16.629591055538924 ], [ -98.843359263901561, 16.629304447200383 ], [ -98.84336412428739, 16.628774509662083 ], [ -98.843367326872254, 16.62863854993304 ], [ -98.843369695917985, 16.628537976394483 ], [ -98.843390836413406, 16.627964092012729 ], [ -98.843400796570165, 16.627778995940641 ], [ -98.843426136843448, 16.627489098666693 ], [ -98.843437250910583, 16.627392087339185 ], [ -98.843452377039696, 16.627260055771789 ], [ -98.843549490571107, 16.626481086142963 ], [ -98.843580159457076, 16.626253648291623 ], [ -98.843626167802555, 16.625971241336366 ], [ -98.843661225132365, 16.625795240680755 ], [ -98.843778817336684, 16.625256311193965 ], [ -98.843830154215937, 16.6250363636447 ], [ -98.843952134140878, 16.624548871235135 ], [ -98.84407505387432, 16.624072400987266 ], [ -98.844526694740907, 16.622336364820242 ], [ -98.844649253211941, 16.621862868515752 ], [ -98.844769556523815, 16.621389256017125 ], [ -98.844818860356412, 16.621186163107886 ], [ -98.844928641627604, 16.620712008704043 ], [ -98.84495999349059, 16.620566743286837 ], [ -98.844996521198794, 16.620362992454776 ], [ -98.845017351789423, 16.620217185257093 ], [ -98.845078033363848, 16.619740502481147 ], [ -98.845092762544866, 16.619606970794614 ], [ -98.845100817328756, 16.619460505724131 ], [ -98.845097595001789, 16.619384801597683 ], [ -98.845074502728906, 16.619177980742432 ], [ -98.845060759314194, 16.619101734851846 ], [ -98.845019715660797, 16.61895274154892 ], [ -98.84497482532926, 16.618816139855753 ], [ -98.844806381242151, 16.618327658503983 ], [ -98.844759589647765, 16.618194716480044 ], [ -98.844709672490794, 16.618062801804609 ], [ -98.844685153818702, 16.618007294299545 ], [ -98.844620650516148, 16.617880173946627 ], [ -98.844597779000807, 16.617842286907266 ], [ -98.844555548527083, 16.617792601083931 ], [ -98.844518090797578, 16.617759508372121 ], [ -98.844385518607893, 16.617654761494347 ], [ -98.844345288259845, 16.617626471923629 ], [ -98.844290118747338, 16.617599200847135 ], [ -98.844251535499723, 16.617588531737674 ], [ -98.844126649865274, 16.617566013600097 ], [ -98.844073480400709, 16.617560138764134 ], [ -98.843950241853364, 16.617555241001682 ], [ -98.843827356249193, 16.617554118983914 ], [ -98.84337712864594, 16.617553780115539 ], [ -98.843251511481199, 16.617555515965304 ], [ -98.843115525635824, 16.617563956004069 ], [ -98.843046877302456, 16.617574277397768 ], [ -98.842862504220292, 16.617614003817216 ], [ -98.842795694772263, 16.617632869181996 ], [ -98.842668290437075, 16.617681181183428 ], [ -98.842553093652484, 16.617731332927001 ], [ -98.842142912555857, 16.617917061945779 ], [ -98.842017740804209, 16.617975748474247 ], [ -98.841843787439373, 16.618063890329676 ], [ -98.841720454375732, 16.61813112073925 ], [ -98.841318852972691, 16.618356720405718 ], [ -98.841147131839321, 16.618455236607254 ], [ -98.840747367934298, 16.618689379218551 ], [ -98.840347997097297, 16.618925351920197 ], [ -98.8388840230716, 16.61979240934922 ], [ -98.838546928410025, 16.619991284386781 ], [ -98.838484054376238, 16.620028377943218 ], [ -98.838081515177606, 16.620262513180801 ], [ -98.837906428550752, 16.620361024036402 ], [ -98.837491896829107, 16.62058660609657 ], [ -98.837362429642027, 16.62065382907991 ], [ -98.837172781637705, 16.620741954679186 ], [ -98.83703132310805, 16.620800625395916 ], [ -98.836560830867455, 16.620986295927416 ], [ -98.836426578222671, 16.621036429238025 ], [ -98.836270558618281, 16.621084714738139 ], [ -98.836181926158162, 16.621103560755582 ], [ -98.835924327599699, 16.621143223213981 ], [ -98.835823703983934, 16.621153516949089 ], [ -98.835611725721364, 16.621161891984368 ], [ -98.835409523255109, 16.621163562459589 ], [ -98.834677890036119, 16.621162981542412 ], [ -98.834478298495313, 16.621164309957059 ], [ -98.834278504498712, 16.621171091590185 ], [ -98.834192676039095, 16.621179451355665 ], [ -98.833991937191982, 16.621211681959984 ], [ -98.833930284046644, 16.621227001842392 ], [ -98.833843308233824, 16.621266264118411 ], [ -98.833780710203769, 16.621307033201031 ], [ -98.833575561703398, 16.621458026540221 ], [ -98.833517941513179, 16.621505740438579 ], [ -98.833454195958055, 16.62157741207206 ], [ -98.833420751077483, 16.621632086230555 ], [ -98.8333564376845, 16.621759886357925 ], [ -98.833276986486524, 16.62138681302892 ], [ -98.833293930203979, 16.621263517434848 ], [ -98.833319155129956, 16.620981155383976 ], [ -98.833320744035547, 16.620897001310762 ], [ -98.83330293406155, 16.620786644358738 ], [ -98.8332759023547, 16.620713145640661 ], [ -98.833262962236006, 16.620685358968753 ], [ -98.833167564508599, 16.620480508540492 ], [ -98.833131109610306, 16.620417680557718 ], [ -98.833069324464105, 16.620357120429812 ], [ -98.833017514858653, 16.620333433938786 ], [ -98.832837521879995, 16.620283457025444 ], [ -98.832757091744071, 16.620270425762726 ], [ -98.832561744045378, 16.620259590099653 ], [ -98.832363106036681, 16.620257141708692 ], [ -98.832563171292691, 16.620255815700151 ], [ -98.832765179457056, 16.620249037490975 ], [ -98.832853697287518, 16.620240680475206 ], [ -98.833064772297945, 16.620208459266131 ], [ -98.83313132998174, 16.620193143576163 ], [ -98.833230857512788, 16.620153891666806 ], [ -98.833306481998065, 16.620113133194984 ], [ -98.833559868516602, 16.619962178740625 ], [ -98.833632730003075, 16.619914477024544 ], [ -98.833719363955154, 16.61984282363904 ], [ -98.83377026526334, 16.61978816338695 ], [ -98.833921170613991, 16.619604735548563 ], [ -98.833981138518169, 16.619524632484485 ], [ -98.834110083406429, 16.619334246041834 ], [ -98.834234322317116, 16.619142368421123 ], [ -98.834685157159356, 16.618437325378324 ], [ -98.834807853663662, 16.618243844412753 ], [ -98.83492960436358, 16.618045976876811 ], [ -98.834980837600071, 16.617956789988657 ], [ -98.83509817532719, 16.617738452049068 ], [ -98.835133149425928, 16.617667227398286 ], [ -98.83517902428845, 16.617553183671454 ], [ -98.835209585704717, 16.617461488713381 ], [ -98.835306330624391, 16.617147622608247 ], [ -98.835332462300627, 16.617055390200267 ], [ -98.835357665378183, 16.616938838433466 ], [ -98.835367538113289, 16.616864568320224 ], [ -98.835388407786652, 16.616634526223411 ], [ -98.83539386787524, 16.616539785816556 ], [ -98.835398478639505, 16.616327706016619 ], [ -98.835399605358063, 16.61611947527804 ], [ -98.835400252600621, 16.6153598116003 ], [ -98.835396634795515, 16.615149288871102 ], [ -98.835379104506075, 16.61492651317603 ], [ -98.835357679055562, 16.614818784913233 ], [ -98.835275224029104, 16.614538828695675 ], [ -98.835236070295352, 16.614440874833761 ], [ -98.835135807865683, 16.614263713021945 ], [ -98.835031729665133, 16.614108578543025 ], [ -98.834646295034304, 16.613561779043899 ], [ -98.834524506349581, 16.613396485802021 ], [ -98.834341592722964, 16.613171917180239 ], [ -98.834202076240913, 16.613016398086735 ], [ -98.833733914166814, 16.612515210395543 ], [ -98.833529475105522, 16.612302509834034 ], [ -98.833043588253631, 16.611811094856272 ], [ -98.832553904965778, 16.611321773211163 ], [ -98.830754621896176, 16.60952967841019 ], [ -98.830262931394046, 16.609042180294875 ], [ -98.829767640035769, 16.60855929263154 ], [ -98.829551769731125, 16.60835695202595 ], [ -98.829039666317271, 16.607895583481433 ], [ -98.828879297113332, 16.607758959560734 ], [ -98.828643009685663, 16.607582750410689 ], [ -98.828465825408657, 16.607467646951296 ], [ -98.827875253959988, 16.607106705773003 ], [ -98.827706359867022, 16.607010295615954 ], [ -98.82750875764799, 16.606921323628161 ], [ -98.827395362743729, 16.606890631009186 ], [ -98.827063788747736, 16.60683637056837 ], [ -98.826933578239561, 16.606827198350267 ], [ -98.826657503063544, 16.606838655203976 ], [ -98.826393320395482, 16.606864194139231 ], [ -98.826653948711822, 16.606832702883359 ], [ -98.826913436868693, 16.606793468558898 ], [ -98.827023505965414, 16.606768911008498 ], [ -98.827277673536699, 16.606693543438261 ], [ -98.827354339802241, 16.606662728931671 ], [ -98.827457948211034, 16.606594295629222 ], [ -98.827529293936678, 16.606527348277901 ], [ -98.827758631939972, 16.606283360479196 ], [ -98.827821679621124, 16.606207329564899 ], [ -98.827886564436284, 16.606096506577138 ], [ -98.827916209368738, 16.606014218950246 ], [ -98.827989667488893, 16.605741033004676 ], [ -98.828013991781717, 16.605622612590683 ], [ -98.828054047083626, 16.605343169949016 ], [ -98.828086944591902, 16.605062386581377 ], [ -98.828140035568254, 16.604580035983023 ], [ -98.82820041030017, 16.604031506744203 ], [ -98.828229870138671, 16.603746487276727 ], [ -98.828253884396673, 16.60344727636474 ], [ -98.828258730711468, 16.603304851681305 ], [ -98.828257332636042, 16.602939414070153 ], [ -98.828251459181558, 16.602813353978647 ], [ -98.828225447838534, 16.602590511165989 ], [ -98.828194162277072, 16.602398224377129 ], [ -98.828074174792675, 16.60172372878252 ], [ -98.828035147015058, 16.601520757216171 ], [ -98.827973004480498, 16.601248052217031 ], [ -98.827923257221016, 16.601061445209904 ], [ -98.827753246401926, 16.600463317424495 ], [ -98.827678087870552, 16.600210483589489 ], [ -98.827497358898967, 16.599628720135232 ], [ -98.82731433393765, 16.599050463192604 ], [ -98.826640954593202, 16.596933692856371 ], [ -98.826453424436636, 16.596357147458651 ], [ -98.826251654948308, 16.59578337397453 ], [ -98.826150942254827, 16.595540243083967 ], [ -98.82605843143952, 16.595346809092216 ], [ -98.825882719392482, 16.594979405657234 ], [ -98.825786370292789, 16.594810492731479 ], [ -98.825604963345171, 16.594583069960738 ], [ -98.825442159743602, 16.594427093144763 ], [ -98.824863818111012, 16.593926623230782 ], [ -98.82468771012735, 16.593789321730206 ], [ -98.824444212899579, 16.593649052109431 ], [ -98.824272467584066, 16.593585968443762 ], [ -98.824481213545596, 16.593515506888632 ], [ -98.82471533037787, 16.59343648116262 ], [ -98.82511036032561, 16.593303138749459 ], [ -98.825135197882489, 16.593294754797359 ], [ -98.825254344451849, 16.593277623394858 ], [ -98.825386830548439, 16.593253021878823 ], [ -98.825522710286833, 16.593207574922932 ], [ -98.825584338108385, 16.59316725227244 ], [ -98.825736054773017, 16.593024526844065 ], [ -98.825785892246913, 16.592959990003248 ], [ -98.82586675051536, 16.59280154355617 ], [ -98.825932424787482, 16.592639728319828 ], [ -98.826158045681865, 16.592043036841361 ], [ -98.826219093445459, 16.591879844702564 ], [ -98.826278362907189, 16.591714973031515 ], [ -98.826301985876555, 16.59164263422705 ], [ -98.826352956944504, 16.591469924813161 ], [ -98.82636678211847, 16.59141537507109 ], [ -98.826380328577955, 16.591333519030844 ], [ -98.826385855492504, 16.591271131573183 ], [ -98.826398101290664, 16.591061846142189 ], [ -98.826399750488676, 16.591001591117209 ], [ -98.826395200967283, 16.590929686434443 ], [ -98.826387052456994, 16.590887220483964 ], [ -98.826353575621198, 16.590760950727557 ], [ -98.826337128911021, 16.590710647059908 ], [ -98.826293854435761, 16.590602166365326 ], [ -98.826248480501164, 16.590497497604481 ], [ -98.826080010317057, 16.590117524000256 ], [ -98.826031550684576, 16.59001411113017 ], [ -98.825973875556102, 16.589911491418125 ], [ -98.825939942117088, 16.589868304704879 ], [ -98.825855805627555, 16.589785641179404 ], [ -98.825880615605342, 16.589779470804643 ], [ -98.825995440179895, 16.589733535528847 ], [ -98.826369392260304, 16.589559434808923 ], [ -98.826473705777076, 16.58950334606245 ], [ -98.826586550451651, 16.589415699674255 ], [ -98.826643443629337, 16.589346579325998 ], [ -98.826796100286401, 16.589111664053821 ], [ -98.826851362997871, 16.589008193590029 ], [ -98.826956599055109, 16.58876024673377 ], [ -98.827051673406984, 16.588509507372677 ], [ -98.826963004460652, 16.588761853812521 ], [ -98.826887660338656, 16.589017300385585 ], [ -98.826868695004777, 16.589129877658028 ], [ -98.826855534333347, 16.589399791706242 ], [ -98.826864830638584, 16.589485518634977 ], [ -98.826921374138195, 16.589615663582595 ], [ -98.82699285431697, 16.589715857987404 ], [ -98.827269885524444, 16.590053286713736 ], [ -98.827360747272635, 16.590150827489907 ], [ -98.82750773708031, 16.590268589214563 ], [ -98.827626860768177, 16.590339279449704 ], [ -98.828035781943001, 16.590551405066485 ], [ -98.828217090225237, 16.590636562117808 ], [ -98.828654274332479, 16.590821836004398 ], [ -98.829097515343918, 16.591001355268897 ], [ -98.830728795521082, 16.59165383077773 ], [ -98.831174177743563, 16.591831402393201 ], [ -98.831503395916201, 16.591961126684787 ], [ -98.831621341693619, 16.592007601570138 ], [ -98.831814764539843, 16.59208174371896 ], [ -98.832270240529951, 16.592251541214672 ], [ -98.832411453016434, 16.592302148345031 ], [ -98.832614968225329, 16.592368517939896 ], [ -98.832764491746957, 16.592412724506612 ], [ -98.83325875332693, 16.592552651633429 ], [ -98.833398869954621, 16.592590443196546 ], [ -98.833558485567352, 16.59262687733354 ], [ -98.833646391207594, 16.592641134585982 ], [ -98.833897001927923, 16.592671234184898 ], [ -98.833993218443581, 16.592679090914778 ], [ -98.834191618089847, 16.592685656123408 ], [ -98.834378829637146, 16.5926871781576 ], [ -98.835054083884216, 16.592687714559506 ], [ -98.835238805407045, 16.592687403271398 ], [ -98.835425584916706, 16.592685415420345 ], [ -98.835507691262393, 16.592682887033082 ], [ -98.835704074689673, 16.592673075732719 ], [ -98.835766250044458, 16.592668395833989 ], [ -98.835860018277089, 16.592656367693852 ], [ -98.835931797535025, 16.592643864529929 ], [ -98.836172999111113, 16.592597544427004 ], [ -98.836242565381454, 16.592582903742528 ], [ -98.836326006457526, 16.592560900801296 ], [ -98.836375641725951, 16.592544108722304 ], [ -98.836523831861996, 16.592487748583956 ], [ -98.836583070971628, 16.592463133208323 ], [ -98.836711330019099, 16.592404621609848 ], [ -98.836835318069021, 16.592345648938501 ], [ -98.837285669359716, 16.592128954185988 ], [ -98.837414051334491, 16.592064836109476 ], [ -98.837562816457705, 16.59198231370592 ], [ -98.837646956119769, 16.591928542673294 ], [ -98.837890842572548, 16.591760133479418 ], [ -98.837985884768216, 16.591690175296844 ], [ -98.838185528621153, 16.591532113030027 ], [ -98.838375691727975, 16.591376267860113 ], [ -98.839063473451063, 16.590807051366099 ], [ -98.839276354329812, 16.590629332289996 ], [ -98.839582018662497, 16.590369194235269 ], [ -98.839805801067286, 16.590175287498564 ], [ -98.840544452136115, 16.589530526087419 ], [ -98.840863351590443, 16.589250730260613 ], [ -98.841234050294162, 16.588923847769447 ], [ -98.841612897854844, 16.588589777763904 ], [ -98.842364775176449, 16.587925353784033 ], [ -98.845123950650091, 16.585485639816198 ], [ -98.845876042621839, 16.584819372349887 ], [ -98.846626668731687, 16.584149859357204 ], [ -98.846946903355914, 16.583859681641638 ], [ -98.847690705449793, 16.583175031990024 ], [ -98.847916938215704, 16.58296220209861 ], [ -98.848228891618504, 16.582653646963287 ], [ -98.848448306554104, 16.582425683815984 ], [ -98.849160286745786, 16.581670409685515 ], [ -98.849358096459596, 16.581455777848689 ], [ -98.849569231314362, 16.581209438143738 ], [ -98.849673043069316, 16.581072156236356 ], [ -98.849946362719507, 16.580677846943942 ], [ -98.850043357231371, 16.580525432235561 ], [ -98.850222678956385, 16.5802084730187 ], [ -98.850381858045409, 16.57990808877301 ], [ -98.850945368569739, 16.578823253920131 ], [ -98.851100509019474, 16.578526298511608 ], [ -98.851260990813515, 16.578225342400827 ], [ -98.851335110389485, 16.578092360592397 ], [ -98.851520519881149, 16.577772734904098 ], [ -98.851582619566926, 16.577670889686697 ], [ -98.851687008880106, 16.577515237768967 ], [ -98.851774036747997, 16.577394723088094 ], [ -98.852075776815553, 16.576987972914431 ], [ -98.852165570385424, 16.576870129618719 ], [ -98.852282867643453, 16.576726944651526 ], [ -98.852360641618915, 16.576640238003115 ], [ -98.852606289282292, 16.57637879180341 ], [ -98.852708991091447, 16.57627341550328 ], [ -98.852942618602995, 16.576043105653927 ], [ -98.853173670023267, 16.575819467702651 ], [ -98.854018278503688, 16.575006131791721 ], [ -98.85425288809661, 16.574780435695324 ], [ -98.854503128313397, 16.574540525119993 ], [ -98.854626005083006, 16.574423491991816 ], [ -98.854949189547, 16.574117247843009 ], [ -98.855063754448949, 16.574009285281644 ], [ -98.855275206552591, 16.573811704324214 ], [ -98.855462715906185, 16.573637408282131 ], [ -98.856126305153765, 16.57302160651863 ], [ -98.85632766290037, 16.572835039100543 ], [ -98.856603745256791, 16.572580194009355 ], [ -98.856796790905534, 16.572402697025346 ], [ -98.857421586439003, 16.571829221912708 ], [ -98.857687573870805, 16.571585390046732 ], [ -98.858304053084069, 16.571020983149396 ], [ -98.858918747779015, 16.570458518154698 ], [ -98.859542019404117, 16.569888286703449 ], [ -98.861170816919895, 16.568398074301566 ], [ -98.861785375775227, 16.567836401379832 ], [ -98.862401274863487, 16.567275719040403 ], [ -98.862666574318808, 16.56703641848495 ], [ -98.863288739351731, 16.566480364876686 ], [ -98.863480541114882, 16.566311136447002 ], [ -98.863753452743779, 16.566077458322365 ], [ -98.8639515247351, 16.565912860849853 ], [ -98.864602947286286, 16.565378416390015 ], [ -98.864786612782524, 16.565229826329706 ], [ -98.864992297854499, 16.565070851651033 ], [ -98.865102468338719, 16.564992335118138 ], [ -98.86541091199787, 16.564784899153519 ], [ -98.865527353182287, 16.564711013745271 ], [ -98.865762301915353, 16.564573651257295 ], [ -98.865981501619231, 16.56445130439722 ], [ -98.866769482908026, 16.564017713199323 ], [ -98.866985594300004, 16.563899253280141 ], [ -98.867206134807361, 16.563780033213718 ], [ -98.867305081461765, 16.563728178905095 ], [ -98.867546291987736, 16.563605412169924 ], [ -98.867624561255795, 16.563567070530947 ], [ -98.867748607455312, 16.563510909743929 ], [ -98.867847547033747, 16.563469021672141 ], [ -98.868185218617754, 16.563329704500688 ], [ -98.86828415655944, 16.563289951897705 ], [ -98.868408195626941, 16.563243757212149 ], [ -98.868486456369482, 16.563217517422334 ], [ -98.86872763402215, 16.563141259629983 ], [ -98.868826565013677, 16.563111473265796 ], [ -98.869047065349861, 16.56304872805341 ], [ -98.869263134752075, 16.562988878248557 ], [ -98.87005095732259, 16.562772322695562 ], [ -98.870270821796296, 16.562713160675084 ], [ -98.870509034404805, 16.562653628451539 ], [ -98.870629473743335, 16.562627744577238 ], [ -98.870953311346881, 16.562566485246901 ], [ -98.871070793523586, 16.562547362270362 ], [ -98.871295206161832, 16.562519381203074 ], [ -98.871498313451738, 16.562498531114269 ], [ -98.872221734568541, 16.562429210387027 ], [ -98.872442556269803, 16.562409438076706 ], [ -98.872749636686251, 16.562386489274491 ], [ -98.872967501307585, 16.562373477587055 ], [ -98.873677122342514, 16.562335703988047 ], [ -98.873980611932794, 16.56232096339053 ], [ -98.874687275683073, 16.562289947546912 ], [ -98.875393305604305, 16.56226037813795 ], [ -98.87798144668696, 16.562153385335431 ], [ -98.87868676334142, 16.562124719636348 ], [ -98.879390101466342, 16.562097957261138 ], [ -98.879689553702093, 16.562088392659941 ], [ -98.88038365938398, 16.562070520267419 ], [ -98.88059416236699, 16.562066954388385 ], [ -98.880882404010947, 16.56206818717412 ], [ -98.881083674820871, 16.562073514191248 ], [ -98.881734697057624, 16.562097139826648 ], [ -98.881914929080565, 16.562105657621785 ], [ -98.88210498953255, 16.562121782826015 ], [ -98.882196272438506, 16.5621363011354 ], [ -98.882432198938389, 16.562187927984933 ], [ -98.882514249794625, 16.562211339614894 ], [ -98.88266122726661, 16.562268967137534 ], [ -98.882789144276884, 16.562327880500717 ], [ -98.883239113415044, 16.562545181480363 ], [ -98.883375927440852, 16.562605014759946 ], [ -98.883564423214665, 16.562666936237065 ], [ -98.883696888827245, 16.562695562215289 ], [ -98.884126566034837, 16.562767228202841 ], [ -98.884309781644063, 16.562791254696219 ], [ -98.884735110527743, 16.562831712354949 ], [ -98.885159507700578, 16.562865481919676 ], [ -98.886714700033664, 16.562982609049509 ], [ -98.887201654675508, 16.563017476295805 ], [ -98.887918916364697, 16.5630630685244 ], [ -98.888456621273974, 16.563093332821115 ], [ -98.890248650081176, 16.56318896612488 ], [ -98.891027537957612, 16.563228961233076 ], [ -98.892870319220052, 16.563319971229884 ], [ -98.894723977266352, 16.563409978868748 ], [ -98.901531613953765, 16.563738879460249 ], [ -98.903385760994254, 16.563816797113436 ], [ -98.905230796137729, 16.563851637272503 ], [ -98.90601241206241, 16.563823502798659 ], [ -98.907814915618218, 16.56365736886713 ], [ -98.908357587657008, 16.563563447548596 ], [ -98.909087554203055, 16.563291289907728 ], [ -98.909587690666527, 16.562996414766843 ], [ -98.911191684448269, 16.561892482359031 ], [ -98.911331528755795, 16.561780548390807 ], [ -98.911631497587763, 16.561540447035107 ], [ -98.912079974680523, 16.561001554941235 ], [ -98.912280843719543, 16.560583745040031 ], [ -98.912372478233394, 16.56031930890693 ], [ -98.913254874561162, 16.559556212843841 ], [ -98.910849580714881, 16.582471439194229 ], [ -98.910112461156075, 16.589492846539489 ], [ -98.910027729174104, 16.59029992421701 ], [ -98.90926764306775, 16.591345626451233 ] ], [ [ -98.861900728305457, 16.604176685148339 ], [ -98.861713824377688, 16.604337210795975 ], [ -98.861528975624466, 16.604499415666155 ], [ -98.860853249695879, 16.605095844811228 ], [ -98.860669228930036, 16.605259651201859 ], [ -98.860486193621327, 16.605427653151953 ], [ -98.860408735587725, 16.605503849664416 ], [ -98.860230300055633, 16.6056914314434 ], [ -98.86017666262795, 16.605753050133714 ], [ -98.860104790329302, 16.605853022323465 ], [ -98.860055753038552, 16.605934221048731 ], [ -98.85989878441589, 16.606213176181008 ], [ -98.85985583718471, 16.606295446793478 ], [ -98.859812385642812, 16.606400421258289 ], [ -98.859793259262403, 16.606468114173349 ], [ -98.85974745432955, 16.606679039976008 ], [ -98.859732928106396, 16.606766312957319 ], [ -98.859710944031519, 16.606962661072746 ], [ -98.859694064414825, 16.607155885396324 ], [ -98.859637276708838, 16.607861250754475 ], [ -98.859622533675719, 16.608053217977641 ], [ -98.859610520809596, 16.608243699698601 ], [ -98.859608102629679, 16.60832384922319 ], [ -98.859608830671448, 16.608507398617686 ], [ -98.859611783743688, 16.608562101709868 ], [ -98.859624836711603, 16.6086338334134 ], [ -98.859640530741558, 16.608681604182546 ], [ -98.859700716631039, 16.608832802724304 ], [ -98.859720291883974, 16.608873635181446 ], [ -98.859751457125967, 16.608912988114952 ], [ -98.859776403643664, 16.608928374133367 ], [ -98.859861655494171, 16.60896082260081 ], [ -98.859899342988328, 16.608969276268251 ], [ -98.859989966097189, 16.608976278246068 ], [ -98.860081740185819, 16.608977827375433 ], [ -98.860419396156246, 16.608978054359007 ], [ -98.86051307108653, 16.608976401070521 ], [ -98.860612564782798, 16.608968459044689 ], [ -98.86066102370134, 16.608958766608236 ], [ -98.860787671600377, 16.608921477245762 ], [ -98.860832260113924, 16.608903773417897 ], [ -98.860913691950998, 16.608858444944477 ], [ -98.860985434610555, 16.60881139379709 ], [ -98.861238801597892, 16.608637150077655 ], [ -98.861315533458395, 16.608582093384431 ], [ -98.861420248708953, 16.608499406027388 ], [ -98.861493110060252, 16.608436337927078 ], [ -98.861728414190679, 16.608224707348874 ], [ -98.861828429286604, 16.608132291731469 ], [ -98.862059862263791, 16.607912649433462 ], [ -98.862290465339044, 16.607691290156868 ], [ -98.863135176049511, 16.606877920504452 ], [ -98.863365065367944, 16.606655644240227 ], [ -98.863593175471991, 16.60643172665683 ], [ -98.86368915809777, 16.606334120843428 ], [ -98.863908966914906, 16.606102544641626 ], [ -98.863974476537692, 16.606030012866217 ], [ -98.864060379555752, 16.605923107573407 ], [ -98.864117588531542, 16.60584291750601 ], [ -98.864298660486597, 16.605575602404816 ], [ -98.86434756074415, 16.605499144270123 ], [ -98.864394690269421, 16.60540965483775 ], [ -98.864413117929729, 16.605358270935017 ], [ -98.864451984141951, 16.605207968822494 ], [ -98.864462111254014, 16.605148926684635 ], [ -98.864470504928349, 16.605023698825352 ], [ -98.864472368782515, 16.604903844020917 ], [ -98.864472673095761, 16.60446974944967 ], [ -98.86447180675458, 16.604351494612164 ], [ -98.864467459524192, 16.604233733285188 ], [ -98.864462115538117, 16.604183757656429 ], [ -98.864441524178545, 16.604068299381456 ], [ -98.864431739819778, 16.604033448522248 ], [ -98.864406670831201, 16.603986269454268 ], [ -98.864380642353652, 16.603953721642583 ], [ -98.864284245169543, 16.603849010897335 ], [ -98.864253784335602, 16.60382019760015 ], [ -98.864208030906497, 16.603790446313045 ], [ -98.864173129695388, 16.603776757770362 ], [ -98.864056010822779, 16.603742629157754 ], [ -98.864004865516591, 16.60373124360979 ], [ -98.863883306283086, 16.603712239662133 ], [ -98.863760795553659, 16.60369647666284 ], [ -98.863310638193951, 16.603641919399518 ], [ -98.863186702166573, 16.603628328933045 ], [ -98.863058491247202, 16.603619464562236 ], [ -98.862999268802625, 16.603620391690182 ], [ -98.862851108294748, 16.603633582641809 ], [ -98.862801478116594, 16.603642346831151 ], [ -98.862718031123762, 16.603670055473508 ], [ -98.86264845129719, 16.603700875049057 ], [ -98.862407192272173, 16.603816990941013 ], [ -98.862335392895915, 16.60385421595306 ], [ -98.862241588306162, 16.603911816929905 ], [ -98.86217938112442, 16.603956879032825 ], [ -98.861982885378382, 16.604109567780249 ], [ -98.861900728305457, 16.604176685148339 ] ] ] ] } },
{ "type": "Feature", "properties": { "fid": 15.0, "cat": 14, "VULNERABIL": 3.0, "NOM_ACUIF": "MARQUELIA", "CLAVE_ACUI": "1234" }, "geometry": { "type": "MultiPolygon", "coordinates": [ [ [ [ -98.913254874561162, 16.559556212843841 ], [ -98.912372478233394, 16.56031930890693 ], [ -98.912280843719543, 16.560583745040031 ], [ -98.912079974680523, 16.561001554941235 ], [ -98.911631497587763, 16.561540447035107 ], [ -98.911331528755795, 16.561780548390807 ], [ -98.911191684448269, 16.561892482359031 ], [ -98.909587690666527, 16.562996414766843 ], [ -98.909087554203055, 16.563291289907728 ], [ -98.908357587657008, 16.563563447548596 ], [ -98.907814915618218, 16.56365736886713 ], [ -98.90601241206241, 16.563823502798659 ], [ -98.905230796137729, 16.563851637272503 ], [ -98.903385760994254, 16.563816797113436 ], [ -98.901531613953765, 16.563738879460249 ], [ -98.894723977266352, 16.563409978868748 ], [ -98.892870319220052, 16.563319971229884 ], [ -98.891027537957612, 16.563228961233076 ], [ -98.890248650081176, 16.56318896612488 ], [ -98.888456621273974, 16.563093332821115 ], [ -98.887918916364697, 16.5630630685244 ], [ -98.887201654675508, 16.563017476295805 ], [ -98.886714700033664, 16.562982609049509 ], [ -98.885159507700578, 16.562865481919676 ], [ -98.884735110527743, 16.562831712354949 ], [ -98.884309781644063, 16.562791254696219 ], [ -98.884126566034837, 16.562767228202841 ], [ -98.883696888827245, 16.562695562215289 ], [ -98.883564423214665, 16.562666936237065 ], [ -98.883375927440852, 16.562605014759946 ], [ -98.883239113415044, 16.562545181480363 ], [ -98.882789144276884, 16.562327880500717 ], [ -98.88266122726661, 16.562268967137534 ], [ -98.882514249794625, 16.562211339614894 ], [ -98.882432198938389, 16.562187927984933 ], [ -98.882196272438506, 16.5621363011354 ], [ -98.88210498953255, 16.562121782826015 ], [ -98.881914929080565, 16.562105657621785 ], [ -98.881734697057624, 16.562097139826648 ], [ -98.881083674820871, 16.562073514191248 ], [ -98.880882404010947, 16.56206818717412 ], [ -98.88059416236699, 16.562066954388385 ], [ -98.88038365938398, 16.562070520267419 ], [ -98.879689553702093, 16.562088392659941 ], [ -98.879390101466342, 16.562097957261138 ], [ -98.87868676334142, 16.562124719636348 ], [ -98.87798144668696, 16.562153385335431 ], [ -98.875393305604305, 16.56226037813795 ], [ -98.874687275683073, 16.562289947546912 ], [ -98.873980611932794, 16.56232096339053 ], [ -98.873677122342514, 16.562335703988047 ], [ -98.872967501307585, 16.562373477587055 ], [ -98.872749636686251, 16.562386489274491 ], [ -98.872442556269803, 16.562409438076706 ], [ -98.872221734568541, 16.562429210387027 ], [ -98.871498313451738, 16.562498531114269 ], [ -98.871295206161832, 16.562519381203074 ], [ -98.871070793523586, 16.562547362270362 ], [ -98.870953311346881, 16.562566485246901 ], [ -98.870629473743335, 16.562627744577238 ], [ -98.870509034404805, 16.562653628451539 ], [ -98.870270821796296, 16.562713160675084 ], [ -98.87005095732259, 16.562772322695562 ], [ -98.869263134752075, 16.562988878248557 ], [ -98.869047065349861, 16.56304872805341 ], [ -98.868826565013677, 16.563111473265796 ], [ -98.86872763402215, 16.563141259629983 ], [ -98.868486456369482, 16.563217517422334 ], [ -98.868408195626941, 16.563243757212149 ], [ -98.86828415655944, 16.563289951897705 ], [ -98.868185218617754, 16.563329704500688 ], [ -98.867847547033747, 16.563469021672141 ], [ -98.867748607455312, 16.563510909743929 ], [ -98.867624561255795, 16.563567070530947 ], [ -98.867546291987736, 16.563605412169924 ], [ -98.867305081461765, 16.563728178905095 ], [ -98.867206134807361, 16.563780033213718 ], [ -98.866985594300004, 16.563899253280141 ], [ -98.866769482908026, 16.564017713199323 ], [ -98.865981501619231, 16.56445130439722 ], [ -98.865762301915353, 16.564573651257295 ], [ -98.865527353182287, 16.564711013745271 ], [ -98.86541091199787, 16.564784899153519 ], [ -98.865102468338719, 16.564992335118138 ], [ -98.864992297854499, 16.565070851651033 ], [ -98.864786612782524, 16.565229826329706 ], [ -98.864602947286286, 16.565378416390015 ], [ -98.8639515247351, 16.565912860849853 ], [ -98.863753452743779, 16.566077458322365 ], [ -98.863480541114882, 16.566311136447002 ], [ -98.863288739351731, 16.566480364876686 ], [ -98.862666574318808, 16.56703641848495 ], [ -98.862401274863487, 16.567275719040403 ], [ -98.861785375775227, 16.567836401379832 ], [ -98.861170816919895, 16.568398074301566 ], [ -98.859542019404117, 16.569888286703449 ], [ -98.858918747779015, 16.570458518154698 ], [ -98.858304053084069, 16.571020983149396 ], [ -98.857687573870805, 16.571585390046732 ], [ -98.857421586439003, 16.571829221912708 ], [ -98.856796790905534, 16.572402697025346 ], [ -98.856603745256791, 16.572580194009355 ], [ -98.85632766290037, 16.572835039100543 ], [ -98.856126305153765, 16.57302160651863 ], [ -98.855462715906185, 16.573637408282131 ], [ -98.855275206552591, 16.573811704324214 ], [ -98.855063754448949, 16.574009285281644 ], [ -98.854949189547, 16.574117247843009 ], [ -98.854626005083006, 16.574423491991816 ], [ -98.854503128313397, 16.574540525119993 ], [ -98.85425288809661, 16.574780435695324 ], [ -98.854018278503688, 16.575006131791721 ], [ -98.853173670023267, 16.575819467702651 ], [ -98.852942618602995, 16.576043105653927 ], [ -98.852708991091447, 16.57627341550328 ], [ -98.852606289282292, 16.57637879180341 ], [ -98.852360641618915, 16.576640238003115 ], [ -98.852282867643453, 16.576726944651526 ], [ -98.852165570385424, 16.576870129618719 ], [ -98.852075776815553, 16.576987972914431 ], [ -98.851774036747997, 16.577394723088094 ], [ -98.851687008880106, 16.577515237768967 ], [ -98.851582619566926, 16.577670889686697 ], [ -98.851520519881149, 16.577772734904098 ], [ -98.851335110389485, 16.578092360592397 ], [ -98.851260990813515, 16.578225342400827 ], [ -98.851100509019474, 16.578526298511608 ], [ -98.850945368569739, 16.578823253920131 ], [ -98.850381858045409, 16.57990808877301 ], [ -98.850222678956385, 16.5802084730187 ], [ -98.850043357231371, 16.580525432235561 ], [ -98.849946362719507, 16.580677846943942 ], [ -98.849673043069316, 16.581072156236356 ], [ -98.849569231314362, 16.581209438143738 ], [ -98.849358096459596, 16.581455777848689 ], [ -98.849160286745786, 16.581670409685515 ], [ -98.848448306554104, 16.582425683815984 ], [ -98.848228891618504, 16.582653646963287 ], [ -98.847916938215704, 16.58296220209861 ], [ -98.847690705449793, 16.583175031990024 ], [ -98.846946903355914, 16.583859681641638 ], [ -98.846626668731687, 16.584149859357204 ], [ -98.845876042621839, 16.584819372349887 ], [ -98.845123950650091, 16.585485639816198 ], [ -98.842364775176449, 16.587925353784033 ], [ -98.841612897854844, 16.588589777763904 ], [ -98.841234050294162, 16.588923847769447 ], [ -98.840863351590443, 16.589250730260613 ], [ -98.840544452136115, 16.589530526087419 ], [ -98.839805801067286, 16.590175287498564 ], [ -98.839582018662497, 16.590369194235269 ], [ -98.839276354329812, 16.590629332289996 ], [ -98.839063473451063, 16.590807051366099 ], [ -98.838375691727975, 16.591376267860113 ], [ -98.838185528621153, 16.591532113030027 ], [ -98.837985884768216, 16.591690175296844 ], [ -98.837890842572548, 16.591760133479418 ], [ -98.837646956119769, 16.591928542673294 ], [ -98.837562816457705, 16.59198231370592 ], [ -98.837414051334491, 16.592064836109476 ], [ -98.837285669359716, 16.592128954185988 ], [ -98.836835318069021, 16.592345648938501 ], [ -98.836711330019099, 16.592404621609848 ], [ -98.836583070971628, 16.592463133208323 ], [ -98.836523831861996, 16.592487748583956 ], [ -98.836375641725951, 16.592544108722304 ], [ -98.836326006457526, 16.592560900801296 ], [ -98.836242565381454, 16.592582903742528 ], [ -98.836172999111113, 16.592597544427004 ], [ -98.835931797535025, 16.592643864529929 ], [ -98.835860018277089, 16.592656367693852 ], [ -98.835766250044458, 16.592668395833989 ], [ -98.835704074689673, 16.592673075732719 ], [ -98.835507691262393, 16.592682887033082 ], [ -98.835425584916706, 16.592685415420345 ], [ -98.835238805407045, 16.592687403271398 ], [ -98.835054083884216, 16.592687714559506 ], [ -98.834378829637146, 16.5926871781576 ], [ -98.834191618089847, 16.592685656123408 ], [ -98.833993218443581, 16.592679090914778 ], [ -98.833897001927923, 16.592671234184898 ], [ -98.833646391207594, 16.592641134585982 ], [ -98.833558485567352, 16.59262687733354 ], [ -98.833398869954621, 16.592590443196546 ], [ -98.83325875332693, 16.592552651633429 ], [ -98.832764491746957, 16.592412724506612 ], [ -98.832614968225329, 16.592368517939896 ], [ -98.832411453016434, 16.592302148345031 ], [ -98.832270240529951, 16.592251541214672 ], [ -98.831814764539843, 16.59208174371896 ], [ -98.831621341693619, 16.592007601570138 ], [ -98.831503395916201, 16.591961126684787 ], [ -98.831174177743563, 16.591831402393201 ], [ -98.830728795521082, 16.59165383077773 ], [ -98.829097515343918, 16.591001355268897 ], [ -98.828654274332479, 16.590821836004398 ], [ -98.828217090225237, 16.590636562117808 ], [ -98.828035781943001, 16.590551405066485 ], [ -98.827626860768177, 16.590339279449704 ], [ -98.82750773708031, 16.590268589214563 ], [ -98.827360747272635, 16.590150827489907 ], [ -98.827269885524444, 16.590053286713736 ], [ -98.82699285431697, 16.589715857987404 ], [ -98.826921374138195, 16.589615663582595 ], [ -98.826864830638584, 16.589485518634977 ], [ -98.826855534333347, 16.589399791706242 ], [ -98.826868695004777, 16.589129877658028 ], [ -98.826887660338656, 16.589017300385585 ], [ -98.826963004460652, 16.588761853812521 ], [ -98.827051673406984, 16.588509507372677 ], [ -98.827390115841951, 16.587587336845854 ], [ -98.827485312174048, 16.587331563268783 ], [ -98.827591121088474, 16.587060124132737 ], [ -98.827647080499304, 16.586928127544979 ], [ -98.827802415345431, 16.586583582563037 ], [ -98.827860579499358, 16.586462444060945 ], [ -98.827976677548477, 16.5862416760699 ], [ -98.828084367627895, 16.586047431691071 ], [ -98.828470821771745, 16.585361725479334 ], [ -98.828589596021544, 16.585154142002306 ], [ -98.828757423083317, 16.58487112571018 ], [ -98.828878401786639, 16.584674400196736 ], [ -98.829275140718181, 16.584039363685076 ], [ -98.829445643406729, 16.583769531673138 ], [ -98.82984458370737, 16.583145352125001 ], [ -98.830243993948557, 16.582523498493448 ], [ -98.831708948648, 16.580245688174962 ], [ -98.832108109087429, 16.579624402547072 ], [ -98.83250592257366, 16.579002886189983 ], [ -98.832675068904308, 16.578736291883377 ], [ -98.833066604982761, 16.578113701490921 ], [ -98.833185118087158, 16.577922882536971 ], [ -98.833346644425845, 16.577654984878436 ], [ -98.833458883243225, 16.577463092897577 ], [ -98.833821136891288, 16.576835494309684 ], [ -98.833921180879258, 16.576659609876664 ], [ -98.834025800481342, 16.576466414827006 ], [ -98.834075213179375, 16.576366306365561 ], [ -98.834201186077507, 16.576092328577722 ], [ -98.834244324903509, 16.575991147239201 ], [ -98.834319666650245, 16.575792945480192 ], [ -98.834384158825458, 16.575610981436871 ], [ -98.834609779725426, 16.574960017498647 ], [ -98.83467118522934, 16.57477988147388 ], [ -98.834732124206411, 16.574590210797634 ], [ -98.834757774461551, 16.574499388728849 ], [ -98.834816536660767, 16.574265223083653 ], [ -98.834834058644745, 16.574184005088849 ], [ -98.834857065770436, 16.57403915343605 ], [ -98.83487241110403, 16.57391344049778 ], [ -98.834921015416171, 16.573471631755474 ], [ -98.834934152495265, 16.573338442194792 ], [ -98.834946854677426, 16.573158699670895 ], [ -98.834951863582845, 16.573035114198333 ], [ -98.834962536276649, 16.572638124509652 ], [ -98.834965368534995, 16.57247004408714 ], [ -98.834967913067388, 16.5720826584717 ], [ -98.834968715851673, 16.571697330862413 ], [ -98.83496991758571, 16.570286520860694 ], [ -98.83496953418252, 16.569900963422995 ], [ -98.834966543307274, 16.569512505489264 ], [ -98.834962654041121, 16.569343123031391 ], [ -98.834947495038264, 16.568941129494029 ], [ -98.834940247081676, 16.568815169762455 ], [ -98.834921582274532, 16.568629351226068 ], [ -98.834902166236517, 16.568489855904179 ], [ -98.834830223048883, 16.568024696248781 ], [ -98.834807479964013, 16.567891605299664 ], [ -98.834773288585041, 16.567735673880446 ], [ -98.834747186837177, 16.567646005659327 ], [ -98.834659570169023, 16.5673834853594 ], [ -98.834621300506726, 16.567280281518876 ], [ -98.834530325398873, 16.56706118389566 ], [ -98.834438630754335, 16.566851391101764 ], [ -98.834101698987354, 16.566091455362663 ], [ -98.834008343636938, 16.565882576334907 ], [ -98.833909615643847, 16.565667743597789 ], [ -98.833861930875273, 16.565569718743241 ], [ -98.833738130003425, 16.565327102142653 ], [ -98.833694859014912, 16.565246878068656 ], [ -98.833616728484415, 16.565115115685419 ], [ -98.833548384463541, 16.565007107771837 ], [ -98.83330757672482, 16.564634833071302 ], [ -98.83323480601554, 16.56452468583565 ], [ -98.833136016639315, 16.564382940246208 ], [ -98.83306765965348, 16.564290593785366 ], [ -98.832847450072833, 16.564001389110505 ], [ -98.832754020487698, 16.563881258644262 ], [ -98.832538225305868, 16.563609854482564 ], [ -98.832323376464672, 16.563342264564199 ], [ -98.831536548160543, 16.562364914094999 ], [ -98.831322176092769, 16.562097895577196 ], [ -98.831108596967098, 16.561829161311124 ], [ -98.831017855590218, 16.56171227388932 ], [ -98.830807974961175, 16.561435533524648 ], [ -98.830744518262634, 16.561349101518818 ], [ -98.830658267337284, 16.561222492630396 ], [ -98.830598508429475, 16.561128054797376 ], [ -98.830405884760594, 16.560813953710035 ], [ -98.830352765062941, 16.560724326479239 ], [ -98.830297496468347, 16.560620167257348 ], [ -98.830271661002612, 16.560560995608604 ], [ -98.83020636412418, 16.560389020465418 ], [ -98.830184226372538, 16.560321843030259 ], [ -98.830146213706868, 16.560180323484445 ], [ -98.830114047674854, 16.560045330136774 ], [ -98.830001952493873, 16.559556880684546 ], [ -98.829969785959278, 16.559422688186633 ], [ -98.829931770341972, 16.559284906024221 ], [ -98.829909628826741, 16.559222266864673 ], [ -98.8298443174033, 16.559067732940985 ], [ -98.829818475014818, 16.559016836972056 ], [ -98.829763188591329, 16.558933856378289 ], [ -98.829710050394823, 16.558866208633059 ], [ -98.829521185634988, 16.558638121209576 ], [ -98.829672327150007, 16.558656008568029 ], [ -98.829754073015891, 16.558657359297364 ], [ -98.829930623027749, 16.55863940948824 ], [ -98.830101091424083, 16.558612416082756 ], [ -98.830720060206076, 16.558504395636795 ], [ -98.830889582659978, 16.55847362524419 ], [ -98.831061719033329, 16.558438051558365 ], [ -98.831138105715624, 16.558418002493543 ], [ -98.831322440497772, 16.558360013863801 ], [ -98.83138148345364, 16.558337459050694 ], [ -98.831472682504767, 16.558290191961127 ], [ -98.831543923891246, 16.558245222353822 ], [ -98.831785184425684, 16.558082631127224 ], [ -98.831855323114581, 16.558032321328593 ], [ -98.831941376667601, 16.557960133646013 ], [ -98.83199417163226, 16.557907318192562 ], [ -98.832029864375372, 16.557868517193008 ], [ -98.832403669438307, 16.558585376223018 ], [ -98.833425950775279, 16.559487444617549 ], [ -98.8344744200527, 16.559977072251485 ], [ -98.835795207377743, 16.560278630386058 ], [ -98.837669792825437, 16.560280098896186 ], [ -98.839310707072741, 16.559494855679386 ], [ -98.839668628829216, 16.559182653249742 ], [ -98.840288923534018, 16.558641588340112 ], [ -98.84060509493915, 16.558365799387023 ], [ -98.842480580273133, 16.557237174744444 ], [ -98.844937066348933, 16.556217450786015 ], [ -98.846811699059629, 16.556110351926407 ], [ -98.848104604836251, 16.556789328507971 ], [ -98.848103652084973, 16.558005699218111 ], [ -98.848103457686804, 16.558253873389059 ], [ -98.847399691169358, 16.559274925026688 ], [ -98.845871286012823, 16.560060315451032 ], [ -98.843995698108969, 16.561306495372371 ], [ -98.843217431142477, 16.56302845892473 ], [ -98.843249339875015, 16.563084781071282 ], [ -98.843604057606726, 16.564893127273873 ], [ -98.843706169689327, 16.566665819083642 ], [ -98.843714982771289, 16.566818815019829 ], [ -98.844315370147115, 16.569624720408665 ], [ -98.845161001605888, 16.569217712532748 ], [ -98.845630303526832, 16.568422506082204 ], [ -98.845163442979711, 16.566162060596451 ], [ -98.845164706802407, 16.564579991930561 ], [ -98.846102645172863, 16.563794172069368 ], [ -98.84763170426487, 16.562213225636274 ], [ -98.848682456903987, 16.560966415735678 ], [ -98.849273565199979, 16.560180328986135 ], [ -98.850323423900406, 16.560063560346457 ], [ -98.851025872164399, 16.560742093944224 ], [ -98.851729016716575, 16.560516585270832 ], [ -98.851617489199413, 16.559277970438274 ], [ -98.85138412323515, 16.558030228167414 ], [ -98.852435083525464, 16.556448903547103 ], [ -98.853372611352668, 16.556115069988525 ], [ -98.85536832944581, 16.557020505083738 ], [ -98.855545893697126, 16.557716739652701 ], [ -98.854898087331222, 16.559162754859138 ], [ -98.855365719859378, 16.560519140808601 ], [ -98.856770072395037, 16.562671727078502 ], [ -98.858877778413586, 16.56436372065712 ], [ -98.860161408709445, 16.565042616327013 ], [ -98.861689557646642, 16.564591616123241 ], [ -98.860987784017297, 16.562900593461919 ], [ -98.860520678784795, 16.560748664685722 ], [ -98.860053172679699, 16.559166279953867 ], [ -98.860053825139758, 16.55826223952533 ], [ -98.860401023720797, 16.55770196696373 ], [ -98.860055456111823, 16.556002138107498 ], [ -98.858997323440178, 16.554645363385085 ], [ -98.857713931597857, 16.553740450233562 ], [ -98.856074642047986, 16.552500788548127 ], [ -98.854781655187764, 16.551930346015265 ], [ -98.853610170617188, 16.551821041876085 ], [ -98.852326052016721, 16.551928621313476 ], [ -98.849862126075749, 16.55057079993448 ], [ -98.848691449415441, 16.549439902197612 ], [ -98.847876489319219, 16.548878803689149 ], [ -98.847521226852493, 16.547748492546877 ], [ -98.847174899325168, 16.547178692961154 ], [ -98.846237576326843, 16.547295529403161 ], [ -98.845475059815342, 16.546951345620549 ], [ -98.846650009929263, 16.545930965318313 ], [ -98.848175916317714, 16.543337104979361 ], [ -98.850167225529219, 16.540960669801589 ], [ -98.852166165273857, 16.53892753916055 ], [ -98.853684443070151, 16.536669353941114 ], [ -98.854700577369528, 16.534817019863851 ], [ -98.85485939055873, 16.53452751202618 ], [ -98.855210347193434, 16.532603097113306 ], [ -98.855332416967443, 16.530568062708582 ], [ -98.856156406252879, 16.529330257104402 ], [ -98.856972767293215, 16.528653181870766 ], [ -98.858269791528372, 16.528428124747741 ], [ -98.859902516205665, 16.528763798401915 ], [ -98.862015902498285, 16.529109007280667 ], [ -98.867043780492708, 16.530802637134546 ], [ -98.870823063937493, 16.531630997956167 ], [ -98.876885906110019, 16.532959722165735 ], [ -98.884034799318385, 16.534880311605185 ], [ -98.884239801899099, 16.534897637491248 ], [ -98.886720402602194, 16.535107270386668 ], [ -98.891641465247233, 16.535790058586418 ], [ -98.894456770187844, 16.535790054548581 ], [ -98.89679904247015, 16.535683245191706 ], [ -98.89773747622371, 16.534887920506293 ], [ -98.902780610166261, 16.535116783263081 ], [ -98.905229695885097, 16.534783011120474 ], [ -98.90757959763809, 16.534330989848339 ], [ -98.910387274831592, 16.535797660235698 ], [ -98.911325709810299, 16.535797658888093 ], [ -98.912027628645063, 16.535572602611683 ], [ -98.913088137222488, 16.536024618987707 ], [ -98.915331538795158, 16.537652241690125 ], [ -98.915539005075743, 16.537790098298643 ], [ -98.913254874561162, 16.559556212843841 ] ] ] ] } },
{ "type": "Feature", "properties": { "fid": 16.0, "cat": 17, "VULNERABIL": 4.0, "NOM_ACUIF": "MARQUELIA", "CLAVE_ACUI": "1234" }, "geometry": { "type": "MultiPolygon", "coordinates": [ [ [ [ -98.846237576326843, 16.547295529403161 ], [ -98.845880890251451, 16.547973297141866 ], [ -98.845879726963346, 16.549437843120568 ], [ -98.844472503436307, 16.551136395559929 ], [ -98.843187654043803, 16.552147959075505 ], [ -98.842944007650502, 16.552186939336195 ], [ -98.841781589175099, 16.552372907062697 ], [ -98.839784303318865, 16.553501432725145 ], [ -98.838031151416331, 16.554069623663469 ], [ -98.836022146378497, 16.554649249113389 ], [ -98.833715894867126, 16.555863085363097 ], [ -98.832623352735141, 16.55620894940704 ], [ -98.832283683332776, 16.55643366455821 ], [ -98.831814160426518, 16.557454851482923 ], [ -98.832403669438307, 16.558585376223018 ], [ -98.832029864375372, 16.557868517193008 ], [ -98.83199417163226, 16.557907318192562 ], [ -98.831941376667601, 16.557960133646013 ], [ -98.831855323114581, 16.558032321328593 ], [ -98.831785184425684, 16.558082631127224 ], [ -98.831543923891246, 16.558245222353822 ], [ -98.831472682504767, 16.558290191961127 ], [ -98.83138148345364, 16.558337459050694 ], [ -98.831322440497772, 16.558360013863801 ], [ -98.831138105715624, 16.558418002493543 ], [ -98.831061719033329, 16.558438051558365 ], [ -98.830889582659978, 16.55847362524419 ], [ -98.830720060206076, 16.558504395636795 ], [ -98.830101091424083, 16.558612416082756 ], [ -98.829930623027749, 16.55863940948824 ], [ -98.829754073015891, 16.558657359297364 ], [ -98.829672327150007, 16.558656008568029 ], [ -98.829521185634988, 16.558638121209576 ], [ -98.829517358819587, 16.558633499649446 ], [ -98.829457578636635, 16.558564778568552 ], [ -98.829371295792072, 16.55847678926165 ], [ -98.829307814764292, 16.558419811330907 ], [ -98.829097852999212, 16.558241903521331 ], [ -98.829007076441243, 16.558168173649854 ], [ -98.828793414257674, 16.558002008721449 ], [ -98.828578959374482, 16.557838359970425 ], [ -98.827791834832539, 16.557240829062223 ], [ -98.827577025763134, 16.557077178990376 ], [ -98.827516930129846, 16.557030801866105 ], [ -98.827361705253537, 16.556911011226322 ], [ -98.827268913346145, 16.55683727893053 ], [ -98.82705120497296, 16.556659362644492 ], [ -98.826984047834671, 16.556602380957344 ], [ -98.826888356039007, 16.556514382814303 ], [ -98.826818810620352, 16.556445652867168 ], [ -98.826589957409567, 16.556212911131009 ], [ -98.8265253935065, 16.55614525306796 ], [ -98.826452948207233, 16.556062257313751 ], [ -98.82641401880467, 16.556011350024434 ], [ -98.826304793626349, 16.555856778408671 ], [ -98.826263475966456, 16.555794122877085 ], [ -98.826179885365036, 16.555656302026467 ], [ -98.826101787948787, 16.555522070610202 ], [ -98.82582092472326, 16.555033477970252 ], [ -98.82574211430925, 16.554901190811684 ], [ -98.82565519481858, 16.554772443591443 ], [ -98.825609834461275, 16.55472080616714 ], [ -98.825485072302484, 16.55460857871768 ], [ -98.825438770654543, 16.554577763321582 ], [ -98.825347458386801, 16.554546185610299 ], [ -98.825263313936262, 16.554531889970185 ], [ -98.824961952152165, 16.554496754454547 ], [ -98.824869496831454, 16.554490460468038 ], [ -98.824739400379102, 16.554496224261193 ], [ -98.823519743554641, 16.553784160968764 ], [ -98.826965774910121, 16.552812347778843 ], [ -98.831177286511519, 16.551685158031951 ], [ -98.832048294740702, 16.551471320742969 ], [ -98.837158852869962, 16.550216567671072 ], [ -98.842789459667017, 16.548187246544479 ], [ -98.843660659267954, 16.547786330016976 ], [ -98.845475059815342, 16.546951345620549 ], [ -98.846237576326843, 16.547295529403161 ] ] ] ] } },
{ "type": "Feature", "properties": { "fid": 17.0, "cat": 16, "VULNERABIL": 3.0, "NOM_ACUIF": "MARQUELIA", "CLAVE_ACUI": "1234" }, "geometry": { "type": "MultiPolygon", "coordinates": [ [ [ [ -98.719937960934928, 16.544308618873405 ], [ -98.73923890575, 16.515750881321001 ], [ -98.739355089315609, 16.515862944320947 ], [ -98.741511649735344, 16.517942985125934 ], [ -98.741835174726106, 16.518255024983155 ], [ -98.744413967184329, 16.520410212189304 ], [ -98.748152454753168, 16.524815952243596 ], [ -98.748483112683076, 16.525179273926749 ], [ -98.758192962456462, 16.535847466356813 ], [ -98.759383174516273, 16.537258829192467 ], [ -98.762729100925029, 16.541058503963477 ], [ -98.762770701651647, 16.541105744985451 ], [ -98.76499853399757, 16.542915721707594 ], [ -98.766287931530243, 16.544842040778381 ], [ -98.767684145788152, 16.548687052959046 ], [ -98.768271623258414, 16.550043105852041 ], [ -98.77131581977531, 16.55321104251615 ], [ -98.772361070455105, 16.554450752849149 ], [ -98.773886981371959, 16.554795962588095 ], [ -98.7752984481304, 16.554904673940104 ], [ -98.778693599927195, 16.555251788378385 ], [ -98.782203194260674, 16.555364311465134 ], [ -98.783254236036356, 16.55525415403951 ], [ -98.782966094224477, 16.556490973273526 ], [ -98.782927132327345, 16.5566794651116 ], [ -98.782924708191672, 16.556760910517159 ], [ -98.782952357534739, 16.556952497241394 ], [ -98.78299428080274, 16.557144747147429 ], [ -98.783162274068715, 16.557850326552977 ], [ -98.783211786979393, 16.5580451013399 ], [ -98.783274853318545, 16.558248471029341 ], [ -98.783315435129168, 16.558344224375194 ], [ -98.783441750684986, 16.558587703598494 ], [ -98.783493972145649, 16.558670832941516 ], [ -98.783611356654617, 16.558815290659826 ], [ -98.783726827436425, 16.558938529442937 ], [ -98.784148307606017, 16.559369185571072 ], [ -98.784279826699816, 16.559498313764685 ], [ -98.784472101372515, 16.559670256281283 ], [ -98.784615260380278, 16.559786760241419 ], [ -98.785091061980467, 16.560158502324622 ], [ -98.785297471686619, 16.560315114872804 ], [ -98.785784915371153, 16.560674231315474 ], [ -98.786274855037988, 16.561030641457858 ], [ -98.788073810111726, 16.562334763677736 ], [ -98.788564112976161, 16.562692198539029 ], [ -98.789053224308176, 16.563056114336529 ], [ -98.789261650673595, 16.563218559983206 ], [ -98.789745195791383, 16.563612723885484 ], [ -98.789892026877737, 16.563739868167559 ], [ -98.79009369255148, 16.56393904480689 ], [ -98.790234955315469, 16.564096438587217 ], [ -98.790692517153147, 16.564631765764879 ], [ -98.790819388260203, 16.564788076856818 ], [ -98.790953890220564, 16.564982201997623 ], [ -98.791019164666452, 16.565103212583288 ], [ -98.791189277014766, 16.565473803474145 ], [ -98.791248983082852, 16.565625063750243 ], [ -98.791357498885517, 16.565960354197387 ], [ -98.791452815583241, 16.566288080247162 ], [ -98.791789113278057, 16.567482177686724 ], [ -98.791881230694017, 16.567807726502824 ], [ -98.791974811994947, 16.568132857226122 ], [ -98.792016381943583, 16.568271780904094 ], [ -98.792116793749145, 16.56859496067435 ], [ -98.792148995708231, 16.568693475199577 ], [ -98.792198859554063, 16.56883002990568 ], [ -98.792237891665721, 16.568926593530126 ], [ -98.792370177889524, 16.569240669025515 ], [ -98.792408666270873, 16.569328155473134 ], [ -98.792455992263825, 16.569422350113694 ], [ -98.79248511242659, 16.569469427441138 ], [ -98.792573680568196, 16.56959492697904 ], [ -98.792609630879909, 16.569640053391268 ], [ -98.792688830832518, 16.569725143781863 ], [ -98.792766023347795, 16.569801575051553 ], [ -98.793047055569332, 16.570073163708688 ], [ -98.793124725586068, 16.5701470782797 ], [ -98.793206153001776, 16.570220424497123 ], [ -98.793244807824721, 16.570251290255165 ], [ -98.793343769589342, 16.570321984232791 ], [ -98.79337782136318, 16.570343056909184 ], [ -98.793437767842974, 16.570370702105993 ], [ -98.793489353899531, 16.570389122561807 ], [ -98.793670142406953, 16.570447439407818 ], [ -98.793724499468624, 16.570463192961892 ], [ -98.793797377189023, 16.570478392780871 ], [ -98.793847131151566, 16.570484353255829 ], [ -98.794006438596071, 16.570496968928214 ], [ -98.794073726836899, 16.570500277098894 ], [ -98.794228431172996, 16.570503099560423 ], [ -98.794382149126577, 16.570503823399701 ], [ -98.794944795249975, 16.570504378001871 ], [ -98.79509994093236, 16.570501212744972 ], [ -98.795261307965703, 16.570485887790515 ], [ -98.795336686607698, 16.570467160330235 ], [ -98.795527086499987, 16.570395090439245 ], [ -98.79559159348328, 16.570360868600265 ], [ -98.795702226203986, 16.570273236646155 ], [ -98.795795765909148, 16.570182269959336 ], [ -98.796121651184492, 16.569845390421335 ], [ -98.796219082124694, 16.56973894372906 ], [ -98.796347875129442, 16.569579072308933 ], [ -98.796434434194126, 16.569457131266038 ], [ -98.796709582911504, 16.569047944299012 ], [ -98.796825173800983, 16.568869258145924 ], [ -98.797089449236026, 16.568444576414887 ], [ -98.797351393874735, 16.568016574134173 ], [ -98.798309517959041, 16.566443909187022 ], [ -98.798571576865797, 16.566014875647461 ], [ -98.798836403130935, 16.565585386776664 ], [ -98.798952668263254, 16.565400865032522 ], [ -98.799230412577359, 16.564969252409711 ], [ -98.79931820461249, 16.564836671038492 ], [ -98.799450157062267, 16.564649570785019 ], [ -98.799550868509996, 16.564514866069658 ], [ -98.799888902033345, 16.564073344018119 ], [ -98.799986280222313, 16.563949314241672 ], [ -98.800102679085427, 16.563812030982636 ], [ -98.80017158504927, 16.563739941838413 ], [ -98.800376747195159, 16.563540809005008 ], [ -98.800458572590443, 16.563466596464494 ], [ -98.800635262382528, 16.563319404142579 ], [ -98.800805850826023, 16.56318334184343 ], [ -98.801425238711388, 16.562695575711171 ], [ -98.801596652591982, 16.562563289097255 ], [ -98.801777197891539, 16.562433718752438 ], [ -98.801863706025955, 16.56238090496598 ], [ -98.802086865337529, 16.562264010923919 ], [ -98.80216431100753, 16.562230943382215 ], [ -98.802302564952981, 16.562193522321195 ], [ -98.80242262492078, 16.562173131170027 ], [ -98.802844650710085, 16.562115393061024 ], [ -98.802971900326071, 16.562101949332245 ], [ -98.803143706220368, 16.562096950474931 ], [ -98.803261893617687, 16.562103252988301 ], [ -98.80364162900193, 16.562137663241398 ], [ -98.803802430895345, 16.562156641663233 ], [ -98.804173104390657, 16.56221079739888 ], [ -98.804541836228978, 16.562269183866078 ], [ -98.805891913087734, 16.562487493416629 ], [ -98.806261355033257, 16.562548623377598 ], [ -98.806635338843179, 16.562615591865427 ], [ -98.806800159330166, 16.562650131617307 ], [ -98.807195337869601, 16.562744348591337 ], [ -98.807320852619014, 16.562779029537907 ], [ -98.807511409420542, 16.562846657328997 ], [ -98.80765811871494, 16.562908587489254 ], [ -98.808152205897045, 16.563129966511013 ], [ -98.808295034580524, 16.563197765755628 ], [ -98.808467480666494, 16.563292783829553 ], [ -98.808571003510721, 16.563360724729794 ], [ -98.808881664361365, 16.563582763996866 ], [ -98.809006382201034, 16.563677953959424 ], [ -98.809277737880379, 16.563900134583715 ], [ -98.809540671419995, 16.564122345295424 ], [ -98.810496343431936, 16.56493714555689 ], [ -98.810760461393272, 16.565164161076751 ], [ -98.811037335407335, 16.565408769001337 ], [ -98.811168751366381, 16.565531193586857 ], [ -98.811505152091755, 16.565857900288275 ], [ -98.811620887655693, 16.565975505137821 ], [ -98.811824585823217, 16.566197621275638 ], [ -98.811999847828645, 16.566397325123528 ], [ -98.812614041463036, 16.567107159296221 ], [ -98.812798700577332, 16.567323422390327 ], [ -98.813046247213066, 16.567622816911665 ], [ -98.813215226112803, 16.567834260299037 ], [ -98.813756249535871, 16.568521600907722 ], [ -98.813984757613383, 16.568815142322439 ], [ -98.814510105135085, 16.569497661697273 ], [ -98.815032096041492, 16.570179147056994 ], [ -98.816942733656745, 16.572676882801129 ], [ -98.817462725364393, 16.573357788206842 ], [ -98.817978688093163, 16.57403762094577 ], [ -98.818195783451941, 16.574327906083681 ], [ -98.818692932301403, 16.5750027373766 ], [ -98.818841088762767, 16.575208246801516 ], [ -98.819035334981834, 16.575492460106457 ], [ -98.819164673079399, 16.575692969709685 ], [ -98.819574005967411, 16.576344467501052 ], [ -98.81968453924685, 16.576525739431833 ], [ -98.819791026795343, 16.576720177780174 ], [ -98.819832618445218, 16.576816674961805 ], [ -98.819920225272426, 16.577072556803568 ], [ -98.819942997798606, 16.577164054451206 ], [ -98.819961662640722, 16.577335161654027 ], [ -98.819965554160888, 16.577488102868262 ], [ -98.819965049715748, 16.578030721317262 ], [ -98.819962774166044, 16.578181368969485 ], [ -98.819952659379666, 16.578341772912736 ], [ -98.819940485229935, 16.5784202737516 ], [ -98.819893787266977, 16.578626207048856 ], [ -98.819871652701309, 16.578699004140748 ], [ -98.819815056038124, 16.578832790604242 ], [ -98.819756338180682, 16.578951117018374 ], [ -98.819538917649041, 16.579369520344727 ], [ -98.819470225782396, 16.579496380710722 ], [ -98.81936708473161, 16.579669992545469 ], [ -98.819288432232938, 16.579791149080304 ], [ -98.819024527751552, 16.580182934223579 ], [ -98.818909291125053, 16.58034961979196 ], [ -98.818635424668329, 16.580735700618931 ], [ -98.818359422732655, 16.581120558814934 ], [ -98.817345271819704, 16.582530479932586 ], [ -98.817068551162251, 16.58291716624888 ], [ -98.816791347320986, 16.583311784238308 ], [ -98.816672063247893, 16.583488838178628 ], [ -98.816392608009977, 16.583920471904531 ], [ -98.816306578141692, 16.584060536661124 ], [ -98.816184561250253, 16.584282538664191 ], [ -98.816096281241641, 16.584459619623395 ], [ -98.815806323821633, 16.585063995200422 ], [ -98.815724687107746, 16.585241081860907 ], [ -98.815633674177235, 16.585463110948719 ], [ -98.815585292486745, 16.58560320871868 ], [ -98.81545052395235, 16.586034969184819 ], [ -98.815399891998268, 16.586212083183039 ], [ -98.815298378194669, 16.58660685473442 ], [ -98.81520399018207, 16.586993700057338 ], [ -98.814865023786126, 16.588404206239986 ], [ -98.814773364692414, 16.588789108728086 ], [ -98.814684591495364, 16.589174814604029 ], [ -98.814649432000152, 16.589340920551841 ], [ -98.814574127583583, 16.589730375772284 ], [ -98.814553961427521, 16.589850400197133 ], [ -98.814535157283743, 16.590021058983606 ], [ -98.814528460391159, 16.590144832826699 ], [ -98.814516012353266, 16.590551785300491 ], [ -98.81451541463386, 16.59066648798062 ], [ -98.81452507335915, 16.590794814690035 ], [ -98.814539469267245, 16.590863435880433 ], [ -98.814596991507258, 16.591055341382948 ], [ -98.814624856849278, 16.591127711987156 ], [ -98.814697372869773, 16.591273535966089 ], [ -98.814773101915023, 16.5914094853112 ], [ -98.814830940715552, 16.591510096790827 ], [ -98.814768700382444, 16.591430784405677 ], [ -98.814670444432963, 16.59131026893284 ], [ -98.814623392704149, 16.591257013276007 ], [ -98.814502073942435, 16.591129002335631 ], [ -98.814459993510212, 16.591088209140871 ], [ -98.814384936853529, 16.591025851865556 ], [ -98.814319793503159, 16.590977563228403 ], [ -98.814090848063586, 16.590814573394628 ], [ -98.814021828053058, 16.590767349035445 ], [ -98.813928679908912, 16.590709958653324 ], [ -98.813864631133029, 16.590675196755036 ], [ -98.813658885092394, 16.590570364847522 ], [ -98.813571773529802, 16.590528107365522 ], [ -98.813370998926061, 16.590435737696247 ], [ -98.813171289752347, 16.590346038376683 ], [ -98.812440089605062, 16.590019809787385 ], [ -98.812238958438741, 16.589929193009233 ], [ -98.812031545093149, 16.589832544726551 ], [ -98.811936371358428, 16.589785092656928 ], [ -98.81169964066855, 16.58966029791031 ], [ -98.811620889802015, 16.589616064059744 ], [ -98.811490116328699, 16.58953443428333 ], [ -98.811382047985859, 16.589462054145333 ], [ -98.811008503061203, 16.589205909589275 ], [ -98.810897671911135, 16.589128187519943 ], [ -98.810754004295958, 16.589021629430665 ], [ -98.810659595981718, 16.588947125671822 ], [ -98.810362691817531, 16.588705999357138 ], [ -98.810238966529312, 16.58860334905274 ], [ -98.809958485984396, 16.588365440641006 ], [ -98.809681525245992, 16.588128221536124 ], [ -98.808669527451258, 16.587259104712452 ], [ -98.808392213721618, 16.58702211239379 ], [ -98.808110075672602, 16.586785267806746 ], [ -98.807984334580624, 16.586683910963728 ], [ -98.807679680899668, 16.586447756911873 ], [ -98.807581594728276, 16.586375612853782 ], [ -98.807428512587236, 16.586275094835901 ], [ -98.80730790999948, 16.586203641705623 ], [ -98.806898180569732, 16.585970711363601 ], [ -98.806778679310796, 16.585905665956965 ], [ -98.806630735662608, 16.58583505149112 ], [ -98.806538888813222, 16.585799219113113 ], [ -98.806258213937184, 16.585702615649829 ], [ -98.806143850682759, 16.585667474028568 ], [ -98.805890830308002, 16.585600083301991 ], [ -98.805643735983693, 16.585538952261611 ], [ -98.804743650658295, 16.585321062632783 ], [ -98.804494893293793, 16.585262674533855 ], [ -98.804234109753978, 16.585208088522908 ], [ -98.804110319096196, 16.585188496795425 ], [ -98.803793412884772, 16.585151654650158 ], [ -98.803684374469427, 16.585144178698386 ], [ -98.803492434664875, 16.585146133253453 ], [ -98.803327273338098, 16.585156401363665 ], [ -98.802748460129806, 16.585202363784607 ], [ -98.802574433524882, 16.585219029901321 ], [ -98.802341122687821, 16.585250843511499 ], [ -98.802181848081858, 16.585279625429195 ], [ -98.801671877149772, 16.585382126831536 ], [ -98.801456479169161, 16.585428651946447 ], [ -98.80096125949629, 16.585543267789795 ], [ -98.800469200391589, 16.58566047878919 ], [ -98.798668139809521, 16.586092838803509 ], [ -98.798174655689863, 16.586208670036676 ], [ -98.797672794828571, 16.586316864564544 ], [ -98.797449335277975, 16.586355597738869 ], [ -98.796908384999227, 16.586428157906973 ], [ -98.796734411765385, 16.586442734356453 ], [ -98.796463487199432, 16.586438198261803 ], [ -98.796250425401482, 16.586417141616014 ], [ -98.795527062009967, 16.586323412055524 ], [ -98.795316228679624, 16.586289542638806 ], [ -98.795055702860267, 16.586225216246344 ], [ -98.794894356467182, 16.586167190891949 ], [ -98.794401932989459, 16.585960731791594 ], [ -98.794201498983654, 16.585867072829483 ], [ -98.793758563768677, 16.585636456907739 ], [ -98.793326233916844, 16.585400663958261 ], [ -98.791751637827872, 16.584530906171604 ], [ -98.791311009699953, 16.584293499009547 ], [ -98.790829333267297, 16.584055363213245 ], [ -98.790581851506246, 16.583952576919128 ], [ -98.7899086133624, 16.583711042700958 ], [ -98.789661471096196, 16.583636375284321 ], [ -98.789181377960261, 16.58352946220268 ], [ -98.78874267303469, 16.583451396110629 ], [ -98.787175478804826, 16.583193994293836 ], [ -98.786695798785942, 16.583121221175993 ], [ -98.78602448400639, 16.583039020936695 ], [ -98.785545142793254, 16.582994365141491 ], [ -98.783979532877879, 16.582868165845372 ], [ -98.783308630219636, 16.58282010254236 ], [ -98.7817433607878, 16.582722006424756 ], [ -98.780178165344438, 16.582629924263131 ], [ -98.774439201500428, 16.582298214843352 ], [ -98.772870457672184, 16.582203328110097 ], [ -98.771288604984235, 16.582092321404936 ], [ -98.770597558230335, 16.582028635218055 ], [ -98.768954526891534, 16.581842439151469 ], [ -98.768438448487487, 16.581769329424855 ], [ -98.767673112683184, 16.581614352917747 ], [ -98.767095854646996, 16.581466067365103 ], [ -98.765167325481144, 16.580929035546315 ], [ -98.7646144542678, 16.580762617501467 ], [ -98.763962912132868, 16.580523041328789 ], [ -98.763585008633996, 16.580347208360148 ], [ -98.7624730042008, 16.579766228334577 ], [ -98.762033925385708, 16.579515218555404 ], [ -98.761096894751262, 16.578924820649075 ], [ -98.760197362102588, 16.578332402356576 ], [ -98.756936614903125, 16.576158153406741 ], [ -98.756047195096613, 16.575563326515983 ], [ -98.755157275224207, 16.574961745044213 ], [ -98.754775377150651, 16.574697172439137 ], [ -98.75388310619654, 16.574064081742105 ], [ -98.753609457697166, 16.573863526886267 ], [ -98.753224699496741, 16.57356069679237 ], [ -98.75294869350374, 16.573328637223067 ], [ -98.752045427428271, 16.572548520733111 ], [ -98.751792114135114, 16.572323427567692 ], [ -98.751513247557853, 16.572053111415148 ], [ -98.751368179730065, 16.571892038822348 ], [ -98.750970063835737, 16.571410682640543 ], [ -98.750822638413723, 16.571218105789313 ], [ -98.750532768561811, 16.570800770213147 ], [ -98.750266094885575, 16.570397153181858 ], [ -98.749311495540013, 16.568930940195475 ], [ -98.749048858069386, 16.568529157024582 ], [ -98.74877780786359, 16.568120384326715 ], [ -98.748653230032872, 16.567938206719266 ], [ -98.748342917192389, 16.567496817183173 ], [ -98.748239509982355, 16.567354708628326 ], [ -98.748067255227596, 16.56713292510257 ], [ -98.747924584306247, 16.56695820001018 ], [ -98.74743104301956, 16.566364599152465 ], [ -98.747284495875448, 16.566191470673882 ], [ -98.747094148914854, 16.56597713923184 ], [ -98.746968771753771, 16.565844079959504 ], [ -98.74657402604565, 16.565437467785603 ], [ -98.746409386080927, 16.565271791519411 ], [ -98.746035811806664, 16.564905247831586 ], [ -98.745666775156195, 16.564547289817622 ], [ -98.744318188553478, 16.563243357931526 ], [ -98.743949987279208, 16.562886427621724 ], [ -98.743580291090439, 16.562524689578677 ], [ -98.743420354023783, 16.562364851699535 ], [ -98.743043677302964, 16.561980679624703 ], [ -98.742926872151742, 16.561858268699442 ], [ -98.742758457458095, 16.561671190117046 ], [ -98.742634670221378, 16.561526345917709 ], [ -98.742225412196007, 16.561037484500893 ], [ -98.742109371822536, 16.560895853071361 ], [ -98.74197710699778, 16.560723768250558 ], [ -98.741904197544201, 16.560619564254683 ], [ -98.741696218516822, 16.560305363686133 ], [ -98.741616327082625, 16.560178726441769 ], [ -98.741451479293929, 16.559901953249685 ], [ -98.741295874162475, 16.559633200146283 ], [ -98.740734567792202, 16.558655791344044 ], [ -98.740576950292919, 16.558385319034183 ], [ -98.740402705237017, 16.558100524559592 ], [ -98.740311400965879, 16.557964147688057 ], [ -98.74005955966642, 16.557612516666808 ], [ -98.73996583766467, 16.55749055237759 ], [ -98.739780309323123, 16.557273016800472 ], [ -98.739608991020233, 16.557084215896577 ], [ -98.738995036242983, 16.556420679601139 ], [ -98.738806573541353, 16.556220644327368 ], [ -98.738541033612819, 16.555950683562415 ], [ -98.738350153539983, 16.555765060596983 ], [ -98.737724921681476, 16.555168779933979 ], [ -98.73745644812999, 16.554916318947537 ], [ -98.736828803368184, 16.554334448332053 ], [ -98.73620064414024, 16.553755664282534 ], [ -98.733896907468889, 16.551636528527258 ], [ -98.733264732614359, 16.551057730590088 ], [ -98.732618291738547, 16.55047582337388 ], [ -98.732326977064162, 16.550223326555749 ], [ -98.731613949770008, 16.549626915027421 ], [ -98.731381407287188, 16.549441232119403 ], [ -98.731009234292586, 16.549171124473908 ], [ -98.730710101217085, 16.548970939174332 ], [ -98.729686323509085, 16.548306846139109 ], [ -98.729385516836359, 16.548117869041267 ], [ -98.729005526312292, 16.547900071551858 ], [ -98.728763489139553, 16.547777909507296 ], [ -98.728013974007681, 16.54742561625282 ], [ -98.727705347158292, 16.547288950394524 ], [ -98.727014603239539, 16.547003469886377 ], [ -98.726336454323672, 16.546732304975404 ], [ -98.72386251745948, 16.545752332963644 ], [ -98.723167005888811, 16.545518547150021 ], [ -98.722395207242911, 16.545407534614053 ], [ -98.721988147609252, 16.545482732364963 ], [ -98.719937960934928, 16.544308618873405 ] ] ] ] } },
{ "type": "Feature", "properties": { "fid": 10.0, "cat": 3, "VULNERABIL": 2.0, "NOM_ACUIF": "MARQUELIA", "CLAVE_ACUI": "1234" }, "geometry": { "type": "MultiPolygon", "coordinates": [ [ [ [ -98.676784954085676, 16.608120248466811 ], [ -98.675473412533364, 16.610058846319287 ], [ -98.631889614675217, 16.674452816794265 ], [ -98.676784954085676, 16.608120248466811 ] ] ], [ [ [ -98.676784954085676, 16.608120248466811 ], [ -98.677371436184487, 16.607253349943871 ], [ -98.682310768236349, 16.599951977317751 ], [ -98.719937960934928, 16.544308618873405 ], [ -98.721988147609252, 16.545482732364963 ], [ -98.722395207242911, 16.545407534614053 ], [ -98.723167005888811, 16.545518547150021 ], [ -98.72386251745948, 16.545752332963644 ], [ -98.726336454323672, 16.546732304975404 ], [ -98.727014603239539, 16.547003469886377 ], [ -98.727705347158292, 16.547288950394524 ], [ -98.728013974007681, 16.54742561625282 ], [ -98.728763489139553, 16.547777909507296 ], [ -98.729005526312292, 16.547900071551858 ], [ -98.729385516836359, 16.548117869041267 ], [ -98.729686323509085, 16.548306846139109 ], [ -98.730710101217085, 16.548970939174332 ], [ -98.731009234292586, 16.549171124473908 ], [ -98.731381407287188, 16.549441232119403 ], [ -98.731613949770008, 16.549626915027421 ], [ -98.732326977064162, 16.550223326555749 ], [ -98.732618291738547, 16.55047582337388 ], [ -98.733264732614359, 16.551057730590088 ], [ -98.733896907468889, 16.551636528527258 ], [ -98.73620064414024, 16.553755664282534 ], [ -98.736828803368184, 16.554334448332053 ], [ -98.73745644812999, 16.554916318947537 ], [ -98.737724921681476, 16.555168779933979 ], [ -98.738350153539983, 16.555765060596983 ], [ -98.738541033612819, 16.555950683562415 ], [ -98.738806573541353, 16.556220644327368 ], [ -98.738995036242983, 16.556420679601139 ], [ -98.739608991020233, 16.557084215896577 ], [ -98.739780309323123, 16.557273016800472 ], [ -98.73996583766467, 16.55749055237759 ], [ -98.74005955966642, 16.557612516666808 ], [ -98.740311400965879, 16.557964147688057 ], [ -98.740402705237017, 16.558100524559592 ], [ -98.740576950292919, 16.558385319034183 ], [ -98.740734567792202, 16.558655791344044 ], [ -98.741295874162475, 16.559633200146283 ], [ -98.741451479293929, 16.559901953249685 ], [ -98.741616327082625, 16.560178726441769 ], [ -98.741696218516822, 16.560305363686133 ], [ -98.741904197544201, 16.560619564254683 ], [ -98.74197710699778, 16.560723768250558 ], [ -98.742109371822536, 16.560895853071361 ], [ -98.742225412196007, 16.561037484500893 ], [ -98.742634670221378, 16.561526345917709 ], [ -98.742758457458095, 16.561671190117046 ], [ -98.742926872151742, 16.561858268699442 ], [ -98.743043677302964, 16.561980679624703 ], [ -98.743420354023783, 16.562364851699535 ], [ -98.743580291090439, 16.562524689578677 ], [ -98.743949987279208, 16.562886427621724 ], [ -98.744318188553478, 16.563243357931526 ], [ -98.745666775156195, 16.564547289817622 ], [ -98.746035811806664, 16.564905247831586 ], [ -98.746409386080927, 16.565271791519411 ], [ -98.74657402604565, 16.565437467785603 ], [ -98.746968771753771, 16.565844079959504 ], [ -98.747094148914854, 16.56597713923184 ], [ -98.747284495875448, 16.566191470673882 ], [ -98.74743104301956, 16.566364599152465 ], [ -98.747924584306247, 16.56695820001018 ], [ -98.748067255227596, 16.56713292510257 ], [ -98.748239509982355, 16.567354708628326 ], [ -98.748342917192389, 16.567496817183173 ], [ -98.748653230032872, 16.567938206719266 ], [ -98.74877780786359, 16.568120384326715 ], [ -98.749048858069386, 16.568529157024582 ], [ -98.749311495540013, 16.568930940195475 ], [ -98.750266094885575, 16.570397153181858 ], [ -98.750532768561811, 16.570800770213147 ], [ -98.750822638413723, 16.571218105789313 ], [ -98.750970063835737, 16.571410682640543 ], [ -98.751368179730065, 16.571892038822348 ], [ -98.751513247557853, 16.572053111415148 ], [ -98.751792114135114, 16.572323427567692 ], [ -98.752045427428271, 16.572548520733111 ], [ -98.75294869350374, 16.573328637223067 ], [ -98.753224699496741, 16.57356069679237 ], [ -98.753609457697166, 16.573863526886267 ], [ -98.75388310619654, 16.574064081742105 ], [ -98.754775377150651, 16.574697172439137 ], [ -98.755157275224207, 16.574961745044213 ], [ -98.756047195096613, 16.575563326515983 ], [ -98.756936614903125, 16.576158153406741 ], [ -98.760197362102588, 16.578332402356576 ], [ -98.761096894751262, 16.578924820649075 ], [ -98.762033925385708, 16.579515218555404 ], [ -98.7624730042008, 16.579766228334577 ], [ -98.763585008633996, 16.580347208360148 ], [ -98.763962912132868, 16.580523041328789 ], [ -98.7646144542678, 16.580762617501467 ], [ -98.765167325481144, 16.580929035546315 ], [ -98.767095854646996, 16.581466067365103 ], [ -98.767673112683184, 16.581614352917747 ], [ -98.768438448487487, 16.581769329424855 ], [ -98.768954526891534, 16.581842439151469 ], [ -98.770597558230335, 16.582028635218055 ], [ -98.771288604984235, 16.582092321404936 ], [ -98.772870457672184, 16.582203328110097 ], [ -98.774439201500428, 16.582298214843352 ], [ -98.780178165344438, 16.582629924263131 ], [ -98.7817433607878, 16.582722006424756 ], [ -98.783308630219636, 16.58282010254236 ], [ -98.783979532877879, 16.582868165845372 ], [ -98.785545142793254, 16.582994365141491 ], [ -98.78602448400639, 16.583039020936695 ], [ -98.786695798785942, 16.583121221175993 ], [ -98.787175478804826, 16.583193994293836 ], [ -98.78874267303469, 16.583451396110629 ], [ -98.789181377960261, 16.58352946220268 ], [ -98.789661471096196, 16.583636375284321 ], [ -98.7899086133624, 16.583711042700958 ], [ -98.790581851506246, 16.583952576919128 ], [ -98.790829333267297, 16.584055363213245 ], [ -98.791311009699953, 16.584293499009547 ], [ -98.791751637827872, 16.584530906171604 ], [ -98.793326233916844, 16.585400663958261 ], [ -98.793758563768677, 16.585636456907739 ], [ -98.794201498983654, 16.585867072829483 ], [ -98.794401932989459, 16.585960731791594 ], [ -98.794894356467182, 16.586167190891949 ], [ -98.795055702860267, 16.586225216246344 ], [ -98.795316228679624, 16.586289542638806 ], [ -98.795527062009967, 16.586323412055524 ], [ -98.796250425401482, 16.586417141616014 ], [ -98.796463487199432, 16.586438198261803 ], [ -98.796734411765385, 16.586442734356453 ], [ -98.796908384999227, 16.586428157906973 ], [ -98.797449335277975, 16.586355597738869 ], [ -98.797672794828571, 16.586316864564544 ], [ -98.798174655689863, 16.586208670036676 ], [ -98.798668139809521, 16.586092838803509 ], [ -98.800469200391589, 16.58566047878919 ], [ -98.80096125949629, 16.585543267789795 ], [ -98.801456479169161, 16.585428651946447 ], [ -98.801671877149772, 16.585382126831536 ], [ -98.802181848081858, 16.585279625429195 ], [ -98.802341122687821, 16.585250843511499 ], [ -98.802574433524882, 16.585219029901321 ], [ -98.802748460129806, 16.585202363784607 ], [ -98.803327273338098, 16.585156401363665 ], [ -98.803492434664875, 16.585146133253453 ], [ -98.803684374469427, 16.585144178698386 ], [ -98.803793412884772, 16.585151654650158 ], [ -98.804110319096196, 16.585188496795425 ], [ -98.804234109753978, 16.585208088522908 ], [ -98.804494893293793, 16.585262674533855 ], [ -98.804743650658295, 16.585321062632783 ], [ -98.805643735983693, 16.585538952261611 ], [ -98.805890830308002, 16.585600083301991 ], [ -98.806143850682759, 16.585667474028568 ], [ -98.806258213937184, 16.585702615649829 ], [ -98.806538888813222, 16.585799219113113 ], [ -98.806630735662608, 16.58583505149112 ], [ -98.806778679310796, 16.585905665956965 ], [ -98.806898180569732, 16.585970711363601 ], [ -98.80730790999948, 16.586203641705623 ], [ -98.807428512587236, 16.586275094835901 ], [ -98.807581594728276, 16.586375612853782 ], [ -98.807679680899668, 16.586447756911873 ], [ -98.807984334580624, 16.586683910963728 ], [ -98.808110075672602, 16.586785267806746 ], [ -98.808392213721618, 16.58702211239379 ], [ -98.808669527451258, 16.587259104712452 ], [ -98.809681525245992, 16.588128221536124 ], [ -98.809958485984396, 16.588365440641006 ], [ -98.810238966529312, 16.58860334905274 ], [ -98.810362691817531, 16.588705999357138 ], [ -98.810659595981718, 16.588947125671822 ], [ -98.810754004295958, 16.589021629430665 ], [ -98.810897671911135, 16.589128187519943 ], [ -98.811008503061203, 16.589205909589275 ], [ -98.811382047985859, 16.589462054145333 ], [ -98.811490116328699, 16.58953443428333 ], [ -98.811620889802015, 16.589616064059744 ], [ -98.81169964066855, 16.58966029791031 ], [ -98.811936371358428, 16.589785092656928 ], [ -98.812031545093149, 16.589832544726551 ], [ -98.812238958438741, 16.589929193009233 ], [ -98.812440089605062, 16.590019809787385 ], [ -98.813171289752347, 16.590346038376683 ], [ -98.813370998926061, 16.590435737696247 ], [ -98.813571773529802, 16.590528107365522 ], [ -98.813658885092394, 16.590570364847522 ], [ -98.813864631133029, 16.590675196755036 ], [ -98.813928679908912, 16.590709958653324 ], [ -98.814021828053058, 16.590767349035445 ], [ -98.814090848063586, 16.590814573394628 ], [ -98.814319793503159, 16.590977563228403 ], [ -98.814384936853529, 16.591025851865556 ], [ -98.814459993510212, 16.591088209140871 ], [ -98.814502073942435, 16.591129002335631 ], [ -98.814623392704149, 16.591257013276007 ], [ -98.814670444432963, 16.59131026893284 ], [ -98.814768700382444, 16.591430784405677 ], [ -98.814830940715552, 16.591510096790827 ], [ -98.815053988895642, 16.59189809138994 ], [ -98.81513126368678, 16.592031067293767 ], [ -98.815210991608083, 16.592163015649461 ], [ -98.815247613775455, 16.592218537415974 ], [ -98.815338789308683, 16.592345690631824 ], [ -98.815369153236688, 16.592383587556949 ], [ -98.815419675977395, 16.592433286675401 ], [ -98.815461487395368, 16.592466388487587 ], [ -98.815606084684802, 16.592571164439423 ], [ -98.815649008119237, 16.592599461945348 ], [ -98.815704720104719, 16.592626741072863 ], [ -98.815741385213769, 16.59263741375112 ], [ -98.81585677707757, 16.592659940425751 ], [ -98.81590488966313, 16.592665817951914 ], [ -98.816014023185588, 16.592670719736709 ], [ -98.816121815631121, 16.592671844722251 ], [ -98.816267133883102, 16.59267197309476 ], [ -98.816175365132963, 16.592673493790507 ], [ -98.816084737724466, 16.592680888543153 ], [ -98.81604703874612, 16.592689931808327 ], [ -98.815961737574483, 16.592724738962346 ], [ -98.815936766303324, 16.592741268304625 ], [ -98.815905534886426, 16.592783598099672 ], [ -98.815885889843656, 16.592827539893975 ], [ -98.81582544434012, 16.592990271795895 ], [ -98.815809667966022, 16.593041691845787 ], [ -98.815796490446402, 16.593118920188644 ], [ -98.815793441797965, 16.593177826343794 ], [ -98.815792392295478, 16.593375493390223 ], [ -98.815794669885207, 16.593461812003515 ], [ -98.815806348155959, 16.593666965152007 ], [ -98.815820753832966, 16.593873722461677 ], [ -98.815876302286739, 16.594633436721068 ], [ -98.81588377929782, 16.59473450208079 ], [ -98.815891539403211, 16.594839393868323 ], [ -98.815907097265793, 16.595040812999901 ], [ -98.815914085646426, 16.595122597472628 ], [ -98.815931140226709, 16.595302839214071 ], [ -98.815936681738521, 16.595353477245798 ], [ -98.815945487531451, 16.595409546321264 ], [ -98.815952525723276, 16.595439006968832 ], [ -98.815976564834585, 16.595520420913768 ], [ -98.815983613701093, 16.595538669312706 ], [ -98.816198747525021, 16.595655181363298 ], [ -98.816199552161606, 16.595807318753032 ], [ -98.816203822724674, 16.595974675836473 ], [ -98.816209118896197, 16.596061619995702 ], [ -98.816229563825317, 16.596300002319406 ], [ -98.816239288422892, 16.596388196193566 ], [ -98.816264224946565, 16.59656138528354 ], [ -98.816290123982157, 16.596720604391557 ], [ -98.816386049930898, 16.597290437766627 ], [ -98.816416364076659, 16.597465144336912 ], [ -98.816461903877126, 16.597710608323347 ], [ -98.816496646596377, 16.597886564589675 ], [ -98.816613239828158, 16.598462229800216 ], [ -98.816664157519483, 16.598709211229103 ], [ -98.816785180197499, 16.599286126017045 ], [ -98.816907152542228, 16.599863308503608 ], [ -98.817355339524326, 16.60197991125596 ], [ -98.817480281742178, 16.602556867075016 ], [ -98.817615153107653, 16.603132725532223 ], [ -98.81768288379385, 16.603378424714496 ], [ -98.817864089126431, 16.603949162400355 ], [ -98.817929488826053, 16.604122780706128 ], [ -98.818053481637094, 16.60436226184256 ], [ -98.81816521459082, 16.604530759413226 ], [ -98.8185626434054, 16.605077599854496 ], [ -98.818683806049137, 16.605229553957315 ], [ -98.818851801716505, 16.605391833045449 ], [ -98.818939860345409, 16.605451022297249 ], [ -98.818903677493807, 16.605441943504356 ], [ -98.818813005374253, 16.605420418864504 ], [ -98.818715382761582, 16.60540164669435 ], [ -98.81866659399077, 16.605396353972015 ], [ -98.818536535666539, 16.605390426749693 ], [ -98.81848977137912, 16.605391364779134 ], [ -98.818401596351208, 16.605401669498779 ], [ -98.818322396304012, 16.605415452480585 ], [ -98.818040971024004, 16.605469468133101 ], [ -98.817964614990004, 16.60548714343016 ], [ -98.81788971219126, 16.605515612713045 ], [ -98.817859064232508, 16.605538607840153 ], [ -98.817790943203136, 16.605617449152749 ], [ -98.817771543058939, 16.605652378258426 ], [ -98.817749130103792, 16.605736539451232 ], [ -98.817736511736825, 16.605821840621356 ], [ -98.817700038916385, 16.606135751547438 ], [ -98.817691284000688, 16.606234404010632 ], [ -98.817686900618284, 16.606380871255126 ], [ -98.81768939356904, 16.606491457712814 ], [ -98.817705410758975, 16.6068610605972 ], [ -98.817714685553582, 16.607022019113941 ], [ -98.817741950766376, 16.607403555972681 ], [ -98.817771626357214, 16.607787650098977 ], [ -98.81788284809403, 16.609198552363903 ], [ -98.817913591368836, 16.609583448218629 ], [ -98.817945837401282, 16.609968726740565 ], [ -98.817961159810977, 16.610134228786276 ], [ -98.818000418374453, 16.610521293142941 ], [ -98.818013938980513, 16.610640164911977 ], [ -98.818037776512298, 16.610807835486732 ], [ -98.818058309530727, 16.610928493109256 ], [ -98.818130292901188, 16.611323891420209 ], [ -98.818151942556725, 16.611434939513391 ], [ -98.818180990760254, 16.611557765656688 ], [ -98.81820083852881, 16.611622183483366 ], [ -98.818264413293363, 16.611799973854751 ], [ -98.818291273521197, 16.611866177523591 ], [ -98.818353046466925, 16.611997337608088 ], [ -98.818414433353837, 16.612118505475717 ], [ -98.818639133105137, 16.612552795299369 ], [ -98.818702182869956, 16.612672591602404 ], [ -98.81877171480015, 16.612797351330826 ], [ -98.818807996316764, 16.612855783222564 ], [ -98.81890777816902, 16.613003705640597 ], [ -98.818944805765199, 16.613053951443497 ], [ -98.819017819309167, 16.613140509452869 ], [ -98.819085096802866, 16.613213917936186 ], [ -98.819326045243812, 16.613469932694976 ], [ -98.819399964951643, 16.613546550347039 ], [ -98.81950397482629, 16.613648084769256 ], [ -98.819578640648857, 16.613716516291394 ], [ -98.819823071548058, 16.613934328830005 ], [ -98.819927987665693, 16.614025922815703 ], [ -98.820173165303999, 16.61423554887601 ], [ -98.820418503320028, 16.614443420490325 ], [ -98.821318240405802, 16.615203859781744 ], [ -98.821563342507105, 16.615412873950191 ], [ -98.821807411251484, 16.615627836294877 ], [ -98.821910978423034, 16.615725911391394 ], [ -98.822150223180628, 16.615968632836847 ], [ -98.822222427614278, 16.616048883731416 ], [ -98.822320136596232, 16.616180666599636 ], [ -98.822387516435285, 16.616288676947825 ], [ -98.822604247125653, 16.616660942258882 ], [ -98.822663872724831, 16.616771081559861 ], [ -98.822725394380868, 16.616912799782114 ], [ -98.822753656826933, 16.617005115095598 ], [ -98.822824026656974, 16.617294201663153 ], [ -98.822847464496306, 16.617414276481718 ], [ -98.822886471188681, 16.617685539077467 ], [ -98.822918757244238, 16.617952982246642 ], [ -98.822938204151185, 16.618123101846574 ], [ -98.823030419402002, 16.618929787696352 ], [ -98.823061875724719, 16.61919665805539 ], [ -98.823078316101203, 16.619322342328328 ], [ -98.823078258954993, 16.619394660187346 ], [ -98.823058226584862, 16.619634668003968 ], [ -98.823043591736692, 16.619706187562169 ], [ -98.822995328152203, 16.619799937681087 ], [ -98.822941015002044, 16.619862346852887 ], [ -98.822735816993017, 16.62005983941555 ], [ -98.822669882911796, 16.620113162028041 ], [ -98.82256738876373, 16.620164508420277 ], [ -98.822486902650397, 16.620184537788347 ], [ -98.822213794898943, 16.620226661592834 ], [ -98.822093630423538, 16.620237580280847 ], [ -98.821805970679733, 16.620246410330552 ], [ -98.821515192674227, 16.620248105712481 ], [ -98.820445888446855, 16.620247184345807 ], [ -98.820153213202374, 16.620247388844827 ], [ -98.8198566995801, 16.620249267624626 ], [ -98.819725783930366, 16.620251747377058 ], [ -98.819411357838504, 16.620261440743121 ], [ -98.819311266561485, 16.620266082687841 ], [ -98.819158600032566, 16.62027805195132 ], [ -98.819040596259612, 16.620290508938346 ], [ -98.818642578414781, 16.620336671885006 ], [ -98.818527341406849, 16.620351266658062 ], [ -98.81838758664, 16.620373213059253 ], [ -98.818303173983082, 16.620389970313088 ], [ -98.818049002948371, 16.620446224297229 ], [ -98.817946677688965, 16.62047079648196 ], [ -98.817723330853838, 16.620529212736276 ], [ -98.817506589117187, 16.620588092192946 ], [ -98.816718473540917, 16.620804445054684 ], [ -98.816499478960097, 16.620860804434905 ], [ -98.816265620813169, 16.620907463682155 ], [ -98.816150532423791, 16.620917760512679 ], [ -98.815847311487445, 16.620919153033125 ], [ -98.81573962533794, 16.62090987928849 ], [ -98.815540310966924, 16.620865209446144 ], [ -98.815363262377602, 16.620810669050005 ], [ -98.814736350779398, 16.620600816016548 ], [ -98.814546025564141, 16.620532381279936 ], [ -98.814284752167993, 16.620422873153629 ], [ -98.814101829701258, 16.620334867721116 ], [ -98.813509465867412, 16.620033683008074 ], [ -98.813257182467595, 16.619900409705409 ], [ -98.812672223826198, 16.61957965236477 ], [ -98.812088853404788, 16.619254699770014 ], [ -98.809951431724059, 16.618058999393707 ], [ -98.809367122129771, 16.617733123052638 ], [ -98.808777750750878, 16.617408079429236 ], [ -98.808520099862406, 16.617269608854937 ], [ -98.807907100462728, 16.616948456382506 ], [ -98.807714384237642, 16.61685097836666 ], [ -98.807428040250201, 16.616717234284696 ], [ -98.80721169364945, 16.616623649286979 ], [ -98.80648842131535, 16.616320662098367 ], [ -98.806280926071295, 16.616236694861115 ], [ -98.806035886013547, 16.616147836287379 ], [ -98.805893323932054, 16.616104862797361 ], [ -98.805473074437998, 16.615993178078558 ], [ -98.805306881794166, 16.615954097448078 ], [ -98.804951565478504, 16.615883406037458 ], [ -98.804610163518504, 16.615821498575883 ], [ -98.80337227227308, 16.615603284404912 ], [ -98.803029684728756, 16.615541373233135 ], [ -98.802668832517739, 16.615470672685067 ], [ -98.802495916772287, 16.615431583430478 ], [ -98.802049828992793, 16.615319867257419 ], [ -98.801895006776149, 16.615276879357271 ], [ -98.801618590715094, 16.615187985686347 ], [ -98.801378532964776, 16.615103982491235 ], [ -98.80053468099608, 16.614800859405296 ], [ -98.800280236623991, 16.614707230658595 ], [ -98.799936680186633, 16.61457342131882 ], [ -98.799700329640956, 16.614475893902029 ], [ -98.798940918122426, 16.614154573965401 ], [ -98.798619333940167, 16.61401602932369 ], [ -98.797878019255435, 16.613690807678019 ], [ -98.797140584199866, 16.613364748179524 ], [ -98.794440554262493, 16.612168339272372 ], [ -98.793702892882024, 16.611842953885688 ], [ -98.792960484060274, 16.611520917208292 ], [ -98.792637559663575, 16.611386251985266 ], [ -98.791872987938731, 16.611079850857941 ], [ -98.791634185900293, 16.610989405315156 ], [ -98.79128434688127, 16.610873728583737 ], [ -98.791023378874982, 16.610798921607778 ], [ -98.790155368237805, 16.610565497284057 ], [ -98.78990767689065, 16.61050351628878 ], [ -98.78961979338024, 16.610447697916111 ], [ -98.789456222458611, 16.610429938519495 ], [ -98.788980774986584, 16.610402879289708 ], [ -98.788795037531301, 16.610400758391584 ], [ -98.788403710086371, 16.610417920308322 ], [ -98.788030408248929, 16.610444557800513 ], [ -98.786679659645571, 16.610551699288198 ], [ -98.786310864339526, 16.610580168878492 ], [ -98.785940568969792, 16.610605890417901 ], [ -98.785780370965611, 16.610614166336109 ], [ -98.785403075678701, 16.610627065733443 ], [ -98.785286077159185, 16.610628266991657 ], [ -98.785117379389149, 16.610620973799122 ], [ -98.784993381108322, 16.610609353687686 ], [ -98.784583420352732, 16.610562419286921 ], [ -98.784467179245851, 16.610546535578031 ], [ -98.784334681398946, 16.610519346442505 ], [ -98.784261639865449, 16.610496388562623 ], [ -98.784053277305446, 16.610416440850479 ], [ -98.783973236156342, 16.610380661629726 ], [ -98.783808073338804, 16.610293639691889 ], [ -98.783652167702513, 16.610205101786001 ], [ -98.783089771952987, 16.609878945992321 ], [ -98.782935528449997, 16.609790180466021 ], [ -98.782778120113349, 16.609702097981607 ], [ -98.782707494465924, 16.609665031463571 ], [ -98.782535316452936, 16.609580136849694 ], [ -98.782479443953562, 16.609554831825189 ], [ -98.782390883562215, 16.609521636387854 ], [ -98.782320241218201, 16.609499519351413 ], [ -98.782079137426877, 16.60942950180598 ], [ -98.78200849154014, 16.609410588152507 ], [ -98.781919914429139, 16.609392342127727 ], [ -98.781864021577519, 16.609385190039063 ], [ -98.781691765388103, 16.609370059586432 ], [ -98.781621102670627, 16.609366095413552 ], [ -98.781463599498679, 16.609362726406808 ], [ -98.78130925768447, 16.609361877635912 ], [ -98.78074649906641, 16.60936128485929 ], [ -98.780591918389788, 16.609361808228993 ], [ -98.780433300500945, 16.60936484424893 ], [ -98.780361284190818, 16.609368658127046 ], [ -98.78018382595252, 16.60938342018634 ], [ -98.780125464779644, 16.609390451912891 ], [ -98.780030570882758, 16.609408504643216 ], [ -98.779953369336781, 16.609427262520864 ], [ -98.779687989249453, 16.609496746371935 ], [ -98.779609676513061, 16.609518706434994 ], [ -98.779509597256848, 16.609551703055974 ], [ -98.779444939627908, 16.609576881030868 ], [ -98.779243283197076, 16.609661381535155 ], [ -98.779159785063285, 16.609698285547257 ], [ -98.778971783539674, 16.609786003781686 ], [ -98.778786707952534, 16.609874411419572 ], [ -98.778111022139299, 16.610199260910623 ], [ -98.777925945770136, 16.610287667769121 ], [ -98.777737943124123, 16.610375384869037 ], [ -98.777654444400454, 16.610412288266772 ], [ -98.777452786332816, 16.610496787007396 ], [ -98.777388128126432, 16.610521964333202 ], [ -98.777288047983035, 16.610554959870623 ], [ -98.777209734555285, 16.610576919018854 ], [ -98.776944351942873, 16.610646399328701 ], [ -98.776867149616137, 16.610665156048359 ], [ -98.77677225480673, 16.610683207277862 ], [ -98.776713893129028, 16.610690238039492 ], [ -98.776536433437641, 16.610704996965204 ], [ -98.776464416568373, 16.610708809485846 ], [ -98.776305797549711, 16.610711842341793 ], [ -98.776151215823603, 16.610712362396026 ], [ -98.775588453470078, 16.610711755608339 ], [ -98.775431026610377, 16.610709983847908 ], [ -98.775259130280418, 16.610702323259048 ], [ -98.775170990958188, 16.610693151390727 ], [ -98.774931570496761, 16.610658009846791 ], [ -98.774843809079741, 16.610641363438386 ], [ -98.774673676253315, 16.610598821825857 ], [ -98.774518390823616, 16.610554694435418 ], [ -98.773963858845022, 16.61039130741726 ], [ -98.773794185328867, 16.61033968903217 ], [ -98.773556907102815, 16.610262190982549 ], [ -98.773387611735515, 16.610203097868798 ], [ -98.772834845495524, 16.610004827331355 ], [ -98.772598027020607, 16.609918252140552 ], [ -98.772045640402965, 16.60971250512231 ], [ -98.771493335976899, 16.609505154990742 ], [ -98.769468311045173, 16.608743257056702 ], [ -98.768914588076299, 16.608536127365234 ], [ -98.768355563385924, 16.608331431055245 ], [ -98.768110678817678, 16.608246138447704 ], [ -98.767526908847657, 16.608052802506766 ], [ -98.767342901063799, 16.607996052529312 ], [ -98.767067967447716, 16.607924556011099 ], [ -98.766859212914994, 16.607879168065637 ], [ -98.766159959220445, 16.607738852969923 ], [ -98.765958946981712, 16.607702015471517 ], [ -98.765720142976662, 16.60767042349655 ], [ -98.765580006580748, 16.607662129686478 ], [ -98.765164840714107, 16.607655016877288 ], [ -98.764999957269836, 16.60765808490688 ], [ -98.764645666995051, 16.60767951532344 ], [ -98.764304421402116, 16.60770706180864 ], [ -98.76306623151396, 16.607814177534877 ], [ -98.762726172057498, 16.607841722775483 ], [ -98.762377418545086, 16.607863155638253 ], [ -98.762219258771154, 16.607866229144623 ], [ -98.761829933404087, 16.607859139224974 ], [ -98.761702058232643, 16.607850856847481 ], [ -98.761494632818952, 16.607819295989398 ], [ -98.761326186016689, 16.607782491378117 ], [ -98.760747526832702, 16.607642296536305 ], [ -98.760576876000627, 16.607596946148153 ], [ -98.760359164211835, 16.607525506680194 ], [ -98.760218798204107, 16.607468800724007 ], [ -98.759781469061053, 16.60727561198004 ], [ -98.75960053211675, 16.607190383275547 ], [ -98.759193488844048, 16.606985838139551 ], [ -98.758792935997462, 16.606778858989678 ], [ -98.757330739180674, 16.606017495720405 ], [ -98.756928767661336, 16.605809596069726 ], [ -98.756515090879759, 16.605600766658977 ], [ -98.756326094978547, 16.60551033908968 ], [ -98.755857790974062, 16.605297173037386 ], [ -98.75570272670636, 16.605230988878777 ], [ -98.755447396983186, 16.605135295970069 ], [ -98.755237704544427, 16.605064775892409 ], [ -98.754514470477275, 16.604831373777852 ], [ -98.754300343527447, 16.604765118843179 ], [ -98.754024317549877, 16.604689332557879 ], [ -98.753844121615813, 16.604647321424835 ], [ -98.753279233539587, 16.604527055050106 ], [ -98.753044409704827, 16.604480707085749 ], [ -98.752513453111106, 16.604384683067604 ], [ -98.751989767861417, 16.604293852971377 ], [ -98.750076863714426, 16.603965993389266 ], [ -98.749554840798041, 16.60387607446523 ], [ -98.74903163422448, 16.603784322243133 ], [ -98.748806218834574, 16.603743167466398 ], [ -98.748277486953768, 16.603642864047121 ], [ -98.7481144462175, 16.603610326652788 ], [ -98.747882321061695, 16.603558789554313 ], [ -98.747713754446892, 16.60351770251491 ], [ -98.747159235823503, 16.603377499360406 ], [ -98.74700285128425, 16.603336426559419 ], [ -98.746827574948369, 16.603284957445812 ], [ -98.746733564691525, 16.603252503005116 ], [ -98.74647012660553, 16.603152517950306 ], [ -98.746370590526098, 16.603111513977421 ], [ -98.74616952685686, 16.603020147242752 ], [ -98.745981829236086, 16.602930627206483 ], [ -98.745306971956452, 16.602604232572073 ], [ -98.745116671418828, 16.602509674522569 ], [ -98.744903458279794, 16.602394799444664 ], [ -98.744789168529351, 16.602325250333759 ], [ -98.744469029768482, 16.602115562729541 ], [ -98.744348115558978, 16.602031055632711 ], [ -98.744103987868939, 16.601846376908924 ], [ -98.743876148505564, 16.601667057106781 ], [ -98.743057028912972, 16.601014908322526 ], [ -98.742804859563165, 16.600812065059365 ], [ -98.742447186155601, 16.600517613516253 ], [ -98.742188393540218, 16.600299811704144 ], [ -98.741338371273784, 16.599577853074514 ], [ -98.740972658442971, 16.599265235926893 ], [ -98.740116020942125, 16.598528314501863 ], [ -98.739257970499253, 16.597788184322592 ], [ -98.736110422408217, 16.595071138447057 ], [ -98.735253113626911, 16.594331679304815 ], [ -98.734399837567594, 16.593597942324941 ], [ -98.734038175952548, 16.593289208220799 ], [ -98.733203697582127, 16.59258218613979 ], [ -98.732952272330166, 16.592371475828624 ], [ -98.732613429736929, 16.592095184800616 ], [ -98.732380794052162, 16.59191119367992 ], [ -98.731634005598849, 16.591328858201713 ], [ -98.731429018747477, 16.591171597414377 ], [ -98.73121919935673, 16.591020050698624 ], [ -98.731124443986772, 16.590960816311011 ], [ -98.730892071634372, 16.590835935855662 ], [ -98.730816104421308, 16.590803421355211 ], [ -98.730693962950198, 16.590776567587664 ], [ -98.730595442331079, 16.590770719546807 ], [ -98.73025782089789, 16.590770282167725 ], [ -98.730165104200111, 16.590771420472873 ], [ -98.730070047701162, 16.590777170248835 ], [ -98.730026969398253, 16.590784245936849 ], [ -98.729920993802295, 16.590811516031625 ], [ -98.729886212481844, 16.590824475518904 ], [ -98.729829875255007, 16.590857683055024 ], [ -98.729784174812963, 16.590892162901238 ], [ -98.729627243196447, 16.591019861248974 ], [ -98.729580980792051, 16.591060213378668 ], [ -98.729522021291018, 16.591120825033489 ], [ -98.729484055837688, 16.591167060984944 ], [ -98.72936584313004, 16.591322217070378 ], [ -98.729316958411644, 16.591389973339016 ], [ -98.729207042437281, 16.59155101317938 ], [ -98.729098904209152, 16.591713313783927 ], [ -98.728704173742841, 16.592309676306012 ], [ -98.728594836962159, 16.592479983778944 ], [ -98.728479330461326, 16.59267838991769 ], [ -98.72842365806396, 16.592791519824914 ], [ -98.728279359886017, 16.593121053225094 ], [ -98.728229017292705, 16.593250029492157 ], [ -98.728138383513155, 16.593522385379199 ], [ -98.728059249151428, 16.593782488929548 ], [ -98.727780587713667, 16.594723949338785 ], [ -98.727696424790793, 16.595015547069387 ], [ -98.727582327300695, 16.595434876319576 ], [ -98.727503493811142, 16.595742320377774 ], [ -98.727249700325373, 16.596757729846505 ], [ -98.727142073005353, 16.597196300862468 ], [ -98.726893605671762, 16.598227556140969 ], [ -98.726646277765113, 16.599262206649911 ], [ -98.725740527577528, 16.603059317123169 ], [ -98.72549401734193, 16.604094081103558 ], [ -98.725249407080582, 16.60512587250199 ], [ -98.725146475989803, 16.605565096537866 ], [ -98.724910741239938, 16.606583017322105 ], [ -98.724840479749687, 16.606891653501723 ], [ -98.724748328848989, 16.60731403509536 ], [ -98.724686946227479, 16.6076088011983 ], [ -98.724492643939911, 16.608561994609957 ], [ -98.724440164349261, 16.608825805413957 ], [ -98.724389562996137, 16.609103729254954 ], [ -98.724369755041522, 16.609236952524903 ], [ -98.724327919269058, 16.609580737276904 ], [ -98.724316990754389, 16.609700090561645 ], [ -98.724307826873428, 16.609913287815385 ], [ -98.724305664136125, 16.610098502034933 ], [ -98.724304735232209, 16.61074963778406 ], [ -98.724305665409943, 16.610929364410939 ], [ -98.724310935172966, 16.611116952943302 ], [ -98.724317533233517, 16.611205209935967 ], [ -98.724343054448767, 16.611429487367104 ], [ -98.724355206673252, 16.611506005629661 ], [ -98.724386395830663, 16.611638813424616 ], [ -98.72441879956898, 16.611752020579516 ], [ -98.724538828122974, 16.612147512797527 ], [ -98.724576761828672, 16.612266066385942 ], [ -98.724633756998955, 16.61242382428382 ], [ -98.724677244966585, 16.612530639119328 ], [ -98.724823193897521, 16.612871350399612 ], [ -98.724886933770179, 16.613014854043179 ], [ -98.725038437579528, 16.613343826428544 ], [ -98.725191132073533, 16.613670283255093 ], [ -98.725752206415478, 16.614864775189105 ], [ -98.725906445384823, 16.61519157674331 ], [ -98.726065149070152, 16.615522159593855 ], [ -98.726137629305342, 16.615667619332292 ], [ -98.726317166780504, 16.616015848574115 ], [ -98.726376591581158, 16.616126230737699 ], [ -98.726474369555561, 16.616293118326642 ], [ -98.726554627608067, 16.616421146992643 ], [ -98.726831387853821, 16.616851726316241 ], [ -98.726913312917915, 16.616976019642898 ], [ -98.727018868993156, 16.617125476034719 ], [ -98.727087738287096, 16.617214691847384 ], [ -98.72730357251244, 16.617481575812178 ], [ -98.727393275344454, 16.617588437995916 ], [ -98.727596054269142, 16.617820244237905 ], [ -98.727796035925024, 16.618044533699177 ], [ -98.728526508166667, 16.61885941018615 ], [ -98.728727443205869, 16.619082327083998 ], [ -98.72893466437317, 16.619307730872169 ], [ -98.729029759262417, 16.619406819512843 ], [ -98.729266314304112, 16.619643829343644 ], [ -98.729345014912838, 16.619718870390606 ], [ -98.7294757291195, 16.619832052224616 ], [ -98.729583763122321, 16.619918699489833 ], [ -98.729957208188239, 16.620209871207035 ], [ -98.730068015170914, 16.620293852261984 ], [ -98.730211668762976, 16.620394592477439 ], [ -98.730306081165466, 16.620454526029569 ], [ -98.730603019030184, 16.620633475528987 ], [ -98.730726765098396, 16.6207050150425 ], [ -98.731007308824374, 16.620859916633389 ], [ -98.731284339797597, 16.621009664858292 ], [ -98.732296610498651, 16.621553585583019 ], [ -98.73257400122182, 16.621702074058863 ], [ -98.732856217334813, 16.621851102286058 ], [ -98.732981992193402, 16.621915511524964 ], [ -98.733286725446931, 16.6220670597077 ], [ -98.733384836200912, 16.622113992025586 ], [ -98.733537952904868, 16.62218146152706 ], [ -98.733658580311669, 16.622230914191256 ], [ -98.73406839186751, 16.622394223370922 ], [ -98.734187916415877, 16.622440470839919 ], [ -98.734335885708276, 16.622492983605124 ], [ -98.734427745837664, 16.622521754395802 ], [ -98.734708457246924, 16.622603505155229 ], [ -98.734822834083118, 16.622634796120757 ], [ -98.73507588120016, 16.62269906990981 ], [ -98.735323000348501, 16.622759598447804 ], [ -98.736223177088092, 16.622977789001943 ], [ -98.736475044215652, 16.62303786456625 ], [ -98.736750246246032, 16.623100028778911 ], [ -98.736891524776169, 16.623128759409433 ], [ -98.737275622622292, 16.62320067126355 ], [ -98.737416538420007, 16.623224773832469 ], [ -98.737690047522889, 16.623265340844572 ], [ -98.737939859062166, 16.623299190976571 ], [ -98.738832137763225, 16.623416589146434 ], [ -98.739105206761977, 16.623451534947481 ], [ -98.739487249477619, 16.623497219075833 ], [ -98.739759955775696, 16.623527536315965 ], [ -98.740650542906266, 16.623623330755517 ], [ -98.741032145612351, 16.623663392699818 ], [ -98.741922371083888, 16.623754554001852 ], [ -98.742812519662934, 16.623844719850013 ], [ -98.746076327575238, 16.624174303767731 ], [ -98.746966244458662, 16.624263307477289 ], [ -98.747855375292446, 16.624349102948585 ], [ -98.748235644690681, 16.624382666839548 ], [ -98.749121104296449, 16.624453502877401 ], [ -98.749391376548459, 16.624471982195242 ], [ -98.74976718706661, 16.624487384848301 ], [ -98.750033786947597, 16.624490909328134 ], [ -98.750902109202826, 16.6244919524562 ], [ -98.751144351202242, 16.624489039335927 ], [ -98.751406491551947, 16.624474403649184 ], [ -98.751538735749179, 16.624456408813884 ], [ -98.751893734858101, 16.624387068433023 ], [ -98.752022306309883, 16.624354119320103 ], [ -98.752267307331081, 16.624269697367058 ], [ -98.752488737206065, 16.624182043554601 ], [ -98.753277074141366, 16.623857412716148 ], [ -98.753493997000547, 16.623767235442223 ], [ -98.753717968195588, 16.623671040697616 ], [ -98.753821004314077, 16.623623797059157 ], [ -98.754077868273754, 16.623499521443463 ], [ -98.754163548546913, 16.623455460566777 ], [ -98.754306525988113, 16.623374118893246 ], [ -98.7544250991605, 16.623301977350859 ], [ -98.75483546260827, 16.623046658049578 ], [ -98.754957364796567, 16.622969180987187 ], [ -98.755115878776948, 16.622862941093256 ], [ -98.755220425146604, 16.622788646894907 ], [ -98.755549793833907, 16.622548180278368 ], [ -98.755687232545384, 16.622445805078957 ], [ -98.755999244543816, 16.622208520797994 ], [ -98.756307536741957, 16.621971918130996 ], [ -98.757434216010083, 16.621105053091625 ], [ -98.75774440246775, 16.620869136897348 ], [ -98.758065265653613, 16.620635063221155 ], [ -98.758213455690026, 16.620536588763802 ], [ -98.758584145955766, 16.620311114871189 ], [ -98.758708299864423, 16.620243935078886 ], [ -98.758916994913747, 16.620155903556249 ], [ -98.759090976774473, 16.620097323969603 ], [ -98.759694196499808, 16.619911983142593 ], [ -98.759873704932673, 16.619861951911531 ], [ -98.760108191848047, 16.619813814573032 ], [ -98.760263664775948, 16.619795078211482 ], [ -98.760754718148036, 16.619755778651488 ], [ -98.760960019137784, 16.619745641764936 ], [ -98.761427037148124, 16.619737635923016 ], [ -98.76188890476736, 16.619736335192425 ], [ -98.763577269131048, 16.619738263266115 ], [ -98.764039013806851, 16.619740504331808 ], [ -98.764505457828264, 16.619749042258967 ], [ -98.764710061753632, 16.61975899893319 ], [ -98.765198436142782, 16.619796925425643 ], [ -98.765352637898488, 16.619814833216065 ], [ -98.765583871645092, 16.61986047695229 ], [ -98.765760003862397, 16.619907774470171 ], [ -98.766350721057719, 16.620082851626346 ], [ -98.766520752576042, 16.620138150356674 ], [ -98.766723515243783, 16.620221134836086 ], [ -98.76684314466236, 16.620284385421503 ], [ -98.767198652984916, 16.620496570093962 ], [ -98.767340213422216, 16.620589210256092 ], [ -98.767645320420257, 16.62080934643669 ], [ -98.767939627583601, 16.621031186262641 ], [ -98.769007959082757, 16.621846299567398 ], [ -98.769300602895584, 16.622072483217686 ], [ -98.769597937481009, 16.622312896663662 ], [ -98.769730056913787, 16.622430161069772 ], [ -98.770049279846759, 16.622736981479491 ], [ -98.770151691494036, 16.62284513618906 ], [ -98.770310389162603, 16.623043037979524 ], [ -98.770434688563086, 16.623217600092808 ], [ -98.770856056191747, 16.623834321050332 ], [ -98.770978680695166, 16.624021161016518 ], [ -98.771129559364297, 16.624276360354671 ], [ -98.771222475760311, 16.624454090897313 ], [ -98.771505207709168, 16.625028300585338 ], [ -98.771620012883872, 16.625272438357623 ], [ -98.77187303829497, 16.625837538319225 ], [ -98.772119698957098, 16.626400686002377 ], [ -98.773017767253975, 16.628463606294886 ], [ -98.773264671328633, 16.629027210458244 ], [ -98.773518811435395, 16.629594445193916 ], [ -98.773634963695301, 16.629841176570537 ], [ -98.773922867619319, 16.630425354872926 ], [ -98.774018236473879, 16.630607815744906 ], [ -98.774175386419657, 16.630875121687858 ], [ -98.774304517561205, 16.631074526418022 ], [ -98.774749981195342, 16.631737775372493 ], [ -98.774881894330321, 16.631927038392629 ], [ -98.775052023712291, 16.632147017364034 ], [ -98.77516315245488, 16.632272010038481 ], [ -98.775511624432966, 16.632635329945977 ], [ -98.775656516001121, 16.632777266134493 ], [ -98.7759842044956, 16.633076315148109 ], [ -98.776307439980243, 16.633361591497057 ], [ -98.77748819080945, 16.634393828377334 ], [ -98.777812621148328, 16.634675900192711 ], [ -98.778145871484625, 16.634960002175156 ], [ -98.778297512413175, 16.635083790669025 ], [ -98.778671919840193, 16.635377368240267 ], [ -98.778795353665075, 16.635469269434381 ], [ -98.778996970233123, 16.635604564391151 ], [ -98.77916156012445, 16.635705941658582 ], [ -98.779728030755251, 16.636043739803625 ], [ -98.779895395949453, 16.636140314212891 ], [ -98.780109961833418, 16.63625319744159 ], [ -98.780249119267353, 16.636317884822681 ], [ -98.780683955111002, 16.636506875623716 ], [ -98.780864268963455, 16.636581038552759 ], [ -98.781270897649023, 16.636738141489285 ], [ -98.781671482337131, 16.636888410806247 ], [ -98.783134253533092, 16.637432558946081 ], [ -98.783540893954125, 16.637582487772857 ], [ -98.783975773410489, 16.637738013158486 ], [ -98.784190388949881, 16.637810263939251 ], [ -98.784757048904041, 16.637991908479879 ], [ -98.784958754924659, 16.638053110861279 ], [ -98.785333389324833, 16.638157077959136 ], [ -98.785666875455732, 16.638244399715834 ], [ -98.786848511721558, 16.638547930494163 ], [ -98.787207471381251, 16.63863847942887 ], [ -98.787700978267168, 16.638757513700334 ], [ -98.788047028400101, 16.638837013761776 ], [ -98.789168423578133, 16.639088976824233 ], [ -98.789646255904984, 16.639194591867231 ], [ -98.790754744820347, 16.639435499088684 ], [ -98.791860470013816, 16.639674033164674 ], [ -98.795912053076719, 16.640546240728273 ], [ -98.797024434586177, 16.640787270965816 ], [ -98.798163944296135, 16.641039915213671 ], [ -98.7986794319376, 16.641159809293324 ], [ -98.799945531863756, 16.641466669864588 ], [ -98.800360239859614, 16.641572224899093 ], [ -98.801029442213277, 16.641757957853777 ], [ -98.801570737961271, 16.64191773511887 ], [ -98.803427588285814, 16.642477620669567 ], [ -98.803974417733187, 16.642645939562883 ], [ -98.804669432514345, 16.642871550811183 ], [ -98.805115481115408, 16.643025534109174 ], [ -98.806502029829971, 16.64351850739687 ], [ -98.807074670706101, 16.643726707825653 ], [ -98.808360445642663, 16.644205337322841 ], [ -98.809624630402382, 16.644680888144222 ], [ -98.814238431577039, 16.646421438676633 ], [ -98.815503832503325, 16.646896954933329 ], [ -98.816795188439755, 16.647375537367932 ], [ -98.817374577419201, 16.647583715460851 ], [ -98.818787037222279, 16.648076629838599 ], [ -98.819245373193127, 16.648230593632089 ], [ -98.819971811195231, 16.648456181229726 ], [ -98.820551244041681, 16.648624484919843 ], [ -98.822528832025498, 16.649184304683473 ], [ -98.823108277199225, 16.64934405863853 ], [ -98.823834760475435, 16.649529767190437 ], [ -98.824293148159086, 16.649635311678889 ], [ -98.825705809328994, 16.649942139791278 ], [ -98.826285295423247, 16.650062019325173 ], [ -98.827576902009014, 16.650314629990991 ], [ -98.828842570307586, 16.650555617664388 ], [ -98.833457439623103, 16.651427558860714 ], [ -98.834713986521223, 16.651665872043598 ], [ -98.835962978727451, 16.65190611663396 ], [ -98.836490704207208, 16.652011015322284 ], [ -98.837704430919516, 16.652260298198037 ], [ -98.8380684226874, 16.65233854694095 ], [ -98.838553322640081, 16.652454428478567 ], [ -98.838882045091196, 16.652541724889392 ], [ -98.839931184838136, 16.652833224078048 ], [ -98.840217264327137, 16.652916748061994 ], [ -98.840503160420127, 16.653015030437142 ], [ -98.840625503769317, 16.653071910119341 ], [ -98.840910543428507, 16.653239066262525 ], [ -98.8409976169564, 16.653304995217109 ], [ -98.841118920233001, 16.653445507722235 ], [ -98.84120513715159, 16.653580310917757 ], [ -98.841486180248097, 16.654068879797297 ], [ -98.841561835729934, 16.654202416254996 ], [ -98.841633850749076, 16.654337017733447 ], [ -98.841661073791357, 16.65439576912306 ], [ -98.841716099623497, 16.65453534080223 ], [ -98.841729303710721, 16.654579131874087 ], [ -98.841735896906982, 16.654643918539477 ], [ -98.841732111664797, 16.654692679847308 ], [ -98.8417078539768, 16.654855445948659 ], [ -98.841697424068158, 16.65490206652467 ], [ -98.841673008866294, 16.654956863112858 ], [ -98.841648559912642, 16.654988523375184 ], [ -98.841558879953453, 16.65508147465534 ], [ -98.841517441581061, 16.65511810512297 ], [ -98.841413742470834, 16.655196096017299 ], [ -98.841307039200345, 16.655270881072525 ], [ -98.840912789094688, 16.655541886669731 ], [ -98.840802644576186, 16.655615410307188 ], [ -98.840682887545881, 16.655687515440523 ], [ -98.840621950647972, 16.655716999171759 ], [ -98.840457335474895, 16.655782484746751 ], [ -98.840397330621329, 16.655801112867319 ], [ -98.840281923196514, 16.655822558562633 ], [ -98.840177060299396, 16.655834567119353 ], [ -98.839803107475149, 16.655869160984349 ], [ -98.839688831841329, 16.655877424620819 ], [ -98.839529498448883, 16.655881394728517 ], [ -98.83941615496154, 16.655878802675442 ], [ -98.839046552124188, 16.655862735994798 ], [ -98.838888350684712, 16.655853523886734 ], [ -98.838519680162918, 16.65582660073196 ], [ -98.838151209514876, 16.655797350737075 ], [ -98.836800351262568, 16.655687768977913 ], [ -98.836430337956386, 16.655658857945703 ], [ -98.836054466527244, 16.655633526476588 ], [ -98.835887520561059, 16.655626250142038 ], [ -98.835484310777161, 16.655617625320591 ], [ -98.835355020966787, 16.655618565114988 ], [ -98.835154878260497, 16.655631576002015 ], [ -98.834998249896003, 16.6556492231568 ], [ -98.83446746002582, 16.655718564949009 ], [ -98.834313042420305, 16.655741552493129 ], [ -98.834123216977844, 16.655779486628081 ], [ -98.834006455378585, 16.655810690747128 ], [ -98.833651393164487, 16.655918375568444 ], [ -98.833507292689262, 16.655966286787205 ], [ -98.833189886027384, 16.656082187727563 ], [ -98.832880548156467, 16.656199848970317 ], [ -98.831754375273093, 16.656633030375119 ], [ -98.831446460302729, 16.656750232971444 ], [ -98.831135699481024, 16.65686400048294 ], [ -98.83099967068182, 16.6569093232192 ], [ -98.830675630464128, 16.657007061785979 ], [ -98.830573588941363, 16.657033547022944 ], [ -98.83042143555889, 16.657059406470434 ], [ -98.830306115120052, 16.65706986328966 ], [ -98.82992010642721, 16.657092801963099 ], [ -98.829809223533516, 16.65709578734694 ], [ -98.829677778781857, 16.657086780851074 ], [ -98.82960088347231, 16.657070929070823 ], [ -98.829373483532621, 16.657005960491936 ], [ -98.82928330951907, 16.656974080242509 ], [ -98.829089897404131, 16.656890274365875 ], [ -98.828903768516014, 16.656802431826282 ], [ -98.828228580447671, 16.656476304632296 ], [ -98.828043402668399, 16.656387546830061 ], [ -98.827854426474829, 16.656299472170982 ], [ -98.827769638145185, 16.656262409142208 ], [ -98.827562935473011, 16.656177522979899 ], [ -98.827495860597125, 16.65615222068017 ], [ -98.827389547092679, 16.656119029535265 ], [ -98.827304745535386, 16.656096915902697 ], [ -98.827015318546515, 16.656026909884211 ], [ -98.826930514196931, 16.656007999581728 ], [ -98.826824187436884, 16.655989757733309 ], [ -98.826757096404975, 16.65598260826329 ], [ -98.826550331691223, 16.655967485826299 ], [ -98.826465513952229, 16.655963524919109 ], [ -98.826276462534807, 16.655960163142911 ], [ -98.826091206819854, 16.655959321401479 ], [ -98.82541573157846, 16.655958753819775 ], [ -98.825230237258396, 16.655959284030363 ], [ -98.825040072320903, 16.6559623271581 ], [ -98.824953902441393, 16.655966144383427 ], [ -98.824741941258679, 16.655980914948064 ], [ -98.824672384552855, 16.655987949580844 ], [ -98.824559747780967, 16.656006007396982 ], [ -98.824468394802025, 16.656024769629898 ], [ -98.82415471755003, 16.65609426864831 ], [ -98.824062253825844, 16.656116233244035 ], [ -98.823944433808691, 16.656149235921063 ], [ -98.823868583223657, 16.656174418018278 ], [ -98.823632433743697, 16.65625893167093 ], [ -98.823534786731074, 16.656295841215083 ], [ -98.82331525015617, 16.656383572123996 ], [ -98.823099273354984, 16.656471992295753 ], [ -98.822310916712425, 16.656796887156371 ], [ -98.822094227719163, 16.656884390378277 ], [ -98.821871370542695, 16.656967845581075 ], [ -98.821769692278565, 16.656999564229412 ], [ -98.821518050904402, 16.657064129345859 ], [ -98.821434849814963, 16.657079846313035 ], [ -98.82129821953194, 16.657088627175323 ], [ -98.821186234517711, 16.657085454274259 ], [ -98.82080026813658, 16.657061866159424 ], [ -98.82068607461305, 16.65705121628449 ], [ -98.820539137847277, 16.657025105355636 ], [ -98.820443421717002, 16.656998453919588 ], [ -98.820143683371398, 16.656900191281455 ], [ -98.8200191836128, 16.656854649722984 ], [ -98.8197379231014, 16.656740385119718 ], [ -98.81946062236949, 16.656622691280333 ], [ -98.818447815395643, 16.656187715209661 ], [ -98.818168380553416, 16.656069331320875 ], [ -98.817877155679568, 16.655951851984025 ], [ -98.817740554753442, 16.655902408490984 ], [ -98.817394308671368, 16.655789151424631 ], [ -98.817276524686633, 16.655755385671505 ], [ -98.817073111980889, 16.655711069451879 ], [ -98.816900306396633, 16.655681526254416 ], [ -98.816297293351099, 16.655587973278283 ], [ -98.81611672976716, 16.655562693868315 ], [ -98.815877112426449, 16.655538277158385 ], [ -98.815715365496814, 16.65552867558036 ], [ -98.815200163868425, 16.655508284317424 ], [ -98.814983395312552, 16.655502904440826 ], [ -98.814487010294755, 16.655498189668183 ], [ -98.813994657400954, 16.655496833354224 ], [ -98.812193395680126, 16.655495209883899 ], [ -98.811701280017999, 16.655494077160142 ], [ -98.811206001879242, 16.655490423367329 ], [ -98.810990577337165, 16.655486337189526 ], [ -98.810480540984912, 16.655470922109568 ], [ -98.810321244943665, 16.65546368304226 ], [ -98.810087899740935, 16.655445316410084 ], [ -98.809913845511772, 16.655426317411433 ], [ -98.809334937883492, 16.655356021230222 ], [ -98.809169748871739, 16.655333826276454 ], [ -98.808977774219443, 16.655300546878042 ], [ -98.808868713719278, 16.655275199897073 ], [ -98.808551739502121, 16.65519019319904 ], [ -98.808427921008203, 16.655153086260004 ], [ -98.808167075561144, 16.655064927337158 ], [ -98.807918257858361, 16.654976092768006 ], [ -98.807017955753537, 16.654649688206359 ], [ -98.8067684274762, 16.654560393962633 ], [ -98.806504262564502, 16.654470094210264 ], [ -98.806376412242969, 16.654430388994871 ], [ -98.806043942370934, 16.65433539762325 ], [ -98.805927529093566, 16.654305313275273 ], [ -98.805716736863971, 16.654259911215444 ], [ -98.805532018411455, 16.654225135393904 ], [ -98.804880791627568, 16.654108249178808 ], [ -98.804683887390851, 16.654074528966447 ], [ -98.804416227314107, 16.65403405521872 ], [ -98.804230759993303, 16.654009955809236 ], [ -98.803632906118651, 16.653937964811334 ], [ -98.803379133894779, 16.653909172704978 ], [ -98.802792717350243, 16.653846800579199 ], [ -98.802208751912531, 16.653786488517415 ], [ -98.800069999278051, 16.653567391997111 ], [ -98.799483901206258, 16.653505239661104 ], [ -98.798887526677674, 16.653434304270103 ], [ -98.798621660894838, 16.653395121449133 ], [ -98.797977328626473, 16.653283203503026 ], [ -98.797769807416572, 16.65324016105119 ], [ -98.797445707088812, 16.653151215127235 ], [ -98.797190227941869, 16.653067191883203 ], [ -98.79632209374644, 16.652764027447624 ], [ -98.796068841224198, 16.652670394572208 ], [ -98.795755128902059, 16.652536607496305 ], [ -98.795560220921246, 16.652439116084203 ], [ -98.794964363613261, 16.652117942491216 ], [ -98.794721499057943, 16.651979469512323 ], [ -98.794183988333657, 16.651654436062788 ], [ -98.793658981644057, 16.651328574660933 ], [ -98.791746474523762, 16.650132911779725 ], [ -98.79122479924969, 16.649807047598202 ], [ -98.790702808351838, 16.649482020801244 ], [ -98.790478781111247, 16.649343561889875 ], [ -98.789955311543252, 16.64902244709598 ], [ -98.789794748707934, 16.648924985072163 ], [ -98.789568924171121, 16.648791277736066 ], [ -98.789406880521028, 16.648697729277799 ], [ -98.788876502184365, 16.648394876473056 ], [ -98.78872774099888, 16.648310951448565 ], [ -98.788563899543874, 16.648222154878077 ], [ -98.788478601429659, 16.648179227719424 ], [ -98.788244385092099, 16.648067697468115 ], [ -98.78815760589373, 16.648028684032511 ], [ -98.787986852549636, 16.647958151658994 ], [ -98.787829698455724, 16.64789640449111 ], [ -98.787267066732383, 16.647678782578957 ], [ -98.787111571604711, 16.647619782412381 ], [ -98.786948558678176, 16.647562071056864 ], [ -98.786871178130852, 16.647538626503859 ], [ -98.786673081842281, 16.647486929908393 ], [ -98.786604922249069, 16.647472393296773 ], [ -98.786484940382891, 16.647456252443607 ], [ -98.786381697309466, 16.647447730668922 ], [ -98.786019878212215, 16.647424102899688 ], [ -98.7859110931808, 16.647418778656128 ], [ -98.785765248741413, 16.647417560275692 ], [ -98.78566568456533, 16.647421143983557 ], [ -98.785346896148852, 16.647439086098416 ], [ -98.785212248416215, 16.647448684305587 ], [ -98.784902680730553, 16.647475533840925 ], [ -98.784595088849514, 16.647504291798619 ], [ -98.783469227090876, 16.647611642627773 ], [ -98.783160211662775, 16.647639481687101 ], [ -98.782844002097207, 16.647662049894148 ], [ -98.782701289640954, 16.647666451439282 ], [ -98.782351507794274, 16.647664423711404 ], [ -98.782237237684711, 16.647658532448784 ], [ -98.782053759041702, 16.647633067877567 ], [ -98.78190591683834, 16.647602581145566 ], [ -98.781399465549953, 16.647485773652019 ], [ -98.781250524361326, 16.647447810509689 ], [ -98.781061916460729, 16.647387457315936 ], [ -98.780941417792349, 16.64733920164139 ], [ -98.780567698893037, 16.647174361385016 ], [ -98.780413628640872, 16.647101509880439 ], [ -98.780068353021974, 16.646926376508322 ], [ -98.77972917282473, 16.646749037110233 ], [ -98.778491612264773, 16.64609658252478 ], [ -98.77815172292145, 16.645919239808336 ], [ -98.777803128474687, 16.645744099143375 ], [ -98.777645025318037, 16.645671241277697 ], [ -98.777255805054608, 16.645506378482242 ], [ -98.777127950400825, 16.645458112710234 ], [ -98.776920515284871, 16.645397735551143 ], [ -98.776752034061417, 16.64535974818952 ], [ -98.776173223825936, 16.64524285014355 ], [ -98.776002518859798, 16.645212334563556 ], [ -98.775784705518404, 16.645186827407123 ], [ -98.775644248529233, 16.645180904230351 ], [ -98.7752065958976, 16.645178769473251 ], [ -98.775025512158962, 16.645183124182477 ], [ -98.774618107279082, 16.645205580989948 ], [ -98.774217183962293, 16.645233306908935 ], [ -98.772753612511792, 16.645340231928976 ], [ -98.772353874408964, 16.645368870818807 ], [ -98.771952002221113, 16.645395599758672 ], [ -98.771777637277722, 16.645405145599838 ], [ -98.771365806418146, 16.645422963895339 ], [ -98.771237601764184, 16.645426509126434 ], [ -98.771051144281088, 16.645425235637926 ], [ -98.77091298111273, 16.645419871126787 ], [ -98.770454677217458, 16.645396109717879 ], [ -98.770324271635928, 16.6453875499185 ], [ -98.770174016090152, 16.645371366144886 ], [ -98.770089770892397, 16.645356806308271 ], [ -98.769846882247236, 16.64530504407174 ], [ -98.769752678656602, 16.6452815745001 ], [ -98.769555950537068, 16.645223812128215 ], [ -98.769369114035996, 16.645164763919816 ], [ -98.768693939352787, 16.644946966773286 ], [ -98.768504255916753, 16.644887228157174 ], [ -98.768294240372015, 16.644826246291988 ], [ -98.768183901526868, 16.644798868054664 ], [ -98.767879002510355, 16.644732084669968 ], [ -98.767765333908102, 16.644710397559127 ], [ -98.767539779366516, 16.644675974548921 ], [ -98.767331227225583, 16.64464848580598 ], [ -98.766583538855727, 16.644554626533409 ], [ -98.766353941261229, 16.6445271131353 ], [ -98.766030173800928, 16.644492577874857 ], [ -98.765797246441352, 16.644470755180183 ], [ -98.765034019828988, 16.644403449804123 ], [ -98.764706209322071, 16.644375823348938 ], [ -98.763939653543062, 16.64431420525235 ], [ -98.763172384721443, 16.644253803887825 ], [ -98.760358356567565, 16.64403352754265 ], [ -98.759589903667305, 16.643972882768299 ], [ -98.758817814391435, 16.643910171548697 ], [ -98.758483282259078, 16.643881230823045 ], [ -98.757694221639611, 16.643808885246049 ], [ -98.757449035715865, 16.64378467441334 ], [ -98.757093895068863, 16.643744037553756 ], [ -98.756831737237533, 16.643710195694943 ], [ -98.755963475247597, 16.643592902049868 ], [ -98.755716826485624, 16.643558009200138 ], [ -98.755434060331993, 16.643512471511634 ], [ -98.75527675740976, 16.643482310668062 ], [ -98.754825443454052, 16.643387097393319 ], [ -98.754651168803363, 16.643347305595146 ], [ -98.754289200988595, 16.643256824023521 ], [ -98.753946378974973, 16.643167356078941 ], [ -98.752708513123494, 16.642840316501392 ], [ -98.752369252362868, 16.642751307848918 ], [ -98.752023898919404, 16.642662977823495 ], [ -98.751869797397248, 16.642625801097186 ], [ -98.751496010413263, 16.64254063967347 ], [ -98.751375492893402, 16.642515248875291 ], [ -98.751186864619712, 16.642481920210379 ], [ -98.751037913179843, 16.64245969859876 ], [ -98.750531434928192, 16.642389325765336 ], [ -98.750383587152371, 16.642370308488282 ], [ -98.750200108904352, 16.642351934678349 ], [ -98.750085844879266, 16.642344703691343 ], [ -98.749736091026705, 16.642329332635995 ], [ -98.749593393035241, 16.642325270561148 ], [ -98.749277222899991, 16.642321685332302 ], [ -98.748968249271954, 16.642320625343991 ], [ -98.747842542529014, 16.642319260545683 ], [ -98.747531435745856, 16.642315907629559 ], [ -98.747205310803821, 16.642301628882553 ], [ -98.747050524822271, 16.642284583887168 ], [ -98.746654315319248, 16.642219319175851 ], [ -98.746518008623454, 16.642188414618193 ], [ -98.746278120164831, 16.642109458350696 ], [ -98.746071729175526, 16.642027568143185 ], [ -98.745348460961722, 16.641724368759235 ], [ -98.745131012615744, 16.641628582329716 ], [ -98.744839520749125, 16.641484779646536 ], [ -98.744640552150855, 16.641375133702944 ], [ -98.744003525112362, 16.641007254387461 ], [ -98.743734474109132, 16.640846621465801 ], [ -98.74311592980888, 16.6404648805477 ], [ -98.742501347811114, 16.640080168063939 ], [ -98.740251861438097, 16.638666570525729 ], [ -98.739636816874111, 16.638281391421312 ], [ -98.739016076646095, 16.637897499994999 ], [ -98.738744347748167, 16.637734264008852 ], [ -98.738097019827336, 16.6373563874021 ], [ -98.737893160606049, 16.637241999940276 ], [ -98.737589144244012, 16.637086069336465 ], [ -98.7373586943921, 16.636977698745877 ], [ -98.736587279529687, 16.636627898470984 ], [ -98.736365675724045, 16.636531284086523 ], [ -98.73610293794404, 16.636430218757223 ], [ -98.735949201938865, 16.636382454202938 ], [ -98.735494505215598, 16.636260617878424 ], [ -98.735314178325154, 16.636218869980606 ], [ -98.734927349386567, 16.63614588294714 ], [ -98.73455506365292, 16.636083363221747 ], [ -98.733204560923653, 16.635864586661754 ], [ -98.732833461169378, 16.635803438303292 ], [ -98.732452163271347, 16.635736860744171 ], [ -98.732278551588024, 16.635702898742444 ], [ -98.731849661720503, 16.635610986848459 ], [ -98.731708170629062, 16.635577421801759 ], [ -98.731476768576954, 16.635512697190546 ], [ -98.731287685365373, 16.635453798443137 ], [ -98.730636699878474, 16.635243661159194 ], [ -98.730444301816107, 16.63517941822484 ], [ -98.730197428942162, 16.635089756201207 ], [ -98.730037151450844, 16.635025910576495 ], [ -98.729536063223208, 16.634817625800885 ], [ -98.729328194364371, 16.63472844577759 ], [ -98.728859227872803, 16.634520557201697 ], [ -98.728397145292064, 16.634312752855013 ], [ -98.726709733978737, 16.633550880208269 ], [ -98.726246473921904, 16.633339866094438 ], [ -98.725771997449854, 16.633117013799527 ], [ -98.725557433308197, 16.633009668175109 ], [ -98.725030610710107, 16.632731574071713 ], [ -98.724858121435943, 16.632634605752678 ], [ -98.724579993464332, 16.632460181612867 ], [ -98.72435515721925, 16.632307972505341 ], [ -98.723584051686771, 16.631772085983588 ], [ -98.723357015628608, 16.631610262458345 ], [ -98.72306861734225, 16.631390974005388 ], [ -98.722883655770673, 16.631239528382196 ], [ -98.722308901423219, 16.630752069880369 ], [ -98.722071594752066, 16.630545382602691 ], [ -98.721538917801823, 16.630068300609782 ], [ -98.721015259160822, 16.629593441303022 ], [ -98.719104215110789, 16.627854503479721 ], [ -98.718581754488838, 16.627380097361197 ], [ -98.718054629622401, 16.626905149698391 ], [ -98.717824052951016, 16.626701060043327 ], [ -98.717275153425689, 16.626223589248365 ], [ -98.717102456710577, 16.626076884164572 ], [ -98.716845436916756, 16.625869731913436 ], [ -98.71665096253075, 16.625720505177608 ], [ -98.716000436863837, 16.625231264965191 ], [ -98.715813699368994, 16.625093794102774 ], [ -98.715592781596257, 16.624941504703262 ], [ -98.715463922137417, 16.62486141935436 ], [ -98.715083496090472, 16.624639976848691 ], [ -98.714932858888247, 16.624557369710207 ], [ -98.714610311127032, 16.624393312353483 ], [ -98.714300166121902, 16.624241551542148 ], [ -98.713175374084912, 16.623697388424354 ], [ -98.712867483785757, 16.623547115935704 ], [ -98.712555450842885, 16.623390010813804 ], [ -98.712417579473808, 16.623315847720601 ], [ -98.712086212779937, 16.62312685837189 ], [ -98.711980631025639, 16.623062172191851 ], [ -98.711819282584017, 16.622949292942209 ], [ -98.71169436661053, 16.622852723033393 ], [ -98.711272774625684, 16.622514942271504 ], [ -98.711150635242049, 16.622413570688696 ], [ -98.711002242664748, 16.622278284512831 ], [ -98.710912392615583, 16.622186390157687 ], [ -98.710641485336225, 16.621892835861367 ], [ -98.710532301529796, 16.621769057650631 ], [ -98.71029368430483, 16.62148498034411 ], [ -98.710061986815717, 16.621202933662317 ], [ -98.709219354113586, 16.620170791233964 ], [ -98.708990032333404, 16.619889204330363 ], [ -98.708762491682947, 16.619607276443034 ], [ -98.708666754926597, 16.619486109397439 ], [ -98.708447524034611, 16.619202591082594 ], [ -98.708382193124905, 16.619115458985583 ], [ -98.708296546115207, 16.618992360965404 ], [ -98.708239524148254, 16.61890363875191 ], [ -98.708059068906806, 16.618612699702201 ], [ -98.708010343035042, 16.618530929941759 ], [ -98.707963410574195, 16.618440276864426 ], [ -98.707945090046124, 16.618392542236947 ], [ -98.707906526714069, 16.618260433721012 ], [ -98.707896514993493, 16.618211109031908 ], [ -98.707888356936195, 16.618113035669538 ], [ -98.707886714285721, 16.618022255555125 ], [ -98.707887206629621, 16.617696688378061 ], [ -98.707887935140491, 16.617607284510882 ], [ -98.707890842518609, 16.617515633646796 ], [ -98.707894267404825, 16.617474107708578 ], [ -98.707907342822253, 16.61737197086029 ], [ -98.707913524364429, 16.617338457481299 ], [ -98.707929296147285, 16.617284198561247 ], [ -98.707945645718894, 16.617240199196207 ], [ -98.708006171883895, 16.617089127734154 ], [ -98.708025290996048, 16.617044598340865 ], [ -98.708053987402636, 16.616987865977762 ], [ -98.708075863157532, 16.61695134913764 ], [ -98.708149253564628, 16.616837669565609 ], [ -98.708181297283801, 16.61679066671681 ], [ -98.708257444234874, 16.616684999660034 ], [ -98.708334181817122, 16.616581049549076 ], [ -98.708616142957837, 16.61620161585515 ], [ -98.708694541405762, 16.616097667929562 ], [ -98.708778440309018, 16.615992011533329 ], [ -98.708819897492035, 16.615945021769676 ], [ -98.708929465420567, 16.615831392587236 ], [ -98.70896850713028, 16.615794899687547 ], [ -98.709041133899603, 16.615738228692486 ], [ -98.709105844704851, 16.615693763016658 ], [ -98.709335201503123, 16.615542927382066 ], [ -98.709404895116506, 16.615499002492115 ], [ -98.709500775364432, 16.615444855437879 ], [ -98.709568053540991, 16.615411427394726 ], [ -98.709786138011523, 16.615309576800044 ], [ -98.709879085141054, 16.615268175811114 ], [ -98.710094753957449, 16.615176821794233 ], [ -98.710309905004394, 16.615087716888119 ], [ -98.711098272946373, 16.614763246300921 ], [ -98.711313660404386, 16.614674140667482 ], [ -98.711530435393271, 16.614582786672777 ], [ -98.711624726623185, 16.614541386755484 ], [ -98.711847977355518, 16.614439541127453 ], [ -98.711917707090706, 16.614406115708618 ], [ -98.712019861895826, 16.614351976166038 ], [ -98.712096067587595, 16.614308059377102 ], [ -98.712349539140206, 16.61415725374307 ], [ -98.71242186925798, 16.614112797554899 ], [ -98.712505938463579, 16.614056141148968 ], [ -98.712553707223748, 16.614019659626688 ], [ -98.712692558829801, 16.613906068891318 ], [ -98.712746803484634, 16.613859095991778 ], [ -98.712861093624142, 16.613753479881236 ], [ -98.712970120519913, 16.613649572584379 ], [ -98.713364621696158, 16.613270287538533 ], [ -98.713471750859085, 16.613165462069734 ], [ -98.713577186643946, 16.613055562037868 ], [ -98.713620680109599, 16.613003387502243 ], [ -98.713718213821721, 16.6128698063721 ], [ -98.713746377789064, 16.612823839675738 ], [ -98.713780275989421, 16.612742909582288 ], [ -98.713800538021317, 16.61267326186077 ], [ -98.71386119589134, 16.61242916924213 ], [ -98.713876479728938, 16.612355777266984 ], [ -98.713887146523291, 16.612257374016313 ], [ -98.713887100973281, 16.612190189920245 ], [ -98.713876221631565, 16.611975067387448 ], [ -98.713868274204245, 16.611884202275096 ], [ -98.713842065571669, 16.611675287615743 ], [ -98.713812572140299, 16.611467703209325 ], [ -98.713701145229905, 16.610707890581118 ], [ -98.713669516583877, 16.610500074378741 ], [ -98.713633342689349, 16.610290078118464 ], [ -98.713613294304153, 16.610197899667948 ], [ -98.713555909099313, 16.609977729820223 ], [ -98.713533796922434, 16.609908150831462 ], [ -98.713487991921141, 16.609803618736553 ], [ -98.713444668398751, 16.609723866155619 ], [ -98.71328829719296, 16.609456219474293 ], [ -98.713239986280854, 16.609379129536489 ], [ -98.713170906342796, 16.609287023232422 ], [ -98.713120531620774, 16.609232532735113 ], [ -98.712954529651995, 16.609070349986169 ], [ -98.712882943767042, 16.609005685796319 ], [ -98.712714878251376, 16.608866102323997 ], [ -98.712546370702071, 16.608731361459597 ], [ -98.711928069413077, 16.608242153211979 ], [ -98.711750549536347, 16.608104424563905 ], [ -98.711540423030996, 16.607950900094032 ], [ -98.711417762058559, 16.607869308137197 ], [ -98.711055471009871, 16.607642069890797 ], [ -98.710911958994814, 16.607556711268092 ], [ -98.710604527119159, 16.607385609380906 ], [ -98.710308851049646, 16.607226536466317 ], [ -98.709236464821927, 16.606655295041261 ], [ -98.708903716470886, 16.606479617000133 ], [ -98.708423273930833, 16.60623103021733 ], [ -98.708069675840918, 16.606051584225117 ], [ -98.706899997579043, 16.605462753096802 ], [ -98.706394241009548, 16.60520958773073 ], [ -98.705203722054662, 16.6046169803422 ], [ -98.704008742430702, 16.604023558991525 ], [ -98.699622746003854, 16.60184681535786 ], [ -98.698427443838156, 16.601254162686239 ], [ -98.69723530727245, 16.60066524521816 ], [ -98.696727552021343, 16.60041659194659 ], [ -98.695550163897693, 16.59984512758119 ], [ -98.695192898498476, 16.599673930211814 ], [ -98.694703044522939, 16.599446476824024 ], [ -98.694360518453493, 16.599292740823653 ], [ -98.693251920190463, 16.598802756690244 ], [ -98.692944801048114, 16.598669359279107 ], [ -98.692620173460028, 16.598536825400977 ], [ -98.692463538618043, 16.598480888982149 ], [ -98.692057203671098, 16.598352386065788 ], [ -98.691915306674758, 16.598313912203206 ], [ -98.691659455388418, 16.598262870715072 ], [ -98.691435850569107, 16.59822842804434 ], [ -98.690648213187785, 16.598118735456531 ], [ -98.690432311623184, 16.598090138070194 ], [ -98.690212407830501, 16.598066377850216 ], [ -98.690114161067498, 16.598061032215409 ], [ -98.689875579935617, 16.598059846114136 ], [ -98.689798542590736, 16.598064320348531 ], [ -98.689677616092354, 16.598086386333403 ], [ -98.689581901277137, 16.598113434920965 ], [ -98.689256158445872, 16.598217595407114 ], [ -98.68916098605348, 16.598251585472248 ], [ -98.689042591221693, 16.598306045562222 ], [ -98.688968628139719, 16.598349855640233 ], [ -98.688741861750088, 16.598499842467689 ], [ -98.688649220918492, 16.598566226774977 ], [ -98.688443663433986, 16.598726033408276 ], [ -98.688242650484881, 16.598887944155639 ], [ -98.687510145013789, 16.59948371950491 ], [ -98.687310782359162, 16.599651352285047 ], [ -98.68711293127572, 16.599837864756378 ], [ -98.687029649745895, 16.599936678503205 ], [ -98.686838853590359, 16.600211296854379 ], [ -98.686781958381331, 16.600314243550212 ], [ -98.686707243794132, 16.600520043208807 ], [ -98.686657403844222, 16.600711096025655 ], [ -98.68649953139159, 16.601396876087719 ], [ -98.686456857169958, 16.601607694389358 ], [ -98.686415583878372, 16.601905733168561 ], [ -98.686399296302952, 16.602120684558535 ], [ -98.686364560809039, 16.602825752242254 ], [ -98.686355328433237, 16.603128809758768 ], [ -98.686346979622869, 16.603838010490424 ], [ -98.686344285101242, 16.604548096843107 ], [ -98.68634005908325, 16.607152632057911 ], [ -98.686338551936657, 16.607862033517215 ], [ -98.686335745022888, 16.60856803881283 ], [ -98.686333242328899, 16.608867216381022 ], [ -98.686324369979289, 16.609557373070928 ], [ -98.686320354216491, 16.609765249402532 ], [ -98.686310486383746, 16.610045182283596 ], [ -98.686300405233467, 16.61023721006779 ], [ -98.686263227554292, 16.610853406822862 ], [ -98.686251522368266, 16.611022473930952 ], [ -98.686234075991138, 16.611195257039295 ], [ -98.68622085779144, 16.611273022944957 ], [ -98.686176619202527, 16.61146314739058 ], [ -98.686157335580006, 16.611525064750186 ], [ -98.686111583956517, 16.611623887984301 ], [ -98.686065508095226, 16.611703146665697 ], [ -98.685896238770468, 16.611974197192342 ], [ -98.685848984709764, 16.612048191195981 ], [ -98.685797735351471, 16.61212244610412 ], [ -98.685771776066872, 16.612154530547823 ], [ -98.685701882087869, 16.612230003036867 ], [ -98.68567649069702, 16.612253367769057 ], [ -98.685627891541699, 16.612286930704936 ], [ -98.685583855563593, 16.612311513018625 ], [ -98.685426953418897, 16.612392667480112 ], [ -98.685379043825137, 16.612415642151738 ], [ -98.685312367933903, 16.612441702884976 ], [ -98.68526502625825, 16.612455957832587 ], [ -98.685110774302487, 16.612496420131077 ], [ -98.685044788006621, 16.612511892574378 ], [ -98.684891103923604, 16.612543635011964 ], [ -98.684737541499445, 16.612573508828866 ], [ -98.684174600601395, 16.612681176673426 ], [ -98.684017719455596, 16.612708642309588 ], [ -98.68384854868404, 16.612729148282675 ], [ -98.683763757334376, 16.612730976965739 ], [ -98.683537235180836, 16.612719004781322 ], [ -98.683455602103606, 16.612708380210854 ], [ -98.683301169914657, 16.61267077114692 ], [ -98.68316218562498, 16.612627668432086 ], [ -98.682668024943936, 16.612464130856448 ], [ -98.682517428220734, 16.612411399576843 ], [ -98.682308803784096, 16.612328858428125 ], [ -98.682161365612345, 16.61226367378497 ], [ -98.681681945814674, 16.612042019395272 ], [ -98.681477157324792, 16.611944355802244 ], [ -98.681000897535384, 16.611710246766897 ], [ -98.68052531572252, 16.611473468137781 ], [ -98.678782202669169, 16.61060260213744 ], [ -98.678330057037385, 16.610332675976963 ], [ -98.677963148376705, 16.609943894928104 ], [ -98.676784954085676, 16.608120248466811 ] ] ] ] } },
{ "type": "Feature", "properties": { "fid": 14.0, "cat": 15, "VULNERABIL": 5.0, "NOM_ACUIF": "MARQUELIA", "CLAVE_ACUI": "1234" }, "geometry": { "type": "MultiPolygon", "coordinates": [ [ [ [ -98.783254236036356, 16.55525415403951 ], [ -98.784225262405272, 16.555152378028801 ], [ -98.785187007937566, 16.555051570198497 ], [ -98.785369458322606, 16.555032445679103 ], [ -98.78782937264701, 16.554821399937918 ], [ -98.78794824625821, 16.55481120055477 ], [ -98.79064147833121, 16.554813104077859 ], [ -98.792281833553943, 16.555492082286598 ], [ -98.793571227588814, 16.555719043084689 ], [ -98.794624106378464, 16.555720948945595 ], [ -98.79592112972621, 16.555495891821497 ], [ -98.7976682987386, 16.556174869877061 ], [ -98.802825878618748, 16.557763600975939 ], [ -98.806280989094873, 16.557988913450458 ], [ -98.806335473124363, 16.557992465965913 ], [ -98.808914260358691, 16.557317295561965 ], [ -98.810554612805362, 16.556188202124105 ], [ -98.814193906014864, 16.554265689838093 ], [ -98.814583012942691, 16.554266084963491 ], [ -98.815534374683239, 16.554267051485144 ], [ -98.81573246823578, 16.554713792099854 ], [ -98.814673255415499, 16.55482133793457 ], [ -98.814204406300505, 16.555046930483435 ], [ -98.814203860700559, 16.555616474836725 ], [ -98.815965283231577, 16.55629606685428 ], [ -98.816379709959179, 16.556422929634344 ], [ -98.817136500954078, 16.556654593149645 ], [ -98.818542046710235, 16.557084840145876 ], [ -98.820151542519653, 16.557914099520193 ], [ -98.820528127318084, 16.558108124221626 ], [ -98.822288766567254, 16.559691701798517 ], [ -98.822332159208074, 16.559742989768459 ], [ -98.822532519032904, 16.55997980477084 ], [ -98.823337401981433, 16.560931127230965 ], [ -98.824506770553569, 16.563418223169442 ], [ -98.824518062075811, 16.563458293675936 ], [ -98.825207509182761, 16.565904919588551 ], [ -98.825320551507218, 16.56673681682183 ], [ -98.82556134707518, 16.568508848060862 ], [ -98.82590511395378, 16.571899280437123 ], [ -98.825321716347389, 16.5743848974077 ], [ -98.824025489760757, 16.577321929793321 ], [ -98.822307780179401, 16.579842736321606 ], [ -98.821931911053625, 16.580836856506675 ], [ -98.821509001531297, 16.582011743037473 ], [ -98.821448522172005, 16.582077243509836 ], [ -98.820758330624656, 16.582824731646522 ], [ -98.819585484211458, 16.583998966808082 ], [ -98.81891916445538, 16.584812021584312 ], [ -98.818300431084722, 16.584856684224579 ], [ -98.817689070659583, 16.587025838184715 ], [ -98.81777746898014, 16.587650038117864 ], [ -98.817893942384146, 16.588472476347878 ], [ -98.817929313210684, 16.590732598763715 ], [ -98.818018564737727, 16.591046699103291 ], [ -98.818174243596516, 16.591594572740799 ], [ -98.818042204391261, 16.59171696803206 ], [ -98.817970423660427, 16.591800298036954 ], [ -98.817843629651378, 16.591996194022304 ], [ -98.817822255657163, 16.592056787626074 ], [ -98.817849304531023, 16.592143661839884 ], [ -98.816941323764155, 16.59272853965436 ], [ -98.816919565395224, 16.592707341796235 ], [ -98.816898295775871, 16.592699047363944 ], [ -98.816820795926901, 16.592681537855277 ], [ -98.816785126881626, 16.592676968154109 ], [ -98.816696171179572, 16.592673152385053 ], [ -98.816604760650108, 16.592672270958612 ], [ -98.816267133883102, 16.59267197309476 ], [ -98.816121815631121, 16.592671844722251 ], [ -98.816014023185588, 16.592670719736709 ], [ -98.81590488966313, 16.592665817951914 ], [ -98.81585677707757, 16.592659940425751 ], [ -98.815741385213769, 16.59263741375112 ], [ -98.815704720104719, 16.592626741072863 ], [ -98.815649008119237, 16.592599461945348 ], [ -98.815606084684802, 16.592571164439423 ], [ -98.815461487395368, 16.592466388487587 ], [ -98.815419675977395, 16.592433286675401 ], [ -98.815369153236688, 16.592383587556949 ], [ -98.815338789308683, 16.592345690631824 ], [ -98.815247613775455, 16.592218537415974 ], [ -98.815210991608083, 16.592163015649461 ], [ -98.81513126368678, 16.592031067293767 ], [ -98.815053988895642, 16.59189809138994 ], [ -98.814830940715552, 16.591510096790827 ], [ -98.814773101915023, 16.5914094853112 ], [ -98.814697372869773, 16.591273535966089 ], [ -98.814624856849278, 16.591127711987156 ], [ -98.814596991507258, 16.591055341382948 ], [ -98.814539469267245, 16.590863435880433 ], [ -98.81452507335915, 16.590794814690035 ], [ -98.81451541463386, 16.59066648798062 ], [ -98.814516012353266, 16.590551785300491 ], [ -98.814528460391159, 16.590144832826699 ], [ -98.814535157283743, 16.590021058983606 ], [ -98.814553961427521, 16.589850400197133 ], [ -98.814574127583583, 16.589730375772284 ], [ -98.814649432000152, 16.589340920551841 ], [ -98.814684591495364, 16.589174814604029 ], [ -98.814773364692414, 16.588789108728086 ], [ -98.814865023786126, 16.588404206239986 ], [ -98.81520399018207, 16.586993700057338 ], [ -98.815298378194669, 16.58660685473442 ], [ -98.815399891998268, 16.586212083183039 ], [ -98.81545052395235, 16.586034969184819 ], [ -98.815585292486745, 16.58560320871868 ], [ -98.815633674177235, 16.585463110948719 ], [ -98.815724687107746, 16.585241081860907 ], [ -98.815806323821633, 16.585063995200422 ], [ -98.816096281241641, 16.584459619623395 ], [ -98.816184561250253, 16.584282538664191 ], [ -98.816306578141692, 16.584060536661124 ], [ -98.816392608009977, 16.583920471904531 ], [ -98.816672063247893, 16.583488838178628 ], [ -98.816791347320986, 16.583311784238308 ], [ -98.817068551162251, 16.58291716624888 ], [ -98.817345271819704, 16.582530479932586 ], [ -98.818359422732655, 16.581120558814934 ], [ -98.818635424668329, 16.580735700618931 ], [ -98.818909291125053, 16.58034961979196 ], [ -98.819024527751552, 16.580182934223579 ], [ -98.819288432232938, 16.579791149080304 ], [ -98.81936708473161, 16.579669992545469 ], [ -98.819470225782396, 16.579496380710722 ], [ -98.819538917649041, 16.579369520344727 ], [ -98.819756338180682, 16.578951117018374 ], [ -98.819815056038124, 16.578832790604242 ], [ -98.819871652701309, 16.578699004140748 ], [ -98.819893787266977, 16.578626207048856 ], [ -98.819940485229935, 16.5784202737516 ], [ -98.819952659379666, 16.578341772912736 ], [ -98.819962774166044, 16.578181368969485 ], [ -98.819965049715748, 16.578030721317262 ], [ -98.819965554160888, 16.577488102868262 ], [ -98.819961662640722, 16.577335161654027 ], [ -98.819942997798606, 16.577164054451206 ], [ -98.819920225272426, 16.577072556803568 ], [ -98.819832618445218, 16.576816674961805 ], [ -98.819791026795343, 16.576720177780174 ], [ -98.81968453924685, 16.576525739431833 ], [ -98.819574005967411, 16.576344467501052 ], [ -98.819164673079399, 16.575692969709685 ], [ -98.819035334981834, 16.575492460106457 ], [ -98.818841088762767, 16.575208246801516 ], [ -98.818692932301403, 16.5750027373766 ], [ -98.818195783451941, 16.574327906083681 ], [ -98.817978688093163, 16.57403762094577 ], [ -98.817462725364393, 16.573357788206842 ], [ -98.816942733656745, 16.572676882801129 ], [ -98.815032096041492, 16.570179147056994 ], [ -98.814510105135085, 16.569497661697273 ], [ -98.813984757613383, 16.568815142322439 ], [ -98.813756249535871, 16.568521600907722 ], [ -98.813215226112803, 16.567834260299037 ], [ -98.813046247213066, 16.567622816911665 ], [ -98.812798700577332, 16.567323422390327 ], [ -98.812614041463036, 16.567107159296221 ], [ -98.811999847828645, 16.566397325123528 ], [ -98.811824585823217, 16.566197621275638 ], [ -98.811620887655693, 16.565975505137821 ], [ -98.811505152091755, 16.565857900288275 ], [ -98.811168751366381, 16.565531193586857 ], [ -98.811037335407335, 16.565408769001337 ], [ -98.810760461393272, 16.565164161076751 ], [ -98.810496343431936, 16.56493714555689 ], [ -98.809540671419995, 16.564122345295424 ], [ -98.809277737880379, 16.563900134583715 ], [ -98.809006382201034, 16.563677953959424 ], [ -98.808881664361365, 16.563582763996866 ], [ -98.808571003510721, 16.563360724729794 ], [ -98.808467480666494, 16.563292783829553 ], [ -98.808295034580524, 16.563197765755628 ], [ -98.808152205897045, 16.563129966511013 ], [ -98.80765811871494, 16.562908587489254 ], [ -98.807511409420542, 16.562846657328997 ], [ -98.807320852619014, 16.562779029537907 ], [ -98.807195337869601, 16.562744348591337 ], [ -98.806800159330166, 16.562650131617307 ], [ -98.806635338843179, 16.562615591865427 ], [ -98.806261355033257, 16.562548623377598 ], [ -98.805891913087734, 16.562487493416629 ], [ -98.804541836228978, 16.562269183866078 ], [ -98.804173104390657, 16.56221079739888 ], [ -98.803802430895345, 16.562156641663233 ], [ -98.80364162900193, 16.562137663241398 ], [ -98.803261893617687, 16.562103252988301 ], [ -98.803143706220368, 16.562096950474931 ], [ -98.802971900326071, 16.562101949332245 ], [ -98.802844650710085, 16.562115393061024 ], [ -98.80242262492078, 16.562173131170027 ], [ -98.802302564952981, 16.562193522321195 ], [ -98.80216431100753, 16.562230943382215 ], [ -98.802086865337529, 16.562264010923919 ], [ -98.801863706025955, 16.56238090496598 ], [ -98.801777197891539, 16.562433718752438 ], [ -98.801596652591982, 16.562563289097255 ], [ -98.801425238711388, 16.562695575711171 ], [ -98.800805850826023, 16.56318334184343 ], [ -98.800635262382528, 16.563319404142579 ], [ -98.800458572590443, 16.563466596464494 ], [ -98.800376747195159, 16.563540809005008 ], [ -98.80017158504927, 16.563739941838413 ], [ -98.800102679085427, 16.563812030982636 ], [ -98.799986280222313, 16.563949314241672 ], [ -98.799888902033345, 16.564073344018119 ], [ -98.799550868509996, 16.564514866069658 ], [ -98.799450157062267, 16.564649570785019 ], [ -98.79931820461249, 16.564836671038492 ], [ -98.799230412577359, 16.564969252409711 ], [ -98.798952668263254, 16.565400865032522 ], [ -98.798836403130935, 16.565585386776664 ], [ -98.798571576865797, 16.566014875647461 ], [ -98.798309517959041, 16.566443909187022 ], [ -98.797351393874735, 16.568016574134173 ], [ -98.797089449236026, 16.568444576414887 ], [ -98.796825173800983, 16.568869258145924 ], [ -98.796709582911504, 16.569047944299012 ], [ -98.796434434194126, 16.569457131266038 ], [ -98.796347875129442, 16.569579072308933 ], [ -98.796219082124694, 16.56973894372906 ], [ -98.796121651184492, 16.569845390421335 ], [ -98.795795765909148, 16.570182269959336 ], [ -98.795702226203986, 16.570273236646155 ], [ -98.79559159348328, 16.570360868600265 ], [ -98.795527086499987, 16.570395090439245 ], [ -98.795336686607698, 16.570467160330235 ], [ -98.795261307965703, 16.570485887790515 ], [ -98.79509994093236, 16.570501212744972 ], [ -98.794944795249975, 16.570504378001871 ], [ -98.794382149126577, 16.570503823399701 ], [ -98.794228431172996, 16.570503099560423 ], [ -98.794073726836899, 16.570500277098894 ], [ -98.794006438596071, 16.570496968928214 ], [ -98.793847131151566, 16.570484353255829 ], [ -98.793797377189023, 16.570478392780871 ], [ -98.793724499468624, 16.570463192961892 ], [ -98.793670142406953, 16.570447439407818 ], [ -98.793489353899531, 16.570389122561807 ], [ -98.793437767842974, 16.570370702105993 ], [ -98.79337782136318, 16.570343056909184 ], [ -98.793343769589342, 16.570321984232791 ], [ -98.793244807824721, 16.570251290255165 ], [ -98.793206153001776, 16.570220424497123 ], [ -98.793124725586068, 16.5701470782797 ], [ -98.793047055569332, 16.570073163708688 ], [ -98.792766023347795, 16.569801575051553 ], [ -98.792688830832518, 16.569725143781863 ], [ -98.792609630879909, 16.569640053391268 ], [ -98.792573680568196, 16.56959492697904 ], [ -98.79248511242659, 16.569469427441138 ], [ -98.792455992263825, 16.569422350113694 ], [ -98.792408666270873, 16.569328155473134 ], [ -98.792370177889524, 16.569240669025515 ], [ -98.792237891665721, 16.568926593530126 ], [ -98.792198859554063, 16.56883002990568 ], [ -98.792148995708231, 16.568693475199577 ], [ -98.792116793749145, 16.56859496067435 ], [ -98.792016381943583, 16.568271780904094 ], [ -98.791974811994947, 16.568132857226122 ], [ -98.791881230694017, 16.567807726502824 ], [ -98.791789113278057, 16.567482177686724 ], [ -98.791452815583241, 16.566288080247162 ], [ -98.791357498885517, 16.565960354197387 ], [ -98.791248983082852, 16.565625063750243 ], [ -98.791189277014766, 16.565473803474145 ], [ -98.791019164666452, 16.565103212583288 ], [ -98.790953890220564, 16.564982201997623 ], [ -98.790819388260203, 16.564788076856818 ], [ -98.790692517153147, 16.564631765764879 ], [ -98.790234955315469, 16.564096438587217 ], [ -98.79009369255148, 16.56393904480689 ], [ -98.789892026877737, 16.563739868167559 ], [ -98.789745195791383, 16.563612723885484 ], [ -98.789261650673595, 16.563218559983206 ], [ -98.789053224308176, 16.563056114336529 ], [ -98.788564112976161, 16.562692198539029 ], [ -98.788073810111726, 16.562334763677736 ], [ -98.786274855037988, 16.561030641457858 ], [ -98.785784915371153, 16.560674231315474 ], [ -98.785297471686619, 16.560315114872804 ], [ -98.785091061980467, 16.560158502324622 ], [ -98.784615260380278, 16.559786760241419 ], [ -98.784472101372515, 16.559670256281283 ], [ -98.784279826699816, 16.559498313764685 ], [ -98.784148307606017, 16.559369185571072 ], [ -98.783726827436425, 16.558938529442937 ], [ -98.783611356654617, 16.558815290659826 ], [ -98.783493972145649, 16.558670832941516 ], [ -98.783441750684986, 16.558587703598494 ], [ -98.783315435129168, 16.558344224375194 ], [ -98.783274853318545, 16.558248471029341 ], [ -98.783211786979393, 16.5580451013399 ], [ -98.783162274068715, 16.557850326552977 ], [ -98.78299428080274, 16.557144747147429 ], [ -98.782952357534739, 16.556952497241394 ], [ -98.782924708191672, 16.556760910517159 ], [ -98.782927132327345, 16.5566794651116 ], [ -98.782966094224477, 16.556490973273526 ], [ -98.783254236036356, 16.55525415403951 ] ] ] ] } },
{ "type": "Feature", "properties": { "fid": 14.0, "cat": 15, "VULNERABIL": 5.0, "NOM_ACUIF": "MARQUELIA", "CLAVE_ACUI": "1234" }, "geometry": { "type": "MultiPolygon", "coordinates": [ [ [ [ -98.824869496831454, 16.554490460468038 ], [ -98.824961952152165, 16.554496754454547 ], [ -98.825263313936262, 16.554531889970185 ], [ -98.825347458386801, 16.554546185610299 ], [ -98.825438770654543, 16.554577763321582 ], [ -98.825485072302484, 16.55460857871768 ], [ -98.825609834461275, 16.55472080616714 ], [ -98.82565519481858, 16.554772443591443 ], [ -98.82574211430925, 16.554901190811684 ], [ -98.82582092472326, 16.555033477970252 ], [ -98.826101787948787, 16.555522070610202 ], [ -98.826179885365036, 16.555656302026467 ], [ -98.826263475966456, 16.555794122877085 ], [ -98.826304793626349, 16.555856778408671 ], [ -98.82641401880467, 16.556011350024434 ], [ -98.826452948207233, 16.556062257313751 ], [ -98.8265253935065, 16.55614525306796 ], [ -98.826589957409567, 16.556212911131009 ], [ -98.826818810620352, 16.556445652867168 ], [ -98.826888356039007, 16.556514382814303 ], [ -98.826984047834671, 16.556602380957344 ], [ -98.82705120497296, 16.556659362644492 ], [ -98.827268913346145, 16.55683727893053 ], [ -98.827361705253537, 16.556911011226322 ], [ -98.827516930129846, 16.557030801866105 ], [ -98.827577025763134, 16.557077178990376 ], [ -98.827791834832539, 16.557240829062223 ], [ -98.828578959374482, 16.557838359970425 ], [ -98.828793414257674, 16.558002008721449 ], [ -98.829007076441243, 16.558168173649854 ], [ -98.829097852999212, 16.558241903521331 ], [ -98.829307814764292, 16.558419811330907 ], [ -98.829371295792072, 16.55847678926165 ], [ -98.829457578636635, 16.558564778568552 ], [ -98.829517358819587, 16.558633499649446 ], [ -98.829521185634988, 16.558638121209576 ], [ -98.829710050394823, 16.558866208633059 ], [ -98.829763188591329, 16.558933856378289 ], [ -98.829818475014818, 16.559016836972056 ], [ -98.8298443174033, 16.559067732940985 ], [ -98.829909628826741, 16.559222266864673 ], [ -98.829931770341972, 16.559284906024221 ], [ -98.829969785959278, 16.559422688186633 ], [ -98.830001952493873, 16.559556880684546 ], [ -98.830114047674854, 16.560045330136774 ], [ -98.830146213706868, 16.560180323484445 ], [ -98.830184226372538, 16.560321843030259 ], [ -98.83020636412418, 16.560389020465418 ], [ -98.830271661002612, 16.560560995608604 ], [ -98.830297496468347, 16.560620167257348 ], [ -98.830352765062941, 16.560724326479239 ], [ -98.830405884760594, 16.560813953710035 ], [ -98.830598508429475, 16.561128054797376 ], [ -98.830658267337284, 16.561222492630396 ], [ -98.830744518262634, 16.561349101518818 ], [ -98.830807974961175, 16.561435533524648 ], [ -98.831017855590218, 16.56171227388932 ], [ -98.831108596967098, 16.561829161311124 ], [ -98.831322176092769, 16.562097895577196 ], [ -98.831536548160543, 16.562364914094999 ], [ -98.832323376464672, 16.563342264564199 ], [ -98.832538225305868, 16.563609854482564 ], [ -98.832754020487698, 16.563881258644262 ], [ -98.832847450072833, 16.564001389110505 ], [ -98.83306765965348, 16.564290593785366 ], [ -98.833136016639315, 16.564382940246208 ], [ -98.83323480601554, 16.56452468583565 ], [ -98.83330757672482, 16.564634833071302 ], [ -98.833548384463541, 16.565007107771837 ], [ -98.833616728484415, 16.565115115685419 ], [ -98.833694859014912, 16.565246878068656 ], [ -98.833738130003425, 16.565327102142653 ], [ -98.833861930875273, 16.565569718743241 ], [ -98.833909615643847, 16.565667743597789 ], [ -98.834008343636938, 16.565882576334907 ], [ -98.834101698987354, 16.566091455362663 ], [ -98.834438630754335, 16.566851391101764 ], [ -98.834530325398873, 16.56706118389566 ], [ -98.834621300506726, 16.567280281518876 ], [ -98.834659570169023, 16.5673834853594 ], [ -98.834747186837177, 16.567646005659327 ], [ -98.834773288585041, 16.567735673880446 ], [ -98.834807479964013, 16.567891605299664 ], [ -98.834830223048883, 16.568024696248781 ], [ -98.834902166236517, 16.568489855904179 ], [ -98.834921582274532, 16.568629351226068 ], [ -98.834940247081676, 16.568815169762455 ], [ -98.834947495038264, 16.568941129494029 ], [ -98.834962654041121, 16.569343123031391 ], [ -98.834966543307274, 16.569512505489264 ], [ -98.83496953418252, 16.569900963422995 ], [ -98.83496991758571, 16.570286520860694 ], [ -98.834968715851673, 16.571697330862413 ], [ -98.834967913067388, 16.5720826584717 ], [ -98.834965368534995, 16.57247004408714 ], [ -98.834962536276649, 16.572638124509652 ], [ -98.834951863582845, 16.573035114198333 ], [ -98.834946854677426, 16.573158699670895 ], [ -98.834934152495265, 16.573338442194792 ], [ -98.834921015416171, 16.573471631755474 ], [ -98.83487241110403, 16.57391344049778 ], [ -98.834857065770436, 16.57403915343605 ], [ -98.834834058644745, 16.574184005088849 ], [ -98.834816536660767, 16.574265223083653 ], [ -98.834757774461551, 16.574499388728849 ], [ -98.834732124206411, 16.574590210797634 ], [ -98.83467118522934, 16.57477988147388 ], [ -98.834609779725426, 16.574960017498647 ], [ -98.834384158825458, 16.575610981436871 ], [ -98.834319666650245, 16.575792945480192 ], [ -98.834244324903509, 16.575991147239201 ], [ -98.834201186077507, 16.576092328577722 ], [ -98.834075213179375, 16.576366306365561 ], [ -98.834025800481342, 16.576466414827006 ], [ -98.833921180879258, 16.576659609876664 ], [ -98.833821136891288, 16.576835494309684 ], [ -98.833458883243225, 16.577463092897577 ], [ -98.833346644425845, 16.577654984878436 ], [ -98.833185118087158, 16.577922882536971 ], [ -98.833066604982761, 16.578113701490921 ], [ -98.832675068904308, 16.578736291883377 ], [ -98.83250592257366, 16.579002886189983 ], [ -98.832108109087429, 16.579624402547072 ], [ -98.831708948648, 16.580245688174962 ], [ -98.830243993948557, 16.582523498493448 ], [ -98.82984458370737, 16.583145352125001 ], [ -98.829445643406729, 16.583769531673138 ], [ -98.829275140718181, 16.584039363685076 ], [ -98.828878401786639, 16.584674400196736 ], [ -98.828757423083317, 16.58487112571018 ], [ -98.828589596021544, 16.585154142002306 ], [ -98.828470821771745, 16.585361725479334 ], [ -98.828084367627895, 16.586047431691071 ], [ -98.827976677548477, 16.5862416760699 ], [ -98.827860579499358, 16.586462444060945 ], [ -98.827802415345431, 16.586583582563037 ], [ -98.827647080499304, 16.586928127544979 ], [ -98.827591121088474, 16.587060124132737 ], [ -98.827485312174048, 16.587331563268783 ], [ -98.827390115841951, 16.587587336845854 ], [ -98.827051673406984, 16.588509507372677 ], [ -98.826956599055109, 16.58876024673377 ], [ -98.826851362997871, 16.589008193590029 ], [ -98.826796100286401, 16.589111664053821 ], [ -98.826643443629337, 16.589346579325998 ], [ -98.826586550451651, 16.589415699674255 ], [ -98.826473705777076, 16.58950334606245 ], [ -98.826369392260304, 16.589559434808923 ], [ -98.825995440179895, 16.589733535528847 ], [ -98.825880615605342, 16.589779470804643 ], [ -98.825855805627555, 16.589785641179404 ], [ -98.825839261222413, 16.5897693864022 ], [ -98.825799225021129, 16.589739898441611 ], [ -98.825713070268463, 16.589701206269527 ], [ -98.825630028260292, 16.589675419677061 ], [ -98.825419454935115, 16.589618373212392 ], [ -98.825328653777333, 16.589593774175242 ], [ -98.825235088580271, 16.589571716015502 ], [ -98.825099825338569, 16.589550423649243 ], [ -98.825000157322464, 16.589542064138001 ], [ -98.824670303177029, 16.589524345187922 ], [ -98.824527629370536, 16.589519686635892 ], [ -98.824191672390981, 16.589515665664376 ], [ -98.823854407656555, 16.589514579589903 ], [ -98.822616462584605, 16.589513528072043 ], [ -98.822277772040806, 16.589514726444783 ], [ -98.821935161176356, 16.589521374497192 ], [ -98.821784407616775, 16.589529673717816 ], [ -98.821423501811793, 16.58956175532348 ], [ -98.821309100079475, 16.589577026316725 ], [ -98.821136131160628, 16.589616209639182 ], [ -98.821003434405498, 16.589656914801981 ], [ -98.820557151425163, 16.589807688407202 ], [ -98.820428323741169, 16.589855337462602 ], [ -98.820273411210707, 16.589926926631449 ], [ -98.820180935288917, 16.589981547850162 ], [ -98.819904293269786, 16.590164857544597 ], [ -98.819793521947261, 16.590244912814139 ], [ -98.819553231158622, 16.590435194432558 ], [ -98.819373448492811, 16.590583485543668 ], [ -98.819093715334716, 16.588618168669374 ], [ -98.819329549393686, 16.587036309150772 ], [ -98.820033876192497, 16.585680863960391 ], [ -98.821198245777168, 16.584462817668125 ], [ -98.821441357673208, 16.584208495672183 ], [ -98.822379901750736, 16.58297076758026 ], [ -98.822615287525181, 16.581840921530976 ], [ -98.82331967938606, 16.580367939333239 ], [ -98.824614914135225, 16.578560958995197 ], [ -98.825554021018903, 16.576645187466507 ], [ -98.826122747998909, 16.575230290356199 ], [ -98.826371357440877, 16.574611784725278 ], [ -98.826841654372089, 16.572804099602898 ], [ -98.827077912936517, 16.570652684193213 ], [ -98.826977975839725, 16.570185434558411 ], [ -98.826458369745467, 16.567756012289131 ], [ -98.826377838341003, 16.567379481607677 ], [ -98.826369038932498, 16.56722648506992 ], [ -98.826267085267034, 16.565453786291027 ], [ -98.825912528597271, 16.56364541213032 ], [ -98.825880624837396, 16.563589087377089 ], [ -98.825455352114673, 16.56283828259301 ], [ -98.825210663985999, 16.562406290853783 ], [ -98.824436621474945, 16.560812475369936 ], [ -98.824275106913404, 16.560479900304994 ], [ -98.822952503587217, 16.559201976943417 ], [ -98.822402176936635, 16.558670233903776 ], [ -98.821708011220281, 16.557738571961892 ], [ -98.820885655315152, 16.556634847319334 ], [ -98.819700119697657, 16.555652930351982 ], [ -98.81924668916561, 16.555277373217486 ], [ -98.818686074707472, 16.555209286323095 ], [ -98.817372366717507, 16.555049729772115 ], [ -98.81573246823578, 16.554713792099854 ], [ -98.815534374683239, 16.554267051485144 ], [ -98.816070775995186, 16.554267594520201 ], [ -98.818649566207299, 16.554948478745047 ], [ -98.820633249628145, 16.554723420637625 ], [ -98.822975520888662, 16.553937630746493 ], [ -98.823393641874659, 16.553819721556209 ], [ -98.823519743554641, 16.553784160968764 ], [ -98.824739400379102, 16.554496224261193 ], [ -98.824869496831454, 16.554490460468038 ] ] ] ] } },
{ "type": "Feature", "properties": { "fid": 13.0, "cat": 13, "VULNERABIL": 4.0, "NOM_ACUIF": "MARQUELIA", "CLAVE_ACUI": "1234" }, "geometry": { "type": "MultiPolygon", "coordinates": [ [ [ [ -98.823714487005617, 16.593431846892095 ], [ -98.823476287421585, 16.593381698243086 ], [ -98.822922669679613, 16.593301792778693 ], [ -98.822369986991433, 16.593237789750049 ], [ -98.820344421473322, 16.593019003357671 ], [ -98.819792684795928, 16.592960257210912 ], [ -98.819761747423001, 16.592957139268844 ], [ -98.819447618886642, 16.591104576752507 ], [ -98.819373448492811, 16.590583485543668 ], [ -98.819553231158622, 16.590435194432558 ], [ -98.819793521947261, 16.590244912814139 ], [ -98.819904293269786, 16.590164857544597 ], [ -98.820180935288917, 16.589981547850162 ], [ -98.820273411210707, 16.589926926631449 ], [ -98.820428323741169, 16.589855337462602 ], [ -98.820557151425163, 16.589807688407202 ], [ -98.821003434405498, 16.589656914801981 ], [ -98.821136131160628, 16.589616209639182 ], [ -98.821309100079475, 16.589577026316725 ], [ -98.821423501811793, 16.58956175532348 ], [ -98.821784407616775, 16.589529673717816 ], [ -98.821935161176356, 16.589521374497192 ], [ -98.822277772040806, 16.589514726444783 ], [ -98.822616462584605, 16.589513528072043 ], [ -98.823854407656555, 16.589514579589903 ], [ -98.824191672390981, 16.589515665664376 ], [ -98.824527629370536, 16.589519686635892 ], [ -98.824670303177029, 16.589524345187922 ], [ -98.825000157322464, 16.589542064138001 ], [ -98.825099825338569, 16.589550423649243 ], [ -98.825235088580271, 16.589571716015502 ], [ -98.825328653777333, 16.589593774175242 ], [ -98.825419454935115, 16.589618373212392 ], [ -98.825630028260292, 16.589675419677061 ], [ -98.825713070268463, 16.589701206269527 ], [ -98.825799225021129, 16.589739898441611 ], [ -98.825839261222413, 16.5897693864022 ], [ -98.825855805627555, 16.589785641179404 ], [ -98.825939942117088, 16.589868304704879 ], [ -98.825973875556102, 16.589911491418125 ], [ -98.826031550684576, 16.59001411113017 ], [ -98.826080010317057, 16.590117524000256 ], [ -98.826248480501164, 16.590497497604481 ], [ -98.826293854435761, 16.590602166365326 ], [ -98.826337128911021, 16.590710647059908 ], [ -98.826353575621198, 16.590760950727557 ], [ -98.826387052456994, 16.590887220483964 ], [ -98.826395200967283, 16.590929686434443 ], [ -98.826399750488676, 16.591001591117209 ], [ -98.826398101290664, 16.591061846142189 ], [ -98.826385855492504, 16.591271131573183 ], [ -98.826380328577955, 16.591333519030844 ], [ -98.82636678211847, 16.59141537507109 ], [ -98.826352956944504, 16.591469924813161 ], [ -98.826301985876555, 16.59164263422705 ], [ -98.826278362907189, 16.591714973031515 ], [ -98.826219093445459, 16.591879844702564 ], [ -98.826158045681865, 16.592043036841361 ], [ -98.825932424787482, 16.592639728319828 ], [ -98.82586675051536, 16.59280154355617 ], [ -98.825785892246913, 16.592959990003248 ], [ -98.825736054773017, 16.593024526844065 ], [ -98.825584338108385, 16.59316725227244 ], [ -98.825522710286833, 16.593207574922932 ], [ -98.825386830548439, 16.593253021878823 ], [ -98.825254344451849, 16.593277623394858 ], [ -98.825135197882489, 16.593294754797359 ], [ -98.82511036032561, 16.593303138749459 ], [ -98.82471533037787, 16.59343648116262 ], [ -98.824481213545596, 16.593515506888632 ], [ -98.824272467584066, 16.593585968443762 ], [ -98.823714487005617, 16.593431846892095 ] ] ] ] } },
{ "type": "Feature", "properties": { "fid": 13.0, "cat": 13, "VULNERABIL": 4.0, "NOM_ACUIF": "MARQUELIA", "CLAVE_ACUI": "1234" }, "geometry": { "type": "MultiPolygon", "coordinates": [ [ [ [ -98.816198747525021, 16.595655181363298 ], [ -98.815983613701093, 16.595538669312706 ], [ -98.815976564834585, 16.595520420913768 ], [ -98.815952525723276, 16.595439006968832 ], [ -98.815945487531451, 16.595409546321264 ], [ -98.815936681738521, 16.595353477245798 ], [ -98.815931140226709, 16.595302839214071 ], [ -98.815914085646426, 16.595122597472628 ], [ -98.815907097265793, 16.595040812999901 ], [ -98.815891539403211, 16.594839393868323 ], [ -98.81588377929782, 16.59473450208079 ], [ -98.815876302286739, 16.594633436721068 ], [ -98.815820753832966, 16.593873722461677 ], [ -98.815806348155959, 16.593666965152007 ], [ -98.815794669885207, 16.593461812003515 ], [ -98.815792392295478, 16.593375493390223 ], [ -98.815793441797965, 16.593177826343794 ], [ -98.815796490446402, 16.593118920188644 ], [ -98.815809667966022, 16.593041691845787 ], [ -98.81582544434012, 16.592990271795895 ], [ -98.815885889843656, 16.592827539893975 ], [ -98.815905534886426, 16.592783598099672 ], [ -98.815936766303324, 16.592741268304625 ], [ -98.815961737574483, 16.592724738962346 ], [ -98.81604703874612, 16.592689931808327 ], [ -98.816084737724466, 16.592680888543153 ], [ -98.816175365132963, 16.592673493790507 ], [ -98.816267133883102, 16.59267197309476 ], [ -98.816604760650108, 16.592672270958612 ], [ -98.816696171179572, 16.592673152385053 ], [ -98.816785126881626, 16.592676968154109 ], [ -98.816820795926901, 16.592681537855277 ], [ -98.816898295775871, 16.592699047363944 ], [ -98.816919565395224, 16.592707341796235 ], [ -98.816941323764155, 16.59272853965436 ], [ -98.817849304531023, 16.592143661839884 ], [ -98.817822255657163, 16.592056787626074 ], [ -98.817843629651378, 16.591996194022304 ], [ -98.817970423660427, 16.591800298036954 ], [ -98.818042204391261, 16.59171696803206 ], [ -98.818174243596516, 16.591594572740799 ], [ -98.818474723114122, 16.592652027845919 ], [ -98.818530781279989, 16.592849307845096 ], [ -98.818473218791581, 16.592845076532477 ], [ -98.818311233312485, 16.592836379758729 ], [ -98.818092711661464, 16.592835298963884 ], [ -98.817942523331396, 16.592842451759829 ], [ -98.817460166008715, 16.592876911728368 ], [ -98.817327690125609, 16.592889952707377 ], [ -98.817191826735638, 16.59291635126678 ], [ -98.817130212062835, 16.592941022571669 ], [ -98.816978540250986, 16.593029756754113 ], [ -98.81692872256599, 16.593070277917086 ], [ -98.816847911880885, 16.593170642543406 ], [ -98.816782285688092, 16.593273499409456 ], [ -98.816556840317375, 16.593653133349431 ], [ -98.816495483618084, 16.593757595632997 ], [ -98.816434598224319, 16.593865452499852 ], [ -98.816408975835088, 16.593915071468484 ], [ -98.816350290074652, 16.594038769789055 ], [ -98.816332796401724, 16.594080031221374 ], [ -98.816309845057731, 16.594148886261056 ], [ -98.816294551094984, 16.594205989171314 ], [ -98.816246130561524, 16.594403614371668 ], [ -98.816233049810805, 16.59446232098156 ], [ -98.816220426895953, 16.594538659969537 ], [ -98.816215474915765, 16.594589009057476 ], [ -98.816204988584659, 16.59474763247885 ], [ -98.816202236322312, 16.594813823047318 ], [ -98.816199878770675, 16.59496408894605 ], [ -98.816199263102106, 16.595112563945783 ], [ -98.816199125581704, 16.595257298828951 ], [ -98.816198838102778, 16.595559854570102 ], [ -98.81619882423378, 16.595574450767032 ], [ -98.816198747525021, 16.595655181363298 ] ] ] ] } },
{ "type": "Feature", "properties": { "fid": 7.0, "cat": 8, "VULNERABIL": 3.0, "NOM_ACUIF": "MARQUELIA", "CLAVE_ACUI": "1234" }, "geometry": { "type": "MultiPolygon", "coordinates": [ [ [ [ -98.833328420444829, 16.621815560654632 ], [ -98.833294030563323, 16.621895684031337 ], [ -98.833225875107004, 16.622086118709987 ], [ -98.833162899967562, 16.622278044859584 ], [ -98.832937170507648, 16.622983265375105 ], [ -98.832876684396737, 16.62317793927194 ], [ -98.832820146280497, 16.623381197116231 ], [ -98.832799863741599, 16.623476891584819 ], [ -98.832761750022996, 16.623720207931427 ], [ -98.832754030662201, 16.623803276495401 ], [ -98.832756120758432, 16.623947613454369 ], [ -98.832766825987875, 16.624070740545324 ], [ -98.832814693751672, 16.624500996662338 ], [ -98.832832039323748, 16.62463000216345 ], [ -98.832865117473858, 16.624801771730034 ], [ -98.83289502641307, 16.624918151321964 ], [ -98.83299100648847, 16.625252815651699 ], [ -98.832851888724733, 16.624962868329522 ], [ -98.831868268400584, 16.623967636909388 ], [ -98.831406196794916, 16.623706452010136 ], [ -98.830987358620078, 16.623469703209363 ], [ -98.829618504613691, 16.623423383183205 ], [ -98.828259107733544, 16.623286658555649 ], [ -98.827659650389137, 16.62260813650817 ], [ -98.827258887369354, 16.621661230331714 ], [ -98.827274984394151, 16.621654263263629 ], [ -98.828513617444273, 16.621112672567374 ], [ -98.828852255640371, 16.62096527742893 ], [ -98.829193938042792, 16.620819028340581 ], [ -98.829343417919887, 16.620757496592514 ], [ -98.829699308276375, 16.620616597494344 ], [ -98.829811298919822, 16.620574611594076 ], [ -98.829978031821341, 16.620519576783259 ], [ -98.83010423103805, 16.620482941511412 ], [ -98.830526427568486, 16.6203670112777 ], [ -98.830647637991973, 16.620335710764802 ], [ -98.830791090380842, 16.620305572402437 ], [ -98.830874811965913, 16.620293818143672 ], [ -98.831122060297318, 16.620269103179897 ], [ -98.831219990552086, 16.62026269949147 ], [ -98.831429750107375, 16.620257530626322 ], [ -98.831631476365189, 16.620256550094457 ], [ -98.832363106036681, 16.620257141708692 ], [ -98.832561744045378, 16.620259590099653 ], [ -98.832757091744071, 16.620270425762726 ], [ -98.832837521879995, 16.620283457025444 ], [ -98.833017514858653, 16.620333433938786 ], [ -98.833069324464105, 16.620357120429812 ], [ -98.833131109610306, 16.620417680557718 ], [ -98.833167564508599, 16.620480508540492 ], [ -98.833262962236006, 16.620685358968753 ], [ -98.8332759023547, 16.620713145640661 ], [ -98.83330293406155, 16.620786644358738 ], [ -98.833320744035547, 16.620897001310762 ], [ -98.833319155129956, 16.620981155383976 ], [ -98.833293930203979, 16.621263517434848 ], [ -98.833276986486524, 16.62138681302892 ], [ -98.8333564376845, 16.621759886357925 ], [ -98.833328420444829, 16.621815560654632 ] ] ] ] } },
{ "type": "Feature", "properties": { "fid": 7.0, "cat": 8, "VULNERABIL": 3.0, "NOM_ACUIF": "MARQUELIA", "CLAVE_ACUI": "1234" }, "geometry": { "type": "MultiPolygon", "coordinates": [ [ [ [ -98.830253643522738, 16.625055610151502 ], [ -98.83000878309781, 16.625086660925774 ], [ -98.829766686158365, 16.62512377743364 ], [ -98.82966569385809, 16.625145750446123 ], [ -98.829634684578167, 16.625154601920695 ], [ -98.829546763758245, 16.625107477319141 ], [ -98.829465988341283, 16.625110576957624 ], [ -98.829219363686931, 16.625108897440413 ], [ -98.829188606793153, 16.625108687965014 ], [ -98.829100929826964, 16.625102844469332 ], [ -98.828969152215564, 16.625077463989676 ], [ -98.828868575473649, 16.625047049647478 ], [ -98.828530995184948, 16.624930496249213 ], [ -98.828433747917984, 16.62489260962473 ], [ -98.828377431985956, 16.624863419584354 ], [ -98.82831750742146, 16.624832359067675 ], [ -98.828248696832773, 16.624784173487022 ], [ -98.82804382141687, 16.624619557918052 ], [ -98.827995853230135, 16.624576845990013 ], [ -98.827962111323927, 16.62454680143696 ], [ -98.827785672954306, 16.62437188679214 ], [ -98.827615328446583, 16.624194765117657 ], [ -98.826996828118638, 16.623543110920043 ], [ -98.82683075828561, 16.62336461923412 ], [ -98.826674263705058, 16.623183313278034 ], [ -98.826616769631514, 16.623102796554576 ], [ -98.826504958493302, 16.622908357835584 ], [ -98.82649115234419, 16.622873448274884 ], [ -98.826290722188503, 16.622652197948685 ], [ -98.827274226007489, 16.623737858911021 ], [ -98.827832532548882, 16.62397766693006 ], [ -98.828117743891212, 16.62410017223991 ], [ -98.828923840929519, 16.624372047940383 ], [ -98.829945828087489, 16.624372887191232 ], [ -98.830986329977534, 16.624644946697199 ], [ -98.831233468351073, 16.624939812343243 ], [ -98.83115422803381, 16.624947820840987 ], [ -98.830597356677259, 16.625014472229257 ], [ -98.830253643522738, 16.625055610151502 ] ] ] ] } },
{ "type": "Feature", "properties": { "fid": 9.0, "cat": 11, "VULNERABIL": 3.0, "NOM_ACUIF": "MARQUELIA", "CLAVE_ACUI": "1234" }, "geometry": { "type": "MultiPolygon", "coordinates": [ [ [ [ -98.824372542350531, 16.607039082114248 ], [ -98.824460621271086, 16.607040064110873 ], [ -98.823446507276032, 16.6057443518553 ], [ -98.823354490626272, 16.603845799186985 ], [ -98.823123546601138, 16.600093854629634 ], [ -98.822434290070561, 16.598394538215388 ], [ -98.822188181215623, 16.597787765353228 ], [ -98.820457085621101, 16.594305739188542 ], [ -98.819792577683089, 16.59313895780058 ], [ -98.819761747423001, 16.592957139268844 ], [ -98.819792684795928, 16.592960257210912 ], [ -98.820344421473322, 16.593019003357671 ], [ -98.822369986991433, 16.593237789750049 ], [ -98.822922669679613, 16.593301792778693 ], [ -98.823476287421585, 16.593381698243086 ], [ -98.823714487005617, 16.593431846892095 ], [ -98.824272467584066, 16.593585968443762 ], [ -98.824444212899579, 16.593649052109431 ], [ -98.82468771012735, 16.593789321730206 ], [ -98.824863818111012, 16.593926623230782 ], [ -98.825442159743602, 16.594427093144763 ], [ -98.825604963345171, 16.594583069960738 ], [ -98.825786370292789, 16.594810492731479 ], [ -98.825882719392482, 16.594979405657234 ], [ -98.82605843143952, 16.595346809092216 ], [ -98.826150942254827, 16.595540243083967 ], [ -98.826251654948308, 16.59578337397453 ], [ -98.826453424436636, 16.596357147458651 ], [ -98.826640954593202, 16.596933692856371 ], [ -98.82731433393765, 16.599050463192604 ], [ -98.827497358898967, 16.599628720135232 ], [ -98.827678087870552, 16.600210483589489 ], [ -98.827753246401926, 16.600463317424495 ], [ -98.827923257221016, 16.601061445209904 ], [ -98.827973004480498, 16.601248052217031 ], [ -98.828035147015058, 16.601520757216171 ], [ -98.828074174792675, 16.60172372878252 ], [ -98.828194162277072, 16.602398224377129 ], [ -98.828225447838534, 16.602590511165989 ], [ -98.828251459181558, 16.602813353978647 ], [ -98.828257332636042, 16.602939414070153 ], [ -98.828258730711468, 16.603304851681305 ], [ -98.828253884396673, 16.60344727636474 ], [ -98.828229870138671, 16.603746487276727 ], [ -98.82820041030017, 16.604031506744203 ], [ -98.828140035568254, 16.604580035983023 ], [ -98.828086944591902, 16.605062386581377 ], [ -98.828054047083626, 16.605343169949016 ], [ -98.828013991781717, 16.605622612590683 ], [ -98.827989667488893, 16.605741033004676 ], [ -98.827916209368738, 16.606014218950246 ], [ -98.827886564436284, 16.606096506577138 ], [ -98.827821679621124, 16.606207329564899 ], [ -98.827758631939972, 16.606283360479196 ], [ -98.827529293936678, 16.606527348277901 ], [ -98.827457948211034, 16.606594295629222 ], [ -98.827354339802241, 16.606662728931671 ], [ -98.827277673536699, 16.606693543438261 ], [ -98.827023505965414, 16.606768911008498 ], [ -98.826913436868693, 16.606793468558898 ], [ -98.826653948711822, 16.606832702883359 ], [ -98.826393320395482, 16.606864194139231 ], [ -98.825436542517465, 16.606971916526117 ], [ -98.825173543497854, 16.607000315169604 ], [ -98.824902993198137, 16.607025122251528 ], [ -98.824779491845433, 16.607032162517534 ], [ -98.824473702526532, 16.607040209951315 ], [ -98.824372542350531, 16.607039082114248 ] ] ] ] } },
{ "type": "Feature", "properties": { "fid": 9.0, "cat": 11, "VULNERABIL": 3.0, "NOM_ACUIF": "MARQUELIA", "CLAVE_ACUI": "1234" }, "geometry": { "type": "MultiPolygon", "coordinates": [ [ [ [ -98.818545988445294, 16.592902824857642 ], [ -98.819434414182524, 16.595208890270065 ], [ -98.820360989416059, 16.596836957495068 ], [ -98.821530831947612, 16.598998610558986 ], [ -98.821624551646792, 16.599871148770244 ], [ -98.821726027624067, 16.600815890005254 ], [ -98.821770777293054, 16.603121219302295 ], [ -98.821862828090985, 16.604965530570205 ], [ -98.821608616400525, 16.606140558559545 ], [ -98.821942940315367, 16.606446391117021 ], [ -98.820726270152107, 16.606018610409549 ], [ -98.820388848323617, 16.605900293980355 ], [ -98.820051860740946, 16.605783312173163 ], [ -98.819907871444343, 16.605734512113727 ], [ -98.81957290896149, 16.60562376031417 ], [ -98.819470803327022, 16.605591191762766 ], [ -98.819329272650165, 16.605549957256937 ], [ -98.81922919159733, 16.605523619373084 ], [ -98.818939860345409, 16.605451022297249 ], [ -98.818851801716505, 16.605391833045449 ], [ -98.818683806049137, 16.605229553957315 ], [ -98.8185626434054, 16.605077599854496 ], [ -98.81816521459082, 16.604530759413226 ], [ -98.818053481637094, 16.60436226184256 ], [ -98.817929488826053, 16.604122780706128 ], [ -98.817864089126431, 16.603949162400355 ], [ -98.81768288379385, 16.603378424714496 ], [ -98.817615153107653, 16.603132725532223 ], [ -98.817480281742178, 16.602556867075016 ], [ -98.817355339524326, 16.60197991125596 ], [ -98.816907152542228, 16.599863308503608 ], [ -98.816785180197499, 16.599286126017045 ], [ -98.816664157519483, 16.598709211229103 ], [ -98.816613239828158, 16.598462229800216 ], [ -98.816496646596377, 16.597886564589675 ], [ -98.816461903877126, 16.597710608323347 ], [ -98.816416364076659, 16.597465144336912 ], [ -98.816386049930898, 16.597290437766627 ], [ -98.816290123982157, 16.596720604391557 ], [ -98.816264224946565, 16.59656138528354 ], [ -98.816239288422892, 16.596388196193566 ], [ -98.816229563825317, 16.596300002319406 ], [ -98.816209118896197, 16.596061619995702 ], [ -98.816203822724674, 16.595974675836473 ], [ -98.816199552161606, 16.595807318753032 ], [ -98.816198747525021, 16.595655181363298 ], [ -98.81619882423378, 16.595574450767032 ], [ -98.816198838102778, 16.595559854570102 ], [ -98.816199125581704, 16.595257298828951 ], [ -98.816199263102106, 16.595112563945783 ], [ -98.816199878770675, 16.59496408894605 ], [ -98.816202236322312, 16.594813823047318 ], [ -98.816204988584659, 16.59474763247885 ], [ -98.816215474915765, 16.594589009057476 ], [ -98.816220426895953, 16.594538659969537 ], [ -98.816233049810805, 16.59446232098156 ], [ -98.816246130561524, 16.594403614371668 ], [ -98.816294551094984, 16.594205989171314 ], [ -98.816309845057731, 16.594148886261056 ], [ -98.816332796401724, 16.594080031221374 ], [ -98.816350290074652, 16.594038769789055 ], [ -98.816408975835088, 16.593915071468484 ], [ -98.816434598224319, 16.593865452499852 ], [ -98.816495483618084, 16.593757595632997 ], [ -98.816556840317375, 16.593653133349431 ], [ -98.816782285688092, 16.593273499409456 ], [ -98.816847911880885, 16.593170642543406 ], [ -98.81692872256599, 16.593070277917086 ], [ -98.816978540250986, 16.593029756754113 ], [ -98.817130212062835, 16.592941022571669 ], [ -98.817191826735638, 16.59291635126678 ], [ -98.817327690125609, 16.592889952707377 ], [ -98.817460166008715, 16.592876911728368 ], [ -98.817942523331396, 16.592842451759829 ], [ -98.818092711661464, 16.592835298963884 ], [ -98.818311233312485, 16.592836379758729 ], [ -98.818473218791581, 16.592845076532477 ], [ -98.818530781279989, 16.592849307845096 ], [ -98.818474723114122, 16.592652027845919 ], [ -98.818545988445294, 16.592902824857642 ] ] ] ] } },
{ "type": "Feature", "properties": { "fid": 8.0, "cat": 9, "VULNERABIL": 4.0, "NOM_ACUIF": "MARQUELIA", "CLAVE_ACUI": "1234" }, "geometry": { "type": "MultiPolygon", "coordinates": [ [ [ [ -98.824473702526532, 16.607040209951315 ], [ -98.824779491845433, 16.607032162517534 ], [ -98.824902993198137, 16.607025122251528 ], [ -98.825173543497854, 16.607000315169604 ], [ -98.825436542517465, 16.606971916526117 ], [ -98.826393320395482, 16.606864194139231 ], [ -98.826657503063544, 16.606838655203976 ], [ -98.826933578239561, 16.606827198350267 ], [ -98.827063788747736, 16.60683637056837 ], [ -98.827395362743729, 16.606890631009186 ], [ -98.82750875764799, 16.606921323628161 ], [ -98.827706359867022, 16.607010295615954 ], [ -98.827875253959988, 16.607106705773003 ], [ -98.828465825408657, 16.607467646951296 ], [ -98.828643009685663, 16.607582750410689 ], [ -98.828879297113332, 16.607758959560734 ], [ -98.829039666317271, 16.607895583481433 ], [ -98.829551769731125, 16.60835695202595 ], [ -98.829767640035769, 16.60855929263154 ], [ -98.830262931394046, 16.609042180294875 ], [ -98.830754621896176, 16.60952967841019 ], [ -98.832553904965778, 16.611321773211163 ], [ -98.833043588253631, 16.611811094856272 ], [ -98.833529475105522, 16.612302509834034 ], [ -98.833733914166814, 16.612515210395543 ], [ -98.834202076240913, 16.613016398086735 ], [ -98.834341592722964, 16.613171917180239 ], [ -98.834524506349581, 16.613396485802021 ], [ -98.834646295034304, 16.613561779043899 ], [ -98.835031729665133, 16.614108578543025 ], [ -98.835135807865683, 16.614263713021945 ], [ -98.835236070295352, 16.614440874833761 ], [ -98.835275224029104, 16.614538828695675 ], [ -98.835357679055562, 16.614818784913233 ], [ -98.835379104506075, 16.61492651317603 ], [ -98.835396634795515, 16.615149288871102 ], [ -98.835400252600621, 16.6153598116003 ], [ -98.835399605358063, 16.61611947527804 ], [ -98.835398478639505, 16.616327706016619 ], [ -98.83539386787524, 16.616539785816556 ], [ -98.835388407786652, 16.616634526223411 ], [ -98.835367538113289, 16.616864568320224 ], [ -98.835357665378183, 16.616938838433466 ], [ -98.835332462300627, 16.617055390200267 ], [ -98.835306330624391, 16.617147622608247 ], [ -98.835209585704717, 16.617461488713381 ], [ -98.83517902428845, 16.617553183671454 ], [ -98.835133149425928, 16.617667227398286 ], [ -98.83509817532719, 16.617738452049068 ], [ -98.834980837600071, 16.617956789988657 ], [ -98.83492960436358, 16.618045976876811 ], [ -98.834807853663662, 16.618243844412753 ], [ -98.834685157159356, 16.618437325378324 ], [ -98.834234322317116, 16.619142368421123 ], [ -98.834110083406429, 16.619334246041834 ], [ -98.833981138518169, 16.619524632484485 ], [ -98.833921170613991, 16.619604735548563 ], [ -98.83377026526334, 16.61978816338695 ], [ -98.833719363955154, 16.61984282363904 ], [ -98.833632730003075, 16.619914477024544 ], [ -98.833559868516602, 16.619962178740625 ], [ -98.833306481998065, 16.620113133194984 ], [ -98.833230857512788, 16.620153891666806 ], [ -98.83313132998174, 16.620193143576163 ], [ -98.833064772297945, 16.620208459266131 ], [ -98.832853697287518, 16.620240680475206 ], [ -98.832765179457056, 16.620249037490975 ], [ -98.832563171292691, 16.620255815700151 ], [ -98.832363106036681, 16.620257141708692 ], [ -98.831631476365189, 16.620256550094457 ], [ -98.831429750107375, 16.620257530626322 ], [ -98.831219990552086, 16.62026269949147 ], [ -98.831122060297318, 16.620269103179897 ], [ -98.830874811965913, 16.620293818143672 ], [ -98.830791090380842, 16.620305572402437 ], [ -98.830647637991973, 16.620335710764802 ], [ -98.830526427568486, 16.6203670112777 ], [ -98.83010423103805, 16.620482941511412 ], [ -98.829978031821341, 16.620519576783259 ], [ -98.829811298919822, 16.620574611594076 ], [ -98.829699308276375, 16.620616597494344 ], [ -98.829343417919887, 16.620757496592514 ], [ -98.829193938042792, 16.620819028340581 ], [ -98.828852255640371, 16.62096527742893 ], [ -98.828513617444273, 16.621112672567374 ], [ -98.827274984394151, 16.621654263263629 ], [ -98.827258887369354, 16.621661230331714 ], [ -98.827238622569197, 16.621613349239627 ], [ -98.826958722684509, 16.620076258102074 ], [ -98.827053695036383, 16.618720285661723 ], [ -98.827851560584094, 16.617681308621233 ], [ -98.828100230730257, 16.617441944548251 ], [ -98.829118360123317, 16.616461907574006 ], [ -98.829963083171563, 16.615422960550884 ], [ -98.830104710756885, 16.614293032805055 ], [ -98.829627873427967, 16.612800984736047 ], [ -98.829377933785793, 16.612524126793328 ], [ -98.828606949763028, 16.61167010151549 ], [ -98.826021818316221, 16.608910646602347 ], [ -98.825899282888486, 16.608767619830854 ], [ -98.82489797259683, 16.607598851876617 ], [ -98.824460621271086, 16.607040064110873 ], [ -98.824473702526532, 16.607040209951315 ] ] ] ] } },
{ "type": "Feature", "properties": { "fid": 8.0, "cat": 9, "VULNERABIL": 4.0, "NOM_ACUIF": "MARQUELIA", "CLAVE_ACUI": "1234" }, "geometry": { "type": "MultiPolygon", "coordinates": [ [ [ [ -98.826623789727094, 16.617183068779926 ], [ -98.82601355641799, 16.618086593161074 ], [ -98.825693395055808, 16.619623183196797 ], [ -98.825916947520497, 16.621250632218192 ], [ -98.82614420852056, 16.622102809165821 ], [ -98.826105028381534, 16.622116243172766 ], [ -98.825997950488656, 16.62214759098871 ], [ -98.825843791821981, 16.622175403407528 ], [ -98.825730643069477, 16.622183787613267 ], [ -98.825356774228268, 16.62219510114889 ], [ -98.825250833675639, 16.622193346751434 ], [ -98.82513031330889, 16.622173846394148 ], [ -98.825064081922264, 16.622147743166376 ], [ -98.824875522591668, 16.622045428399698 ], [ -98.824803220614712, 16.621996361590039 ], [ -98.824654370716189, 16.621869697950473 ], [ -98.824514030112582, 16.621737816644448 ], [ -98.824200544143167, 16.621435040375729 ], [ -98.824007958630958, 16.621249033506178 ], [ -98.823869995141237, 16.62111395028343 ], [ -98.823732235571484, 16.620972345740924 ], [ -98.82367339954655, 16.620905136823687 ], [ -98.823536591024975, 16.620733099752893 ], [ -98.823494914648492, 16.620673914097246 ], [ -98.823437233303054, 16.620569751486702 ], [ -98.823396507767683, 16.620480133413032 ], [ -98.823264136835917, 16.620166078302034 ], [ -98.823227292230953, 16.620071658251248 ], [ -98.823187721445166, 16.619945086507833 ], [ -98.823168036340562, 16.619858689786238 ], [ -98.823115743362337, 16.619582076822518 ], [ -98.823097009141563, 16.61946524769278 ], [ -98.823078316101203, 16.619322342328328 ], [ -98.823061875724719, 16.61919665805539 ], [ -98.823030419402002, 16.618929787696352 ], [ -98.822938204151185, 16.618123101846574 ], [ -98.822918757244238, 16.617952982246642 ], [ -98.822886471188681, 16.617685539077467 ], [ -98.822847464496306, 16.617414276481718 ], [ -98.822824026656974, 16.617294201663153 ], [ -98.822753656826933, 16.617005115095598 ], [ -98.822725394380868, 16.616912799782114 ], [ -98.822663872724831, 16.616771081559861 ], [ -98.822604247125653, 16.616660942258882 ], [ -98.822387516435285, 16.616288676947825 ], [ -98.822320136596232, 16.616180666599636 ], [ -98.822222427614278, 16.616048883731416 ], [ -98.822150223180628, 16.615968632836847 ], [ -98.821910978423034, 16.615725911391394 ], [ -98.821807411251484, 16.615627836294877 ], [ -98.821563342507105, 16.615412873950191 ], [ -98.821318240405802, 16.615203859781744 ], [ -98.820418503320028, 16.614443420490325 ], [ -98.820173165303999, 16.61423554887601 ], [ -98.819927987665693, 16.614025922815703 ], [ -98.819823071548058, 16.613934328830005 ], [ -98.819578640648857, 16.613716516291394 ], [ -98.81950397482629, 16.613648084769256 ], [ -98.819399964951643, 16.613546550347039 ], [ -98.819326045243812, 16.613469932694976 ], [ -98.819085096802866, 16.613213917936186 ], [ -98.819017819309167, 16.613140509452869 ], [ -98.818944805765199, 16.613053951443497 ], [ -98.81890777816902, 16.613003705640597 ], [ -98.818807996316764, 16.612855783222564 ], [ -98.81877171480015, 16.612797351330826 ], [ -98.818702182869956, 16.612672591602404 ], [ -98.818639133105137, 16.612552795299369 ], [ -98.818414433353837, 16.612118505475717 ], [ -98.818353046466925, 16.611997337608088 ], [ -98.818291273521197, 16.611866177523591 ], [ -98.818264413293363, 16.611799973854751 ], [ -98.81820083852881, 16.611622183483366 ], [ -98.818180990760254, 16.611557765656688 ], [ -98.818151942556725, 16.611434939513391 ], [ -98.818130292901188, 16.611323891420209 ], [ -98.818058309530727, 16.610928493109256 ], [ -98.818037776512298, 16.610807835486732 ], [ -98.818013938980513, 16.610640164911977 ], [ -98.818000418374453, 16.610521293142941 ], [ -98.817961159810977, 16.610134228786276 ], [ -98.817945837401282, 16.609968726740565 ], [ -98.817913591368836, 16.609583448218629 ], [ -98.81788284809403, 16.609198552363903 ], [ -98.817771626357214, 16.607787650098977 ], [ -98.817741950766376, 16.607403555972681 ], [ -98.817714685553582, 16.607022019113941 ], [ -98.817705410758975, 16.6068610605972 ], [ -98.81768939356904, 16.606491457712814 ], [ -98.817686900618284, 16.606380871255126 ], [ -98.817691284000688, 16.606234404010632 ], [ -98.817700038916385, 16.606135751547438 ], [ -98.817736511736825, 16.605821840621356 ], [ -98.817749130103792, 16.605736539451232 ], [ -98.817771543058939, 16.605652378258426 ], [ -98.817790943203136, 16.605617449152749 ], [ -98.817859064232508, 16.605538607840153 ], [ -98.81788971219126, 16.605515612713045 ], [ -98.817964614990004, 16.60548714343016 ], [ -98.818040971024004, 16.605469468133101 ], [ -98.818322396304012, 16.605415452480585 ], [ -98.818401596351208, 16.605401669498779 ], [ -98.81848977137912, 16.605391364779134 ], [ -98.818536535666539, 16.605390426749693 ], [ -98.81866659399077, 16.605396353972015 ], [ -98.818715382761582, 16.60540164669435 ], [ -98.818813005374253, 16.605420418864504 ], [ -98.818903677493807, 16.605441943504356 ], [ -98.818939860345409, 16.605451022297249 ], [ -98.81922919159733, 16.605523619373084 ], [ -98.819329272650165, 16.605549957256937 ], [ -98.819470803327022, 16.605591191762766 ], [ -98.81957290896149, 16.60562376031417 ], [ -98.819907871444343, 16.605734512113727 ], [ -98.820051860740946, 16.605783312173163 ], [ -98.820388848323617, 16.605900293980355 ], [ -98.820726270152107, 16.606018610409549 ], [ -98.821942940315367, 16.606446391117021 ], [ -98.822609418223379, 16.607056066743471 ], [ -98.822845099392566, 16.607271659952101 ], [ -98.824296611307631, 16.609080962229736 ], [ -98.826067108272198, 16.61067355304947 ], [ -98.827331893769056, 16.611669046163279 ], [ -98.828174836806141, 16.612618981517834 ], [ -98.828274388803038, 16.613246517687514 ], [ -98.828361302067236, 16.613794381021425 ], [ -98.828172706446907, 16.615014672198285 ], [ -98.827703000619792, 16.616053923207829 ], [ -98.826623789727094, 16.617183068779926 ] ] ] ] } },
{ "type": "Feature", "properties": { "fid": 6.0, "cat": 7, "VULNERABIL": 1.0, "NOM_ACUIF": "MARQUELIA", "CLAVE_ACUI": "1234" }, "geometry": { "type": "MultiPolygon", "coordinates": [ [ [ [ -98.84324493435922, 16.63344098650726 ], [ -98.843210484503246, 16.633581138784468 ], [ -98.843122471690677, 16.633756018667089 ], [ -98.84303118891215, 16.633865694764591 ], [ -98.842693214805678, 16.63420263634881 ], [ -98.842586442796545, 16.634290409964972 ], [ -98.842426148171128, 16.634363078860229 ], [ -98.842303927923965, 16.634379117938259 ], [ -98.841893861467611, 16.63438129765807 ], [ -98.84171480845643, 16.634366859909957 ], [ -98.841289294386044, 16.634297303995908 ], [ -98.840860470457372, 16.634212375532883 ], [ -98.839284809307628, 16.633885591908953 ], [ -98.838855277373384, 16.633798027325888 ], [ -98.83842645308404, 16.633716182931149 ], [ -98.838243378601106, 16.633686827566514 ], [ -98.837817855230213, 16.633631680267452 ], [ -98.8376883002489, 16.6336205193439 ], [ -98.837509233551856, 16.633623582767665 ], [ -98.837382978935864, 16.633639120014063 ], [ -98.836972857252917, 16.633708563340203 ], [ -98.836922961163836, 16.633719566541302 ], [ -98.836807030963783, 16.633655150470322 ], [ -98.836489336730622, 16.633478624610397 ], [ -98.8364775563699, 16.633381595487858 ], [ -98.83644193485506, 16.633218163848703 ], [ -98.836297700326426, 16.632636675456272 ], [ -98.836248799606167, 16.632459351499282 ], [ -98.836164830383822, 16.632213328145333 ], [ -98.836093775104942, 16.632039190157617 ], [ -98.835846153772309, 16.631472569401677 ], [ -98.835735283349962, 16.631230414546295 ], [ -98.835465509452263, 16.630666979277851 ], [ -98.835190989707968, 16.630104226337671 ], [ -98.834179683540199, 16.628041478320501 ], [ -98.833902559125903, 16.627480323264042 ], [ -98.833620605983683, 16.62692435056325 ], [ -98.833513353075119, 16.626725414112695 ], [ -98.833329209353735, 16.625957689384073 ], [ -98.83299100648847, 16.625252815651695 ], [ -98.83289502641307, 16.624918151321964 ], [ -98.832865117473858, 16.624801771730034 ], [ -98.832832039323748, 16.62463000216345 ], [ -98.832814693751672, 16.624500996662338 ], [ -98.832766825987875, 16.624070740545324 ], [ -98.832756120758432, 16.623947613454369 ], [ -98.832754030662201, 16.623803276495401 ], [ -98.832761750022996, 16.623720207931427 ], [ -98.832799863741599, 16.623476891584819 ], [ -98.832820146280497, 16.623381197116231 ], [ -98.832876684396737, 16.62317793927194 ], [ -98.832937170507648, 16.622983265375105 ], [ -98.833162899967562, 16.622278044859584 ], [ -98.833225875107004, 16.622086118709987 ], [ -98.833294030563323, 16.621895684031337 ], [ -98.833328420444829, 16.621815560654632 ], [ -98.8333564376845, 16.621759886357925 ], [ -98.833420751077483, 16.621632086230555 ], [ -98.833454195958055, 16.62157741207206 ], [ -98.833517941513179, 16.621505740438579 ], [ -98.833575561703398, 16.621458026540221 ], [ -98.833780710203769, 16.621307033201031 ], [ -98.833843308233824, 16.621266264118411 ], [ -98.833930284046644, 16.621227001842392 ], [ -98.833991937191982, 16.621211681959984 ], [ -98.834192676039095, 16.621179451355665 ], [ -98.834278504498712, 16.621171091590185 ], [ -98.834478298495313, 16.621164309957059 ], [ -98.834677890036119, 16.621162981542412 ], [ -98.835409523255109, 16.621163562459589 ], [ -98.835611725721364, 16.621161891984368 ], [ -98.835823703983934, 16.621153516949089 ], [ -98.835924327599699, 16.621143223213981 ], [ -98.836181926158162, 16.621103560755582 ], [ -98.836270558618281, 16.621084714738139 ], [ -98.836426578222671, 16.621036429238025 ], [ -98.836560830867455, 16.620986295927416 ], [ -98.83703132310805, 16.620800625395916 ], [ -98.837172781637705, 16.620741954679186 ], [ -98.837362429642027, 16.62065382907991 ], [ -98.837491896829107, 16.62058660609657 ], [ -98.837906428550752, 16.620361024036402 ], [ -98.838081515177606, 16.620262513180801 ], [ -98.838484054376238, 16.620028377943218 ], [ -98.838546928410025, 16.619991284386781 ], [ -98.8388840230716, 16.61979240934922 ], [ -98.840347997097297, 16.618925351920197 ], [ -98.840747367934298, 16.618689379218551 ], [ -98.841147131839321, 16.618455236607254 ], [ -98.841318852972691, 16.618356720405718 ], [ -98.841720454375732, 16.61813112073925 ], [ -98.841843787439373, 16.618063890329676 ], [ -98.842017740804209, 16.617975748474247 ], [ -98.842142912555857, 16.617917061945779 ], [ -98.842553093652484, 16.617731332927001 ], [ -98.842668290437075, 16.617681181183428 ], [ -98.842795694772263, 16.617632869181996 ], [ -98.842862504220292, 16.617614003817216 ], [ -98.843046877302456, 16.617574277397768 ], [ -98.843115525635824, 16.617563956004069 ], [ -98.843251511481199, 16.617555515965304 ], [ -98.84337712864594, 16.617553780115539 ], [ -98.843827356249193, 16.617554118983914 ], [ -98.843950241853364, 16.617555241001682 ], [ -98.844073480400709, 16.617560138764134 ], [ -98.844126649865274, 16.617566013600097 ], [ -98.844251535499723, 16.617588531737674 ], [ -98.844290118747338, 16.617599200847135 ], [ -98.844345288259845, 16.617626471923629 ], [ -98.844385518607893, 16.617654761494347 ], [ -98.844518090797578, 16.617759508372121 ], [ -98.844555548527083, 16.617792601083931 ], [ -98.844597779000807, 16.617842286907266 ], [ -98.844620650516148, 16.617880173946627 ], [ -98.844685153818702, 16.618007294299545 ], [ -98.844709672490794, 16.618062801804609 ], [ -98.844759589647765, 16.618194716480044 ], [ -98.844806381242151, 16.618327658503983 ], [ -98.84497482532926, 16.618816139855753 ], [ -98.845019715660797, 16.61895274154892 ], [ -98.845060759314194, 16.619101734851846 ], [ -98.845074502728906, 16.619177980742432 ], [ -98.845097595001789, 16.619384801597683 ], [ -98.845100817328756, 16.619460505724131 ], [ -98.845092762544866, 16.619606970794614 ], [ -98.845078033363848, 16.619740502481147 ], [ -98.845017351789423, 16.620217185257093 ], [ -98.844996521198794, 16.620362992454776 ], [ -98.84495999349059, 16.620566743286837 ], [ -98.844928641627604, 16.620712008704043 ], [ -98.844818860356412, 16.621186163107886 ], [ -98.844769556523815, 16.621389256017125 ], [ -98.844649253211941, 16.621862868515752 ], [ -98.844526694740907, 16.622336364820242 ], [ -98.84407505387432, 16.624072400987266 ], [ -98.843952134140878, 16.624548871235135 ], [ -98.843830154215937, 16.6250363636447 ], [ -98.843778817336684, 16.625256311193965 ], [ -98.843661225132365, 16.625795240680755 ], [ -98.843626167802555, 16.625971241336366 ], [ -98.843580159457076, 16.626253648291623 ], [ -98.843549490571107, 16.626481086142963 ], [ -98.843452377039696, 16.627260055771789 ], [ -98.843437250910583, 16.627392087339185 ], [ -98.843426136843448, 16.627489098666693 ], [ -98.843400796570165, 16.627778995940641 ], [ -98.843390836413406, 16.627964092012729 ], [ -98.843369695917985, 16.628537976394483 ], [ -98.843367326872254, 16.62863854993304 ], [ -98.84336412428739, 16.628774509662083 ], [ -98.843359263901561, 16.629304447200383 ], [ -98.843358508575477, 16.629591055538924 ], [ -98.84335789212048, 16.629824967541513 ], [ -98.843356350763273, 16.631724124734411 ], [ -98.843352608987516, 16.632240295566604 ], [ -98.843342463682134, 16.632565069227777 ], [ -98.843338546725832, 16.632690459323133 ], [ -98.843336688788327, 16.632749935784954 ], [ -98.843317687412863, 16.632961822424086 ], [ -98.84324493435922, 16.63344098650726 ] ] ] ] } },
{ "type": "Feature", "properties": { "fid": 5.0, "cat": 6, "VULNERABIL": 2.0, "NOM_ACUIF": "MARQUELIA", "CLAVE_ACUI": "1234" }, "geometry": { "type": "MultiPolygon", "coordinates": [ [ [ [ -98.8364775563699, 16.633381595487858 ], [ -98.836489336730622, 16.633478624610397 ], [ -98.83589215308622, 16.633146799098014 ], [ -98.834589793958088, 16.632015723672488 ], [ -98.834309006338032, 16.631427877970467 ], [ -98.834122954981623, 16.629710065485845 ], [ -98.833936479076868, 16.628489470849185 ], [ -98.833513353075119, 16.626725414112695 ], [ -98.833620605983683, 16.62692435056325 ], [ -98.833902559125903, 16.627480323264042 ], [ -98.834179683540199, 16.628041478320501 ], [ -98.835190989707968, 16.630104226337671 ], [ -98.835465509452263, 16.630666979277851 ], [ -98.835735283349962, 16.631230414546295 ], [ -98.835846153772309, 16.631472569401677 ], [ -98.836093775104942, 16.632039190157617 ], [ -98.836164830383822, 16.632213328145333 ], [ -98.836248799606167, 16.632459351499282 ], [ -98.836297700326426, 16.632636675456272 ], [ -98.83644193485506, 16.633218163848703 ], [ -98.8364775563699, 16.633381595487858 ] ] ] ] } },
{ "type": "Feature", "properties": { "fid": 5.0, "cat": 6, "VULNERABIL": 2.0, "NOM_ACUIF": "MARQUELIA", "CLAVE_ACUI": "1234" }, "geometry": { "type": "MultiPolygon", "coordinates": [ [ [ [ -98.835848666276533, 16.63518102562562 ], [ -98.835848551721725, 16.635180976892965 ], [ -98.835824742057696, 16.635226207435103 ], [ -98.835728414799263, 16.635400899548898 ], [ -98.83568392932365, 16.635473553112657 ], [ -98.835572657686825, 16.635637910954113 ], [ -98.83553539258989, 16.635686010094052 ], [ -98.835472760532866, 16.635746114932566 ], [ -98.835420551261151, 16.635783879842226 ], [ -98.83523953994208, 16.635900011162903 ], [ -98.83518567553017, 16.63593029988327 ], [ -98.835115319714433, 16.635955516007506 ], [ -98.835068675830144, 16.635961250324893 ], [ -98.834921360196148, 16.635962794299637 ], [ -98.834859772192871, 16.635958194321891 ], [ -98.834719677166646, 16.635935183790593 ], [ -98.83458112945074, 16.635906911517914 ], [ -98.834074668802685, 16.635797984086214 ], [ -98.833936004480705, 16.635767537492733 ], [ -98.833795364635236, 16.635734381511661 ], [ -98.83373311486379, 16.635717462480542 ], [ -98.833583255789691, 16.63567166297533 ], [ -98.833535405013734, 16.635654933399355 ], [ -98.833461960437958, 16.635622661599722 ], [ -98.833404890399095, 16.635593288600869 ], [ -98.833212008239798, 16.635488486313239 ], [ -98.833156048210242, 16.635456444561264 ], [ -98.833087783456307, 16.635411718767735 ], [ -98.833046222404604, 16.635379866534659 ], [ -98.832920535646991, 16.635275948541338 ], [ -98.832869755418812, 16.635231452856107 ], [ -98.832758467768642, 16.635127724328232 ], [ -98.832650265718371, 16.635024036364843 ], [ -98.832256611336277, 16.634643887313324 ], [ -98.832148293343252, 16.634537681964634 ], [ -98.832036462897349, 16.634422206472038 ], [ -98.83198502303577, 16.634363446868473 ], [ -98.831856800840882, 16.634204710865983 ], [ -98.831814036634142, 16.634146848104976 ], [ -98.831742692452934, 16.634035557922644 ], [ -98.83168353643147, 16.633934434701782 ], [ -98.831478819591169, 16.633573816409307 ], [ -98.831418010360494, 16.633463615206619 ], [ -98.831338950405183, 16.63330996132677 ], [ -98.831286816833654, 16.63320065699078 ], [ -98.831122587077857, 16.632844223905373 ], [ -98.831054062110894, 16.632691659023756 ], [ -98.830898508667119, 16.63233612266961 ], [ -98.830744814813968, 16.631980778391551 ], [ -98.830183134491818, 16.630678040543824 ], [ -98.830030037410651, 16.630321780906439 ], [ -98.829877260469885, 16.629961974686204 ], [ -98.829812104392317, 16.629804225520843 ], [ -98.829660819649817, 16.62942786897014 ], [ -98.829614827694897, 16.629309111294706 ], [ -98.829551483030031, 16.629131265419009 ], [ -98.829506982611306, 16.628995957557994 ], [ -98.829362658991414, 16.628542366692756 ], [ -98.829322584916298, 16.628411867664408 ], [ -98.829279895820775, 16.628256463126746 ], [ -98.829258985444838, 16.628164955677953 ], [ -98.829233504588231, 16.628038866466781 ], [ -98.829204092836491, 16.627893325448664 ], [ -98.829184673951204, 16.62778526783103 ], [ -98.829148945054001, 16.627552629183874 ], [ -98.829117322699858, 16.62732834587171 ], [ -98.829005481112617, 16.626514328998567 ], [ -98.828976942226717, 16.626292565215365 ], [ -98.8289556018224, 16.626071684499582 ], [ -98.828953654364014, 16.625977904409204 ], [ -98.828965906582937, 16.625761144703795 ], [ -98.828976855660827, 16.625695672765456 ], [ -98.829015699135013, 16.625606896756892 ], [ -98.829060240716871, 16.625545545818103 ], [ -98.829229257769526, 16.625348017362978 ], [ -98.829283761162927, 16.625293615468944 ], [ -98.829369093459675, 16.625237268484558 ], [ -98.829436493358145, 16.625211174680462 ], [ -98.829634684578167, 16.625154601920695 ], [ -98.82966569385809, 16.625145750446123 ], [ -98.829766686158365, 16.62512377743364 ], [ -98.83000878309781, 16.625086660925774 ], [ -98.830253643522738, 16.625055610151502 ], [ -98.830597356677259, 16.625014472229257 ], [ -98.83115422803381, 16.624947820840987 ], [ -98.831233468351073, 16.624939812343243 ], [ -98.830986329977534, 16.624644946697199 ], [ -98.831782466677396, 16.625594828752806 ], [ -98.832249975146311, 16.62708686289163 ], [ -98.832410304391871, 16.627771520468649 ], [ -98.832567588594628, 16.62844316995168 ], [ -98.832800545696784, 16.630115820011184 ], [ -98.832986937653217, 16.631426818714328 ], [ -98.833152755057753, 16.632068590014391 ], [ -98.833267291681068, 16.632511884228276 ], [ -98.833876059034765, 16.633326002318256 ], [ -98.834212990506771, 16.634049498355459 ], [ -98.834796829083928, 16.634583661136208 ], [ -98.835103062901652, 16.634863837267865 ], [ -98.835848666276533, 16.63518102562562 ] ] ] ] } },
{ "type": "Feature", "properties": { "fid": 3.0, "cat": 4, "VULNERABIL": 3.0, "NOM_ACUIF": "MARQUELIA", "CLAVE_ACUI": "1234" }, "geometry": { "type": "MultiPolygon", "coordinates": [ [ [ [ -98.8479837432007, 16.640026990156468 ], [ -98.847804358488716, 16.639845722495707 ], [ -98.846727033333948, 16.638579282942175 ], [ -98.846719115178075, 16.638567266210128 ], [ -98.846486292406624, 16.638213929490156 ], [ -98.846472513971491, 16.638193018999363 ], [ -98.846565618498985, 16.638296661321487 ], [ -98.846874866694861, 16.638644053415931 ], [ -98.847009375675199, 16.638798276210053 ], [ -98.847327836124109, 16.63917059047078 ], [ -98.847427297977248, 16.639289904731367 ], [ -98.847516766393028, 16.639403194451607 ], [ -98.847572992266734, 16.639474390589232 ], [ -98.847681665146212, 16.63961862754606 ], [ -98.847911155169015, 16.639928862610116 ], [ -98.8479837432007, 16.640026990156468 ] ] ] ] } },
{ "type": "Feature", "properties": { "fid": 3.0, "cat": 4, "VULNERABIL": 3.0, "NOM_ACUIF": "MARQUELIA", "CLAVE_ACUI": "1234" }, "geometry": { "type": "MultiPolygon", "coordinates": [ [ [ [ -98.845273786900705, 16.636861355331895 ], [ -98.844234612241181, 16.636362545458017 ], [ -98.84359017124217, 16.636167848187313 ], [ -98.84198477922547, 16.635682819852249 ], [ -98.839641008942849, 16.635229005759633 ], [ -98.838218801095891, 16.63443948421995 ], [ -98.838010246271452, 16.634323706161918 ], [ -98.836807030963783, 16.633655150470322 ], [ -98.836922961163836, 16.633719566541302 ], [ -98.836972857252917, 16.633708563340203 ], [ -98.837382978935864, 16.633639120014063 ], [ -98.837509233551856, 16.633623582767665 ], [ -98.8376883002489, 16.6336205193439 ], [ -98.837817855230213, 16.633631680267452 ], [ -98.838243378601106, 16.633686827566514 ], [ -98.83842645308404, 16.633716182931149 ], [ -98.838855277373384, 16.633798027325888 ], [ -98.839284809307628, 16.633885591908953 ], [ -98.840860470457372, 16.634212375532883 ], [ -98.84129166239201, 16.634303941614299 ], [ -98.841728227246961, 16.634404473053465 ], [ -98.841920699125822, 16.6344565239215 ], [ -98.842382336509914, 16.634598896467843 ], [ -98.84252902676171, 16.634651445925996 ], [ -98.842751943612569, 16.634754304660543 ], [ -98.842923706079844, 16.634848696219176 ], [ -98.84350234849947, 16.635186330594216 ], [ -98.843669673879305, 16.635289794757764 ], [ -98.84387188218237, 16.635434994002168 ], [ -98.843993425765191, 16.635538957384405 ], [ -98.844358421444554, 16.635878920319925 ], [ -98.844505038059438, 16.636024725586488 ], [ -98.8448242531517, 16.636365187318997 ], [ -98.845133658836303, 16.636705755650549 ], [ -98.845273786900705, 16.636861355331895 ] ] ] ] } },
{ "type": "Feature", "properties": { "fid": 3.0, "cat": 4, "VULNERABIL": 3.0, "NOM_ACUIF": "MARQUELIA", "CLAVE_ACUI": "1234" }, "geometry": { "type": "MultiPolygon", "coordinates": [ [ [ [ -98.849142014263393, 16.644902492782414 ], [ -98.849091847185989, 16.644925821448972 ], [ -98.84896860845825, 16.644977224937101 ], [ -98.84892823280407, 16.644991662103696 ], [ -98.84886305184537, 16.645007632092113 ], [ -98.848810311845583, 16.645016009189991 ], [ -98.848629372786206, 16.645039132241443 ], [ -98.848576081444492, 16.645044305386193 ], [ -98.848508327601095, 16.645045323759518 ], [ -98.848464827741765, 16.645041605437708 ], [ -98.848329582258074, 16.645023234855969 ], [ -98.848273718093324, 16.645013456416887 ], [ -98.848148264147341, 16.644986194290407 ], [ -98.848024908416576, 16.644957026785129 ], [ -98.84757470257729, 16.644848173341643 ], [ -98.847448620106661, 16.644815571179656 ], [ -98.847310440807604, 16.644772281736078 ], [ -98.847239124261321, 16.644743041879963 ], [ -98.847044493087893, 16.644649878606952 ], [ -98.846972815311531, 16.644610671976469 ], [ -98.846832950159651, 16.64452087102725 ], [ -98.846704820652235, 16.644431790541326 ], [ -98.846246748965967, 16.644105882000911 ], [ -98.846106445834778, 16.644003978160534 ], [ -98.845909768818629, 16.643854335945218 ], [ -98.845769104796489, 16.643742465191817 ], [ -98.845309350603401, 16.643370043386646 ], [ -98.845112236232595, 16.643208298011558 ], [ -98.844652123391441, 16.642825908065209 ], [ -98.844191934983812, 16.642441381380905 ], [ -98.842504515834094, 16.641029305765933 ], [ -98.842043861672039, 16.640644316323048 ], [ -98.841581547499317, 16.640259782232398 ], [ -98.841381751567965, 16.640095437964671 ], [ -98.840911684740291, 16.639713032118369 ], [ -98.840766125256962, 16.639596425258482 ], [ -98.840556913575824, 16.639434666276088 ], [ -98.840403599234179, 16.639320188866002 ], [ -98.839897344964086, 16.638947719314835 ], [ -98.839753991314026, 16.638843927415365 ], [ -98.839591260808859, 16.638732035439297 ], [ -98.839502142221434, 16.638675981710172 ], [ -98.839248986109922, 16.638526289507496 ], [ -98.839152112455039, 16.638472365283643 ], [ -98.838953191399256, 16.6383704111798 ], [ -98.838765892223421, 16.638278686579113 ], [ -98.838090751725417, 16.637952591334301 ], [ -98.837906180981548, 16.637863156297502 ], [ -98.837719990053913, 16.637771889263643 ], [ -98.837638573641428, 16.637730942935342 ], [ -98.837444821325604, 16.637631127095446 ], [ -98.83738388908111, 16.637598739353802 ], [ -98.837293290829635, 16.637547412484757 ], [ -98.837224797007906, 16.637506476123779 ], [ -98.836995757597492, 16.637366766512681 ], [ -98.836930032987595, 16.637325832229333 ], [ -98.836852357374752, 16.63727451532003 ], [ -98.836807116812565, 16.637242139742213 ], [ -98.83667366986073, 16.637142370587348 ], [ -98.836620867772922, 16.637101446373709 ], [ -98.836507904962701, 16.637010235879604 ], [ -98.83639933167386, 16.636920859350607 ], [ -98.83600561987987, 16.636594978960879 ], [ -98.835899183783283, 16.636504917396284 ], [ -98.835796193045709, 16.636410510905947 ], [ -98.835755499448709, 16.63636570609528 ], [ -98.835668586734869, 16.636251023477879 ], [ -98.835645426081982, 16.63621157167799 ], [ -98.835624255695564, 16.636142145916718 ], [ -98.83561717293486, 16.636082418059427 ], [ -98.835605290443198, 16.635873113818718 ], [ -98.835605409988432, 16.635810188170737 ], [ -98.835617850336732, 16.635725839389426 ], [ -98.835635502708769, 16.635668266777095 ], [ -98.835705440021485, 16.635483943351449 ], [ -98.835739170145089, 16.635406094666276 ], [ -98.835826640058599, 16.635227124219696 ], [ -98.835849998729273, 16.635181592463208 ], [ -98.836593397140931, 16.635497839096427 ], [ -98.83795250675756, 16.63608652619774 ], [ -98.839180540272537, 16.636449094591292 ], [ -98.840577507350162, 16.636630978892786 ], [ -98.842321265040709, 16.636993924220057 ], [ -98.843530449457916, 16.637492057645307 ], [ -98.843759686065439, 16.637661341961682 ], [ -98.844326992532885, 16.638080278300691 ], [ -98.844326372475621, 16.638848706168282 ], [ -98.844794445750296, 16.63979829166836 ], [ -98.845824916754211, 16.641019504596787 ], [ -98.846902256605489, 16.642276908271395 ], [ -98.847885798012655, 16.643588479542686 ], [ -98.848868867898233, 16.644568311779526 ], [ -98.849162931290508, 16.644861403860364 ], [ -98.849178209735456, 16.644876631803815 ], [ -98.849184009574955, 16.644880727583889 ], [ -98.849142014263393, 16.644902492782414 ] ] ] ] } },
{ "type": "Feature", "properties": { "fid": 1.0, "cat": 2, "VULNERABIL": 2.0, "NOM_ACUIF": "MARQUELIA", "CLAVE_ACUI": "1234" }, "geometry": { "type": "MultiPolygon", "coordinates": [ [ [ [ -98.885634092504517, 17.075487542877696 ], [ -98.883618360718714, 17.078801957185295 ], [ -98.885634092504517, 17.075487542877696 ] ] ], [ [ [ -98.883618360718714, 17.078801957185295 ], [ -98.880556214247036, 17.078782192602503 ], [ -98.883618360718714, 17.078801957185295 ] ] ], [ [ [ -98.880556214247036, 17.078782192602503 ], [ -98.874632437620306, 17.078743826448548 ], [ -98.880556214247036, 17.078782192602503 ] ] ], [ [ [ -98.874632437620306, 17.078743826448548 ], [ -98.870962776910829, 17.078719972603849 ], [ -98.874632437620306, 17.078743826448548 ] ] ] ] } },
{ "type": "Feature", "properties": { "fid": 1.0, "cat": 2, "VULNERABIL": 2.0, "NOM_ACUIF": "MARQUELIA", "CLAVE_ACUI": "1234" }, "geometry": { "type": "MultiPolygon", "coordinates": [ [ [ [ -98.883618360718714, 17.078801957185295 ], [ -98.870124093965146, 17.078714511604069 ], [ -98.870121654797742, 17.078714495716618 ], [ -98.870121629530999, 17.07871448543197 ], [ -98.87012142360507, 17.078714401611307 ], [ -98.870120095139981, 17.078713860869172 ], [ -98.870118804213561, 17.078713335406864 ], [ -98.870099560814694, 17.078705502518549 ], [ -98.870083645710565, 17.078699024387017 ], [ -98.869960385363498, 17.078648852069634 ], [ -98.869211613519099, 17.078344067206309 ], [ -98.869014725581295, 17.078303529542566 ], [ -98.868833249393148, 17.078242726428773 ], [ -98.868770885586372, 17.078196402647169 ], [ -98.868661330714033, 17.078041028175168 ], [ -98.8686432052057, 17.077973199303759 ], [ -98.86866817423595, 17.077812039075532 ], [ -98.868721969696566, 17.077649639036274 ], [ -98.868948045295497, 17.077052932237976 ], [ -98.869012071164022, 17.076888822630366 ], [ -98.869084783751845, 17.076719684755339 ], [ -98.869124633076609, 17.076642168839925 ], [ -98.869237883942674, 17.076449565752871 ], [ -98.869281239339912, 17.076385577357978 ], [ -98.869370313741541, 17.076279567952266 ], [ -98.869454207448186, 17.076192114316818 ], [ -98.86975663648073, 17.075890006498685 ], [ -98.869849967935906, 17.075800423179839 ], [ -98.869983086185641, 17.075684475738743 ], [ -98.870079923667831, 17.075608419853477 ], [ -98.870398713275961, 17.075369439573628 ], [ -98.870536088487981, 17.075269918054158 ], [ -98.87085838322561, 17.075044464570308 ], [ -98.871181428541277, 17.074821909319223 ], [ -98.872366672858774, 17.074008767662853 ], [ -98.872693282190795, 17.073787470664975 ], [ -98.873032220496214, 17.073567896933337 ], [ -98.873189809264986, 17.073475517521477 ], [ -98.873586285153721, 17.073263987204285 ], [ -98.87371998487005, 17.073200956628714 ], [ -98.873947441410408, 17.073118344580589 ], [ -98.874138679590573, 17.073063357866168 ], [ -98.874803667271834, 17.072889364073056 ], [ -98.875002115767742, 17.072842389391656 ], [ -98.875263221732183, 17.072797169130247 ], [ -98.875437781813289, 17.072779543476059 ], [ -98.875991289509415, 17.072742509971533 ], [ -98.876223388155537, 17.072732927200644 ], [ -98.87675300758039, 17.072725241185854 ], [ -98.877277508132622, 17.072723843008944 ], [ -98.877895807408038, 17.072724216030274 ], [ -98.879195558062719, 17.072724994029507 ], [ -98.879719343270921, 17.072726220447084 ], [ -98.880245624243585, 17.072730802888035 ], [ -98.880473668995108, 17.072736123746143 ], [ -98.881011596918, 17.072756371939604 ], [ -98.881178764521849, 17.072765927445271 ], [ -98.881420952046625, 17.072790272301717 ], [ -98.881599766647483, 17.072815495145633 ], [ -98.882192047585363, 17.072908856021485 ], [ -98.882360313073946, 17.072938343219615 ], [ -98.882553270774181, 17.072982590205182 ], [ -98.88266065913048, 17.07301631305662 ], [ -98.882968847264152, 17.073129439205399 ], [ -98.883087882871251, 17.07317882942754 ], [ -98.883335194198921, 17.073296191082953 ], [ -98.883569460686942, 17.07341446019824 ], [ -98.884415395169711, 17.073849019125426 ], [ -98.884644547008179, 17.073969343390537 ], [ -98.884867985567524, 17.074096299689469 ], [ -98.88495803147012, 17.074157341751402 ], [ -98.885154807139941, 17.074315248441241 ], [ -98.885209331085619, 17.074370219487335 ], [ -98.885267000331027, 17.074468844451761 ], [ -98.885294861015993, 17.074554766220807 ], [ -98.885367208403466, 17.074857109501931 ], [ -98.885381743693955, 17.074948362662113 ], [ -98.885377227518418, 17.075071867481135 ], [ -98.885356240520451, 17.075157049775648 ], [ -98.885262817209025, 17.07543106230041 ], [ -98.885230830858603, 17.07550901878929 ], [ -98.885634092504517, 17.075487542877696 ], [ -98.883618360718714, 17.078801957185295 ] ] ] ] } }
]
}
