{
"type": "FeatureCollection",
"name": "2011",
"crs": { "type": "name", "properties": { "name": "urn:ogc:def:crs:OGC:1.3:CRS84" } },
"features": [
{ "type": "Feature", "properties": { "fid": 1.0, "cat": 2, "CLAVE_ACUI": "2011", "NOM_ACUIF": "HUATULCO", "VULNERABIL": 2 }, "geometry": { "type": "MultiPolygon", "coordinates": [ [ [ [ -96.332212206715624, 16.223653921493298 ], [ -96.333016676271072, 16.223442756583321 ], [ -96.333236791151833, 16.223367623922726 ], [ -96.333459524964539, 16.223228171591014 ], [ -96.333557601250746, 16.223104086795598 ], [ -96.333792556247431, 16.222664476657705 ], [ -96.333885237660269, 16.222550484728021 ], [ -96.334082796528946, 16.222458132660964 ], [ -96.334272342159153, 16.222440192966683 ], [ -96.335148328668197, 16.222471521514191 ], [ -96.335343334968073, 16.222568806429464 ], [ -96.335432916669802, 16.222685088725953 ], [ -96.335655958717609, 16.223130454557911 ], [ -96.335761108526199, 16.223262173689861 ], [ -96.335894936875292, 16.223346835397376 ], [ -96.336028765346683, 16.22343149703681 ], [ -96.33630598261368, 16.223541668158241 ], [ -96.337332008671154, 16.223886474176826 ], [ -96.337588197080365, 16.223996379809275 ], [ -96.337672955759885, 16.224080424608662 ], [ -96.33775771451117, 16.22416446938427 ], [ -96.3377436935573, 16.22429469193996 ], [ -96.337508744130318, 16.224734307420142 ], [ -96.337483934382348, 16.224884716335236 ], [ -96.337603105854015, 16.225147009372328 ], [ -96.33798287017197, 16.225689807959188 ], [ -96.338303135450772, 16.226242057306671 ], [ -96.331735847904966, 16.223766727591538 ], [ -96.332212206715624, 16.223653921493298 ] ] ] ] } },
{ "type": "Feature", "properties": { "fid": 2.0, "cat": 1, "CLAVE_ACUI": "2011", "NOM_ACUIF": "HUATULCO", "VULNERABIL": 1 }, "geometry": { "type": "MultiPolygon", "coordinates": [ [ [ [ -96.324830704350319, 16.219833053556417 ], [ -96.324378700548422, 16.219384792583945 ], [ -96.324244972209215, 16.219293351974702 ], [ -96.32407290917989, 16.21931489042532 ], [ -96.32396083296068, 16.219437100237258 ], [ -96.323679979211576, 16.219876252415748 ], [ -96.323555009542247, 16.220154528796744 ], [ -96.32338694171969, 16.220619873517439 ], [ -96.320661266500693, 16.219592517121612 ], [ -96.320422064396837, 16.218926863103007 ], [ -96.320148209335784, 16.218080488982721 ], [ -96.31998031727457, 16.217793865775249 ], [ -96.319774845090521, 16.217564345675239 ], [ -96.318983870485226, 16.216779873870514 ], [ -96.318719882204689, 16.216600417653535 ], [ -96.318278907938875, 16.216547427829248 ], [ -96.317733403412205, 16.216706492379224 ], [ -96.316941026236279, 16.217022802812753 ], [ -96.316631293851017, 16.217146445426444 ], [ -96.316365425288978, 16.217282407837118 ], [ -96.316219324347614, 16.217368152582029 ], [ -96.316010359841854, 16.217528697755103 ], [ -96.315760797260211, 16.217745441438623 ], [ -96.303387623815809, 16.213134194204294 ], [ -96.303344200035241, 16.213065400880403 ], [ -96.302617627174328, 16.211914341219192 ], [ -96.301959312415605, 16.209803841149665 ], [ -96.301863415042348, 16.209123549853565 ], [ -96.302074200292182, 16.208059356995452 ], [ -96.302471215953773, 16.207219371650474 ], [ -96.304113140814351, 16.204363620814917 ], [ -96.304614931740119, 16.203550360992654 ], [ -96.305314725180992, 16.202610909743246 ], [ -96.305812640676578, 16.202082096582455 ], [ -96.307436441967482, 16.200553745173909 ], [ -96.307859647234295, 16.200105264286421 ], [ -96.308210817695155, 16.1995407142959 ], [ -96.308349644634532, 16.199125883542745 ], [ -96.30848064178835, 16.19791051296972 ], [ -96.308599111665799, 16.197575016277863 ], [ -96.309020974755043, 16.197224735241193 ], [ -96.309505166291203, 16.19705982952312 ], [ -96.311342861337721, 16.196640540807987 ], [ -96.311927273188616, 16.196451495655516 ], [ -96.312816834432468, 16.195988581389372 ], [ -96.313503222478786, 16.195516319638855 ], [ -96.315816783997292, 16.193775329204534 ], [ -96.316460829415277, 16.193322842386756 ], [ -96.317152835479774, 16.192952245242399 ], [ -96.317497372373424, 16.192875309110338 ], [ -96.318413207016164, 16.192886870195043 ], [ -96.318698340838921, 16.192926031643012 ], [ -96.319113130751262, 16.193097225944047 ], [ -96.319420554372584, 16.193302627794459 ], [ -96.31990073852559, 16.193606172023788 ], [ -96.320440412621252, 16.1940899736219 ], [ -96.320705510841179, 16.194315161802322 ], [ -96.320922772862389, 16.194578696332986 ], [ -96.320968048480253, 16.19472998626075 ], [ -96.320962072224589, 16.195172471466442 ], [ -96.320880773527009, 16.195352647639382 ], [ -96.320507355047468, 16.195750984042583 ], [ -96.320055197436474, 16.196139858865472 ], [ -96.318318533310077, 16.197556261181997 ], [ -96.317814073881323, 16.19792414806389 ], [ -96.317505340988632, 16.198074354756915 ], [ -96.317196607681652, 16.198224560928349 ], [ -96.316818973952508, 16.198285835948475 ], [ -96.315674151127709, 16.198271370708614 ], [ -96.315338984551872, 16.198302697348872 ], [ -96.31512934016655, 16.198383027164116 ], [ -96.314919695639261, 16.198463356746046 ], [ -96.314655877641513, 16.19866154364491 ], [ -96.313844012453956, 16.199425754520572 ], [ -96.313642724016034, 16.199665373755245 ], [ -96.313578985384936, 16.199842381081478 ], [ -96.313515246617499, 16.200019388368801 ], [ -96.313534424908752, 16.200285504525187 ], [ -96.313751402144518, 16.201173365405598 ], [ -96.313859741687196, 16.20145585054075 ], [ -96.314004045137153, 16.201671052041902 ], [ -96.314148348878931, 16.20188625348818 ], [ -96.314452305959975, 16.202218629471989 ], [ -96.315582172171588, 16.203339312031428 ], [ -96.315874794574057, 16.20373250800144 ], [ -96.316139892623909, 16.204475903012217 ], [ -96.316213380941377, 16.205132202765654 ], [ -96.316296414162295, 16.207456685842782 ], [ -96.316370452774805, 16.208072349429834 ], [ -96.316632935325174, 16.208620963128485 ], [ -96.316972544941038, 16.208953223515849 ], [ -96.317151870585946, 16.209041856730067 ], [ -96.31742077393011, 16.209116380666348 ], [ -96.317625595826087, 16.209134210163715 ], [ -96.318312528096868, 16.209142889391455 ], [ -96.318533740227821, 16.20911520147655 ], [ -96.318879130734345, 16.208977312938721 ], [ -96.319151333266447, 16.208808017073807 ], [ -96.320076217973153, 16.20815585560187 ], [ -96.320538086667057, 16.207958469462682 ], [ -96.321768591345403, 16.207689494000562 ], [ -96.323064586127373, 16.207502623406921 ], [ -96.327882051126267, 16.20689947159547 ], [ -96.329162337927556, 16.206707283996206 ], [ -96.330319550507042, 16.206413625337792 ], [ -96.33069242494561, 16.206186306787799 ], [ -96.331275291716423, 16.205419148284264 ], [ -96.331396917156766, 16.205107382743442 ], [ -96.331381638482696, 16.204419636787204 ], [ -96.331238187278288, 16.203748908228643 ], [ -96.330584034232615, 16.201306587529455 ], [ -96.330424883882444, 16.200630581169779 ], [ -96.330380606096995, 16.200274393381438 ], [ -96.330336328369725, 16.199918205597047 ], [ -96.330368970043551, 16.199576532536138 ], [ -96.330609851567942, 16.198694433414609 ], [ -96.33075213514941, 16.198410023014521 ], [ -96.331175244160022, 16.197964873307605 ], [ -96.332322125867307, 16.196741343252679 ], [ -96.332751689356414, 16.196467312432961 ], [ -96.333712581389705, 16.196171160974668 ], [ -96.335265986332018, 16.195864374203378 ], [ -96.338096145977914, 16.19562268879546 ], [ -96.339075194996497, 16.195540118924537 ], [ -96.340203669305367, 16.195554251005664 ], [ -96.340836727334874, 16.195657011984935 ], [ -96.342662529775907, 16.196122425995213 ], [ -96.343194826350853, 16.196289966252486 ], [ -96.343853069394044, 16.196606414496454 ], [ -96.344261120143926, 16.196890943657799 ], [ -96.345507120441496, 16.197902295875796 ], [ -96.345836253996879, 16.198190916893516 ], [ -96.346126202937114, 16.198526465947037 ], [ -96.346211281445008, 16.198717201027936 ], [ -96.346318365180977, 16.199271749181971 ], [ -96.346440718907331, 16.1994273864393 ], [ -96.346672669126193, 16.199513265799645 ], [ -96.346904619580656, 16.199599144935632 ], [ -96.347444981542381, 16.199688875887375 ], [ -96.349502774466288, 16.199935850716582 ], [ -96.350116194937286, 16.200067130992583 ], [ -96.350518610999018, 16.200249969584007 ], [ -96.350921027898323, 16.200432807519412 ], [ -96.351457369760595, 16.200823922791752 ], [ -96.353155478927405, 16.202283446353412 ], [ -96.353628202706105, 16.202714408595075 ], [ -96.353882163033333, 16.202990228286275 ], [ -96.354136124055387, 16.203266047771816 ], [ -96.354389001168613, 16.203623141996072 ], [ -96.355061175523289, 16.204737942355919 ], [ -96.355182422927385, 16.205108637913789 ], [ -96.355129244090719, 16.205416194340998 ], [ -96.355076065015169, 16.205723750722466 ], [ -96.35480287611459, 16.20623178726596 ], [ -96.353634339606643, 16.207987505840695 ], [ -96.353329599637135, 16.208495146151598 ], [ -96.35320281436907, 16.208801783787312 ], [ -96.353076028644821, 16.209108421281119 ], [ -96.353018525512397, 16.209476888835695 ], [ -96.353003748965392, 16.210583129227711 ], [ -96.353041216109119, 16.210927378392697 ], [ -96.35322968701135, 16.211513988635513 ], [ -96.353908574637217, 16.212439745095772 ], [ -96.355084666977007, 16.213674783989418 ], [ -96.353214137206265, 16.216365866474703 ], [ -96.351387240530229, 16.218994175162543 ], [ -96.347188021908906, 16.22503548167391 ], [ -96.344678950402795, 16.228645217530566 ], [ -96.3424623934376, 16.227809757032915 ], [ -96.340968220742582, 16.227246576260679 ], [ -96.338303135450772, 16.226242057306671 ], [ -96.33798287017197, 16.225689807959188 ], [ -96.337603105854015, 16.225147009372328 ], [ -96.337483934382348, 16.224884716335236 ], [ -96.337508744130318, 16.224734307420142 ], [ -96.3377436935573, 16.22429469193996 ], [ -96.33775771451117, 16.22416446938427 ], [ -96.337672955759885, 16.224080424608662 ], [ -96.337588197080365, 16.223996379809275 ], [ -96.337332008671154, 16.223886474176826 ], [ -96.33630598261368, 16.223541668158241 ], [ -96.336028765346683, 16.22343149703681 ], [ -96.335894936875292, 16.223346835397376 ], [ -96.335761108526199, 16.223262173689861 ], [ -96.335655958717609, 16.223130454557911 ], [ -96.335432916669802, 16.222685088725953 ], [ -96.335343334968073, 16.222568806429464 ], [ -96.335148328668197, 16.222471521514191 ], [ -96.334272342159153, 16.222440192966683 ], [ -96.334082796528946, 16.222458132660964 ], [ -96.333885237660269, 16.222550484728021 ], [ -96.333792556247431, 16.222664476657705 ], [ -96.333557601250746, 16.223104086795598 ], [ -96.333459524964539, 16.223228171591014 ], [ -96.333236791151833, 16.223367623922726 ], [ -96.333016676271072, 16.223442756583321 ], [ -96.332212206715624, 16.223653921493298 ], [ -96.331735847904966, 16.223766727591538 ], [ -96.330749821700721, 16.223395076442376 ], [ -96.329975600414599, 16.223103258406045 ], [ -96.330030035465242, 16.222822303497711 ], [ -96.33005485689192, 16.2224783541797 ], [ -96.330005743682491, 16.222112188090144 ], [ -96.329952448841411, 16.221904912857312 ], [ -96.32980267489981, 16.22170319711854 ], [ -96.329654442555864, 16.221647139865439 ], [ -96.329083449654703, 16.221529310734248 ], [ -96.328914256200903, 16.221467908655217 ], [ -96.328804967716948, 16.22138355210901 ], [ -96.328695679329485, 16.221299195519752 ], [ -96.328552620216612, 16.221119578884217 ], [ -96.328103589378358, 16.220450080833505 ], [ -96.327923660507508, 16.220275079983935 ], [ -96.327728341156885, 16.220201493742636 ], [ -96.327533021976052, 16.220127907342537 ], [ -96.327154895737166, 16.220092661096562 ], [ -96.325780945753593, 16.220075346254642 ], [ -96.32540268322002, 16.220050256055465 ], [ -96.325207045216956, 16.22000037225358 ], [ -96.325011407339517, 16.219950488285594 ], [ -96.324830704350319, 16.219833053556417 ] ] ] ] } },
{ "type": "Feature", "properties": { "fid": 3.0, "cat": 3, "CLAVE_ACUI": "2011", "NOM_ACUIF": "HUATULCO", "VULNERABIL": 2 }, "geometry": { "type": "MultiPolygon", "coordinates": [ [ [ [ -96.323555009542247, 16.220154528796744 ], [ -96.323679979211576, 16.219876252415748 ], [ -96.32396083296068, 16.219437100237258 ], [ -96.32407290917989, 16.21931489042532 ], [ -96.324244972209215, 16.219293351974702 ], [ -96.324378700548422, 16.219384792583945 ], [ -96.324830704350319, 16.219833053556417 ], [ -96.325011407339517, 16.219950488285594 ], [ -96.325207045216956, 16.22000037225358 ], [ -96.32540268322002, 16.220050256055465 ], [ -96.325780945753593, 16.220075346254642 ], [ -96.327154895737166, 16.220092661096562 ], [ -96.327533021976052, 16.220127907342537 ], [ -96.327728341156885, 16.220201493742636 ], [ -96.327923660507508, 16.220275079983935 ], [ -96.328103589378358, 16.220450080833505 ], [ -96.328552620216612, 16.221119578884217 ], [ -96.328695679329485, 16.221299195519752 ], [ -96.328804967716948, 16.22138355210901 ], [ -96.328914256200903, 16.221467908655217 ], [ -96.329083449654703, 16.221529310734248 ], [ -96.329654442555864, 16.221647139865439 ], [ -96.32980267489981, 16.22170319711854 ], [ -96.329952448841411, 16.221904912857312 ], [ -96.330005743682491, 16.222112188090144 ], [ -96.33005485689192, 16.2224783541797 ], [ -96.330030035465242, 16.222822303497711 ], [ -96.329975600414599, 16.223103258406045 ], [ -96.32338694171969, 16.220619873517439 ], [ -96.323555009542247, 16.220154528796744 ] ] ] ] } },
{ "type": "Feature", "properties": { "fid": 5.0, "cat": 5, "CLAVE_ACUI": "2011", "NOM_ACUIF": "HUATULCO", "VULNERABIL": 2 }, "geometry": { "type": "MultiPolygon", "coordinates": [ [ [ [ -96.315760797260211, 16.217745441438623 ], [ -96.316010359841854, 16.217528697755103 ], [ -96.316219324347614, 16.217368152582029 ], [ -96.316365425288978, 16.217282407837118 ], [ -96.316631293851017, 16.217146445426444 ], [ -96.316941026236279, 16.217022802812753 ], [ -96.317733403412205, 16.216706492379224 ], [ -96.318278907938875, 16.216547427829248 ], [ -96.318719882204689, 16.216600417653535 ], [ -96.318983870485226, 16.216779873870514 ], [ -96.319774845090521, 16.217564345675239 ], [ -96.31998031727457, 16.217793865775249 ], [ -96.320148209335784, 16.218080488982721 ], [ -96.320422064396837, 16.218926863103007 ], [ -96.320661266500693, 16.219592517121612 ], [ -96.315760797260211, 16.217745441438623 ] ] ] ] } },
{ "type": "Feature", "properties": { "fid": 6.0, "cat": 6, "CLAVE_ACUI": "2011", "NOM_ACUIF": "HUATULCO", "VULNERABIL": 2 }, "geometry": { "type": "MultiPolygon", "coordinates": [ [ [ [ -96.163083280552598, 16.204867415050291 ], [ -96.163664254755545, 16.204925975903958 ], [ -96.164104091599171, 16.205050381207922 ], [ -96.164543929137594, 16.20517478568582 ], [ -96.165219634073352, 16.205471667121454 ], [ -96.167493265402513, 16.206608293690504 ], [ -96.168153719659855, 16.206869404589192 ], [ -96.168557955291988, 16.206910355714751 ], [ -96.168962191220842, 16.206951306095792 ], [ -96.169456694146774, 16.206807197789491 ], [ -96.170955896042443, 16.206052785096229 ], [ -96.171357375442852, 16.205795675032462 ], [ -96.171731749167918, 16.205350247753078 ], [ -96.171865089673034, 16.204971033773216 ], [ -96.17211296980058, 16.20364679580403 ], [ -96.172203967455928, 16.203287336827358 ], [ -96.17238074551652, 16.202934099998203 ], [ -96.172542288118109, 16.202788934881966 ], [ -96.173119374923758, 16.202464733517818 ], [ -96.173279468258784, 16.202421145944516 ], [ -96.173364476530324, 16.202481542840449 ], [ -96.173449484856391, 16.202541939710216 ], [ -96.17353227254327, 16.202758089911889 ], [ -96.173748599143195, 16.203645997163868 ], [ -96.173857451975948, 16.203877733933503 ], [ -96.17400327833171, 16.203974499374109 ], [ -96.174149104839046, 16.204071264736193 ], [ -96.174456898949117, 16.204116000197551 ], [ -96.175601618974184, 16.204131231336103 ], [ -96.175920216045739, 16.204155788894969 ], [ -96.176091248905507, 16.204205476075263 ], [ -96.176262281872397, 16.204255163130949 ], [ -96.176432350312922, 16.204372569072905 ], [ -96.176883938185568, 16.204821089137624 ], [ -96.177053862839784, 16.20494865256704 ], [ -96.177224559248543, 16.205022040651329 ], [ -96.177395255802551, 16.205095428617735 ], [ -96.177713035474639, 16.205177544978255 ], [ -96.178854616220661, 16.205413975422758 ], [ -96.179266001041682, 16.205568452035557 ], [ -96.17965510818604, 16.205810683573791 ], [ -96.180044216353508, 16.206052914543335 ], [ -96.180744570405835, 16.206590526344883 ], [ -96.183234703327756, 16.208614907205842 ], [ -96.183935220076009, 16.209142353235997 ], [ -96.18432467746122, 16.209360876336927 ], [ -96.184714135786692, 16.209579398853812 ], [ -96.185126352914509, 16.209676304565427 ], [ -96.18627111558996, 16.209691483283002 ], [ -96.186664182815548, 16.209656054252299 ], [ -96.187353732568653, 16.20947554231147 ], [ -96.187945735504726, 16.209253096192459 ], [ -96.190018857455399, 16.208395513663859 ], [ -96.190631881396158, 16.208173337381929 ], [ -96.191419546468168, 16.207994109410301 ], [ -96.19193175932385, 16.207960246351597 ], [ -96.193534422941838, 16.207981441306423 ], [ -96.194057437025194, 16.207927396038201 ], [ -96.194895503243927, 16.207653994919795 ], [ -96.195569724951937, 16.207317466160209 ], [ -96.19787801113705, 16.206020383742008 ], [ -96.198531197273809, 16.205683566327192 ], [ -96.199271128710734, 16.205408850601859 ], [ -96.199674989082652, 16.205353218311036 ], [ -96.200819741140009, 16.205368314710086 ], [ -96.201237076084993, 16.2054754163597 ], [ -96.202039888944611, 16.20596012991162 ], [ -96.20276943279967, 16.206545475248635 ], [ -96.204644899259804, 16.208359872762049 ], [ -96.205717640319108, 16.209228816049464 ], [ -96.206972399460795, 16.210135910207626 ], [ -96.182981506571522, 16.216708306424817 ], [ -96.179986634914584, 16.217528762888854 ], [ -96.167459398351355, 16.210362663701751 ], [ -96.159479707338235, 16.205797949289774 ], [ -96.159619213226364, 16.205545032344563 ], [ -96.159824607005774, 16.20527566417136 ], [ -96.160117407010361, 16.205000477085544 ], [ -96.160292102654068, 16.204916456769936 ], [ -96.160759181755068, 16.20485158613976 ], [ -96.161251742209259, 16.204842933290834 ], [ -96.163083280552598, 16.204867415050291 ] ] ] ] } },
{ "type": "Feature", "properties": { "fid": 7.0, "cat": 8, "CLAVE_ACUI": "2011", "NOM_ACUIF": "HUATULCO", "VULNERABIL": 1 }, "geometry": { "type": "MultiPolygon", "coordinates": [ [ [ [ -96.208756578012043, 16.032290917352334 ], [ -96.208482637729034, 16.032598927430708 ], [ -96.207703698646725, 16.033963785770624 ], [ -96.207193095725259, 16.035422448851026 ], [ -96.206613658194968, 16.036542670421166 ], [ -96.206348147938542, 16.036895942610048 ], [ -96.205408447997314, 16.038002430741845 ], [ -96.205133549454999, 16.038378156071104 ], [ -96.204781152124639, 16.039037352844268 ], [ -96.204552625543229, 16.039603337236098 ], [ -96.203853170903201, 16.041544833799232 ], [ -96.203651899540915, 16.042162087648013 ], [ -96.203494911069441, 16.042871244915116 ], [ -96.203457299841276, 16.043307637894852 ], [ -96.203438769115195, 16.04463498128958 ], [ -96.203454814445337, 16.044990793967553 ], [ -96.20350151947973, 16.045157351908173 ], [ -96.203548224570127, 16.045323909848648 ], [ -96.203665622436574, 16.045443976966148 ], [ -96.204120069585386, 16.045671173810934 ], [ -96.204227672331456, 16.045740312352951 ], [ -96.204251521488445, 16.045788037439273 ], [ -96.204275370655338, 16.045835762524547 ], [ -96.204235908279657, 16.045902981396797 ], [ -96.20400405187263, 16.046121219094566 ], [ -96.203964589341666, 16.046188437891811 ], [ -96.20398843846624, 16.046236163004238 ], [ -96.204012287600705, 16.046283888115621 ], [ -96.2041198905941, 16.046353026754701 ], [ -96.204574340313101, 16.046580223026243 ], [ -96.204697488079773, 16.046664804463973 ], [ -96.204757607693082, 16.046748563254255 ], [ -96.204817727353699, 16.046832322035026 ], [ -96.20486634993307, 16.046987051458899 ], [ -96.204973016121272, 16.04754160456492 ], [ -96.205021780677967, 16.047686175740363 ], [ -96.205082231472034, 16.04774623191712 ], [ -96.205142682302238, 16.047806288082239 ], [ -96.205266634343474, 16.047833305911418 ], [ -96.205724175607614, 16.047839276208926 ], [ -96.205874177155891, 16.047881873741911 ], [ -96.206116643292901, 16.048074692399538 ], [ -96.206313022247869, 16.048307550077173 ], [ -96.206986994406961, 16.049201399955059 ], [ -96.207276785863556, 16.049516756306875 ], [ -96.20795517279916, 16.05009456920801 ], [ -96.208634507843726, 16.050604658688886 ], [ -96.209756365005234, 16.051529176626342 ], [ -96.211019086524701, 16.052399079846147 ], [ -96.212117132857145, 16.053022989279803 ], [ -96.215978673406568, 16.055064631930961 ], [ -96.217182088114484, 16.055669569487112 ], [ -96.218936439458403, 16.056450996310499 ], [ -96.220239240672228, 16.056962381720957 ], [ -96.22456466864098, 16.058567380970008 ], [ -96.225746477896863, 16.059092408089999 ], [ -96.226936116410002, 16.05993757894942 ], [ -96.227453787581538, 16.060619942889748 ], [ -96.228679956806445, 16.062959138372253 ], [ -96.22915505469615, 16.063681589688567 ], [ -96.229650525953033, 16.064197712041246 ], [ -96.230145999739165, 16.064713833624356 ], [ -96.231086541133138, 16.065466014363157 ], [ -96.23448483668038, 16.067943923968507 ], [ -96.235378765092477, 16.068649766119258 ], [ -96.235765424611031, 16.069057788560116 ], [ -96.236152085687181, 16.069465810534396 ], [ -96.236362896138104, 16.069925748431643 ], [ -96.236573354688986, 16.071256082055267 ], [ -96.236674763689066, 16.07164856440173 ], [ -96.236806155209408, 16.071899189681194 ], [ -96.236937547020545, 16.072149814926195 ], [ -96.237211543273943, 16.072473404568132 ], [ -96.238227414624717, 16.073482237111964 ], [ -96.238564874239799, 16.073776164129384 ], [ -96.238844341616584, 16.073957578363935 ], [ -96.239123809534817, 16.074138992309333 ], [ -96.239584829040126, 16.074363390878741 ], [ -96.241177324382903, 16.075047750525616 ], [ -96.241633025511362, 16.075277156839601 ], [ -96.241900077062439, 16.075470261332178 ], [ -96.242167129154694, 16.075663365568253 ], [ -96.242474433072644, 16.075985686449243 ], [ -96.243374418936085, 16.077103641043216 ], [ -96.243691953421106, 16.077446413354672 ], [ -96.243982871866322, 16.077687238615255 ], [ -96.244273791031176, 16.077928063584032 ], [ -96.244787453822582, 16.078273362470551 ], [ -96.246602720882152, 16.079403100261754 ], [ -96.247158559219216, 16.079738777309664 ], [ -96.247547875778309, 16.079957158190403 ], [ -96.247937193267802, 16.080175538489772 ], [ -96.248493689084455, 16.080463805949268 ], [ -96.25031204445196, 16.081372286443141 ], [ -96.250869106813653, 16.081619914278491 ], [ -96.251259736129597, 16.081743475797747 ], [ -96.251650366035335, 16.081867036676066 ], [ -96.252209387639766, 16.081972440727455 ], [ -96.254036898742157, 16.082217196380025 ], [ -96.25453806518729, 16.082326931627691 ], [ -96.254793696144077, 16.082460607070775 ], [ -96.255049327479313, 16.082594282259382 ], [ -96.255278535624967, 16.082866477281907 ], [ -96.25583691347434, 16.083869370297901 ], [ -96.256029000255992, 16.084166489359728 ], [ -96.256198012524223, 16.084358320805308 ], [ -96.256367025109057, 16.084550152164383 ], [ -96.256657831159586, 16.084801122656433 ], [ -96.257676905501597, 16.085588653462995 ], [ -96.258111026497104, 16.085734776481207 ], [ -96.258614435733321, 16.085681965023582 ], [ -96.259117844897389, 16.085629152337034 ], [ -96.260122033313806, 16.085332133936877 ], [ -96.263801404571737, 16.084051632168499 ], [ -96.264832336041422, 16.083719369970975 ], [ -96.265398168359397, 16.083584362749843 ], [ -96.26596400014445, 16.083449353908929 ], [ -96.266549733932564, 16.083395882158474 ], [ -96.268151496873315, 16.083416360051856 ], [ -96.268651784646067, 16.083463395725623 ], [ -96.269018240939289, 16.08356290990816 ], [ -96.269384697693681, 16.083662423517143 ], [ -96.26993142945912, 16.083899713201955 ], [ -96.271749941387199, 16.084808030768031 ], [ -96.272349355183962, 16.085035826991561 ], [ -96.272838726216875, 16.085113195919376 ], [ -96.273328097809355, 16.085190563783115 ], [ -96.274126886773061, 16.085183818826042 ], [ -96.276875825026579, 16.084997586175078 ], [ -96.2776848457939, 16.08501127931768 ], [ -96.278198092183786, 16.085136356485897 ], [ -96.278711339407323, 16.085261432517573 ], [ -96.279368739690042, 16.085605102247655 ], [ -96.281410129889238, 16.086958734519268 ], [ -96.282057033774663, 16.087302263822437 ], [ -96.282545772707451, 16.087427020009311 ], [ -96.283034512422546, 16.087551775169441 ], [ -96.283784004970201, 16.087564689807316 ], [ -96.286304156355399, 16.08737543074805 ], [ -96.28708655276354, 16.087287144846474 ], [ -96.287652068385995, 16.087175782056676 ], [ -96.288217583612479, 16.087064417670593 ], [ -96.289050944538062, 16.086834521401368 ], [ -96.291808921216003, 16.085984379337585 ], [ -96.292631630372895, 16.085764493558987 ], [ -96.293172302092771, 16.085676508672421 ], [ -96.293712973553468, 16.085588522342668 ], [ -96.294435041648043, 16.085557021498015 ], [ -96.296723353042921, 16.085585977443717 ], [ -96.297328739604922, 16.085634276788173 ], [ -96.2975971513563, 16.085732504489805 ], [ -96.297865563419222, 16.085830731893434 ], [ -96.298027067833743, 16.086063084062129 ], [ -96.298243931332735, 16.086950939806584 ], [ -96.298363406282718, 16.087182760528677 ], [ -96.298533749144099, 16.08727974759233 ], [ -96.298704092185616, 16.08737673454452 ], [ -96.299071311402699, 16.087422019068367 ], [ -96.300444315762022, 16.087439367760314 ], [ -96.3008386974942, 16.087418947451589 ], [ -96.30107241878008, 16.087362628191649 ], [ -96.301306139973136, 16.087306308655371 ], [ -96.301579532886294, 16.087165816679079 ], [ -96.302387921712452, 16.086622824642568 ], [ -96.302588445318023, 16.0864306074171 ], [ -96.30271583550369, 16.086076587921518 ], [ -96.302697298187127, 16.085763063222462 ], [ -96.302483401708145, 16.084653967578042 ], [ -96.302365660081463, 16.084293467334383 ], [ -96.302030095840976, 16.083720228322075 ], [ -96.301668461052202, 16.083261815379959 ], [ -96.300316407734002, 16.081695790796093 ], [ -96.299987400430979, 16.081156501913824 ], [ -96.29981266457628, 16.080866406599533 ], [ -96.299804074447735, 16.080205848425091 ], [ -96.299871185178176, 16.079387060979169 ], [ -96.300367681296578, 16.076516703927616 ], [ -96.300445567482981, 16.07567773007413 ], [ -96.300379060272931, 16.075155304167939 ], [ -96.300312553191148, 16.074632878271544 ], [ -96.300044648870255, 16.073979206763244 ], [ -96.298927454894866, 16.071973589833455 ], [ -96.29862707636623, 16.071390632798199 ], [ -96.298342492688249, 16.070675785165754 ], [ -96.298236322062323, 16.0702375314549 ], [ -96.298025442645553, 16.06890719521553 ], [ -96.29785637025563, 16.068457986245861 ], [ -96.297278246895075, 16.06769201334701 ], [ -96.296621431842198, 16.067046974153115 ], [ -96.294134450031919, 16.064802752076115 ], [ -96.293296060379717, 16.06398775702554 ], [ -96.291870536093725, 16.062428677674902 ], [ -96.290672470611455, 16.061016414819523 ], [ -96.286507132213913, 16.055984906984239 ], [ -96.285328774747398, 16.054674480821312 ], [ -96.28399499787497, 16.053590693798455 ], [ -96.283267948747621, 16.053352854529294 ], [ -96.281208822976311, 16.053326716733583 ], [ -96.280506042988932, 16.053236506198459 ], [ -96.2792855300562, 16.052841669699465 ], [ -96.27824472402861, 16.052367826298134 ], [ -96.2746081832762, 16.050551365848758 ], [ -96.27354832859362, 16.049935011904921 ], [ -96.272238844838483, 16.048875181849358 ], [ -96.271428008471489, 16.047977494777008 ], [ -96.268953625482538, 16.044848111515723 ], [ -96.268215385407714, 16.044022465866508 ], [ -96.267244607527431, 16.043298844653815 ], [ -96.266596018393514, 16.043090745628124 ], [ -96.264540047584049, 16.042843228573926 ], [ -96.263963334309864, 16.042757966328359 ], [ -96.263327972218633, 16.042607603366989 ], [ -96.262997025155315, 16.042478062259384 ], [ -96.262087969650267, 16.042023899141959 ], [ -96.261830837038929, 16.04187497875122 ], [ -96.261685387430973, 16.041754580329503 ], [ -96.261539938002471, 16.041634181834873 ], [ -96.261381500460729, 16.041439106782924 ], [ -96.260933025557947, 16.04076955332361 ], [ -96.260701332796515, 16.040553220387537 ], [ -96.260068574557323, 16.040213219516293 ], [ -96.259396328334333, 16.039943835510996 ], [ -96.256891952567955, 16.039026696290335 ], [ -96.256204445709699, 16.038721546341431 ], [ -96.255500441935283, 16.038214667056405 ], [ -96.255182228162468, 16.037795705109581 ], [ -96.254401238152852, 16.036347428957662 ], [ -96.254177153009223, 16.035960153519262 ], [ -96.253912406801689, 16.035601144943566 ], [ -96.253758282582126, 16.035475551013434 ], [ -96.253303782584752, 16.03524845420629 ], [ -96.253175850779883, 16.035128275857513 ], [ -96.253104592956177, 16.034961408354093 ], [ -96.253033335232061, 16.034794540843166 ], [ -96.252957673408957, 16.034437954935488 ], [ -96.252747101033279, 16.033107622449403 ], [ -96.252661074689641, 16.032740743256067 ], [ -96.252565632442725, 16.032549858010434 ], [ -96.252470190354572, 16.032358972747598 ], [ -96.252283524896711, 16.032180465400813 ], [ -96.251603305353797, 16.031729200633656 ], [ -96.251426727803263, 16.031581303421724 ], [ -96.251354822357015, 16.031461842818427 ], [ -96.251282916988728, 16.031342382203178 ], [ -96.251254050313079, 16.031148963480838 ], [ -96.251263149525982, 16.03048526399623 ], [ -96.251229518169453, 16.030256222605317 ], [ -96.251146495626813, 16.030053642442763 ], [ -96.251063473223354, 16.029851062270833 ], [ -96.250859898030413, 16.029501303103068 ], [ -96.250075930434292, 16.028274253102392 ], [ -96.249788464573484, 16.027913256914456 ], [ -96.249230921044756, 16.027455658295636 ], [ -96.248721896682639, 16.02716294153349 ], [ -96.246904002759649, 16.026254521397497 ], [ -96.24636795837462, 16.026017335312474 ], [ -96.245684301698276, 16.025818893700901 ], [ -96.245243692759104, 16.025772592001612 ], [ -96.243871174401349, 16.025754954896744 ], [ -96.243414740900164, 16.025713526306099 ], [ -96.242657236276187, 16.025537833804091 ], [ -96.242031521358726, 16.025328272525087 ], [ -96.239869034381798, 16.024526002249434 ], [ -96.239296265409124, 16.024286634174349 ], [ -96.238785819149967, 16.023971864485407 ], [ -96.238629378104008, 16.023761562643688 ], [ -96.238409765785931, 16.023094924309166 ], [ -96.238384692649987, 16.022881233810303 ], [ -96.238435994407482, 16.022715941803593 ], [ -96.238487296059517, 16.022550649769084 ], [ -96.238658945076793, 16.022292077169837 ], [ -96.239357366803603, 16.021415987146373 ], [ -96.239540216168237, 16.021106755812397 ], [ -96.239617655554525, 16.020823261996743 ], [ -96.23969509465914, 16.02053976811214 ], [ -96.239733500466642, 16.020039017182789 ], [ -96.239757847910425, 16.018269167181359 ], [ -96.23971208439049, 16.017777493454563 ], [ -96.239474176348196, 16.017252866207471 ], [ -96.239180071869271, 16.016995072186663 ], [ -96.238045496741535, 16.016316657785779 ], [ -96.237745514701686, 16.016104508207583 ], [ -96.237612841794416, 16.015948701158379 ], [ -96.237480169086922, 16.015792894057373 ], [ -96.23740108551695, 16.015559880835244 ], [ -96.237297374173522, 16.014784100090647 ], [ -96.237175718419778, 16.014591180133529 ], [ -96.236711703170116, 16.01446666717295 ], [ -96.236170479939034, 16.01448171032926 ], [ -96.234108785902706, 16.014676412813479 ], [ -96.233556779678068, 16.014711630907431 ], [ -96.233042445315121, 16.0146812912221 ], [ -96.232859688266529, 16.014602731841581 ], [ -96.232521156869353, 16.014266461597288 ], [ -96.232444413492459, 16.014118147004947 ], [ -96.232424808422152, 16.013762282706207 ], [ -96.232473544231297, 16.013402219696779 ], [ -96.232720580253869, 16.012077789380445 ], [ -96.232848998275585, 16.011652711471012 ], [ -96.233219002288948, 16.011144949845569 ], [ -96.23485061310646, 16.008953281624908 ], [ -96.235326597087024, 16.008207547399355 ], [ -96.235580803630882, 16.007547011818016 ], [ -96.235590178348289, 16.00712039767339 ], [ -96.235379722510245, 16.005790067663717 ], [ -96.235298913979278, 16.005428334392214 ], [ -96.235298896136698, 16.005428296088645 ], [ -96.235215588342001, 16.005249455062167 ], [ -96.23513226283201, 16.005070575720463 ], [ -96.23497499833617, 16.00492122510294 ], [ -96.234407749453297, 16.004582013520594 ], [ -96.234175987320413, 16.004502825155164 ], [ -96.233661678543342, 16.004472491031748 ], [ -96.233158713679799, 16.004508344096966 ], [ -96.231325852260099, 16.004705983398051 ], [ -96.230796700479033, 16.004736412873029 ], [ -96.230160187939333, 16.00468078653584 ], [ -96.22978003648457, 16.004570891478526 ], [ -96.228642512155375, 16.004113672149572 ], [ -96.228310255932797, 16.003958671652693 ], [ -96.227897248274658, 16.003692558126776 ], [ -96.227639493564027, 16.003467396624959 ], [ -96.226849648930951, 16.002682755651403 ], [ -96.226634447744203, 16.00241745894736 ], [ -96.22642013230805, 16.001964293732414 ], [ -96.226329118875, 16.001582107128467 ], [ -96.226118725623138, 16.000251778007748 ], [ -96.226002088091349, 15.999823539106286 ], [ -96.225668173224975, 15.999155419841482 ], [ -96.225307790713586, 15.998629202369719 ], [ -96.223959933169596, 15.99684163722311 ], [ -96.223620843944374, 15.996295372743672 ], [ -96.223386272097883, 15.995533706639504 ], [ -96.223390257024207, 15.994991876889721 ], [ -96.223643420112381, 15.993225003411391 ], [ -96.223688429233263, 15.992754825596954 ], [ -96.223666871111789, 15.99254118115207 ], [ -96.223645312998187, 15.992327536708537 ], [ -96.223538709711832, 15.992187301850558 ], [ -96.223084344621469, 15.991960160910212 ], [ -96.222966678542775, 15.99186042394326 ], [ -96.222919306588921, 15.991741275066033 ], [ -96.222871934681109, 15.991622126186073 ], [ -96.222854252279305, 15.991381437825883 ], [ -96.222866477688612, 15.990496523192476 ], [ -96.222792508181911, 15.990148424389719 ], [ -96.222435093587166, 15.989408877857249 ], [ -96.221998473068453, 15.988700481233073 ], [ -96.220318347924106, 15.986134172797263 ], [ -96.219849954965667, 15.985445683299931 ], [ -96.219344224130978, 15.984799044506318 ], [ -96.219090142440351, 15.98456376458897 ], [ -96.218410158805597, 15.984112429841952 ], [ -96.218107346750671, 15.983983200908789 ], [ -96.217374206407825, 15.983831466910278 ], [ -96.216629675652911, 15.983743931191759 ], [ -96.213888346044229, 15.983487145998129 ], [ -96.213128279045307, 15.983384156808166 ], [ -96.212322622876712, 15.983160344703224 ], [ -96.21193175223506, 15.982943604003717 ], [ -96.210913349062693, 15.982155958981794 ], [ -96.210633380516541, 15.981894934540328 ], [ -96.210345259472305, 15.981464467571673 ], [ -96.21021362622038, 15.981110539402998 ], [ -96.20988745975481, 15.979889341717048 ], [ -96.209750084151409, 15.979570899610671 ], [ -96.209435163289911, 15.97930603392204 ], [ -96.209122651859872, 15.979246096134412 ], [ -96.207979186262591, 15.979231248669697 ], [ -96.207649584417553, 15.979267608463987 ], [ -96.207254906957758, 15.979452138138134 ], [ -96.207020683438813, 15.97967939231796 ], [ -96.206322314335225, 15.980555380656311 ], [ -96.206098871897822, 15.980762453266813 ], [ -96.20575451334949, 15.980852805417472 ], [ -96.205486015613829, 15.980774807313187 ], [ -96.204577387650957, 15.980320462426659 ], [ -96.204287465298222, 15.980272664815269 ], [ -96.203843118941208, 15.98050395547016 ], [ -96.203498259484931, 15.980882167960551 ], [ -96.202333250907742, 15.982415863911813 ], [ -96.20197760114182, 15.982814252807648 ], [ -96.201482921260592, 15.983139709860639 ], [ -96.201131886592449, 15.983206259795075 ], [ -96.199988406331897, 15.983191366272862 ], [ -96.199618349021193, 15.983115424323772 ], [ -96.199034895734627, 15.982775924988276 ], [ -96.198571449653073, 15.982366867785133 ], [ -96.196992168175356, 15.980797429496784 ], [ -96.196528730884253, 15.980388369209102 ], [ -96.195945291387872, 15.980048863496759 ], [ -96.195575242381636, 15.979972915725259 ], [ -96.194431785947444, 15.979957995599669 ], [ -96.19409196624116, 15.979973880506231 ], [ -96.193649596497423, 15.980062933285426 ], [ -96.193357459168183, 15.980174266716659 ], [ -96.192436519440506, 15.980604767750728 ], [ -96.192160628887649, 15.980680751338189 ], [ -96.191977355237142, 15.980642797150205 ], [ -96.191794081681437, 15.98060484281671 ], [ -96.191546333902039, 15.980420418630871 ], [ -96.19075672830337, 15.979635680110261 ], [ -96.19054162084899, 15.979370401255984 ], [ -96.190327388434554, 15.978917172938672 ], [ -96.190236449313304, 15.978534982883261 ], [ -96.190026299455525, 15.977204657712591 ], [ -96.189898962612261, 15.976796591876193 ], [ -96.189514874305047, 15.976222609532204 ], [ -96.189093514702407, 15.975810700117279 ], [ -96.187511270127558, 15.974462433640422 ], [ -96.187096226197468, 15.973974384329292 ], [ -96.186868901064528, 15.97350742557507 ], [ -96.186721871220726, 15.972864024539245 ], [ -96.186650088111008, 15.972205804430418 ], [ -96.186577491718694, 15.969217809095156 ], [ -96.186453596421146, 15.968438947047213 ], [ -96.185948019947304, 15.967792252645385 ], [ -96.185349663713552, 15.967647264219204 ], [ -96.183062912161049, 15.967617331677896 ], [ -96.182425036383179, 15.967669937781768 ], [ -96.181735030401256, 15.967945378654656 ], [ -96.18138718235241, 15.968286260519998 ], [ -96.180453890506215, 15.969601599480335 ], [ -96.180168897831095, 15.969953462500836 ], [ -96.179772230988576, 15.97028015413278 ], [ -96.179490557399376, 15.970394993551036 ], [ -96.178572747480331, 15.970604217210177 ], [ -96.1783078917518, 15.970643075837639 ], [ -96.178148800428417, 15.970629135342154 ], [ -96.177989709147198, 15.970615194732362 ], [ -96.177800018484405, 15.970536506123693 ], [ -96.177232979152492, 15.970197173271799 ], [ -96.177086003376601, 15.97006824496532 ], [ -96.177026578982947, 15.969937079036171 ], [ -96.17696715465496, 15.969805913101647 ], [ -96.176944346383749, 15.96956008166514 ], [ -96.176956755874116, 15.968675200121631 ], [ -96.176934089956617, 15.968419210604624 ], [ -96.176874998359381, 15.968264342525712 ], [ -96.176815906835472, 15.96810947444324 ], [ -96.176669739940763, 15.967922983678518 ], [ -96.176105812609293, 15.967362429006009 ], [ -96.175734816885921, 15.967106946726187 ], [ -96.174567433850299, 15.966475248212207 ], [ -96.173270746608964, 15.965828298923945 ], [ -96.168386996672865, 15.963440847576003 ], [ -96.167117246601194, 15.96274850179325 ], [ -96.166075422601423, 15.961905060232175 ], [ -96.165856845278469, 15.961392494656115 ], [ -96.165878634853144, 15.959843965621225 ], [ -96.165974195600285, 15.959396496319627 ], [ -96.166186276190984, 15.959126665656875 ], [ -96.166908738341007, 15.958533357644379 ], [ -96.168866352506015, 15.957563447766459 ], [ -96.16939212082012, 15.957265565837833 ], [ -96.169640111150557, 15.957055469038437 ], [ -96.169888100974475, 15.956845371865693 ], [ -96.170070876426777, 15.956542977790493 ], [ -96.170427847028876, 15.955551999565341 ], [ -96.170541873433137, 15.955284260764531 ], [ -96.170629450947885, 15.955155026345647 ], [ -96.170717028341969, 15.95502579187157 ], [ -96.170853223425709, 15.954924289401795 ], [ -96.171313645348491, 15.954709079539001 ], [ -96.171445231841858, 15.954561796427686 ], [ -96.171522056131636, 15.954325741071173 ], [ -96.171598880198147, 15.95408968565358 ], [ -96.171686790935681, 15.953562524785331 ], [ -96.171943388128142, 15.951574550778222 ], [ -96.172053862438304, 15.950935926555056 ], [ -96.172183339186248, 15.950439790666486 ], [ -96.172312815098408, 15.949943654576922 ], [ -96.172572271941618, 15.949164746991862 ], [ -96.173524101547997, 15.946522112043271 ], [ -96.173724876317934, 15.945808471042158 ], [ -96.173717445105225, 15.945464628851663 ], [ -96.173710013816702, 15.945120786655414 ], [ -96.173488008940083, 15.944852021660978 ], [ -96.172466852697724, 15.944285467024683 ], [ -96.172127366382767, 15.944157397822746 ], [ -96.171564249584847, 15.94412629770139 ], [ -96.17109928271158, 15.944209937647976 ], [ -96.169492550922811, 15.944631350442279 ], [ -96.168980408311242, 15.944709285590772 ], [ -96.168197144734279, 15.944651576424254 ], [ -96.16759034059551, 15.944491199376662 ], [ -96.165541861286755, 15.943800473520156 ], [ -96.164905565621581, 15.943497463220483 ], [ -96.163984658985569, 15.942774149730639 ], [ -96.16330537601884, 15.942043855205656 ], [ -96.161056326438455, 15.939359120615544 ], [ -96.160387706732834, 15.938618800630325 ], [ -96.159516500010554, 15.937848715836603 ], [ -96.158940536482575, 15.937488914778651 ], [ -96.157123920438991, 15.93657992174631 ], [ -96.156604776686194, 15.936286903977013 ], [ -96.155998712490529, 15.935828487714266 ], [ -96.155652049889014, 15.935466625658503 ], [ -96.154640360744708, 15.93423635135929 ], [ -96.154377546829153, 15.933885754756199 ], [ -96.154270155461816, 15.9336828340211 ], [ -96.154162764284607, 15.933479913264241 ], [ -96.154118745306803, 15.933250736464833 ], [ -96.154128105225283, 15.93258708625104 ], [ -96.154069270085714, 15.932291675116666 ], [ -96.153785347445776, 15.931576740011085 ], [ -96.153438580548979, 15.93085081511043 ], [ -96.15210427529675, 15.928178098856275 ], [ -96.151684605966963, 15.927410570578404 ], [ -96.151060438904636, 15.926501489495376 ], [ -96.150588440657316, 15.925970330250772 ], [ -96.149009960912394, 15.924400664059261 ], [ -96.148594491255253, 15.923956607282502 ], [ -96.148234098766721, 15.923454013029643 ], [ -96.148134720663279, 15.923180078451237 ], [ -96.148031347819384, 15.922404311558015 ], [ -96.147941463657375, 15.922201620887247 ], [ -96.147783420386887, 15.922116559358132 ], [ -96.147625377263722, 15.922031497734199 ], [ -96.147263709517574, 15.921991154842486 ], [ -96.145892013812343, 15.921973006117389 ], [ -96.145461035273513, 15.922007941078466 ], [ -96.144821496209147, 15.922189123633675 ], [ -96.144338846725532, 15.922413020576553 ], [ -96.142726014545133, 15.923276682949073 ], [ -96.14229067232165, 15.923496121483801 ], [ -96.141871914629107, 15.923656513786549 ], [ -96.141709032292837, 15.92366620788907 ], [ -96.141367673035035, 15.923551055002722 ], [ -96.141269215263875, 15.923460005672361 ], [ -96.141210160001805, 15.92330513382093 ], [ -96.141151104812536, 15.923150261966191 ], [ -96.141080833412047, 15.922798820320264 ], [ -96.140871011256593, 15.921468503083949 ], [ -96.140848626701825, 15.921071977599844 ], [ -96.140901306628407, 15.92081191002754 ], [ -96.140953986362774, 15.920551842414648 ], [ -96.141126884186576, 15.920205317425891 ], [ -96.141828376479211, 15.919108333891398 ], [ -96.142012199929738, 15.918731473349025 ], [ -96.142090377432638, 15.918400624896137 ], [ -96.142168554589247, 15.918069776364073 ], [ -96.142208095177097, 15.917501355678624 ], [ -96.142236261681276, 15.915510422738279 ], [ -96.142381204036226, 15.914912918739164 ], [ -96.142705319869989, 15.914514208830305 ], [ -96.143029434370078, 15.914115498211473 ], [ -96.143810532966214, 15.91357382724469 ], [ -96.146807404284345, 15.91184342109441 ], [ -96.147587768326105, 15.911352522605993 ], [ -96.147910195654177, 15.911072310697776 ], [ -96.148232622102981, 15.910792098154539 ], [ -96.148373480303917, 15.910482393084678 ], [ -96.148385966456445, 15.909597528702491 ], [ -96.148332126589111, 15.909320810047372 ], [ -96.148068388791998, 15.908914320656658 ], [ -96.147745461137291, 15.908610339895704 ], [ -96.146326200781346, 15.907423206361962 ], [ -96.146017230699144, 15.907246405259643 ], [ -96.145480398277329, 15.907097069728811 ], [ -96.145022464681233, 15.907060533857864 ], [ -96.14342227450517, 15.907039362211567 ], [ -96.142837374757832, 15.907072259559994 ], [ -96.141708030741071, 15.907246955557083 ], [ -96.14038924730221, 15.907454130152079 ], [ -96.138963976200102, 15.907767126064924 ], [ -96.13787076741977, 15.90810822153761 ], [ -96.134194376797424, 15.909386967869345 ], [ -96.132887613937129, 15.909979190957223 ], [ -96.130465780450166, 15.911464174981676 ], [ -96.128312760523301, 15.912993342469415 ], [ -96.120890200602972, 15.918870508964257 ], [ -96.120717876304212, 15.91892916609534 ], [ -96.120260661800145, 15.918923062394807 ], [ -96.120067342817592, 15.918981438671448 ], [ -96.119622401260102, 15.919259964898011 ], [ -96.119180088302357, 15.919599482405511 ], [ -96.117123892483164, 15.921239865750447 ], [ -96.11670377468306, 15.921495010780736 ], [ -96.116540606150139, 15.921525001108867 ], [ -96.116199271676621, 15.921409811260379 ], [ -96.116105714180918, 15.921344216587627 ], [ -96.116058080478396, 15.921248757417759 ], [ -96.116010446814897, 15.921153298244057 ], [ -96.115967908062501, 15.920946152454484 ], [ -96.115864661324352, 15.92017039047602 ], [ -96.115722326043056, 15.919966989935283 ], [ -96.115161342026354, 15.919793548578266 ], [ -96.114502271889307, 15.919749174120454 ], [ -96.111987598192044, 15.919715517722761 ], [ -96.111327513690512, 15.91974223650084 ], [ -96.110761789000222, 15.919900597280471 ], [ -96.110613694955092, 15.920100109801472 ], [ -96.110488313602104, 15.920872808275877 ], [ -96.110486308419794, 15.921135234648158 ], [ -96.110544320846969, 15.921361213699168 ], [ -96.110602333362252, 15.921587192751923 ], [ -96.110770088970398, 15.921970420787479 ], [ -96.111436927958508, 15.923306859724221 ], [ -96.111531204067404, 15.923689103279919 ], [ -96.111304314921924, 15.924136467801846 ], [ -96.110885910427513, 15.924393315569887 ], [ -96.109160239330279, 15.925144564505826 ], [ -96.108700131477661, 15.92538052920812 ], [ -96.108278638358186, 15.925730457945203 ], [ -96.108136613638564, 15.925994392293072 ], [ -96.107895323931999, 15.926876157419118 ], [ -96.107864031653293, 15.927106018655129 ], [ -96.107911662050654, 15.927201479180498 ], [ -96.107959292486996, 15.927296939702053 ], [ -96.10812667184905, 15.927339822735565 ], [ -96.108812514882402, 15.927349021200563 ], [ -96.109095222766243, 15.927403609543674 ], [ -96.10941195316741, 15.927526383483784 ], [ -96.109728684023509, 15.927649157020406 ], [ -96.110350922368369, 15.927945349803135 ], [ -96.112621256375746, 15.929082024258349 ], [ -96.11325414753253, 15.929368193105194 ], [ -96.113595718150748, 15.929467588856685 ], [ -96.113937289192791, 15.929566984120912 ], [ -96.114280313023315, 15.929564803308992 ], [ -96.115197947449246, 15.929355833786394 ], [ -96.115446636531189, 15.929342229119248 ], [ -96.115568094290879, 15.929414970902222 ], [ -96.115689552145696, 15.929487712630696 ], [ -96.115787885509846, 15.929709151123307 ], [ -96.116003859457606, 15.930597047396699 ], [ -96.116198125674799, 15.930718174162623 ], [ -96.116543425819273, 15.930556854674025 ], [ -96.116888725485623, 15.930395534538238 ], [ -96.117681026507142, 15.92981349099713 ], [ -96.120687790707763, 15.927419896077195 ], [ -96.121533572380628, 15.926767432064636 ], [ -96.122003700785356, 15.926441829036564 ], [ -96.122473827759151, 15.926116224723373 ], [ -96.12297127147805, 15.925838394979706 ], [ -96.12435241895146, 15.925193060355095 ], [ -96.124727472015152, 15.925030428757237 ], [ -96.124912024359645, 15.924973625357168 ], [ -96.125096576625097, 15.924916821781542 ], [ -96.125248816314325, 15.924917158250153 ], [ -96.125590164066864, 15.925032335548694 ], [ -96.125688903384159, 15.925103075671263 ], [ -96.125748621144879, 15.925210547448113 ], [ -96.125808338962131, 15.925318019217938 ], [ -96.125880221942623, 15.925554341333367 ], [ -96.126096240898178, 15.926442234362039 ], [ -96.126077953726522, 15.926743391929469 ], [ -96.125776592838548, 15.927260900438936 ], [ -96.125364363021546, 15.927699039822885 ], [ -96.123741970941694, 15.929226172203936 ], [ -96.123287451624265, 15.929684061150546 ], [ -96.122788766509217, 15.930293752825374 ], [ -96.122530879308115, 15.930706852682377 ], [ -96.121826086451847, 15.932024958954127 ], [ -96.121584303856437, 15.932412873154471 ], [ -96.121160782910621, 15.932905034833746 ], [ -96.120797535497729, 15.933220208431141 ], [ -96.119525895939219, 15.934198851754221 ], [ -96.119131869937618, 15.934462814910237 ], [ -96.118564755242872, 15.934715992257258 ], [ -96.118148606291697, 15.934813716267689 ], [ -96.116773697338076, 15.935016577593238 ], [ -96.116411199308573, 15.93503373968087 ], [ -96.116252825513484, 15.934972356623531 ], [ -96.116094451832154, 15.934910973465232 ], [ -96.116004453552478, 15.934718431586852 ], [ -96.115901208949708, 15.933942669301913 ], [ -96.115858669928571, 15.933735523278061 ], [ -96.115811034457451, 15.93364006368547 ], [ -96.115763399025354, 15.933544604089043 ], [ -96.115669836767125, 15.933479008385795 ], [ -96.115328483991533, 15.93336381401199 ], [ -96.115170627118317, 15.933388793128749 ], [ -96.114775313694679, 15.933620556469869 ], [ -96.114368436116465, 15.93392666711077 ], [ -96.112864977529242, 15.935123412392299 ], [ -96.112473477870935, 15.935455123249264 ], [ -96.112149947836869, 15.935806369789359 ], [ -96.112079262683849, 15.935976440459328 ], [ -96.112072929248157, 15.936418857447674 ], [ -96.11202338536728, 15.936579051905362 ], [ -96.111798513708337, 15.936884208849895 ], [ -96.111526811809028, 15.937159952505707 ], [ -96.11048373556514, 15.938141595367611 ], [ -96.110159830270021, 15.938396317708511 ], [ -96.109691354115796, 15.938603382522572 ], [ -96.109346008395747, 15.938644467101719 ], [ -96.10820287244421, 15.938629127371158 ], [ -96.107841997997127, 15.938654761884036 ], [ -96.107301052135242, 15.938789732112451 ], [ -96.106889146283606, 15.938956911970767 ], [ -96.105507860497369, 15.939602109020711 ], [ -96.105036097722234, 15.939915792312819 ], [ -96.104215824464887, 15.940734454318196 ], [ -96.103515764206023, 15.94159028644604 ], [ -96.101069044419503, 15.944765485162737 ], [ -96.100447767137211, 15.94561728359707 ], [ -96.099995239763345, 15.946417168417476 ], [ -96.099793064261064, 15.946981146346529 ], [ -96.099142500025579, 15.94663722965489 ], [ -96.096836502281548, 15.945418178450129 ], [ -96.095501946314144, 15.944712673831097 ], [ -96.095104608092313, 15.942031717330305 ], [ -96.094624901966725, 15.938795000636075 ], [ -96.093968493817485, 15.934366024015642 ], [ -96.092895595695481, 15.927126868462937 ], [ -96.092404160065541, 15.923811009392761 ], [ -96.081426837421304, 15.917158591874063 ], [ -96.064861349153617, 15.907119664539129 ], [ -96.049417270850483, 15.890244982317229 ], [ -96.03960770855015, 15.87952674822742 ], [ -96.022802180663547, 15.861164503677022 ], [ -96.023424218434698, 15.860767602497576 ], [ -96.02446392889189, 15.860007571307676 ], [ -96.02474023290236, 15.859774330352968 ], [ -96.024989945144014, 15.859445907365885 ], [ -96.025070373238108, 15.859209972964871 ], [ -96.025195991720551, 15.858437368838999 ], [ -96.02524981338567, 15.858226465693201 ], [ -96.025312588428378, 15.858120660480619 ], [ -96.025375363398723, 15.858014855237688 ], [ -96.025500898930986, 15.857923457684425 ], [ -96.025961181067558, 15.857708545599486 ], [ -96.026143460596785, 15.857683959973564 ], [ -96.026338638775371, 15.857734049790718 ], [ -96.026533817080434, 15.857784139447887 ], [ -96.026909190293125, 15.85795183827984 ], [ -96.028270581428913, 15.858634249464764 ], [ -96.028699466416114, 15.858731568216761 ], [ -96.029019499146955, 15.858617441468366 ], [ -96.029339531591589, 15.85850331418332 ], [ -96.029825023256961, 15.858079917671109 ], [ -96.031450569193183, 15.856332312137461 ], [ -96.031947287692248, 15.855858268665896 ], [ -96.032293532702269, 15.855625974742383 ], [ -96.032639776970314, 15.855393680124306 ], [ -96.033132330202477, 15.855204025911815 ], [ -96.034738421648967, 15.854783555202607 ], [ -96.035177764141309, 15.854643961573498 ], [ -96.035399852154271, 15.854528482238383 ], [ -96.035621939943454, 15.854413002630828 ], [ -96.035817134390697, 15.854222655556036 ], [ -96.036283864588512, 15.853565327865043 ], [ -96.036447429904655, 15.85338470592378 ], [ -96.036595718102646, 15.853291918956444 ], [ -96.036744006175525, 15.85319913186353 ], [ -96.037004121358578, 15.85311464785612 ], [ -96.037921415503945, 15.852905960958866 ], [ -96.038218923182896, 15.852776271605402 ], [ -96.038454460744134, 15.852578007601529 ], [ -96.03868999785557, 15.852379743259345 ], [ -96.039065452846884, 15.851942963149771 ], [ -96.040346489319276, 15.850301178253341 ], [ -96.040780758895806, 15.849789005426086 ], [ -96.041153541967745, 15.849414830752186 ], [ -96.041526323653699, 15.849040655190011 ], [ -96.042157145619967, 15.84848375524124 ], [ -96.044355396287514, 15.846633223324314 ], [ -96.045021966701015, 15.846142834045466 ], [ -96.04547818361263, 15.845923866483416 ], [ -96.045934399669804, 15.84570489778741 ], [ -96.046571307087504, 15.845569664350917 ], [ -96.048631110564259, 15.84537650167281 ], [ -96.049272746071196, 15.845276880949559 ], [ -96.049739993643385, 15.845141019295925 ], [ -96.050207240755341, 15.845005156524868 ], [ -96.050900596505386, 15.844716599028436 ], [ -96.053201750347839, 15.843641707079762 ], [ -96.05383184729321, 15.843372596337213 ], [ -96.054151502809006, 15.843282125590898 ], [ -96.054471158117551, 15.843191654323089 ], [ -96.05475436362714, 15.843202277969509 ], [ -96.055436680167588, 15.843432797116851 ], [ -96.055662028797343, 15.843452792229741 ], [ -96.0558466833496, 15.843384188366434 ], [ -96.056031337801144, 15.843315584323912 ], [ -96.056333572870813, 15.843099577655263 ], [ -96.057374689143671, 15.842228750876396 ], [ -96.057671822166427, 15.842002513409071 ], [ -96.058019257083345, 15.841604253362888 ], [ -96.058487268012598, 15.841656324832455 ], [ -96.059076575553703, 15.84154580265842 ], [ -96.059196601951896, 15.841953797620802 ], [ -96.059437925120349, 15.842199199736617 ], [ -96.060628714880806, 15.842989713798307 ], [ -96.06092927963077, 15.843251157305572 ], [ -96.0613095878698, 15.843683001628451 ], [ -96.061565061910116, 15.844038651562844 ], [ -96.062347240476925, 15.845266103031568 ], [ -96.062557264053069, 15.845499225916168 ], [ -96.062656227110153, 15.845429453947629 ], [ -96.062755190102919, 15.845359681921895 ], [ -96.062827917224027, 15.844927210503661 ], [ -96.062969381073216, 15.843048554188602 ], [ -96.062964879836926, 15.842513443665224 ], [ -96.062802414116092, 15.841894918043353 ], [ -96.062574822271955, 15.841546420452209 ], [ -96.061675197604217, 15.840538622569989 ], [ -96.061335581325125, 15.840195941972837 ], [ -96.061384635985206, 15.840069617890839 ], [ -96.061732197528002, 15.839742466001095 ], [ -96.061885002014932, 15.839698822058187 ], [ -96.06225052908546, 15.839822302343766 ], [ -96.062619906910413, 15.840042346371776 ], [ -96.063978150537025, 15.840945734571399 ], [ -96.064384036792262, 15.841181509727511 ], [ -96.064651979208406, 15.841279959440376 ], [ -96.064919921936053, 15.841378408864504 ], [ -96.06527958523624, 15.84142391822011 ], [ -96.066422128836166, 15.841439393130694 ], [ -96.066740849364209, 15.841413231297105 ], [ -96.066913258344513, 15.841344451274139 ], [ -96.067085667228341, 15.841275671093632 ], [ -96.067259543398663, 15.841105318599174 ], [ -96.06772614593612, 15.840447899935635 ], [ -96.067942578436146, 15.840237485838649 ], [ -96.068214287031012, 15.840075229117488 ], [ -96.06848599522894, 15.839912971979542 ], [ -96.069045871799673, 15.83965979366411 ], [ -96.071115204444581, 15.838802795884199 ], [ -96.071728124865942, 15.838509689676762 ], [ -96.072123609961437, 15.838254280365048 ], [ -96.072519094132545, 15.837998870157204 ], [ -96.073036129264239, 15.837562234547407 ], [ -96.07465797809779, 15.836035413404369 ], [ -96.075116709672429, 15.835638621277827 ], [ -96.075376166035454, 15.835476188276376 ], [ -96.075635622015298, 15.835313754891716 ], [ -96.075918195177294, 15.835246452934488 ], [ -96.076903452038437, 15.835273918704821 ], [ -96.077403111035125, 15.83516997059953 ], [ -96.076646072897944, 15.836119811659064 ], [ -96.075479337923895, 15.838230742510522 ], [ -96.075349412951823, 15.838750497865211 ], [ -96.07539263096831, 15.83902876785811 ], [ -96.075724241834905, 15.839807605854457 ], [ -96.075936880781541, 15.839981490201039 ], [ -96.076059819479809, 15.840189721258399 ], [ -96.076253570218853, 15.840217734234059 ], [ -96.076939098914394, 15.840226984518932 ], [ -96.077159739988261, 15.84020964275202 ], [ -96.077503869232046, 15.84011946517019 ], [ -96.077790536070111, 15.840023865735617 ], [ -96.080323630951938, 15.839217183579454 ], [ -96.080869906602743, 15.839098117352981 ], [ -96.081802309676192, 15.838968447216322 ], [ -96.082344874173089, 15.838945276172879 ], [ -96.083944440540364, 15.83896681018957 ], [ -96.084550400074576, 15.838914008755349 ], [ -96.085778642123032, 15.838646070623907 ], [ -96.087376444983406, 15.838262309596088 ], [ -96.088579519239985, 15.838041426408674 ], [ -96.089059028300966, 15.837902251159667 ], [ -96.090093661669755, 15.837473650724801 ], [ -96.09038504245143, 15.837344068632174 ], [ -96.090599179947773, 15.837248837638489 ], [ -96.091059505527696, 15.837044121199209 ], [ -96.09255257352801, 15.836603600033202 ], [ -96.09297568032359, 15.836494136580804 ], [ -96.093687046601033, 15.836408857295311 ], [ -96.094280177801465, 15.836396492573709 ], [ -96.096336759696797, 15.836424059494357 ], [ -96.096949788572331, 15.836488149800665 ], [ -96.09775400723197, 15.836759681188035 ], [ -96.098289863143918, 15.837083493393095 ], [ -96.099815003058652, 15.838152592798364 ], [ -96.10029350196595, 15.838573841447589 ], [ -96.101138173120162, 15.839606734601075 ], [ -96.101562973688829, 15.840359138807802 ], [ -96.102896180304782, 15.843031980827307 ], [ -96.10334657366289, 15.843830443400199 ], [ -96.10411001466683, 15.844878612007689 ], [ -96.104762818246527, 15.845590036976011 ], [ -96.107016499204221, 15.84783266577908 ], [ -96.107673048687332, 15.848650809704901 ], [ -96.10807814388717, 15.849438502326219 ], [ -96.108483241828338, 15.85022619466257 ], [ -96.108984111476758, 15.851658601541478 ], [ -96.110511337434758, 15.856767782660716 ], [ -96.111028622502559, 15.858154690085788 ], [ -96.111915366105066, 15.859517742573944 ], [ -96.112664856517199, 15.86007805152698 ], [ -96.115275750345887, 15.861329759270589 ], [ -96.1160134179907, 15.861615593117291 ], [ -96.116844951759845, 15.861697790764426 ], [ -96.116861971357963, 15.86238717503581 ], [ -96.116850959840534, 15.863161413284413 ], [ -96.116826672363246, 15.863393066483825 ], [ -96.116724342455967, 15.863699876472014 ], [ -96.116602444205128, 15.863906523173132 ], [ -96.116135913880001, 15.864564063584377 ], [ -96.115945923277891, 15.86477865690822 ], [ -96.115494174243523, 15.865158309225295 ], [ -96.115233239278993, 15.865300450434487 ], [ -96.11396521426974, 15.86605792217698 ], [ -96.113597741246551, 15.866310394733658 ], [ -96.112994854762661, 15.866878057181994 ], [ -96.112548007314061, 15.867298793767544 ], [ -96.11235160339659, 15.867577252499604 ], [ -96.111881897575856, 15.868455989685337 ], [ -96.111769303374274, 15.868745726088131 ], [ -96.111713572089258, 15.869219093138186 ], [ -96.11174655049382, 15.869605595482676 ], [ -96.111956182031633, 15.870935906153791 ], [ -96.11205730392544, 15.871328398230116 ], [ -96.112188439067168, 15.871579057683515 ], [ -96.112319574493014, 15.871829717106104 ], [ -96.112593125330832, 15.872153394669729 ], [ -96.113607430765455, 15.873162569241385 ], [ -96.113913193521299, 15.873435877937499 ], [ -96.114413752039979, 15.873789675591304 ], [ -96.11478536869673, 15.873984278999476 ], [ -96.115520486197539, 15.874042626112155 ], [ -96.115777817687857, 15.874154427101319 ], [ -96.11606762587104, 15.874442759922585 ], [ -96.116665674421412, 15.875855012081631 ], [ -96.117025635715933, 15.876254341567023 ], [ -96.117781066154137, 15.876525175226529 ], [ -96.118676249614211, 15.876687806962057 ], [ -96.122098356231902, 15.877175891517631 ], [ -96.123040705086282, 15.877344213692556 ], [ -96.123528458552641, 15.877492938097888 ], [ -96.124016212911371, 15.877641661517808 ], [ -96.124467445801429, 15.877898267440299 ], [ -96.1255976956095, 15.878798313688453 ], [ -96.125933629773471, 15.87904322452294 ], [ -96.126152348301673, 15.879164661196995 ], [ -96.126371067118754, 15.87928609769156 ], [ -96.126660043020536, 15.879388148572296 ], [ -96.127571160841129, 15.879621511155824 ], [ -96.127913911281453, 15.87963283826169 ], [ -96.128258102413511, 15.879542587518552 ], [ -96.128602293327745, 15.879452336175301 ], [ -96.129242944477426, 15.879183147543195 ], [ -96.131544255466267, 15.878107420069471 ], [ -96.132228462890453, 15.877727042742491 ], [ -96.132674296753819, 15.877377367236909 ], [ -96.13312012913083, 15.877027690547031 ], [ -96.133709729483741, 15.87640899362288 ], [ -96.135569509919875, 15.8742210824024 ], [ -96.136084767161279, 15.873662349983038 ], [ -96.136357156074439, 15.873452603289085 ], [ -96.136629544444816, 15.873242856155112 ], [ -96.136892542888987, 15.873202312854595 ], [ -96.137575094141894, 15.87343260452456 ], [ -96.137819551637548, 15.87358992925787 ], [ -96.138048676660361, 15.873841874935692 ], [ -96.138277802241589, 15.874093820459015 ], [ -96.138687989942085, 15.874656340117102 ], [ -96.14014396447061, 15.876777537891934 ], [ -96.140520238068916, 15.877512322530301 ], [ -96.140670214364604, 15.878166222716107 ], [ -96.140820191278152, 15.878820122922352 ], [ -96.140872419793766, 15.879953624754238 ], [ -96.140816188476066, 15.883935498521707 ], [ -96.140889835099983, 15.885038804296704 ], [ -96.14108979835909, 15.885622248041086 ], [ -96.141289762510326, 15.886205691761962 ], [ -96.141787443263894, 15.886769367462298 ], [ -96.143710041471749, 15.888232958919875 ], [ -96.144371782530527, 15.888702281343123 ], [ -96.144954538707765, 15.889065574250308 ], [ -96.145537297141445, 15.889428865915676 ], [ -96.146540579458232, 15.889997519563185 ], [ -96.150057088367561, 15.891924626703231 ], [ -96.150981605358965, 15.892497304075563 ], [ -96.151380535847636, 15.892870011510027 ], [ -96.151779467817065, 15.893242718435767 ], [ -96.151994750281133, 15.89373492133034 ], [ -96.152201536414623, 15.895286455123243 ], [ -96.152276192910108, 15.895700605287518 ], [ -96.152346998064402, 15.895891188733138 ], [ -96.152417803325051, 15.896081772174375 ], [ -96.15254544742281, 15.896212146082933 ], [ -96.152999509900241, 15.896439390298237 ], [ -96.153116658206883, 15.896569625596976 ], [ -96.153162972711058, 15.896759886094891 ], [ -96.153209287273, 15.896950146594165 ], [ -96.153224466005966, 15.897363512750273 ], [ -96.153202669428524, 15.898912033659402 ], [ -96.153217418620997, 15.899355873576923 ], [ -96.153308046367471, 15.899878605778337 ], [ -96.153422765707703, 15.900181526143484 ], [ -96.153867496800672, 15.901072422095384 ], [ -96.15406633372605, 15.90136629129448 ], [ -96.15465304516924, 15.901949747483695 ], [ -96.155136221833473, 15.902430240011348 ], [ -96.155555160165591, 15.902750714697735 ], [ -96.157414633846216, 15.904075665766547 ], [ -96.157736001575756, 15.904491371014579 ], [ -96.157845219125505, 15.904812844266139 ], [ -96.157945523101517, 15.905809830265348 ], [ -96.158171921526659, 15.906010928058995 ], [ -96.158650032519205, 15.905981662460523 ], [ -96.159128143556629, 15.905952395778879 ], [ -96.160267774311421, 15.905667675012868 ], [ -96.164629804157528, 15.904397453923368 ], [ -96.165818012013204, 15.904016820084955 ], [ -96.166409493627725, 15.903763813214864 ], [ -96.167000973985907, 15.90351080447609 ], [ -96.167502713395578, 15.903168563833189 ], [ -96.168661197484255, 15.902077455908492 ], [ -96.169057820283243, 15.901743992131054 ], [ -96.169404034686494, 15.901511465989016 ], [ -96.169750248342226, 15.901278939157347 ], [ -96.170342808080875, 15.900948040692731 ], [ -96.17241564865337, 15.899868888169742 ], [ -96.173017987501865, 15.899588908931026 ], [ -96.173387030284289, 15.899475206969903 ], [ -96.173756072749271, 15.899361504308816 ], [ -96.174208142593542, 15.899316620633666 ], [ -96.175579718453719, 15.89933456453201 ], [ -96.175968524219996, 15.899309169599503 ], [ -96.176189949131327, 15.899240945264367 ], [ -96.176411373928346, 15.89917272067728 ], [ -96.176655210254793, 15.899003188894801 ], [ -96.177350260957056, 15.898348488286816 ], [ -96.177541328449649, 15.89819858551312 ], [ -96.177737928734672, 15.898153741550166 ], [ -96.177827719089706, 15.898239581682281 ], [ -96.178050141013529, 15.898685012993212 ], [ -96.178136313297742, 15.898653965681595 ], [ -96.17831602738049, 15.89806364675797 ], [ -96.178604033892483, 15.897027137298814 ], [ -96.17923669110678, 15.893233296637916 ], [ -96.179245283046129, 15.892617034287762 ], [ -96.179123674288149, 15.892554486222318 ], [ -96.178547574023909, 15.892878856503479 ], [ -96.178387456990237, 15.892942805243292 ], [ -96.178212199833609, 15.892911897773011 ], [ -96.178132017658484, 15.89281585512159 ], [ -96.177909599767446, 15.892370424699109 ], [ -96.177798393643485, 15.892314785201991 ], [ -96.177501848799835, 15.892500564387849 ], [ -96.177189418522175, 15.892821602234124 ], [ -96.176027946309333, 15.894133994602655 ], [ -96.175556645210875, 15.894554552119837 ], [ -96.174518717946214, 15.895204763152886 ], [ -96.173507263636864, 15.895713074947283 ], [ -96.169825041487485, 15.897434944839192 ], [ -96.168803212604729, 15.897932935119634 ], [ -96.167716929476313, 15.898535060390108 ], [ -96.165799863148578, 15.899985354199341 ], [ -96.165396669321012, 15.900288245729639 ], [ -96.164902170377516, 15.900613643953106 ], [ -96.164598937757177, 15.900775607410452 ], [ -96.163678349976877, 15.901206036722819 ], [ -96.163354834700399, 15.901316932227498 ], [ -96.162765686446576, 15.901404017025149 ], [ -96.162247561724513, 15.901417527768816 ], [ -96.160418796650589, 15.901393484761067 ], [ -96.15987635709601, 15.901269511771115 ], [ -96.15917373810619, 15.900715022510139 ], [ -96.158712437904555, 15.90004686860604 ], [ -96.157262340144854, 15.897483304733706 ], [ -96.15686417404099, 15.896805819918505 ], [ -96.156456144731393, 15.896207790342746 ], [ -96.156271410053805, 15.896030947387274 ], [ -96.155817343533982, 15.895803709602889 ], [ -96.15569012569749, 15.895642863443493 ], [ -96.155620317081585, 15.895381174872329 ], [ -96.155550508591503, 15.895119486302518 ], [ -96.155478273363215, 15.894532650883351 ], [ -96.155357487322973, 15.893177766114789 ], [ -96.155313738113307, 15.892687021176888 ], [ -96.155158437829101, 15.891899707763841 ], [ -96.154836695702215, 15.890801185071737 ], [ -96.154477235344842, 15.890234273315935 ], [ -96.153130642981907, 15.888446466085062 ], [ -96.152722601501281, 15.887975430914706 ], [ -96.152164988044632, 15.887565076257342 ], [ -96.151776437774785, 15.887449890361646 ], [ -96.150520816924285, 15.88732270721731 ], [ -96.15007418351675, 15.887232152034503 ], [ -96.149245515169525, 15.886936746909992 ], [ -96.148508338529439, 15.886605293690526 ], [ -96.14589686962475, 15.885353902765376 ], [ -96.145209730136003, 15.884824985212328 ], [ -96.144614529676744, 15.883608109918994 ], [ -96.144451380221142, 15.882398635640989 ], [ -96.144285206944446, 15.877971297679121 ], [ -96.144154260223601, 15.876711450175653 ], [ -96.143709357534917, 15.875259500078162 ], [ -96.143204731896574, 15.874445132624022 ], [ -96.141294737896885, 15.872096695181229 ], [ -96.140756063341669, 15.871464749838566 ], [ -96.140152219094276, 15.870864114439655 ], [ -96.139828256893878, 15.870638009596881 ], [ -96.138920278147197, 15.870183487827148 ], [ -96.138621049681703, 15.870064385866891 ], [ -96.138132626557308, 15.869963099787336 ], [ -96.137734107546265, 15.869937507041385 ], [ -96.136362775953373, 15.869919355666701 ], [ -96.135846947643088, 15.870024282553794 ], [ -96.134811076614156, 15.870532094448626 ], [ -96.133847084779703, 15.871152609737569 ], [ -96.130384283293452, 15.873540497245207 ], [ -96.129273622843684, 15.874138722011661 ], [ -96.127553386157516, 15.874542583232991 ], [ -96.126206572119244, 15.874521301767901 ], [ -96.121641703398311, 15.874018079725962 ], [ -96.120407190571356, 15.873850943364268 ], [ -96.119210978102387, 15.873574248350042 ], [ -96.118736614228979, 15.873346111095927 ], [ -96.117719130963224, 15.872558167144447 ], [ -96.117487164233694, 15.872262141210943 ], [ -96.117422131144281, 15.87166863296042 ], [ -96.117561192053387, 15.871116789883249 ], [ -96.118275165683343, 15.869135027400709 ], [ -96.119100326994115, 15.867452755359553 ], [ -96.121244313883381, 15.864225709765551 ], [ -96.121928522486343, 15.862980100678316 ], [ -96.122111707226168, 15.862152835691083 ], [ -96.121933608072638, 15.861759322016075 ], [ -96.120919301315524, 15.860750188205953 ], [ -96.120629140595938, 15.860487257879498 ], [ -96.120289358360239, 15.86026938517135 ], [ -96.119798414315412, 15.860101991543695 ], [ -96.118658854920014, 15.859865569156412 ], [ -96.118336462954744, 15.859778306687202 ], [ -96.117971524705709, 15.859607507288388 ], [ -96.117209090023493, 15.858890133384921 ], [ -96.117062902358583, 15.858713780111108 ], [ -96.116944177787133, 15.858451436235988 ], [ -96.116920758723339, 15.858253012597283 ], [ -96.11693019390205, 15.857589379475829 ], [ -96.1168704066625, 15.857365072474014 ], [ -96.116863382906203, 15.857355742909123 ], [ -96.116860201442051, 15.857344617390149 ], [ -96.116581965263208, 15.856981939483939 ], [ -96.116229694247394, 15.85665891330474 ], [ -96.114874212994764, 15.85553458721466 ], [ -96.114513910058889, 15.855038739480984 ], [ -96.114187969856275, 15.853849113206433 ], [ -96.113917047526726, 15.848218236817168 ], [ -96.11379561742784, 15.847039803147339 ], [ -96.113384342198373, 15.845947249461105 ], [ -96.11294301974749, 15.845614568219863 ], [ -96.111236969989534, 15.845038690008728 ], [ -96.110725639364247, 15.844832065542251 ], [ -96.110045474110734, 15.844443702409512 ], [ -96.10958514045339, 15.844095522666279 ], [ -96.108117091376613, 15.842859043724374 ], [ -96.107694287072704, 15.842455484641661 ], [ -96.107189240122892, 15.841808691768684 ], [ -96.106890548513917, 15.841288261356274 ], [ -96.106001707619114, 15.839506378589427 ], [ -96.105771153764451, 15.838991937370986 ], [ -96.105584068986531, 15.838373095242599 ], [ -96.105547358051126, 15.838003476343204 ], [ -96.105563123867867, 15.836897430198123 ], [ -96.105546385032795, 15.836599194581456 ], [ -96.1054994452561, 15.836456334586726 ], [ -96.105452505529456, 15.836313474591195 ], [ -96.105335130921389, 15.836203538756463 ], [ -96.104881262825273, 15.835976224375642 ], [ -96.104743047908528, 15.835855850379554 ], [ -96.104647480238057, 15.835688635138229 ], [ -96.104551912708175, 15.835521419878726 ], [ -96.10441707751815, 15.835164036056486 ], [ -96.103978984137072, 15.833830675389027 ], [ -96.103828773665299, 15.833447687315578 ], [ -96.103565882837373, 15.832993770264084 ], [ -96.103340535079312, 15.832728305304398 ], [ -96.102551806086041, 15.831943384805136 ], [ -96.102273563146895, 15.831707690468029 ], [ -96.101763822440091, 15.831392704644323 ], [ -96.101313864722627, 15.831178418786013 ], [ -96.09972380924377, 15.830493398484197 ], [ -96.099215494932864, 15.830324045661653 ], [ -96.098433410219556, 15.830218757183879 ], [ -96.097824459936135, 15.830237697319026 ], [ -96.095764775581699, 15.830431362426799 ], [ -96.095191024332678, 15.830557440548981 ], [ -96.094573201790894, 15.830952150990301 ], [ -96.094264348586421, 15.831389945745162 ], [ -96.09344084828669, 15.833038275421421 ], [ -96.093163103301862, 15.833501883372604 ], [ -96.092690468091106, 15.834017059979614 ], [ -96.092293020251702, 15.834289418330712 ], [ -96.090910894762985, 15.835045241810954 ], [ -96.090561169150902, 15.835282679027667 ], [ -96.09008456269116, 15.835708053678108 ], [ -96.08927662667061, 15.835697203322905 ], [ -96.0883418096317, 15.835874286793446 ], [ -96.085325685410098, 15.836488454437237 ], [ -96.084094905827484, 15.836812234155765 ], [ -96.082940464059689, 15.837057452521018 ], [ -96.082522043500646, 15.83708399056853 ], [ -96.081723857943459, 15.836962618761435 ], [ -96.08151696995813, 15.836875171442722 ], [ -96.081433323733563, 15.836731814438101 ], [ -96.081349677614924, 15.836588457419364 ], [ -96.081317576371845, 15.836266313422797 ], [ -96.081335061735032, 15.835049688735619 ], [ -96.08129448901866, 15.834505618929708 ], [ -96.081615827691678, 15.834296600662217 ], [ -96.081759836283155, 15.834134297493128 ], [ -96.082569791263751, 15.833760276568961 ], [ -96.082842501159291, 15.833648808323623 ], [ -96.083309030391447, 15.833560266766371 ], [ -96.083702791098744, 15.833545246791186 ], [ -96.085073813072071, 15.833563690534955 ], [ -96.085387471644978, 15.833523884983352 ], [ -96.086300806306383, 15.83301465193391 ], [ -96.086992968443255, 15.832438099291922 ], [ -96.089309696147495, 15.830256735802948 ], [ -96.08994398712403, 15.829689553170631 ], [ -96.090265650104826, 15.829456818519958 ], [ -96.090587312385239, 15.829224083263222 ], [ -96.090872060286159, 15.829126310633951 ], [ -96.091557560536842, 15.829135508431445 ], [ -96.091799757081844, 15.829077801216698 ], [ -96.092022131890459, 15.828938552605271 ], [ -96.092244506417529, 15.82879930371271 ], [ -96.092637665045942, 15.828459156797987 ], [ -96.094027645822536, 15.827150295390403 ], [ -96.094441782872423, 15.826810425370674 ], [ -96.094713117452116, 15.826671829402548 ], [ -96.094984451704931, 15.826533233030757 ], [ -96.095345556909194, 15.826477114331523 ], [ -96.096488047248371, 15.826492416745438 ], [ -96.096868540657198, 15.82654830891185 ], [ -96.097185113385791, 15.826671074295724 ], [ -96.097501686566815, 15.826793839279507 ], [ -96.098025688459302, 15.827088704452434 ], [ -96.099837896838309, 15.828219205306429 ], [ -96.100415673096393, 15.828423349883717 ], [ -96.100857706730977, 15.828334439724633 ], [ -96.101299740131964, 15.828245528597558 ], [ -96.101984913131986, 15.827787352463178 ], [ -96.104298294145806, 15.825827001079602 ], [ -96.105026000858345, 15.825328742914097 ], [ -96.105567305394956, 15.82514632499714 ], [ -96.106108609169908, 15.824963905561869 ], [ -96.106927488923034, 15.824940967453651 ], [ -96.109666329238735, 15.825198743653543 ], [ -96.110621467769661, 15.825187767378827 ], [ -96.111480699703222, 15.825033275546199 ], [ -96.112339930912981, 15.824878780083997 ], [ -96.113839735202717, 15.824448339790461 ], [ -96.11912031912712, 15.822748527271818 ], [ -96.120599116268977, 15.822317756329332 ], [ -96.121409371147166, 15.822162571698744 ], [ -96.122219625301824, 15.822007383828963 ], [ -96.123055845415038, 15.821994772207798 ], [ -96.12533770464978, 15.82224628431006 ], [ -96.126027035212871, 15.822231714266987 ], [ -96.12649454017145, 15.822071967655704 ], [ -96.126962044550211, 15.821912219911226 ], [ -96.127608439119641, 15.821470369275795 ], [ -96.129689918024326, 15.819727880865834 ], [ -96.130294188093615, 15.819295622452236 ], [ -96.130663422424902, 15.819158271124268 ], [ -96.131032656351209, 15.819020919082693 ], [ -96.131483343297987, 15.81906074514642 ], [ -96.132848086344282, 15.819521300603208 ], [ -96.133235105748085, 15.81961108028427 ], [ -96.133455777211935, 15.819590290617436 ], [ -96.133676448669831, 15.819569500718263 ], [ -96.133919918486043, 15.819420321913098 ], [ -96.134614765346242, 15.818765732462184 ], [ -96.134837535453499, 15.818595959459859 ], [ -96.135009910225136, 15.818527117979691 ], [ -96.135182274894802, 15.818458280338417 ], [ -96.13518228489994, 15.818458276342648 ], [ -96.135452014294486, 15.818431359130939 ], [ -96.136366002736196, 15.818443426643755 ], [ -96.13662509693944, 15.818426527296701 ], [ -96.13677265558448, 15.818381062816146 ], [ -96.136920214179327, 15.818335598223987 ], [ -96.137082715878634, 15.818222599035376 ], [ -96.137545938820551, 15.81778619802199 ], [ -96.137718645967126, 15.817693652412206 ], [ -96.138061390979985, 15.817698174395785 ], [ -96.138378320010474, 15.81779717977035 ], [ -96.139514580708592, 15.818254680079496 ], [ -96.139863559948012, 15.818313467032949 ], [ -96.14010971254433, 15.81822188776821 ], [ -96.140355864960512, 15.818130308186449 ], [ -96.140710177403122, 15.817809865531462 ], [ -96.141871321539497, 15.816497620726221 ], [ -96.142236691889707, 15.816136681231628 ], [ -96.142508654980887, 15.815950613857947 ], [ -96.142780617603663, 15.815764546057947 ], [ -96.143192284602762, 15.815593863826658 ], [ -96.144569470033076, 15.815169477056399 ], [ -96.144949230651903, 15.815028850602669 ], [ -96.145146747228523, 15.814912918389684 ], [ -96.145344263599597, 15.814796985958415 ], [ -96.145528835827704, 15.814606377662246 ], [ -96.145995138489795, 15.813948736522196 ], [ -96.146179566760594, 15.813768285383516 ], [ -96.146376748927551, 15.813676053613015 ], [ -96.146573930939567, 15.813583821632898 ], [ -96.146952880176713, 15.813500752702135 ], [ -96.148326945384866, 15.813297556384184 ], [ -96.148759066196959, 15.813164383630777 ], [ -96.149080315429316, 15.812955247728381 ], [ -96.149401564045803, 15.812746111237386 ], [ -96.149887295785732, 15.812281751562519 ], [ -96.151511530264173, 15.810533003237014 ], [ -96.151954999688229, 15.810088402370909 ], [ -96.152177652838986, 15.809925379471382 ], [ -96.152400305649508, 15.809762356282258 ], [ -96.152592989249598, 15.809741177926446 ], [ -96.153046874938852, 15.809968391912832 ], [ -96.153180929165543, 15.810012483200016 ], [ -96.153352629169234, 15.809991028946037 ], [ -96.153463860536519, 15.80991628872677 ], [ -96.15381123957809, 15.809588954922134 ], [ -96.153928498113814, 15.809458414054589 ], [ -96.154128325890269, 15.809176557427875 ], [ -96.154296535319915, 15.808904445868755 ], [ -96.154881681441907, 15.807916447149797 ], [ -96.155040805371087, 15.807717153898942 ], [ -96.155440642764546, 15.807466577575813 ], [ -96.155780730559897, 15.807410074668248 ], [ -96.156923174702513, 15.807425041326837 ], [ -96.157220727375886, 15.807408618617126 ], [ -96.157343794472666, 15.807362817394985 ], [ -96.157466861524384, 15.807317016093684 ], [ -96.157520928984127, 15.807202578388727 ], [ -96.157527109638551, 15.806760138468876 ], [ -96.15756033515099, 15.806635267886838 ], [ -96.157634771042282, 15.806565123136945 ], [ -96.157709206882416, 15.806494978352672 ], [ -96.157888655221868, 15.806419435180288 ], [ -96.158577208534155, 15.806207188520109 ], [ -96.158883834326417, 15.806041869708906 ], [ -96.159255017486188, 15.805762249304754 ], [ -96.159626199668224, 15.805482628091237 ], [ -96.160380092272192, 15.804849027834761 ], [ -96.163155855792738, 15.802451441846028 ], [ -96.163920218255228, 15.801817962552722 ], [ -96.164315867670155, 15.801538650733807 ], [ -96.164711516056698, 15.801259338008643 ], [ -96.165077582536156, 15.80109478461029 ], [ -96.165994596711172, 15.800885492951728 ], [ -96.166259789822746, 15.800805980653704 ], [ -96.166420066961138, 15.800725098959896 ], [ -96.166580343987022, 15.800644217126225 ], [ -96.166773085293016, 15.800492638788526 ], [ -96.167351988951609, 15.799947035818212 ], [ -96.167503186888368, 15.799764434740585 ], [ -96.167566531103617, 15.799611167649624 ], [ -96.16762987520643, 15.799457900522651 ], [ -96.167659660710257, 15.799202595685959 ], [ -96.167671971210197, 15.798317707370776 ], [ -96.167824315603454, 15.797926840743893 ], [ -96.168173629623197, 15.797457262193703 ], [ -96.168522941938321, 15.796987682799285 ], [ -96.169368628866366, 15.796036891438376 ], [ -96.172616476605157, 15.792538983869495 ], [ -96.17348324836118, 15.791578284821854 ], [ -96.173881825013467, 15.791085627334422 ], [ -96.174280395713538, 15.790592973651394 ], [ -96.174552421469045, 15.790146077155864 ], [ -96.175024706571406, 15.789045900353521 ], [ -96.175200333029181, 15.78873999498825 ], [ -96.175373987158338, 15.788576304665215 ], [ -96.175547641009288, 15.788412614155428 ], [ -96.175868168922548, 15.788250832342193 ], [ -96.177016656162522, 15.787823227655499 ], [ -96.177305568516388, 15.787671192763781 ], [ -96.177405454808849, 15.787530249065242 ], [ -96.177505340953914, 15.787389305296553 ], [ -96.177501818085219, 15.787138644191794 ], [ -96.17728560671091, 15.786250780024682 ], [ -96.177303769329257, 15.785949600188699 ], [ -96.17745425377818, 15.785690779189871 ], [ -96.177604731933343, 15.785431968117908 ], [ -96.17801652873176, 15.784993648132414 ], [ -96.17963723756192, 15.783465834711807 ], [ -96.180091686006065, 15.782977272528367 ], [ -96.180341717937779, 15.78260120542466 ], [ -96.180591748874704, 15.782225137870931 ], [ -96.180851676369258, 15.781639222604353 ], [ -96.181564600670427, 15.779657084122961 ], [ -96.181829976949629, 15.779055997120427 ], [ -96.182092730404491, 15.778644531155066 ], [ -96.182355482707919, 15.778233064684994 ], [ -96.182840828079193, 15.777658533115936 ], [ -96.184580250585611, 15.775800307685181 ], [ -96.185138315480515, 15.775277511259791 ], [ -96.185570764620067, 15.774986770769699 ], [ -96.186003212602103, 15.774696029210556 ], [ -96.186680715947716, 15.774388136541937 ], [ -96.188977494382101, 15.773532772043493 ], [ -96.189639045120515, 15.773239902933845 ], [ -96.190034278401114, 15.772984231639013 ], [ -96.190429510758349, 15.772728559458328 ], [ -96.190897196329274, 15.772290938723543 ], [ -96.192289252620071, 15.770760046658328 ], [ -96.192672308550954, 15.770372129417396 ], [ -96.192870083882909, 15.770232438857759 ], [ -96.193067849203402, 15.770092754962342 ], [ -96.193249876292583, 15.770081549759755 ], [ -96.193703741423334, 15.770308672381978 ], [ -96.193843518452411, 15.770317249079687 ], [ -96.193942731879602, 15.770223700259066 ], [ -96.194041945216071, 15.770130151377613 ], [ -96.194185634597204, 15.769854292183489 ], [ -96.194657754885782, 15.768754045942361 ], [ -96.19482256225335, 15.768468298126724 ], [ -96.194971054322806, 15.768351676843587 ], [ -96.19511954622827, 15.768235055430257 ], [ -96.195379002056825, 15.768187599289234 ], [ -96.196292812814775, 15.768199377987035 ], [ -96.196551849782281, 15.768182395708983 ], [ -96.196699363724221, 15.768136882127036 ], [ -96.196846877615812, 15.768091368434057 ], [ -96.197009308828839, 15.767978311887482 ], [ -96.197472292245592, 15.767541741410875 ], [ -96.197644794252923, 15.767459294732395 ], [ -96.197986821563859, 15.76751111453664 ], [ -96.198302930566882, 15.76766758931732 ], [ -96.199436083407861, 15.76834598259787 ], [ -96.199762406423105, 15.768522907610674 ], [ -96.199957248007721, 15.768596537325697 ], [ -96.200152089758802, 15.768670166888342 ], [ -96.200382456791274, 15.768703612415646 ], [ -96.201067819465649, 15.768712431328437 ], [ -96.201331190596804, 15.768634537503548 ], [ -96.201603041433714, 15.768448376140098 ], [ -96.201874891803129, 15.768262214353202 ], [ -96.2023882348944, 15.767808216902738 ], [ -96.2042401167257, 15.766061873458613 ], [ -96.204858211187954, 15.765619374711525 ], [ -96.205374499837959, 15.765460054812205 ], [ -96.205890787870672, 15.765300733553421 ], [ -96.206747805524799, 15.765288029635267 ], [ -96.209714654850615, 15.765547365285038 ], [ -96.210728889608973, 15.76554682215993 ], [ -96.211612007941994, 15.765415896276899 ], [ -96.212495125743359, 15.765284966619891 ], [ -96.214004081504171, 15.764911424751341 ], [ -96.219279605883514, 15.763430008690376 ], [ -96.220746720786465, 15.76304572089817 ], [ -96.221532243347895, 15.762889797930317 ], [ -96.222317765173869, 15.762733871927693 ], [ -96.223095002765746, 15.762672667949788 ], [ -96.225151071271952, 15.762698893967626 ], [ -96.225749976924263, 15.762635406404355 ], [ -96.226119387664696, 15.762474161110257 ], [ -96.226488797906256, 15.762312915092243 ], [ -96.226945349393645, 15.761915701166265 ], [ -96.228337090265683, 15.76038452168409 ], [ -96.228751949493414, 15.759966450850182 ], [ -96.229024090019237, 15.759756545450461 ], [ -96.229296230005929, 15.759546639616504 ], [ -96.229658915338575, 15.759364980428961 ], [ -96.230807165297364, 15.758937045680574 ], [ -96.231201731908229, 15.758725307629447 ], [ -96.231548262889774, 15.758445221123438 ], [ -96.23189479294777, 15.758165133905973 ], [ -96.232490311228446, 15.757576622625201 ], [ -96.234576310224398, 15.755390395358715 ], [ -96.235213909452185, 15.754792248107668 ], [ -96.235658654356811, 15.754489692384826 ], [ -96.236103398020362, 15.754187135533483 ], [ -96.236736498721527, 15.753920836576327 ], [ -96.238801477091286, 15.75328321024247 ], [ -96.23938702525794, 15.753041701 ], [ -96.240054609159884, 15.752552295816255 ], [ -96.24048297152342, 15.752037842118009 ], [ -96.24164909122598, 15.75028241725497 ], [ -96.24211977265972, 15.749697935301151 ], [ -96.242316219293187, 15.749653006781173 ], [ -96.242946047231143, 15.74971404181815 ], [ -96.24307491681185, 15.7497529287105 ], [ -96.243220679901668, 15.749707914492374 ], [ -96.243222411740049, 15.749707379669328 ], [ -96.243304249073759, 15.749603422738256 ], [ -96.243538661048305, 15.749163839240758 ], [ -96.243841054138642, 15.74904235214402 ], [ -96.244429432300279, 15.748978672951718 ], [ -96.245017810362199, 15.748914992108684 ], [ -96.246396498414313, 15.748854529165342 ], [ -96.251653628272564, 15.748699654882518 ], [ -96.253210917828952, 15.748621080443657 ], [ -96.254216024218024, 15.748515212752705 ], [ -96.255221130342633, 15.748409340250063 ], [ -96.256535571021203, 15.748185431192844 ], [ -96.260659402893822, 15.747352223383434 ], [ -96.261880109787114, 15.747076297574912 ], [ -96.262666515378257, 15.746849097736323 ], [ -96.263452919656103, 15.746621894772581 ], [ -96.264479083285821, 15.746248675363791 ], [ -96.267695019619779, 15.744961362328565 ], [ -96.268627306684124, 15.7445463003592 ], [ -96.269194684123377, 15.744221494105577 ], [ -96.269762059918961, 15.743896686077754 ], [ -96.270450848860435, 15.743383729225682 ], [ -96.272530426938303, 15.741639533539905 ], [ -96.273123576708244, 15.741216816215916 ], [ -96.273467814117637, 15.74110258101836 ], [ -96.273812051222706, 15.740988345214243 ], [ -96.274202438862588, 15.741084676563446 ], [ -96.275335779018249, 15.741762692450546 ], [ -96.27573652337388, 15.741869311704084 ], [ -96.275741660619104, 15.741868053483547 ], [ -96.27574701290753, 15.741869442855178 ], [ -96.276532758723349, 15.741689596550144 ], [ -96.277244016473247, 15.741325921130668 ], [ -96.279777453049945, 15.739808595703529 ], [ -96.280519762566286, 15.739475777946279 ], [ -96.281450458280347, 15.739439973020847 ], [ -96.282037717391333, 15.739721642233725 ], [ -96.283847579149523, 15.741071898996378 ], [ -96.284360475004661, 15.741423762379082 ], [ -96.284944113205029, 15.741715540879284 ], [ -96.284963494666073, 15.741719464837555 ], [ -96.285264984856681, 15.741780504349709 ], [ -96.28617874701996, 15.741791887186581 ], [ -96.286469634316674, 15.74174470542002 ], [ -96.286691489873832, 15.741628924182308 ], [ -96.286913345206187, 15.74151314267769 ], [ -96.287256329879838, 15.741229520282765 ], [ -96.288413207195717, 15.740137507521668 ], [ -96.288766811844951, 15.739843853291118 ], [ -96.289013454225696, 15.739704668715925 ], [ -96.289260096301049, 15.739565483806743 ], [ -96.289611184344068, 15.739461467445622 ], [ -96.290756310678418, 15.739254424173739 ], [ -96.291106455399216, 15.73922152013421 ], [ -96.291595338846435, 15.739275014461263 ], [ -96.291943599454825, 15.739384339037283 ], [ -96.29307993550043, 15.739841023579553 ], [ -96.29339619135861, 15.739990592378557 ], [ -96.293565952029113, 15.740111245462854 ], [ -96.293735712910532, 15.740231898445046 ], [ -96.293904487663497, 15.740427052857688 ], [ -96.294352582768269, 15.741096467329267 ], [ -96.294526872557526, 15.741271367967341 ], [ -96.294709500461465, 15.741344762276455 ], [ -96.294892128517958, 15.741418156452461 ], [ -96.295239632884204, 15.74145295327523 ], [ -96.296496064448689, 15.741468545899949 ], [ -96.297463098008649, 15.741689461118849 ], [ -96.297066722593556, 15.743404520392799 ], [ -96.297098907199839, 15.745333814331801 ], [ -96.297000838684752, 15.75274560147667 ], [ -96.297021628932598, 15.753228977673242 ], [ -96.297069277462938, 15.75470921427201 ], [ -96.29748257801387, 15.756777024543188 ], [ -96.298239312280742, 15.758000655246564 ], [ -96.300717281140379, 15.760686804688524 ], [ -96.301412373988967, 15.761548948550026 ], [ -96.302178138317416, 15.762886147663185 ], [ -96.302576992540637, 15.763934289255381 ], [ -96.303069410880113, 15.765566624096099 ], [ -96.303898946733298, 15.768354910289805 ], [ -96.304091677891421, 15.768856882208134 ], [ -96.304330520499363, 15.769310313828784 ], [ -96.30447899259056, 15.769456101345822 ], [ -96.304933019855767, 15.769683011057401 ], [ -96.305040252644886, 15.769782990443245 ], [ -96.305045310231222, 15.769787705926067 ], [ -96.305115304111226, 15.770049372751064 ], [ -96.305103004816488, 15.77031848765729 ], [ -96.304975612912898, 15.771312690182693 ], [ -96.305000636709451, 15.771536542813255 ], [ -96.305244807667449, 15.771586985953819 ], [ -96.305568599154853, 15.771435194475492 ], [ -96.306835449768428, 15.77067638585082 ], [ -96.307166160933434, 15.770397664221706 ], [ -96.307442633356871, 15.769855776950113 ], [ -96.307506883115636, 15.769360374384151 ], [ -96.30753024210523, 15.767590383186919 ], [ -96.307505047499347, 15.767114195641984 ], [ -96.307434581574171, 15.766888087064647 ], [ -96.307364115767498, 15.76666197848466 ], [ -96.307187979634278, 15.766492141437285 ], [ -96.307034404921808, 15.766379598273426 ], [ -96.307021176631693, 15.766321855295814 ], [ -96.306909860729633, 15.766099192593058 ], [ -96.3068651593439, 15.766041060074349 ], [ -96.306767868681746, 15.765992437681669 ], [ -96.306673583401206, 15.765981109610683 ], [ -96.306247081937997, 15.765965668988786 ], [ -96.305215786557042, 15.764869055781658 ], [ -96.303415800253561, 15.762744555283476 ], [ -96.302947979412565, 15.762151112615372 ], [ -96.302564781074167, 15.761506219512778 ], [ -96.302485173651149, 15.761178386840504 ], [ -96.302496868897876, 15.760293394291237 ], [ -96.302448129687875, 15.760011668780969 ], [ -96.30220898579168, 15.759581942257824 ], [ -96.301916091593895, 15.759249772515599 ], [ -96.300788402847431, 15.758129371210535 ], [ -96.300485022408594, 15.757797070114476 ], [ -96.300196928965008, 15.757366735283098 ], [ -96.300088746724725, 15.757084272558961 ], [ -96.299871989805098, 15.756196448145634 ], [ -96.299830378481843, 15.755640463983713 ], [ -96.299841662972952, 15.754787079754724 ], [ -96.299852946774081, 15.753933695451112 ], [ -96.299926794917582, 15.75205143840253 ], [ -96.300248814582957, 15.744974336003468 ], [ -96.30036446710217, 15.743102755631142 ], [ -96.300582194087767, 15.741445820574242 ], [ -96.30077834366034, 15.740892781458424 ], [ -96.301473894463641, 15.74012690046181 ], [ -96.301681102898499, 15.739927939314892 ], [ -96.301939141407274, 15.739773355989238 ], [ -96.302056467988692, 15.739746149026752 ], [ -96.302133069500471, 15.739732008209154 ], [ -96.302704173038308, 15.739739077854507 ], [ -96.302894199006687, 15.739782073980024 ], [ -96.303052041191208, 15.739878863837705 ], [ -96.303209883536837, 15.739975653603562 ], [ -96.303470835892426, 15.740209199737553 ], [ -96.304372933420268, 15.741105500737747 ], [ -96.304649623205435, 15.741339240524368 ], [ -96.304844181692786, 15.74143648353466 ], [ -96.305038740386777, 15.741533726399206 ], [ -96.305317931890613, 15.741577823506685 ], [ -96.3062317083414, 15.741589122167236 ], [ -96.30653308497044, 15.741542042488209 ], [ -96.306779408481049, 15.741426541502566 ], [ -96.307025731748453, 15.741311040193464 ], [ -96.307428135393096, 15.741028116181553 ], [ -96.308813364208049, 15.739938800392423 ], [ -96.309205273191907, 15.739655742710923 ], [ -96.309501065226868, 15.739501333568155 ], [ -96.309648961094339, 15.739424128819097 ], [ -96.30989089279069, 15.739376310018084 ], [ -96.310576220270121, 15.739384768847536 ], [ -96.31084801719534, 15.739459250620746 ], [ -96.311139546530583, 15.739628812435951 ], [ -96.311431076391614, 15.739798373933827 ], [ -96.31199222296658, 15.740208353356342 ], [ -96.314027866267679, 15.741782459406556 ], [ -96.314715169594663, 15.742173666165421 ], [ -96.315301046521398, 15.742299432220719 ], [ -96.315886924419118, 15.742425196809682 ], [ -96.316873554483919, 15.742393317206339 ], [ -96.320306068134755, 15.741992984487 ], [ -96.321272251483748, 15.741920188379353 ], [ -96.322348597189531, 15.741980836910223 ], [ -96.322920051501129, 15.742140276354547 ], [ -96.32451049906544, 15.74282367565897 ], [ -96.325071468236928, 15.742982981256484 ], [ -96.325585169070123, 15.743012996854397 ], [ -96.326098870254199, 15.743043011262898 ], [ -96.327005617291803, 15.742969460634674 ], [ -96.330209697562609, 15.742566167407558 ], [ -96.331116709143274, 15.742472279869631 ], [ -96.332145352893903, 15.742437458111034 ], [ -96.332707832979949, 15.742481602399447 ], [ -96.334304099455039, 15.742722427063958 ], [ -96.334729680536526, 15.742805536398659 ], [ -96.33492456822492, 15.742879049117336 ], [ -96.335119456078118, 15.742952561682719 ], [ -96.335250696931269, 15.743079489083563 ], [ -96.335473378819728, 15.743524791985408 ], [ -96.335678316156262, 15.743632297950532 ], [ -96.336045162217545, 15.743660493349431 ], [ -96.336412008481403, 15.743688688145427 ], [ -96.33725520310287, 15.743661736931417 ], [ -96.340456419738729, 15.743479546736866 ], [ -96.341488438833764, 15.743454883728706 ], [ -96.34310331193015, 15.743522001839176 ], [ -96.344378256243075, 15.743642545902022 ], [ -96.348713142696923, 15.744137923450182 ], [ -96.349998589800464, 15.744258563335977 ], [ -96.350830513090031, 15.744292390627608 ], [ -96.351662437175349, 15.744326214780704 ], [ -96.352753913097175, 15.744302221386066 ], [ -96.356183619780111, 15.744122575001906 ], [ -96.35714973914061, 15.744056392394173 ], [ -96.357868971424438, 15.743970275828817 ], [ -96.358228587482145, 15.743927216619527 ], [ -96.358803679612507, 15.743808864754696 ], [ -96.360408591898988, 15.74338572738778 ], [ -96.360930968032932, 15.743287053726748 ], [ -96.361486198735534, 15.743262164841202 ], [ -96.36176381412254, 15.743249719859365 ], [ -96.362431218913002, 15.743295058854915 ], [ -96.364712934099188, 15.743543962652623 ], [ -96.365369851576176, 15.743589165996498 ], [ -96.365892447619032, 15.743563871256375 ], [ -96.366153745668342, 15.743551223408216 ], [ -96.366616676120245, 15.743451817118512 ], [ -96.367993121319998, 15.743025859601993 ], [ -96.368508371395365, 15.742937242483045 ], [ -96.369536429818481, 15.742949656334835 ], [ -96.370489836264383, 15.743056005200806 ], [ -96.373911022408862, 15.743539857826963 ], [ -96.374979701710458, 15.743657738588009 ], [ -96.376545672327282, 15.743724020600334 ], [ -96.377714092781787, 15.743700827363606 ], [ -96.38160075200723, 15.743526274231762 ], [ -96.382758554496931, 15.743513087610518 ], [ -96.383516763243179, 15.743569614933195 ], [ -96.384274972834206, 15.743626139677465 ], [ -96.38528348362415, 15.743800830754529 ], [ -96.388473464598846, 15.744502983578453 ], [ -96.389429533070768, 15.744677027873413 ], [ -96.390065360638118, 15.74473206672578 ], [ -96.390701188845767, 15.744787103771841 ], [ -96.391561769885215, 15.744770311212051 ], [ -96.39430615769983, 15.744581852938987 ], [ -96.395144981429212, 15.744625755891914 ], [ -96.395730043709079, 15.744822434988688 ], [ -96.396315107339291, 15.745019112679456 ], [ -96.397147895154447, 15.745537148511389 ], [ -96.399864143166937, 15.747561279831123 ], [ -96.400645013965004, 15.748038038249909 ], [ -96.401108905221733, 15.748138416172747 ], [ -96.401572797085791, 15.748238793174364 ], [ -96.402117326713906, 15.748048828144801 ], [ -96.403730670545912, 15.746961563091775 ], [ -96.404192430056412, 15.746679149924091 ], [ -96.404553458894952, 15.746525380026938 ], [ -96.404733973139273, 15.746448494822289 ], [ -96.405045847547441, 15.746401401305194 ], [ -96.405959719439565, 15.746412285271788 ], [ -96.406374568100404, 15.746518842322798 ], [ -96.406885613120792, 15.746762033889283 ], [ -96.407396659505167, 15.747005224433659 ], [ -96.408441946529692, 15.747593496064452 ], [ -96.412297913971571, 15.749852350082048 ], [ -96.413364214464565, 15.750440851529282 ], [ -96.413924238291784, 15.750684610660658 ], [ -96.414484263641086, 15.750928368545942 ], [ -96.415018028342317, 15.751036322620591 ], [ -96.416388878378768, 15.751052589086571 ], [ -96.416830151519804, 15.751007014252393 ], [ -96.417289100257179, 15.750854384343338 ], [ -96.417518574419489, 15.750778068986415 ], [ -96.418060761470173, 15.750496578596492 ], [ -96.419902534621116, 15.749411892203334 ], [ -96.420464927941524, 15.749191605296359 ], [ -96.421247668425295, 15.749248295757399 ], [ -96.42180347819064, 15.74954956942598 ], [ -96.423614531214525, 15.750898817350132 ], [ -96.424138235089373, 15.751250515682303 ], [ -96.424454677080305, 15.751396524416846 ], [ -96.424771119580825, 15.751542532756893 ], [ -96.42515153507938, 15.751608001990553 ], [ -96.426293922348265, 15.751621505335482 ], [ -96.426665383612558, 15.751564923461899 ], [ -96.427059448504281, 15.751379890611707 ], [ -96.427256480714661, 15.751287373877867 ], [ -96.427729442696318, 15.750947455829296 ], [ -96.429345490127261, 15.749638713060182 ], [ -96.429859898702588, 15.74933992614832 ], [ -96.430644436731669, 15.749254337467988 ], [ -96.431250799043937, 15.749430854761535 ], [ -96.4332959644656, 15.750340182522233 ], [ -96.433880584867552, 15.750577408652862 ], [ -96.434222110454897, 15.750676277096305 ], [ -96.434563636450648, 15.750775145051971 ], [ -96.434954802935351, 15.750820400082945 ], [ -96.436097194624239, 15.750833851384087 ], [ -96.43654222136675, 15.750767956080782 ], [ -96.437165153405076, 15.750553982046293 ], [ -96.43747661902691, 15.75044699428592 ], [ -96.438366443686519, 15.750054370012959 ], [ -96.441584537107303, 15.748543054594634 ], [ -96.442453746659126, 15.748119683165498 ], [ -96.4430125744843, 15.747810092306743 ], [ -96.44329198781827, 15.747655296241891 ], [ -96.443620267725919, 15.747415260676643 ], [ -96.444313998880105, 15.746759482178362 ], [ -96.44460965899367, 15.746610520239642 ], [ -96.445295677778944, 15.746571143452364 ], [ -96.445980045640766, 15.74666385148327 ], [ -96.448487753205654, 15.747135850569203 ], [ -96.44921434476403, 15.747208719308713 ], [ -96.450097387740286, 15.747076788578045 ], [ -96.450632284352153, 15.746815448069071 ], [ -96.452245416073339, 15.745727783174116 ], [ -96.4527284841392, 15.745415020141435 ], [ -96.453369678605398, 15.745043131715903 ], [ -96.454342248144783, 15.744742860382143 ], [ -96.455194400456449, 15.74428197173223 ], [ -96.456178889295941, 15.743866660046914 ], [ -96.456733152142036, 15.743734248331899 ], [ -96.458335224514258, 15.743531634304661 ], [ -96.458815542401581, 15.743439002860535 ], [ -96.459241816671607, 15.743285896513214 ], [ -96.459454953609239, 15.743209342990395 ], [ -96.459888079768433, 15.742973889000305 ], [ -96.461269918029245, 15.742104758438369 ], [ -96.461734387264158, 15.741879827442142 ], [ -96.46225818130975, 15.741759465879088 ], [ -96.462520078170954, 15.741699284590325 ], [ -96.463178025371761, 15.741666296483697 ], [ -96.465462757968766, 15.741692882177741 ], [ -96.466131575071472, 15.741629524979869 ], [ -96.466689181913182, 15.741414698513285 ], [ -96.466967984964612, 15.741307284678212 ], [ -96.467494037547198, 15.740910299039802 ], [ -96.469112526374772, 15.739379932300107 ], [ -96.469575623903978, 15.73898220925931 ], [ -96.469937388535129, 15.738765099097716 ], [ -96.470118270583967, 15.738656543747664 ], [ -96.47043038398408, 15.738589031010418 ], [ -96.471344267898331, 15.738599635741561 ], [ -96.471656506734391, 15.738521960423242 ], [ -96.472018659670525, 15.738273235116893 ], [ -96.472199735825328, 15.738148872187356 ], [ -96.472663536932501, 15.737693563610005 ], [ -96.474284696984327, 15.735941869532834 ], [ -96.474790451902535, 15.735487041126301 ], [ -96.475283149019106, 15.735239821251502 ], [ -96.475529497177902, 15.735116210828602 ], [ -96.476079522955402, 15.735041281728989 ], [ -96.477907267780822, 15.735062435382419 ], [ -96.478425069059455, 15.735048100928294 ], [ -96.478817508620452, 15.734989408111439 ], [ -96.479013728356776, 15.734960061425291 ], [ -96.479336868585889, 15.734848625764212 ], [ -96.480256195105412, 15.73441663048259 ], [ -96.480596259525058, 15.734208846768826 ], [ -96.481293269812383, 15.7337003182861 ], [ -96.481936345224625, 15.733169145880254 ], [ -96.485287869804878, 15.730237460672468 ], [ -96.49321950573281, 15.737861077351315 ], [ -96.477050097675601, 15.773614789197561 ], [ -96.469100945138962, 15.779707584975752 ], [ -96.468847038954365, 15.779688294319119 ], [ -96.468542050104588, 15.779739310748822 ], [ -96.468231094218552, 15.779851889056502 ], [ -96.467949276257286, 15.779991746477581 ], [ -96.467104249601562, 15.780411106720903 ], [ -96.466279699378106, 15.780820305152691 ], [ -96.465725252131321, 15.781087054847534 ], [ -96.465301320440787, 15.781317866644384 ], [ -96.464879035367616, 15.781618989560588 ], [ -96.464280999017774, 15.782160887177243 ], [ -96.463932081800422, 15.782415502681106 ], [ -96.463634723311813, 15.782556711764968 ], [ -96.463019373625869, 15.782810359612951 ], [ -96.462568333048438, 15.782932122166471 ], [ -96.461254641956344, 15.783080508089306 ], [ -96.460933375304222, 15.783174989832442 ], [ -96.460808001015906, 15.783410641220309 ], [ -96.460950161999392, 15.78365280471782 ], [ -96.46185250188708, 15.78460615960207 ], [ -96.462187948458592, 15.785006197223364 ], [ -96.459340043028746, 15.787189034462887 ], [ -96.422264316257653, 15.815606507961226 ], [ -96.414796015371678, 15.844603552982399 ], [ -96.414363906354438, 15.844184957115514 ], [ -96.413882439822473, 15.843781189240786 ], [ -96.413689082462326, 15.843577339958733 ], [ -96.413495725485859, 15.843373490558333 ], [ -96.413123805573505, 15.842903304008972 ], [ -96.411774906444151, 15.841116795965455 ], [ -96.411424698245511, 15.840590977385657 ], [ -96.411281988769289, 15.84025732292182 ], [ -96.411139279690289, 15.839923668424667 ], [ -96.411081745746245, 15.839496188764764 ], [ -96.411098670624312, 15.838168592617919 ], [ -96.411134949718928, 15.837793042257001 ], [ -96.411211138851115, 15.837580556170737 ], [ -96.411287327792536, 15.837368070030147 ], [ -96.41146873150042, 15.837136517056486 ], [ -96.41216290181292, 15.836480907092431 ], [ -96.412339638394869, 15.836203569605846 ], [ -96.412404939751781, 15.835884254633408 ], [ -96.412470240826352, 15.835564939602216 ], [ -96.412480079268107, 15.834929948664945 ], [ -96.412395388860546, 15.83260528765515 ], [ -96.41142877158893, 15.831989124812985 ], [ -96.409215684006554, 15.831713726555609 ], [ -96.407002605973801, 15.831438306569044 ], [ -96.40164614978751, 15.831267477668423 ], [ -96.381075716933324, 15.831019965216337 ], [ -96.375710277743153, 15.831148153266318 ], [ -96.37124175933107, 15.831994999051474 ], [ -96.370223578973807, 15.833076699028483 ], [ -96.369940587385869, 15.837277843741086 ], [ -96.36971975007657, 15.83838953448595 ], [ -96.368972178537362, 15.839376279814923 ], [ -96.368125057648385, 15.839674222698784 ], [ -96.364919399842606, 15.840077849768164 ], [ -96.364080487677981, 15.840147243970341 ], [ -96.363725856609918, 15.84010736484702 ], [ -96.363371225774159, 15.840067485163598 ], [ -96.36319690695575, 15.839884152566473 ], [ -96.363092680673375, 15.839108360626533 ], [ -96.363049883666179, 15.838901224941075 ], [ -96.363002137053357, 15.83880580430198 ], [ -96.362954390479914, 15.83871038365843 ], [ -96.362860768657342, 15.838644888912091 ], [ -96.362519360190575, 15.838530087764003 ], [ -96.361883451437578, 15.838595170581133 ], [ -96.359257281913372, 15.839013671478641 ], [ -96.356141512088527, 15.839546408464095 ], [ -96.344227341140055, 15.841613612931653 ], [ -96.340652387195703, 15.84233863013197 ], [ -96.335883496383644, 15.843655190604848 ], [ -96.332645737502361, 15.844810981558661 ], [ -96.322304903372654, 15.848887842136669 ], [ -96.319266157637102, 15.850066191990583 ], [ -96.315426362877332, 15.851488590704705 ], [ -96.312979698402401, 15.852342253747517 ], [ -96.305401659557333, 15.854903482891972 ], [ -96.303419842432078, 15.85552910884933 ], [ -96.301749491940328, 15.855887638699013 ], [ -96.301345102682035, 15.855774214738613 ], [ -96.301128306442948, 15.85488638148002 ], [ -96.300998156106914, 15.854674766269948 ], [ -96.300802869804883, 15.854624913956316 ], [ -96.30060758362616, 15.85457506148102 ], [ -96.300179772931855, 15.854644240553792 ], [ -96.298573892250374, 15.855066773526325 ], [ -96.297273574526159, 15.855490850528012 ], [ -96.296661491640563, 15.855733843978461 ], [ -96.294592555700973, 15.856593125357245 ], [ -96.29404862102831, 15.856842042559128 ], [ -96.293579203398437, 15.857144387748534 ], [ -96.293452542236025, 15.857327393494488 ], [ -96.293330874687896, 15.857879075755994 ], [ -96.293319665133723, 15.858063524924113 ], [ -96.293354343579395, 15.858218065245795 ], [ -96.29338902205933, 15.858372605568194 ], [ -96.293499313176639, 15.858629700167496 ], [ -96.293944650124644, 15.859520394091904 ], [ -96.29410728564622, 15.859788303871843 ], [ -96.294264099211361, 15.859968079790544 ], [ -96.294420913047333, 15.86014785563613 ], [ -96.29470631693701, 15.86039359105289 ], [ -96.295724578678445, 15.861180802548233 ], [ -96.296094494553444, 15.861386948960561 ], [ -96.296448498516028, 15.861474352225835 ], [ -96.296802502874101, 15.861561754958117 ], [ -96.297444027259019, 15.861605330258808 ], [ -96.299729801263908, 15.861633862342181 ], [ -96.300344885242168, 15.861692340625137 ], [ -96.300637193068042, 15.861814530974568 ], [ -96.300929501299962, 15.861936720982147 ], [ -96.30114958308242, 15.862227358823159 ], [ -96.301592016784426, 15.86333928906717 ], [ -96.301759620656838, 15.86362927220512 ], [ -96.301929478446056, 15.86374993440818 ], [ -96.302099336447938, 15.863870596507914 ], [ -96.302417040690258, 15.863925362052445 ], [ -96.303559944884853, 15.863939606886927 ], [ -96.303877920208151, 15.863974051824632 ], [ -96.304048410280558, 15.864047302673358 ], [ -96.304218900494178, 15.864120553406238 ], [ -96.30438803995402, 15.864295396749593 ], [ -96.30483637847567, 15.86496483074338 ], [ -96.304994752860196, 15.865159861604806 ], [ -96.305140123120765, 15.86528021672048 ], [ -96.305285493558529, 15.865400571763935 ], [ -96.305542463128219, 15.865549412407981 ], [ -96.3064509160791, 15.866003290150132 ], [ -96.306760773420976, 15.866122305060271 ], [ -96.307029546166916, 15.866173068395351 ], [ -96.307298319100767, 15.866223831416749 ], [ -96.307756384032274, 15.866249853679507 ], [ -96.30935647562147, 15.866269758146435 ], [ -96.309825712057787, 15.866245110028883 ], [ -96.310120550496677, 15.866177648794114 ], [ -96.310415388801701, 15.866110187126299 ], [ -96.31078854721251, 15.865942088490261 ], [ -96.3119402726293, 15.865292547701719 ], [ -96.312245540041332, 15.865098200184288 ], [ -96.312381969878373, 15.864969495176778 ], [ -96.312518399542654, 15.864840790054989 ], [ -96.312602931742902, 15.864667409213199 ], [ -96.312724555716301, 15.864115708906148 ], [ -96.31278264498745, 15.863957241052793 ], [ -96.312857374854843, 15.863863332914619 ], [ -96.312932104650002, 15.86376942473918 ], [ -96.313087529138926, 15.863659583482068 ], [ -96.313663382913205, 15.86333480624295 ], [ -96.3138387220921, 15.863306499742921 ], [ -96.313959920550843, 15.863402840381037 ], [ -96.314081119128588, 15.863499180968221 ], [ -96.314252061843632, 15.863802746434835 ], [ -96.314807400667917, 15.865026703865393 ], [ -96.314998530540819, 15.865391485748289 ], [ -96.315166829358446, 15.865630664862673 ], [ -96.315335128548824, 15.865869843902617 ], [ -96.315624853215255, 15.866188430656536 ], [ -96.316640308862702, 15.867196808866961 ], [ -96.316987969167513, 15.867500871325349 ], [ -96.317291446128209, 15.867706162051158 ], [ -96.317594923740387, 15.867911452442099 ], [ -96.318114341846425, 15.868193933904218 ], [ -96.319931347866358, 15.869101592628857 ], [ -96.32049834297446, 15.869359255982957 ], [ -96.320912823555346, 15.869506644508569 ], [ -96.321327304852886, 15.869654032330073 ], [ -96.321944540685692, 15.869817477753459 ], [ -96.323996018546907, 15.870285437472498 ], [ -96.324571407430668, 15.870438197155725 ], [ -96.324888239085297, 15.870560661743131 ], [ -96.325205071187455, 15.870683125923527 ], [ -96.325534915895702, 15.870880265323967 ], [ -96.326440530179383, 15.871555319648888 ], [ -96.326844122432362, 15.871733046738191 ], [ -96.32733302902885, 15.871810216249871 ], [ -96.327821936174672, 15.871887384711732 ], [ -96.328815221001932, 15.871930137164753 ], [ -96.332472742263278, 15.871975275740068 ], [ -96.333664935315682, 15.872061103699767 ], [ -96.3346179565726, 15.872238815553464 ], [ -96.335570980164832, 15.872416523456049 ], [ -96.337101713366323, 15.872838435064351 ], [ -96.342339146468603, 15.874451876258336 ], [ -96.343796437469933, 15.87487284185103 ], [ -96.344578036865329, 15.875048407177324 ], [ -96.345359638052727, 15.875223969879336 ], [ -96.346135485253768, 15.875304621050589 ], [ -96.348192902836971, 15.875329859676068 ], [ -96.348850231017877, 15.87524138709316 ], [ -96.349355286187347, 15.875022336714393 ], [ -96.349860340416484, 15.874803284984232 ], [ -96.350646022529787, 15.874265896197659 ], [ -96.353302400081645, 15.872196162184864 ], [ -96.353983360204083, 15.871637154413639 ], [ -96.354244093809584, 15.871367682180674 ], [ -96.354504826713537, 15.871098209521529 ], [ -96.354568821721131, 15.87088729831418 ], [ -96.354346000805663, 15.870441991881247 ], [ -96.354314595718805, 15.870301043065798 ], [ -96.354352727345486, 15.870194815732555 ], [ -96.354390858924191, 15.870088588385572 ], [ -96.354531211225975, 15.869926030406139 ], [ -96.35510992365667, 15.869379879971534 ], [ -96.355329199610921, 15.869203044263458 ], [ -96.355551488029661, 15.869063503252885 ], [ -96.355773776163375, 15.868923961965452 ], [ -96.356189609187979, 15.868702108115791 ], [ -96.357685581396751, 15.867945865773361 ], [ -96.358170897526762, 15.867628323444832 ], [ -96.358555317768207, 15.86726551554418 ], [ -96.358939736637126, 15.866902706739689 ], [ -96.359552759492203, 15.866183652829116 ], [ -96.361644662672347, 15.863553669167922 ], [ -96.362179932637844, 15.862757446684103 ], [ -96.36238296055835, 15.86221459460215 ], [ -96.362585987185724, 15.861671742140222 ], [ -96.362630798302703, 15.8609169597555 ], [ -96.362433865456126, 15.858480347457098 ], [ -96.362398036789585, 15.857871922240312 ], [ -96.362412902939411, 15.857670569528807 ], [ -96.362427769027434, 15.857469216808468 ], [ -96.36250607241206, 15.857502348533522 ], [ -96.362841757141155, 15.85805966854182 ], [ -96.362950096508229, 15.858204941177137 ], [ -96.363119994598918, 15.858325560232451 ], [ -96.363254366706244, 15.858352600494472 ], [ -96.363711538430962, 15.858358168807115 ], [ -96.363888820282199, 15.858314601613241 ], [ -96.364258963330641, 15.858105719856656 ], [ -96.364697621239344, 15.857920252323702 ], [ -96.365117977396594, 15.857617140516608 ], [ -96.365431862400371, 15.857294102742854 ], [ -96.366233153307135, 15.856534409478792 ], [ -96.366759347210291, 15.855715478821557 ], [ -96.367035826525949, 15.855173512736062 ], [ -96.367147746130669, 15.854773498269356 ], [ -96.367393556535347, 15.853448729989328 ], [ -96.367481304337502, 15.85315850311726 ], [ -96.36797973160661, 15.852500683359972 ], [ -96.368482078125766, 15.852080009333276 ], [ -96.370327922956193, 15.850774672814264 ], [ -96.370824551910943, 15.850389487604085 ], [ -96.371060436834995, 15.85014339604083 ], [ -96.371296321179457, 15.849897304128703 ], [ -96.371473649349909, 15.849579371108527 ], [ -96.371829410419778, 15.848587867279692 ], [ -96.372016705934584, 15.848310700233444 ], [ -96.372275849280172, 15.848159729137123 ], [ -96.372534992271653, 15.848008757670122 ], [ -96.373088105737537, 15.847854577094463 ], [ -96.375151013115754, 15.847436998472443 ], [ -96.37573056064457, 15.847267888756559 ], [ -96.37605138579751, 15.847082094691228 ], [ -96.37637221041156, 15.846896300058471 ], [ -96.376709304996581, 15.846534569612929 ], [ -96.377640756812568, 15.84521808064639 ], [ -96.377977583708912, 15.844876667212002 ], [ -96.378297790851505, 15.844738281776516 ], [ -96.378617997618036, 15.844599895799615 ], [ -96.379196048653696, 15.844545920749008 ], [ -96.381253209374648, 15.844570798077571 ], [ -96.381955637111133, 15.844640257191459 ], [ -96.382566054523025, 15.844789894573047 ], [ -96.383176473095048, 15.84493953036632 ], [ -96.384218099772767, 15.845297602435858 ], [ -96.387858220441288, 15.846669303330518 ], [ -96.388931224453799, 15.847037894946348 ], [ -96.389614823732458, 15.847212106575915 ], [ -96.390298424508359, 15.8473863162193 ], [ -96.391178560910021, 15.847515470412366 ], [ -96.39391866794449, 15.84776975308152 ], [ -96.394678432557143, 15.847872041197913 ], [ -96.395081159773611, 15.84798358187099 ], [ -96.395483887543406, 15.848095121859702 ], [ -96.395874772677558, 15.848311522076834 ], [ -96.396893451944337, 15.849098308532652 ], [ -96.39713739526367, 15.84931294074604 ], [ -96.397197254264029, 15.849420357122584 ], [ -96.397257113321388, 15.84952777349111 ], [ -96.397184195294315, 15.849620045340618 ], [ -96.396724192449824, 15.849835813894112 ], [ -96.396609028847763, 15.849947900913179 ], [ -96.39660901614819, 15.849947951317366 ], [ -96.396531601886338, 15.850255205757732 ], [ -96.396536155592713, 15.850582125722978 ], [ -96.396634833383033, 15.851800447431891 ], [ -96.396733983480345, 15.85211834301802 ], [ -96.396915994982933, 15.852250938443149 ], [ -96.397098006734311, 15.852383533749311 ], [ -96.397518889978031, 15.852444481406907 ], [ -96.399118989255911, 15.852463706206573 ], [ -96.399576936473082, 15.852499691052232 ], [ -96.399845429850643, 15.852574046654933 ], [ -96.400113923474095, 15.852648401953319 ], [ -96.400423100771974, 15.852824861746281 ], [ -96.401328944376615, 15.853499628839138 ], [ -96.401638254318144, 15.853665927150567 ], [ -96.401907053938913, 15.853716573662538 ], [ -96.402175853745334, 15.853767219860266 ], [ -96.402634542560918, 15.853745624893943 ], [ -96.40423748967801, 15.853543548932242 ], [ -96.404696308434055, 15.853511789375078 ], [ -96.405234516625015, 15.853565660788094 ], [ -96.405544567039414, 15.853674380015951 ], [ -96.406453263220968, 15.854127863826927 ], [ -96.406715626821324, 15.854271576243088 ], [ -96.407031291800465, 15.854488752113562 ], [ -96.407219878091936, 15.854655291063329 ], [ -96.407784283927157, 15.855215296551563 ], [ -96.407929976687456, 15.855452453298234 ], [ -96.408045468755091, 15.855999179926224 ], [ -96.408064764288085, 15.856543061254573 ], [ -96.40803931560545, 15.858534447242212 ], [ -96.408000423924477, 15.859113197648307 ], [ -96.407844379396934, 15.859822646942714 ], [ -96.407660349959286, 15.860257395339771 ], [ -96.406957585168726, 15.861576769788046 ], [ -96.406753597616529, 15.86192998435253 ], [ -96.406504426150235, 15.862258946588367 ], [ -96.406352454983406, 15.862375678223632 ], [ -96.405892427663701, 15.862591463186659 ], [ -96.405772336540664, 15.862678091457832 ], [ -96.405671939016528, 15.862866572398755 ], [ -96.405648605130693, 15.863049202675066 ], [ -96.405640111069502, 15.863712996376574 ], [ -96.405590209563726, 15.863920712270641 ], [ -96.405365829742124, 15.864226259228055 ], [ -96.405095188250925, 15.864455038643989 ], [ -96.404575880328736, 15.864836082461544 ], [ -96.404056570338341, 15.865217125401029 ], [ -96.403691453168022, 15.865444769208546 ], [ -96.402896888827357, 15.865789495255715 ], [ -96.40265769516374, 15.865871762263858 ], [ -96.401871270319148, 15.866115042219645 ], [ -96.40037501673325, 15.866585393337003 ], [ -96.399774470724111, 15.866750924649462 ], [ -96.399037853669881, 15.866884333599494 ], [ -96.39858609026102, 15.866909387229565 ], [ -96.397610520651867, 15.866868619205388 ], [ -96.396688715310503, 15.86695769738121 ], [ -96.395606757805055, 15.867276621833875 ], [ -96.394586865642239, 15.867667418908752 ], [ -96.390909299772815, 15.86917217465829 ], [ -96.389904287042313, 15.869629176520277 ], [ -96.38889181816613, 15.870257135744108 ], [ -96.388450448510866, 15.870697222029492 ], [ -96.38740318643012, 15.872122997748672 ], [ -96.387130026923856, 15.872544788932327 ], [ -96.386902553225511, 15.873087376327161 ], [ -96.38685075111006, 15.873440710402177 ], [ -96.386836481778971, 15.874547015552551 ], [ -96.386811642923433, 15.874844786909716 ], [ -96.386811629413856, 15.874844824562308 ], [ -96.386709998071439, 15.875128081443274 ], [ -96.386589630010249, 15.875235016506547 ], [ -96.386129556927315, 15.875450751640578 ], [ -96.386009581692306, 15.87552720649164 ], [ -96.385909770778383, 15.87566826130764 ], [ -96.385887159031455, 15.875793313398518 ], [ -96.385881448440031, 15.876235835036086 ], [ -96.385916113423278, 15.876397144820636 ], [ -96.386220347585549, 15.876912850136824 ], [ -96.386302777389901, 15.877169578132373 ], [ -96.386470259381454, 15.87747983532992 ], [ -96.386627089665154, 15.877666331844603 ], [ -96.387191483942715, 15.878226391125821 ], [ -96.387401327312077, 15.878372881719503 ], [ -96.387816200579294, 15.878496445397012 ], [ -96.388199033222662, 15.878526473916247 ], [ -96.38957071289596, 15.878543038497682 ], [ -96.390022762460617, 15.878497687864792 ], [ -96.390391704217592, 15.878383589569852 ], [ -96.390760645648882, 15.878269490581188 ], [ -96.391362713724874, 15.877988844279994 ], [ -96.393434470267152, 15.876907346370611 ], [ -96.394120511415579, 15.876627703445745 ], [ -96.394685401580773, 15.876515958188461 ], [ -96.395250291347992, 15.87640421135935 ], [ -96.396178223131173, 15.876364578538968 ], [ -96.399378797819537, 15.876403092595236 ], [ -96.400060641050104, 15.876465875649885 ], [ -96.400735171359855, 15.87658476671719 ], [ -96.401163401823666, 15.876695523715094 ], [ -96.401932539952384, 15.876894449637469 ], [ -96.402748757519447, 15.877222339361351 ], [ -96.403823060763202, 15.877693094863858 ], [ -96.405547504105954, 15.878481223484656 ], [ -96.407139456815358, 15.879323394331607 ], [ -96.409276115493284, 15.880728547476613 ], [ -96.411057202289015, 15.892427260592774 ], [ -96.412899020083785, 15.904524873154344 ], [ -96.418386081306096, 15.940565539586059 ], [ -96.466303795595834, 15.965325862994881 ], [ -96.525847390776718, 15.980019675531901 ], [ -96.59876718027239, 16.025445038070853 ], [ -96.500723070497259, 16.169077265109859 ], [ -96.499948535355699, 16.169506641726379 ], [ -96.499817496464615, 16.169579285345332 ], [ -96.49969013674108, 16.16963929700804 ], [ -96.499508882788135, 16.169699509919422 ], [ -96.499300296634758, 16.169750828734937 ], [ -96.499033202828727, 16.169786783933578 ], [ -96.498720278561208, 16.169793899001096 ], [ -96.498368581469776, 16.169749115692571 ], [ -96.498063126246961, 16.169650677981366 ], [ -96.497757671385841, 16.169552239872857 ], [ -96.497236640760519, 16.16931577154471 ], [ -96.495416084859201, 16.168409121372598 ], [ -96.494868776734677, 16.168172338636115 ], [ -96.494501997146912, 16.168073174300087 ], [ -96.494135218013511, 16.167974009381801 ], [ -96.493634584202823, 16.167927464683583 ], [ -96.492031851994938, 16.167908579448078 ], [ -96.491508781712497, 16.167973547522795 ], [ -96.490670516581019, 16.168295622173741 ], [ -96.489996063266901, 16.168690759726601 ], [ -96.487686860725432, 16.170212644183724 ], [ -96.487064964034531, 16.170608391391863 ], [ -96.486472001213187, 16.170933344449235 ], [ -96.486246810030678, 16.171001817528381 ], [ -96.485788881848691, 16.17099640608642 ], [ -96.485610423300088, 16.171111159626911 ], [ -96.485235543500892, 16.171652087596446 ], [ -96.484878457427868, 16.172310087625853 ], [ -96.48358691463487, 16.174839819133339 ], [ -96.48325058644285, 16.17551838431995 ], [ -96.482972618671027, 16.176155297875034 ], [ -96.482911852078715, 16.176386609921977 ], [ -96.482906243551867, 16.17682915296843 ], [ -96.482925683285615, 16.176954713778919 ], [ -96.482973847003933, 16.177026417481716 ], [ -96.483022010754794, 16.177098121178069 ], [ -96.483140181765066, 16.177177428035371 ], [ -96.483595319628762, 16.17740411881368 ], [ -96.483713169246428, 16.177508826489458 ], [ -96.483760582443637, 16.177639799260923 ], [ -96.48380799569199, 16.177770772029188 ], [ -96.483814355103618, 16.179508378360993 ], [ -96.481063214636777, 16.179781367572645 ], [ -96.464326868450883, 16.181442075924807 ], [ -96.45249341432978, 16.182616281804364 ], [ -96.404874190096521, 16.187341425663675 ], [ -96.392794790130594, 16.188540036172185 ], [ -96.382625943875141, 16.189549066920037 ], [ -96.371056087840714, 16.190697116580115 ], [ -96.367488121956185, 16.195830256212592 ], [ -96.36539339426227, 16.198843886413346 ], [ -96.362734060717514, 16.196333043812366 ], [ -96.362217694895122, 16.196020105550371 ], [ -96.361509088929637, 16.195797922203486 ], [ -96.361013159201377, 16.195793455571948 ], [ -96.359407424433485, 16.195994788261512 ], [ -96.358979632635879, 16.196006405412167 ], [ -96.358784319695843, 16.195932849475682 ], [ -96.358589006925015, 16.195859293380412 ], [ -96.358458762144551, 16.195637516889111 ], [ -96.358241579289341, 16.194749672346944 ], [ -96.358143012287059, 16.194518128608728 ], [ -96.358021613719387, 16.194421782119704 ], [ -96.357900215273375, 16.194325435577927 ], [ -96.357651929364479, 16.194281703338312 ], [ -96.356736058952279, 16.19427031032161 ], [ -96.356481501282644, 16.194302706813154 ], [ -96.356209435208243, 16.194465285594536 ], [ -96.356075326841847, 16.194665144666136 ], [ -96.355721552221993, 16.195435241169832 ], [ -96.355603010250874, 16.195650535140402 ], [ -96.355403590611431, 16.19588514430934 ], [ -96.355237247461744, 16.196005006249202 ], [ -96.354660398316256, 16.196329751830969 ], [ -96.3544367021711, 16.196413335082688 ], [ -96.353969636931041, 16.196478645151181 ], [ -96.353526097240433, 16.196488361428393 ], [ -96.351923312044605, 16.196468387316454 ], [ -96.351433749273042, 16.196380995577222 ], [ -96.351092828572732, 16.196187071913492 ], [ -96.350751908596834, 16.195993147797832 ], [ -96.350267414686272, 16.195526471519152 ], [ -96.348688298919512, 16.193736493036035 ], [ -96.348219925325893, 16.193244612016212 ], [ -96.347916603607331, 16.192991881009281 ], [ -96.347613282680328, 16.192739149678427 ], [ -96.347215022823278, 16.192508941724324 ], [ -96.345963122467538, 16.191940097211202 ], [ -96.345611973725283, 16.191725716662955 ], [ -96.345418574671868, 16.191509919482112 ], [ -96.345225176030326, 16.191294122183791 ], [ -96.345023756554085, 16.190891939520874 ], [ -96.344470599711471, 16.189446681605823 ], [ -96.344269047196008, 16.189054657970249 ], [ -96.344075334672667, 16.188862565149108 ], [ -96.343881622523355, 16.188670472203967 ], [ -96.343529711157743, 16.188513658676062 ], [ -96.34227488521438, 16.188166044167492 ], [ -96.341959977235078, 16.187994449593393 ], [ -96.341852603407716, 16.187767871548477 ], [ -96.34174522979319, 16.187541293481537 ], [ -96.3417533550179, 16.187065522490414 ], [ -96.342006015425568, 16.185298413281654 ], [ -96.34203530149334, 16.184812745725846 ], [ -96.341977307634167, 16.184563076408303 ], [ -96.341919313873404, 16.184313407091466 ], [ -96.34172433185806, 16.184085733680224 ], [ -96.340930406038567, 16.183522594983252 ], [ -96.340692148675856, 16.183385828339883 ], [ -96.340533176359472, 16.183348276146994 ], [ -96.34037420412119, 16.183310723843938 ], [ -96.340158254648983, 16.18334019834229 ], [ -96.33946843410709, 16.183552849267592 ], [ -96.339273374404002, 16.183592745225642 ], [ -96.339163145736265, 16.183579511041025 ], [ -96.339052917092275, 16.183566276801365 ], [ -96.338933037907069, 16.183488568924997 ], [ -96.338594059658632, 16.183152400496418 ], [ -96.338506809766997, 16.182993813242511 ], [ -96.3384727154899, 16.182791860647168 ], [ -96.338438621250262, 16.182589908053298 ], [ -96.338428458785401, 16.182171487901194 ], [ -96.338449221004367, 16.180622765557853 ], [ -96.33841311613628, 16.180178618193143 ], [ -96.338318491163889, 16.179916635582469 ], [ -96.338223866392923, 16.179654652961219 ], [ -96.337989615064515, 16.179350278429776 ], [ -96.337085696394709, 16.178453827571392 ], [ -96.336852946855842, 16.178037700505854 ], [ -96.336670696715615, 16.176992226717967 ], [ -96.33664308762458, 16.175914819858473 ], [ -96.337026527454654, 16.173282288637548 ], [ -96.337045702185975, 16.172374816367199 ], [ -96.336864722499669, 16.17123452317216 ], [ -96.336587007482123, 16.170513005157215 ], [ -96.336341172256837, 16.169548587728109 ], [ -96.335962980922631, 16.16887153566778 ], [ -96.334500134952634, 16.166972308925505 ], [ -96.333821171049578, 16.166467044878839 ], [ -96.332648211459528, 16.165602212417991 ], [ -96.328337211329284, 16.162671463465824 ], [ -96.327049536227449, 16.16161041556985 ], [ -96.326158275449146, 16.160390074247648 ], [ -96.325878747878775, 16.159416197515547 ], [ -96.325465543420719, 16.156091782314508 ], [ -96.32532731210749, 16.155165404771708 ], [ -96.325211373364056, 16.154666064667556 ], [ -96.325095435011718, 16.154166724567009 ], [ -96.324902413491742, 16.153666416033168 ], [ -96.324233527335011, 16.152330322524762 ], [ -96.324038595794107, 16.151972242046895 ], [ -96.323918196351869, 16.151804767930631 ], [ -96.32379779710088, 16.151637293774399 ], [ -96.323648730133058, 16.151516876724511 ], [ -96.323193883212852, 16.151289878362956 ], [ -96.322981936979488, 16.150894326867714 ], [ -96.322964924766268, 16.150596060634715 ], [ -96.322979810560682, 16.149489841143073 ], [ -96.323026548457548, 16.149141571814347 ], [ -96.323323544267893, 16.14849995192894 ], [ -96.323473354709719, 16.148229321102573 ], [ -96.324406838783574, 16.146913360288913 ], [ -96.32465027935875, 16.146530304210042 ], [ -96.324852858586112, 16.146058673476929 ], [ -96.324898817596676, 16.145767971701225 ], [ -96.324910713976806, 16.144882994314241 ], [ -96.324803376423574, 16.144656413245901 ], [ -96.324290572557729, 16.144484011693027 ], [ -96.323665333336393, 16.144464303301049 ], [ -96.321201568241932, 16.144486398869546 ], [ -96.320542385252025, 16.144515365330765 ], [ -96.319758212149765, 16.144458083370317 ], [ -96.319297148300123, 16.144347286513423 ], [ -96.317929694146329, 16.143887513420907 ], [ -96.317396700787114, 16.143653877074222 ], [ -96.316836775774362, 16.143338613661633 ], [ -96.316276852695097, 16.143023349035289 ], [ -96.315210068368827, 16.142356228359667 ], [ -96.311351647251058, 16.139873495576136 ], [ -96.310273701849823, 16.139257017733481 ], [ -96.309687676296562, 16.139059951766573 ], [ -96.309101652134842, 16.13886288435852 ], [ -96.308505234585468, 16.138916316868574 ], [ -96.306893993687211, 16.13955979707039 ], [ -96.306380146302502, 16.139726035228328 ], [ -96.305593437717249, 16.139858339620865 ], [ -96.304983416395032, 16.139881107400839 ], [ -96.302923361460913, 16.139855042452783 ], [ -96.302340512100869, 16.139812101724186 ], [ -96.302010556842461, 16.139724944859502 ], [ -96.301680601950281, 16.139637787526489 ], [ -96.301320722779337, 16.139431708873204 ], [ -96.300301200986695, 16.138644321573921 ], [ -96.299995668185886, 16.138306840203718 ], [ -96.299792517181729, 16.137913078388522 ], [ -96.299589366886948, 16.137519316488767 ], [ -96.299314469866488, 16.136731764163031 ], [ -96.298437928351575, 16.133844043633381 ], [ -96.298223393842818, 16.13286928282238 ], [ -96.298161078215969, 16.132038701328703 ], [ -96.298098762547909, 16.131208119838604 ], [ -96.298135249397873, 16.129809790442103 ], [ -96.298430132287223, 16.124945413459933 ], [ -96.298528013374096, 16.123669789231727 ], [ -96.298608970881148, 16.123125522489257 ], [ -96.298689927707997, 16.122581255624034 ], [ -96.298823354643389, 16.122301832031663 ], [ -96.29928410046297, 16.122086388473484 ], [ -96.299427347403778, 16.121857892323948 ], [ -96.299531217203963, 16.121432456675397 ], [ -96.299635081630939, 16.121007040510268 ], [ -96.299635086420309, 16.121007020893614 ], [ -96.299788607849408, 16.120019986196763 ], [ -96.300297285051997, 16.116264692810713 ], [ -96.30045093333338, 16.115267497189041 ], [ -96.300555116207136, 16.11481835560922 ], [ -96.300659298454264, 16.114369213890214 ], [ -96.300803316220112, 16.114083147877793 ], [ -96.301267034298561, 16.113646455979914 ], [ -96.301399029247875, 16.113472005570319 ], [ -96.301551288418878, 16.11309459624032 ], [ -96.301636806423488, 16.112729890486694 ], [ -96.301883628848685, 16.111405339194381 ], [ -96.301948951710514, 16.11097941323187 ], [ -96.302006971691526, 16.110316310530219 ], [ -96.302024534610794, 16.109794946952587 ], [ -96.302048473558528, 16.108025019493873 ], [ -96.302071586210701, 16.107627954426626 ], [ -96.302168375882587, 16.107189965605095 ], [ -96.30230068547398, 16.106991809377803 ], [ -96.302761390636576, 16.106776352065825 ], [ -96.302881817224488, 16.106679652878718 ], [ -96.302932460230295, 16.106561750431609 ], [ -96.302983103166781, 16.106443847962197 ], [ -96.303007370789175, 16.106203683042473 ], [ -96.303019333466878, 16.10531871833804 ], [ -96.302975363170816, 16.105072610957759 ], [ -96.302866784799846, 16.104940842755912 ], [ -96.302758206567276, 16.104809074519174 ], [ -96.302491953422802, 16.104678701032089 ], [ -96.301466597599415, 16.104333825277141 ], [ -96.301136057985104, 16.104294084556106 ], [ -96.300618892633992, 16.104453505445271 ], [ -96.300210623548807, 16.10472098990088 ], [ -96.298822524654938, 16.105809823694475 ], [ -96.298451237280432, 16.106062530845815 ], [ -96.298106670526309, 16.106153003674329 ], [ -96.297985720562338, 16.106029544056987 ], [ -96.297765854984988, 16.105362926691129 ], [ -96.297628661170194, 16.10527482391176 ], [ -96.297208287645489, 16.105530294391507 ], [ -96.296744945949357, 16.105983353915505 ], [ -96.295003038788678, 16.107842149996326 ], [ -96.294538580725956, 16.108376480180535 ], [ -96.294113055896815, 16.109011205136955 ], [ -96.293969614116676, 16.109383639158668 ], [ -96.293725747167244, 16.110486934497114 ], [ -96.29358804010711, 16.110823878247938 ], [ -96.29318927515159, 16.111292986922933 ], [ -96.292757317267998, 16.111626197626716 ], [ -96.291140269866972, 16.11271206373149 ], [ -96.290686873798649, 16.113075479174618 ], [ -96.290188081031815, 16.113685559936879 ], [ -96.289928916108735, 16.11419368902606 ], [ -96.289218265550076, 16.115954875596543 ], [ -96.289032105746898, 16.116504572936361 ], [ -96.28881211786593, 16.117480587738765 ], [ -96.288710537949513, 16.118251506810836 ], [ -96.288807258942853, 16.119898762504956 ], [ -96.288783964143789, 16.120452222205039 ], [ -96.288702337760469, 16.121043889596606 ], [ -96.288609023477804, 16.121335668991666 ], [ -96.288255181775313, 16.122105638218041 ], [ -96.288025520071585, 16.122375362301792 ], [ -96.287307607036524, 16.122864104298717 ], [ -96.286511676607773, 16.123292580377917 ], [ -96.283515225088209, 16.124803365292465 ], [ -96.282630711364533, 16.125174812778759 ], [ -96.281499455782409, 16.125397475517335 ], [ -96.280767893176446, 16.125344119134279 ], [ -96.278485199789145, 16.124872449967611 ], [ -96.277853967219329, 16.124784802277066 ], [ -96.277190899669094, 16.124847461454802 ], [ -96.276874891718393, 16.125024623300646 ], [ -96.27606325177986, 16.125788718208078 ], [ -96.275552729622817, 16.126610281744377 ], [ -96.2753900540649, 16.127104377020668 ], [ -96.275265282347291, 16.128200122507202 ], [ -96.275158409298129, 16.128584857734957 ], [ -96.274906699361892, 16.12905579977771 ], [ -96.27475087826069, 16.12934733507802 ], [ -96.274499166177648, 16.129818276313159 ], [ -96.274296794480193, 16.130012126329216 ], [ -96.273604104410154, 16.130445817146029 ], [ -96.273473233020226, 16.130535588302831 ], [ -96.273219569177826, 16.131148749896973 ], [ -96.273110325406762, 16.131706182013655 ], [ -96.273215991639503, 16.132689718782206 ], [ -96.273168388625365, 16.133095531244035 ], [ -96.272964414665083, 16.133661911679106 ], [ -96.272755582737034, 16.134241776947835 ], [ -96.272551605954121, 16.134808156572582 ], [ -96.272358809054509, 16.135069863067873 ], [ -96.271663065048685, 16.135724778834721 ], [ -96.271481472049302, 16.135935825050534 ], [ -96.271329784479306, 16.136265793335696 ], [ -96.271294681162431, 16.136526130547853 ], [ -96.271282553144786, 16.137411069320883 ], [ -96.271257959401382, 16.137671541038401 ], [ -96.271155316817783, 16.138002136929654 ], [ -96.271033278158171, 16.138213944975792 ], [ -96.27056640526331, 16.138871785768909 ], [ -96.270443808196973, 16.13912422819056 ], [ -96.270338562974771, 16.139644452867007 ], [ -96.270310809737992, 16.140135188621791 ], [ -96.270286538485706, 16.141905064031231 ], [ -96.270300546533065, 16.142416655722435 ], [ -96.270345368564662, 16.142725432066584 ], [ -96.270390190658233, 16.143034208414758 ], [ -96.270504246042933, 16.143404834859115 ], [ -96.270946862707532, 16.144516872070934 ], [ -96.271134632114951, 16.144878282245987 ], [ -96.27135145158563, 16.145165554034399 ], [ -96.271568271651248, 16.145452825691155 ], [ -96.271999988454411, 16.145912191428035 ], [ -96.273581040984553, 16.147481350140996 ], [ -96.273979842926607, 16.148041897008902 ], [ -96.274119847353674, 16.14856526281023 ], [ -96.274259852307296, 16.149088628609704 ], [ -96.274261061366232, 16.150023412904538 ], [ -96.273986681945345, 16.153339006396543 ], [ -96.273935470796985, 16.154262958531465 ], [ -96.273970875614978, 16.15525914326965 ], [ -96.274072666344097, 16.155758312329649 ], [ -96.274512287993318, 16.157091583132761 ], [ -96.274679713040783, 16.157491993942827 ], [ -96.274693819088611, 16.157525729656101 ], [ -96.275101341330782, 16.158218475820437 ], [ -96.275501986097268, 16.15877396634453 ], [ -96.276458219011772, 16.159489538726849 ], [ -96.276751817713659, 16.159801498382709 ], [ -96.276992536064526, 16.160136489166206 ], [ -96.277042820002464, 16.160303088002994 ], [ -96.277036759450155, 16.160745558541084 ], [ -96.277092647043062, 16.160886827721495 ], [ -96.277359516840377, 16.161103613219463 ], [ -96.277895417290082, 16.161635429710341 ], [ -96.278200029474064, 16.16178326672021 ], [ -96.278936332420159, 16.161841226931585 ], [ -96.279313691716538, 16.162050955951109 ], [ -96.279957138906042, 16.162535033794821 ], [ -96.280173802360935, 16.162835846118959 ], [ -96.281300230658459, 16.164177887376187 ], [ -96.281991730395291, 16.164523148883859 ], [ -96.282539970292234, 16.164923026631044 ], [ -96.28351716735429, 16.165220000400108 ], [ -96.284364921944004, 16.165244368973621 ], [ -96.287343911571654, 16.16506109180963 ], [ -96.288297062461325, 16.165066466996599 ], [ -96.28976611239618, 16.165274848349597 ], [ -96.290911607297929, 16.165567159618817 ], [ -96.294788231119298, 16.166722864566818 ], [ -96.295807050680338, 16.167054183570652 ], [ -96.296245968245174, 16.167249427637678 ], [ -96.296684886789791, 16.167444670925953 ], [ -96.296920115780196, 16.167671194566552 ], [ -96.297140013278309, 16.168337819400804 ], [ -96.297260303325132, 16.168512079171851 ], [ -96.297431031105546, 16.1685853728148 ], [ -96.297601759029973, 16.168658666339244 ], [ -96.297969262876947, 16.168693816316473 ], [ -96.299342825796884, 16.168711257294664 ], [ -96.299806042746852, 16.16866633355248 ], [ -96.300200100081028, 16.168552793111282 ], [ -96.300594157072311, 16.168439251869806 ], [ -96.301256816414636, 16.168159772091052 ], [ -96.303561099882913, 16.16708259921764 ], [ -96.30425542524695, 16.166793349407101 ], [ -96.305834034268145, 16.166420462333605 ], [ -96.307897366222434, 16.166225299993201 ], [ -96.30867699055446, 16.166106459665123 ], [ -96.310251903615892, 16.165747038729876 ], [ -96.313484545235568, 16.164950176522417 ], [ -96.315051614465233, 16.164651583272402 ], [ -96.316626511644969, 16.164292111566372 ], [ -96.31730929702492, 16.164077182183327 ], [ -96.31909053401354, 16.1633745373022 ], [ -96.319371426843034, 16.163276753527718 ], [ -96.319863258642542, 16.163188113682189 ], [ -96.320115177903531, 16.163218381786347 ], [ -96.320798970631984, 16.163448272322512 ], [ -96.320992185174745, 16.163543845907981 ], [ -96.321210059448646, 16.163759966536389 ], [ -96.321328093885825, 16.163973136805435 ], [ -96.321661048036859, 16.164751810751696 ], [ -96.321745083272859, 16.165147448409254 ], [ -96.321804292044959, 16.166215083630906 ], [ -96.321804839713224, 16.167344639053933 ], [ -96.321748176740044, 16.171548261359074 ], [ -96.321685508014994, 16.172687181141018 ], [ -96.321449724911147, 16.173798518479483 ], [ -96.321175560989587, 16.174247223192911 ], [ -96.320131908394004, 16.175229837540186 ], [ -96.319796994828437, 16.175505039998242 ], [ -96.319277722824026, 16.175806706975376 ], [ -96.318870819557191, 16.175962457168804 ], [ -96.317491207725752, 16.176387619356795 ], [ -96.316953376030511, 16.176506151029887 ], [ -96.31539817303775, 16.17669764242229 ], [ -96.314565348166184, 16.176859860472529 ], [ -96.313435079708043, 16.176987835047864 ], [ -96.312653236338534, 16.177008438304455 ], [ -96.310134906128127, 16.176976597989174 ], [ -96.309452864288943, 16.177003532179921 ], [ -96.308788328714158, 16.177161082082012 ], [ -96.308521033440044, 16.177359220708382 ], [ -96.307938188646318, 16.178126317675524 ], [ -96.30777505257511, 16.178396898984253 ], [ -96.307772593909206, 16.178403158867429 ], [ -96.30776426454814, 16.17841708388876 ], [ -96.307535465447785, 16.179006897039081 ], [ -96.307382533241437, 16.179558721008672 ], [ -96.307254854233776, 16.180875742735278 ], [ -96.30714175168356, 16.181333237037254 ], [ -96.306863886656473, 16.181922427096854 ], [ -96.306580038763201, 16.182306632538801 ], [ -96.305533273498483, 16.183510397225334 ], [ -96.305208196755814, 16.183833113141713 ], [ -96.304737944336935, 16.184135359669373 ], [ -96.304391232558558, 16.184244424542076 ], [ -96.30324349662726, 16.184451144199556 ], [ -96.302892562731131, 16.184483947540439 ], [ -96.302647585450998, 16.184457130640372 ], [ -96.302402608282364, 16.184430313467555 ], [ -96.302053607669507, 16.184320890091669 ], [ -96.300914896005878, 16.183863879169245 ], [ -96.300560155222669, 16.183789943674029 ], [ -96.300043419632644, 16.183901921744717 ], [ -96.299659959848412, 16.184135826941787 ], [ -96.298387211729647, 16.185115400915034 ], [ -96.298038814107187, 16.185476756642267 ], [ -96.297685712297962, 16.186183514621153 ], [ -96.297529678711911, 16.186831813549635 ], [ -96.297154617570556, 16.189150449702186 ], [ -96.297047063474949, 16.189712998553262 ], [ -96.296920213161499, 16.190019591767264 ], [ -96.296846553326816, 16.189895033358404 ], [ -96.296629658832742, 16.189007167660908 ], [ -96.296541129586728, 16.188816375759696 ], [ -96.296344886810289, 16.188813879137491 ], [ -96.296153068799612, 16.189001104251023 ], [ -96.295454156931171, 16.189877316174368 ], [ -96.295219592352467, 16.190114799353818 ], [ -96.29482387291128, 16.190346843737021 ], [ -96.294493124282198, 16.190440852351163 ], [ -96.293345349775024, 16.190647511378213 ], [ -96.292887607969575, 16.190800865406523 ], [ -96.291899273353067, 16.191309848311533 ], [ -96.290945095627293, 16.191883613946342 ], [ -96.287480564549412, 16.194052163777165 ], [ -96.286495239991751, 16.194595026172731 ], [ -96.285361630604328, 16.194959871700931 ], [ -96.284727517722843, 16.19493822021813 ], [ -96.282901942325637, 16.194472329751356 ], [ -96.282374773611011, 16.19431995202762 ], [ -96.28205749797246, 16.194197353319385 ], [ -96.28174022279164, 16.194074754195228 ], [ -96.281360890191905, 16.193876849830229 ], [ -96.280225226195142, 16.193198491974666 ], [ -96.279535459353738, 16.193018625021743 ], [ -96.279332402879646, 16.193129484143842 ], [ -96.278752436806002, 16.193675240871592 ], [ -96.278610228077142, 16.193949446996584 ], [ -96.278526554705451, 16.194683320020921 ], [ -96.278549230151285, 16.195457504046558 ], [ -96.278738722125851, 16.19833648990139 ], [ -96.278745696101041, 16.199105392431122 ], [ -96.278588749207969, 16.199814618193617 ], [ -96.278357565262013, 16.200058895067308 ], [ -96.277435652532745, 16.200489625434987 ], [ -96.277205512708306, 16.200657710259708 ], [ -96.277053441339277, 16.201011378431673 ], [ -96.277066336625808, 16.201348534114508 ], [ -96.277208853754658, 16.2032145151361 ], [ -96.258280170753878, 16.19607995141045 ], [ -96.22288478238417, 16.20577665247534 ], [ -96.213989840418677, 16.20821345560709 ], [ -96.206972399460795, 16.210135910207626 ], [ -96.205717640319108, 16.209228816049464 ], [ -96.204644899259804, 16.208359872762049 ], [ -96.20276943279967, 16.206545475248635 ], [ -96.202039888944611, 16.20596012991162 ], [ -96.201237076084993, 16.2054754163597 ], [ -96.200819741140009, 16.205368314710086 ], [ -96.199674989082652, 16.205353218311036 ], [ -96.199271128710734, 16.205408850601859 ], [ -96.198531197273809, 16.205683566327192 ], [ -96.19787801113705, 16.206020383742008 ], [ -96.195569724951937, 16.207317466160209 ], [ -96.194895503243927, 16.207653994919795 ], [ -96.194057437025194, 16.207927396038201 ], [ -96.193534422941838, 16.207981441306423 ], [ -96.19193175932385, 16.207960246351597 ], [ -96.191419546468168, 16.207994109410301 ], [ -96.190631881396158, 16.208173337381929 ], [ -96.190018857455399, 16.208395513663859 ], [ -96.187945735504726, 16.209253096192459 ], [ -96.187353732568653, 16.20947554231147 ], [ -96.186664182815548, 16.209656054252299 ], [ -96.18627111558996, 16.209691483283002 ], [ -96.185126352914509, 16.209676304565427 ], [ -96.184714135786692, 16.209579398853812 ], [ -96.18432467746122, 16.209360876336927 ], [ -96.183935220076009, 16.209142353235997 ], [ -96.183234703327756, 16.208614907205842 ], [ -96.180744570405835, 16.206590526344883 ], [ -96.180044216353508, 16.206052914543335 ], [ -96.17965510818604, 16.205810683573791 ], [ -96.179266001041682, 16.205568452035557 ], [ -96.178854616220661, 16.205413975422758 ], [ -96.177713035474639, 16.205177544978255 ], [ -96.177395255802551, 16.205095428617735 ], [ -96.177224559248543, 16.205022040651329 ], [ -96.177053862839784, 16.20494865256704 ], [ -96.176883938185568, 16.204821089137624 ], [ -96.176432350312922, 16.204372569072905 ], [ -96.176262281872397, 16.204255163130949 ], [ -96.176091248905507, 16.204205476075263 ], [ -96.175920216045739, 16.204155788894969 ], [ -96.175601618974184, 16.204131231336103 ], [ -96.174456898949117, 16.204116000197551 ], [ -96.174149104839046, 16.204071264736193 ], [ -96.174149089484018, 16.204071254547131 ], [ -96.17400327833171, 16.203974499374109 ], [ -96.173857451975948, 16.203877733933503 ], [ -96.173748599143195, 16.203645997163868 ], [ -96.17353227254327, 16.202758089911889 ], [ -96.173449484856391, 16.202541939710216 ], [ -96.173364476530324, 16.202481542840449 ], [ -96.173279468258784, 16.202421145944516 ], [ -96.173119374923758, 16.202464733517818 ], [ -96.172542288118109, 16.202788934881966 ], [ -96.17238074551652, 16.202934099998203 ], [ -96.172203967455928, 16.203287336827358 ], [ -96.17211296980058, 16.20364679580403 ], [ -96.171865089673034, 16.204971033773216 ], [ -96.171731749167918, 16.205350247753078 ], [ -96.171357375442852, 16.205795675032462 ], [ -96.170955896042443, 16.206052785096229 ], [ -96.169456694146774, 16.206807197789491 ], [ -96.168962191220842, 16.206951306095792 ], [ -96.168557955291988, 16.206910355714751 ], [ -96.168153719659855, 16.206869404589192 ], [ -96.167493265402513, 16.206608293690504 ], [ -96.165219634073352, 16.205471667121454 ], [ -96.164543929137594, 16.20517478568582 ], [ -96.164104091599171, 16.205050381207922 ], [ -96.163664254755545, 16.204925975903958 ], [ -96.163083280552598, 16.204867415050291 ], [ -96.161251742209259, 16.204842933290834 ], [ -96.160759181755068, 16.20485158613976 ], [ -96.160292102654068, 16.204916456769936 ], [ -96.160117407010361, 16.205000477085544 ], [ -96.159824607005774, 16.20527566417136 ], [ -96.159619213226364, 16.205545032344563 ], [ -96.159479707338235, 16.205797949289774 ], [ -96.101344945224014, 16.17254245280207 ], [ -96.097325478625336, 16.170243151102127 ], [ -96.106465601371781, 16.143098192747779 ], [ -96.120096171024159, 16.102617199677532 ], [ -96.124322154930553, 16.090066585169637 ], [ -96.126683837436914, 16.083052699791974 ], [ -96.128531503319067, 16.077565375954514 ], [ -96.129063821362635, 16.078183763319441 ], [ -96.129676344598522, 16.078895324075983 ], [ -96.130097391129198, 16.079261444729305 ], [ -96.130627812989587, 16.079531656656865 ], [ -96.131869134120606, 16.080045306780043 ], [ -96.132738898861831, 16.080115102716071 ], [ -96.133297395467523, 16.079995975023095 ], [ -96.133662978197989, 16.079782447066762 ], [ -96.13470681910762, 16.078800804580027 ], [ -96.135013441043256, 16.078302015942565 ], [ -96.135014809738237, 16.078297256275484 ], [ -96.135024237996063, 16.07828184152017 ], [ -96.135400504655323, 16.076955981248638 ], [ -96.135646827716286, 16.075531862917099 ], [ -96.136409236681743, 16.070232006069528 ], [ -96.136655681581885, 16.068797725657134 ], [ -96.137043383667688, 16.067404279880456 ], [ -96.137350801755304, 16.066847923707282 ], [ -96.13806873373639, 16.065954455086889 ], [ -96.138744093895056, 16.065302550674808 ], [ -96.139313629073982, 16.064907169413623 ], [ -96.14000681832843, 16.064436677798994 ], [ -96.140525970171723, 16.064135442060621 ], [ -96.140833988319372, 16.064026109409756 ], [ -96.141752254589349, 16.063817124447855 ], [ -96.14185903156239, 16.063820244086916 ], [ -96.142428557277739, 16.063424852792718 ], [ -96.142774927117188, 16.063082357824772 ], [ -96.143821787400796, 16.061879435996122 ], [ -96.144084837591507, 16.061485027823867 ], [ -96.144175194902147, 16.061166205147885 ], [ -96.144265551843077, 16.060847382378793 ], [ -96.144260665643856, 16.060330868900262 ], [ -96.144057150589518, 16.058558118419363 ], [ -96.144033428871197, 16.057888959032137 ], [ -96.14407983493696, 16.057213962258583 ], [ -96.144126240296771, 16.056538965387123 ], [ -96.14428254713566, 16.055279561957967 ], [ -96.144919141264921, 16.050752334841849 ], [ -96.145127084988232, 16.049554575266132 ], [ -96.145294003188084, 16.049023418766676 ], [ -96.145460920279632, 16.048492261970537 ], [ -96.145729886501258, 16.048172431324772 ], [ -96.146651227514596, 16.047742199518758 ], [ -96.147090978155035, 16.047602436303084 ], [ -96.147656393248496, 16.047491438299367 ], [ -96.148221807961889, 16.047380438698188 ], [ -96.149397528031216, 16.04720305754957 ], [ -96.153753385886489, 16.046597223866527 ], [ -96.155003497023756, 16.046359840649355 ], [ -96.155742496496501, 16.046108889511718 ], [ -96.156481494500312, 16.045857935516445 ], [ -96.15734280665086, 16.045378314492766 ], [ -96.15988424423378, 16.043641972322618 ], [ -96.160640066965968, 16.043191415959384 ], [ -96.161132946628953, 16.04300829934472 ], [ -96.161625825556058, 16.042825181446407 ], [ -96.16227823191754, 16.042752546641623 ], [ -96.164337040543728, 16.042779809873114 ], [ -96.164941675425169, 16.042742093706028 ], [ -96.165323084431733, 16.042640463157859 ], [ -96.1657044931587, 16.042538831866501 ], [ -96.166189596914251, 16.042286174354256 ], [ -96.167690589096608, 16.041310361738716 ], [ -96.16807107781618, 16.041025836539376 ], [ -96.168208392701118, 16.040849854557358 ], [ -96.168345707333032, 16.0406738724459 ], [ -96.168357547318308, 16.040455592518516 ], [ -96.168138172360258, 16.039788917249094 ], [ -96.168023964330018, 16.039568971300753 ], [ -96.167710368465947, 16.039209231985112 ], [ -96.16737658306424, 16.038915264331525 ], [ -96.166132520917074, 16.037903151556964 ], [ -96.165514560714314, 16.037646062418979 ], [ -96.163874803880219, 16.037458421766708 ], [ -96.162150254949808, 16.037447442345698 ], [ -96.155742128359648, 16.037583735652191 ], [ -96.154017301564934, 16.037593006203235 ], [ -96.152376223916093, 16.037500085354946 ], [ -96.151756653162622, 16.037358081170094 ], [ -96.150506403307389, 16.036788319562095 ], [ -96.150181373412565, 16.036619748694946 ], [ -96.150048092899127, 16.036511299308962 ], [ -96.149914812534348, 16.036402849862334 ], [ -96.149859040711874, 16.036261565597851 ], [ -96.149865332604719, 16.035819137997585 ], [ -96.149846106937886, 16.035693579355367 ], [ -96.149798101184643, 16.035621822992567 ], [ -96.149750095463247, 16.035550066624136 ], [ -96.149632161955921, 16.035470607035304 ], [ -96.149177817686493, 16.03524330787867 ], [ -96.149123484146742, 16.035124055336606 ], [ -96.149223877542795, 16.034959449172643 ], [ -96.14932427075847, 16.034794842932687 ], [ -96.149665441240415, 16.034443791409071 ], [ -96.151056772983239, 16.033134756191384 ], [ -96.151440673275061, 16.032733470326267 ], [ -96.151640779822287, 16.032451657727545 ], [ -96.151840885769829, 16.032169844844237 ], [ -96.152028718199105, 16.031765952001681 ], [ -96.152505053876524, 16.030444743562967 ], [ -96.152597919808017, 16.030070067406836 ], [ -96.152576441457924, 16.029856427936231 ], [ -96.152554963114667, 16.02964278846715 ], [ -96.152400731155154, 16.02940706618126 ], [ -96.15172394143643, 16.028734306907609 ], [ -96.151528130892558, 16.028467552667355 ], [ -96.151291136002726, 16.027895459652605 ], [ -96.151148382459581, 16.027344938248934 ], [ -96.150719196667964, 16.025347931543017 ], [ -96.150555872176881, 16.024766657671048 ], [ -96.150222875043269, 16.024051052747691 ], [ -96.149910489860858, 16.023610033659264 ], [ -96.148785697076349, 16.022267547413893 ], [ -96.148493456962726, 16.02188775308738 ], [ -96.148254454274309, 16.02145786793378 ], [ -96.148205261140305, 16.021223540811256 ], [ -96.148214695047187, 16.020559899435177 ], [ -96.148228230094105, 16.02034672577307 ], [ -96.148255095003066, 16.020181141254469 ], [ -96.14828195984451, 16.020015556723077 ], [ -96.148345181455269, 16.019755631707064 ], [ -96.148586484383387, 16.018873816967787 ], [ -96.1486812131796, 16.018614310548042 ], [ -96.14878159627915, 16.018449703090152 ], [ -96.148881979198478, 16.018285095556312 ], [ -96.149074058901661, 16.018074294713948 ], [ -96.149769662521976, 16.017419770786443 ], [ -96.149951093502708, 16.017218987107093 ], [ -96.150026631935845, 16.01707775470614 ], [ -96.15010217024988, 16.016936522259684 ], [ -96.150136563421228, 16.016733784894775 ], [ -96.150145988160887, 16.016070142121603 ], [ -96.150169589891746, 16.015887580786966 ], [ -96.15021994832378, 16.015793425725725 ], [ -96.150270306702865, 16.015699270644262 ], [ -96.150390586107648, 16.015612817427542 ], [ -96.150851172793239, 16.015397678573965 ], [ -96.150971740207837, 16.015290909347236 ], [ -96.151022771030455, 16.015149350910473 ], [ -96.151073801765762, 16.015007792448266 ], [ -96.151099036556076, 16.014710109019351 ], [ -96.151114736818798, 16.013604036567024 ], [ -96.151151194361944, 16.013255703458192 ], [ -96.151228412023215, 16.012995962422568 ], [ -96.151305629430937, 16.012736221321241 ], [ -96.151489792905139, 16.012342436877869 ], [ -96.152194781701454, 16.0110242560336 ], [ -96.152570144782516, 16.010480611291182 ], [ -96.153093498377842, 16.00987119721453 ], [ -96.153616848691797, 16.009261781314866 ], [ -96.154736767196169, 16.00806423432304 ], [ -96.158916245560874, 16.003694447794537 ], [ -96.160047464090127, 16.002436053961869 ], [ -96.16059728770972, 16.001684727576539 ], [ -96.161147106967846, 16.000933399070334 ], [ -96.16158681542926, 16.00004514883371 ], [ -96.162539137528086, 15.997402635733613 ], [ -96.162957683056732, 15.996524260624296 ], [ -96.163458134680681, 15.995795976654206 ], [ -96.163958582417351, 15.995067690887096 ], [ -96.164969886017701, 15.993865247521347 ], [ -96.168688317165518, 15.98971036418844 ], [ -96.169669060745903, 15.98843636811903 ], [ -96.170098291599615, 15.987541178712531 ], [ -96.170527518086317, 15.986645987765707 ], [ -96.170773149413662, 15.985362302460167 ], [ -96.171060965756851, 15.981162152844695 ], [ -96.171156996992735, 15.980059374510848 ], [ -96.171237169525625, 15.979586300936777 ], [ -96.171317341494259, 15.97911322725372 ], [ -96.171450375294569, 15.978864366794342 ], [ -96.171910856044917, 15.978649164807241 ], [ -96.172042032479752, 15.978532358153158 ], [ -96.172117870610151, 15.978367410601388 ], [ -96.17219370859732, 15.978202463000562 ], [ -96.172279212115328, 15.977847990876237 ], [ -96.172526549900823, 15.976523682322606 ], [ -96.172670162488828, 15.97614457416754 ], [ -96.172881590726675, 15.975922142832962 ], [ -96.173093018489865, 15.97569971121079 ], [ -96.173553485552162, 15.975443300017199 ], [ -96.175279470308766, 15.974691568388337 ], [ -96.175744113936716, 15.974511406096187 ], [ -96.176186472649746, 15.974422389483097 ], [ -96.176353770717341, 15.974475386057033 ], [ -96.176692137151335, 15.974811720388391 ], [ -96.176779611587406, 15.974939868183075 ], [ -96.176814535068303, 15.975070712647844 ], [ -96.176849458581046, 15.975201557112861 ], [ -96.176861765458142, 15.975447250661961 ], [ -96.176849350007515, 15.97633213157758 ], [ -96.176893016556093, 15.976588396820221 ], [ -96.177109210085163, 15.976899420348476 ], [ -96.177126351094785, 15.976911575929226 ], [ -96.177138558570604, 15.976928592183569 ], [ -96.177433088945506, 15.977145817831051 ], [ -96.178567205726026, 15.97782448730835 ], [ -96.178799612739169, 15.977990096423362 ], [ -96.178965952250834, 15.978183060538582 ], [ -96.179098475708756, 15.978469278254618 ], [ -96.179427547970519, 15.979469271936942 ], [ -96.179580647358861, 15.979786239402248 ], [ -96.179966038455674, 15.980265427008709 ], [ -96.179970150105547, 15.980269229623637 ], [ -96.17997121775656, 15.980270574935172 ], [ -96.180363498669152, 15.980633012864359 ], [ -96.181832932069852, 15.981869221749363 ], [ -96.182340874330066, 15.982223013431003 ], [ -96.182791351372174, 15.982430424551659 ], [ -96.183241829470091, 15.982637834872534 ], [ -96.184020966321484, 15.982876643881092 ], [ -96.186755995530916, 15.983576247090452 ], [ -96.187561466384238, 15.983810309040857 ], [ -96.188073377141947, 15.984006660893575 ], [ -96.188585289076741, 15.984203011682313 ], [ -96.189242422107853, 15.984529954396615 ], [ -96.191285232719522, 15.985662977374789 ], [ -96.191890152567069, 15.985968910748587 ], [ -96.192280219712231, 15.986116248172189 ], [ -96.192670287532451, 15.986263584976445 ], [ -96.19317984512243, 15.986378615040717 ], [ -96.194777647479867, 15.986620742430983 ], [ -96.195214122698985, 15.986704333696188 ], [ -96.195433662066776, 15.986778319570611 ], [ -96.195653201630009, 15.986852305245792 ], [ -96.195843981813283, 15.986980102502066 ], [ -96.196295211147756, 15.987428518241458 ], [ -96.196579939632301, 15.987598181099179 ], [ -96.197018691447198, 15.987769852869185 ], [ -96.19745744414034, 15.987941523859295 ], [ -96.198426296272885, 15.988262347610831 ], [ -96.202070130726923, 15.989416150666953 ], [ -96.203231374333313, 15.989876621824848 ], [ -96.204119013390496, 15.990374167655597 ], [ -96.205006657262601, 15.990871710493497 ], [ -96.206381538641338, 15.991832793438933 ], [ -96.211022459203349, 15.99532271978568 ], [ -96.212229650459236, 15.996261275523405 ], [ -96.212725920321134, 15.996706298165002 ], [ -96.213222192411678, 15.997151319990953 ], [ -96.213432908830015, 15.997484260575277 ], [ -96.213423704488051, 15.998147940787543 ], [ -96.213357168754015, 15.99840108237901 ], [ -96.213055872228836, 15.998918729201682 ], [ -96.212691982960678, 15.999405082336821 ], [ -96.211295115154584, 16.001157075873053 ], [ -96.210920573693642, 16.00165344653189 ], [ -96.210569595497148, 16.002217856874733 ], [ -96.21044274080144, 16.002527787405437 ], [ -96.210201730063474, 16.003409719686829 ], [ -96.210043366251526, 16.003719240308946 ], [ -96.209545345785713, 16.004281737017514 ], [ -96.208992249970791, 16.004775781696612 ], [ -96.206909136911918, 16.006518811881826 ], [ -96.206281379500595, 16.007093157200302 ], [ -96.205434974524238, 16.008030418263473 ], [ -96.204853581036005, 16.008795017412272 ], [ -96.202986789683052, 16.011425873605091 ], [ -96.202547518745831, 16.012166915680737 ], [ -96.202364409436868, 16.012994270509427 ], [ -96.202542099218974, 16.01343516511243 ], [ -96.203554436024447, 16.014665316925328 ], [ -96.203870367349907, 16.014986091372684 ], [ -96.204101368649063, 16.015119489923134 ], [ -96.204332370282955, 16.015252888271878 ], [ -96.204676442548049, 16.015313252076616 ], [ -96.205820110104582, 16.015328149732397 ], [ -96.206164607587709, 16.015358036366326 ], [ -96.206396601035195, 16.015420324699445 ], [ -96.206628594666228, 16.015482612803904 ], [ -96.206946936152434, 16.015630692626271 ], [ -96.207968546073644, 16.016197153497394 ], [ -96.208253260726124, 16.016497196251049 ], [ -96.208406788397625, 16.016914066766478 ], [ -96.208560316579607, 16.017330937258908 ], [ -96.208714253040881, 16.018221953336081 ], [ -96.209125568795372, 16.021546287695106 ], [ -96.20926339938076, 16.022462494731798 ], [ -96.209379345118819, 16.022938143833461 ], [ -96.209495291226915, 16.023413792941032 ], [ -96.209688734837428, 16.023856583263129 ], [ -96.210359583054625, 16.024971639256286 ], [ -96.2105328700504, 16.025353206085324 ], [ -96.210601780308082, 16.025686001003351 ], [ -96.210670690704958, 16.026018795926372 ], [ -96.210694289763325, 16.026588071761182 ], [ -96.210666595342232, 16.028579102218142 ], [ -96.210638239509706, 16.029107061387954 ], [ -96.210533608670616, 16.029579840552781 ], [ -96.210412492045236, 16.029727280148837 ], [ -96.209951911852031, 16.029942551822774 ], [ -96.2098422880171, 16.030019019532816 ], [ -96.209791290784466, 16.03016059785622 ], [ -96.209828061526039, 16.03028638495304 ], [ -96.210050656128828, 16.030731813041513 ], [ -96.210065995154466, 16.030887801645264 ], [ -96.209914981859185, 16.031170320319923 ], [ -96.209683909057574, 16.031417929529059 ], [ -96.208756578012043, 16.032290917352334 ] ], [ [ -96.472946203534946, 16.04579031123243 ], [ -96.472747082653726, 16.046025075112382 ], [ -96.472578841245323, 16.046311012993851 ], [ -96.471992831522414, 16.047410624453711 ], [ -96.47179819178568, 16.047706411805045 ], [ -96.471798180366832, 16.04770642175097 ], [ -96.471475886520309, 16.047987142537007 ], [ -96.471210090484803, 16.048092398999785 ], [ -96.470292013964951, 16.048302862909278 ], [ -96.470026537948598, 16.048382716630314 ], [ -96.469705726935672, 16.048544905642668 ], [ -96.469512901405153, 16.048696750631951 ], [ -96.468933858312042, 16.049243170666127 ], [ -96.46880356057018, 16.049436401595212 ], [ -96.468803552391265, 16.04943650176963 ], [ -96.468774549327335, 16.049791727121168 ], [ -96.468863402842274, 16.050106104182731 ], [ -96.469307066447286, 16.051217871436197 ], [ -96.469635789979421, 16.051677350289818 ], [ -96.470180980515948, 16.052193583363962 ], [ -96.470726173875704, 16.052709815429345 ], [ -96.47195515126829, 16.053725282479114 ], [ -96.476600095878112, 16.057431619029575 ], [ -96.477861168732261, 16.058406789745245 ], [ -96.478481147952735, 16.058829042285787 ], [ -96.479101129930498, 16.059251293387483 ], [ -96.479611420538475, 16.059482560447307 ], [ -96.480752810980931, 16.059717303108634 ], [ -96.481066270996578, 16.059722685773071 ], [ -96.481226981282177, 16.059617875623758 ], [ -96.481387691409296, 16.059513065328677 ], [ -96.481533402912802, 16.059208225130213 ], [ -96.481891966633867, 16.057995257518826 ], [ -96.481891846982393, 16.057587081021822 ], [ -96.481532729498213, 16.05689522562189 ], [ -96.48101982675125, 16.056315036564776 ], [ -96.478985421553205, 16.054299334801893 ], [ -96.478436076577893, 16.053693307161698 ], [ -96.477906849505445, 16.052880887883855 ], [ -96.477700153831648, 16.052326317324596 ], [ -96.477264801980027, 16.050550741086685 ], [ -96.477073806420776, 16.050001436313753 ], [ -96.476617844332935, 16.04921358999616 ], [ -96.47615746693053, 16.048637399525191 ], [ -96.474465018252403, 16.046736351768121 ], [ -96.474008880867572, 16.046241504043902 ], [ -96.473572670409226, 16.045833267546236 ], [ -96.473405648248573, 16.045744920749883 ], [ -96.473062420930802, 16.045740872258538 ], [ -96.472946203534946, 16.04579031123243 ] ], [ [ -96.451275374440741, 16.021781377520153 ], [ -96.450909789570105, 16.021611056299804 ], [ -96.450708584545595, 16.021596809639387 ], [ -96.450135211991267, 16.021700645785657 ], [ -96.449985114111428, 16.021798786307507 ], [ -96.449858029790335, 16.022152940155998 ], [ -96.44982657854014, 16.022560733780061 ], [ -96.449806889375012, 16.024109616785694 ], [ -96.449748720865969, 16.024552659051885 ], [ -96.449496957408897, 16.025071306463744 ], [ -96.449195463417396, 16.025369188653347 ], [ -96.448040249931395, 16.026240653729431 ], [ -96.447737976328426, 16.02659949502112 ], [ -96.447737970966813, 16.026599511881823 ], [ -96.44748258402241, 16.027402626946891 ], [ -96.447420011597956, 16.028191117362379 ], [ -96.447383396252093, 16.031067607256343 ], [ -96.447425750909048, 16.031867508419268 ], [ -96.44754288863956, 16.032295699772728 ], [ -96.447660026739172, 16.032723891119275 ], [ -96.447952352956946, 16.033147393624677 ], [ -96.449082272892312, 16.034267353393219 ], [ -96.449401839179558, 16.034614964980108 ], [ -96.449582530364992, 16.03486608001964 ], [ -96.449763221978543, 16.035117194966947 ], [ -96.4499599164578, 16.035487054993414 ], [ -96.450516443753145, 16.036710838330208 ], [ -96.450850498341111, 16.037021360792156 ], [ -96.451351694141906, 16.037134020932939 ], [ -96.451852890678353, 16.037246679980697 ], [ -96.452950825102931, 16.037258037625062 ], [ -96.457072128075509, 16.037085674632991 ], [ -96.458218439969983, 16.037011203045122 ], [ -96.458832514489288, 16.036923640587652 ], [ -96.459446588736952, 16.036836076290587 ], [ -96.460054774304027, 16.036660370521492 ], [ -96.461664820150801, 16.036015533207664 ], [ -96.46213161665095, 16.035802579702782 ], [ -96.462415787911837, 16.035628110665961 ], [ -96.462699958712122, 16.035453641178108 ], [ -96.463045079365543, 16.03516811146708 ], [ -96.464087295278446, 16.034184575078221 ], [ -96.464369502744006, 16.033888136421798 ], [ -96.464506881762546, 16.03368821633627 ], [ -96.464644260489635, 16.033488296119796 ], [ -96.464754564509064, 16.033213534678694 ], [ -96.464994557939974, 16.032331154852596 ], [ -96.465168668395251, 16.031996175859138 ], [ -96.465454929503053, 16.031655747934348 ], [ -96.465741189607542, 16.031315319477205 ], [ -96.466384963651208, 16.030677644520889 ], [ -96.468816690034885, 16.02838266383684 ], [ -96.469585875710735, 16.027797266794039 ], [ -96.470164795193909, 16.027578840398984 ], [ -96.470743713618262, 16.027360412253902 ], [ -96.471628585965405, 16.027321731154281 ], [ -96.474600163341478, 16.027578053774292 ], [ -96.475384399799651, 16.027604225039898 ], [ -96.475728491862569, 16.027537141783892 ], [ -96.476072583776286, 16.027470057941709 ], [ -96.476271466362675, 16.027252221595823 ], [ -96.476511399865288, 16.026369820116791 ], [ -96.476626488724051, 16.02613067313246 ], [ -96.476775063333037, 16.026013864343028 ], [ -96.476923637774135, 16.025897055424583 ], [ -96.477233047625035, 16.025802462500238 ], [ -96.47837981072631, 16.025594642938078 ], [ -96.478715420723958, 16.025505436795626 ], [ -96.478925129475471, 16.025401200709567 ], [ -96.479134838031882, 16.025296964386069 ], [ -96.479398395355233, 16.025088352938958 ], [ -96.480208908952235, 16.02432330340924 ], [ -96.480430823225305, 16.024083714952948 ], [ -96.480543368117324, 16.023907201136744 ], [ -96.480655912796323, 16.023730687230437 ], [ -96.480755555248479, 16.023465950556449 ], [ -96.480995462686224, 16.022583540299575 ], [ -96.481037640955165, 16.022292723341909 ], [ -96.481016104012397, 16.022055355762536 ], [ -96.480994567077985, 16.021817988183557 ], [ -96.480890855106637, 16.021430612081215 ], [ -96.480449942585977, 16.020097591962209 ], [ -96.480400163709533, 16.019599066642641 ], [ -96.480504467348993, 16.01910235091859 ], [ -96.480608770291013, 16.018605635049095 ], [ -96.480956555326856, 16.017684971446549 ], [ -96.482370914789499, 16.014381962976834 ], [ -96.482729951667849, 16.01340045372741 ], [ -96.482860540084573, 16.012761774682062 ], [ -96.482991127370596, 16.012123095403968 ], [ -96.483005201611604, 16.011279807989752 ], [ -96.482809708338607, 16.00862182559386 ], [ -96.48266037945406, 16.007822351309873 ], [ -96.482159007539266, 16.006749453427496 ], [ -96.481592093589242, 16.006016215632023 ], [ -96.479447894159208, 16.003667328507426 ], [ -96.478822265618447, 16.003009611864304 ], [ -96.478046838674501, 16.002289162340052 ], [ -96.477564712564032, 16.001917665746003 ], [ -96.476090223765823, 16.000904460832302 ], [ -96.47569137585306, 16.000594911823956 ], [ -96.475304565872449, 16.000163559319553 ], [ -96.475150827370953, 15.999856890908505 ], [ -96.474820191606455, 15.998857124376316 ], [ -96.474582673977906, 15.998529146685497 ], [ -96.473804895188877, 15.997998349366023 ], [ -96.472931303165282, 15.997568042728902 ], [ -96.469632349749332, 15.996090717105988 ], [ -96.468785997430544, 15.995584501673445 ], [ -96.468135276792793, 15.994699514540411 ], [ -96.468052024466658, 15.993941464982173 ], [ -96.468314223493593, 15.99128888708818 ], [ -96.468361694553138, 15.99057810668914 ], [ -96.468341364559024, 15.990245908616389 ], [ -96.468321034547856, 15.98991371054216 ], [ -96.468215478562797, 15.989675353656928 ], [ -96.467763545232103, 15.98922741726482 ], [ -96.467646334559817, 15.989080380822067 ], [ -96.4675988090804, 15.988961264188237 ], [ -96.467551283648092, 15.988842147550832 ], [ -96.467532707169681, 15.988648850784232 ], [ -96.467537289632688, 15.988284998596496 ], [ -96.467515102939629, 15.988012141810156 ], [ -96.4673880733136, 15.987620785145182 ], [ -96.46727972356436, 15.987465384738668 ], [ -96.467014797384792, 15.987230230357556 ], [ -96.46599517950041, 15.986443641832599 ], [ -96.465624450142656, 15.986268210532701 ], [ -96.464913993034983, 15.986236120522845 ], [ -96.464269782589184, 15.986365707672118 ], [ -96.461973917198378, 15.987002522915123 ], [ -96.461230366581233, 15.987095360346162 ], [ -96.460056337846012, 15.986891798961564 ], [ -96.459122708276027, 15.986508158803142 ], [ -96.455939830775066, 15.984921378777971 ], [ -96.455048363410285, 15.984528060179617 ], [ -96.454071027948672, 15.984279375278749 ], [ -96.453566298436613, 15.984317431428233 ], [ -96.45218822484631, 15.984743708290107 ], [ -96.451714104131796, 15.984853255911105 ], [ -96.450879617064629, 15.984938205143511 ], [ -96.450161613951636, 15.984950012471888 ], [ -96.44764542318363, 15.984920148297929 ], [ -96.446855702394913, 15.98478882691307 ], [ -96.445686530809283, 15.984205872512693 ], [ -96.444806010606086, 15.983504401895541 ], [ -96.441866131555685, 15.980813812183925 ], [ -96.441032904833222, 15.980112892369558 ], [ -96.440084347874105, 15.97953253871432 ], [ -96.439562488904102, 15.979404382944606 ], [ -96.438075701572004, 15.979386672190614 ], [ -96.437625102871891, 15.979437192473601 ], [ -96.437009094330278, 15.979690669560881 ], [ -96.436579679814869, 15.980002259332515 ], [ -96.435191744858116, 15.981202862070129 ], [ -96.434829688938095, 15.98158638353401 ], [ -96.434528038303654, 15.98217555418657 ], [ -96.434459165534193, 15.982633705711796 ], [ -96.434439409792205, 15.984182575792428 ], [ -96.434517389249848, 15.984657722584592 ], [ -96.434709220260046, 15.98499196340499 ], [ -96.434901051848584, 15.985326204137881 ], [ -96.435371163543081, 15.985806030374951 ], [ -96.437181371585282, 15.9873767312566 ], [ -96.43770919882482, 15.987862322831056 ], [ -96.4380356837557, 15.988210022595771 ], [ -96.438362169800598, 15.988557722018639 ], [ -96.438767157726872, 15.989065558244594 ], [ -96.440004139579827, 15.990740059629925 ], [ -96.440419768880091, 15.991237858772193 ], [ -96.4407710745309, 15.991562140435418 ], [ -96.441122381324419, 15.991886421680025 ], [ -96.441710484619392, 15.992315140352002 ], [ -96.443752369115344, 15.993667256137954 ], [ -96.444356175210331, 15.994101236697524 ], [ -96.444744105958634, 15.994437804467747 ], [ -96.445132038028987, 15.994774371716241 ], [ -96.445636607297814, 15.995302013046317 ], [ -96.44721541453552, 15.997091200768248 ], [ -96.447678494176373, 15.99757769818379 ], [ -96.447969601889653, 15.997818267113168 ], [ -96.448260710317314, 15.998058835743988 ], [ -96.448629366820398, 15.998259677839282 ], [ -96.449767549570808, 15.998715800894326 ], [ -96.450120517075788, 15.998911373547907 ], [ -96.450375015157846, 15.999139649663968 ], [ -96.450629513825405, 15.999367925557685 ], [ -96.451003685294452, 15.999824570112748 ], [ -96.452240832536674, 16.001499023908835 ], [ -96.452562488838339, 16.001955043609662 ], [ -96.452694440835302, 16.002181863979267 ], [ -96.452826393103422, 16.002408684306584 ], [ -96.452881741792694, 16.0026007229873 ], [ -96.452876130645492, 16.003043262890852 ], [ -96.45291630234297, 16.0031893930732 ], [ -96.453012842009912, 16.003309093533019 ], [ -96.453109381787712, 16.003428793964872 ], [ -96.453345038231745, 16.003624664890861 ], [ -96.454251692438874, 16.004299326574053 ], [ -96.454486964802157, 16.004525677638267 ], [ -96.454582604736359, 16.004716500173224 ], [ -96.45467824483103, 16.004907322688812 ], [ -96.454716229237093, 16.005226178999312 ], [ -96.454702208713485, 16.006332530035142 ], [ -96.45467729327973, 16.006640478707954 ], [ -96.45457504219462, 16.006971221490172 ], [ -96.454453884598692, 16.007135762440285 ], [ -96.453990732599863, 16.007572876695637 ], [ -96.453891099029136, 16.007697024940953 ], [ -96.453889295574655, 16.007839269956943 ], [ -96.453986352957415, 16.007918328904569 ], [ -96.454441091566352, 16.008145025147556 ], [ -96.454569148709425, 16.008265099044738 ], [ -96.454640579132345, 16.008431923592553 ], [ -96.454712009656348, 16.008598748131423 ], [ -96.45478803959935, 16.008955315835124 ], [ -96.454999985706209, 16.010285649417131 ], [ -96.455106501020865, 16.010723873727919 ], [ -96.455249063555442, 16.011081230291005 ], [ -96.455391626514327, 16.011438586822056 ], [ -96.455692434375479, 16.012021381050531 ], [ -96.45681109011943, 16.01402637264809 ], [ -96.457101657364646, 16.014588720672318 ], [ -96.45722031382256, 16.014898371141729 ], [ -96.457338970583308, 16.015208021590364 ], [ -96.457387421057604, 16.015530389322965 ], [ -96.457376208890594, 16.016415471158652 ], [ -96.457404549809638, 16.016666467277776 ], [ -96.457476284981965, 16.016809583987836 ], [ -96.457548020244658, 16.016952700686961 ], [ -96.457724637309624, 16.017110609345711 ], [ -96.458405381591149, 16.017561281982342 ], [ -96.458550355121403, 16.01772897716506 ], [ -96.458546151955034, 16.018060883095899 ], [ -96.458395173260868, 16.018367339144813 ], [ -96.457694804238685, 16.019465559325383 ], [ -96.457511662850195, 16.01982244275489 ], [ -96.457357376398178, 16.020389680542205 ], [ -96.45732010890967, 16.02084313699017 ], [ -96.457300479779732, 16.022392029304029 ], [ -96.457268785844192, 16.022820146938109 ], [ -96.457140510811357, 16.023269136959097 ], [ -96.456988954644487, 16.023482433540412 ], [ -96.456409966091258, 16.024028826430765 ], [ -96.456196533931816, 16.024149931409951 ], [ -96.455779507679622, 16.024168695831442 ], [ -96.455397188640831, 16.024074396845698 ], [ -96.454030063871272, 16.023615566231758 ], [ -96.453622321339296, 16.023454910357462 ], [ -96.453086644135396, 16.023164017635509 ], [ -96.4527291336871, 16.022909112659629 ], [ -96.45159643412083, 16.022010446723488 ], [ -96.451275374440741, 16.021781377520153 ] ], [ [ -96.407729741921969, 15.988734035964352 ], [ -96.407655284765582, 15.988262317581087 ], [ -96.40748933802135, 15.988006276022064 ], [ -96.407347792439765, 15.987577781824118 ], [ -96.407320517896125, 15.987248894857867 ], [ -96.407333049895641, 15.98627688109786 ], [ -96.407364929494349, 15.9859769742538 ], [ -96.407176814796927, 15.98535823542089 ], [ -96.406992515671149, 15.984986807812533 ], [ -96.406320571381144, 15.983872217150696 ], [ -96.406157543228716, 15.983480722682001 ], [ -96.406113114325649, 15.983124531257429 ], [ -96.406068685481898, 15.982768339836367 ], [ -96.40610477308941, 15.98214214450074 ], [ -96.406362033791268, 15.979932281496815 ], [ -96.406382298700365, 15.97931097570976 ], [ -96.406300956141237, 15.978966194179648 ], [ -96.406219613772706, 15.978621412650062 ], [ -96.405966942917232, 15.978257628249345 ], [ -96.404950502890955, 15.97724952871374 ], [ -96.404633508723037, 15.976986582723296 ], [ -96.404170637149946, 15.976767602509602 ], [ -96.403826385709465, 15.976717719473962 ], [ -96.40268275055486, 15.976703909022303 ], [ -96.402343423459314, 15.976679487046292 ], [ -96.40190353183614, 15.976579331451703 ], [ -96.401614442518451, 15.976460674163448 ], [ -96.40070525307398, 15.976007094275939 ], [ -96.400216132072728, 15.975652301844734 ], [ -96.400010125829823, 15.97547198424602 ], [ -96.399704650824674, 15.975131266303181 ], [ -96.398691120014632, 15.973901882777266 ], [ -96.398427791101085, 15.973551511824898 ], [ -96.39832011888069, 15.973348672279856 ], [ -96.398212446853719, 15.973145832709635 ], [ -96.398168140438585, 15.97291666223744 ], [ -96.398176720700391, 15.972252879182697 ], [ -96.398200089553981, 15.97207025425385 ], [ -96.398250326833363, 15.971976020947109 ], [ -96.39830056406052, 15.971881787620898 ], [ -96.398420730190409, 15.971795174441825 ], [ -96.398881030556367, 15.971579445596314 ], [ -96.399076813934627, 15.971331161749298 ], [ -96.399303491040428, 15.970859697244116 ], [ -96.399530166945937, 15.970388232323712 ], [ -96.399982026276817, 15.96928947283587 ], [ -96.401637304084957, 15.965104844169051 ], [ -96.402005774682721, 15.963954262051972 ], [ -96.402037924657051, 15.963361892145052 ], [ -96.402070074166659, 15.962769522176112 ], [ -96.401793465476302, 15.962227619781885 ], [ -96.400438337518381, 15.96088347831976 ], [ -96.400080788425484, 15.960508238083614 ], [ -96.399767451956066, 15.960101402437825 ], [ -96.399677330153779, 15.959895389007986 ], [ -96.399570116793527, 15.95934085362183 ], [ -96.39939532507087, 15.959184624964486 ], [ -96.398686844464805, 15.959010091969384 ], [ -96.397849521894784, 15.95891698518991 ], [ -96.394650505789485, 15.958656993029347 ], [ -96.393786343222203, 15.958609272793536 ], [ -96.392952591228735, 15.958646596688236 ], [ -96.392625678485004, 15.958747639209815 ], [ -96.391933835862432, 15.959181847442691 ], [ -96.391711808062468, 15.959294320724755 ], [ -96.391367522501199, 15.959384989075973 ], [ -96.391097713980287, 15.959402041943488 ], [ -96.390182893686713, 15.959390951649356 ], [ -96.389855983802619, 15.959356503146267 ], [ -96.389245224908578, 15.959206835141298 ], [ -96.388699622917798, 15.959027471561045 ], [ -96.386764247964905, 15.958340101091038 ], [ -96.386238929799816, 15.958216866153549 ], [ -96.38572281026066, 15.958329148849103 ], [ -96.385510813553992, 15.958612788388857 ], [ -96.385037611300532, 15.959824156461638 ], [ -96.384893345645054, 15.960149263701961 ], [ -96.384693311841218, 15.960455063800204 ], [ -96.38455181524472, 15.960566813891976 ], [ -96.384091531468172, 15.960782513704643 ], [ -96.383971235829648, 15.960879278851317 ], [ -96.383870140319843, 15.961115150360156 ], [ -96.383846013809617, 15.961355344570695 ], [ -96.383834518666234, 15.962240379381882 ], [ -96.383868086051748, 15.962486355630533 ], [ -96.38395215781452, 15.962617782816826 ], [ -96.384036229678699, 15.96274920998518 ], [ -96.384242867686609, 15.962878739819454 ], [ -96.385039036388008, 15.963220356516688 ], [ -96.385292736440846, 15.963365699544358 ], [ -96.385486618180181, 15.963534025610787 ], [ -96.385680500249464, 15.963702351548344 ], [ -96.385980748989255, 15.964037939926968 ], [ -96.386994152422261, 15.965267365479725 ], [ -96.387277795650803, 15.965668800476589 ], [ -96.387432924814448, 15.965990770254686 ], [ -96.387588054410571, 15.966312739986169 ], [ -96.387747637611568, 15.966831218745114 ], [ -96.388182102634701, 15.968606846891825 ], [ -96.388283201039329, 15.969180503626127 ], [ -96.388320525155748, 15.970081940223579 ], [ -96.388272746012035, 15.970796049959754 ], [ -96.388012446114388, 15.973227124420772 ], [ -96.387875853638789, 15.973904589878448 ], [ -96.387875848264017, 15.973904600288499 ], [ -96.387498726758139, 15.974635021268426 ], [ -96.387096566393367, 15.975001028612921 ], [ -96.385596938456729, 15.975978624449885 ], [ -96.385081487899299, 15.976170505250046 ], [ -96.384175689021816, 15.97608835861887 ], [ -96.383397144230855, 15.975779124565028 ], [ -96.380669758152621, 15.974418163420236 ], [ -96.379907443428536, 15.974073551028656 ], [ -96.37907733743063, 15.973826337021748 ], [ -96.378653784078708, 15.97381778781736 ], [ -96.37750730538319, 15.974025103370844 ], [ -96.377192902085682, 15.974104253970989 ], [ -96.37687216597601, 15.974266311477891 ], [ -96.376728374795462, 15.974418671913808 ], [ -96.376378084424502, 15.974967629577895 ], [ -96.376285082701315, 15.975252707156153 ], [ -96.376201365595847, 15.976034111950003 ], [ -96.37617477107446, 15.976865326928387 ], [ -96.376134375714955, 15.979962924875586 ], [ -96.376144736221221, 15.980779348472188 ], [ -96.376189111149685, 15.981135538193923 ], [ -96.37623348613613, 15.981491727919467 ], [ -96.37634991178075, 15.981692989257416 ], [ -96.376804482091572, 15.981919828884147 ], [ -96.376895910078687, 15.982024251885697 ], [ -96.376868002939659, 15.982284720081173 ], [ -96.376736707197509, 15.982552394405797 ], [ -96.376151897137376, 15.983541071532279 ], [ -96.375962899675713, 15.983802960057234 ], [ -96.375665724987826, 15.984036430603959 ], [ -96.375430187512521, 15.98410807139895 ], [ -96.374628187518127, 15.984208922984649 ], [ -96.374402722416818, 15.984224233596436 ], [ -96.374185875099144, 15.984428763422565 ], [ -96.374087276875002, 15.98460538263285 ], [ -96.373849878781854, 15.985266357434371 ], [ -96.373808051104049, 15.985519880234905 ], [ -96.373850254503992, 15.98604201216023 ], [ -96.373952373153514, 15.986534392140276 ], [ -96.3743867266748, 15.988310033458419 ], [ -96.374551202592755, 15.988853982110253 ], [ -96.374717801744993, 15.989235374936506 ], [ -96.374884401435096, 15.989616767715901 ], [ -96.375195924588283, 15.990162512610917 ], [ -96.376316510275686, 15.991946534721516 ], [ -96.376617404294223, 15.992502310049868 ], [ -96.376759192258831, 15.992907109032465 ], [ -96.376900980680006, 15.993311907993094 ], [ -96.377005194812682, 15.99391270133477 ], [ -96.377207950483523, 15.995906805754107 ], [ -96.37734965746516, 15.996452169391231 ], [ -96.377578929414682, 15.996727632198356 ], [ -96.377808201972357, 15.997003094848012 ], [ -96.378321559283876, 15.997244766689015 ], [ -96.380258689046585, 15.997821633909821 ], [ -96.38092042818019, 15.997963496086841 ], [ -96.381495917479938, 15.998006077960955 ], [ -96.382071407268228, 15.998048658327331 ], [ -96.38305392335711, 15.998028454261735 ], [ -96.38648801972785, 15.997848976108099 ], [ -96.387507366747755, 15.997824118858626 ], [ -96.388830222869629, 15.99788762557194 ], [ -96.389700671190454, 15.998003207970136 ], [ -96.392439917087174, 15.998479070580816 ], [ -96.393205465824309, 15.998583204252752 ], [ -96.394038769917586, 15.998593316899498 ], [ -96.394463654348542, 15.99850363132501 ], [ -96.395613141427063, 15.998074983764321 ], [ -96.395953993942186, 15.997984276003576 ], [ -96.396395154512831, 15.997989624322818 ], [ -96.396684531865986, 15.998087972742548 ], [ -96.397593801609233, 15.998541582283092 ], [ -96.397977320707824, 15.998671554383368 ], [ -96.398417562687669, 15.998748018227332 ], [ -96.398857805141247, 15.998824481216902 ], [ -96.399732121573535, 15.998912973610482 ], [ -96.402931788920881, 15.999172985117966 ], [ -96.403854757436079, 15.999155353148785 ], [ -96.404408511645812, 15.998984219130195 ], [ -96.404962265113639, 15.99881308354021 ], [ -96.405621447520289, 15.998341760195833 ], [ -96.407590104171561, 15.996484510273067 ], [ -96.408113640721353, 15.995940409096386 ], [ -96.408350908085225, 15.995599471568912 ], [ -96.40858817459322, 15.995258533650537 ], [ -96.40874254534296, 15.994828528319653 ], [ -96.408988407602152, 15.99350371262044 ], [ -96.409031635778049, 15.993138416643387 ], [ -96.409009571791827, 15.992948467488951 ], [ -96.408987507819418, 15.992758518335391 ], [ -96.408881240069874, 15.992581102457018 ], [ -96.40842945305009, 15.99213305958996 ], [ -96.408323055095522, 15.991965803556067 ], [ -96.408300686112838, 15.991799561114687 ], [ -96.408278317145857, 15.991633318674133 ], [ -96.408320803431948, 15.99132559629968 ], [ -96.408563808502649, 15.99022204296435 ], [ -96.408606162766844, 15.989924480401433 ], [ -96.408560813145186, 15.989639408912531 ], [ -96.40845367397047, 15.989529726488779 ], [ -96.407999041427487, 15.989302946169865 ], [ -96.407871288784165, 15.989162530109647 ], [ -96.407729741921969, 15.988734035964352 ] ], [ [ -96.358615344199762, 15.951414845009914 ], [ -96.358175231172936, 15.951338317039644 ], [ -96.357762388954015, 15.951318009814424 ], [ -96.356275905839397, 15.951299765036698 ], [ -96.355852230236806, 15.951304724309516 ], [ -96.35536155935678, 15.951346117875538 ], [ -96.355084276382854, 15.951400292657363 ], [ -96.354280959312533, 15.951611713459382 ], [ -96.354045079924376, 15.951712121110308 ], [ -96.353747626815775, 15.951969271001941 ], [ -96.353558572911041, 15.952236220379238 ], [ -96.352973771109916, 15.953224833029722 ], [ -96.352820401214004, 15.953573509987327 ], [ -96.352689479946932, 15.95421205786883 ], [ -96.352655819604891, 15.954775592289236 ], [ -96.352629657726382, 15.956766871599557 ], [ -96.35263826795898, 15.957310603226752 ], [ -96.352671440585468, 15.957583670827622 ], [ -96.35270461324302, 15.957856738430809 ], [ -96.352790782288295, 15.958093199960096 ], [ -96.353126560169613, 15.958650551723597 ], [ -96.353266438302029, 15.958796222537352 ], [ -96.353583424281737, 15.958918667819059 ], [ -96.353896383232254, 15.958947918513502 ], [ -96.355215938084001, 15.958795911443524 ], [ -96.355608219505655, 15.958650005991705 ], [ -96.356179573520066, 15.958064284811453 ], [ -96.356603509834287, 15.957373445285604 ], [ -96.35801050244261, 15.954735240604711 ], [ -96.358397736542457, 15.954038864510657 ], [ -96.358797859693652, 15.953427322708853 ], [ -96.358982232331826, 15.95325006844948 ], [ -96.35944251588549, 15.953034423710109 ], [ -96.359562549614452, 15.952957992586329 ], [ -96.35961248677458, 15.952887476000226 ], [ -96.359662423897618, 15.952816959396845 ], [ -96.359685067754128, 15.952691914597962 ], [ -96.359690864780816, 15.95224940542233 ], [ -96.359666319991334, 15.952118701339479 ], [ -96.359606150391471, 15.95203497973306 ], [ -96.359545980838774, 15.951951258116763 ], [ -96.359398612678177, 15.951842757528913 ], [ -96.358831234883851, 15.95150386395918 ], [ -96.358615344199762, 15.951414845009914 ] ], [ [ -96.384588953453886, 15.945384923457862 ], [ -96.38561087829855, 15.945950564193126 ], [ -96.385971297624295, 15.946098892509253 ], [ -96.386301311931419, 15.946162172427709 ], [ -96.386631326523471, 15.946225451870523 ], [ -96.387213805479419, 15.946257921772576 ], [ -96.38927201323051, 15.946282877866659 ], [ -96.389924263367149, 15.94619932893467 ], [ -96.390417074749251, 15.945991908417364 ], [ -96.390909885261848, 15.945784486616329 ], [ -96.391665663537637, 15.945275402656009 ], [ -96.394206980051521, 15.943314500050878 ], [ -96.394973898677407, 15.942754729022489 ], [ -96.395492730592395, 15.942429058292086 ], [ -96.396011560944842, 15.942103386052333 ], [ -96.396727018441524, 15.941732667643345 ], [ -96.399028148473349, 15.94065397781408 ], [ -96.399658410895981, 15.940373673845269 ], [ -96.399978464559339, 15.940258984397303 ], [ -96.400298517923446, 15.940144294418134 ], [ -96.400582695341384, 15.940096914951001 ], [ -96.401268750569116, 15.940105190165399 ], [ -96.401531926208989, 15.940057556112718 ], [ -96.401802974775407, 15.939942272766466 ], [ -96.402074023075272, 15.939826989031689 ], [ -96.402585270489112, 15.939545240611167 ], [ -96.404428984444721, 15.938460971236987 ], [ -96.404924670553726, 15.938163786462994 ], [ -96.405159419806225, 15.938012495506849 ], [ -96.405394168728762, 15.937861204240505 ], [ -96.405569195254088, 15.93772612970568 ], [ -96.405916487648582, 15.937398364404977 ], [ -96.405997529298617, 15.937221511651142 ], [ -96.406012980564597, 15.936972738091033 ], [ -96.406028431743962, 15.936723964519022 ], [ -96.405991536558787, 15.936190035700744 ], [ -96.405788457354419, 15.934195915088107 ], [ -96.405757139018689, 15.933636649361056 ], [ -96.405785602108608, 15.933328756264229 ], [ -96.405814065037688, 15.933020863142874 ], [ -96.405926705953192, 15.932700434174079 ], [ -96.406395435176009, 15.931820884237327 ], [ -96.406496594625466, 15.931576528752556 ], [ -96.406498270095597, 15.931446141435238 ], [ -96.406499945550195, 15.931315754116186 ], [ -96.406403573476993, 15.931187574459278 ], [ -96.405950487206582, 15.930850176919611 ], [ -96.405614983668897, 15.930942675086033 ], [ -96.404502380921826, 15.931711726898927 ], [ -96.403248441827898, 15.932717866805861 ], [ -96.398509224264799, 15.936644058081303 ], [ -96.397181131535746, 15.937694985765392 ], [ -96.395722684360933, 15.938673197140949 ], [ -96.3949672906042, 15.93901972048303 ], [ -96.392900568779197, 15.939658612109946 ], [ -96.392226156432812, 15.939833358631393 ], [ -96.391145626237645, 15.940009960559989 ], [ -96.390276424650892, 15.940087501385463 ], [ -96.387300682055866, 15.940272734629879 ], [ -96.386489168547357, 15.940356039997456 ], [ -96.385616103880551, 15.940731584459412 ], [ -96.385206842104139, 15.941111060439207 ], [ -96.384159114851968, 15.942536753982957 ], [ -96.38389646306095, 15.942948490974111 ], [ -96.383718490807198, 15.943444241086045 ], [ -96.38372689746673, 15.943740718958017 ], [ -96.3839441022388, 15.944628532430759 ], [ -96.384047544799643, 15.94488551860737 ], [ -96.384313071657232, 15.945196973828583 ], [ -96.384588953453886, 15.945384923457862 ] ], [ [ -96.18384660890311, 15.897007507811908 ], [ -96.183842601606457, 15.897295323678652 ], [ -96.183491786974841, 15.897859711588261 ], [ -96.182994628385117, 15.89837816282826 ], [ -96.181025349026939, 15.90023319995875 ], [ -96.180470657813146, 15.900735652325441 ], [ -96.179851398279766, 15.901225406156012 ], [ -96.17952143483582, 15.901422603207642 ], [ -96.178600864658307, 15.901853100890348 ], [ -96.178356433907268, 15.901939653417854 ], [ -96.178136329372748, 15.901913070180152 ], [ -96.178007646155407, 15.901730201565274 ], [ -96.177788309699153, 15.901063547857941 ], [ -96.17771542145978, 15.900894955110836 ], [ -96.177594612213866, 15.900774842652513 ], [ -96.177494915739032, 15.900771846140838 ], [ -96.177150474514221, 15.900877974535531 ], [ -96.177085886221036, 15.900992276785164 ], [ -96.177134093131741, 15.901424706952001 ], [ -96.177254974851337, 15.901915660585123 ], [ -96.177800226471732, 15.903803517597133 ], [ -96.178047358364083, 15.904275801563616 ], [ -96.178351371770773, 15.90443386873268 ], [ -96.178655385706193, 15.904591935547884 ], [ -96.179276863594481, 15.90457127011581 ], [ -96.181569061888823, 15.904158682582295 ], [ -96.18217628059962, 15.904031142015597 ], [ -96.182447026585791, 15.903939848717632 ], [ -96.182717772378567, 15.903848555039433 ], [ -96.18288411358462, 15.903715258488525 ], [ -96.183118880543077, 15.903275795552306 ], [ -96.183275148528111, 15.903111887027034 ], [ -96.183522390428266, 15.90294916515195 ], [ -96.183769631956139, 15.90278644292688 ], [ -96.184319767832335, 15.902485430017585 ], [ -96.186392574089396, 15.901406133731113 ], [ -96.187017170964566, 15.901034962515604 ], [ -96.187438165596063, 15.900708550901982 ], [ -96.187859158917135, 15.90038213823842 ], [ -96.188437401026604, 15.899820703425513 ], [ -96.190293857142123, 15.897853487694299 ], [ -96.190834993668503, 15.897316961784531 ], [ -96.191169428036105, 15.897048682098664 ], [ -96.19150386154314, 15.89678040174535 ], [ -96.191918252281496, 15.896550414071278 ], [ -96.193183206485941, 15.896013694743573 ], [ -96.193496959027968, 15.895848436464766 ], [ -96.193596572833513, 15.895731196018753 ], [ -96.193696186519645, 15.895613955507022 ], [ -96.193667045090848, 15.895444241450457 ], [ -96.193331825572216, 15.894886723486191 ], [ -96.193166298073649, 15.89471015713697 ], [ -96.192729055671137, 15.894443698526805 ], [ -96.192269951825239, 15.894239609082586 ], [ -96.190564717052069, 15.893553643638757 ], [ -96.190031083817928, 15.893424781465411 ], [ -96.189246021865571, 15.893509395376904 ], [ -96.188658136218962, 15.893759134031502 ], [ -96.18669972045528, 15.894839956070363 ], [ -96.186137505091381, 15.895130661404647 ], [ -96.185472259698841, 15.895406475736698 ], [ -96.185084125481225, 15.895509791701199 ], [ -96.18393807797942, 15.895716116035478 ], [ -96.183655121490077, 15.895805560437992 ], [ -96.183480705951737, 15.896016647120787 ], [ -96.183514497579225, 15.896228755474862 ], [ -96.18384660890311, 15.897007507811908 ] ], [ [ -96.282157472296291, 15.870372330122127 ], [ -96.282807600685587, 15.870297517972295 ], [ -96.283753525832239, 15.869823373177244 ], [ -96.286867550495813, 15.867760291193346 ], [ -96.287678094571632, 15.867203141543568 ], [ -96.288012369203642, 15.866934682949283 ], [ -96.288346642975725, 15.866666223693798 ], [ -96.288491171356682, 15.86645635091617 ], [ -96.28849709070542, 15.866013864063785 ], [ -96.288462234547836, 15.865872868946548 ], [ -96.288377943956917, 15.865765123757809 ], [ -96.288293653451689, 15.865657378549223 ], [ -96.288087679740656, 15.865490530117567 ], [ -96.287295052790185, 15.864927393184804 ], [ -96.286941593353632, 15.864799338124879 ], [ -96.286084740640248, 15.864764884106416 ], [ -96.285214124237115, 15.864843716501413 ], [ -96.282008096873994, 15.865246026969471 ], [ -96.281101084390983, 15.865298983058132 ], [ -96.280074391276457, 15.865143828286836 ], [ -96.279514700619387, 15.864869224788482 ], [ -96.277929513816261, 15.863742893931832 ], [ -96.277480309437806, 15.863449354394122 ], [ -96.27696919872821, 15.863205838903225 ], [ -96.276688243948726, 15.863151499504115 ], [ -96.275888231863263, 15.863141429961971 ], [ -96.275432732104349, 15.863186499126284 ], [ -96.274107077347935, 15.863406888011653 ], [ -96.272668782686225, 15.863676652302999 ], [ -96.267282376187822, 15.864715081826667 ], [ -96.265864171361713, 15.865051096185457 ], [ -96.264632305769382, 15.865580815615846 ], [ -96.264290704106699, 15.866001551187974 ], [ -96.263928427858758, 15.867435268360198 ], [ -96.263860057910506, 15.867834056348583 ], [ -96.263881668205343, 15.868047703549804 ], [ -96.263903278508351, 15.868261350752295 ], [ -96.264033392716712, 15.868472983372682 ], [ -96.26459737362606, 15.869033307249399 ], [ -96.264838588239684, 15.869180300069964 ], [ -96.265119431105376, 15.869243121443951 ], [ -96.265400274203358, 15.869305942479887 ], [ -96.265961468148433, 15.869338437784767 ], [ -96.268018689011228, 15.869364429107554 ], [ -96.268711838273703, 15.869342699998127 ], [ -96.269300574889769, 15.869279007815807 ], [ -96.269889311400462, 15.869215313970528 ], [ -96.270878265709797, 15.869055060892098 ], [ -96.274315905512523, 15.868434568022245 ], [ -96.275346020471105, 15.868335776448372 ], [ -96.276715593426886, 15.868495272140624 ], [ -96.277642014457399, 15.868821916026214 ], [ -96.28059576481327, 15.870186742702305 ], [ -96.281507343747677, 15.870447140239813 ], [ -96.282157472296291, 15.870372330122127 ] ], [ [ -96.400925018836844, 15.783540735340592 ], [ -96.400972171200976, 15.783683562794319 ], [ -96.401250682565319, 15.783788509409586 ], [ -96.402503253107525, 15.784135428824223 ], [ -96.402866291140228, 15.784195655885856 ], [ -96.403307894758413, 15.784129799524708 ], [ -96.403575718458512, 15.7839754921017 ], [ -96.404383955796163, 15.783321245405505 ], [ -96.404547044219129, 15.783150443393055 ], [ -96.404499889286114, 15.78300761635137 ], [ -96.40426943700507, 15.782974379675533 ], [ -96.403241148477051, 15.782962099285756 ], [ -96.402926172275528, 15.782973579254056 ], [ -96.402484571226239, 15.78303943520312 ], [ -96.402168688594159, 15.783122035131147 ], [ -96.401136169242278, 15.783441642802527 ], [ -96.400925018836844, 15.783540735340592 ] ], [ [ -96.256785123573806, 15.766962705221138 ], [ -96.256992072876528, 15.767048293290724 ], [ -96.257199022380405, 15.767133881190198 ], [ -96.257532497417557, 15.767173647254783 ], [ -96.25867481567758, 15.767188043036066 ], [ -96.259009246818707, 15.767156694042615 ], [ -96.259218426563223, 15.767076350153113 ], [ -96.259427606171485, 15.766996006035516 ], [ -96.259690830845599, 15.766797800841802 ], [ -96.260500849962597, 15.766033529384806 ], [ -96.260712301154257, 15.765783867197587 ], [ -96.26080067940272, 15.765583458998483 ], [ -96.260889057450115, 15.765383050732616 ], [ -96.260930115524332, 15.765060118187597 ], [ -96.260944963348976, 15.763953916194847 ], [ -96.260912587021394, 15.763630059261375 ], [ -96.260829618799065, 15.763427494111495 ], [ -96.260746650712989, 15.763224928952766 ], [ -96.260541975574327, 15.76297002820068 ], [ -96.259752764577442, 15.762185620502361 ], [ -96.25948971231854, 15.761980787571877 ], [ -96.259051342958529, 15.761809308979249 ], [ -96.25868815301672, 15.761769172197209 ], [ -96.257431636322693, 15.761753341882457 ], [ -96.257072736777133, 15.761784381337931 ], [ -96.256654387729455, 15.761945066282861 ], [ -96.256415645401219, 15.762143576978872 ], [ -96.255719860673693, 15.762909273950275 ], [ -96.255538130704295, 15.763159305683626 ], [ -96.255385845047996, 15.763560425222943 ], [ -96.255350024311781, 15.76388342156906 ], [ -96.255335146250928, 15.76498961836575 ], [ -96.255367513424474, 15.765313474721808 ], [ -96.255450476314934, 15.765516041186205 ], [ -96.25553343934159, 15.765718607641805 ], [ -96.255738109595612, 15.765973512498263 ], [ -96.256527314873239, 15.766757934411693 ], [ -96.256785123573806, 15.766962705221138 ] ] ] ] } },
{ "type": "Feature", "properties": { "fid": 8.0, "cat": 7, "CLAVE_ACUI": "2011", "NOM_ACUIF": "HUATULCO", "VULNERABIL": 2 }, "geometry": { "type": "MultiPolygon", "coordinates": [ [ [ [ -96.297047063474949, 16.189712998553262 ], [ -96.297154617570556, 16.189150449702186 ], [ -96.297529678711911, 16.186831813549635 ], [ -96.297685712297962, 16.186183514621153 ], [ -96.298038814107187, 16.185476756642267 ], [ -96.298387211729647, 16.185115400915034 ], [ -96.299659959848412, 16.184135826941787 ], [ -96.300043419632644, 16.183901921744717 ], [ -96.300560155222669, 16.183789943674029 ], [ -96.300914896005878, 16.183863879169245 ], [ -96.302053607669507, 16.184320890091669 ], [ -96.302402608282364, 16.184430313467555 ], [ -96.302647585450998, 16.184457130640372 ], [ -96.302892562731131, 16.184483947540439 ], [ -96.30324349662726, 16.184451144199556 ], [ -96.304391232558558, 16.184244424542076 ], [ -96.304737944336935, 16.184135359669373 ], [ -96.305208196755814, 16.183833113141713 ], [ -96.305533273498483, 16.183510397225334 ], [ -96.306580038763201, 16.182306632538801 ], [ -96.306863886656473, 16.181922427096854 ], [ -96.30714175168356, 16.181333237037254 ], [ -96.307254854233776, 16.180875742735278 ], [ -96.307382533241437, 16.179558721008672 ], [ -96.307535465447785, 16.179006897039081 ], [ -96.30776426454814, 16.17841708388876 ], [ -96.307772593879079, 16.178403158944146 ], [ -96.30777505257511, 16.178396898984253 ], [ -96.307938188646318, 16.178126317675524 ], [ -96.308521033440044, 16.177359220708382 ], [ -96.308788328714158, 16.177161082082012 ], [ -96.309452864288943, 16.177003532179921 ], [ -96.310134906128127, 16.176976597989174 ], [ -96.312653236338534, 16.177008438304455 ], [ -96.313435079708043, 16.176987835047864 ], [ -96.314565348166184, 16.176859860472529 ], [ -96.31539817303775, 16.17669764242229 ], [ -96.316953376030511, 16.176506151029887 ], [ -96.317491207725752, 16.176387619356795 ], [ -96.318870819557191, 16.175962457168804 ], [ -96.319277722824026, 16.175806706975376 ], [ -96.319796994828437, 16.175505039998242 ], [ -96.320131908394004, 16.175229837540186 ], [ -96.321175560989587, 16.174247223192911 ], [ -96.321449724911147, 16.173798518479483 ], [ -96.321685508014994, 16.172687181141018 ], [ -96.321748176740044, 16.171548261359074 ], [ -96.321804839713224, 16.167344639053933 ], [ -96.321804292044959, 16.166215083630906 ], [ -96.321745083272859, 16.165147448409254 ], [ -96.321661048036859, 16.164751810751696 ], [ -96.321328093885825, 16.163973136805435 ], [ -96.321210059448646, 16.163759966536389 ], [ -96.320992185174745, 16.163543845907981 ], [ -96.320798970631984, 16.163448272322512 ], [ -96.320115177903531, 16.163218381786347 ], [ -96.319863258642542, 16.163188113682189 ], [ -96.319371426843034, 16.163276753527718 ], [ -96.31909053401354, 16.1633745373022 ], [ -96.31730929702492, 16.164077182183327 ], [ -96.316626511644969, 16.164292111566372 ], [ -96.315051614465233, 16.164651583272402 ], [ -96.313484545235568, 16.164950176522417 ], [ -96.310251903615892, 16.165747038729876 ], [ -96.30867699055446, 16.166106459665123 ], [ -96.307897366222434, 16.166225299993201 ], [ -96.305834034268145, 16.166420462333605 ], [ -96.30425542524695, 16.166793349407101 ], [ -96.303561099882913, 16.16708259921764 ], [ -96.301256816414636, 16.168159772091052 ], [ -96.300594157072311, 16.168439251869806 ], [ -96.300200100081028, 16.168552793111282 ], [ -96.299806042746852, 16.16866633355248 ], [ -96.299342825796884, 16.168711257294664 ], [ -96.297969262876947, 16.168693816316473 ], [ -96.297601759029973, 16.168658666339244 ], [ -96.297431031105546, 16.1685853728148 ], [ -96.297260303325132, 16.168512079171851 ], [ -96.297140013278309, 16.168337819400804 ], [ -96.296920115780196, 16.167671194566552 ], [ -96.296684886789791, 16.167444670925953 ], [ -96.296245968245174, 16.167249427637678 ], [ -96.295807050680338, 16.167054183570652 ], [ -96.294788231119298, 16.166722864566818 ], [ -96.290911607297929, 16.165567159618817 ], [ -96.28976611239618, 16.165274848349597 ], [ -96.288297062461325, 16.165066466996599 ], [ -96.287343911571654, 16.16506109180963 ], [ -96.284364921944004, 16.165244368973621 ], [ -96.28351716735429, 16.165220000400108 ], [ -96.282539970292234, 16.164923026631044 ], [ -96.281991730395291, 16.164523148883859 ], [ -96.281300230658459, 16.164177887376187 ], [ -96.280173802360935, 16.162835846118959 ], [ -96.279957138906042, 16.162535033794821 ], [ -96.279313691716538, 16.162050955951109 ], [ -96.278936332420159, 16.161841226931585 ], [ -96.278200029474064, 16.16178326672021 ], [ -96.277895417290082, 16.161635429710341 ], [ -96.277359516840377, 16.161103613219463 ], [ -96.277092647043062, 16.160886827721495 ], [ -96.277036759450155, 16.160745558541084 ], [ -96.277042820002464, 16.160303088002994 ], [ -96.276992536064526, 16.160136489166206 ], [ -96.276751817713659, 16.159801498382709 ], [ -96.276458219011772, 16.159489538726849 ], [ -96.275501986097268, 16.15877396634453 ], [ -96.275101341330782, 16.158218475820437 ], [ -96.274693819088611, 16.157525729656101 ], [ -96.274679713040783, 16.157491993942827 ], [ -96.274512287993318, 16.157091583132761 ], [ -96.274072666344097, 16.155758312329649 ], [ -96.273970875614978, 16.15525914326965 ], [ -96.273935470796985, 16.154262958531465 ], [ -96.273986681945345, 16.153339006396543 ], [ -96.274261061366232, 16.150023412904538 ], [ -96.274259852307296, 16.149088628609704 ], [ -96.274119847353674, 16.14856526281023 ], [ -96.273979842926607, 16.148041897008902 ], [ -96.273581040984553, 16.147481350140996 ], [ -96.271999988454411, 16.145912191428035 ], [ -96.271568271651248, 16.145452825691155 ], [ -96.27135145158563, 16.145165554034399 ], [ -96.271134632114951, 16.144878282245987 ], [ -96.270946862707532, 16.144516872070934 ], [ -96.270504246042933, 16.143404834859115 ], [ -96.270390190658233, 16.143034208414758 ], [ -96.270345368564662, 16.142725432066584 ], [ -96.270300546533065, 16.142416655722435 ], [ -96.270286538485706, 16.141905064031231 ], [ -96.270310809737992, 16.140135188621791 ], [ -96.270338562974771, 16.139644452867007 ], [ -96.270443808196973, 16.13912422819056 ], [ -96.27056640526331, 16.138871785768909 ], [ -96.271033278158171, 16.138213944975792 ], [ -96.271155316817783, 16.138002136929654 ], [ -96.271257959401382, 16.137671541038401 ], [ -96.271282553144786, 16.137411069320883 ], [ -96.271294681162431, 16.136526130547853 ], [ -96.271329784479306, 16.136265793335696 ], [ -96.271481472049302, 16.135935825050534 ], [ -96.271663065048685, 16.135724778834721 ], [ -96.272358809054509, 16.135069863067873 ], [ -96.272551605954121, 16.134808156572582 ], [ -96.272755582737034, 16.134241776947835 ], [ -96.272964414665083, 16.133661911679106 ], [ -96.273168388625365, 16.133095531244035 ], [ -96.273215991639503, 16.132689718782206 ], [ -96.273110325406762, 16.131706182013655 ], [ -96.273219569177826, 16.131148749896973 ], [ -96.273473233020226, 16.130535588302831 ], [ -96.273604104410154, 16.130445817146029 ], [ -96.274296794480193, 16.130012126329216 ], [ -96.274499166177648, 16.129818276313159 ], [ -96.27475087826069, 16.12934733507802 ], [ -96.274906699361892, 16.12905579977771 ], [ -96.275158409298129, 16.128584857734957 ], [ -96.275265282347291, 16.128200122507202 ], [ -96.2753900540649, 16.127104377020668 ], [ -96.275552729622817, 16.126610281744377 ], [ -96.27606325177986, 16.125788718208078 ], [ -96.276874891718393, 16.125024623300646 ], [ -96.277190899669094, 16.124847461454802 ], [ -96.277853967219329, 16.124784802277066 ], [ -96.278485199789145, 16.124872449967611 ], [ -96.280767893176446, 16.125344119134279 ], [ -96.281499455782409, 16.125397475517335 ], [ -96.282630711364533, 16.125174812778759 ], [ -96.283515225088209, 16.124803365292465 ], [ -96.286511676607773, 16.123292580377917 ], [ -96.287307607036524, 16.122864104298717 ], [ -96.288025520071585, 16.122375362301792 ], [ -96.288255181775313, 16.122105638218041 ], [ -96.288609023477804, 16.121335668991666 ], [ -96.288702337760469, 16.121043889596606 ], [ -96.288783964143789, 16.120452222205039 ], [ -96.288807258942853, 16.119898762504956 ], [ -96.288710537949513, 16.118251506810836 ], [ -96.28881211786593, 16.117480587738765 ], [ -96.289032105746898, 16.116504572936361 ], [ -96.289218265550076, 16.115954875596543 ], [ -96.289928916108735, 16.11419368902606 ], [ -96.290188081031815, 16.113685559936879 ], [ -96.290686873798649, 16.113075479174618 ], [ -96.291140269866972, 16.11271206373149 ], [ -96.292757317267998, 16.111626197626716 ], [ -96.29318927515159, 16.111292986922933 ], [ -96.29358804010711, 16.110823878247938 ], [ -96.293725747167244, 16.110486934497114 ], [ -96.293969614116676, 16.109383639158668 ], [ -96.294113055896815, 16.109011205136955 ], [ -96.294538580725956, 16.108376480180535 ], [ -96.295003038788678, 16.107842149996326 ], [ -96.296744945949357, 16.105983353915505 ], [ -96.297208287645489, 16.105530294391507 ], [ -96.297628661170194, 16.10527482391176 ], [ -96.297765854984988, 16.105362926691129 ], [ -96.297985720562338, 16.106029544056987 ], [ -96.298106670526309, 16.106153003674329 ], [ -96.298451237280432, 16.106062530845815 ], [ -96.298822524654938, 16.105809823694475 ], [ -96.300210623548807, 16.10472098990088 ], [ -96.300618892633992, 16.104453505445271 ], [ -96.301136057985104, 16.104294084556106 ], [ -96.301466597599415, 16.104333825277141 ], [ -96.302491953422802, 16.104678701032089 ], [ -96.302758206567276, 16.104809074519174 ], [ -96.302866784799846, 16.104940842755912 ], [ -96.302975363170816, 16.105072610957759 ], [ -96.303019333466878, 16.10531871833804 ], [ -96.303007370789175, 16.106203683042473 ], [ -96.302983103166781, 16.106443847962197 ], [ -96.302932460230295, 16.106561750431609 ], [ -96.302881817224488, 16.106679652878718 ], [ -96.302761390636576, 16.106776352065825 ], [ -96.30230068547398, 16.106991809377803 ], [ -96.302168375882587, 16.107189965605095 ], [ -96.302071586210701, 16.107627954426626 ], [ -96.302048473558528, 16.108025019493873 ], [ -96.302024534610794, 16.109794946952587 ], [ -96.302006971691526, 16.110316310530219 ], [ -96.301948951710514, 16.11097941323187 ], [ -96.301883628848685, 16.111405339194381 ], [ -96.301636806423488, 16.112729890486694 ], [ -96.301551288418878, 16.11309459624032 ], [ -96.301399029247875, 16.113472005570319 ], [ -96.301267034298561, 16.113646455979914 ], [ -96.300803316220112, 16.114083147877793 ], [ -96.300659298454264, 16.114369213890214 ], [ -96.300555116207136, 16.11481835560922 ], [ -96.30045093333338, 16.115267497189041 ], [ -96.300297285051997, 16.116264692810713 ], [ -96.299788607849408, 16.120019986196763 ], [ -96.299635086420295, 16.121007020893614 ], [ -96.299531217203963, 16.121432456675397 ], [ -96.299427347403778, 16.121857892323948 ], [ -96.29928410046297, 16.122086388473484 ], [ -96.298823354643389, 16.122301832031663 ], [ -96.298689927707997, 16.122581255624034 ], [ -96.298608970881148, 16.123125522489257 ], [ -96.298528013374096, 16.123669789231727 ], [ -96.298430132287223, 16.124945413459933 ], [ -96.298135249397873, 16.129809790442103 ], [ -96.298098762547909, 16.131208119838604 ], [ -96.298161078215969, 16.132038701328703 ], [ -96.298223393842818, 16.13286928282238 ], [ -96.298437928351575, 16.133844043633381 ], [ -96.299314469866488, 16.136731764163031 ], [ -96.299589366886948, 16.137519316488767 ], [ -96.299792517181729, 16.137913078388522 ], [ -96.299995668185886, 16.138306840203718 ], [ -96.300301200986695, 16.138644321573921 ], [ -96.301320722779337, 16.139431708873204 ], [ -96.301680601950281, 16.139637787526489 ], [ -96.302010556842461, 16.139724944859502 ], [ -96.302340512100869, 16.139812101724186 ], [ -96.302923361460913, 16.139855042452783 ], [ -96.304983416395032, 16.139881107400839 ], [ -96.305593437717249, 16.139858339620865 ], [ -96.306380146302502, 16.139726035228328 ], [ -96.306893993687211, 16.13955979707039 ], [ -96.308505234585468, 16.138916316868574 ], [ -96.309101652134842, 16.13886288435852 ], [ -96.309687676296562, 16.139059951766573 ], [ -96.310273701849823, 16.139257017733481 ], [ -96.311351647251058, 16.139873495576136 ], [ -96.315210068368827, 16.142356228359667 ], [ -96.316276852695097, 16.143023349035289 ], [ -96.316836775774362, 16.143338613661633 ], [ -96.317396700787114, 16.143653877074222 ], [ -96.317929694146329, 16.143887513420907 ], [ -96.319297148300123, 16.144347286513423 ], [ -96.319758212149765, 16.144458083370317 ], [ -96.320542385252025, 16.144515365330765 ], [ -96.321201568241932, 16.144486398869546 ], [ -96.323665333336393, 16.144464303301049 ], [ -96.324290572557729, 16.144484011693027 ], [ -96.324803376423574, 16.144656413245901 ], [ -96.324910713976806, 16.144882994314241 ], [ -96.324898817596676, 16.145767971701225 ], [ -96.324852858586112, 16.146058673476929 ], [ -96.32465027935875, 16.146530304210042 ], [ -96.324406838783574, 16.146913360288913 ], [ -96.323473354709719, 16.148229321102573 ], [ -96.323323544267893, 16.14849995192894 ], [ -96.323026548457548, 16.149141571814347 ], [ -96.322979810560682, 16.149489841143073 ], [ -96.322964924766268, 16.150596060634715 ], [ -96.322981936979488, 16.150894326867714 ], [ -96.323193883212852, 16.151289878362956 ], [ -96.323648730133058, 16.151516876724511 ], [ -96.323797797100866, 16.151637293774399 ], [ -96.323918196351869, 16.151804767930631 ], [ -96.324038595794107, 16.151972242046895 ], [ -96.324233527335011, 16.152330322524762 ], [ -96.324902413491742, 16.153666416033168 ], [ -96.325095435011718, 16.154166724567009 ], [ -96.325211373364056, 16.154666064667556 ], [ -96.32532731210749, 16.155165404771708 ], [ -96.325465543420719, 16.156091782314508 ], [ -96.325878747878775, 16.159416197515547 ], [ -96.326158275449146, 16.160390074247648 ], [ -96.327049536227449, 16.16161041556985 ], [ -96.328337211329284, 16.162671463465824 ], [ -96.332648211459528, 16.165602212417991 ], [ -96.333821171049578, 16.166467044878839 ], [ -96.334500134952634, 16.166972308925505 ], [ -96.335962980922631, 16.16887153566778 ], [ -96.336341172256837, 16.169548587728109 ], [ -96.336587007482123, 16.170513005157215 ], [ -96.336864722499669, 16.17123452317216 ], [ -96.337045702185975, 16.172374816367199 ], [ -96.337026527454654, 16.173282288637548 ], [ -96.33664308762458, 16.175914819858473 ], [ -96.336670696715615, 16.176992226717967 ], [ -96.336852946855842, 16.178037700505854 ], [ -96.337085696394709, 16.178453827571392 ], [ -96.337989615064515, 16.179350278429776 ], [ -96.338223866392923, 16.179654652961219 ], [ -96.338318491163889, 16.179916635582469 ], [ -96.33841311613628, 16.180178618193143 ], [ -96.338449221004367, 16.180622765557853 ], [ -96.338428458785401, 16.182171487901194 ], [ -96.338438621250262, 16.182589908053298 ], [ -96.3384727154899, 16.182791860647168 ], [ -96.338506809766997, 16.182993813242511 ], [ -96.338594059658632, 16.183152400496418 ], [ -96.338933037907069, 16.183488568924997 ], [ -96.339052917092275, 16.183566276801365 ], [ -96.339163145736265, 16.183579511041025 ], [ -96.339273374404002, 16.183592745225642 ], [ -96.33946843410709, 16.183552849267592 ], [ -96.340158254648983, 16.18334019834229 ], [ -96.34037420412119, 16.183310723843938 ], [ -96.340533176359472, 16.183348276146994 ], [ -96.340692148675856, 16.183385828339883 ], [ -96.340930406038567, 16.183522594983252 ], [ -96.34172433185806, 16.184085733680224 ], [ -96.341919313873404, 16.184313407091466 ], [ -96.341977307634167, 16.184563076408303 ], [ -96.34203530149334, 16.184812745725846 ], [ -96.342006015425568, 16.185298413281654 ], [ -96.3417533550179, 16.187065522490414 ], [ -96.34174522979319, 16.187541293481537 ], [ -96.341852603407716, 16.187767871548477 ], [ -96.341959977235078, 16.187994449593393 ], [ -96.34227488521438, 16.188166044167492 ], [ -96.343529711157743, 16.188513658676062 ], [ -96.343881622523355, 16.188670472203967 ], [ -96.344075334672667, 16.188862565149108 ], [ -96.344269047196008, 16.189054657970249 ], [ -96.344470599711471, 16.189446681605823 ], [ -96.345023756554085, 16.190891939520874 ], [ -96.345225176030326, 16.191294122183791 ], [ -96.345418574671868, 16.191509919482112 ], [ -96.345611973725283, 16.191725716662955 ], [ -96.345963122467538, 16.191940097211202 ], [ -96.347215022823278, 16.192508941724324 ], [ -96.347613282680328, 16.192739149678427 ], [ -96.347916603607331, 16.192991881009281 ], [ -96.348219925325893, 16.193244612016212 ], [ -96.348688298919512, 16.193736493036035 ], [ -96.350267414686272, 16.195526471519152 ], [ -96.350751908596834, 16.195993147797832 ], [ -96.351092828572732, 16.196187071913492 ], [ -96.351433749273042, 16.196380995577222 ], [ -96.351923312044605, 16.196468387316454 ], [ -96.353526097240433, 16.196488361428393 ], [ -96.353969636931041, 16.196478645151181 ], [ -96.3544367021711, 16.196413335082688 ], [ -96.354660398316256, 16.196329751830969 ], [ -96.355237247461744, 16.196005006249202 ], [ -96.355403590611431, 16.19588514430934 ], [ -96.355603010250874, 16.195650535140402 ], [ -96.355721552221993, 16.195435241169832 ], [ -96.356075326841847, 16.194665144666136 ], [ -96.356209435208243, 16.194465285594536 ], [ -96.356481501282644, 16.194302706813154 ], [ -96.356736058952279, 16.19427031032161 ], [ -96.357651929364479, 16.194281703338312 ], [ -96.357900215273375, 16.194325435577927 ], [ -96.358021613719387, 16.194421782119704 ], [ -96.358143012287059, 16.194518128608728 ], [ -96.358241579289341, 16.194749672346944 ], [ -96.358458762144551, 16.195637516889111 ], [ -96.358589006925015, 16.195859293380412 ], [ -96.358784319695843, 16.195932849475682 ], [ -96.358979632635879, 16.196006405412167 ], [ -96.359407424433485, 16.195994788261512 ], [ -96.361013159201377, 16.195793455571948 ], [ -96.361509088929637, 16.195797922203486 ], [ -96.362217694895122, 16.196020105550371 ], [ -96.362734060717514, 16.196333043812366 ], [ -96.36539339426227, 16.198843886413346 ], [ -96.364621066457943, 16.199955014319258 ], [ -96.363296779434151, 16.201860231584952 ], [ -96.362285571164577, 16.203315030597398 ], [ -96.361296637458423, 16.204737783775318 ], [ -96.359606237170638, 16.207169718662822 ], [ -96.356359331941022, 16.211840956689318 ], [ -96.355084666977007, 16.213674783989418 ], [ -96.353908574637217, 16.212439745095772 ], [ -96.35322968701135, 16.211513988635513 ], [ -96.353041216109119, 16.210927378392697 ], [ -96.353003748965392, 16.210583129227711 ], [ -96.353018525512397, 16.209476888835695 ], [ -96.353076028644821, 16.209108421281119 ], [ -96.35320281436907, 16.208801783787312 ], [ -96.353329599637135, 16.208495146151598 ], [ -96.353634339606643, 16.207987505840695 ], [ -96.35480287611459, 16.20623178726596 ], [ -96.355076065015169, 16.205723750722466 ], [ -96.355129244090719, 16.205416194340998 ], [ -96.355182422927385, 16.205108637913789 ], [ -96.355061175523289, 16.204737942355919 ], [ -96.354389001168613, 16.203623141996072 ], [ -96.354136124055387, 16.203266047771816 ], [ -96.353882163033333, 16.202990228286275 ], [ -96.353628202706105, 16.202714408595075 ], [ -96.353155478927405, 16.202283446353412 ], [ -96.351457369760595, 16.200823922791752 ], [ -96.350921027898323, 16.200432807519412 ], [ -96.350518610999018, 16.200249969584007 ], [ -96.350116194937286, 16.200067130992583 ], [ -96.349502774466288, 16.199935850716582 ], [ -96.347444981542381, 16.199688875887375 ], [ -96.346904619580656, 16.199599144935632 ], [ -96.346672669126193, 16.199513265799645 ], [ -96.346440718907331, 16.1994273864393 ], [ -96.346318365180977, 16.199271749181971 ], [ -96.346211281445008, 16.198717201027936 ], [ -96.346126202937114, 16.198526465947037 ], [ -96.345836253996879, 16.198190916893516 ], [ -96.345507120441496, 16.197902295875796 ], [ -96.344261120143926, 16.196890943657799 ], [ -96.343853069394044, 16.196606414496454 ], [ -96.343194826350853, 16.196289966252486 ], [ -96.342662529775907, 16.196122425995213 ], [ -96.340836727334874, 16.195657011984935 ], [ -96.340203669305367, 16.195554251005664 ], [ -96.339075194996497, 16.195540118924537 ], [ -96.338096145977914, 16.19562268879546 ], [ -96.335265986332018, 16.195864374203378 ], [ -96.333712581389705, 16.196171160974668 ], [ -96.332751689356414, 16.196467312432961 ], [ -96.332322125867307, 16.196741343252679 ], [ -96.331175244160022, 16.197964873307605 ], [ -96.33075213514941, 16.198410023014521 ], [ -96.330609851567942, 16.198694433414609 ], [ -96.330368970043551, 16.199576532536138 ], [ -96.330336328369725, 16.199918205597047 ], [ -96.330380606096995, 16.200274393381438 ], [ -96.330424883882444, 16.200630581169779 ], [ -96.330584034232615, 16.201306587529455 ], [ -96.331238187278288, 16.203748908228643 ], [ -96.331381638482696, 16.204419636787204 ], [ -96.331396917156766, 16.205107382743442 ], [ -96.331275291716423, 16.205419148284264 ], [ -96.33069242494561, 16.206186306787799 ], [ -96.330319550507042, 16.206413625337792 ], [ -96.329162337927556, 16.206707283996206 ], [ -96.327882051126267, 16.20689947159547 ], [ -96.323064586127373, 16.207502623406921 ], [ -96.321768591345403, 16.207689494000562 ], [ -96.320538086667057, 16.207958469462682 ], [ -96.320076217973153, 16.20815585560187 ], [ -96.319151333266447, 16.208808017073807 ], [ -96.318879130734345, 16.208977312938721 ], [ -96.318533740227821, 16.20911520147655 ], [ -96.318312528096868, 16.209142889391455 ], [ -96.317625595826087, 16.209134210163715 ], [ -96.31742077393011, 16.209116380666348 ], [ -96.317151870585946, 16.209041856730067 ], [ -96.316972544941038, 16.208953223515849 ], [ -96.316632935325174, 16.208620963128485 ], [ -96.316370452774805, 16.208072349429834 ], [ -96.316296414162295, 16.207456685842782 ], [ -96.316213380941377, 16.205132202765654 ], [ -96.316139892623909, 16.204475903012217 ], [ -96.315874794574057, 16.20373250800144 ], [ -96.315582172171588, 16.203339312031428 ], [ -96.314452305959975, 16.202218629471989 ], [ -96.314148348878931, 16.20188625348818 ], [ -96.314004045137153, 16.201671052041902 ], [ -96.313859741687196, 16.20145585054075 ], [ -96.313751402144518, 16.201173365405598 ], [ -96.313534424908752, 16.200285504525187 ], [ -96.313515246617499, 16.200019388368801 ], [ -96.313578985384936, 16.199842381081478 ], [ -96.313642724016034, 16.199665373755245 ], [ -96.313844012453956, 16.199425754520572 ], [ -96.314655877641513, 16.19866154364491 ], [ -96.314919695639261, 16.198463356746046 ], [ -96.31512934016655, 16.198383027164116 ], [ -96.315338984551872, 16.198302697348872 ], [ -96.315674151127709, 16.198271370708614 ], [ -96.316818973952508, 16.198285835948475 ], [ -96.317196607681652, 16.198224560928349 ], [ -96.317505340988632, 16.198074354756915 ], [ -96.317814073881323, 16.19792414806389 ], [ -96.318318533310077, 16.197556261181997 ], [ -96.320055197436474, 16.196139858865472 ], [ -96.320507355047468, 16.195750984042583 ], [ -96.320880773527009, 16.195352647639382 ], [ -96.320962072224589, 16.195172471466442 ], [ -96.320968048480253, 16.19472998626075 ], [ -96.320922772862389, 16.194578696332986 ], [ -96.320705510841179, 16.194315161802322 ], [ -96.320440412621252, 16.1940899736219 ], [ -96.31990073852559, 16.193606172023788 ], [ -96.319420554372584, 16.193302627794459 ], [ -96.319113130751262, 16.193097225944047 ], [ -96.318698340838921, 16.192926031643012 ], [ -96.318413207016164, 16.192886870195043 ], [ -96.317497372373424, 16.192875309110338 ], [ -96.317152835479774, 16.192952245242399 ], [ -96.316460829415277, 16.193322842386756 ], [ -96.315816783997292, 16.193775329204534 ], [ -96.313503222478786, 16.195516319638855 ], [ -96.312816834432468, 16.195988581389372 ], [ -96.311927273188616, 16.196451495655516 ], [ -96.311342861337721, 16.196640540807987 ], [ -96.309505166291203, 16.19705982952312 ], [ -96.309020974755043, 16.197224735241193 ], [ -96.308599111665799, 16.197575016277863 ], [ -96.30848064178835, 16.19791051296972 ], [ -96.308349644634532, 16.199125883542745 ], [ -96.308210817695155, 16.1995407142959 ], [ -96.307859647234295, 16.200105264286421 ], [ -96.307436441967482, 16.200553745173909 ], [ -96.305812640676578, 16.202082096582455 ], [ -96.305314725180992, 16.202610909743246 ], [ -96.304614931740119, 16.203550360992654 ], [ -96.304113140814351, 16.204363620814917 ], [ -96.302471215953773, 16.207219371650474 ], [ -96.302074200292182, 16.208059356995452 ], [ -96.301863415042348, 16.209123549853565 ], [ -96.301959312415605, 16.209803841149665 ], [ -96.302617627174328, 16.211914341219192 ], [ -96.303344200035241, 16.213065400880403 ], [ -96.277208853754658, 16.2032145151361 ], [ -96.277066336625808, 16.201348534114508 ], [ -96.277053441339277, 16.201011378431673 ], [ -96.277205512708306, 16.200657710259708 ], [ -96.277435652532745, 16.200489625434987 ], [ -96.278357565262013, 16.200058895067308 ], [ -96.278588749207969, 16.199814618193617 ], [ -96.278745696101041, 16.199105392431122 ], [ -96.278738722125851, 16.19833648990139 ], [ -96.278549230151285, 16.195457504046558 ], [ -96.278526554705451, 16.194683320020921 ], [ -96.278610228077142, 16.193949446996584 ], [ -96.278752436806002, 16.193675240871592 ], [ -96.279332402879646, 16.193129484143842 ], [ -96.279535459353738, 16.193018625021743 ], [ -96.280225226195142, 16.193198491974666 ], [ -96.281360890191905, 16.193876849830229 ], [ -96.28174022279164, 16.194074754195228 ], [ -96.28205749797246, 16.194197353319385 ], [ -96.282374773611011, 16.19431995202762 ], [ -96.282901942325637, 16.194472329751356 ], [ -96.284727517722843, 16.19493822021813 ], [ -96.285361630604328, 16.194959871700931 ], [ -96.286495239991751, 16.194595026172731 ], [ -96.287480564549412, 16.194052163777165 ], [ -96.290945095627293, 16.191883613946342 ], [ -96.291899273353067, 16.191309848311533 ], [ -96.29288760796959, 16.190800865406519 ], [ -96.293345349775024, 16.190647511378213 ], [ -96.294493124282198, 16.190440852351163 ], [ -96.29482387291128, 16.190346843737021 ], [ -96.295219592352467, 16.190114799353818 ], [ -96.295454156931171, 16.189877316174368 ], [ -96.296153068799612, 16.189001104251023 ], [ -96.296344886810289, 16.188813879137491 ], [ -96.296541129586728, 16.188816375759696 ], [ -96.296629658832742, 16.189007167660908 ], [ -96.296846553326816, 16.189895033358404 ], [ -96.296920213161499, 16.190019591767264 ], [ -96.297047063474949, 16.189712998553262 ] ] ] ] } },
{ "type": "Feature", "properties": { "fid": 9.0, "cat": 9, "CLAVE_ACUI": "2011", "NOM_ACUIF": "HUATULCO", "VULNERABIL": 2 }, "geometry": { "type": "MultiPolygon", "coordinates": [ [ [ [ -96.48380799569199, 16.177770772029188 ], [ -96.483760582443637, 16.177639799260923 ], [ -96.483713169246428, 16.177508826489458 ], [ -96.483595319628762, 16.17740411881368 ], [ -96.483140181765066, 16.177177428035371 ], [ -96.483022010754794, 16.177098121178069 ], [ -96.482973847003933, 16.177026417481716 ], [ -96.482925683285615, 16.176954713778919 ], [ -96.482906243551867, 16.17682915296843 ], [ -96.482911852078715, 16.176386609921977 ], [ -96.482972618671027, 16.176155297875034 ], [ -96.48325058644285, 16.17551838431995 ], [ -96.48358691463487, 16.174839819133339 ], [ -96.484878457427868, 16.172310087625853 ], [ -96.485235543500892, 16.171652087596446 ], [ -96.485610423300088, 16.171111159626911 ], [ -96.485788881848691, 16.17099640608642 ], [ -96.486246810030678, 16.171001817528381 ], [ -96.486472001213187, 16.170933344449235 ], [ -96.487064964034531, 16.170608391391863 ], [ -96.487686860725432, 16.170212644183724 ], [ -96.489996063266901, 16.168690759726601 ], [ -96.490670516581019, 16.168295622173741 ], [ -96.491508781712511, 16.167973547522795 ], [ -96.492031851994938, 16.167908579448078 ], [ -96.493634584202823, 16.167927464683583 ], [ -96.494135218013511, 16.167974009381801 ], [ -96.494501997146912, 16.168073174300087 ], [ -96.494868776734677, 16.168172338636115 ], [ -96.495416084859201, 16.168409121372598 ], [ -96.497236640760519, 16.16931577154471 ], [ -96.497757671385841, 16.169552239872857 ], [ -96.498063126246961, 16.169650677981366 ], [ -96.498368581469776, 16.169749115692571 ], [ -96.498720278561208, 16.169793899001096 ], [ -96.499033202828727, 16.169786783933578 ], [ -96.499300296634758, 16.169750828734937 ], [ -96.499508882788135, 16.169699509919422 ], [ -96.49969013674108, 16.16963929700804 ], [ -96.499817496464615, 16.169579285345332 ], [ -96.499948535355699, 16.169506641726379 ], [ -96.500723070497259, 16.169077265109859 ], [ -96.494313907499944, 16.178466532418941 ], [ -96.483814355103618, 16.179508378360993 ], [ -96.48380799569199, 16.177770772029188 ] ] ] ] } },
{ "type": "Feature", "properties": { "fid": 10.0, "cat": 11, "CLAVE_ACUI": "2011", "NOM_ACUIF": "HUATULCO", "VULNERABIL": 2 }, "geometry": { "type": "MultiPolygon", "coordinates": [ [ [ [ -96.473572670409226, 16.045833267546236 ], [ -96.473790775414827, 16.046037385876126 ], [ -96.474008880867572, 16.046241504043902 ], [ -96.474465018252403, 16.046736351768121 ], [ -96.47615746693053, 16.048637399525191 ], [ -96.476617844332935, 16.04921358999616 ], [ -96.476845824968635, 16.049607513218781 ], [ -96.477073806420776, 16.050001436313753 ], [ -96.477264801980027, 16.050550741086685 ], [ -96.477700153831648, 16.052326317324596 ], [ -96.477906849505445, 16.052880887883855 ], [ -96.478171462542207, 16.053287097616636 ], [ -96.478436076577893, 16.053693307161698 ], [ -96.478985421553205, 16.054299334801893 ], [ -96.48101982675125, 16.056315036564776 ], [ -96.481532729498213, 16.05689522562189 ], [ -96.481712287963774, 16.057241153357978 ], [ -96.481891846982393, 16.057587081021822 ], [ -96.481891966633867, 16.057995257518826 ], [ -96.481533402912802, 16.059208225130213 ], [ -96.481387691409296, 16.059513065328677 ], [ -96.481226981282177, 16.059617875623758 ], [ -96.481066270996578, 16.059722685773071 ], [ -96.480752810980931, 16.059717303108634 ], [ -96.479611420538475, 16.059482560447307 ], [ -96.479101129930498, 16.059251293387483 ], [ -96.478481147952735, 16.058829042285787 ], [ -96.477861168732261, 16.058406789745245 ], [ -96.476600095878112, 16.057431619029575 ], [ -96.47195515126829, 16.053725282479114 ], [ -96.470726173875704, 16.052709815429345 ], [ -96.470180980515948, 16.052193583363962 ], [ -96.469635789979421, 16.051677350289818 ], [ -96.469307066447286, 16.051217871436197 ], [ -96.468863402842274, 16.050106104182731 ], [ -96.468774549327335, 16.049791727121168 ], [ -96.468803552391265, 16.04943650176963 ], [ -96.468803560570194, 16.049436401595212 ], [ -96.468933858312042, 16.049243170666127 ], [ -96.469512901405153, 16.048696750631951 ], [ -96.469705726935672, 16.048544905642668 ], [ -96.470026537948598, 16.048382716630314 ], [ -96.470292013964951, 16.048302862909278 ], [ -96.471210090484803, 16.048092398999785 ], [ -96.471475886520309, 16.047987142537007 ], [ -96.471798191785695, 16.047706411805045 ], [ -96.471992831522414, 16.047410624453711 ], [ -96.472578841245323, 16.046311012993851 ], [ -96.472747082653726, 16.046025075112382 ], [ -96.472946203534946, 16.04579031123243 ], [ -96.473062420930802, 16.045740872258538 ], [ -96.473405648248573, 16.045744920749883 ], [ -96.473572670409226, 16.045833267546236 ] ] ] ] } },
{ "type": "Feature", "properties": { "fid": 11.0, "cat": 12, "CLAVE_ACUI": "2011", "NOM_ACUIF": "HUATULCO", "VULNERABIL": 2 }, "geometry": { "type": "MultiPolygon", "coordinates": [ [ [ [ -96.464913993034983, 15.986236120522845 ], [ -96.465624450142656, 15.986268210532701 ], [ -96.46599517950041, 15.986443641832599 ], [ -96.467014797384792, 15.987230230357556 ], [ -96.46727972356436, 15.987465384738668 ], [ -96.4673880733136, 15.987620785145182 ], [ -96.467515102939629, 15.988012141810156 ], [ -96.467537289632688, 15.988284998596496 ], [ -96.467532707169681, 15.988648850784232 ], [ -96.467551283648092, 15.988842147550832 ], [ -96.4675988090804, 15.988961264188237 ], [ -96.467646334559817, 15.989080380822067 ], [ -96.467763545232103, 15.98922741726482 ], [ -96.468215478562797, 15.989675353656928 ], [ -96.468321034547856, 15.98991371054216 ], [ -96.468341364559024, 15.990245908616389 ], [ -96.468361694553138, 15.99057810668914 ], [ -96.468314223493593, 15.99128888708818 ], [ -96.468052024466658, 15.993941464982173 ], [ -96.468135276792793, 15.994699514540411 ], [ -96.468460636431615, 15.995142008258519 ], [ -96.468785997430544, 15.995584501673445 ], [ -96.469632349749332, 15.996090717105988 ], [ -96.472931303165282, 15.997568042728902 ], [ -96.473804895188877, 15.997998349366023 ], [ -96.474193784041987, 15.998263748307311 ], [ -96.474582673977906, 15.998529146685497 ], [ -96.474820191606455, 15.998857124376316 ], [ -96.475150827370953, 15.999856890908505 ], [ -96.475304565872449, 16.000163559319553 ], [ -96.475497970659305, 16.000379235631048 ], [ -96.47569137585306, 16.000594911823956 ], [ -96.476090223765823, 16.000904460832302 ], [ -96.477564712564032, 16.001917665746003 ], [ -96.478046838674501, 16.002289162340052 ], [ -96.478434551446284, 16.002649387358257 ], [ -96.478822265618447, 16.003009611864304 ], [ -96.479447894159208, 16.003667328507426 ], [ -96.481592093589242, 16.006016215632023 ], [ -96.482159007539266, 16.006749453427496 ], [ -96.482409692913564, 16.007285902431367 ], [ -96.48266037945406, 16.007822351309873 ], [ -96.482809708338607, 16.00862182559386 ], [ -96.483005201611604, 16.011279807989752 ], [ -96.482991127370596, 16.012123095403968 ], [ -96.482860540084573, 16.012761774682062 ], [ -96.482729951667849, 16.01340045372741 ], [ -96.482370914789499, 16.014381962976834 ], [ -96.480956555326856, 16.017684971446549 ], [ -96.480608770291013, 16.018605635049095 ], [ -96.480504467348993, 16.01910235091859 ], [ -96.480400163709533, 16.019599066642641 ], [ -96.480449942585977, 16.020097591962209 ], [ -96.480890855106637, 16.021430612081215 ], [ -96.480994567077985, 16.021817988183557 ], [ -96.481016104012397, 16.022055355762536 ], [ -96.481037640955165, 16.022292723341909 ], [ -96.480995462686224, 16.022583540299575 ], [ -96.480755555248479, 16.023465950556449 ], [ -96.480655912796323, 16.023730687230437 ], [ -96.480543368117324, 16.023907201136744 ], [ -96.480430823225305, 16.024083714952948 ], [ -96.480208908952235, 16.02432330340924 ], [ -96.479398395355233, 16.025088352938958 ], [ -96.479134838031882, 16.025296964386069 ], [ -96.478925129475471, 16.025401200709567 ], [ -96.478715420723958, 16.025505436795626 ], [ -96.47837981072631, 16.025594642938078 ], [ -96.477233047625035, 16.025802462500238 ], [ -96.476923637774135, 16.025897055424583 ], [ -96.476775063333037, 16.026013864343028 ], [ -96.476626488724051, 16.02613067313246 ], [ -96.476511399865288, 16.026369820116791 ], [ -96.476271466362675, 16.027252221595823 ], [ -96.476072583776272, 16.027470057941709 ], [ -96.475728491862569, 16.027537141783892 ], [ -96.475384399799651, 16.027604225039898 ], [ -96.474600163341478, 16.027578053774292 ], [ -96.471628585965405, 16.027321731154281 ], [ -96.470743713618262, 16.027360412253902 ], [ -96.470164795193909, 16.027578840398984 ], [ -96.469585875710735, 16.027797266794039 ], [ -96.468816690034885, 16.02838266383684 ], [ -96.466384963651208, 16.030677644520889 ], [ -96.465741189607542, 16.031315319477205 ], [ -96.465454929503053, 16.031655747934348 ], [ -96.465168668395251, 16.031996175859138 ], [ -96.464994557939974, 16.032331154852596 ], [ -96.464754564509064, 16.033213534678694 ], [ -96.464644260489635, 16.033488296119796 ], [ -96.464506881762546, 16.03368821633627 ], [ -96.464369502744006, 16.033888136421798 ], [ -96.464087295278446, 16.034184575078221 ], [ -96.463045079365543, 16.03516811146708 ], [ -96.462699958712122, 16.035453641178108 ], [ -96.462415787911837, 16.035628110665961 ], [ -96.46213161665095, 16.035802579702782 ], [ -96.461664820150801, 16.036015533207664 ], [ -96.460054774304027, 16.036660370521492 ], [ -96.459446588736952, 16.036836076290587 ], [ -96.458832514489288, 16.036923640587652 ], [ -96.458218439969983, 16.037011203045122 ], [ -96.457072128075509, 16.037085674632991 ], [ -96.452950825102931, 16.037258037625062 ], [ -96.451852890678353, 16.037246679980697 ], [ -96.451351694141906, 16.037134020932939 ], [ -96.450850498341111, 16.037021360792156 ], [ -96.450516443753145, 16.036710838330208 ], [ -96.4499599164578, 16.035487054993414 ], [ -96.449763221978543, 16.035117194966947 ], [ -96.449582530364992, 16.03486608001964 ], [ -96.449401839179572, 16.034614964980108 ], [ -96.449082272892312, 16.034267353393219 ], [ -96.447952352956946, 16.033147393624677 ], [ -96.447660026739172, 16.032723891119275 ], [ -96.44754288863956, 16.032295699772728 ], [ -96.447425750909048, 16.031867508419268 ], [ -96.447383396252093, 16.031067607256343 ], [ -96.447420011597956, 16.028191117362379 ], [ -96.44748258402241, 16.027402626946891 ], [ -96.44773797632844, 16.02659949502112 ], [ -96.448040249931395, 16.026240653729431 ], [ -96.449195463417396, 16.025369188653347 ], [ -96.449496957408897, 16.025071306463744 ], [ -96.449748720865969, 16.024552659051885 ], [ -96.449806889375012, 16.024109616785694 ], [ -96.44982657854014, 16.022560733780061 ], [ -96.449858029790335, 16.022152940155998 ], [ -96.449985114111428, 16.021798786307507 ], [ -96.450135211991267, 16.021700645785657 ], [ -96.450708584545595, 16.021596809639387 ], [ -96.450909789570105, 16.021611056299804 ], [ -96.451092581918488, 16.02169621697702 ], [ -96.451275374440741, 16.021781377520153 ], [ -96.45159643412083, 16.022010446723488 ], [ -96.4527291336871, 16.022909112659629 ], [ -96.453086644135396, 16.023164017635509 ], [ -96.453354482525199, 16.023309464136698 ], [ -96.453622321339296, 16.023454910357462 ], [ -96.454030063871272, 16.023615566231758 ], [ -96.455397188640831, 16.024074396845698 ], [ -96.455779507679622, 16.024168695831442 ], [ -96.456196533931816, 16.024149931409951 ], [ -96.456409966091258, 16.024028826430765 ], [ -96.456988954644487, 16.023482433540412 ], [ -96.457140510811357, 16.023269136959097 ], [ -96.457268785844192, 16.022820146938109 ], [ -96.457300479779732, 16.022392029304029 ], [ -96.45732010890967, 16.02084313699017 ], [ -96.457357376398178, 16.020389680542205 ], [ -96.457511662850195, 16.01982244275489 ], [ -96.457694804238685, 16.019465559325383 ], [ -96.458395173260868, 16.018367339144813 ], [ -96.458546151955034, 16.018060883095899 ], [ -96.458550355121403, 16.01772897716506 ], [ -96.458405381591149, 16.017561281982342 ], [ -96.457724637309624, 16.017110609345711 ], [ -96.457548020244658, 16.016952700686961 ], [ -96.457476284981965, 16.016809583987836 ], [ -96.457404549809638, 16.016666467277776 ], [ -96.457376208890594, 16.016415471158652 ], [ -96.457387421057604, 16.015530389322965 ], [ -96.457338970583308, 16.015208021590364 ], [ -96.45722031382256, 16.014898371141729 ], [ -96.457101657364646, 16.014588720672318 ], [ -96.45681109011943, 16.01402637264809 ], [ -96.455692434375479, 16.012021381050531 ], [ -96.455391626514327, 16.011438586822056 ], [ -96.455249063555442, 16.011081230291005 ], [ -96.455106501020865, 16.010723873727919 ], [ -96.454999985706209, 16.010285649417131 ], [ -96.45478803959935, 16.008955315835124 ], [ -96.454712009656348, 16.008598748131423 ], [ -96.454640579132345, 16.008431923592553 ], [ -96.454569148709425, 16.008265099044738 ], [ -96.454441091566352, 16.008145025147556 ], [ -96.453986352957415, 16.007918328904569 ], [ -96.453889295574655, 16.007839269956943 ], [ -96.453891099029136, 16.007697024940953 ], [ -96.453990732599863, 16.007572876695637 ], [ -96.454453884598692, 16.007135762440285 ], [ -96.45457504219462, 16.006971221490172 ], [ -96.45467729327973, 16.006640478707954 ], [ -96.454702208713485, 16.006332530035142 ], [ -96.454716229237093, 16.005226178999312 ], [ -96.45467824483103, 16.004907322688812 ], [ -96.454582604736359, 16.004716500173224 ], [ -96.454486964802157, 16.004525677638267 ], [ -96.454251692438874, 16.004299326574053 ], [ -96.453345038231745, 16.003624664890861 ], [ -96.453109381787712, 16.003428793964872 ], [ -96.453012842009912, 16.003309093533019 ], [ -96.45291630234297, 16.0031893930732 ], [ -96.452876130645492, 16.003043262890852 ], [ -96.452881741792694, 16.0026007229873 ], [ -96.452826393103422, 16.002408684306584 ], [ -96.452694440835302, 16.002181863979267 ], [ -96.452562488838339, 16.001955043609662 ], [ -96.452240832536674, 16.001499023908835 ], [ -96.451003685294452, 15.999824570112748 ], [ -96.450629513825405, 15.999367925557685 ], [ -96.450375015157846, 15.999139649663968 ], [ -96.450120517075788, 15.998911373547907 ], [ -96.449767549570808, 15.998715800894326 ], [ -96.448629366820398, 15.998259677839282 ], [ -96.448260710317314, 15.998058835743988 ], [ -96.447969601889653, 15.997818267113168 ], [ -96.447678494176373, 15.99757769818379 ], [ -96.44721541453552, 15.997091200768248 ], [ -96.445636607297814, 15.995302013046317 ], [ -96.445132038028987, 15.994774371716241 ], [ -96.444744105958634, 15.994437804467747 ], [ -96.444356175210331, 15.994101236697524 ], [ -96.443752369115344, 15.993667256137954 ], [ -96.441710484619392, 15.992315140352002 ], [ -96.441122381324419, 15.991886421680025 ], [ -96.4407710745309, 15.991562140435418 ], [ -96.440419768880091, 15.991237858772193 ], [ -96.440004139579827, 15.990740059629925 ], [ -96.438767157726872, 15.989065558244594 ], [ -96.438362169800598, 15.988557722018639 ], [ -96.4380356837557, 15.988210022595771 ], [ -96.43770919882482, 15.987862322831056 ], [ -96.437181371585282, 15.9873767312566 ], [ -96.435371163543081, 15.985806030374951 ], [ -96.434901051848584, 15.985326204137881 ], [ -96.434709220260046, 15.98499196340499 ], [ -96.434517389249848, 15.984657722584592 ], [ -96.434439409792205, 15.984182575792428 ], [ -96.434459165534193, 15.982633705711796 ], [ -96.434528038303654, 15.98217555418657 ], [ -96.434829688938095, 15.98158638353401 ], [ -96.435191744858116, 15.981202862070129 ], [ -96.436579679814869, 15.980002259332515 ], [ -96.437009094330278, 15.979690669560881 ], [ -96.437625102871891, 15.979437192473601 ], [ -96.438075701572004, 15.979386672190614 ], [ -96.439562488904102, 15.979404382944606 ], [ -96.440084347874105, 15.97953253871432 ], [ -96.440558625619843, 15.979822715969361 ], [ -96.441032904833222, 15.980112892369558 ], [ -96.441866131555685, 15.980813812183925 ], [ -96.444806010606086, 15.983504401895541 ], [ -96.445686530809283, 15.984205872512693 ], [ -96.44627111566308, 15.984497350388994 ], [ -96.446855702394913, 15.98478882691307 ], [ -96.44764542318363, 15.984920148297929 ], [ -96.450161613951636, 15.984950012471888 ], [ -96.450879617064629, 15.984938205143511 ], [ -96.451714104131796, 15.984853255911105 ], [ -96.45218822484631, 15.984743708290107 ], [ -96.453566298436613, 15.984317431428233 ], [ -96.454071027948672, 15.984279375278749 ], [ -96.454559695296837, 15.984403718242127 ], [ -96.455048363410285, 15.984528060179617 ], [ -96.455939830775066, 15.984921378777971 ], [ -96.459122708276027, 15.986508158803142 ], [ -96.460056337846012, 15.986891798961564 ], [ -96.460643351796151, 15.986993580413916 ], [ -96.461230366581233, 15.987095360346162 ], [ -96.461973917198378, 15.987002522915123 ], [ -96.464269782589184, 15.986365707672118 ], [ -96.464913993034983, 15.986236120522845 ] ] ] ] } },
{ "type": "Feature", "properties": { "fid": 12.0, "cat": 13, "CLAVE_ACUI": "2011", "NOM_ACUIF": "HUATULCO", "VULNERABIL": 2 }, "geometry": { "type": "MultiPolygon", "coordinates": [ [ [ [ -96.39939532507087, 15.959184624964486 ], [ -96.399570116793527, 15.95934085362183 ], [ -96.399677330153779, 15.959895389007986 ], [ -96.399767451956066, 15.960101402437825 ], [ -96.400080788425484, 15.960508238083614 ], [ -96.400438337518381, 15.96088347831976 ], [ -96.401793465476302, 15.962227619781885 ], [ -96.402070074166659, 15.962769522176112 ], [ -96.402037924657051, 15.963361892145052 ], [ -96.402005774682721, 15.963954262051972 ], [ -96.401637304084957, 15.965104844169051 ], [ -96.399982026276817, 15.96928947283587 ], [ -96.399530166945937, 15.970388232323712 ], [ -96.399303491040428, 15.970859697244116 ], [ -96.399076813934627, 15.971331161749298 ], [ -96.398881030556367, 15.971579445596314 ], [ -96.398420730190409, 15.971795174441825 ], [ -96.39830056406052, 15.971881787620898 ], [ -96.398250326833363, 15.971976020947109 ], [ -96.398200089553981, 15.97207025425385 ], [ -96.398176720700391, 15.972252879182697 ], [ -96.398168140438585, 15.97291666223744 ], [ -96.398212446853705, 15.973145832709635 ], [ -96.39832011888069, 15.973348672279856 ], [ -96.398427791101085, 15.973551511824898 ], [ -96.398691120014632, 15.973901882777266 ], [ -96.399704650824674, 15.975131266303181 ], [ -96.400010125829823, 15.97547198424602 ], [ -96.400216132072728, 15.975652301844734 ], [ -96.40070525307398, 15.976007094275939 ], [ -96.401614442518451, 15.976460674163448 ], [ -96.40190353183614, 15.976579331451703 ], [ -96.402123477576112, 15.976629409353613 ], [ -96.402343423459314, 15.976679487046292 ], [ -96.40268275055486, 15.976703909022303 ], [ -96.403826385709465, 15.976717719473962 ], [ -96.404170637149946, 15.976767602509602 ], [ -96.404402072795421, 15.976877092723001 ], [ -96.404633508723037, 15.976986582723296 ], [ -96.404950502890955, 15.97724952871374 ], [ -96.405966942917232, 15.978257628249345 ], [ -96.406219613772706, 15.978621412650062 ], [ -96.406300956141237, 15.978966194179648 ], [ -96.406382298700365, 15.97931097570976 ], [ -96.406362033791268, 15.979932281496815 ], [ -96.40610477308941, 15.98214214450074 ], [ -96.406068685481898, 15.982768339836367 ], [ -96.406113114325649, 15.983124531257429 ], [ -96.406157543228716, 15.983480722682001 ], [ -96.406320571381144, 15.983872217150696 ], [ -96.406992515671149, 15.984986807812533 ], [ -96.407176814796927, 15.98535823542089 ], [ -96.407364929494349, 15.9859769742538 ], [ -96.407333049895641, 15.98627688109786 ], [ -96.407320517896125, 15.987248894857867 ], [ -96.407347792439765, 15.987577781824118 ], [ -96.40748933802135, 15.988006276022064 ], [ -96.407655284765582, 15.988262317581087 ], [ -96.407729741921969, 15.988734035964352 ], [ -96.407871288784165, 15.989162530109647 ], [ -96.407999041427487, 15.989302946169865 ], [ -96.40845367397047, 15.989529726488779 ], [ -96.408560813145186, 15.989639408912531 ], [ -96.408606162766844, 15.989924480401433 ], [ -96.408563808502649, 15.99022204296435 ], [ -96.408320803431948, 15.99132559629968 ], [ -96.408278317145857, 15.991633318674133 ], [ -96.408300686112838, 15.991799561114687 ], [ -96.408323055095522, 15.991965803556067 ], [ -96.40842945305009, 15.99213305958996 ], [ -96.408881240069874, 15.992581102457018 ], [ -96.408987507819418, 15.992758518335391 ], [ -96.409009571791827, 15.992948467488951 ], [ -96.409031635778049, 15.993138416643387 ], [ -96.408988407602152, 15.99350371262044 ], [ -96.40874254534296, 15.994828528319653 ], [ -96.40858817459322, 15.995258533650537 ], [ -96.408350908085225, 15.995599471568912 ], [ -96.408113640721353, 15.995940409096386 ], [ -96.407590104171561, 15.996484510273067 ], [ -96.405621447520289, 15.998341760195833 ], [ -96.404962265113639, 15.99881308354021 ], [ -96.404408511645812, 15.998984219130195 ], [ -96.403854757436079, 15.999155353148785 ], [ -96.402931788920881, 15.999172985117966 ], [ -96.399732121573535, 15.998912973610482 ], [ -96.398857805141247, 15.998824481216902 ], [ -96.398417562687669, 15.998748018227332 ], [ -96.397977320707824, 15.998671554383368 ], [ -96.397593801609233, 15.998541582283092 ], [ -96.396684531865986, 15.998087972742548 ], [ -96.396395154512831, 15.997989624322818 ], [ -96.395953993942186, 15.997984276003576 ], [ -96.395613141427063, 15.998074983764321 ], [ -96.394463654348542, 15.99850363132501 ], [ -96.394038769917586, 15.998593316899498 ], [ -96.393205465824309, 15.998583204252752 ], [ -96.392439917087174, 15.998479070580816 ], [ -96.389700671190454, 15.998003207970136 ], [ -96.388830222869629, 15.99788762557194 ], [ -96.387507366747755, 15.997824118858626 ], [ -96.38648801972785, 15.997848976108099 ], [ -96.38305392335711, 15.998028454261735 ], [ -96.382071407268228, 15.998048658327331 ], [ -96.381495917479938, 15.998006077960955 ], [ -96.38092042818019, 15.997963496086841 ], [ -96.380258689046585, 15.997821633909821 ], [ -96.378321559283876, 15.997244766689015 ], [ -96.377808201972357, 15.997003094848012 ], [ -96.377578929414682, 15.996727632198356 ], [ -96.37734965746516, 15.996452169391231 ], [ -96.377207950483523, 15.995906805754107 ], [ -96.377005194812682, 15.99391270133477 ], [ -96.376900980680006, 15.993311907993094 ], [ -96.376759192258831, 15.992907109032465 ], [ -96.376617404294223, 15.992502310049868 ], [ -96.376316510275686, 15.991946534721516 ], [ -96.375195924588283, 15.990162512610917 ], [ -96.374884401435096, 15.989616767715901 ], [ -96.374717801744993, 15.989235374936506 ], [ -96.374551202592755, 15.988853982110253 ], [ -96.3743867266748, 15.988310033458419 ], [ -96.373952373153514, 15.986534392140276 ], [ -96.373850254503992, 15.98604201216023 ], [ -96.373808051104049, 15.985519880234905 ], [ -96.373849878781854, 15.985266357434371 ], [ -96.374087276875002, 15.98460538263285 ], [ -96.374185875099144, 15.984428763422565 ], [ -96.374402722416818, 15.984224233596436 ], [ -96.374628187518127, 15.984208922984649 ], [ -96.375430187512521, 15.98410807139895 ], [ -96.375665724987826, 15.984036430603959 ], [ -96.375962899675713, 15.983802960057234 ], [ -96.376151897137376, 15.983541071532279 ], [ -96.376736707197509, 15.982552394405797 ], [ -96.376868002939659, 15.982284720081173 ], [ -96.376895910078687, 15.982024251885697 ], [ -96.376804482091572, 15.981919828884147 ], [ -96.37634991178075, 15.981692989257416 ], [ -96.37623348613613, 15.981491727919467 ], [ -96.376189111149685, 15.981135538193923 ], [ -96.376144736221221, 15.980779348472188 ], [ -96.376134375714955, 15.979962924875586 ], [ -96.37617477107446, 15.976865326928387 ], [ -96.376201365595847, 15.976034111950003 ], [ -96.376285082701315, 15.975252707156153 ], [ -96.376378084424502, 15.974967629577895 ], [ -96.376728374795462, 15.974418671913808 ], [ -96.37687216597601, 15.974266311477891 ], [ -96.377192902085682, 15.974104253970989 ], [ -96.37750730538319, 15.974025103370844 ], [ -96.378653784078708, 15.97381778781736 ], [ -96.37907733743063, 15.973826337021748 ], [ -96.37949239011644, 15.973949944388737 ], [ -96.379907443428536, 15.974073551028656 ], [ -96.380669758152621, 15.974418163420236 ], [ -96.383397144230855, 15.975779124565028 ], [ -96.384175689021816, 15.97608835861887 ], [ -96.384628588292642, 15.976129432398263 ], [ -96.385081487899299, 15.976170505250046 ], [ -96.385596938456729, 15.975978624449885 ], [ -96.387096566393367, 15.975001028612921 ], [ -96.387498726758139, 15.974635021268426 ], [ -96.387875853638803, 15.973904589878448 ], [ -96.388012446114388, 15.973227124420772 ], [ -96.388272746012035, 15.970796049959754 ], [ -96.388320525155748, 15.970081940223579 ], [ -96.388283201039329, 15.969180503626127 ], [ -96.388182102634701, 15.968606846891825 ], [ -96.387747637611568, 15.966831218745114 ], [ -96.387588054410571, 15.966312739986169 ], [ -96.387432924814448, 15.965990770254686 ], [ -96.387277795650817, 15.965668800476589 ], [ -96.386994152422261, 15.965267365479725 ], [ -96.385980748989255, 15.964037939926968 ], [ -96.385680500249464, 15.963702351548344 ], [ -96.385486618180181, 15.963534025610787 ], [ -96.385292736440846, 15.963365699544358 ], [ -96.385039036388008, 15.963220356516688 ], [ -96.384242867686609, 15.962878739819454 ], [ -96.384036229678699, 15.96274920998518 ], [ -96.38395215781452, 15.962617782816826 ], [ -96.383868086051748, 15.962486355630533 ], [ -96.383834518666234, 15.962240379381882 ], [ -96.383846013809617, 15.961355344570695 ], [ -96.383870140319843, 15.961115150360156 ], [ -96.383971235829648, 15.960879278851317 ], [ -96.384091531468172, 15.960782513704643 ], [ -96.38455181524472, 15.960566813891976 ], [ -96.384693311841218, 15.960455063800204 ], [ -96.384893345645054, 15.960149263701961 ], [ -96.385037611300532, 15.959824156461638 ], [ -96.385510813553992, 15.958612788388857 ], [ -96.38572281026066, 15.958329148849103 ], [ -96.386238929799816, 15.958216866153549 ], [ -96.386764247964905, 15.958340101091038 ], [ -96.388699622917798, 15.959027471561045 ], [ -96.389245224908578, 15.959206835141298 ], [ -96.389550604209731, 15.959281669344005 ], [ -96.389855983802619, 15.959356503146267 ], [ -96.390182893686713, 15.959390951649356 ], [ -96.391097713980287, 15.959402041943488 ], [ -96.391367522501199, 15.959384989075973 ], [ -96.391711808062468, 15.959294320724755 ], [ -96.391933835862432, 15.959181847442691 ], [ -96.392625678485004, 15.958747639209815 ], [ -96.392952591228735, 15.958646596688236 ], [ -96.393786343222203, 15.958609272793536 ], [ -96.394650505789485, 15.958656993029347 ], [ -96.397849521894784, 15.95891698518991 ], [ -96.398686844464805, 15.959010091969384 ], [ -96.399041084570925, 15.95909735873631 ], [ -96.39939532507087, 15.959184624964486 ] ] ] ] } },
{ "type": "Feature", "properties": { "fid": 13.0, "cat": 14, "CLAVE_ACUI": "2011", "NOM_ACUIF": "HUATULCO", "VULNERABIL": 2 }, "geometry": { "type": "MultiPolygon", "coordinates": [ [ [ [ -96.357762388954015, 15.951318009814424 ], [ -96.358175231172936, 15.951338317039644 ], [ -96.358395287626976, 15.95137658113112 ], [ -96.358615344199762, 15.951414845009914 ], [ -96.358831234883851, 15.95150386395918 ], [ -96.359398612678177, 15.951842757528913 ], [ -96.359545980838774, 15.951951258116763 ], [ -96.359606150391471, 15.95203497973306 ], [ -96.359666319991334, 15.952118701339479 ], [ -96.359690864780816, 15.95224940542233 ], [ -96.359685067754128, 15.952691914597962 ], [ -96.359662423897618, 15.952816959396845 ], [ -96.35961248677458, 15.952887476000226 ], [ -96.359562549614452, 15.952957992586329 ], [ -96.35944251588549, 15.953034423710109 ], [ -96.358982232331826, 15.95325006844948 ], [ -96.358797859693652, 15.953427322708853 ], [ -96.358397736542457, 15.954038864510657 ], [ -96.35801050244261, 15.954735240604711 ], [ -96.356603509834287, 15.957373445285604 ], [ -96.356179573520066, 15.958064284811453 ], [ -96.355608219505655, 15.958650005991705 ], [ -96.355215938084001, 15.958795911443524 ], [ -96.353896383232254, 15.958947918513502 ], [ -96.353583424281737, 15.958918667819059 ], [ -96.353266438302029, 15.958796222537352 ], [ -96.353126560169613, 15.958650551723597 ], [ -96.352790782288295, 15.958093199960096 ], [ -96.35270461324302, 15.957856738430809 ], [ -96.352671440585468, 15.957583670827622 ], [ -96.352638267958994, 15.957310603226752 ], [ -96.352629657726382, 15.956766871599557 ], [ -96.352655819604891, 15.954775592289236 ], [ -96.352689479946932, 15.95421205786883 ], [ -96.352820401214004, 15.953573509987327 ], [ -96.352973771109916, 15.953224833029722 ], [ -96.353558572911041, 15.952236220379238 ], [ -96.353747626815775, 15.951969271001941 ], [ -96.354045079924376, 15.951712121110308 ], [ -96.354280959312533, 15.951611713459382 ], [ -96.355084276382854, 15.951400292657363 ], [ -96.35536155935678, 15.951346117875538 ], [ -96.355852230236806, 15.951304724309516 ], [ -96.356275905839397, 15.951299765036698 ], [ -96.357762388954015, 15.951318009814424 ] ] ] ] } },
{ "type": "Feature", "properties": { "fid": 14.0, "cat": 10, "CLAVE_ACUI": "2011", "NOM_ACUIF": "HUATULCO", "VULNERABIL": 2 }, "geometry": { "type": "MultiPolygon", "coordinates": [ [ [ [ -96.114502271889307, 15.919749174120454 ], [ -96.115161342026354, 15.919793548578266 ], [ -96.115441833885185, 15.91988026941984 ], [ -96.115722326043056, 15.919966989935283 ], [ -96.115864661324352, 15.92017039047602 ], [ -96.115967908062501, 15.920946152454484 ], [ -96.116010446814897, 15.921153298244057 ], [ -96.116058080478396, 15.921248757417759 ], [ -96.116105714180918, 15.921344216587627 ], [ -96.116199271676621, 15.921409811260379 ], [ -96.116540606150139, 15.921525001108867 ], [ -96.11670377468306, 15.921495010780736 ], [ -96.117123892483164, 15.921239865750447 ], [ -96.119180088302357, 15.919599482405511 ], [ -96.119622401260102, 15.919259964898011 ], [ -96.120067342817592, 15.918981438671448 ], [ -96.120260661800145, 15.918923062394807 ], [ -96.120717876304212, 15.91892916609534 ], [ -96.120890200602972, 15.918870508964257 ], [ -96.128312760523301, 15.912993342469415 ], [ -96.130465780450166, 15.911464174981676 ], [ -96.132887613937129, 15.909979190957223 ], [ -96.134194376797424, 15.909386967869345 ], [ -96.13787076741977, 15.90810822153761 ], [ -96.138963976200102, 15.907767126064924 ], [ -96.14038924730221, 15.907454130152079 ], [ -96.141708030741071, 15.907246955557083 ], [ -96.142837374757832, 15.907072259559994 ], [ -96.14342227450517, 15.907039362211567 ], [ -96.145022464681233, 15.907060533857864 ], [ -96.145480398277329, 15.907097069728811 ], [ -96.146017230699144, 15.907246405259643 ], [ -96.146326200781346, 15.907423206361962 ], [ -96.147745461137291, 15.908610339895704 ], [ -96.148068388791998, 15.908914320656658 ], [ -96.148332126589111, 15.909320810047372 ], [ -96.148385966456445, 15.909597528702491 ], [ -96.148373480303917, 15.910482393084678 ], [ -96.148232622102981, 15.910792098154539 ], [ -96.147910195654177, 15.911072310697776 ], [ -96.147587768326105, 15.911352522605993 ], [ -96.146807404284345, 15.91184342109441 ], [ -96.143810532966214, 15.91357382724469 ], [ -96.143029434370078, 15.914115498211473 ], [ -96.142705319869989, 15.914514208830305 ], [ -96.142381204036226, 15.914912918739164 ], [ -96.142236261681276, 15.915510422738279 ], [ -96.142208095177097, 15.917501355678624 ], [ -96.142168554589247, 15.918069776364073 ], [ -96.142090377432638, 15.918400624896137 ], [ -96.142012199929738, 15.918731473349025 ], [ -96.141828376479211, 15.919108333891398 ], [ -96.141126884186576, 15.920205317425891 ], [ -96.140953986362774, 15.920551842414648 ], [ -96.140901306628407, 15.92081191002754 ], [ -96.140848626701825, 15.921071977599844 ], [ -96.140871011256593, 15.921468503083949 ], [ -96.141080833412047, 15.922798820320264 ], [ -96.141151104812536, 15.923150261966191 ], [ -96.141210160001805, 15.92330513382093 ], [ -96.141269215263875, 15.923460005672361 ], [ -96.141367673035035, 15.923551055002722 ], [ -96.141709032292837, 15.92366620788907 ], [ -96.141871914629107, 15.923656513786549 ], [ -96.14229067232165, 15.923496121483801 ], [ -96.142726014545133, 15.923276682949073 ], [ -96.144338846725532, 15.922413020576553 ], [ -96.144821496209147, 15.922189123633675 ], [ -96.145461035273513, 15.922007941078466 ], [ -96.145892013812343, 15.921973006117389 ], [ -96.147263709517574, 15.921991154842486 ], [ -96.147625377263722, 15.922031497734199 ], [ -96.147783420386887, 15.922116559358132 ], [ -96.147941463657375, 15.922201620887247 ], [ -96.148031347819384, 15.922404311558015 ], [ -96.148134720663279, 15.923180078451237 ], [ -96.148234098766721, 15.923454013029643 ], [ -96.148414294800517, 15.923705310197404 ], [ -96.148594491255253, 15.923956607282502 ], [ -96.149009960912394, 15.924400664059261 ], [ -96.150588440657316, 15.925970330250772 ], [ -96.151060438904636, 15.926501489495376 ], [ -96.151372521781823, 15.926956030156855 ], [ -96.151684605966963, 15.927410570578404 ], [ -96.15210427529675, 15.928178098856275 ], [ -96.153438580548979, 15.93085081511043 ], [ -96.153785347445776, 15.931576740011085 ], [ -96.153927308560839, 15.931934207574907 ], [ -96.154069270085714, 15.932291675116666 ], [ -96.154128105225283, 15.93258708625104 ], [ -96.154118745306803, 15.933250736464833 ], [ -96.154162764284592, 15.933479913264241 ], [ -96.154270155461816, 15.9336828340211 ], [ -96.154377546829153, 15.933885754756199 ], [ -96.154640360744708, 15.93423635135929 ], [ -96.155652049889014, 15.935466625658503 ], [ -96.155998712490529, 15.935828487714266 ], [ -96.156301744229168, 15.936057696005133 ], [ -96.156604776686194, 15.936286903977013 ], [ -96.157123920438991, 15.93657992174631 ], [ -96.158940536482575, 15.937488914778651 ], [ -96.15951650001054, 15.937848715836603 ], [ -96.159952102526319, 15.938233758545364 ], [ -96.160387706732834, 15.938618800630325 ], [ -96.161056326438455, 15.939359120615544 ], [ -96.16330537601884, 15.942043855205656 ], [ -96.163984658985569, 15.942774149730639 ], [ -96.164445111447449, 15.943135806839821 ], [ -96.164905565621581, 15.943497463220483 ], [ -96.165541861286755, 15.943800473520156 ], [ -96.16759034059551, 15.944491199376662 ], [ -96.168197144734279, 15.944651576424254 ], [ -96.168588776405414, 15.944680431355035 ], [ -96.168980408311242, 15.944709285590772 ], [ -96.169492550922811, 15.944631350442279 ], [ -96.17109928271158, 15.944209937647976 ], [ -96.171564249584847, 15.94412629770139 ], [ -96.172127366382767, 15.944157397822746 ], [ -96.172466852697724, 15.944285467024683 ], [ -96.173488008940083, 15.944852021660978 ], [ -96.173710013816702, 15.945120786655414 ], [ -96.173717445105225, 15.945464628851663 ], [ -96.173724876317934, 15.945808471042158 ], [ -96.173524101547997, 15.946522112043271 ], [ -96.172572271941618, 15.949164746991862 ], [ -96.172312815098408, 15.949943654576922 ], [ -96.172183339186248, 15.950439790666486 ], [ -96.172053862438304, 15.950935926555056 ], [ -96.171943388128142, 15.951574550778222 ], [ -96.171686790935681, 15.953562524785331 ], [ -96.171598880198147, 15.95408968565358 ], [ -96.171522056131636, 15.954325741071173 ], [ -96.171445231841858, 15.954561796427686 ], [ -96.171313645348491, 15.954709079539001 ], [ -96.170853223425709, 15.954924289401795 ], [ -96.170717028341969, 15.95502579187157 ], [ -96.170629450947885, 15.955155026345647 ], [ -96.170541873433137, 15.955284260764531 ], [ -96.170427847028876, 15.955551999565341 ], [ -96.170070876426777, 15.956542977790493 ], [ -96.169888100974475, 15.956845371865693 ], [ -96.169640111150557, 15.957055469038437 ], [ -96.16939212082012, 15.957265565837833 ], [ -96.168866352506015, 15.957563447766459 ], [ -96.166908738341007, 15.958533357644379 ], [ -96.166186276190984, 15.959126665656875 ], [ -96.165974195600285, 15.959396496319627 ], [ -96.165878634853144, 15.959843965621225 ], [ -96.165856845278469, 15.961392494656115 ], [ -96.166075422601423, 15.961905060232175 ], [ -96.166596333476235, 15.962326781474918 ], [ -96.167117246601194, 15.96274850179325 ], [ -96.168386996672865, 15.963440847576003 ], [ -96.173270746608964, 15.965828298923945 ], [ -96.174567433850299, 15.966475248212207 ], [ -96.175151124357328, 15.966791098118621 ], [ -96.175734816885921, 15.967106946726187 ], [ -96.176105812609293, 15.967362429006009 ], [ -96.176669739940763, 15.967922983678518 ], [ -96.176815906835472, 15.96810947444324 ], [ -96.176874998359381, 15.968264342525712 ], [ -96.176934089956617, 15.968419210604624 ], [ -96.176956755874116, 15.968675200121631 ], [ -96.176944346383749, 15.96956008166514 ], [ -96.17696715465496, 15.969805913101647 ], [ -96.177026578982947, 15.969937079036171 ], [ -96.177086003376601, 15.97006824496532 ], [ -96.177232979152492, 15.970197173271799 ], [ -96.177800018484405, 15.970536506123693 ], [ -96.177989709147198, 15.970615194732362 ], [ -96.178148800428417, 15.970629135342154 ], [ -96.1783078917518, 15.970643075837639 ], [ -96.178572747480331, 15.970604217210177 ], [ -96.179490557399376, 15.970394993551036 ], [ -96.179772230988576, 15.97028015413278 ], [ -96.180168897831095, 15.969953462500836 ], [ -96.180453890506215, 15.969601599480335 ], [ -96.18138718235241, 15.968286260519998 ], [ -96.181735030401256, 15.967945378654656 ], [ -96.182425036383179, 15.967669937781768 ], [ -96.183062912161049, 15.967617331677896 ], [ -96.185349663713552, 15.967647264219204 ], [ -96.185948019947304, 15.967792252645385 ], [ -96.186200807796695, 15.9681155999341 ], [ -96.186453596421146, 15.968438947047213 ], [ -96.186577491718694, 15.969217809095156 ], [ -96.186650088111008, 15.972205804430418 ], [ -96.186721871220726, 15.972864024539245 ], [ -96.186868901064528, 15.97350742557507 ], [ -96.187096226197468, 15.973974384329292 ], [ -96.187511270127558, 15.974462433640422 ], [ -96.189093514702407, 15.975810700117279 ], [ -96.189514874305047, 15.976222609532204 ], [ -96.189706918204706, 15.976509600749537 ], [ -96.189898962612261, 15.976796591876193 ], [ -96.190026299455525, 15.977204657712591 ], [ -96.190236449313304, 15.978534982883261 ], [ -96.190327388434554, 15.978917172938672 ], [ -96.190434504538217, 15.979143787106812 ], [ -96.19054162084899, 15.979370401255984 ], [ -96.19075672830337, 15.979635680110261 ], [ -96.191546333902039, 15.980420418630871 ], [ -96.191794081681437, 15.98060484281671 ], [ -96.191977355237142, 15.980642797150205 ], [ -96.192160628887649, 15.980680751338189 ], [ -96.192436519440506, 15.980604767750728 ], [ -96.193357459168183, 15.980174266716659 ], [ -96.193649596497423, 15.980062933285426 ], [ -96.19409196624116, 15.979973880506231 ], [ -96.194431785947444, 15.979957995599669 ], [ -96.195575242381636, 15.979972915725259 ], [ -96.195945291387872, 15.980048863496759 ], [ -96.196237010867947, 15.980218616512971 ], [ -96.196528730884253, 15.980388369209102 ], [ -96.196992168175356, 15.980797429496784 ], [ -96.198571449653073, 15.982366867785133 ], [ -96.199034895734627, 15.982775924988276 ], [ -96.19932662210978, 15.982945674816154 ], [ -96.199618349021193, 15.983115424323772 ], [ -96.199988406331897, 15.983191366272862 ], [ -96.201131886592449, 15.983206259795075 ], [ -96.201482921260592, 15.983139709860639 ], [ -96.20197760114182, 15.982814252807648 ], [ -96.202333250907742, 15.982415863911813 ], [ -96.203498259484931, 15.980882167960551 ], [ -96.203843118941208, 15.98050395547016 ], [ -96.204287465298222, 15.980272664815269 ], [ -96.204577387650957, 15.980320462426659 ], [ -96.205486015613829, 15.980774807313187 ], [ -96.20575451334949, 15.980852805417472 ], [ -96.206098871897822, 15.980762453266813 ], [ -96.206322314335225, 15.980555380656311 ], [ -96.207020683438813, 15.97967939231796 ], [ -96.207254906957758, 15.979452138138134 ], [ -96.207649584417553, 15.979267608463987 ], [ -96.207979186262591, 15.979231248669697 ], [ -96.209122651859872, 15.979246096134412 ], [ -96.209435163289911, 15.97930603392204 ], [ -96.209592623614455, 15.979438466808324 ], [ -96.209750084151409, 15.979570899610671 ], [ -96.20988745975481, 15.979889341717048 ], [ -96.21021362622038, 15.981110539402998 ], [ -96.210345259472305, 15.981464467571673 ], [ -96.210489319851419, 15.98167970108171 ], [ -96.210633380516541, 15.981894934540328 ], [ -96.210913349062693, 15.982155958981794 ], [ -96.21193175223506, 15.982943604003717 ], [ -96.212322622876712, 15.983160344703224 ], [ -96.212725450677738, 15.983272251098619 ], [ -96.213128279045307, 15.983384156808166 ], [ -96.213888346044229, 15.983487145998129 ], [ -96.216629675652911, 15.983743931191759 ], [ -96.217374206407825, 15.983831466910278 ], [ -96.217740776390201, 15.983907334200888 ], [ -96.218107346750671, 15.983983200908789 ], [ -96.218410158805597, 15.984112429841952 ], [ -96.219090142440351, 15.98456376458897 ], [ -96.219344224130978, 15.984799044506318 ], [ -96.219597089160018, 15.985122363991943 ], [ -96.219849954965667, 15.985445683299931 ], [ -96.220318347924106, 15.986134172797263 ], [ -96.221998473068453, 15.988700481233073 ], [ -96.222435093587166, 15.989408877857249 ], [ -96.222613800600314, 15.989778651151488 ], [ -96.222792508181911, 15.990148424389719 ], [ -96.222866477688612, 15.990496523192476 ], [ -96.222854252279305, 15.991381437825883 ], [ -96.222871934681109, 15.991622126186073 ], [ -96.222919306588921, 15.991741275066033 ], [ -96.222966678542775, 15.99186042394326 ], [ -96.223084344621469, 15.991960160910212 ], [ -96.223538709711832, 15.992187301850558 ], [ -96.223645312998187, 15.992327536708537 ], [ -96.223666871111789, 15.99254118115207 ], [ -96.223688429233263, 15.992754825596954 ], [ -96.223643420112381, 15.993225003411391 ], [ -96.223390257024207, 15.994991876889721 ], [ -96.223386272097883, 15.995533706639504 ], [ -96.223503557854116, 15.995914539694452 ], [ -96.223620843944374, 15.996295372743672 ], [ -96.223959933169596, 15.99684163722311 ], [ -96.225307790713586, 15.998629202369719 ], [ -96.225668173224975, 15.999155419841482 ], [ -96.225835130416101, 15.9994894794996 ], [ -96.226002088091349, 15.999823539106286 ], [ -96.226118725623138, 16.000251778007748 ], [ -96.226329118875, 16.001582107128467 ], [ -96.22642013230805, 16.001964293732414 ], [ -96.226527300101452, 16.002190897873682 ], [ -96.226634447744203, 16.00241745894736 ], [ -96.226849648930951, 16.002682755651403 ], [ -96.227639493564027, 16.003467396624959 ], [ -96.227897248274658, 16.003692558126776 ], [ -96.228103751957406, 16.003825614968335 ], [ -96.228310255932797, 16.003958671652693 ], [ -96.228642512155375, 16.004113672149572 ], [ -96.22978003648457, 16.004570891478526 ], [ -96.230160187939333, 16.00468078653584 ], [ -96.230478444125623, 16.004708599933757 ], [ -96.230796700479033, 16.004736412873029 ], [ -96.231325852260099, 16.004705983398051 ], [ -96.233158713679799, 16.004508344096966 ], [ -96.233661678543342, 16.004472491031748 ], [ -96.234175987320413, 16.004502825155164 ], [ -96.234407749453297, 16.004582013520594 ], [ -96.23497499833617, 16.00492122510294 ], [ -96.23513226283201, 16.005070575720463 ], [ -96.235215588342001, 16.005249455062167 ], [ -96.235298896136698, 16.005428296088645 ], [ -96.235298913979278, 16.005428334392214 ], [ -96.235379722510245, 16.005790067663717 ], [ -96.235590178348289, 16.00712039767339 ], [ -96.235580803630882, 16.007547011818016 ], [ -96.235326597087024, 16.008207547399355 ], [ -96.23485061310646, 16.008953281624908 ], [ -96.233219002288948, 16.011144949845569 ], [ -96.232848998275585, 16.011652711471012 ], [ -96.232720580253869, 16.012077789380445 ], [ -96.232473544231297, 16.013402219696779 ], [ -96.232424808422152, 16.013762282706207 ], [ -96.232444413492459, 16.014118147004947 ], [ -96.232521156869353, 16.014266461597288 ], [ -96.232859688266529, 16.014602731841581 ], [ -96.233042445315121, 16.0146812912221 ], [ -96.23329961245129, 16.014696461216051 ], [ -96.233556779678068, 16.014711630907431 ], [ -96.234108785902706, 16.014676412813479 ], [ -96.236170479939034, 16.01448171032926 ], [ -96.236711703170116, 16.01446666717295 ], [ -96.236943710703429, 16.014528923767703 ], [ -96.237175718419778, 16.014591180133529 ], [ -96.237297374173522, 16.014784100090647 ], [ -96.23740108551695, 16.015559880835244 ], [ -96.237480169086922, 16.015792894057373 ], [ -96.237612841794416, 16.015948701158379 ], [ -96.237745514701686, 16.016104508207583 ], [ -96.238045496741535, 16.016316657785779 ], [ -96.239180071869271, 16.016995072186663 ], [ -96.239474176348196, 16.017252866207471 ], [ -96.239593130236869, 16.017515179842459 ], [ -96.23971208439049, 16.017777493454563 ], [ -96.239757847910425, 16.018269167181359 ], [ -96.239733500466642, 16.020039017182789 ], [ -96.23969509465914, 16.02053976811214 ], [ -96.239617655554525, 16.020823261996743 ], [ -96.239540216168237, 16.021106755812397 ], [ -96.239357366803603, 16.021415987146373 ], [ -96.238658945076793, 16.022292077169837 ], [ -96.238487296059517, 16.022550649769084 ], [ -96.238435994407482, 16.022715941803593 ], [ -96.238384692649987, 16.022881233810303 ], [ -96.238409765785931, 16.023094924309166 ], [ -96.238629378104008, 16.023761562643688 ], [ -96.238785819149967, 16.023971864485407 ], [ -96.239041042063889, 16.024129249451558 ], [ -96.239296265409124, 16.024286634174349 ], [ -96.239869034381798, 16.024526002249434 ], [ -96.242031521358726, 16.025328272525087 ], [ -96.242657236276187, 16.025537833804091 ], [ -96.243035988369243, 16.025625680364389 ], [ -96.243414740900164, 16.025713526306099 ], [ -96.243871174401349, 16.025754954896744 ], [ -96.245243692759104, 16.025772592001612 ], [ -96.245684301698276, 16.025818893700901 ], [ -96.246026129825609, 16.02591811475347 ], [ -96.24636795837462, 16.026017335312474 ], [ -96.246904002759649, 16.026254521397497 ], [ -96.248721896682639, 16.02716294153349 ], [ -96.249230921044756, 16.027455658295636 ], [ -96.24950969248215, 16.027684457738982 ], [ -96.249788464573484, 16.027913256914456 ], [ -96.250075930434292, 16.028274253102392 ], [ -96.250859898030413, 16.029501303103068 ], [ -96.251063473223354, 16.029851062270833 ], [ -96.251146495626813, 16.030053642442763 ], [ -96.251229518169453, 16.030256222605317 ], [ -96.251263149525982, 16.03048526399623 ], [ -96.251254050313079, 16.031148963480838 ], [ -96.251282916988728, 16.031342382203178 ], [ -96.251354822357015, 16.031461842818427 ], [ -96.251426727803263, 16.031581303421724 ], [ -96.251603305353797, 16.031729200633656 ], [ -96.252283524896711, 16.032180465400813 ], [ -96.252470190354572, 16.032358972747598 ], [ -96.252565632442725, 16.032549858010434 ], [ -96.252661074689641, 16.032740743256067 ], [ -96.252747101033279, 16.033107622449403 ], [ -96.252957673408957, 16.034437954935488 ], [ -96.253033335232061, 16.034794540843166 ], [ -96.253104592956177, 16.034961408354093 ], [ -96.253175850779883, 16.035128275857513 ], [ -96.253303782584752, 16.03524845420629 ], [ -96.253758282582126, 16.035475551013434 ], [ -96.253912406801689, 16.035601144943566 ], [ -96.254044779793318, 16.035780649255191 ], [ -96.254177153009223, 16.035960153519262 ], [ -96.254401238152852, 16.036347428957662 ], [ -96.255182228162468, 16.037795705109581 ], [ -96.255500441935283, 16.038214667056405 ], [ -96.255852443355224, 16.03846810692173 ], [ -96.256204445709699, 16.038721546341431 ], [ -96.256891952567955, 16.039026696290335 ], [ -96.259396328334333, 16.039943835510996 ], [ -96.260068574557323, 16.040213219516293 ], [ -96.260384953381276, 16.040383220145277 ], [ -96.260701332796515, 16.040553220387537 ], [ -96.260933025557947, 16.04076955332361 ], [ -96.261381500460729, 16.041439106782924 ], [ -96.261539938002471, 16.041634181834873 ], [ -96.261685387430973, 16.041754580329503 ], [ -96.261830837038929, 16.04187497875122 ], [ -96.262087969650267, 16.042023899141959 ], [ -96.262997025155315, 16.042478062259384 ], [ -96.263327972218633, 16.042607603366989 ], [ -96.263645653108085, 16.042682785065264 ], [ -96.263963334309864, 16.042757966328359 ], [ -96.264540047584049, 16.042843228573926 ], [ -96.266596018393514, 16.043090745628124 ], [ -96.267244607527431, 16.043298844653815 ], [ -96.267729995552699, 16.043660655680299 ], [ -96.268215385407714, 16.044022465866508 ], [ -96.268953625482538, 16.044848111515723 ], [ -96.271428008471489, 16.047977494777008 ], [ -96.272238844838483, 16.048875181849358 ], [ -96.272893584931495, 16.049405097622987 ], [ -96.27354832859362, 16.049935011904921 ], [ -96.2746081832762, 16.050551365848758 ], [ -96.27824472402861, 16.052367826298134 ], [ -96.2792855300562, 16.052841669699465 ], [ -96.279895785792576, 16.053039088728614 ], [ -96.280506042988932, 16.053236506198459 ], [ -96.281208822976311, 16.053326716733583 ], [ -96.283267948747621, 16.053352854529294 ], [ -96.28399499787497, 16.053590693798455 ], [ -96.284661884453286, 16.054132588084133 ], [ -96.285328774747398, 16.054674480821312 ], [ -96.286507132213913, 16.055984906984239 ], [ -96.290672470611455, 16.061016414819523 ], [ -96.291870536093725, 16.062428677674902 ], [ -96.292583295510269, 16.063208218137973 ], [ -96.293296060379717, 16.06398775702554 ], [ -96.294134450031919, 16.064802752076115 ], [ -96.296621431842198, 16.067046974153115 ], [ -96.297278246895075, 16.06769201334701 ], [ -96.297567308049167, 16.068074999913339 ], [ -96.29785637025563, 16.068457986245861 ], [ -96.298025442645553, 16.06890719521553 ], [ -96.298236322062323, 16.0702375314549 ], [ -96.298342492688249, 16.070675785165754 ], [ -96.298484784317097, 16.071033208995754 ], [ -96.29862707636623, 16.071390632798199 ], [ -96.298927454894866, 16.071973589833455 ], [ -96.300044648870255, 16.073979206763244 ], [ -96.300312553191148, 16.074632878271544 ], [ -96.300379060272931, 16.075155304167939 ], [ -96.300445567482981, 16.07567773007413 ], [ -96.300367681296578, 16.076516703927616 ], [ -96.299871185178176, 16.079387060979169 ], [ -96.299804074447735, 16.080205848425091 ], [ -96.29981266457628, 16.080866406599533 ], [ -96.299987400430979, 16.081156501913824 ], [ -96.300316407734002, 16.081695790796093 ], [ -96.301668461052202, 16.083261815379959 ], [ -96.302030095840976, 16.083720228322075 ], [ -96.302365660081463, 16.084293467334383 ], [ -96.302483401708145, 16.084653967578042 ], [ -96.302697298187127, 16.085763063222462 ], [ -96.30271583550369, 16.086076587921518 ], [ -96.302588445318023, 16.0864306074171 ], [ -96.302387921712452, 16.086622824642568 ], [ -96.301579532886294, 16.087165816679079 ], [ -96.301306139973136, 16.087306308655371 ], [ -96.30107241878008, 16.087362628191649 ], [ -96.3008386974942, 16.087418947451589 ], [ -96.300444315762022, 16.087439367760314 ], [ -96.299071311402699, 16.087422019068367 ], [ -96.298704092185616, 16.08737673454452 ], [ -96.298533749144099, 16.08727974759233 ], [ -96.298363406282718, 16.087182760528677 ], [ -96.298243931332735, 16.086950939806584 ], [ -96.298027067833743, 16.086063084062129 ], [ -96.297865563419222, 16.085830731893434 ], [ -96.2975971513563, 16.085732504489805 ], [ -96.297328739604922, 16.085634276788173 ], [ -96.296723353042921, 16.085585977443717 ], [ -96.294435041648043, 16.085557021498015 ], [ -96.293712973553468, 16.085588522342668 ], [ -96.293172302092771, 16.085676508672421 ], [ -96.292631630372895, 16.085764493558987 ], [ -96.291808921216003, 16.085984379337585 ], [ -96.289050944538062, 16.086834521401368 ], [ -96.288217583612479, 16.087064417670593 ], [ -96.287652068385995, 16.087175782056676 ], [ -96.28708655276354, 16.087287144846474 ], [ -96.286304156355399, 16.08737543074805 ], [ -96.283784004970201, 16.087564689807316 ], [ -96.283034512422546, 16.087551775169441 ], [ -96.282545772707451, 16.087427020009311 ], [ -96.282057033774663, 16.087302263822437 ], [ -96.281410129889238, 16.086958734519268 ], [ -96.279368739690042, 16.085605102247655 ], [ -96.278711339407323, 16.085261432517573 ], [ -96.278198092183786, 16.085136356485897 ], [ -96.2776848457939, 16.08501127931768 ], [ -96.276875825026579, 16.084997586175078 ], [ -96.274126886773061, 16.085183818826042 ], [ -96.273328097809355, 16.085190563783115 ], [ -96.272838726216875, 16.085113195919376 ], [ -96.272349355183962, 16.085035826991561 ], [ -96.271749941387199, 16.084808030768031 ], [ -96.26993142945912, 16.083899713201955 ], [ -96.269384697693681, 16.083662423517143 ], [ -96.269018240939289, 16.08356290990816 ], [ -96.268651784646067, 16.083463395725623 ], [ -96.268151496873315, 16.083416360051856 ], [ -96.266549733932564, 16.083395882158474 ], [ -96.26596400014445, 16.083449353908929 ], [ -96.265398168359397, 16.083584362749843 ], [ -96.264832336041422, 16.083719369970975 ], [ -96.263801404571737, 16.084051632168499 ], [ -96.260122033313806, 16.085332133936877 ], [ -96.259117844897389, 16.085629152337034 ], [ -96.258614435733321, 16.085681965023582 ], [ -96.258111026497104, 16.085734776481207 ], [ -96.257676905501597, 16.085588653462995 ], [ -96.256657831159586, 16.084801122656433 ], [ -96.256367025109057, 16.084550152164383 ], [ -96.256198012524223, 16.084358320805308 ], [ -96.256029000255992, 16.084166489359728 ], [ -96.25583691347434, 16.083869370297901 ], [ -96.255278535624967, 16.082866477281907 ], [ -96.255049327479313, 16.082594282259382 ], [ -96.254793696144077, 16.082460607070775 ], [ -96.25453806518729, 16.082326931627691 ], [ -96.254036898742157, 16.082217196380025 ], [ -96.252209387639766, 16.081972440727455 ], [ -96.251650366035335, 16.081867036676066 ], [ -96.251259736129597, 16.081743475797747 ], [ -96.250869106813667, 16.081619914278491 ], [ -96.25031204445196, 16.081372286443141 ], [ -96.248493689084455, 16.080463805949268 ], [ -96.247937193267802, 16.080175538489772 ], [ -96.247547875778309, 16.079957158190403 ], [ -96.247158559219216, 16.079738777309664 ], [ -96.246602720882152, 16.079403100261754 ], [ -96.244787453822582, 16.078273362470551 ], [ -96.244273791031176, 16.077928063584032 ], [ -96.243982871866322, 16.077687238615255 ], [ -96.243691953421106, 16.077446413354672 ], [ -96.243374418936085, 16.077103641043216 ], [ -96.242474433072644, 16.075985686449243 ], [ -96.242167129154694, 16.075663365568253 ], [ -96.241900077062439, 16.075470261332178 ], [ -96.241633025511362, 16.075277156839601 ], [ -96.241177324382903, 16.075047750525616 ], [ -96.239584829040126, 16.074363390878741 ], [ -96.239123809534817, 16.074138992309333 ], [ -96.238844341616584, 16.073957578363935 ], [ -96.238564874239799, 16.073776164129384 ], [ -96.238227414624717, 16.073482237111964 ], [ -96.237211543273943, 16.072473404568132 ], [ -96.236937547020545, 16.072149814926195 ], [ -96.236806155209408, 16.071899189681194 ], [ -96.236674763689066, 16.07164856440173 ], [ -96.236573354688986, 16.071256082055267 ], [ -96.236362896138104, 16.069925748431643 ], [ -96.236152085687181, 16.069465810534396 ], [ -96.235765424611031, 16.069057788560116 ], [ -96.235378765092477, 16.068649766119258 ], [ -96.23448483668038, 16.067943923968507 ], [ -96.231086541133138, 16.065466014363157 ], [ -96.230145999739165, 16.064713833624356 ], [ -96.229650525953033, 16.064197712041246 ], [ -96.22915505469615, 16.063681589688567 ], [ -96.228679956806445, 16.062959138372253 ], [ -96.227453787581538, 16.060619942889748 ], [ -96.226936116410002, 16.05993757894942 ], [ -96.225746477896863, 16.059092408089999 ], [ -96.22456466864098, 16.058567380970008 ], [ -96.220239240672228, 16.056962381720957 ], [ -96.218936439458403, 16.056450996310499 ], [ -96.217182088114484, 16.055669569487112 ], [ -96.215978673406568, 16.055064631930961 ], [ -96.212117132857145, 16.053022989279803 ], [ -96.211019086524701, 16.052399079846147 ], [ -96.209756365005234, 16.051529176626342 ], [ -96.208634507843726, 16.050604658688886 ], [ -96.20795517279916, 16.05009456920801 ], [ -96.207276785863556, 16.049516756306875 ], [ -96.206986994406961, 16.049201399955059 ], [ -96.206313022247869, 16.048307550077173 ], [ -96.206116643292901, 16.048074692399538 ], [ -96.205874177155891, 16.047881873741911 ], [ -96.205724175607614, 16.047839276208926 ], [ -96.205266634343474, 16.047833305911418 ], [ -96.205142682302238, 16.047806288082239 ], [ -96.205082231472034, 16.04774623191712 ], [ -96.205021780677967, 16.047686175740363 ], [ -96.204973016121272, 16.04754160456492 ], [ -96.20486634993307, 16.046987051458899 ], [ -96.204817727353699, 16.046832322035026 ], [ -96.204757607693082, 16.046748563254255 ], [ -96.204697488079773, 16.046664804463973 ], [ -96.204574340313101, 16.046580223026243 ], [ -96.2041198905941, 16.046353026754701 ], [ -96.204012287600705, 16.046283888115621 ], [ -96.20398843846624, 16.046236163004238 ], [ -96.203964589341666, 16.046188437891811 ], [ -96.20400405187263, 16.046121219094566 ], [ -96.204235908279657, 16.045902981396797 ], [ -96.204275370655338, 16.045835762524547 ], [ -96.204251521488445, 16.045788037439273 ], [ -96.204227672331456, 16.045740312352951 ], [ -96.204120069585386, 16.045671173810934 ], [ -96.203665622436574, 16.045443976966148 ], [ -96.203548224570127, 16.045323909848648 ], [ -96.20350151947973, 16.045157351908173 ], [ -96.203454814445337, 16.044990793967553 ], [ -96.203438769115195, 16.04463498128958 ], [ -96.203457299841276, 16.043307637894852 ], [ -96.203494911069441, 16.042871244915116 ], [ -96.203651899540915, 16.042162087648013 ], [ -96.203853170903201, 16.041544833799232 ], [ -96.204552625543229, 16.039603337236098 ], [ -96.204781152124639, 16.039037352844268 ], [ -96.205133549454999, 16.038378156071104 ], [ -96.205408447997314, 16.038002430741845 ], [ -96.206348147938542, 16.036895942610048 ], [ -96.206613658194968, 16.036542670421166 ], [ -96.207193095725259, 16.035422448851026 ], [ -96.207703698646725, 16.033963785770624 ], [ -96.208482637729034, 16.032598927430708 ], [ -96.208756578012043, 16.032290917352334 ], [ -96.209683909057574, 16.031417929529059 ], [ -96.209914981859185, 16.031170320319923 ], [ -96.210065995154466, 16.030887801645264 ], [ -96.210050656128828, 16.030731813041513 ], [ -96.209828061526039, 16.03028638495304 ], [ -96.209791290784466, 16.03016059785622 ], [ -96.2098422880171, 16.030019019532816 ], [ -96.209951911852031, 16.029942551822774 ], [ -96.210412492045236, 16.029727280148837 ], [ -96.210533608670616, 16.029579840552781 ], [ -96.210638239509706, 16.029107061387954 ], [ -96.210666595342232, 16.028579102218142 ], [ -96.210694289763325, 16.026588071761182 ], [ -96.210670690704958, 16.026018795926372 ], [ -96.210601780308082, 16.025686001003351 ], [ -96.210532870050415, 16.025353206085324 ], [ -96.210359583054625, 16.024971639256286 ], [ -96.209688734837428, 16.023856583263129 ], [ -96.209495291226915, 16.023413792941032 ], [ -96.209379345118819, 16.022938143833461 ], [ -96.20926339938076, 16.022462494731798 ], [ -96.209125568795372, 16.021546287695106 ], [ -96.208714253040881, 16.018221953336081 ], [ -96.208560316579607, 16.017330937258908 ], [ -96.208406788397625, 16.016914066766478 ], [ -96.208253260726124, 16.016497196251049 ], [ -96.207968546073644, 16.016197153497394 ], [ -96.206946936152434, 16.015630692626271 ], [ -96.206628594666228, 16.015482612803904 ], [ -96.206396601035195, 16.015420324699445 ], [ -96.206164607587709, 16.015358036366326 ], [ -96.205820110104582, 16.015328149732397 ], [ -96.204676442548049, 16.015313252076616 ], [ -96.204332370282955, 16.015252888271878 ], [ -96.204101368649063, 16.015119489923134 ], [ -96.203870367349907, 16.014986091372684 ], [ -96.203554436024447, 16.014665316925328 ], [ -96.202542099218974, 16.01343516511243 ], [ -96.202364409436868, 16.012994270509427 ], [ -96.202547518745831, 16.012166915680737 ], [ -96.202986789683052, 16.011425873605091 ], [ -96.204853581036005, 16.008795017412272 ], [ -96.205434974524238, 16.008030418263473 ], [ -96.206281379500595, 16.007093157200302 ], [ -96.206909136911918, 16.006518811881826 ], [ -96.208992249970791, 16.004775781696612 ], [ -96.209545345785713, 16.004281737017514 ], [ -96.210043366251526, 16.003719240308946 ], [ -96.210201730063474, 16.003409719686829 ], [ -96.21044274080144, 16.002527787405437 ], [ -96.210569595497148, 16.002217856874733 ], [ -96.210920573693642, 16.00165344653189 ], [ -96.211295115154584, 16.001157075873053 ], [ -96.212691982960678, 15.999405082336821 ], [ -96.213055872228836, 15.998918729201682 ], [ -96.213357168754015, 15.99840108237901 ], [ -96.213423704488051, 15.998147940787543 ], [ -96.213432908830015, 15.997484260575277 ], [ -96.213222192411678, 15.997151319990953 ], [ -96.212725920321134, 15.996706298165002 ], [ -96.212229650459236, 15.996261275523405 ], [ -96.211022459203349, 15.99532271978568 ], [ -96.206381538641338, 15.991832793438933 ], [ -96.205006657262601, 15.990871710493497 ], [ -96.204119013390496, 15.990374167655597 ], [ -96.203231374333313, 15.989876621824848 ], [ -96.202070130726923, 15.989416150666953 ], [ -96.198426296272885, 15.988262347610831 ], [ -96.19745744414034, 15.987941523859295 ], [ -96.197018691447198, 15.987769852869185 ], [ -96.196579939632301, 15.987598181099179 ], [ -96.196295211147756, 15.987428518241458 ], [ -96.195843981813283, 15.986980102502066 ], [ -96.195653201630009, 15.986852305245792 ], [ -96.195433662066776, 15.986778319570611 ], [ -96.195214122698985, 15.986704333696188 ], [ -96.194777647479867, 15.986620742430983 ], [ -96.19317984512243, 15.986378615040717 ], [ -96.192670287532451, 15.986263584976445 ], [ -96.192280219712231, 15.986116248172189 ], [ -96.191890152567069, 15.985968910748587 ], [ -96.191285232719522, 15.985662977374789 ], [ -96.189242422107853, 15.984529954396615 ], [ -96.188585289076741, 15.984203011682313 ], [ -96.188073377141947, 15.984006660893575 ], [ -96.187561466384238, 15.983810309040857 ], [ -96.186755995530916, 15.983576247090452 ], [ -96.184020966321484, 15.982876643881092 ], [ -96.183241829470091, 15.982637834872534 ], [ -96.182791351372174, 15.982430424551659 ], [ -96.182340874330066, 15.982223013431003 ], [ -96.181832932069852, 15.981869221749363 ], [ -96.180363498669152, 15.980633012864359 ], [ -96.17997121775656, 15.980270574935172 ], [ -96.179970150105547, 15.980269229623637 ], [ -96.179966038455674, 15.980265427008709 ], [ -96.179580647358861, 15.979786239402248 ], [ -96.179427547970519, 15.979469271936942 ], [ -96.179098475708756, 15.978469278254618 ], [ -96.178965952250834, 15.978183060538582 ], [ -96.178799612739169, 15.977990096423362 ], [ -96.178567205726026, 15.97782448730835 ], [ -96.177433088945506, 15.977145817831051 ], [ -96.177138558570604, 15.976928592183569 ], [ -96.177126351094785, 15.976911575929226 ], [ -96.177109210085163, 15.976899420348476 ], [ -96.176893016556093, 15.976588396820221 ], [ -96.176849350007515, 15.97633213157758 ], [ -96.176861765458142, 15.975447250661961 ], [ -96.176849458581046, 15.975201557112861 ], [ -96.176814535068303, 15.975070712647844 ], [ -96.176779611587406, 15.974939868183075 ], [ -96.176692137151335, 15.974811720388391 ], [ -96.176353770717341, 15.974475386057033 ], [ -96.176186472649746, 15.974422389483097 ], [ -96.175744113936716, 15.974511406096187 ], [ -96.175279470308766, 15.974691568388337 ], [ -96.173553485552162, 15.975443300017199 ], [ -96.173093018489865, 15.97569971121079 ], [ -96.172881590726675, 15.975922142832962 ], [ -96.172670162488828, 15.97614457416754 ], [ -96.172526549900823, 15.976523682322606 ], [ -96.172279212115328, 15.977847990876237 ], [ -96.17219370859732, 15.978202463000562 ], [ -96.172117870610151, 15.978367410601388 ], [ -96.172042032479752, 15.978532358153158 ], [ -96.171910856044917, 15.978649164807241 ], [ -96.171450375294569, 15.978864366794342 ], [ -96.171317341494259, 15.97911322725372 ], [ -96.171237169525625, 15.979586300936777 ], [ -96.171156996992735, 15.980059374510848 ], [ -96.171060965756851, 15.981162152844695 ], [ -96.170773149413662, 15.985362302460167 ], [ -96.170527518086317, 15.986645987765707 ], [ -96.170098291599615, 15.987541178712531 ], [ -96.169669060745903, 15.98843636811903 ], [ -96.168688317165518, 15.98971036418844 ], [ -96.164969886017701, 15.993865247521347 ], [ -96.163958582417351, 15.995067690887096 ], [ -96.163458134680681, 15.995795976654206 ], [ -96.162957683056732, 15.996524260624296 ], [ -96.162539137528086, 15.997402635733613 ], [ -96.16158681542926, 16.00004514883371 ], [ -96.161147106967846, 16.000933399070334 ], [ -96.16059728770972, 16.001684727576539 ], [ -96.160047464090127, 16.002436053961869 ], [ -96.158916245560874, 16.003694447794537 ], [ -96.154736767196169, 16.00806423432304 ], [ -96.153616848691797, 16.009261781314866 ], [ -96.153093498377842, 16.00987119721453 ], [ -96.152570144782516, 16.010480611291182 ], [ -96.152194781701454, 16.0110242560336 ], [ -96.151489792905139, 16.012342436877869 ], [ -96.151305629430937, 16.012736221321241 ], [ -96.151228412023215, 16.012995962422568 ], [ -96.151151194361944, 16.013255703458192 ], [ -96.151114736818798, 16.013604036567024 ], [ -96.151099036556076, 16.014710109019351 ], [ -96.151073801765762, 16.015007792448266 ], [ -96.151022771030455, 16.015149350910473 ], [ -96.150971740207837, 16.015290909347236 ], [ -96.150851172793239, 16.015397678573965 ], [ -96.150390586107648, 16.015612817427542 ], [ -96.150270306702865, 16.015699270644262 ], [ -96.15021994832378, 16.015793425725725 ], [ -96.150169589891746, 16.015887580786966 ], [ -96.150145988160887, 16.016070142121603 ], [ -96.150136563421228, 16.016733784894775 ], [ -96.15010217024988, 16.016936522259684 ], [ -96.150026631935845, 16.01707775470614 ], [ -96.149951093502708, 16.017218987107093 ], [ -96.149769662521976, 16.017419770786443 ], [ -96.149074058901661, 16.018074294713948 ], [ -96.148881979198478, 16.018285095556312 ], [ -96.14878159627915, 16.018449703090152 ], [ -96.1486812131796, 16.018614310548042 ], [ -96.148586484383387, 16.018873816967787 ], [ -96.148345181455269, 16.019755631707064 ], [ -96.14828195984451, 16.020015556723077 ], [ -96.148255095003066, 16.020181141254469 ], [ -96.148228230094105, 16.02034672577307 ], [ -96.148214695047187, 16.020559899435177 ], [ -96.148205261140305, 16.021223540811256 ], [ -96.148254454274309, 16.02145786793378 ], [ -96.148373955504468, 16.021672810525047 ], [ -96.148493456962726, 16.02188775308738 ], [ -96.148785697076349, 16.022267547413893 ], [ -96.149910489860858, 16.023610033659264 ], [ -96.150222875043269, 16.024051052747691 ], [ -96.150389373356674, 16.024408855231215 ], [ -96.150555872176881, 16.024766657671048 ], [ -96.150719196667964, 16.025347931543017 ], [ -96.151148382459581, 16.027344938248934 ], [ -96.151291136002726, 16.027895459652605 ], [ -96.151409633307992, 16.028181506168753 ], [ -96.151528130892558, 16.028467552667355 ], [ -96.15172394143643, 16.028734306907609 ], [ -96.152400731155154, 16.02940706618126 ], [ -96.152554963114667, 16.02964278846715 ], [ -96.152576441457924, 16.029856427936231 ], [ -96.152597919808017, 16.030070067406836 ], [ -96.152505053876524, 16.030444743562967 ], [ -96.152028718199105, 16.031765952001681 ], [ -96.151840885769829, 16.032169844844237 ], [ -96.151640779822287, 16.032451657727545 ], [ -96.151440673275061, 16.032733470326267 ], [ -96.151056772983239, 16.033134756191384 ], [ -96.149665441240415, 16.034443791409071 ], [ -96.14932427075847, 16.034794842932687 ], [ -96.149223877542795, 16.034959449172643 ], [ -96.149123484146742, 16.035124055336606 ], [ -96.149177817686493, 16.03524330787867 ], [ -96.149632161955921, 16.035470607035304 ], [ -96.149750095463247, 16.035550066624136 ], [ -96.149798101184643, 16.035621822992567 ], [ -96.149846106937886, 16.035693579355367 ], [ -96.149865332604719, 16.035819137997585 ], [ -96.149859040711874, 16.036261565597851 ], [ -96.149914812534348, 16.036402849862334 ], [ -96.150048092899127, 16.036511299308962 ], [ -96.150181373412565, 16.036619748694946 ], [ -96.150506403307389, 16.036788319562095 ], [ -96.151756653162622, 16.037358081170094 ], [ -96.152376223916093, 16.037500085354946 ], [ -96.153196762279407, 16.037546547321831 ], [ -96.154017301564934, 16.037593006203235 ], [ -96.155742128359648, 16.037583735652191 ], [ -96.162150254949808, 16.037447442345698 ], [ -96.163874803880219, 16.037458421766708 ], [ -96.164694681646651, 16.037552243602256 ], [ -96.165514560714314, 16.037646062418979 ], [ -96.166132520917074, 16.037903151556964 ], [ -96.16737658306424, 16.038915264331525 ], [ -96.167710368465947, 16.039209231985112 ], [ -96.167867166261033, 16.039389101679081 ], [ -96.168023964330018, 16.039568971300753 ], [ -96.168138172360258, 16.039788917249094 ], [ -96.168357547318308, 16.040455592518516 ], [ -96.168345707333032, 16.0406738724459 ], [ -96.168208392701118, 16.040849854557358 ], [ -96.16807107781618, 16.041025836539376 ], [ -96.167690589096608, 16.041310361738716 ], [ -96.166189596914251, 16.042286174354256 ], [ -96.1657044931587, 16.042538831866501 ], [ -96.165323084431733, 16.042640463157859 ], [ -96.164941675425169, 16.042742093706028 ], [ -96.164337040543728, 16.042779809873114 ], [ -96.16227823191754, 16.042752546641623 ], [ -96.161625825556058, 16.042825181446407 ], [ -96.161132946628953, 16.04300829934472 ], [ -96.160640066965968, 16.043191415959384 ], [ -96.15988424423378, 16.043641972322618 ], [ -96.15734280665086, 16.045378314492766 ], [ -96.156481494500312, 16.045857935516445 ], [ -96.155742496496501, 16.046108889511718 ], [ -96.155003497023756, 16.046359840649355 ], [ -96.153753385886489, 16.046597223866527 ], [ -96.149397528031216, 16.04720305754957 ], [ -96.148221807961889, 16.047380438698188 ], [ -96.147656393248496, 16.047491438299367 ], [ -96.147090978155035, 16.047602436303084 ], [ -96.146651227514596, 16.047742199518758 ], [ -96.145729886501258, 16.048172431324772 ], [ -96.145460920279632, 16.048492261970537 ], [ -96.145294003188084, 16.049023418766676 ], [ -96.145127084988232, 16.049554575266132 ], [ -96.144919141264921, 16.050752334841849 ], [ -96.14428254713566, 16.055279561957967 ], [ -96.144126240296771, 16.056538965387123 ], [ -96.14407983493696, 16.057213962258583 ], [ -96.144033428871197, 16.057888959032137 ], [ -96.144057150589518, 16.058558118419363 ], [ -96.144260665643856, 16.060330868900262 ], [ -96.144265551843077, 16.060847382378793 ], [ -96.144175194902147, 16.061166205147885 ], [ -96.144084837591507, 16.061485027823867 ], [ -96.143821787400796, 16.061879435996122 ], [ -96.142774927117188, 16.063082357824772 ], [ -96.142428557277739, 16.063424852792718 ], [ -96.14185903156239, 16.063820244086916 ], [ -96.141752254589349, 16.063817124447855 ], [ -96.140833988319372, 16.064026109409756 ], [ -96.140525970171723, 16.064135442060621 ], [ -96.14000681832843, 16.064436677798994 ], [ -96.139313629073982, 16.064907169413623 ], [ -96.138744093895056, 16.065302550674808 ], [ -96.13806873373639, 16.065954455086889 ], [ -96.137350801755304, 16.066847923707282 ], [ -96.137043383667688, 16.067404279880456 ], [ -96.136655681581885, 16.068797725657134 ], [ -96.136409236681743, 16.070232006069528 ], [ -96.135646827716286, 16.075531862917099 ], [ -96.135400504655323, 16.076955981248638 ], [ -96.135024237996063, 16.07828184152017 ], [ -96.135014809738237, 16.078297256275484 ], [ -96.135013441043256, 16.078302015942565 ], [ -96.13470681910762, 16.078800804580027 ], [ -96.133662978197989, 16.079782447066762 ], [ -96.133297395467523, 16.079995975023095 ], [ -96.132738898861831, 16.080115102716071 ], [ -96.131869134120606, 16.080045306780043 ], [ -96.130627812989587, 16.079531656656865 ], [ -96.130097391129198, 16.079261444729305 ], [ -96.129676344598522, 16.078895324075983 ], [ -96.129063821362635, 16.078183763319441 ], [ -96.128531503319067, 16.077565375954514 ], [ -96.12912756495912, 16.075795151544558 ], [ -96.129889753518285, 16.073597262917232 ], [ -96.132394178699059, 16.066093739825014 ], [ -96.133990993408744, 16.061351410865495 ], [ -96.1324683846222, 16.055332002826546 ], [ -96.130953611788229, 16.049343573064046 ], [ -96.127770747658673, 16.036760591737742 ], [ -96.124954852517803, 16.025628367887762 ], [ -96.124615886833809, 16.01702784771447 ], [ -96.124125400717588, 16.004582824703377 ], [ -96.123177187210445, 15.980523960394079 ], [ -96.122687013274643, 15.968086858285297 ], [ -96.122324636013857, 15.958892320050648 ], [ -96.116174908348228, 15.955641305196377 ], [ -96.106668557229952, 15.95061583246396 ], [ -96.103950133181428, 15.949178754687109 ], [ -96.1012955212544, 15.947775410786972 ], [ -96.099793064261064, 15.946981146346529 ], [ -96.099995239763345, 15.946417168417476 ], [ -96.100447767137211, 15.94561728359707 ], [ -96.101069044419503, 15.944765485162737 ], [ -96.103515764206023, 15.94159028644604 ], [ -96.104215824464887, 15.940734454318196 ], [ -96.105036097722234, 15.939915792312819 ], [ -96.105507860497369, 15.939602109020711 ], [ -96.106889146283606, 15.938956911970767 ], [ -96.107301052135242, 15.938789732112451 ], [ -96.107841997997127, 15.938654761884036 ], [ -96.10820287244421, 15.938629127371158 ], [ -96.109346008395747, 15.938644467101719 ], [ -96.109691354115796, 15.938603382522572 ], [ -96.110159830270021, 15.938396317708511 ], [ -96.11048373556514, 15.938141595367611 ], [ -96.111526811809028, 15.937159952505707 ], [ -96.111798513708337, 15.936884208849895 ], [ -96.11202338536728, 15.936579051905362 ], [ -96.112072929248157, 15.936418857447674 ], [ -96.112079262683849, 15.935976440459328 ], [ -96.112149947836869, 15.935806369789359 ], [ -96.112473477870935, 15.935455123249264 ], [ -96.112864977529242, 15.935123412392299 ], [ -96.114368436116465, 15.93392666711077 ], [ -96.114775313694679, 15.933620556469869 ], [ -96.115170627118317, 15.933388793128749 ], [ -96.115328483991533, 15.93336381401199 ], [ -96.115669836767125, 15.933479008385795 ], [ -96.115763399025354, 15.933544604089043 ], [ -96.115811034457451, 15.93364006368547 ], [ -96.115858669928571, 15.933735523278061 ], [ -96.115901208949708, 15.933942669301913 ], [ -96.116004453552478, 15.934718431586852 ], [ -96.116094451832154, 15.934910973465232 ], [ -96.116252825513484, 15.934972356623531 ], [ -96.116411199308573, 15.93503373968087 ], [ -96.116773697338076, 15.935016577593238 ], [ -96.118148606291697, 15.934813716267689 ], [ -96.118564755242872, 15.934715992257258 ], [ -96.119131869937618, 15.934462814910237 ], [ -96.119525895939219, 15.934198851754221 ], [ -96.120797535497729, 15.933220208431141 ], [ -96.121160782910621, 15.932905034833746 ], [ -96.121584303856437, 15.932412873154471 ], [ -96.121826086451847, 15.932024958954127 ], [ -96.122530879308115, 15.930706852682377 ], [ -96.122788766509217, 15.930293752825374 ], [ -96.123287451624265, 15.929684061150546 ], [ -96.123741970941694, 15.929226172203936 ], [ -96.125364363021546, 15.927699039822885 ], [ -96.125776592838548, 15.927260900438936 ], [ -96.126077953726522, 15.926743391929469 ], [ -96.126096240898178, 15.926442234362039 ], [ -96.125880221942623, 15.925554341333367 ], [ -96.125808338962131, 15.925318019217938 ], [ -96.125748621144879, 15.925210547448113 ], [ -96.125688903384159, 15.925103075671263 ], [ -96.125590164066864, 15.925032335548694 ], [ -96.125248816314325, 15.924917158250153 ], [ -96.125096576625097, 15.924916821781542 ], [ -96.124912024359645, 15.924973625357168 ], [ -96.124727472015152, 15.925030428757237 ], [ -96.12435241895146, 15.925193060355095 ], [ -96.12297127147805, 15.925838394979706 ], [ -96.122473827759151, 15.926116224723373 ], [ -96.122003700785356, 15.926441829036564 ], [ -96.121533572380628, 15.926767432064636 ], [ -96.120687790707763, 15.927419896077195 ], [ -96.117681026507142, 15.92981349099713 ], [ -96.116888725485623, 15.930395534538238 ], [ -96.116543425819273, 15.930556854674025 ], [ -96.116198125674799, 15.930718174162623 ], [ -96.116003859457606, 15.930597047396699 ], [ -96.115787885509846, 15.929709151123307 ], [ -96.115689552145696, 15.929487712630696 ], [ -96.115568094290879, 15.929414970902222 ], [ -96.115446636531189, 15.929342229119248 ], [ -96.115197947449246, 15.929355833786394 ], [ -96.114280313023315, 15.929564803308992 ], [ -96.113937289192791, 15.929566984120912 ], [ -96.113595718150748, 15.929467588856685 ], [ -96.11325414753253, 15.929368193105194 ], [ -96.112621256375746, 15.929082024258349 ], [ -96.110350922368369, 15.927945349803135 ], [ -96.109728684023509, 15.927649157020406 ], [ -96.10941195316741, 15.927526383483784 ], [ -96.109095222766243, 15.927403609543674 ], [ -96.108812514882402, 15.927349021200563 ], [ -96.10812667184905, 15.927339822735565 ], [ -96.107959292486996, 15.927296939702053 ], [ -96.107911662050654, 15.927201479180498 ], [ -96.107864031653293, 15.927106018655129 ], [ -96.107895323931999, 15.926876157419118 ], [ -96.108136613638564, 15.925994392293072 ], [ -96.108278638358186, 15.925730457945203 ], [ -96.108700131477661, 15.92538052920812 ], [ -96.109160239330279, 15.925144564505826 ], [ -96.110885910427513, 15.924393315569887 ], [ -96.111304314921924, 15.924136467801846 ], [ -96.111531204067404, 15.923689103279919 ], [ -96.111436927958508, 15.923306859724221 ], [ -96.110770088970398, 15.921970420787479 ], [ -96.110602333362252, 15.921587192751923 ], [ -96.110544320846969, 15.921361213699168 ], [ -96.110486308419794, 15.921135234648158 ], [ -96.110488313602104, 15.920872808275877 ], [ -96.110613694955092, 15.920100109801472 ], [ -96.110761789000222, 15.919900597280471 ], [ -96.111327513690512, 15.91974223650084 ], [ -96.111987598192044, 15.919715517722761 ], [ -96.114502271889307, 15.919749174120454 ] ] ] ] } },
{ "type": "Feature", "properties": { "fid": 15.0, "cat": 15, "CLAVE_ACUI": "2011", "NOM_ACUIF": "HUATULCO", "VULNERABIL": 2 }, "geometry": { "type": "MultiPolygon", "coordinates": [ [ [ [ -96.405926705953192, 15.932700434174079 ], [ -96.405814065037688, 15.933020863142874 ], [ -96.405785602108608, 15.933328756264229 ], [ -96.405757139018689, 15.933636649361056 ], [ -96.405788457354419, 15.934195915088107 ], [ -96.405991536558787, 15.936190035700744 ], [ -96.406028431743962, 15.936723964519022 ], [ -96.406012980564597, 15.936972738091033 ], [ -96.405997529298617, 15.937221511651142 ], [ -96.405916487648582, 15.937398364404977 ], [ -96.405569195254088, 15.93772612970568 ], [ -96.405394168728762, 15.937861204240505 ], [ -96.405159419806225, 15.938012495506849 ], [ -96.404924670553726, 15.938163786462994 ], [ -96.404428984444721, 15.938460971236987 ], [ -96.402585270489112, 15.939545240611167 ], [ -96.402074023075272, 15.939826989031689 ], [ -96.401802974775407, 15.939942272766466 ], [ -96.401531926208989, 15.940057556112718 ], [ -96.401268750569116, 15.940105190165399 ], [ -96.400582695341384, 15.940096914951001 ], [ -96.400298517923446, 15.940144294418134 ], [ -96.399978464559339, 15.940258984397303 ], [ -96.399658410895981, 15.940373673845269 ], [ -96.399028148473349, 15.94065397781408 ], [ -96.396727018441524, 15.941732667643345 ], [ -96.396011560944842, 15.942103386052333 ], [ -96.395492730592395, 15.942429058292086 ], [ -96.394973898677407, 15.942754729022489 ], [ -96.394206980051521, 15.943314500050878 ], [ -96.391665663537637, 15.945275402656009 ], [ -96.390909885261848, 15.945784486616329 ], [ -96.390417074749251, 15.945991908417364 ], [ -96.389924263367149, 15.94619932893467 ], [ -96.38927201323051, 15.946282877866659 ], [ -96.387213805479419, 15.946257921772576 ], [ -96.386631326523471, 15.946225451870523 ], [ -96.386301311931419, 15.946162172427709 ], [ -96.385971297624295, 15.946098892509253 ], [ -96.38561087829855, 15.945950564193126 ], [ -96.384588953453886, 15.945384923457862 ], [ -96.384313071657232, 15.945196973828583 ], [ -96.384047544799643, 15.94488551860737 ], [ -96.3839441022388, 15.944628532430759 ], [ -96.38372689746673, 15.943740718958017 ], [ -96.383718490807198, 15.943444241086045 ], [ -96.38389646306095, 15.942948490974111 ], [ -96.384159114851968, 15.942536753982957 ], [ -96.385206842104139, 15.941111060439207 ], [ -96.385616103880551, 15.940731584459412 ], [ -96.386489168547357, 15.940356039997456 ], [ -96.387300682055866, 15.940272734629879 ], [ -96.390276424650892, 15.940087501385463 ], [ -96.391145626237645, 15.940009960559989 ], [ -96.392226156432812, 15.939833358631393 ], [ -96.392900568779197, 15.939658612109946 ], [ -96.3949672906042, 15.93901972048303 ], [ -96.395722684360933, 15.938673197140949 ], [ -96.397181131535746, 15.937694985765392 ], [ -96.398509224264799, 15.936644058081303 ], [ -96.403248441827898, 15.932717866805861 ], [ -96.404502380921826, 15.931711726898927 ], [ -96.405614983668897, 15.930942675086033 ], [ -96.405950487206582, 15.930850176919611 ], [ -96.406403573476993, 15.931187574459278 ], [ -96.406499945550195, 15.931315754116186 ], [ -96.406498270095597, 15.931446141435238 ], [ -96.406496594625466, 15.931576528752556 ], [ -96.406395435176009, 15.931820884237327 ], [ -96.405926705953192, 15.932700434174079 ] ] ] ] } },
{ "type": "Feature", "properties": { "fid": 16.0, "cat": 17, "CLAVE_ACUI": "2011", "NOM_ACUIF": "HUATULCO", "VULNERABIL": 2 }, "geometry": { "type": "MultiPolygon", "coordinates": [ [ [ [ -96.192947676716727, 15.894576927920207 ], [ -96.193166298073649, 15.89471015713697 ], [ -96.193331825572216, 15.894886723486191 ], [ -96.193667045090848, 15.895444241450457 ], [ -96.193696186519645, 15.895613955507022 ], [ -96.193596572833513, 15.895731196018753 ], [ -96.193496959027968, 15.895848436464766 ], [ -96.193183206485941, 15.896013694743573 ], [ -96.191918252281496, 15.896550414071278 ], [ -96.19150386154314, 15.89678040174535 ], [ -96.191169428036105, 15.897048682098664 ], [ -96.190834993668503, 15.897316961784531 ], [ -96.190293857142123, 15.897853487694299 ], [ -96.188437401026604, 15.899820703425513 ], [ -96.187859158917135, 15.90038213823842 ], [ -96.187438165596063, 15.900708550901982 ], [ -96.187017170964566, 15.901034962515604 ], [ -96.186392574089396, 15.901406133731113 ], [ -96.184319767832335, 15.902485430017585 ], [ -96.183769631956139, 15.90278644292688 ], [ -96.183522390428266, 15.90294916515195 ], [ -96.183275148528111, 15.903111887027034 ], [ -96.183118880543077, 15.903275795552306 ], [ -96.18288411358462, 15.903715258488525 ], [ -96.182717772378567, 15.903848555039433 ], [ -96.182447026585791, 15.903939848717632 ], [ -96.18217628059962, 15.904031142015597 ], [ -96.181569061888823, 15.904158682582295 ], [ -96.179276863594481, 15.90457127011581 ], [ -96.178655385706193, 15.904591935547884 ], [ -96.178351371770773, 15.90443386873268 ], [ -96.178047358364083, 15.904275801563616 ], [ -96.177800226471732, 15.903803517597133 ], [ -96.177254974851337, 15.901915660585123 ], [ -96.177134093131741, 15.901424706952001 ], [ -96.177085886221036, 15.900992276785164 ], [ -96.177150474514221, 15.900877974535531 ], [ -96.177494915739032, 15.900771846140838 ], [ -96.177594612213866, 15.900774842652513 ], [ -96.17771542145978, 15.900894955110836 ], [ -96.177788309699153, 15.901063547857941 ], [ -96.178007646155407, 15.901730201565274 ], [ -96.178136329372748, 15.901913070180152 ], [ -96.178356433907268, 15.901939653417854 ], [ -96.178600864658307, 15.901853100890348 ], [ -96.17952143483582, 15.901422603207642 ], [ -96.179851398279766, 15.901225406156012 ], [ -96.180470657813146, 15.900735652325441 ], [ -96.181025349026939, 15.90023319995875 ], [ -96.182994628385117, 15.89837816282826 ], [ -96.183491786974841, 15.897859711588261 ], [ -96.183842601606457, 15.897295323678652 ], [ -96.18384660890311, 15.897007507811908 ], [ -96.183514497579225, 15.896228755474862 ], [ -96.183480705951737, 15.896016647120787 ], [ -96.183655121490077, 15.895805560437992 ], [ -96.18393807797942, 15.895716116035478 ], [ -96.185084125481225, 15.895509791701199 ], [ -96.185472259698841, 15.895406475736698 ], [ -96.186137505091381, 15.895130661404647 ], [ -96.18669972045528, 15.894839956070363 ], [ -96.188658136218962, 15.893759134031502 ], [ -96.189246021865571, 15.893509395376904 ], [ -96.190031083817928, 15.893424781465411 ], [ -96.190564717052069, 15.893553643638757 ], [ -96.192269951825239, 15.894239609082586 ], [ -96.192729055671137, 15.894443698526805 ], [ -96.192947676716727, 15.894576927920207 ] ] ] ] } },
{ "type": "Feature", "properties": { "fid": 17.0, "cat": 19, "CLAVE_ACUI": "2011", "NOM_ACUIF": "HUATULCO", "VULNERABIL": 2 }, "geometry": { "type": "MultiPolygon", "coordinates": [ [ [ [ -96.27722475391019, 15.863327596776346 ], [ -96.277480309437806, 15.863449354394122 ], [ -96.277929513816261, 15.863742893931832 ], [ -96.279514700619387, 15.864869224788482 ], [ -96.280074391276457, 15.865143828286836 ], [ -96.280587737537786, 15.86522140625179 ], [ -96.281101084390983, 15.865298983058132 ], [ -96.282008096873994, 15.865246026969471 ], [ -96.285214124237115, 15.864843716501413 ], [ -96.286084740640248, 15.864764884106416 ], [ -96.286941593353632, 15.864799338124879 ], [ -96.287295052790185, 15.864927393184804 ], [ -96.288087679740656, 15.865490530117567 ], [ -96.288293653451689, 15.865657378549223 ], [ -96.288377943956917, 15.865765123757809 ], [ -96.288462234547836, 15.865872868946548 ], [ -96.28849709070542, 15.866013864063785 ], [ -96.288491171356682, 15.86645635091617 ], [ -96.288346642975725, 15.866666223693798 ], [ -96.288012369203642, 15.866934682949283 ], [ -96.287678094571632, 15.867203141543568 ], [ -96.286867550495813, 15.867760291193346 ], [ -96.283753525832239, 15.869823373177244 ], [ -96.282807600685587, 15.870297517972295 ], [ -96.282157472296291, 15.870372330122127 ], [ -96.281507343747677, 15.870447140239813 ], [ -96.28059576481327, 15.870186742702305 ], [ -96.277642014457399, 15.868821916026214 ], [ -96.276715593426886, 15.868495272140624 ], [ -96.275346020471105, 15.868335776448372 ], [ -96.274315905512523, 15.868434568022245 ], [ -96.270878265709797, 15.869055060892098 ], [ -96.269889311400462, 15.869215313970528 ], [ -96.269300574889769, 15.869279007815807 ], [ -96.268711838273703, 15.869342699998127 ], [ -96.268018689011228, 15.869364429107554 ], [ -96.265961468148433, 15.869338437784767 ], [ -96.265400274203358, 15.869305942479887 ], [ -96.265119431105376, 15.869243121443951 ], [ -96.264838588239684, 15.869180300069964 ], [ -96.26459737362606, 15.869033307249399 ], [ -96.264033392716712, 15.868472983372682 ], [ -96.263903278508351, 15.868261350752295 ], [ -96.263881668205343, 15.868047703549804 ], [ -96.263860057910506, 15.867834056348583 ], [ -96.263928427858758, 15.867435268360198 ], [ -96.264290704106699, 15.866001551187974 ], [ -96.264632305769382, 15.865580815615846 ], [ -96.265864171361713, 15.865051096185457 ], [ -96.267282376187822, 15.864715081826667 ], [ -96.272668782686225, 15.863676652302999 ], [ -96.274107077347935, 15.863406888011653 ], [ -96.275432732104349, 15.863186499126284 ], [ -96.275888231863263, 15.863141429961971 ], [ -96.276688243948726, 15.863151499504115 ], [ -96.27696919872821, 15.863205838903225 ], [ -96.27722475391019, 15.863327596776346 ] ] ] ] } },
{ "type": "Feature", "properties": { "fid": 18.0, "cat": 16, "CLAVE_ACUI": "2011", "NOM_ACUIF": "HUATULCO", "VULNERABIL": 2 }, "geometry": { "type": "MultiPolygon", "coordinates": [ [ [ [ -96.127553386157516, 15.874542583232991 ], [ -96.129273622843684, 15.874138722011661 ], [ -96.130384283293452, 15.873540497245207 ], [ -96.133847084779703, 15.871152609737569 ], [ -96.134811076614156, 15.870532094448626 ], [ -96.135846947643088, 15.870024282553794 ], [ -96.136362775953373, 15.869919355666701 ], [ -96.137734107546265, 15.869937507041385 ], [ -96.138132626557308, 15.869963099787336 ], [ -96.138376838035271, 15.870013742955249 ], [ -96.138621049681703, 15.870064385866891 ], [ -96.138920278147197, 15.870183487827148 ], [ -96.139828256893878, 15.870638009596881 ], [ -96.140152219094276, 15.870864114439655 ], [ -96.140454140771865, 15.871164432280223 ], [ -96.140756063341669, 15.871464749838566 ], [ -96.141294737896885, 15.872096695181229 ], [ -96.143204731896574, 15.874445132624022 ], [ -96.143709357534917, 15.875259500078162 ], [ -96.143931808288684, 15.875985475131895 ], [ -96.144154260223601, 15.876711450175653 ], [ -96.144285206944446, 15.877971297679121 ], [ -96.144451380221142, 15.882398635640989 ], [ -96.14461452967673, 15.883608109918994 ], [ -96.144912129134781, 15.884216547639125 ], [ -96.145209730136003, 15.884824985212328 ], [ -96.14589686962475, 15.885353902765376 ], [ -96.148508338529439, 15.886605293690526 ], [ -96.149245515169511, 15.886936746909992 ], [ -96.149659848980306, 15.887084449821456 ], [ -96.15007418351675, 15.887232152034503 ], [ -96.150520816924285, 15.88732270721731 ], [ -96.151776437774785, 15.887449890361646 ], [ -96.152164988044632, 15.887565076257342 ], [ -96.152443794476653, 15.887770253721648 ], [ -96.152722601501281, 15.887975430914706 ], [ -96.153130642981907, 15.888446466085062 ], [ -96.154477235344842, 15.890234273315935 ], [ -96.154836695702215, 15.890801185071737 ], [ -96.155158437829101, 15.891899707763841 ], [ -96.155313738113307, 15.892687021176888 ], [ -96.155357487322973, 15.893177766114789 ], [ -96.155478273363215, 15.894532650883351 ], [ -96.155550508591503, 15.895119486302518 ], [ -96.155620317081585, 15.895381174872329 ], [ -96.15569012569749, 15.895642863443493 ], [ -96.155817343533982, 15.895803709602889 ], [ -96.156271410053805, 15.896030947387274 ], [ -96.156456144731393, 15.896207790342746 ], [ -96.156660159105869, 15.896506805181536 ], [ -96.15686417404099, 15.896805819918505 ], [ -96.157262340144854, 15.897483304733706 ], [ -96.158712437904555, 15.90004686860604 ], [ -96.15917373810619, 15.900715022510139 ], [ -96.159525047102065, 15.900992267351477 ], [ -96.15987635709601, 15.901269511771115 ], [ -96.160418796650589, 15.901393484761067 ], [ -96.162247561724513, 15.901417527768816 ], [ -96.162765686446576, 15.901404017025149 ], [ -96.163354834700399, 15.901316932227498 ], [ -96.163678349976877, 15.901206036722819 ], [ -96.164598937757177, 15.900775607410452 ], [ -96.164902170377516, 15.900613643953106 ], [ -96.165396669321012, 15.900288245729639 ], [ -96.165799863148578, 15.899985354199341 ], [ -96.167716929476313, 15.898535060390108 ], [ -96.168803212604729, 15.897932935119634 ], [ -96.169825041487485, 15.897434944839192 ], [ -96.173507263636864, 15.895713074947283 ], [ -96.174518717946214, 15.895204763152886 ], [ -96.175556645210875, 15.894554552119837 ], [ -96.176027946309333, 15.894133994602655 ], [ -96.177189418522175, 15.892821602234124 ], [ -96.177501848799835, 15.892500564387849 ], [ -96.177798393643485, 15.892314785201991 ], [ -96.177909599767446, 15.892370424699109 ], [ -96.178132017658484, 15.89281585512159 ], [ -96.178212199833609, 15.892911897773011 ], [ -96.178387456990237, 15.892942805243292 ], [ -96.178547574023909, 15.892878856503479 ], [ -96.179123674288149, 15.892554486222318 ], [ -96.179245283046129, 15.892617034287762 ], [ -96.17923669110678, 15.893233296637916 ], [ -96.178604033892483, 15.897027137298814 ], [ -96.17831602738049, 15.89806364675797 ], [ -96.178136313297742, 15.898653965681595 ], [ -96.178050141013529, 15.898685012993212 ], [ -96.177827719089706, 15.898239581682281 ], [ -96.177737928734672, 15.898153741550166 ], [ -96.177541328449649, 15.89819858551312 ], [ -96.177350260957056, 15.898348488286816 ], [ -96.176655210254793, 15.899003188894801 ], [ -96.176411373928346, 15.89917272067728 ], [ -96.176189949131327, 15.899240945264367 ], [ -96.175968524219996, 15.899309169599503 ], [ -96.175579718453719, 15.89933456453201 ], [ -96.174208142593542, 15.899316620633666 ], [ -96.173756072749271, 15.899361504308816 ], [ -96.173387030284289, 15.899475206969903 ], [ -96.173017987501865, 15.899588908931026 ], [ -96.17241564865337, 15.899868888169742 ], [ -96.170342808080875, 15.900948040692731 ], [ -96.169750248342226, 15.901278939157347 ], [ -96.169404034686494, 15.901511465989016 ], [ -96.169057820283243, 15.901743992131054 ], [ -96.168661197484255, 15.902077455908492 ], [ -96.167502713395578, 15.903168563833189 ], [ -96.167000973985907, 15.90351080447609 ], [ -96.166409493627725, 15.903763813214864 ], [ -96.165818012013204, 15.904016820084955 ], [ -96.164629804157528, 15.904397453923368 ], [ -96.160267774311421, 15.905667675012868 ], [ -96.159128143556629, 15.905952395778879 ], [ -96.158650032519205, 15.905981662460523 ], [ -96.158171921526659, 15.906010928058995 ], [ -96.157945523101517, 15.905809830265348 ], [ -96.157845219125505, 15.904812844266139 ], [ -96.157736001575756, 15.904491371014579 ], [ -96.157414633846216, 15.904075665766547 ], [ -96.155555160165591, 15.902750714697735 ], [ -96.155136221833473, 15.902430240011348 ], [ -96.15465304516924, 15.901949747483695 ], [ -96.15406633372605, 15.90136629129448 ], [ -96.153867496800672, 15.901072422095384 ], [ -96.153422765707703, 15.900181526143484 ], [ -96.153308046367471, 15.899878605778337 ], [ -96.153217418620997, 15.899355873576923 ], [ -96.153202669428524, 15.898912033659402 ], [ -96.153224466005966, 15.897363512750273 ], [ -96.153209287273, 15.896950146594165 ], [ -96.153162972711058, 15.896759886094891 ], [ -96.153116658206883, 15.896569625596976 ], [ -96.152999509900241, 15.896439390298237 ], [ -96.15254544742281, 15.896212146082933 ], [ -96.152417803325051, 15.896081772174375 ], [ -96.152346998064402, 15.895891188733138 ], [ -96.152276192910108, 15.895700605287518 ], [ -96.152201536414623, 15.895286455123243 ], [ -96.151994750281133, 15.89373492133034 ], [ -96.151779467817065, 15.893242718435767 ], [ -96.151380535847636, 15.892870011510027 ], [ -96.150981605358965, 15.892497304075563 ], [ -96.150057088367561, 15.891924626703231 ], [ -96.146540579458232, 15.889997519563185 ], [ -96.145537297141445, 15.889428865915676 ], [ -96.144954538707765, 15.889065574250308 ], [ -96.144371782530527, 15.888702281343123 ], [ -96.143710041471749, 15.888232958919875 ], [ -96.141787443263894, 15.886769367462298 ], [ -96.141289762510326, 15.886205691761962 ], [ -96.14108979835909, 15.885622248041086 ], [ -96.140889835099983, 15.885038804296704 ], [ -96.140816188476066, 15.883935498521707 ], [ -96.140872419793766, 15.879953624754238 ], [ -96.140820191278152, 15.878820122922352 ], [ -96.140670214364604, 15.878166222716107 ], [ -96.140520238068916, 15.877512322530301 ], [ -96.14014396447061, 15.876777537891934 ], [ -96.138687989942085, 15.874656340117102 ], [ -96.138277802241589, 15.874093820459015 ], [ -96.138048676660361, 15.873841874935692 ], [ -96.137819551637548, 15.87358992925787 ], [ -96.137575094141894, 15.87343260452456 ], [ -96.136892542888987, 15.873202312854595 ], [ -96.136629544444816, 15.873242856155112 ], [ -96.136357156074439, 15.873452603289085 ], [ -96.136084767161279, 15.873662349983038 ], [ -96.135569509919875, 15.8742210824024 ], [ -96.133709729483741, 15.87640899362288 ], [ -96.13312012913083, 15.877027690547031 ], [ -96.132674296753819, 15.877377367236909 ], [ -96.132228462890453, 15.877727042742491 ], [ -96.131544255466267, 15.878107420069471 ], [ -96.129242944477426, 15.879183147543195 ], [ -96.128602293327745, 15.879452336175301 ], [ -96.128258102413511, 15.879542587518552 ], [ -96.127913911281453, 15.87963283826169 ], [ -96.127571160841129, 15.879621511155824 ], [ -96.126660043020536, 15.879388148572296 ], [ -96.126371067118754, 15.87928609769156 ], [ -96.126152348301673, 15.879164661196995 ], [ -96.125933629773485, 15.87904322452294 ], [ -96.1255976956095, 15.878798313688453 ], [ -96.124467445801429, 15.877898267440299 ], [ -96.124016212911371, 15.877641661517808 ], [ -96.123528458552641, 15.877492938097888 ], [ -96.123040705086296, 15.877344213692556 ], [ -96.122098356231902, 15.877175891517631 ], [ -96.118676249614211, 15.876687806962057 ], [ -96.117781066154137, 15.876525175226529 ], [ -96.117025635715933, 15.876254341567023 ], [ -96.116665674421412, 15.875855012081631 ], [ -96.11606762587104, 15.874442759922585 ], [ -96.115777817687857, 15.874154427101319 ], [ -96.115520486197539, 15.874042626112155 ], [ -96.11478536869673, 15.873984278999476 ], [ -96.114413752039979, 15.873789675591304 ], [ -96.113913193521299, 15.873435877937499 ], [ -96.113607430765455, 15.873162569241385 ], [ -96.112593125330832, 15.872153394669729 ], [ -96.112319574493014, 15.871829717106104 ], [ -96.112188439067168, 15.871579057683515 ], [ -96.11205730392544, 15.871328398230116 ], [ -96.111956182031633, 15.870935906153791 ], [ -96.11174655049382, 15.869605595482676 ], [ -96.111713572089258, 15.869219093138186 ], [ -96.111769303374274, 15.868745726088131 ], [ -96.111881897575856, 15.868455989685337 ], [ -96.11235160339659, 15.867577252499604 ], [ -96.112548007314061, 15.867298793767544 ], [ -96.112994854762661, 15.866878057181994 ], [ -96.113150896293178, 15.866731133001275 ], [ -96.113597741246551, 15.866310394733658 ], [ -96.11396521426974, 15.86605792217698 ], [ -96.115233239278993, 15.865300450434487 ], [ -96.115494174243523, 15.865158309225295 ], [ -96.115945923313731, 15.864778656878103 ], [ -96.116135913880001, 15.864564063584377 ], [ -96.116602444205128, 15.863906523173132 ], [ -96.116724342455967, 15.863699876472014 ], [ -96.116826672363246, 15.863393066483825 ], [ -96.116850959840534, 15.863161413284413 ], [ -96.116861971357963, 15.86238717503581 ], [ -96.116844951759845, 15.861697790764426 ], [ -96.11729518689404, 15.861529383075954 ], [ -96.118564743457725, 15.860661279097377 ], [ -96.118843119656859, 15.860399142975957 ], [ -96.118658854920014, 15.859865569156412 ], [ -96.119798414315412, 15.860101991543695 ], [ -96.120289358360239, 15.86026938517135 ], [ -96.120629140595938, 15.860487257879498 ], [ -96.120919301315524, 15.860750188205953 ], [ -96.121933608072638, 15.861759322016075 ], [ -96.122111707226168, 15.862152835691083 ], [ -96.121928522486343, 15.862980100678316 ], [ -96.121244313883381, 15.864225709765551 ], [ -96.119100326994115, 15.867452755359553 ], [ -96.118275165683343, 15.869135027400709 ], [ -96.117561192053387, 15.871116789883249 ], [ -96.117422131144281, 15.87166863296042 ], [ -96.117487164233694, 15.872262141210943 ], [ -96.117719130963224, 15.872558167144447 ], [ -96.118736614228979, 15.873346111095927 ], [ -96.119210978102387, 15.873574248350042 ], [ -96.119809083789931, 15.87371259661869 ], [ -96.120407190571356, 15.873850943364268 ], [ -96.121641703398311, 15.874018079725962 ], [ -96.126206572119244, 15.874521301767901 ], [ -96.127553386157516, 15.874542583232991 ] ] ] ] } },
{ "type": "Feature", "properties": { "fid": 19.0, "cat": 21, "CLAVE_ACUI": "2011", "NOM_ACUIF": "HUATULCO", "VULNERABIL": 3 }, "geometry": { "type": "MultiPolygon", "coordinates": [ [ [ [ -96.111028622502559, 15.858154690085788 ], [ -96.110511337434758, 15.856767782660716 ], [ -96.108984111476758, 15.851658601541478 ], [ -96.108483241828338, 15.85022619466257 ], [ -96.10807814388717, 15.849438502326219 ], [ -96.107673048687346, 15.848650809704901 ], [ -96.107016499204221, 15.84783266577908 ], [ -96.104762818246527, 15.845590036976011 ], [ -96.10411001466683, 15.844878612007689 ], [ -96.10334657366289, 15.843830443400199 ], [ -96.102896180304782, 15.843031980827307 ], [ -96.101562973688829, 15.840359138807802 ], [ -96.101138173120162, 15.839606734601075 ], [ -96.10029350196595, 15.838573841447589 ], [ -96.099815003058652, 15.838152592798364 ], [ -96.098289863143918, 15.837083493393095 ], [ -96.09775400723197, 15.836759681188035 ], [ -96.096949788572331, 15.836488149800665 ], [ -96.096336759696797, 15.836424059494357 ], [ -96.094280177801465, 15.836396492573709 ], [ -96.093687046601033, 15.836408857295311 ], [ -96.09297568032359, 15.836494136580804 ], [ -96.09255257352801, 15.836603600033202 ], [ -96.091059505527696, 15.837044121199209 ], [ -96.090599179947773, 15.837248837638489 ], [ -96.090519771499274, 15.836788534411639 ], [ -96.090303941125157, 15.835900641191527 ], [ -96.09008456269116, 15.835708053678108 ], [ -96.090561169150902, 15.835282679027667 ], [ -96.090910894762985, 15.835045241810954 ], [ -96.092293020251702, 15.834289418330712 ], [ -96.092690468091106, 15.834017059979614 ], [ -96.093163103301862, 15.833501883372604 ], [ -96.09344084828669, 15.833038275421421 ], [ -96.094264348586421, 15.831389945745162 ], [ -96.094573201790894, 15.830952150990301 ], [ -96.095191024332678, 15.830557440548981 ], [ -96.095764775581699, 15.830431362426799 ], [ -96.097824459936135, 15.830237697319026 ], [ -96.098433410219556, 15.830218757183879 ], [ -96.099215494932864, 15.830324045661653 ], [ -96.09972380924377, 15.830493398484197 ], [ -96.101313864722627, 15.831178418786013 ], [ -96.101763822440091, 15.831392704644323 ], [ -96.102018692579762, 15.83155019767422 ], [ -96.102273563146895, 15.831707690468029 ], [ -96.102551806086041, 15.831943384805136 ], [ -96.103340535079312, 15.832728305304398 ], [ -96.103565882837373, 15.832993770264084 ], [ -96.103697328119722, 15.833220728807287 ], [ -96.103828773665299, 15.833447687315578 ], [ -96.103978984137072, 15.833830675389027 ], [ -96.10441707751815, 15.835164036056486 ], [ -96.104551912708175, 15.835521419878726 ], [ -96.104647480238057, 15.835688635138229 ], [ -96.104743047908528, 15.835855850379554 ], [ -96.104881262825273, 15.835976224375642 ], [ -96.105335130921389, 15.836203538756463 ], [ -96.105452505529456, 15.836313474591195 ], [ -96.1054994452561, 15.836456334586726 ], [ -96.105546385032795, 15.836599194581456 ], [ -96.105563123867867, 15.836897430198123 ], [ -96.105547358051126, 15.838003476343204 ], [ -96.105584068986531, 15.838373095242599 ], [ -96.105677611271091, 15.838682516307077 ], [ -96.105771153764451, 15.838991937370986 ], [ -96.106001707619114, 15.839506378589427 ], [ -96.106890548513917, 15.841288261356274 ], [ -96.107189240122892, 15.841808691768684 ], [ -96.10744176321451, 15.842132088289722 ], [ -96.107694287072704, 15.842455484641661 ], [ -96.108117091376613, 15.842859043724374 ], [ -96.10958514045339, 15.844095522666279 ], [ -96.110045474110734, 15.844443702409512 ], [ -96.110385556380692, 15.844637884190616 ], [ -96.110725639364247, 15.844832065542251 ], [ -96.111236969989534, 15.845038690008728 ], [ -96.11294301974749, 15.845614568219863 ], [ -96.113384342198373, 15.845947249461105 ], [ -96.11379561742784, 15.847039803147339 ], [ -96.113917047526726, 15.848218236817168 ], [ -96.114187969856275, 15.853849113206433 ], [ -96.114513910058889, 15.855038739480984 ], [ -96.114874212994764, 15.85553458721466 ], [ -96.116229694247394, 15.85665891330474 ], [ -96.116581965263208, 15.856981939483939 ], [ -96.116860201442051, 15.857344617390149 ], [ -96.116863382914886, 15.857355742939491 ], [ -96.1168704066625, 15.857365072474014 ], [ -96.11693019390205, 15.857589379475829 ], [ -96.116920758723339, 15.858253012597283 ], [ -96.116944177787133, 15.858451436235988 ], [ -96.117062902358583, 15.858713780111108 ], [ -96.117209090023493, 15.858890133384921 ], [ -96.117971524705709, 15.859607507288388 ], [ -96.118336462954744, 15.859778306687202 ], [ -96.118658854920014, 15.859865569156412 ], [ -96.118843119656859, 15.860399142975957 ], [ -96.118564743457725, 15.860661279097377 ], [ -96.11729518689404, 15.861529383075954 ], [ -96.116844951759845, 15.861697790764426 ], [ -96.1160134179907, 15.861615593117291 ], [ -96.115275750345887, 15.861329759270589 ], [ -96.112664856517199, 15.86007805152698 ], [ -96.111915366105066, 15.859517742573944 ], [ -96.111028622502559, 15.858154690085788 ] ] ] ] } },
{ "type": "Feature", "properties": { "fid": 20.0, "cat": 20, "CLAVE_ACUI": "2011", "NOM_ACUIF": "HUATULCO", "VULNERABIL": 2 }, "geometry": { "type": "MultiPolygon", "coordinates": [ [ [ [ -96.025375363398723, 15.858014855237688 ], [ -96.025312588428378, 15.858120660480619 ], [ -96.02524981338567, 15.858226465693201 ], [ -96.025195991720551, 15.858437368838999 ], [ -96.025070373238108, 15.859209972964871 ], [ -96.024989945144014, 15.859445907365885 ], [ -96.02474023290236, 15.859774330352968 ], [ -96.02446392889189, 15.860007571307676 ], [ -96.023424218434698, 15.860767602497576 ], [ -96.022802180663547, 15.861164503677022 ], [ -96.022273184101877, 15.860587868998891 ], [ -96.016412051830329, 15.854182449371086 ], [ -96.011592085249291, 15.848916003372894 ], [ -96.008239933859016, 15.833743883688078 ], [ -96.003521265677307, 15.812399819625574 ], [ -96.003405105926291, 15.81186104502412 ], [ -96.003203809056515, 15.810933571584714 ], [ -96.003539429311886, 15.810873448474299 ], [ -96.003634553186018, 15.810856407955747 ], [ -96.00383781973683, 15.810819994726561 ], [ -96.004011050408408, 15.810762950161061 ], [ -96.004094582782386, 15.810719088233679 ], [ -96.004198544564886, 15.810654779597719 ], [ -96.004403168374992, 15.8104927135093 ], [ -96.004527152249466, 15.810394515838397 ], [ -96.004646778919749, 15.810318362592071 ], [ -96.004728941486945, 15.810277271977318 ], [ -96.004856758669888, 15.81024332202349 ], [ -96.004963001281212, 15.810234998582819 ], [ -96.005258693622693, 15.810256252617888 ], [ -96.005361802013951, 15.81026366393383 ], [ -96.005440176479922, 15.810253810115997 ], [ -96.005507291498063, 15.810229472762886 ], [ -96.005589712564571, 15.810179829006128 ], [ -96.005848022792762, 15.810024243902964 ], [ -96.006400123008063, 15.809691703571305 ], [ -96.006731107815867, 15.80952176102225 ], [ -96.007327242650391, 15.809285052095927 ], [ -96.008835957956634, 15.8087325621117 ], [ -96.008939220395717, 15.809032411885838 ], [ -96.009048852753139, 15.809240645553128 ], [ -96.009247976152295, 15.809493375424216 ], [ -96.009541600412049, 15.809742925303942 ], [ -96.010670906080563, 15.810643426636272 ], [ -96.010974502115161, 15.810928668190559 ], [ -96.011118237082528, 15.81114398240021 ], [ -96.011261972330246, 15.811359296563355 ], [ -96.011369047522862, 15.811689238639577 ], [ -96.011581261613713, 15.812798340125859 ], [ -96.011698380741635, 15.813158896900845 ], [ -96.011865551585075, 15.813445645232104 ], [ -96.012032722849995, 15.813732393509177 ], [ -96.012393236358577, 15.814191117319231 ], [ -96.013741301822435, 15.815758328919992 ], [ -96.014047428735296, 15.816348366835278 ], [ -96.014127943109855, 15.817534668555082 ], [ -96.013943595474316, 15.818178907858554 ], [ -96.012964438913116, 15.822608203865975 ], [ -96.012753076343117, 15.823661806206804 ], [ -96.012739142196907, 15.824609767575511 ], [ -96.012930601970439, 15.824910396265775 ], [ -96.013838018413779, 15.825365366948159 ], [ -96.014095712450455, 15.825443413664081 ], [ -96.01439086527715, 15.825352662611348 ], [ -96.014554817624926, 15.825144971609033 ], [ -96.015024773093472, 15.82426649717504 ], [ -96.015158890593526, 15.823946647901504 ], [ -96.015236854857378, 15.823639570633288 ], [ -96.015314818805109, 15.823332493288927 ], [ -96.015403455670906, 15.822774978846526 ], [ -96.015661161734428, 15.820787398675748 ], [ -96.015754966315541, 15.820235034180762 ], [ -96.015844993001053, 15.819939974165875 ], [ -96.015935019352966, 15.819644914061627 ], [ -96.01609843361534, 15.819354249765816 ], [ -96.016680978460641, 15.818587935282462 ], [ -96.016847475202667, 15.81844461541148 ], [ -96.017041918099565, 15.81854210518228 ], [ -96.017153197331169, 15.818824696290244 ], [ -96.017478058997114, 15.820045965150465 ], [ -96.017593616319999, 15.820394647433019 ], [ -96.017700818569082, 15.820597604961522 ], [ -96.017808021005095, 15.820800562470527 ], [ -96.017998756190281, 15.821031758732655 ], [ -96.018674451289272, 15.821704758797862 ], [ -96.018854250065104, 15.821966280741368 ], [ -96.018935931751955, 15.82223999899505 ], [ -96.019017613597143, 15.822513717249814 ], [ -96.019071190958712, 15.823034247535658 ], [ -96.019157853767865, 15.824915952334306 ], [ -96.019263739410064, 15.825447360597318 ], [ -96.019760389778767, 15.82604678662601 ], [ -96.020325787054148, 15.826371174841452 ], [ -96.021962323717489, 15.827278609037551 ], [ -96.022503211257444, 15.827485829046108 ], [ -96.023212449712304, 15.82754297653347 ], [ -96.023684758499499, 15.827417395820975 ], [ -96.023602042707211, 15.828049496427056 ], [ -96.023617690966603, 15.828772119712621 ], [ -96.023736622223467, 15.829010792861386 ], [ -96.023882774943218, 15.829182113904812 ], [ -96.024445891447002, 15.82974293839125 ], [ -96.024686843005327, 15.829890163133109 ], [ -96.024967504285314, 15.829953275339133 ], [ -96.025248165802921, 15.830016387210781 ], [ -96.025809104013661, 15.830049481549176 ], [ -96.027865494803592, 15.830077686725323 ], [ -96.028395850856981, 15.83004940168507 ], [ -96.028605151567291, 15.829969306406635 ], [ -96.02881445214345, 15.82988921089699 ], [ -96.028882097711332, 15.829688653040442 ], [ -96.028779176221903, 15.828912907749176 ], [ -96.028690113688938, 15.828664486931883 ], [ -96.028377410557738, 15.828280934894257 ], [ -96.028019755108801, 15.827981423878033 ], [ -96.026663407405167, 15.82696725419796 ], [ -96.026258990658363, 15.826636623038533 ], [ -96.025910151002918, 15.826289206323002 ], [ -96.025678751097914, 15.826048704866944 ], [ -96.025373988086159, 15.825683092710356 ], [ -96.024252628866975, 15.824229660270513 ], [ -96.023993215821335, 15.823790961648699 ], [ -96.023948593740585, 15.823494048733776 ], [ -96.023903971712642, 15.823197135825037 ], [ -96.024035891751268, 15.822787511798087 ], [ -96.024740756324888, 15.821469756384269 ], [ -96.024809948162044, 15.821044032518587 ], [ -96.024809939102354, 15.821044016651799 ], [ -96.024427986440699, 15.820375078820483 ], [ -96.023813138169388, 15.819845153584392 ], [ -96.021325834838308, 15.818041110118314 ], [ -96.02067952898291, 15.817510746310045 ], [ -96.020150712103543, 15.816839771124238 ], [ -96.020041562578101, 15.816411600126388 ], [ -96.020061011866346, 15.815084444317533 ], [ -96.02004568582602, 15.814698197514355 ], [ -96.020000201021773, 15.814460532937337 ], [ -96.019954716274782, 15.814222868364576 ], [ -96.019840086102818, 15.813930073518618 ], [ -96.019396116744431, 15.813039026526017 ], [ -96.019249419886748, 15.81278642646058 ], [ -96.019129110999245, 15.812642549868311 ], [ -96.019008802275806, 15.81249867323689 ], [ -96.01881175968262, 15.812340197194807 ], [ -96.018132846752934, 15.811888394664216 ], [ -96.017957084835132, 15.811709892801643 ], [ -96.017886429253124, 15.811519290211841 ], [ -96.017815773775155, 15.811328687618918 ], [ -96.017789662467337, 15.810962610729259 ], [ -96.017809119384424, 15.809635456988696 ], [ -96.017731373532172, 15.809212796955149 ], [ -96.017349105079631, 15.808567537142419 ], [ -96.016880754923591, 15.80806839689126 ], [ -96.015077406265362, 15.806384329583492 ], [ -96.014124236091106, 15.805437455507978 ], [ -96.014125484835361, 15.805436321100826 ], [ -96.014595680874777, 15.805009651003743 ], [ -96.015285292202236, 15.804372355937288 ], [ -96.017488048960786, 15.802190261972845 ], [ -96.018209410019992, 15.801533072957554 ], [ -96.019373027828237, 15.80064829872728 ], [ -96.020313977425062, 15.800041522990441 ], [ -96.02354142935107, 15.798094646193688 ], [ -96.02440744149277, 15.797588410572402 ], [ -96.024750638251547, 15.798754049068151 ], [ -96.024963897434816, 15.799358039085909 ], [ -96.025845390409643, 15.801582498201311 ], [ -96.026126470695331, 15.80221281426525 ], [ -96.026556677969012, 15.802929830291573 ], [ -96.026890179328475, 15.803323822660907 ], [ -96.028016317586165, 15.804445435600083 ], [ -96.028287474426904, 15.804797937367413 ], [ -96.028357100924424, 15.805059636183037 ], [ -96.02842671119943, 15.805321273569669 ], [ -96.028426727543774, 15.805321335001601 ], [ -96.028354502615059, 15.805716544227931 ], [ -96.027878194936719, 15.807037454945 ], [ -96.027843649406222, 15.807367146693153 ], [ -96.028001199434726, 15.807475972700777 ], [ -96.02815874964233, 15.80758479862185 ], [ -96.028643438637076, 15.807566037294189 ], [ -96.030590218279798, 15.807260821481171 ], [ -96.031112143290613, 15.807207007578768 ], [ -96.031601015639552, 15.807261102436369 ], [ -96.031777479943486, 15.80739219572558 ], [ -96.032112108403837, 15.807949870055886 ], [ -96.03218780066338, 15.808155777249825 ], [ -96.032206401700677, 15.808559003294487 ], [ -96.032157281994273, 15.808929133265462 ], [ -96.031909452816834, 15.810253179827306 ], [ -96.031953859916229, 15.810685542420396 ], [ -96.032181393023038, 15.811032365403769 ], [ -96.032408926842507, 15.811379188271633 ], [ -96.033014618189327, 15.811937747340226 ], [ -96.035386137158966, 15.813850699457777 ], [ -96.036076217009182, 15.814379928460241 ], [ -96.036500630726607, 15.814658325268287 ], [ -96.036925045689955, 15.814936721437443 ], [ -96.037447576361899, 15.815202911461624 ], [ -96.039037228675795, 15.815888334155737 ], [ -96.039510414747951, 15.815940507445669 ], [ -96.039819685195653, 15.81571953637164 ], [ -96.040128950561169, 15.815498567913579 ], [ -96.040539394926171, 15.814815044471104 ], [ -96.04183621794121, 15.812067218583978 ], [ -96.042164192875987, 15.81128097862884 ], [ -96.042281067990004, 15.810820335911929 ], [ -96.042397942395183, 15.810359693024656 ], [ -96.042403897657437, 15.809829811496511 ], [ -96.04219794170622, 15.808278317140482 ], [ -96.042113174256656, 15.807853869061198 ], [ -96.042018361324423, 15.807639237334312 ], [ -96.041923548558827, 15.807424605596477 ], [ -96.041737422276995, 15.807235820055615 ], [ -96.041058460212412, 15.806784083367726 ], [ -96.040876915976483, 15.806641075346924 ], [ -96.040792792873461, 15.806533258790147 ], [ -96.040708669855249, 15.806425442215025 ], [ -96.040649862327115, 15.806260402996578 ], [ -96.0405436733014, 15.805705853167217 ], [ -96.04047407990744, 15.805560984930819 ], [ -96.040255499746124, 15.805439482869234 ], [ -96.04001283579467, 15.805410776516881 ], [ -96.039098984501678, 15.805398313380344 ], [ -96.038829429285627, 15.805414954450967 ], [ -96.038485355613417, 15.805505077881316 ], [ -96.038263376815237, 15.805617184630057 ], [ -96.037571547910161, 15.806050224734967 ], [ -96.037297410622784, 15.806141300477481 ], [ -96.036346258228363, 15.806128316088296 ], [ -96.035562956919378, 15.806117619942951 ], [ -96.035102750262453, 15.806016517309843 ], [ -96.033738424738289, 15.805555398295974 ], [ -96.033347520317193, 15.805379047055142 ], [ -96.032919093314121, 15.805017627933346 ], [ -96.032621528020172, 15.804676621794908 ], [ -96.031839660639889, 15.803449116184755 ], [ -96.031626615385576, 15.803068629021627 ], [ -96.03141426690739, 15.802520528651717 ], [ -96.03132395677892, 15.802118015367181 ], [ -96.031114858154609, 15.800787720507868 ], [ -96.031013910336895, 15.800395220757698 ], [ -96.030751919109761, 15.799893849969376 ], [ -96.030478594238488, 15.799570105556642 ], [ -96.029465074799091, 15.798560667277274 ], [ -96.029159393846996, 15.798297432770164 ], [ -96.028746396696235, 15.798078444840277 ], [ -96.028462081205689, 15.798028839406287 ], [ -96.027548272628508, 15.798016333371487 ], [ -96.027295057447105, 15.79799254944818 ], [ -96.027027194870712, 15.797894065993246 ], [ -96.026897749260854, 15.797777159464518 ], [ -96.026561532982171, 15.797330079121027 ], [ -96.026447823130113, 15.797213387865503 ], [ -96.026402037189015, 15.79709706246299 ], [ -96.026387751469144, 15.796987291684102 ], [ -96.026389926322963, 15.796867192114727 ], [ -96.026423015928486, 15.796272529852569 ], [ -96.0269263954211, 15.79622941914768 ], [ -96.027742180094123, 15.796094916431395 ], [ -96.02852860110184, 15.795799332964027 ], [ -96.028769634468176, 15.795517234602624 ], [ -96.029097872720214, 15.795402988213748 ], [ -96.029616032760785, 15.795125624987323 ], [ -96.029925645946136, 15.794879271798361 ], [ -96.030852343396077, 15.794006984443353 ], [ -96.031167346509662, 15.793750543677287 ], [ -96.031710667434581, 15.793426109714131 ], [ -96.032171837046747, 15.793219072925822 ], [ -96.033780636871455, 15.792577327899828 ], [ -96.034366794709541, 15.792432946281957 ], [ -96.035493403628749, 15.792400915156328 ], [ -96.036516689167016, 15.792499535532407 ], [ -96.039118247468295, 15.792838585241643 ], [ -96.040179267809762, 15.793031521390692 ], [ -96.040834186963764, 15.793190564510331 ], [ -96.041645477014768, 15.793362829658452 ], [ -96.042187287408325, 15.793447111330575 ], [ -96.042936706219095, 15.794583839764481 ], [ -96.045463919164604, 15.798657586854842 ], [ -96.045596169584755, 15.799064052868351 ], [ -96.04580857693152, 15.800173154306389 ], [ -96.045884679659181, 15.800472188869424 ], [ -96.045942454930994, 15.800588110949064 ], [ -96.046037614325783, 15.80077904142178 ], [ -96.046155228806143, 15.800868686712668 ], [ -96.046608937586271, 15.801096100465433 ], [ -96.046725963042462, 15.801226373777091 ], [ -96.04677216774347, 15.801416638199655 ], [ -96.046818372500411, 15.80160690262424 ], [ -96.046833360353276, 15.802020241980879 ], [ -96.046810892562917, 15.80356862997381 ], [ -96.046908773171012, 15.804054210384106 ], [ -96.047148396463399, 15.804413037327798 ], [ -96.047388020535166, 15.804771864140521 ], [ -96.047974781466948, 15.805311502449383 ], [ -96.050233775041178, 15.807112150806148 ], [ -96.050848217696199, 15.80764951018765 ], [ -96.051419550598723, 15.808313490852923 ], [ -96.051637174167283, 15.80874312958562 ], [ -96.052074880117544, 15.810076531763229 ], [ -96.052277285022726, 15.810470406706875 ], [ -96.052858191825734, 15.811053979454988 ], [ -96.053340564676972, 15.811558326610056 ], [ -96.053760100757984, 15.811812921517536 ], [ -96.0552355684014, 15.812496679249108 ], [ -96.055793563514143, 15.812529648983761 ], [ -96.056335097643526, 15.812531916585296 ], [ -96.056060335669912, 15.812907463320093 ], [ -96.055904061692189, 15.813321479941809 ], [ -96.055700496362675, 15.813364333100505 ], [ -96.055369854931484, 15.813368235933982 ], [ -96.055222634977639, 15.813389942567078 ], [ -96.055116619927816, 15.813464697167603 ], [ -96.054769102314296, 15.81379184494183 ], [ -96.054747797489256, 15.813883836656398 ], [ -96.054782142397158, 15.813978272550157 ], [ -96.054866610682581, 15.814088746366595 ], [ -96.054993415655133, 15.814162875805982 ], [ -96.05511537219239, 15.814195008529444 ], [ -96.055686562115625, 15.81420276052946 ], [ -96.055811166541929, 15.814226225118507 ], [ -96.05589719403828, 15.814249177742457 ], [ -96.055980850208243, 15.814283368905798 ], [ -96.056033683526962, 15.814318383484649 ], [ -96.056103712494277, 15.814381126278006 ], [ -96.056276067389376, 15.814556170110478 ], [ -96.056837654783536, 15.81522751935832 ], [ -96.057046436632803, 15.815423375221304 ], [ -96.057459309996702, 15.815655862995397 ], [ -96.057839990512349, 15.815816799514163 ], [ -96.059204463039592, 15.81627778743338 ], [ -96.059621425830002, 15.816469690516639 ], [ -96.060202776647102, 15.816904254210074 ], [ -96.060616315725781, 15.817333156542434 ], [ -96.061964824596302, 15.818900134691729 ], [ -96.062348070751099, 15.819247351104849 ], [ -96.062788031938396, 15.819300718773885 ], [ -96.06306249603908, 15.820196750258752 ], [ -96.063154002177541, 15.820400044206094 ], [ -96.063359575653195, 15.82081878992456 ], [ -96.06424316557522, 15.822932575855615 ], [ -96.06447234822555, 15.823533377476705 ], [ -96.064658195356827, 15.824228411572884 ], [ -96.064694685836358, 15.824608182091488 ], [ -96.064678710656494, 15.825714189082886 ], [ -96.06464825043291, 15.826006700099922 ], [ -96.064522078444895, 15.826265744518247 ], [ -96.064372293024007, 15.826343296873086 ], [ -96.063799466412689, 15.826446162544519 ], [ -96.063602540243579, 15.826517996308224 ], [ -96.063256377808088, 15.826750355427752 ], [ -96.062958785670119, 15.827010462973989 ], [ -96.06191617915006, 15.827991935358535 ], [ -96.061612529582817, 15.828307833802644 ], [ -96.061238109719696, 15.828800557697498 ], [ -96.06100687375428, 15.82918855068918 ], [ -96.060302187363035, 15.830506458929237 ], [ -96.060087052968129, 15.830869270792386 ], [ -96.059787784394217, 15.831244486626822 ], [ -96.059575392676919, 15.83141769745434 ], [ -96.058883498953605, 15.831850797530976 ], [ -96.0587031707839, 15.831983805783381 ], [ -96.058553534525842, 15.832171412447611 ], [ -96.058520096753114, 15.832306413866489 ], [ -96.058513690124741, 15.832748813904155 ], [ -96.058437400625223, 15.832944188548129 ], [ -96.058087788672282, 15.833413536341473 ], [ -96.057664630945126, 15.833888657587565 ], [ -96.056039490553374, 15.835636532355689 ], [ -96.055625637378981, 15.836193047388132 ], [ -96.055319478382117, 15.837042252651127 ], [ -96.055295963149291, 15.837698888962217 ], [ -96.055492386261477, 15.839913987141808 ], [ -96.055616723589139, 15.840506598656932 ], [ -96.056000542547082, 15.841057020571908 ], [ -96.056424518441858, 15.841250725465761 ], [ -96.058019257083345, 15.841604253362888 ], [ -96.057671822166427, 15.842002513409071 ], [ -96.057374689143671, 15.842228750876396 ], [ -96.056333572870813, 15.843099577655263 ], [ -96.056031337801144, 15.843315584323912 ], [ -96.0558466833496, 15.843384188366434 ], [ -96.055662028797343, 15.843452792229741 ], [ -96.055436680167588, 15.843432797116851 ], [ -96.05475436362714, 15.843202277969509 ], [ -96.054471158117551, 15.843191654323089 ], [ -96.054151502809006, 15.843282125590898 ], [ -96.05383184729321, 15.843372596337213 ], [ -96.053201750347839, 15.843641707079762 ], [ -96.050900596505386, 15.844716599028436 ], [ -96.050207240755341, 15.845005156524868 ], [ -96.049739993643385, 15.845141019295925 ], [ -96.049272746071196, 15.845276880949559 ], [ -96.048631110564259, 15.84537650167281 ], [ -96.046571307087504, 15.845569664350917 ], [ -96.045934399669804, 15.84570489778741 ], [ -96.04547818361263, 15.845923866483416 ], [ -96.045021966701015, 15.846142834045466 ], [ -96.044355396287514, 15.846633223324314 ], [ -96.042157145619967, 15.84848375524124 ], [ -96.041526323653699, 15.849040655190011 ], [ -96.041153541967745, 15.849414830752186 ], [ -96.040780758895806, 15.849789005426086 ], [ -96.040346489319276, 15.850301178253341 ], [ -96.039065452846884, 15.851942963149771 ], [ -96.03868999785557, 15.852379743259345 ], [ -96.038454460744134, 15.852578007601529 ], [ -96.038218923182896, 15.852776271605402 ], [ -96.037921415503945, 15.852905960958866 ], [ -96.037004121358578, 15.85311464785612 ], [ -96.036744006175525, 15.85319913186353 ], [ -96.036595718102646, 15.853291918956444 ], [ -96.036447429904655, 15.85338470592378 ], [ -96.036283864588512, 15.853565327865043 ], [ -96.035817134390697, 15.854222655556036 ], [ -96.035621939943454, 15.854413002630828 ], [ -96.035399852154271, 15.854528482238383 ], [ -96.035177764141309, 15.854643961573498 ], [ -96.034738421648967, 15.854783555202607 ], [ -96.033132330202477, 15.855204025911815 ], [ -96.032639776970314, 15.855393680124306 ], [ -96.032293532702269, 15.855625974742383 ], [ -96.031947287692248, 15.855858268665896 ], [ -96.031450569193183, 15.856332312137461 ], [ -96.029825023256961, 15.858079917671109 ], [ -96.029339531591589, 15.85850331418332 ], [ -96.029019499146955, 15.858617441468366 ], [ -96.028699466416114, 15.858731568216761 ], [ -96.028270581428913, 15.858634249464764 ], [ -96.026909190293125, 15.85795183827984 ], [ -96.026533817080434, 15.857784139447887 ], [ -96.026338638775371, 15.857734049790718 ], [ -96.026143460596785, 15.857683959973564 ], [ -96.025961181067558, 15.857708545599486 ], [ -96.025500898930986, 15.857923457684425 ], [ -96.025375363398723, 15.858014855237688 ] ] ] ] } },
{ "type": "Feature", "properties": { "fid": 21.0, "cat": 23, "CLAVE_ACUI": "2011", "NOM_ACUIF": "HUATULCO", "VULNERABIL": 3 }, "geometry": { "type": "MultiPolygon", "coordinates": [ [ [ [ -96.058487268012598, 15.841656324832455 ], [ -96.058019257083345, 15.841604253362888 ], [ -96.056424518441858, 15.841250725465761 ], [ -96.056000542547082, 15.841057020571908 ], [ -96.055616723589139, 15.840506598656932 ], [ -96.055492386261477, 15.839913987141808 ], [ -96.055295963149291, 15.837698888962217 ], [ -96.055319478382117, 15.837042252651127 ], [ -96.055625637378981, 15.836193047388132 ], [ -96.056039490553374, 15.835636532355689 ], [ -96.057664630945126, 15.833888657587565 ], [ -96.058087788672282, 15.833413536341473 ], [ -96.058437400625223, 15.832944188548129 ], [ -96.058513690124741, 15.832748813904155 ], [ -96.058520096753114, 15.832306413866489 ], [ -96.058553534525842, 15.832171412447611 ], [ -96.0587031707839, 15.831983805783381 ], [ -96.058883498953605, 15.831850797530976 ], [ -96.059575392676919, 15.83141769745434 ], [ -96.059787784394217, 15.831244486626822 ], [ -96.060087052968129, 15.830869270792386 ], [ -96.060302187363035, 15.830506458929237 ], [ -96.06100687375428, 15.82918855068918 ], [ -96.061238109719696, 15.828800557697498 ], [ -96.061612529582817, 15.828307833802644 ], [ -96.06191617915006, 15.827991935358535 ], [ -96.062958785670119, 15.827010462973989 ], [ -96.063256377808088, 15.826750355427752 ], [ -96.063602540243579, 15.826517996308224 ], [ -96.063799466412689, 15.826446162544519 ], [ -96.064372293024007, 15.826343296873086 ], [ -96.064522078444895, 15.826265744518247 ], [ -96.06464825043291, 15.826006700099922 ], [ -96.064678710656494, 15.825714189082886 ], [ -96.064694685836358, 15.824608182091488 ], [ -96.064658195356827, 15.824228411572884 ], [ -96.06447234822555, 15.823533377476705 ], [ -96.06424316557522, 15.822932575855615 ], [ -96.063359575653195, 15.82081878992456 ], [ -96.063154002177541, 15.820400044206094 ], [ -96.06306249603908, 15.820196750258752 ], [ -96.062788031938396, 15.819300718773885 ], [ -96.063033300068497, 15.819029741948624 ], [ -96.06373791700932, 15.817711813864424 ], [ -96.06396847122258, 15.817369521938812 ], [ -96.064339779592387, 15.817090089624319 ], [ -96.064639666537587, 15.817033192480293 ], [ -96.065667831792084, 15.817047102335755 ], [ -96.065934382144775, 15.817025437523725 ], [ -96.066407181603623, 15.818734500552059 ], [ -96.066566532299419, 15.819205672558398 ], [ -96.066885817161747, 15.819865259625089 ], [ -96.067157642336795, 15.82029900881134 ], [ -96.068165089045706, 15.821750723681591 ], [ -96.068490183640677, 15.822129316351262 ], [ -96.068999837953058, 15.822444368171439 ], [ -96.069876789387635, 15.82263739158952 ], [ -96.07077375034703, 15.822534370748576 ], [ -96.071255788680872, 15.822581518117547 ], [ -96.072134371186678, 15.822783020864827 ], [ -96.072772890258292, 15.822975635991211 ], [ -96.073358386988843, 15.823125767998881 ], [ -96.073580409925512, 15.823254061796645 ], [ -96.07403102074953, 15.823702634676964 ], [ -96.074252752360522, 15.823851242548388 ], [ -96.074836888846733, 15.824096172627838 ], [ -96.075449638904061, 15.824297463715228 ], [ -96.077725013495211, 15.82499187990963 ], [ -96.078363781456801, 15.825208753170346 ], [ -96.079069313752456, 15.825526423967924 ], [ -96.079438448444051, 15.825763367126644 ], [ -96.080455548155683, 15.826551430120489 ], [ -96.080703856775784, 15.826798597147837 ], [ -96.081447274460132, 15.827888880123224 ], [ -96.082568714934624, 15.830019371999558 ], [ -96.082672127628371, 15.830369567369981 ], [ -96.082713604201231, 15.830891637798107 ], [ -96.082669443272906, 15.831287257281453 ], [ -96.082421879510932, 15.832611410518449 ], [ -96.08234135817402, 15.832981141971928 ], [ -96.082213158183649, 15.83338240266569 ], [ -96.08211053682615, 15.833585900777811 ], [ -96.081759836283155, 15.834134297493128 ], [ -96.081615827691678, 15.834296600662217 ], [ -96.08129448901866, 15.834505618929708 ], [ -96.080979442260059, 15.834641912950136 ], [ -96.079830560728354, 15.835068929597901 ], [ -96.079484399934771, 15.835179403630892 ], [ -96.079017866659385, 15.835267936024069 ], [ -96.078697551619726, 15.835283936953621 ], [ -96.077669282136441, 15.835270073265146 ], [ -96.077403111035125, 15.83516997059953 ], [ -96.077189248587544, 15.834716691427058 ], [ -96.07714990159694, 15.834169252663054 ], [ -96.077172782319877, 15.831485252419158 ], [ -96.077108202321952, 15.830868051604593 ], [ -96.077023304740052, 15.830568901117891 ], [ -96.076691697261879, 15.829790066240211 ], [ -96.076480089806253, 15.829545083009696 ], [ -96.07598191040735, 15.829200285770614 ], [ -96.074507828608148, 15.828406036314187 ], [ -96.074040477742329, 15.828188077914874 ], [ -96.073333582238305, 15.827965191874393 ], [ -96.07279108206896, 15.827864741282109 ], [ -96.070966313281119, 15.827618850247317 ], [ -96.070300887383624, 15.827674201108419 ], [ -96.068855192941555, 15.828147947122353 ], [ -96.068311210874342, 15.828392878962614 ], [ -96.067149972460868, 15.829112022036067 ], [ -96.066035036567925, 15.82989443264008 ], [ -96.061463209409453, 15.832988055804318 ], [ -96.061000451419645, 15.833420318223911 ], [ -96.060010863033838, 15.834562217783166 ], [ -96.059681870340199, 15.834976537053752 ], [ -96.059455010788213, 15.835423847721534 ], [ -96.059403652446505, 15.835709300066648 ], [ -96.059390839935816, 15.836594100549776 ], [ -96.059428519659775, 15.836890920247656 ], [ -96.059627958467104, 15.83737110647202 ], [ -96.059848995875981, 15.837809255944032 ], [ -96.060742195879911, 15.839259458718972 ], [ -96.060990498013879, 15.839626863467338 ], [ -96.061335581325125, 15.840195941972837 ], [ -96.060605780022399, 15.84046654702003 ], [ -96.05945043158988, 15.841335842531521 ], [ -96.059076575553703, 15.84154580265842 ], [ -96.058487268012598, 15.841656324832455 ] ] ] ] } },
{ "type": "Feature", "properties": { "fid": 22.0, "cat": 22, "CLAVE_ACUI": "2011", "NOM_ACUIF": "HUATULCO", "VULNERABIL": 2 }, "geometry": { "type": "MultiPolygon", "coordinates": [ [ [ [ -96.061675197604217, 15.840538622569989 ], [ -96.062574822271955, 15.841546420452209 ], [ -96.062802414116092, 15.841894918043353 ], [ -96.062964879836926, 15.842513443665224 ], [ -96.062969381073216, 15.843048554188602 ], [ -96.062827917224027, 15.844927210503661 ], [ -96.062755190102919, 15.845359681921895 ], [ -96.062656227110153, 15.845429453947629 ], [ -96.062557264053069, 15.845499225916168 ], [ -96.062347240476925, 15.845266103031568 ], [ -96.061565061910116, 15.844038651562844 ], [ -96.0613095878698, 15.843683001628451 ], [ -96.06092927963077, 15.843251157305572 ], [ -96.060628714880806, 15.842989713798307 ], [ -96.059437925120349, 15.842199199736617 ], [ -96.059196601951896, 15.841953797620802 ], [ -96.059076575553703, 15.84154580265842 ], [ -96.05945043158988, 15.841335842531521 ], [ -96.060605780022399, 15.84046654702003 ], [ -96.061335581325125, 15.840195941972837 ], [ -96.061675197604217, 15.840538622569989 ] ] ] ] } },
{ "type": "Feature", "properties": { "fid": 23.0, "cat": 18, "CLAVE_ACUI": "2011", "NOM_ACUIF": "HUATULCO", "VULNERABIL": 2 }, "geometry": { "type": "MultiPolygon", "coordinates": [ [ [ [ -96.385916113423278, 15.876397144820636 ], [ -96.385881448440031, 15.876235835036086 ], [ -96.385887159031455, 15.875793313398518 ], [ -96.385909770778383, 15.87566826130764 ], [ -96.386009581692306, 15.87552720649164 ], [ -96.386129556927315, 15.875450751640578 ], [ -96.386589630010249, 15.875235016506547 ], [ -96.386709998071439, 15.875128081443274 ], [ -96.386811642923448, 15.874844786909716 ], [ -96.386836481778971, 15.874547015552551 ], [ -96.38685075111006, 15.873440710402177 ], [ -96.386902553225511, 15.873087376327161 ], [ -96.387130026923856, 15.872544788932327 ], [ -96.38740318643012, 15.872122997748672 ], [ -96.388450448510866, 15.870697222029492 ], [ -96.38889181816613, 15.870257135744108 ], [ -96.389904287042313, 15.869629176520277 ], [ -96.390909299772815, 15.86917217465829 ], [ -96.394586865642239, 15.867667418908752 ], [ -96.395606757805055, 15.867276621833875 ], [ -96.396688715310503, 15.86695769738121 ], [ -96.397610520651867, 15.866868619205388 ], [ -96.39858609026102, 15.866909387229565 ], [ -96.399037853669881, 15.866884333599494 ], [ -96.399774470724111, 15.866750924649462 ], [ -96.40037501673325, 15.866585393337003 ], [ -96.401871270319148, 15.866115042219645 ], [ -96.402657702197388, 15.865871760088005 ], [ -96.402896886830561, 15.865789496122039 ], [ -96.403691453168022, 15.865444769208546 ], [ -96.404056570338341, 15.865217125401029 ], [ -96.404575880328736, 15.864836082461544 ], [ -96.405095188250925, 15.864455038643989 ], [ -96.405365829742124, 15.864226259228055 ], [ -96.405590209563726, 15.863920712270641 ], [ -96.405640111069502, 15.863712996376574 ], [ -96.405648605130693, 15.863049202675066 ], [ -96.405671939016528, 15.862866572398755 ], [ -96.405772336540664, 15.862678091457832 ], [ -96.405892427663701, 15.862591463186659 ], [ -96.406352454983406, 15.862375678223632 ], [ -96.406504426150235, 15.862258946588367 ], [ -96.406753597616529, 15.86192998435253 ], [ -96.406957585168726, 15.861576769788046 ], [ -96.407660349959286, 15.860257395339771 ], [ -96.407844379396934, 15.859822646942714 ], [ -96.408000423924477, 15.859113197648307 ], [ -96.40803931560545, 15.858534447242212 ], [ -96.408064764288085, 15.856543061254573 ], [ -96.408045468755091, 15.855999179926224 ], [ -96.407929976687456, 15.855452453298234 ], [ -96.407784283927157, 15.855215296551563 ], [ -96.407219878091936, 15.854655291063329 ], [ -96.407031291800465, 15.854488752113562 ], [ -96.406715626821324, 15.854271576243088 ], [ -96.406453263220968, 15.854127863826927 ], [ -96.405544567039414, 15.853674380015951 ], [ -96.405234516625015, 15.853565660788094 ], [ -96.404696308434055, 15.853511789375078 ], [ -96.40423748967801, 15.853543548932242 ], [ -96.402634542560918, 15.853745624893943 ], [ -96.402175853745334, 15.853767219860266 ], [ -96.401907053938913, 15.853716573662538 ], [ -96.401638254318144, 15.853665927150567 ], [ -96.401328944376615, 15.853499628839138 ], [ -96.400423100771974, 15.852824861746281 ], [ -96.400113923474095, 15.852648401953319 ], [ -96.399845429850643, 15.852574046654933 ], [ -96.399576936473082, 15.852499691052232 ], [ -96.399118989255911, 15.852463706206573 ], [ -96.397518889978031, 15.852444481406907 ], [ -96.397098006734311, 15.852383533749311 ], [ -96.396915994982933, 15.852250938443149 ], [ -96.396733983480345, 15.85211834301802 ], [ -96.396634833383033, 15.851800447431891 ], [ -96.396536155592713, 15.850582125722978 ], [ -96.396531601886338, 15.850255205757732 ], [ -96.396609028847777, 15.849947900913179 ], [ -96.396724192449824, 15.849835813894112 ], [ -96.397184195294315, 15.849620045340618 ], [ -96.397257113321388, 15.84952777349111 ], [ -96.397197254264029, 15.849420357122584 ], [ -96.39713739526367, 15.84931294074604 ], [ -96.396893451944337, 15.849098308532652 ], [ -96.395874772677558, 15.848311522076834 ], [ -96.395483887543406, 15.848095121859702 ], [ -96.395081159773611, 15.84798358187099 ], [ -96.394678432557143, 15.847872041197913 ], [ -96.39391866794449, 15.84776975308152 ], [ -96.391178560910021, 15.847515470412366 ], [ -96.390298424508359, 15.8473863162193 ], [ -96.389614823732458, 15.847212106575915 ], [ -96.388931224453799, 15.847037894946348 ], [ -96.387858220441288, 15.846669303330518 ], [ -96.384218099772767, 15.845297602435858 ], [ -96.383176473095048, 15.84493953036632 ], [ -96.382566054523025, 15.844789894573047 ], [ -96.381955637111133, 15.844640257191459 ], [ -96.381253209374648, 15.844570798077571 ], [ -96.379196048653696, 15.844545920749008 ], [ -96.378617997618036, 15.844599895799615 ], [ -96.378297790851505, 15.844738281776516 ], [ -96.377977583708912, 15.844876667212002 ], [ -96.377640756812568, 15.84521808064639 ], [ -96.376709304996581, 15.846534569612929 ], [ -96.37637221041156, 15.846896300058471 ], [ -96.37605138579751, 15.847082094691228 ], [ -96.37573056064457, 15.847267888756559 ], [ -96.375151013115754, 15.847436998472443 ], [ -96.373088105737537, 15.847854577094463 ], [ -96.372534992271653, 15.848008757670122 ], [ -96.372275849280172, 15.848159729137123 ], [ -96.372016705934584, 15.848310700233444 ], [ -96.371829410419778, 15.848587867279692 ], [ -96.371473649349909, 15.849579371108527 ], [ -96.371296321179457, 15.849897304128703 ], [ -96.371060436834995, 15.85014339604083 ], [ -96.370824551910943, 15.850389487604085 ], [ -96.370327922956193, 15.850774672814264 ], [ -96.368482078125766, 15.852080009333276 ], [ -96.36797973160661, 15.852500683359972 ], [ -96.367481304337502, 15.85315850311726 ], [ -96.367393556535347, 15.853448729989328 ], [ -96.367147746130669, 15.854773498269356 ], [ -96.367035826525949, 15.855173512736062 ], [ -96.366759347210291, 15.855715478821557 ], [ -96.366233153307135, 15.856534409478792 ], [ -96.365431862400371, 15.857294102742854 ], [ -96.365117977396594, 15.857617140516608 ], [ -96.364697621239344, 15.857920252323702 ], [ -96.364258963330641, 15.858105719856656 ], [ -96.363888820282199, 15.858314601613241 ], [ -96.363711538430962, 15.858358168807115 ], [ -96.363254366706244, 15.858352600494472 ], [ -96.363119994598918, 15.858325560232451 ], [ -96.362950096508229, 15.858204941177137 ], [ -96.362841757141155, 15.85805966854182 ], [ -96.36250607241206, 15.857502348533522 ], [ -96.362427769027434, 15.857469216808468 ], [ -96.362412902939411, 15.857670569528807 ], [ -96.362398036789585, 15.857871922240312 ], [ -96.362433865456126, 15.858480347457098 ], [ -96.362630798302703, 15.8609169597555 ], [ -96.362585987185724, 15.861671742140222 ], [ -96.36238296055835, 15.86221459460215 ], [ -96.362179932637844, 15.862757446684103 ], [ -96.361644662672347, 15.863553669167922 ], [ -96.359552759492203, 15.866183652829116 ], [ -96.358939736637126, 15.866902706739689 ], [ -96.358555317768207, 15.86726551554418 ], [ -96.358170897526762, 15.867628323444832 ], [ -96.357685581396751, 15.867945865773361 ], [ -96.356189609187979, 15.868702108115791 ], [ -96.355773776163375, 15.868923961965452 ], [ -96.355551488029661, 15.869063503252885 ], [ -96.355329199610921, 15.869203044263458 ], [ -96.35510992365667, 15.869379879971534 ], [ -96.354531211225975, 15.869926030406139 ], [ -96.354390858924191, 15.870088588385572 ], [ -96.354352727345486, 15.870194815732555 ], [ -96.354314595718805, 15.870301043065798 ], [ -96.354346000805663, 15.870441991881247 ], [ -96.354568821721131, 15.87088729831418 ], [ -96.354504826713537, 15.871098209521529 ], [ -96.354244093809584, 15.871367682180674 ], [ -96.353983360204083, 15.871637154413639 ], [ -96.353302400081645, 15.872196162184864 ], [ -96.350646022529787, 15.874265896197659 ], [ -96.349860340416484, 15.874803284984232 ], [ -96.349355286187347, 15.875022336714393 ], [ -96.348850231017877, 15.87524138709316 ], [ -96.348192902836971, 15.875329859676068 ], [ -96.346135485253768, 15.875304621050589 ], [ -96.345359638052727, 15.875223969879336 ], [ -96.344578036865329, 15.875048407177324 ], [ -96.343796437469933, 15.87487284185103 ], [ -96.342339146468603, 15.874451876258336 ], [ -96.337101713366323, 15.872838435064351 ], [ -96.335570980164832, 15.872416523456049 ], [ -96.3346179565726, 15.872238815553464 ], [ -96.333664935315682, 15.872061103699767 ], [ -96.332472742263278, 15.871975275740068 ], [ -96.328815221001932, 15.871930137164753 ], [ -96.327821936174672, 15.871887384711732 ], [ -96.32733302902885, 15.871810216249871 ], [ -96.326844122432362, 15.871733046738191 ], [ -96.326440530179383, 15.871555319648888 ], [ -96.325534915895702, 15.870880265323967 ], [ -96.325205071187455, 15.870683125923527 ], [ -96.324888239085297, 15.870560661743131 ], [ -96.324571407430668, 15.870438197155725 ], [ -96.323996018546907, 15.870285437472498 ], [ -96.321944540685692, 15.869817477753459 ], [ -96.321327304852886, 15.869654032330073 ], [ -96.320912823555346, 15.869506644508569 ], [ -96.32049834297446, 15.869359255982957 ], [ -96.319931347866358, 15.869101592628857 ], [ -96.318114341846425, 15.868193933904218 ], [ -96.317594923740387, 15.867911452442099 ], [ -96.317291446128209, 15.867706162051158 ], [ -96.316987969167513, 15.867500871325349 ], [ -96.316640308862702, 15.867196808866961 ], [ -96.315624853215255, 15.866188430656536 ], [ -96.315335128548824, 15.865869843902617 ], [ -96.315166829358446, 15.865630664862673 ], [ -96.314998530540819, 15.865391485748289 ], [ -96.314807400667917, 15.865026703865393 ], [ -96.314252061843632, 15.863802746434835 ], [ -96.314081119128588, 15.863499180968221 ], [ -96.313959920550843, 15.863402840381037 ], [ -96.3138387220921, 15.863306499742921 ], [ -96.313663382913205, 15.86333480624295 ], [ -96.313087529138926, 15.863659583482068 ], [ -96.312932104650002, 15.86376942473918 ], [ -96.312857374854843, 15.863863332914619 ], [ -96.31278264498745, 15.863957241052793 ], [ -96.312724555716301, 15.864115708906148 ], [ -96.312602931742902, 15.864667409213199 ], [ -96.312518399542654, 15.864840790054989 ], [ -96.312381969878373, 15.864969495176778 ], [ -96.312245540041332, 15.865098200184288 ], [ -96.3119402726293, 15.865292547701719 ], [ -96.31078854721251, 15.865942088490261 ], [ -96.310415388801701, 15.866110187126299 ], [ -96.310120550496677, 15.866177648794114 ], [ -96.309825712057787, 15.866245110028883 ], [ -96.30935647562147, 15.866269758146435 ], [ -96.307756384032274, 15.866249853679507 ], [ -96.307298319100767, 15.866223831416749 ], [ -96.307029546166916, 15.866173068395351 ], [ -96.306760773420976, 15.866122305060271 ], [ -96.3064509160791, 15.866003290150132 ], [ -96.305542463128219, 15.865549412407981 ], [ -96.305285493558529, 15.865400571763935 ], [ -96.305140123120765, 15.86528021672048 ], [ -96.304994752860196, 15.865159861604806 ], [ -96.30483637847567, 15.86496483074338 ], [ -96.30438803995402, 15.864295396749593 ], [ -96.304218900494178, 15.864120553406238 ], [ -96.304048410280558, 15.864047302673358 ], [ -96.303877920208151, 15.863974051824632 ], [ -96.303559944884853, 15.863939606886927 ], [ -96.302417040690258, 15.863925362052445 ], [ -96.302099336447938, 15.863870596507914 ], [ -96.301929478446056, 15.86374993440818 ], [ -96.301759620656838, 15.86362927220512 ], [ -96.301592016784426, 15.86333928906717 ], [ -96.30114958308242, 15.862227358823159 ], [ -96.300929501299962, 15.861936720982147 ], [ -96.300637193068042, 15.861814530974568 ], [ -96.300344885242183, 15.861692340625137 ], [ -96.299729801263908, 15.861633862342181 ], [ -96.297444027259019, 15.861605330258808 ], [ -96.296802502874101, 15.861561754958117 ], [ -96.296448498516028, 15.861474352225835 ], [ -96.296094494553444, 15.861386948960561 ], [ -96.295724578678445, 15.861180802548233 ], [ -96.29470631693701, 15.86039359105289 ], [ -96.294420913047333, 15.86014785563613 ], [ -96.294264099211361, 15.859968079790544 ], [ -96.29410728564622, 15.859788303871843 ], [ -96.293944650124644, 15.859520394091904 ], [ -96.293499313176639, 15.858629700167496 ], [ -96.29338902205933, 15.858372605568194 ], [ -96.293354343579395, 15.858218065245795 ], [ -96.293319665133723, 15.858063524924113 ], [ -96.293330874687896, 15.857879075755994 ], [ -96.293452542236025, 15.857327393494488 ], [ -96.293579203398437, 15.857144387748534 ], [ -96.29404862102831, 15.856842042559128 ], [ -96.294592555700973, 15.856593125357245 ], [ -96.296661491640563, 15.855733843978461 ], [ -96.297273574526159, 15.855490850528012 ], [ -96.298573892250374, 15.855066773526325 ], [ -96.300179772931855, 15.854644240553792 ], [ -96.30060758362616, 15.85457506148102 ], [ -96.300802869804883, 15.854624913956316 ], [ -96.300998156106914, 15.854674766269948 ], [ -96.301128306442948, 15.85488638148002 ], [ -96.301345102682035, 15.855774214738613 ], [ -96.301749491940328, 15.855887638699013 ], [ -96.303419842432078, 15.85552910884933 ], [ -96.305401659557333, 15.854903482891972 ], [ -96.312979698402401, 15.852342253747517 ], [ -96.315426362877332, 15.851488590704705 ], [ -96.319266157637102, 15.850066191990583 ], [ -96.322304903372654, 15.848887842136669 ], [ -96.332645737502361, 15.844810981558661 ], [ -96.335883496383644, 15.843655190604848 ], [ -96.340652387195703, 15.84233863013197 ], [ -96.344227341140055, 15.841613612931653 ], [ -96.356141512088527, 15.839546408464095 ], [ -96.359257281913372, 15.839013671478641 ], [ -96.361883451437578, 15.838595170581133 ], [ -96.362519360190575, 15.838530087764003 ], [ -96.362860768657342, 15.838644888912091 ], [ -96.362954390479914, 15.83871038365843 ], [ -96.363002137053357, 15.83880580430198 ], [ -96.363049883666179, 15.838901224941075 ], [ -96.363092680673375, 15.839108360626533 ], [ -96.36319690695575, 15.839884152566473 ], [ -96.363371225774159, 15.840067485163598 ], [ -96.363725856609918, 15.84010736484702 ], [ -96.364080487677981, 15.840147243970344 ], [ -96.364919399842606, 15.840077849768164 ], [ -96.368125057648385, 15.839674222698784 ], [ -96.368972178537362, 15.839376279814923 ], [ -96.36971975007657, 15.83838953448595 ], [ -96.369940587385869, 15.837277843741086 ], [ -96.370223578973807, 15.833076699028483 ], [ -96.37124175933107, 15.831994999051474 ], [ -96.375710277743153, 15.831148153266318 ], [ -96.381075716933324, 15.831019965216337 ], [ -96.40164614978751, 15.831267477668423 ], [ -96.407002605973801, 15.831438306569044 ], [ -96.409215684006554, 15.831713726555609 ], [ -96.41142877158893, 15.831989124812985 ], [ -96.412395388860546, 15.83260528765515 ], [ -96.412480079268107, 15.834929948664945 ], [ -96.412470240826352, 15.835564939602216 ], [ -96.412404939751781, 15.835884254633408 ], [ -96.412339638394869, 15.836203569605846 ], [ -96.41216290181292, 15.836480907092431 ], [ -96.41146873150042, 15.837136517056486 ], [ -96.411287327792536, 15.837368070030147 ], [ -96.411211138851115, 15.837580556170737 ], [ -96.411134949718928, 15.837793042257001 ], [ -96.411098670624312, 15.838168592617919 ], [ -96.411081745746245, 15.839496188764764 ], [ -96.411139279690289, 15.839923668424667 ], [ -96.411281988769289, 15.84025732292182 ], [ -96.411424698245511, 15.840590977385657 ], [ -96.411774906444151, 15.841116795965455 ], [ -96.413123805573505, 15.842903304008972 ], [ -96.413495725485845, 15.843373490558333 ], [ -96.413689082462326, 15.843577339958733 ], [ -96.413882439822473, 15.843781189240786 ], [ -96.414363906354438, 15.844184957115514 ], [ -96.414796015371678, 15.844603552982399 ], [ -96.414478093756287, 15.845803005155743 ], [ -96.40786403911261, 15.871453605617887 ], [ -96.409276115493284, 15.880728547476613 ], [ -96.407139456815358, 15.879323394331607 ], [ -96.405547504105954, 15.878481223484656 ], [ -96.403823060763202, 15.877693094863858 ], [ -96.402748757519447, 15.877222339361351 ], [ -96.401932539952384, 15.876894449637469 ], [ -96.401163401823666, 15.876695523715094 ], [ -96.400735171359855, 15.87658476671719 ], [ -96.400060641050104, 15.876465875649885 ], [ -96.399378797819537, 15.876403092595236 ], [ -96.396178223131173, 15.876364578538968 ], [ -96.395250291347992, 15.87640421135935 ], [ -96.394685401580773, 15.876515958188461 ], [ -96.394120511415579, 15.876627703445745 ], [ -96.393434470267152, 15.876907346370611 ], [ -96.391362713724874, 15.877988844279994 ], [ -96.390760645648882, 15.878269490581188 ], [ -96.390391704217592, 15.878383589569852 ], [ -96.390022762460617, 15.878497687864792 ], [ -96.38957071289596, 15.878543038497682 ], [ -96.388199033222662, 15.878526473916247 ], [ -96.387816200579294, 15.878496445397012 ], [ -96.387401327312077, 15.878372881719503 ], [ -96.387191483942715, 15.878226391125821 ], [ -96.386627089665154, 15.877666331844603 ], [ -96.386470259381454, 15.87747983532992 ], [ -96.386302777389901, 15.877169578132373 ], [ -96.386220347585549, 15.876912850136824 ], [ -96.385916113423278, 15.876397144820636 ] ] ] ] } },
{ "type": "Feature", "properties": { "fid": 24.0, "cat": 25, "CLAVE_ACUI": "2011", "NOM_ACUIF": "HUATULCO", "VULNERABIL": 2 }, "geometry": { "type": "MultiPolygon", "coordinates": [ [ [ [ -96.090303941125157, 15.835900641191527 ], [ -96.090519771499274, 15.836788534411639 ], [ -96.090599179947773, 15.837248837638489 ], [ -96.09038504245143, 15.837344068632174 ], [ -96.090093661669755, 15.837473650724801 ], [ -96.089059028300966, 15.837902251159667 ], [ -96.088579519239985, 15.838041426408674 ], [ -96.087376444983406, 15.838262309596088 ], [ -96.085778642123032, 15.838646070623907 ], [ -96.084550400074576, 15.838914008755349 ], [ -96.083944440540364, 15.83896681018957 ], [ -96.082344874173089, 15.838945276172879 ], [ -96.081802309676192, 15.838968447216322 ], [ -96.080869906602743, 15.839098117352981 ], [ -96.080323630951938, 15.839217183579454 ], [ -96.077790536070111, 15.840023865735617 ], [ -96.077503869232046, 15.84011946517019 ], [ -96.077159739988261, 15.84020964275202 ], [ -96.076939098914394, 15.840226984518932 ], [ -96.076253570218853, 15.840217734234059 ], [ -96.076059819479809, 15.840189721258399 ], [ -96.075936880781541, 15.839981490201039 ], [ -96.075724241834905, 15.839807605854457 ], [ -96.07539263096831, 15.83902876785811 ], [ -96.075349412951823, 15.838750497865211 ], [ -96.075479337923895, 15.838230742510522 ], [ -96.076646072897944, 15.836119811659064 ], [ -96.077403111035125, 15.83516997059953 ], [ -96.077669282136441, 15.835270073265146 ], [ -96.078697551619726, 15.835283936953621 ], [ -96.079017866659385, 15.835267936024069 ], [ -96.079484399934771, 15.835179403630892 ], [ -96.079830560728354, 15.835068929597901 ], [ -96.080336187263001, 15.834880999083575 ], [ -96.080979442260059, 15.834641912950136 ], [ -96.08129448901866, 15.834505618929708 ], [ -96.081335061735032, 15.835049688735619 ], [ -96.081317576371845, 15.836266313422797 ], [ -96.081349677614924, 15.836588457419364 ], [ -96.081433323733563, 15.836731814438101 ], [ -96.08151696995813, 15.836875171442722 ], [ -96.081723857943459, 15.836962618761435 ], [ -96.082522043500646, 15.83708399056853 ], [ -96.082940464059689, 15.837057452521018 ], [ -96.084094905827484, 15.836812234155765 ], [ -96.085325685410098, 15.836488454437237 ], [ -96.0883418096317, 15.835874286793446 ], [ -96.08927662667061, 15.835697203322905 ], [ -96.09008456269116, 15.835708053678108 ], [ -96.090303941125157, 15.835900641191527 ] ] ] ] } },
{ "type": "Feature", "properties": { "fid": 25.0, "cat": 24, "CLAVE_ACUI": "2011", "NOM_ACUIF": "HUATULCO", "VULNERABIL": 2 }, "geometry": { "type": "MultiPolygon", "coordinates": [ [ [ [ -96.075635622015298, 15.835313754891716 ], [ -96.075376166035454, 15.835476188276376 ], [ -96.075116709672429, 15.835638621277827 ], [ -96.07465797809779, 15.836035413404369 ], [ -96.073036129264239, 15.837562234547407 ], [ -96.072519094132545, 15.837998870157204 ], [ -96.072123609961437, 15.838254280365048 ], [ -96.071728124865942, 15.838509689676762 ], [ -96.071115204444581, 15.838802795884199 ], [ -96.069045871799673, 15.83965979366411 ], [ -96.06848599522894, 15.839912971979542 ], [ -96.068214287031012, 15.840075229117488 ], [ -96.067942578436146, 15.840237485838649 ], [ -96.06772614593612, 15.840447899935635 ], [ -96.067259543398663, 15.841105318599174 ], [ -96.067085667228341, 15.841275671093632 ], [ -96.066913258344513, 15.841344451274139 ], [ -96.066740849364209, 15.841413231297105 ], [ -96.066422128836166, 15.841439393130694 ], [ -96.06527958523624, 15.84142391822011 ], [ -96.064919921936053, 15.841378408864504 ], [ -96.064651979208406, 15.841279959440376 ], [ -96.064384036792262, 15.841181509727511 ], [ -96.063978150537025, 15.840945734571399 ], [ -96.062619906910413, 15.840042346371776 ], [ -96.06225052908546, 15.839822302343766 ], [ -96.061885002014932, 15.839698822058187 ], [ -96.061732197528002, 15.839742466001095 ], [ -96.061384635985206, 15.840069617890839 ], [ -96.061335581325125, 15.840195941972837 ], [ -96.060990498013879, 15.839626863467338 ], [ -96.060742195879911, 15.839259458718972 ], [ -96.059848995875981, 15.837809255944032 ], [ -96.059617171821472, 15.837391278388155 ], [ -96.059428519659775, 15.836890920247656 ], [ -96.059390839935816, 15.836594100549776 ], [ -96.059403652446505, 15.835709300066648 ], [ -96.059455010788213, 15.835423847721534 ], [ -96.059681870340199, 15.834976537053752 ], [ -96.059954596405206, 15.834622973758355 ], [ -96.061000451419645, 15.833420318223911 ], [ -96.061463209409453, 15.832988055804318 ], [ -96.062576894278067, 15.832173486696664 ], [ -96.063705109918899, 15.831442073894241 ], [ -96.066035036567925, 15.82989443264008 ], [ -96.067149972460868, 15.829112022036067 ], [ -96.068311210874342, 15.828392878962614 ], [ -96.068855192941555, 15.828147947122353 ], [ -96.070300887383624, 15.827674201108419 ], [ -96.070966313281119, 15.827618850247317 ], [ -96.07279108206896, 15.827864741282109 ], [ -96.073333582238305, 15.827965191874393 ], [ -96.074040477742329, 15.828188077914874 ], [ -96.074507828608148, 15.828406036314187 ], [ -96.07598191040735, 15.829200285770614 ], [ -96.076480089806253, 15.829545083009696 ], [ -96.076691697261879, 15.829790066240211 ], [ -96.077023304740052, 15.830568901117891 ], [ -96.077108202321952, 15.830868051604593 ], [ -96.077172782319877, 15.831485252419158 ], [ -96.07714990159694, 15.834169252663054 ], [ -96.077189248587544, 15.834716691427058 ], [ -96.077403111035125, 15.83516997059953 ], [ -96.076903452038437, 15.835273918704821 ], [ -96.075918195177294, 15.835246452934488 ], [ -96.075635622015298, 15.835313754891716 ] ] ] ] } },
{ "type": "Feature", "properties": { "fid": 26.0, "cat": 27, "CLAVE_ACUI": "2011", "NOM_ACUIF": "HUATULCO", "VULNERABIL": 3 }, "geometry": { "type": "MultiPolygon", "coordinates": [ [ [ [ -96.026258990658363, 15.826636623038533 ], [ -96.026663407405167, 15.82696725419796 ], [ -96.028019755108801, 15.827981423878033 ], [ -96.028377410557738, 15.828280934894257 ], [ -96.028533761981762, 15.828472710945714 ], [ -96.028690113688938, 15.828664486931883 ], [ -96.028779176221903, 15.828912907749176 ], [ -96.028882097711332, 15.829688653040442 ], [ -96.02881445214345, 15.82988921089699 ], [ -96.028605151567291, 15.829969306406635 ], [ -96.028395850856981, 15.83004940168507 ], [ -96.027865494803592, 15.830077686725323 ], [ -96.025809104013661, 15.830049481549176 ], [ -96.025248165802921, 15.830016387210781 ], [ -96.024686843005327, 15.829890163133109 ], [ -96.024445891447002, 15.82974293839125 ], [ -96.023882774943218, 15.829182113904812 ], [ -96.023736622223467, 15.829010792861386 ], [ -96.023617690966603, 15.828772119712621 ], [ -96.023602042707211, 15.828049496427056 ], [ -96.023684758499499, 15.827417395820975 ], [ -96.025179622383746, 15.826774199103619 ], [ -96.025910151002918, 15.826289206323002 ], [ -96.026258990658363, 15.826636623038533 ] ] ] ] } },
{ "type": "Feature", "properties": { "fid": 27.0, "cat": 28, "CLAVE_ACUI": "2011", "NOM_ACUIF": "HUATULCO", "VULNERABIL": 4 }, "geometry": { "type": "MultiPolygon", "coordinates": [ [ [ [ -96.019760389778767, 15.82604678662601 ], [ -96.019263739410064, 15.825447360597318 ], [ -96.019157853767865, 15.824915952334306 ], [ -96.019071190958712, 15.823034247535658 ], [ -96.019017613597143, 15.822513717249814 ], [ -96.018854250065104, 15.821966280741368 ], [ -96.018674451289272, 15.821704758797862 ], [ -96.017998756190281, 15.821031758732655 ], [ -96.017808021005095, 15.820800562470527 ], [ -96.017593616319999, 15.820394647433019 ], [ -96.017478058997114, 15.820045965150465 ], [ -96.017153197331169, 15.818824696290244 ], [ -96.017041918099565, 15.81854210518228 ], [ -96.016847475202667, 15.81844461541148 ], [ -96.016680978460641, 15.818587935282462 ], [ -96.01609843361534, 15.819354249765816 ], [ -96.015935019352966, 15.819644914061627 ], [ -96.015844993001053, 15.819939974165875 ], [ -96.015754966315541, 15.820235034180762 ], [ -96.015661161734428, 15.820787398675748 ], [ -96.015403455670906, 15.822774978846526 ], [ -96.015314818805109, 15.823332493288927 ], [ -96.015236854857378, 15.823639570633288 ], [ -96.015158890593526, 15.823946647901504 ], [ -96.015024773093472, 15.82426649717504 ], [ -96.014554817624926, 15.825144971609033 ], [ -96.01439086527715, 15.825352662611348 ], [ -96.014095712450455, 15.825443413664081 ], [ -96.013838018413779, 15.825365366948159 ], [ -96.012930601970439, 15.824910396265775 ], [ -96.012739142196907, 15.824609767575511 ], [ -96.012753076343117, 15.823661806206804 ], [ -96.012964438913116, 15.822608203865975 ], [ -96.013943595474316, 15.818178907858554 ], [ -96.014127943109855, 15.817534668555082 ], [ -96.014047428735296, 15.816348366835278 ], [ -96.013741301822435, 15.815758328919992 ], [ -96.012393236358577, 15.814191117319231 ], [ -96.012032722849995, 15.813732393509177 ], [ -96.011698380741635, 15.813158896900845 ], [ -96.011581261613713, 15.812798340125859 ], [ -96.011369047522862, 15.811689238639577 ], [ -96.011261972330246, 15.811359296563355 ], [ -96.010974502115161, 15.810928668190559 ], [ -96.010670906080563, 15.810643426636272 ], [ -96.009541600412049, 15.809742925303942 ], [ -96.009247976152295, 15.809493375424216 ], [ -96.009048852753139, 15.809240645553128 ], [ -96.008939220395717, 15.809032411885838 ], [ -96.008835957956634, 15.8087325621117 ], [ -96.009492237879627, 15.808104425577458 ], [ -96.009937037194618, 15.807671563361302 ], [ -96.010229205995387, 15.807459337826817 ], [ -96.01081442885004, 15.807144010589084 ], [ -96.013001025852745, 15.80606793308262 ], [ -96.013547685426389, 15.80579828292419 ], [ -96.014124236091106, 15.805437455507978 ], [ -96.015077406265362, 15.806384329583492 ], [ -96.016880754923591, 15.80806839689126 ], [ -96.017349105079631, 15.808567537142419 ], [ -96.017731373532172, 15.809212796955149 ], [ -96.017809119384424, 15.809635456988696 ], [ -96.017789662467337, 15.810962610729259 ], [ -96.017815773775155, 15.811328687618918 ], [ -96.017886429253124, 15.811519290211841 ], [ -96.017957084835132, 15.811709892801643 ], [ -96.018132846752934, 15.811888394664216 ], [ -96.01881175968262, 15.812340197194807 ], [ -96.019008802275806, 15.81249867323689 ], [ -96.019129110999245, 15.812642549868311 ], [ -96.019249419886748, 15.81278642646058 ], [ -96.019396116744431, 15.813039026526017 ], [ -96.019840086102818, 15.813930073518618 ], [ -96.019954716274782, 15.814222868364576 ], [ -96.020000201021773, 15.814460532937337 ], [ -96.02004568582602, 15.814698197514355 ], [ -96.020061011866346, 15.815084444317533 ], [ -96.020041562578101, 15.816411600126388 ], [ -96.020150712103543, 15.816839771124238 ], [ -96.020415120127453, 15.817175258807964 ], [ -96.02067952898291, 15.817510746310045 ], [ -96.021325834838308, 15.818041110118314 ], [ -96.023813138169388, 15.819845153584392 ], [ -96.024427986440699, 15.820375078820483 ], [ -96.024618967021624, 15.820709555704237 ], [ -96.024809948162044, 15.821044032518587 ], [ -96.024740756324888, 15.821469756384269 ], [ -96.024035891751268, 15.822787511798087 ], [ -96.023903971712642, 15.823197135825037 ], [ -96.023948593740585, 15.823494048733776 ], [ -96.023993215821335, 15.823790961648699 ], [ -96.024252628866975, 15.824229660270513 ], [ -96.025373988086159, 15.825683092710356 ], [ -96.025678751097914, 15.826048704866944 ], [ -96.025910151002918, 15.826289206323002 ], [ -96.025179622383746, 15.826774199103619 ], [ -96.023684758499499, 15.827417395820975 ], [ -96.023212449712304, 15.82754297653347 ], [ -96.022503211257444, 15.827485829046108 ], [ -96.021962323717489, 15.827278609037551 ], [ -96.020325787054148, 15.826371174841452 ], [ -96.019760389778767, 15.82604678662601 ] ] ] ] } },
{ "type": "Feature", "properties": { "fid": 28.0, "cat": 26, "CLAVE_ACUI": "2011", "NOM_ACUIF": "HUATULCO", "VULNERABIL": 2 }, "geometry": { "type": "MultiPolygon", "coordinates": [ [ [ [ -96.090519813260016, 15.800936020128827 ], [ -96.091597555899668, 15.80090304799365 ], [ -96.09246291776266, 15.801046709845762 ], [ -96.095423546684927, 15.80175008476172 ], [ -96.096247243328818, 15.801872856147094 ], [ -96.097130515202238, 15.801742434547744 ], [ -96.097568633140511, 15.801433348162512 ], [ -96.098729902605498, 15.800121363546902 ], [ -96.09909501260357, 15.799780819239302 ], [ -96.099637598350483, 15.799503601491999 ], [ -96.100047611806346, 15.799448120459829 ], [ -96.101418424068356, 15.799466422465303 ], [ -96.101817802035924, 15.799420955526493 ], [ -96.102310751948082, 15.799190478913596 ], [ -96.102615587463958, 15.798906693708336 ], [ -96.103545197597754, 15.797812836666088 ], [ -96.103797430600579, 15.797538507145644 ], [ -96.104044913830009, 15.797352163033496 ], [ -96.10414622890211, 15.797360286991617 ], [ -96.104371549906247, 15.797584543033427 ], [ -96.104461940905693, 15.797622999772123 ], [ -96.104658444230864, 15.797578208488053 ], [ -96.104848772088161, 15.797475764057975 ], [ -96.105540463813384, 15.797042479804146 ], [ -96.105803937834708, 15.796961328262476 ], [ -96.106341793511788, 15.797015906188854 ], [ -96.106846685709641, 15.797175025610516 ], [ -96.108665002173851, 15.797862997733786 ], [ -96.109175288825156, 15.798012024577575 ], [ -96.109738301381071, 15.798019518208182 ], [ -96.110032317285899, 15.797881197070176 ], [ -96.110841375713107, 15.797228203298895 ], [ -96.11106188163717, 15.797093982347693 ], [ -96.111345663968649, 15.797060505205062 ], [ -96.111375594583109, 15.79729288021845 ], [ -96.111593079095243, 15.798070158117287 ], [ -96.111586435721151, 15.798291887131395 ], [ -96.111337947697507, 15.79854934438535 ], [ -96.110989607872781, 15.798695410905813 ], [ -96.10961250779394, 15.799119591752993 ], [ -96.109253026127703, 15.799311224831806 ], [ -96.108952546821214, 15.799781337182441 ], [ -96.108882772400463, 15.800261293699704 ], [ -96.108857636729098, 15.802030978635647 ], [ -96.10890858065909, 15.802507462615475 ], [ -96.10904001881778, 15.802734416174761 ], [ -96.109171457239128, 15.802961369699203 ], [ -96.109496051763173, 15.803133324064909 ], [ -96.110747952314597, 15.803481866811836 ], [ -96.111090088510224, 15.803527057974447 ], [ -96.111262454293495, 15.80345823451538 ], [ -96.111434819980261, 15.803389410899415 ], [ -96.111585156771937, 15.803147581352466 ], [ -96.111941994659844, 15.802156690166207 ], [ -96.112061144554445, 15.801894126054528 ], [ -96.112160743231868, 15.801776922384844 ], [ -96.112260341790545, 15.801659718649166 ], [ -96.112425759594259, 15.801587415018551 ], [ -96.112998512202495, 15.801484404663412 ], [ -96.113174276754904, 15.801422397552729 ], [ -96.113298017759675, 15.801329219896553 ], [ -96.113421758655932, 15.801236042150173 ], [ -96.113599539436265, 15.801031827216411 ], [ -96.11418169863046, 15.800265178392049 ], [ -96.114334689968629, 15.799959037208692 ], [ -96.114466492417137, 15.799297028442407 ], [ -96.114501790244304, 15.79865744291598 ], [ -96.114511399978895, 15.797979374863598 ], [ -96.114534708415093, 15.796334719040889 ], [ -96.114548443263132, 15.795904098992581 ], [ -96.114509689676822, 15.795527326192275 ], [ -96.114428215130957, 15.795180757947804 ], [ -96.114297198549224, 15.794460504434944 ], [ -96.115970239487524, 15.794363733225692 ], [ -96.117353231229743, 15.79423298085306 ], [ -96.117801425273385, 15.794258053478165 ], [ -96.118534699551589, 15.794448462509818 ], [ -96.119600358926547, 15.795268594160623 ], [ -96.12057616097465, 15.796260244556153 ], [ -96.124064316756247, 15.800067795507575 ], [ -96.124957452782482, 15.800971980520462 ], [ -96.125297320633848, 15.801177980573348 ], [ -96.125637189231512, 15.801383980204363 ], [ -96.125715098297178, 15.801068368165968 ], [ -96.125398937407041, 15.799183513465213 ], [ -96.125369700726836, 15.798653129852141 ], [ -96.125459561149938, 15.798357995307276 ], [ -96.12554942124288, 15.798062860674881 ], [ -96.125835400831434, 15.797750002155745 ], [ -96.126990246792133, 15.796880260356632 ], [ -96.127291170811532, 15.796623475303734 ], [ -96.12754064216395, 15.796294891361301 ], [ -96.127596106293026, 15.796082271217237 ], [ -96.127605467789067, 15.795418628053595 ], [ -96.127577003925211, 15.795204897969381 ], [ -96.127434811568762, 15.794871134086208 ], [ -96.127260143831364, 15.794608058560325 ], [ -96.126587223239738, 15.793714135960517 ], [ -96.126491167086414, 15.793457179773929 ], [ -96.126715821801255, 15.793151973999649 ], [ -96.127132812570338, 15.792972921156524 ], [ -96.128854111078994, 15.792442537998649 ], [ -96.129355311903154, 15.792244273838863 ], [ -96.129972953357154, 15.791849432145211 ], [ -96.130354096989265, 15.791483637095846 ], [ -96.131515117830247, 15.790171431178399 ], [ -96.131858894443894, 15.789850858019438 ], [ -96.132302173396852, 15.789667060593215 ], [ -96.13259165354134, 15.789725066317795 ], [ -96.1334992850974, 15.790179555849921 ], [ -96.133756722626899, 15.790277776428175 ], [ -96.134050463496962, 15.790281651261937 ], [ -96.134212655417969, 15.790188966261351 ], [ -96.13467580892879, 15.789752560855874 ], [ -96.134827795200735, 15.789639421182459 ], [ -96.135073912050913, 15.789547842062476 ], [ -96.135273521414248, 15.789530154375779 ], [ -96.135958915304329, 15.789539189841507 ], [ -96.136169443858108, 15.789491165940152 ], [ -96.136466515884877, 15.789258019925283 ], [ -96.136680375458582, 15.788972978009891 ], [ -96.137381310192765, 15.787875926544793 ], [ -96.137584533495016, 15.787600902957854 ], [ -96.137831978889182, 15.787414512991319 ], [ -96.137982249528008, 15.787423265355043 ], [ -96.138436068068344, 15.78765049942716 ], [ -96.138618096265034, 15.78763935000037 ], [ -96.139013741329308, 15.787360085196088 ], [ -96.139396919110325, 15.786972284244394 ], [ -96.140789424651331, 15.785441804182897 ], [ -96.141272443689459, 15.784958794059028 ], [ -96.141655383075829, 15.784919804816582 ], [ -96.141924560361232, 15.785053729052509 ], [ -96.142713316863649, 15.785838504232691 ], [ -96.14293811241852, 15.786144560949049 ], [ -96.143198398977091, 15.786788051561171 ], [ -96.143345441313983, 15.787401267271273 ], [ -96.143771354655755, 15.789619450200917 ], [ -96.143949586996172, 15.790253395622905 ], [ -96.144355423018965, 15.790993624287673 ], [ -96.144756957155337, 15.791417147973339 ], [ -96.146224956608989, 15.792653359047549 ], [ -96.146603330167608, 15.792858139430178 ], [ -96.146901062397035, 15.792577574127456 ], [ -96.14694801937361, 15.791971986553781 ], [ -96.146869417995532, 15.789426476710338 ], [ -96.146777165553416, 15.788646343581085 ], [ -96.146425259469623, 15.787551232265383 ], [ -96.146014791128991, 15.786766920375202 ], [ -96.144451198244369, 15.78420190634942 ], [ -96.144046137014811, 15.783698188015 ], [ -96.143781199313523, 15.783386525149293 ], [ -96.143626515930436, 15.783318453564874 ], [ -96.143761060110464, 15.782868673601579 ], [ -96.144154793850305, 15.782873847049943 ], [ -96.14444643671321, 15.782877678617352 ], [ -96.144635549672387, 15.782859843277601 ], [ -96.144832699850539, 15.782767607857259 ], [ -96.14492522991506, 15.782653678406596 ], [ -96.145159886108928, 15.782214242919233 ], [ -96.145263048416098, 15.782090293048158 ], [ -96.145509816827115, 15.781951295863774 ], [ -96.145759180815517, 15.781876678119376 ], [ -96.146676110447956, 15.781667456825575 ], [ -96.146952268681488, 15.781552549865303 ], [ -96.14732407751255, 15.78122554070902 ], [ -96.147579074177571, 15.780873291688186 ], [ -96.148397243488617, 15.779556469575406 ], [ -96.148553288400876, 15.779152121520983 ], [ -96.148463335827614, 15.778581989074928 ], [ -96.148824707876798, 15.778563021969203 ], [ -96.149186079742137, 15.778544054273892 ], [ -96.14928590558344, 15.779283647432299 ], [ -96.149823928923269, 15.779575178057886 ], [ -96.15174726286935, 15.780927943716453 ], [ -96.152315843609912, 15.781285909009048 ], [ -96.153045871664744, 15.781603654661124 ], [ -96.153520186845014, 15.781699611904424 ], [ -96.154261908560372, 15.781764638274574 ], [ -96.155003630261035, 15.781829662022009 ], [ -96.155400402945048, 15.78184332113293 ], [ -96.155768563084351, 15.78177701909671 ], [ -96.155897733189164, 15.7816686433149 ], [ -96.156132366264558, 15.781229191841378 ], [ -96.156069091861383, 15.781001459081546 ], [ -96.155539180832164, 15.780378157459996 ], [ -96.15484544324292, 15.779715458048251 ], [ -96.152137950573263, 15.777246148658266 ], [ -96.151433744646582, 15.776583304365481 ], [ -96.150854904820477, 15.775959354020321 ], [ -96.150732192999499, 15.775730841982602 ], [ -96.150911107739518, 15.775316066299856 ], [ -96.151276778068095, 15.775051619772809 ], [ -96.154436234657382, 15.772323278998694 ], [ -96.154906463418655, 15.771833287775438 ], [ -96.154926308391552, 15.771664215317577 ], [ -96.154819799012415, 15.771109670769327 ], [ -96.154839502183862, 15.77095075637896 ], [ -96.155037959279255, 15.770763700279314 ], [ -96.155301766089167, 15.77065539136532 ], [ -96.156334406170274, 15.770337002706176 ], [ -96.156624932382684, 15.770193481513907 ], [ -96.156948082092697, 15.769842107508147 ], [ -96.157119198042452, 15.769483666016448 ], [ -96.15759458557477, 15.768162312137443 ], [ -96.157698010125642, 15.767767425520866 ], [ -96.157705274879234, 15.767245976504791 ], [ -96.157612229183442, 15.766895936066559 ], [ -96.157170753722866, 15.765783862931064 ], [ -96.157130299147681, 15.765424349676303 ], [ -96.157382983227691, 15.764858694078919 ], [ -96.15778441349309, 15.764410127012736 ], [ -96.159405056952608, 15.762882460088626 ], [ -96.15985935062227, 15.762404097981451 ], [ -96.160358756739683, 15.761699417218665 ], [ -96.160617900919192, 15.761171093173372 ], [ -96.161327827720072, 15.759410260006984 ], [ -96.161549475923167, 15.758937324831772 ], [ -96.161873915308206, 15.758491129518379 ], [ -96.162115752633511, 15.758326642883313 ], [ -96.162919887070927, 15.75800523228089 ], [ -96.163182419488848, 15.757861333954525 ], [ -96.163603436756915, 15.757511220452862 ], [ -96.16394235684109, 15.75715495633343 ], [ -96.165102958174998, 15.755842499253209 ], [ -96.165499775149385, 15.755471745732905 ], [ -96.166190994097789, 15.755054023429203 ], [ -96.16678163307175, 15.754828030077656 ], [ -96.16884672495128, 15.754191105150586 ], [ -96.169501562064013, 15.753874497934788 ], [ -96.170492374057673, 15.75303393534219 ], [ -96.171252987524483, 15.75214972982698 ], [ -96.173811636068606, 15.748863994701017 ], [ -96.174561304255349, 15.748010114293633 ], [ -96.175501155987732, 15.747311098058928 ], [ -96.17609413812427, 15.747166385472509 ], [ -96.177921541980467, 15.74719007015382 ], [ -96.17851340082936, 15.747126617030611 ], [ -96.179448001644417, 15.746806824320181 ], [ -96.180191284721445, 15.746413429566658 ], [ -96.182131878044061, 15.745075954706804 ], [ -96.183141428399395, 15.744645351580562 ], [ -96.184105990152531, 15.744180294380891 ], [ -96.184400657415466, 15.744112981900413 ], [ -96.185085928185984, 15.744121837662131 ], [ -96.185296124828213, 15.744094073092235 ], [ -96.185591771246266, 15.743955650357769 ], [ -96.185803926358204, 15.743785668117916 ], [ -96.186817536185643, 15.743143992153495 ], [ -96.187848467125008, 15.742683159655765 ], [ -96.189765740349756, 15.741594791832222 ], [ -96.190309377014685, 15.741222488512291 ], [ -96.190624918299164, 15.740908203955817 ], [ -96.191553802512288, 15.739813843588406 ], [ -96.191646798003759, 15.739662638828282 ], [ -96.192171270674109, 15.73941200523112 ], [ -96.192390648931195, 15.739479180001933 ], [ -96.193069832797676, 15.739930464389698 ], [ -96.193351446806361, 15.740049241176974 ], [ -96.193668953426126, 15.740100745007735 ], [ -96.193986460284265, 15.740152248401047 ], [ -96.194612008477151, 15.740180623551778 ], [ -96.19689622224422, 15.740210020265849 ], [ -96.19755393515473, 15.740187999476795 ], [ -96.198339045052464, 15.74005585175369 ], [ -96.198802917019535, 15.739889090843548 ], [ -96.2001825386983, 15.739243016614372 ], [ -96.200604035617047, 15.739106187756759 ], [ -96.201191404350396, 15.739113732551116 ], [ -96.201609006611434, 15.739261339860265 ], [ -96.202970454410661, 15.73994262583458 ], [ -96.203387643160028, 15.740120705776668 ], [ -96.203680356787302, 15.740195584547376 ], [ -96.203973070692669, 15.740270462958685 ], [ -96.204392206519302, 15.7403063217637 ], [ -96.205762746551187, 15.740323901326455 ], [ -96.206150972314163, 15.74031871910317 ], [ -96.206592151444042, 15.740276960489002 ], [ -96.206834181423531, 15.740222487893844 ], [ -96.207522474883092, 15.740010040159889 ], [ -96.20773359307239, 15.73991452896971 ], [ -96.208030518096891, 15.73968125896578 ], [ -96.208243578226572, 15.739443527245628 ], [ -96.208940930410151, 15.738567380887989 ], [ -96.209153572173662, 15.738360123623849 ], [ -96.209448551892251, 15.738269071129274 ], [ -96.209657310253419, 15.738346253491223 ], [ -96.210336538283258, 15.738797489608508 ], [ -96.210619550987104, 15.738814659551403 ], [ -96.211261045678796, 15.738443549452453 ], [ -96.211894451036784, 15.737896220477026 ], [ -96.214208819383188, 15.735713110038361 ], [ -96.214916321014954, 15.735115914733221 ], [ -96.215903653605622, 15.734512130471151 ], [ -96.216606629269137, 15.734246777192674 ], [ -96.218899846703778, 15.73361223337934 ], [ -96.21954464609037, 15.733381688821131 ], [ -96.220350823758466, 15.732855160430033 ], [ -96.22081899428629, 15.732370041554519 ], [ -96.222213539578703, 15.730617638753731 ], [ -96.222589006989153, 15.730263419406052 ], [ -96.22296398935886, 15.729816055473671 ], [ -96.223116784458654, 15.729765505837268 ], [ -96.22345790553419, 15.729880486311465 ], [ -96.223557706756921, 15.729869903349545 ], [ -96.223682324310502, 15.729705535943026 ], [ -96.223760547988675, 15.729481308313659 ], [ -96.224000972764472, 15.728599279778258 ], [ -96.224090097437255, 15.728344709269408 ], [ -96.224265589079039, 15.728038742357359 ], [ -96.22442716672974, 15.727856217199705 ], [ -96.225005702607874, 15.727310398934325 ], [ -96.225219169498615, 15.727169175225848 ], [ -96.225636814108626, 15.727055950236306 ], [ -96.226019982642271, 15.72703542359571 ], [ -96.227390459100675, 15.727052852914142 ], [ -96.227842284059093, 15.726997634212839 ], [ -96.22858032204789, 15.726722521118987 ], [ -96.229182835614509, 15.726384720247937 ], [ -96.231256513742025, 15.725083416342091 ], [ -96.231869644560931, 15.724735580868563 ], [ -96.232657257170985, 15.724413665237995 ], [ -96.233169288521893, 15.724301621899221 ], [ -96.234771156103974, 15.724100663129594 ], [ -96.23520935671786, 15.724018160287082 ], [ -96.235652425634925, 15.723834112627296 ], [ -96.235847180504024, 15.723653690842493 ], [ -96.236312966113317, 15.722995769881619 ], [ -96.236476254942332, 15.722814948624643 ], [ -96.236772485502982, 15.72262903767237 ], [ -96.23703238329702, 15.722544271706905 ], [ -96.237949008647675, 15.722334605925109 ], [ -96.238224706644004, 15.722244958186627 ], [ -96.2385946722911, 15.722036269925574 ], [ -96.238847496381652, 15.721827791584261 ], [ -96.239657373244512, 15.721063578929888 ], [ -96.239884317248922, 15.720829370069714 ], [ -96.240133515556096, 15.720500610233174 ], [ -96.240262569299077, 15.720265162350326 ], [ -96.240615620447898, 15.719495165021272 ], [ -96.240770824544924, 15.719265127697367 ], [ -96.241142060388356, 15.718961617654317 ], [ -96.241517192958284, 15.718758068693981 ], [ -96.242896571821859, 15.718111677913173 ], [ -96.243287638699115, 15.717893085827107 ], [ -96.243733242233816, 15.7175193856588 ], [ -96.243978751803581, 15.717204120730328 ], [ -96.244678855618403, 15.716106583128663 ], [ -96.244976528062338, 15.715812296499122 ], [ -96.245665566319062, 15.715536497144496 ], [ -96.246352234710102, 15.715436783233137 ], [ -96.248867650042257, 15.715247234424591 ], [ -96.249877942656298, 15.71526335619199 ], [ -96.250207835265257, 15.715303075842968 ], [ -96.250469985657801, 15.715440161322141 ], [ -96.250751777600712, 15.715720308066814 ], [ -96.251033570320445, 15.716000454294845 ], [ -96.251189751044478, 15.716217489489221 ], [ -96.251355008246847, 15.716670028009236 ], [ -96.251536411268603, 15.717699670677533 ], [ -96.251725505671729, 15.718199925948154 ], [ -96.251764116497696, 15.718449348974344 ], [ -96.25175520523895, 15.719113067820688 ], [ -96.25171570043247, 15.719320864105571 ], [ -96.25154025583376, 15.719626861141499 ], [ -96.251329125186643, 15.719856203257496 ], [ -96.250519290122497, 15.720620467127281 ], [ -96.250277375029668, 15.72079861654187 ], [ -96.249958276574105, 15.720865718746193 ], [ -96.249744337244564, 15.720783429755604 ], [ -96.249065054180093, 15.72033231156105 ], [ -96.248788732978753, 15.720208592480828 ], [ -96.248178515793398, 15.720082355007371 ], [ -96.247583098348031, 15.720025733754655 ], [ -96.245414704163707, 15.719887726860087 ], [ -96.244849659729908, 15.719912766850848 ], [ -96.244381175249231, 15.720167639127782 ], [ -96.244276955676597, 15.720506703557071 ], [ -96.244259081755771, 15.721834132568695 ], [ -96.244200074127434, 15.722321096972971 ], [ -96.243633732426503, 15.724129304752079 ], [ -96.243377439681012, 15.725330662904978 ], [ -96.243172074223253, 15.726039309870185 ], [ -96.243029536121057, 15.726237333297528 ], [ -96.242569724356187, 15.726452795254588 ], [ -96.242438906217032, 15.726559520897288 ], [ -96.242288233561567, 15.726842112517785 ], [ -96.24220380489642, 15.727139089208976 ], [ -96.241960475212252, 15.728242388441444 ], [ -96.241881905833395, 15.72849371623151 ], [ -96.241758580555157, 15.728563280448821 ], [ -96.241660971283537, 15.728411330147777 ], [ -96.241328787956277, 15.727632664485206 ], [ -96.2412260036173, 15.727475568324103 ], [ -96.241078525382889, 15.72752111859227 ], [ -96.240970626179191, 15.727743286505667 ], [ -96.240614572290809, 15.728734519162789 ], [ -96.240490322193068, 15.729002202381501 ], [ -96.24026654447519, 15.729260158618239 ], [ -96.240071112290465, 15.729360984242607 ], [ -96.239382872832365, 15.729573546321749 ], [ -96.239187440020643, 15.729674371032473 ], [ -96.238963660004657, 15.729932325534524 ], [ -96.238839406907545, 15.73020000732185 ], [ -96.238483336953152, 15.731191233953814 ], [ -96.238338379242592, 15.731438331817454 ], [ -96.23801798214528, 15.731600228950221 ], [ -96.237705230150581, 15.731584412463508 ], [ -96.236566120398876, 15.731348702030948 ], [ -96.236222315167652, 15.731302008192877 ], [ -96.235756998374058, 15.731319816801461 ], [ -96.235436064990097, 15.731391951515745 ], [ -96.234403691104418, 15.731710768894239 ], [ -96.234176055679896, 15.731865369454974 ], [ -96.234146132264343, 15.732268024629347 ], [ -96.234148844170534, 15.73227419422637 ], [ -96.234145353695723, 15.732325591152037 ], [ -96.234329463691736, 15.732803779014223 ], [ -96.235223764801432, 15.734248889312306 ], [ -96.235439985854882, 15.734680068200944 ], [ -96.235556266197861, 15.735131994007054 ], [ -96.235506159124512, 15.735346423456383 ], [ -96.235156044320092, 15.735895167871425 ], [ -96.235022849797943, 15.736047579820791 ], [ -96.234751391162334, 15.736210091460499 ], [ -96.234496787677017, 15.7362898388137 ], [ -96.233580096190749, 15.736499479208168 ], [ -96.233335980989992, 15.736579358205722 ], [ -96.233039084072871, 15.736812668184148 ], [ -96.233039709377579, 15.736895653783733 ], [ -96.232918010788978, 15.73744729304153 ], [ -96.232849289128097, 15.737615762626433 ], [ -96.232650286892948, 15.737850314727442 ], [ -96.232434719472153, 15.73801691937701 ], [ -96.23162773825166, 15.738559853548701 ], [ -96.231323494564307, 15.738689768525472 ], [ -96.230710674302358, 15.738753105410181 ], [ -96.230139461156654, 15.738713670868385 ], [ -96.228325935464696, 15.738354187475045 ], [ -96.227608502978285, 15.738395864104758 ], [ -96.226773165766389, 15.738622313451565 ], [ -96.226297258262264, 15.738904136869531 ], [ -96.224911685945884, 15.739992858745175 ], [ -96.224456475148244, 15.740295261758238 ], [ -96.223717737859914, 15.740617759046449 ], [ -96.223117610179514, 15.740776065909358 ], [ -96.221055749677106, 15.741192323043821 ], [ -96.220503165395414, 15.741325827396182 ], [ -96.219986301877611, 15.741532602416715 ], [ -96.219800509881438, 15.74169449206696 ], [ -96.219450343375016, 15.742243202389735 ], [ -96.219395456230799, 15.742422002757577 ], [ -96.219489484091596, 15.74270769468972 ], [ -96.219678697201743, 15.742937025595461 ], [ -96.220467667399575, 15.743721543386044 ], [ -96.220735896567845, 15.743926480694483 ], [ -96.221198659382367, 15.744098337660859 ], [ -96.221591519708099, 15.74413890993282 ], [ -96.222962105562189, 15.744156385538661 ], [ -96.223476765866224, 15.744112143199205 ], [ -96.224507926164691, 15.743888205371254 ], [ -96.225466350375072, 15.743612533645051 ], [ -96.22890782061377, 15.742549970000745 ], [ -96.229866097908641, 15.742284435647543 ], [ -96.230896604459645, 15.742107872442515 ], [ -96.231410481169519, 15.742121176556095 ], [ -96.232778069328432, 15.742359823853041 ], [ -96.233144136218286, 15.742442370292993 ], [ -96.233484857747825, 15.742588944348842 ], [ -96.233605535689534, 15.742715789863311 ], [ -96.233827978058528, 15.743161161765759 ], [ -96.233990200964286, 15.743319016221214 ], [ -96.234524799329748, 15.743610297844354 ], [ -96.23512628964977, 15.743868558853061 ], [ -96.237398659487297, 15.744782483452507 ], [ -96.238041154229933, 15.74511238133277 ], [ -96.238767081550819, 15.745737991589824 ], [ -96.239161625605391, 15.746301823652459 ], [ -96.240276912980733, 15.748307429205939 ], [ -96.240583195948545, 15.748804097795832 ], [ -96.240897217806264, 15.749116280348215 ], [ -96.241039536288895, 15.749065586925047 ], [ -96.241389665530946, 15.748516834711415 ], [ -96.241471103756439, 15.748312961069482 ], [ -96.24150102065137, 15.747910303472061 ], [ -96.241462321033453, 15.747538952029515 ], [ -96.241251806865193, 15.746208636306234 ], [ -96.241103722915966, 15.745780016345305 ], [ -96.240623179662535, 15.745110105168166 ], [ -96.240084775201851, 15.744581708402826 ], [ -96.238052784552508, 15.742785760162286 ], [ -96.237513980982271, 15.742287835437221 ], [ -96.237031534410946, 15.741760142744424 ], [ -96.236881126630536, 15.741504221517198 ], [ -96.236661669409912, 15.74083761555341 ], [ -96.236705517397496, 15.740568916942529 ], [ -96.237129596321338, 15.739981595316069 ], [ -96.237691572825881, 15.739411261376461 ], [ -96.239890025485224, 15.737337007333117 ], [ -96.24047214214437, 15.736827882445009 ], [ -96.240990260053934, 15.736526237480149 ], [ -96.241148314378449, 15.736604442644678 ], [ -96.241367784832164, 15.737271045929232 ], [ -96.241456770369084, 15.737414420545896 ], [ -96.241652565107813, 15.737416898716251 ], [ -96.241843286031866, 15.737277064179331 ], [ -96.242537519557715, 15.736622023144864 ], [ -96.242749217105469, 15.736482452996743 ], [ -96.243042908209773, 15.736486168231984 ], [ -96.243250769877093, 15.736631045944652 ], [ -96.243927102532524, 15.737303426075732 ], [ -96.244124065836829, 15.737478647169601 ], [ -96.244366892802205, 15.737623966210386 ], [ -96.244516824925952, 15.737656343772501 ], [ -96.244973681092375, 15.737662119573786 ], [ -96.245098143736115, 15.73763829138144 ], [ -96.245222113039631, 15.737521317871611 ], [ -96.245274749340211, 15.737378041092152 ], [ -96.245396415645601, 15.736826389568467 ], [ -96.245454501378987, 15.736667940636547 ], [ -96.24560390220158, 15.736480163840648 ], [ -96.245759246172454, 15.736370360116364 ], [ -96.246269734262867, 15.73597182030662 ], [ -96.246633085170089, 15.735490652395336 ], [ -96.246961692356962, 15.736190806544577 ], [ -96.247521220949309, 15.736578897241543 ], [ -96.249673425459051, 15.737933725199827 ], [ -96.250317219243058, 15.73829747190428 ], [ -96.251169369134033, 15.738640137056896 ], [ -96.251742931013382, 15.738765912125706 ], [ -96.253567405402933, 15.739010190181659 ], [ -96.254126328746878, 15.739054489368495 ], [ -96.254910159212599, 15.739016947976507 ], [ -96.255470993009212, 15.738919018115146 ], [ -96.257304383740191, 15.738499545114975 ], [ -96.257871618882561, 15.738315323195534 ], [ -96.258685326640204, 15.737875101823573 ], [ -96.259543969462726, 15.737386896228674 ], [ -96.260101616930399, 15.736874016962643 ], [ -96.261777221256125, 15.735309435103717 ], [ -96.26229975539944, 15.734675871875888 ], [ -96.2625134324378, 15.734256884474895 ], [ -96.262988055345346, 15.732935172952123 ], [ -96.263101743798089, 15.7325403309528 ], [ -96.263157671198272, 15.732019447735755 ], [ -96.263123879519497, 15.73167017097688 ], [ -96.262910258737648, 15.730561096071446 ], [ -96.262787516245709, 15.730195461514262 ], [ -96.262428339077516, 15.729598241608819 ], [ -96.262037972557067, 15.72911070452164 ], [ -96.260575452320381, 15.72743274774456 ], [ -96.260111401511878, 15.726964604206014 ], [ -96.259408339351054, 15.726457893865355 ], [ -96.258868015145381, 15.726202165095675 ], [ -96.257049570872596, 15.725515467504348 ], [ -96.256508231249668, 15.725335926203652 ], [ -96.255741367275633, 15.725155239488663 ], [ -96.25521249308332, 15.725089313274246 ], [ -96.253500858766117, 15.724957126399413 ], [ -96.252802943715551, 15.724980511840101 ], [ -96.252732388943073, 15.724766248755875 ], [ -96.252792280570262, 15.724602738792532 ], [ -96.25314232829831, 15.724053954844496 ], [ -96.25335913643778, 15.723922902855225 ], [ -96.254020861221449, 15.723860110131637 ], [ -96.254749375020296, 15.723901456421006 ], [ -96.257487389017243, 15.724157179517626 ], [ -96.258205418061678, 15.724198382641353 ], [ -96.258818198540723, 15.724134959943203 ], [ -96.2589755694258, 15.724003154812641 ], [ -96.259097185920723, 15.723451487865542 ], [ -96.259087149286344, 15.723287096601698 ], [ -96.258918695915099, 15.723071604390139 ], [ -96.258688085177454, 15.722928149472386 ], [ -96.257780357635113, 15.722474183531173 ], [ -96.257554924619441, 15.72233587307332 ], [ -96.257410628843061, 15.722144392094373 ], [ -96.257429924721407, 15.722009158448737 ], [ -96.257664267090973, 15.72156954885504 ], [ -96.257838466404934, 15.721423214449198 ], [ -96.258305036848284, 15.721310537256747 ], [ -96.25885757196933, 15.721239082510662 ], [ -96.260740355843879, 15.721209671550428 ], [ -96.261262002059638, 15.721162030692639 ], [ -96.261753361191282, 15.721025948525948 ], [ -96.261933656406697, 15.720879187219952 ], [ -96.262283674004436, 15.720330383491243 ], [ -96.262359356930446, 15.720161987321049 ], [ -96.262394592037637, 15.719749789859877 ], [ -96.262372972823556, 15.719536142673798 ], [ -96.262295873415525, 15.719418326477923 ], [ -96.261957696059923, 15.719082164532235 ], [ -96.261749969733785, 15.718927146155796 ], [ -96.26111875845973, 15.718539888341597 ], [ -96.260424756620139, 15.71814167987233 ], [ -96.257817315986344, 15.716670616959064 ], [ -96.257149888503022, 15.716247332015682 ], [ -96.256642644152407, 15.715743080127435 ], [ -96.2565854344125, 15.71544600660976 ], [ -96.256825696840281, 15.714563915503087 ], [ -96.25694112980031, 15.714299494312389 ], [ -96.257239555499382, 15.713947619908499 ], [ -96.257550444669022, 15.713709362997568 ], [ -96.258702830875052, 15.712949367613863 ], [ -96.258871314500396, 15.712770284015189 ], [ -96.259036395106833, 15.71253703675267 ], [ -96.25954572939321, 15.712469497931604 ], [ -96.260295244777083, 15.712391868914661 ], [ -96.261217000154375, 15.712241455658397 ], [ -96.261628138111845, 15.712219519124719 ], [ -96.262287607809611, 15.712322626068651 ], [ -96.264636933675177, 15.71317849273769 ], [ -96.265246696707322, 15.713338546132121 ], [ -96.266231934305068, 15.71339830683088 ], [ -96.266245738932056, 15.713397180419181 ], [ -96.266273886271932, 15.713398832334454 ], [ -96.267131535819331, 15.713324900456202 ], [ -96.27010670687531, 15.712919575899285 ], [ -96.27096462633024, 15.712825310133708 ], [ -96.271993082756424, 15.712790750607548 ], [ -96.272604387433773, 15.712835647177871 ], [ -96.274428690062308, 15.713079718157255 ], [ -96.27491359984046, 15.713163673318238 ], [ -96.275132902721978, 15.713237537491745 ], [ -96.275352205794675, 15.713311401469229 ], [ -96.275493875614345, 15.713438487332205 ], [ -96.275716395533408, 15.713883826963297 ], [ -96.275816519008757, 15.713979911485582 ], [ -96.27606124149483, 15.713982966180245 ], [ -96.276310721335719, 15.713891245261095 ], [ -96.277230236024963, 15.713460157039393 ], [ -96.277637306359807, 15.713350078710645 ], [ -96.278617455249801, 15.713267468049247 ], [ -96.27961059846983, 15.713259527996358 ], [ -96.282744214592924, 15.713298565771494 ], [ -96.284467264684693, 15.713317914341935 ], [ -96.284937829044736, 15.713318661908811 ], [ -96.285066868822142, 15.713318866909171 ], [ -96.285221527026863, 15.713351789518816 ], [ -96.285335176468763, 15.713432828967521 ], [ -96.285376814188623, 15.7135192549314 ], [ -96.285391842254583, 15.713619541853902 ], [ -96.285397209200809, 15.713772110122934 ], [ -96.285377583384502, 15.714834114802304 ], [ -96.285362490898748, 15.715109311399614 ], [ -96.285457238356344, 15.715347578328881 ], [ -96.285550644968325, 15.715423253718894 ], [ -96.285891795204122, 15.715538138328162 ], [ -96.286007457998792, 15.715517561526729 ], [ -96.286206066938334, 15.715306651980981 ], [ -96.286638758301891, 15.714978415146147 ], [ -96.28686154773537, 15.714752062837555 ], [ -96.286874097416273, 15.71473237282097 ], [ -96.286979334618124, 15.714567259280104 ], [ -96.287083022871315, 15.714374312189483 ], [ -96.28715715526296, 15.714192832243707 ], [ -96.287211187609657, 15.714060558252131 ], [ -96.287252041402155, 15.713926171618017 ], [ -96.287267894950546, 15.7137684445786 ], [ -96.287258220016852, 15.713537858658874 ], [ -96.287254876843917, 15.713359868716857 ], [ -96.287924177952831, 15.71328872911624 ], [ -96.288382691759807, 15.713272359788265 ], [ -96.288709587976257, 15.713261213661511 ], [ -96.288808740643717, 15.713241828822506 ], [ -96.288897705210715, 15.713209758609649 ], [ -96.289007933015469, 15.713143144942807 ], [ -96.289098271806409, 15.713078129941342 ], [ -96.289244229788039, 15.713007541817252 ], [ -96.289380401097034, 15.712973734642951 ], [ -96.289543371333679, 15.712964074455551 ], [ -96.289855787398807, 15.712945555750554 ], [ -96.290438015695628, 15.712942623933086 ], [ -96.292493700868818, 15.712968135596885 ], [ -96.293080771590311, 15.712995739734083 ], [ -96.293764748131125, 15.713099057862239 ], [ -96.29415478687261, 15.713219051840849 ], [ -96.29529099407246, 15.713675703728551 ], [ -96.295618373949665, 15.713774596801429 ], [ -96.296009936013121, 15.713779448617336 ], [ -96.296241930031826, 15.713687486848059 ], [ -96.296933004987665, 15.713253478914657 ], [ -96.297191486930615, 15.713141522016462 ], [ -96.29770666254295, 15.7130530652622 ], [ -96.298184146057665, 15.713038654769688 ], [ -96.298798094042709, 15.713046252746636 ], [ -96.299897228581401, 15.71305985520009 ], [ -96.300591785231774, 15.713068446928418 ], [ -96.300783752578781, 15.713070023902235 ], [ -96.300426817691317, 15.71346946091939 ], [ -96.29973137096205, 15.714235353837719 ], [ -96.299560364398829, 15.714475409066827 ], [ -96.299457783455168, 15.714829775687518 ], [ -96.29948224618073, 15.715095958660836 ], [ -96.299698987556809, 15.715983779327932 ], [ -96.299734139910086, 15.716234853054324 ], [ -96.299681441948437, 15.716518709741816 ], [ -96.299571006612027, 15.716673145495175 ], [ -96.29910833860248, 15.717109988221473 ], [ -96.29901887943933, 15.717264683226917 ], [ -96.299041476005385, 15.717407217274246 ], [ -96.299064072586731, 15.717549751322524 ], [ -96.299218093810083, 15.717802296458423 ], [ -96.299891669724175, 15.718695771585303 ], [ -96.300066535834134, 15.718958735374629 ], [ -96.300208998613286, 15.719292425322983 ], [ -96.300237650424691, 15.719506161525587 ], [ -96.300228895608981, 15.720169907179798 ], [ -96.300183992879212, 15.720392894152679 ], [ -96.299983201374616, 15.720769754209416 ], [ -96.299777628264536, 15.721155586800673 ], [ -96.299576835088942, 15.721532446224506 ], [ -96.299385089187155, 15.721753615001195 ], [ -96.298691065964931, 15.72240887493769 ], [ -96.298509672887477, 15.72264033189613 ], [ -96.298357197308533, 15.723065206085774 ], [ -96.298320768284384, 15.723440712409511 ], [ -96.298303241200756, 15.724768201088624 ], [ -96.298329744491241, 15.725144486877076 ], [ -96.298400349632658, 15.725358742762882 ], [ -96.298470954888415, 15.725572998645296 ], [ -96.298646181077046, 15.725808872455511 ], [ -96.299322695307353, 15.726481104268922 ], [ -96.299497118592996, 15.726777933810739 ], [ -96.299565847898251, 15.727134420609428 ], [ -96.299634577343014, 15.727490907413701 ], [ -96.299656523080856, 15.728212611630507 ], [ -96.299621473382089, 15.730867590587854 ], [ -96.299568919812003, 15.731669660060593 ], [ -96.299358721643216, 15.732757672019224 ], [ -96.299110991006785, 15.733509904932921 ], [ -96.298165098676549, 15.735932308712632 ], [ -96.297907338543638, 15.736648851058401 ], [ -96.29764960360319, 15.737627885592527 ], [ -96.297539498033615, 15.738285291703168 ], [ -96.297283269275923, 15.740384311251173 ], [ -96.297158902860716, 15.740929768846211 ], [ -96.297600876279873, 15.741093310551236 ], [ -96.297463098008649, 15.741689461118849 ], [ -96.296496064448689, 15.741468545899949 ], [ -96.295239632884204, 15.74145295327523 ], [ -96.294892128517958, 15.741418156452461 ], [ -96.294709500461465, 15.741344762276455 ], [ -96.294526872557526, 15.741271367967341 ], [ -96.294352582768269, 15.741096467329267 ], [ -96.293904487663497, 15.740427052857688 ], [ -96.293735712910532, 15.740231898445046 ], [ -96.293565952029113, 15.740111245462854 ], [ -96.29339619135861, 15.739990592378557 ], [ -96.29307993550043, 15.739841023579553 ], [ -96.291943599454825, 15.739384339037283 ], [ -96.291595338846435, 15.739275014461263 ], [ -96.291106455399216, 15.73922152013421 ], [ -96.290756310678418, 15.739254424173739 ], [ -96.289611184344068, 15.739461467445622 ], [ -96.289260096301035, 15.739565483806743 ], [ -96.289013454225696, 15.739704668715925 ], [ -96.288766811844951, 15.739843853291118 ], [ -96.288413207195717, 15.740137507521668 ], [ -96.287256329879838, 15.741229520282765 ], [ -96.286913345206187, 15.74151314267769 ], [ -96.286691489873832, 15.741628924182308 ], [ -96.286469634316674, 15.74174470542002 ], [ -96.28617874701996, 15.741791887186581 ], [ -96.285264984856681, 15.741780504349709 ], [ -96.284963494666073, 15.741719464837555 ], [ -96.284944113205029, 15.741715540879284 ], [ -96.284360475004661, 15.741423762379082 ], [ -96.283847579149523, 15.741071898996378 ], [ -96.282037717391333, 15.739721642233725 ], [ -96.281450458280347, 15.739439973020847 ], [ -96.280519762566286, 15.739475777946279 ], [ -96.279777453049945, 15.739808595703529 ], [ -96.277244016473247, 15.741325921130668 ], [ -96.276532758723349, 15.741689596550144 ], [ -96.27574701290753, 15.741869442855178 ], [ -96.275741660619104, 15.741868053483547 ], [ -96.27573652337388, 15.741869311704084 ], [ -96.275335779018249, 15.741762692450546 ], [ -96.274202438862588, 15.741084676563446 ], [ -96.273812051222706, 15.740988345214243 ], [ -96.273467814117637, 15.74110258101836 ], [ -96.273123576708244, 15.741216816215916 ], [ -96.272530426938303, 15.741639533539905 ], [ -96.270450848860435, 15.743383729225682 ], [ -96.269762059918961, 15.743896686077754 ], [ -96.269194684123377, 15.744221494105577 ], [ -96.268627306684124, 15.7445463003592 ], [ -96.267695019619779, 15.744961362328565 ], [ -96.264479083285821, 15.746248675363791 ], [ -96.263452919656103, 15.746621894772581 ], [ -96.262666515378257, 15.746849097736323 ], [ -96.261880109787114, 15.747076297574912 ], [ -96.260659402893822, 15.747352223383434 ], [ -96.256535571021203, 15.748185431192844 ], [ -96.255221130342633, 15.748409340250063 ], [ -96.254216024218024, 15.748515212752705 ], [ -96.253210917828952, 15.748621080443657 ], [ -96.251653628272564, 15.748699654882518 ], [ -96.246396498414313, 15.748854529165342 ], [ -96.245017810362199, 15.748914992108684 ], [ -96.244429432300279, 15.748978672951718 ], [ -96.243841054138642, 15.74904235214402 ], [ -96.243538661048305, 15.749163839240758 ], [ -96.243304249073759, 15.749603422738256 ], [ -96.243222411740049, 15.749707379669328 ], [ -96.243220679901668, 15.749707914492374 ], [ -96.24307491681185, 15.7497529287105 ], [ -96.242946047231143, 15.74971404181815 ], [ -96.242316219293187, 15.749653006781173 ], [ -96.24211977265972, 15.749697935301151 ], [ -96.24164909122598, 15.75028241725497 ], [ -96.24048297152342, 15.752037842118009 ], [ -96.240054609159884, 15.752552295816255 ], [ -96.23938702525794, 15.753041701 ], [ -96.238801477091286, 15.75328321024247 ], [ -96.236736498721527, 15.753920836576327 ], [ -96.236103398020362, 15.754187135533483 ], [ -96.235658654356811, 15.754489692384826 ], [ -96.235213909452185, 15.754792248107668 ], [ -96.234576310224398, 15.755390395358715 ], [ -96.232490311228446, 15.757576622625201 ], [ -96.23189479294777, 15.758165133905973 ], [ -96.231548262889774, 15.758445221123438 ], [ -96.231201731908229, 15.758725307629447 ], [ -96.230807165297364, 15.758937045680574 ], [ -96.229658915338575, 15.759364980428961 ], [ -96.229296230005929, 15.759546639616504 ], [ -96.229024090019237, 15.759756545450461 ], [ -96.228751949493414, 15.759966450850182 ], [ -96.228337090265683, 15.76038452168409 ], [ -96.226945349393645, 15.761915701166265 ], [ -96.226488797906256, 15.762312915092243 ], [ -96.226119387664696, 15.762474161110257 ], [ -96.225749976924263, 15.762635406404355 ], [ -96.225151071271952, 15.762698893967626 ], [ -96.223095002765746, 15.762672667949788 ], [ -96.222317765173869, 15.762733871927693 ], [ -96.221532243347895, 15.762889797930317 ], [ -96.220746720786465, 15.76304572089817 ], [ -96.219279605883514, 15.763430008690376 ], [ -96.214004081504171, 15.764911424751341 ], [ -96.212495125743359, 15.765284966619891 ], [ -96.211612007941994, 15.765415896276899 ], [ -96.210728889608973, 15.76554682215993 ], [ -96.209714654850615, 15.765547365285038 ], [ -96.206747805524799, 15.765288029635267 ], [ -96.205890787870672, 15.765300733553421 ], [ -96.205374499837959, 15.765460054812205 ], [ -96.204858211187954, 15.765619374711525 ], [ -96.2042401167257, 15.766061873458613 ], [ -96.2023882348944, 15.767808216902738 ], [ -96.201874891803129, 15.768262214353202 ], [ -96.201603041433714, 15.768448376140098 ], [ -96.201331190596804, 15.768634537503548 ], [ -96.201067819465649, 15.768712431328437 ], [ -96.200382456791274, 15.768703612415646 ], [ -96.200152089758802, 15.768670166888342 ], [ -96.199957248007721, 15.768596537325697 ], [ -96.199762406423105, 15.768522907610674 ], [ -96.199436083407861, 15.76834598259787 ], [ -96.198302930566882, 15.76766758931732 ], [ -96.197986821563859, 15.76751111453664 ], [ -96.197644794252923, 15.767459294732395 ], [ -96.197472292245592, 15.767541741410875 ], [ -96.197009308828839, 15.767978311887482 ], [ -96.196846877615812, 15.768091368434057 ], [ -96.196699363724221, 15.768136882127036 ], [ -96.196551849782281, 15.768182395708983 ], [ -96.196292812814775, 15.768199377987035 ], [ -96.195379002056825, 15.768187599289234 ], [ -96.19511954622827, 15.768235055430257 ], [ -96.194971054322806, 15.768351676843587 ], [ -96.19482256225335, 15.768468298126724 ], [ -96.194657754885782, 15.768754045942361 ], [ -96.194185634597204, 15.769854292183489 ], [ -96.194041945216071, 15.770130151377613 ], [ -96.193942731879602, 15.770223700259066 ], [ -96.193843518452411, 15.770317249079687 ], [ -96.193703741423334, 15.770308672381978 ], [ -96.193249876292583, 15.770081549759755 ], [ -96.193067858958202, 15.770092748072411 ], [ -96.192870083882909, 15.770232438857759 ], [ -96.192672308550954, 15.770372129417396 ], [ -96.192289252620071, 15.770760046658328 ], [ -96.190897196329274, 15.772290938723543 ], [ -96.190429510758349, 15.772728559458328 ], [ -96.190034278401114, 15.772984231639013 ], [ -96.189639045120515, 15.773239902933845 ], [ -96.188977494382101, 15.773532772043493 ], [ -96.186680715947716, 15.774388136541937 ], [ -96.186003212602103, 15.774696029210556 ], [ -96.185570764620067, 15.774986770769699 ], [ -96.185138315480515, 15.775277511259791 ], [ -96.184580250585611, 15.775800307685181 ], [ -96.182840828079193, 15.777658533115936 ], [ -96.182355482707919, 15.778233064684994 ], [ -96.182092730404491, 15.778644531155066 ], [ -96.181829976949629, 15.779055997120427 ], [ -96.181564600670427, 15.779657084122961 ], [ -96.180851676369258, 15.781639222604353 ], [ -96.180591748874704, 15.782225137870931 ], [ -96.180341717937779, 15.78260120542466 ], [ -96.180091686006065, 15.782977272528367 ], [ -96.17963723756192, 15.783465834711807 ], [ -96.17801652873176, 15.784993648132414 ], [ -96.177604737805154, 15.785431958018838 ], [ -96.177604731933343, 15.785431968117908 ], [ -96.17745425377818, 15.785690779189871 ], [ -96.177303769329257, 15.785949600188699 ], [ -96.17728560671091, 15.786250780024682 ], [ -96.177501818085219, 15.787138644191794 ], [ -96.177505340953914, 15.787389305296553 ], [ -96.177405454808849, 15.787530249065242 ], [ -96.177305568516388, 15.787671192763781 ], [ -96.177016656162522, 15.787823227655499 ], [ -96.175868168922548, 15.788250832342193 ], [ -96.175547641009288, 15.788412614155428 ], [ -96.175373987158338, 15.788576304665215 ], [ -96.175200333029181, 15.78873999498825 ], [ -96.175024706571406, 15.789045900353521 ], [ -96.174552421469045, 15.790146077155864 ], [ -96.174280395713538, 15.790592973651394 ], [ -96.173881825013467, 15.791085627334422 ], [ -96.17348324836118, 15.791578284821854 ], [ -96.172616476605157, 15.792538983869495 ], [ -96.169368628866366, 15.796036891438376 ], [ -96.168522941938321, 15.796987682799285 ], [ -96.168173629623197, 15.797457262193703 ], [ -96.167824315603454, 15.797926840743893 ], [ -96.167671971210197, 15.798317707370776 ], [ -96.167659660710257, 15.799202595685959 ], [ -96.16762987520643, 15.799457900522651 ], [ -96.167566531103617, 15.799611167649624 ], [ -96.167503186888368, 15.799764434740585 ], [ -96.167351988951609, 15.799947035818212 ], [ -96.166773085293016, 15.800492638788526 ], [ -96.166580343987022, 15.800644217126225 ], [ -96.166420066961138, 15.800725098959896 ], [ -96.166259789822746, 15.800805980653704 ], [ -96.165994596711172, 15.800885492951728 ], [ -96.165077582536156, 15.80109478461029 ], [ -96.164711516056698, 15.801259338008643 ], [ -96.164315867670155, 15.801538650733807 ], [ -96.163920218255228, 15.801817962552722 ], [ -96.163155855792738, 15.802451441846028 ], [ -96.160380092272192, 15.804849027834761 ], [ -96.159626199668224, 15.805482628091237 ], [ -96.159255017486188, 15.805762249304754 ], [ -96.158883834326417, 15.806041869708906 ], [ -96.158577208534155, 15.806207188520109 ], [ -96.157888655221868, 15.806419435180288 ], [ -96.157709206882416, 15.806494978352672 ], [ -96.157634771042282, 15.806565123136945 ], [ -96.15756033515099, 15.806635267886838 ], [ -96.157527109638551, 15.806760138468876 ], [ -96.157520928984127, 15.807202578388727 ], [ -96.157466861524384, 15.807317016093684 ], [ -96.157343794472666, 15.807362817394985 ], [ -96.157220727375886, 15.807408618617126 ], [ -96.156923174702513, 15.807425041326837 ], [ -96.155780730559897, 15.807410074668248 ], [ -96.155440642764546, 15.807466577575813 ], [ -96.155040805371087, 15.807717153898942 ], [ -96.154881681441907, 15.807916447149797 ], [ -96.154296535319915, 15.808904445868755 ], [ -96.154128325890269, 15.809176557427875 ], [ -96.153928498113814, 15.809458414054589 ], [ -96.15381123957809, 15.809588954922134 ], [ -96.153463860536519, 15.80991628872677 ], [ -96.153352629169234, 15.809991028946037 ], [ -96.153180929165543, 15.810012483200016 ], [ -96.153046874938852, 15.809968391912832 ], [ -96.152592989249598, 15.809741177926446 ], [ -96.152400305649508, 15.809762356282258 ], [ -96.152177652838986, 15.809925379471382 ], [ -96.151954999688229, 15.810088402370909 ], [ -96.151511530264173, 15.810533003237014 ], [ -96.149887295785732, 15.812281751562519 ], [ -96.149401564045803, 15.812746111237386 ], [ -96.149080315429316, 15.812955247728381 ], [ -96.148759066196959, 15.813164383630777 ], [ -96.148326945384866, 15.813297556384184 ], [ -96.146952880176713, 15.813500752702135 ], [ -96.146573930939567, 15.813583821632898 ], [ -96.146376748927551, 15.813676053613015 ], [ -96.146179566760594, 15.813768285383516 ], [ -96.145995138489795, 15.813948736522196 ], [ -96.145528835827704, 15.814606377662246 ], [ -96.145344263599597, 15.814796985958415 ], [ -96.145146747228523, 15.814912918389684 ], [ -96.144949230651903, 15.815028850602669 ], [ -96.144569470033076, 15.815169477056399 ], [ -96.143192284602762, 15.815593863826658 ], [ -96.142780617603663, 15.815764546057947 ], [ -96.142508654980887, 15.815950613857947 ], [ -96.142236691889707, 15.816136681231628 ], [ -96.141871321539497, 15.816497620726221 ], [ -96.140710177403122, 15.817809865531462 ], [ -96.140355864960512, 15.818130308186449 ], [ -96.14010971254433, 15.81822188776821 ], [ -96.139863559948012, 15.818313467032949 ], [ -96.139514580708592, 15.818254680079496 ], [ -96.138378320010474, 15.81779717977035 ], [ -96.138061390979985, 15.817698174395785 ], [ -96.137718645967126, 15.817693652412206 ], [ -96.137545938820551, 15.81778619802199 ], [ -96.137082715878634, 15.818222599035376 ], [ -96.136920214179327, 15.818335598223987 ], [ -96.13677265558448, 15.818381062816146 ], [ -96.13662509693944, 15.818426527296701 ], [ -96.136366002736196, 15.818443426643755 ], [ -96.135452014294486, 15.818431359130939 ], [ -96.135182284899926, 15.818458276342648 ], [ -96.135182274894802, 15.818458280338417 ], [ -96.135009910225136, 15.818527117979691 ], [ -96.134837535453499, 15.818595959459859 ], [ -96.134614765346242, 15.818765732462184 ], [ -96.133919918486043, 15.819420321913098 ], [ -96.133676448669831, 15.819569500718263 ], [ -96.133455777211935, 15.819590290617436 ], [ -96.133235105748085, 15.81961108028427 ], [ -96.132848086344282, 15.819521300603208 ], [ -96.131483343297987, 15.81906074514642 ], [ -96.131032656351209, 15.819020919082693 ], [ -96.130663422424902, 15.819158271124268 ], [ -96.130294188093615, 15.819295622452236 ], [ -96.129689918024326, 15.819727880865834 ], [ -96.127608439119641, 15.821470369275795 ], [ -96.126962044550211, 15.821912219911226 ], [ -96.12649454017145, 15.822071967655704 ], [ -96.126027035212871, 15.822231714266987 ], [ -96.12533770464978, 15.82224628431006 ], [ -96.123055845415038, 15.821994772207798 ], [ -96.122219625301824, 15.822007383828963 ], [ -96.121409371147166, 15.822162571698744 ], [ -96.120599116268977, 15.822317756329332 ], [ -96.11912031912712, 15.822748527271818 ], [ -96.113839735202717, 15.824448339790461 ], [ -96.112339930912981, 15.824878780083997 ], [ -96.111480699703222, 15.825033275546199 ], [ -96.110621467769661, 15.825187767378827 ], [ -96.109666329238735, 15.825198743653543 ], [ -96.106927488923034, 15.824940967453651 ], [ -96.106108609169908, 15.824963905561869 ], [ -96.105567305394956, 15.82514632499714 ], [ -96.105026000858345, 15.825328742914097 ], [ -96.104298294145806, 15.825827001079602 ], [ -96.101984913131986, 15.827787352463178 ], [ -96.101299740131964, 15.828245528597558 ], [ -96.100857706730977, 15.828334439724633 ], [ -96.100415673096393, 15.828423349883717 ], [ -96.099837896838309, 15.828219205306429 ], [ -96.098025688459302, 15.827088704452434 ], [ -96.097501686566815, 15.826793839279507 ], [ -96.097185113385791, 15.826671074295724 ], [ -96.096868540657198, 15.82654830891185 ], [ -96.096488047248371, 15.826492416745438 ], [ -96.095345556909194, 15.826477114331523 ], [ -96.094984451704931, 15.826533233030757 ], [ -96.094713117452116, 15.826671829402548 ], [ -96.094441782872423, 15.826810425370674 ], [ -96.094027645822536, 15.827150295390403 ], [ -96.092637665045942, 15.828459156797987 ], [ -96.092244506417529, 15.82879930371271 ], [ -96.092022131890459, 15.828938552605271 ], [ -96.091799757081844, 15.829077801216698 ], [ -96.091557560536842, 15.829135508431445 ], [ -96.090872060286159, 15.829126310633951 ], [ -96.090587312385239, 15.829224083263222 ], [ -96.090265650104826, 15.829456818519958 ], [ -96.08994398712403, 15.829689553170631 ], [ -96.089309696147495, 15.830256735802948 ], [ -96.086992968443255, 15.832438099291922 ], [ -96.086300806306383, 15.83301465193391 ], [ -96.085387471644978, 15.833523884983352 ], [ -96.085073813072071, 15.833563690534955 ], [ -96.083702791098744, 15.833545246791186 ], [ -96.083309030391447, 15.833560266766371 ], [ -96.082842501159291, 15.833648808323623 ], [ -96.082569791263751, 15.833760276568961 ], [ -96.081759836283155, 15.834134297493128 ], [ -96.08211053682615, 15.833585900777811 ], [ -96.082213158183649, 15.83338240266569 ], [ -96.08234135817402, 15.832981141971928 ], [ -96.082421879510932, 15.832611410518449 ], [ -96.082669443272906, 15.831287257281453 ], [ -96.082713604201231, 15.830891637798107 ], [ -96.082672127628371, 15.830369567369981 ], [ -96.082568714934624, 15.830019371999558 ], [ -96.081447274460132, 15.827888880123224 ], [ -96.080703856775784, 15.826798597147837 ], [ -96.080455548155683, 15.826551430120489 ], [ -96.079438448444051, 15.825763367126644 ], [ -96.079069313752456, 15.825526423967924 ], [ -96.078363781456801, 15.825208753170346 ], [ -96.077725013495211, 15.82499187990963 ], [ -96.075449638904061, 15.824297463715228 ], [ -96.074836888846733, 15.824096172627838 ], [ -96.074252752360522, 15.823851242548388 ], [ -96.07403102074953, 15.823702634676964 ], [ -96.073580409925512, 15.823254061796645 ], [ -96.073358386988843, 15.823125767998881 ], [ -96.072772890258292, 15.822975635991211 ], [ -96.072134371186678, 15.822783020864827 ], [ -96.071255788680872, 15.822581518117547 ], [ -96.07077375034703, 15.822534370748576 ], [ -96.069876789387635, 15.82263739158952 ], [ -96.068999837953058, 15.822444368171439 ], [ -96.068490183640677, 15.822129316351262 ], [ -96.068165089045706, 15.821750723681591 ], [ -96.067157642336795, 15.82029900881134 ], [ -96.066885817161747, 15.819865259625089 ], [ -96.066566532299419, 15.819205672558398 ], [ -96.066407181603623, 15.818734500552059 ], [ -96.065934382144775, 15.817025437523725 ], [ -96.066157762304968, 15.816909806656019 ], [ -96.066207050167435, 15.816766551071854 ], [ -96.066215029010138, 15.81621354637722 ], [ -96.066190949754272, 15.816064218983415 ], [ -96.06609676133742, 15.815951632439663 ], [ -96.06609653682419, 15.815941031665917 ], [ -96.066082817141805, 15.815934964467113 ], [ -96.066070601341906, 15.815920362502318 ], [ -96.065922754363385, 15.815864180561888 ], [ -96.065353150669225, 15.815745853836471 ], [ -96.065153360114479, 15.815653411568595 ], [ -96.064790608019678, 15.815340341627158 ], [ -96.064472182042351, 15.814985541006273 ], [ -96.063348954234527, 15.813642872878654 ], [ -96.062904271358235, 15.813311759850469 ], [ -96.062050877237752, 15.812923644131359 ], [ -96.062953709360201, 15.812875583974151 ], [ -96.063541941347111, 15.812954659704925 ], [ -96.065483991294499, 15.812980933024388 ], [ -96.066063932370213, 15.812907501779083 ], [ -96.066833662545662, 15.812528471574185 ], [ -96.067340239081773, 15.81208492648012 ], [ -96.068965072219939, 15.810336915220521 ], [ -96.069440604180585, 15.809862466558677 ], [ -96.070034935892181, 15.809396393199689 ], [ -96.070408450604901, 15.809205023347932 ], [ -96.07155718678321, 15.808778034477164 ], [ -96.071941190402995, 15.808586803093556 ], [ -96.072584471783685, 15.808121381570146 ], [ -96.07311944001529, 15.807647724251996 ], [ -96.074972659509982, 15.805902733396787 ], [ -96.075528306468456, 15.805449665493247 ], [ -96.07626812391824, 15.80508035068104 ], [ -96.076769360934563, 15.805005826537508 ], [ -96.078368652485821, 15.805027356698414 ], [ -96.078869306244783, 15.804993456965896 ], [ -96.079606394773478, 15.804813734038273 ], [ -96.080158728838484, 15.804590885122117 ], [ -96.08199917976674, 15.803730639880246 ], [ -96.082551507046233, 15.803507784421461 ], [ -96.083288591040969, 15.803328046982815 ], [ -96.083789241782654, 15.803294135038248 ], [ -96.085388529942378, 15.803315611262656 ], [ -96.085815453509568, 15.803301023519012 ], [ -96.086208473702541, 15.803211477818699 ], [ -96.086343007353477, 15.803098143763512 ], [ -96.086577810309691, 15.802658797407268 ], [ -96.086733906813819, 15.80250511484461 ], [ -96.087227554163917, 15.802227275351825 ], [ -96.087776667411475, 15.801984043110121 ], [ -96.089845540446575, 15.801126785828394 ], [ -96.090519813260016, 15.800936020128827 ] ] ] ] } },
{ "type": "Feature", "properties": { "fid": 29.0, "cat": 29, "CLAVE_ACUI": "2011", "NOM_ACUIF": "HUATULCO", "VULNERABIL": 4 }, "geometry": { "type": "MultiPolygon", "coordinates": [ [ [ [ -96.064639666537587, 15.817033192480293 ], [ -96.064339779592387, 15.817090089624319 ], [ -96.06396847122258, 15.817369521938812 ], [ -96.06373791700932, 15.817711813864424 ], [ -96.063033300068497, 15.819029741948624 ], [ -96.062788031938396, 15.819300718773885 ], [ -96.062348070751099, 15.819247351104849 ], [ -96.061964824596302, 15.818900134691729 ], [ -96.060616315725781, 15.817333156542434 ], [ -96.060202776647102, 15.816904254210074 ], [ -96.059621425830002, 15.816469690516639 ], [ -96.059204463039592, 15.81627778743338 ], [ -96.057839990512349, 15.815816799514163 ], [ -96.057459309996702, 15.815655862995397 ], [ -96.057046436632803, 15.815423375221304 ], [ -96.056837654783536, 15.81522751935832 ], [ -96.056276067389376, 15.814556170110478 ], [ -96.056103712494277, 15.814381126278006 ], [ -96.056033683526962, 15.814318383484649 ], [ -96.055980850208243, 15.814283368905798 ], [ -96.055985480566477, 15.814091679913846 ], [ -96.055988682681615, 15.813870480023176 ], [ -96.055986107035977, 15.813758043165658 ], [ -96.056317619704799, 15.813739487880575 ], [ -96.056644302376199, 15.813764238042038 ], [ -96.05790091969962, 15.813781281164482 ], [ -96.058306948572564, 15.813761388578891 ], [ -96.058945131508025, 15.813651516581196 ], [ -96.059450792080725, 15.813514448725503 ], [ -96.061172354600231, 15.812984662698531 ], [ -96.062050877237752, 15.812923644131359 ], [ -96.062904271358235, 15.813311759850469 ], [ -96.063348954234527, 15.813642872878654 ], [ -96.064472182042351, 15.814985541006273 ], [ -96.064790608019678, 15.815340341627158 ], [ -96.065153360114479, 15.815653411568595 ], [ -96.065353150669225, 15.815745853836471 ], [ -96.065922754363385, 15.815864180561888 ], [ -96.066070601341906, 15.815920362502318 ], [ -96.066082817150715, 15.815934964477771 ], [ -96.06609653682419, 15.815941031665917 ], [ -96.06609676133742, 15.815951632439663 ], [ -96.066190949754272, 15.816064218983415 ], [ -96.066215029010138, 15.81621354637722 ], [ -96.066207050167435, 15.816766551071854 ], [ -96.066157762304968, 15.816909806656019 ], [ -96.065934382144775, 15.817025437523725 ], [ -96.065667831792084, 15.817047102335755 ], [ -96.064639666537587, 15.817033192480293 ] ] ] ] } },
{ "type": "Feature", "properties": { "fid": 30.0, "cat": 31, "CLAVE_ACUI": "2011", "NOM_ACUIF": "HUATULCO", "VULNERABIL": 3 }, "geometry": { "type": "MultiPolygon", "coordinates": [ [ [ [ -96.055986107035977, 15.813758043165658 ], [ -96.055988682681615, 15.813870480023176 ], [ -96.055985480566477, 15.814091679913846 ], [ -96.055980850208243, 15.814283368905798 ], [ -96.05589719403828, 15.814249177742457 ], [ -96.055811166541929, 15.814226225118507 ], [ -96.055686562115625, 15.81420276052946 ], [ -96.05511537219239, 15.814195008529444 ], [ -96.054993415655133, 15.814162875805982 ], [ -96.054866610682581, 15.814088746366595 ], [ -96.054782142397158, 15.813978272550157 ], [ -96.054747797489256, 15.813883836656398 ], [ -96.054769102314296, 15.81379184494183 ], [ -96.055116619927816, 15.813464697167603 ], [ -96.055222634977639, 15.813389942567078 ], [ -96.055369854931484, 15.813368235933982 ], [ -96.055700496362675, 15.813364333100505 ], [ -96.055904061692189, 15.813321479941809 ], [ -96.055952592932258, 15.813431764849497 ], [ -96.055990967169407, 15.813608605730666 ], [ -96.055986107035977, 15.813758043165658 ] ] ] ] } },
{ "type": "Feature", "properties": { "fid": 31.0, "cat": 32, "CLAVE_ACUI": "2011", "NOM_ACUIF": "HUATULCO", "VULNERABIL": 5 }, "geometry": { "type": "MultiPolygon", "coordinates": [ [ [ [ -96.055986107035977, 15.813758043165658 ], [ -96.055990967169407, 15.813608605730666 ], [ -96.055952592932258, 15.813431764849497 ], [ -96.055904061692189, 15.813321479941809 ], [ -96.056060335669912, 15.812907463320093 ], [ -96.056335097643526, 15.812531916585296 ], [ -96.056900500598218, 15.812173857064792 ], [ -96.057943168256756, 15.810860534205402 ], [ -96.058296117197514, 15.810519907767006 ], [ -96.058667417386559, 15.810240484222801 ], [ -96.058844898225871, 15.810181934698219 ], [ -96.059301842669015, 15.810188127040796 ], [ -96.059477634887941, 15.81024638445126 ], [ -96.059841054616399, 15.810512060330778 ], [ -96.06159171982199, 15.812122296921492 ], [ -96.062050877237752, 15.812923644131359 ], [ -96.061172354600231, 15.812984662698531 ], [ -96.059450792080725, 15.813514448725503 ], [ -96.058945131508025, 15.813651516581196 ], [ -96.058306948572564, 15.813761388578891 ], [ -96.05790091969962, 15.813781281164482 ], [ -96.056644302376199, 15.813764238042038 ], [ -96.056317619704799, 15.813739487880575 ], [ -96.055986107035977, 15.813758043165658 ] ] ] ] } },
{ "type": "Feature", "properties": { "fid": 32.0, "cat": 33, "CLAVE_ACUI": "2011", "NOM_ACUIF": "HUATULCO", "VULNERABIL": 3 }, "geometry": { "type": "MultiPolygon", "coordinates": [ [ [ [ -96.07130690208065, 15.786489291093686 ], [ -96.070539090749207, 15.785278859492042 ], [ -96.070218413835761, 15.784785214828869 ], [ -96.069673226552567, 15.783975303554 ], [ -96.069360484387616, 15.783503443892311 ], [ -96.068838407811967, 15.782647936930989 ], [ -96.068383573471479, 15.781876570226535 ], [ -96.06806313971606, 15.781369780257181 ], [ -96.068087408532634, 15.781346839217679 ], [ -96.068101541891679, 15.781324246101216 ], [ -96.068117211056631, 15.781282088385943 ], [ -96.068134979765361, 15.781217530486295 ], [ -96.068151670983042, 15.781159273551033 ], [ -96.068172046540965, 15.781102901174105 ], [ -96.068188444518597, 15.781062068613364 ], [ -96.068210547702506, 15.781025644176582 ], [ -96.068254170991864, 15.780989235104542 ], [ -96.068287048543652, 15.78097474945055 ], [ -96.068314826440385, 15.780969273502969 ], [ -96.068343460670548, 15.780965694224198 ], [ -96.068478167325438, 15.780956357399345 ], [ -96.068595579485773, 15.780937622465419 ], [ -96.068779541301097, 15.780914056640091 ], [ -96.069093021299707, 15.780897687927553 ], [ -96.069249589361633, 15.780878318682779 ], [ -96.069342377720702, 15.780864281325695 ], [ -96.069402361593205, 15.780844803670602 ], [ -96.069456107590312, 15.78081640846499 ], [ -96.069480388581326, 15.780779679705576 ], [ -96.06949574680884, 15.78071866727751 ], [ -96.069509643623334, 15.780634141606287 ], [ -96.069518830999911, 15.780527762790642 ], [ -96.069534167408207, 15.78044848844185 ], [ -96.069556929247256, 15.780369274056447 ], [ -96.069591949654367, 15.78029838396168 ], [ -96.069640275493299, 15.780234392822615 ], [ -96.069691772187809, 15.78018650073254 ], [ -96.069799610498279, 15.78012004633718 ], [ -96.069921917537144, 15.780071357851245 ], [ -96.070004669063565, 15.780038415785381 ], [ -96.070102780075885, 15.779992788001262 ], [ -96.070163132847739, 15.779958213864939 ], [ -96.070293754330791, 15.779867248665344 ], [ -96.070399463764858, 15.77977768351 ], [ -96.070583492634427, 15.779627640510487 ], [ -96.070744597844453, 15.779471184609644 ], [ -96.070881696129192, 15.779304806453757 ], [ -96.070948629974168, 15.779173436987325 ], [ -96.071467708746724, 15.779080347301994 ], [ -96.072009407458836, 15.778807610180024 ], [ -96.072359071921284, 15.778577996511761 ], [ -96.072379677403973, 15.778669451615501 ], [ -96.072395427075961, 15.778737785309922 ], [ -96.072407370292339, 15.778780961527929 ], [ -96.072432979269934, 15.778864772727369 ], [ -96.072447375266293, 15.778902132618411 ], [ -96.072473316815191, 15.778955694331852 ], [ -96.072506385778681, 15.779014870934432 ], [ -96.072544340866827, 15.779056961172905 ], [ -96.072583855746927, 15.779085945781597 ], [ -96.072647963080811, 15.779109058699145 ], [ -96.07270006626284, 15.779113025874009 ], [ -96.072765630138619, 15.779109333048156 ], [ -96.072930114974952, 15.779086873052556 ], [ -96.073293440310792, 15.778991864823599 ], [ -96.074670431020962, 15.778567903656954 ], [ -96.075065952562298, 15.778422528860808 ], [ -96.07553473103242, 15.778168079475302 ], [ -96.07580889292332, 15.777949955462525 ], [ -96.076619533572014, 15.77718649103616 ], [ -96.076832794756001, 15.77682531599843 ], [ -96.076925085270062, 15.776364307611443 ], [ -96.077017375184994, 15.775903299097623 ], [ -96.077067799948878, 15.774947307289922 ], [ -96.077118528735852, 15.771408028601812 ], [ -96.077147678600952, 15.770472068999002 ], [ -96.077190334229741, 15.77005780296359 ], [ -96.077232989534537, 15.769643536876778 ], [ -96.077325713086381, 15.769395879193066 ], [ -96.077673112173699, 15.76906867512564 ], [ -96.077810562217763, 15.768994326637868 ], [ -96.078045158948299, 15.768973772900075 ], [ -96.078268320878678, 15.769019101006942 ], [ -96.078826114200041, 15.769181564736909 ], [ -96.078994499471904, 15.769220589211976 ], [ -96.079173924274855, 15.769244934211716 ], [ -96.079335955454752, 15.769253174962691 ], [ -96.079502708634806, 15.769254485018775 ], [ -96.079768652171126, 15.769258963593575 ], [ -96.07996998491025, 15.769374103949406 ], [ -96.080032300669856, 15.769548753126383 ], [ -96.080118637810855, 15.769725751269238 ], [ -96.080451785936575, 15.770393967511023 ], [ -96.080601117387204, 15.770588999613574 ], [ -96.080964848780781, 15.770830933007305 ], [ -96.081335133921527, 15.770981519627846 ], [ -96.081870758532801, 15.7712268871558 ], [ -96.082262701994992, 15.771330352609699 ], [ -96.083117620107842, 15.77154274947644 ], [ -96.083630140429534, 15.771569941147281 ], [ -96.084028202007175, 15.771612529401978 ], [ -96.084518381405303, 15.771571690262178 ], [ -96.084820575661013, 15.77147076057458 ], [ -96.08574063408858, 15.771040592423955 ], [ -96.086021558356094, 15.77095969464264 ], [ -96.086412482075389, 15.771012342180605 ], [ -96.086690020800717, 15.771168450829583 ], [ -96.087594281411953, 15.771844309032749 ], [ -96.087887121286428, 15.772031099581556 ], [ -96.088118282300329, 15.772129015791423 ], [ -96.088349443572298, 15.772226931791902 ], [ -96.088717063989279, 15.772319901323154 ], [ -96.089970305559689, 15.772557923339246 ], [ -96.090311704194917, 15.772650539507472 ], [ -96.090651654150108, 15.77284473011253 ], [ -96.090795898180161, 15.77302952946045 ], [ -96.091129087744946, 15.773697735962458 ], [ -96.091278432596354, 15.773892762802836 ], [ -96.091642185086826, 15.774134681380048 ], [ -96.092012486964848, 15.774285252096055 ], [ -96.093376813914304, 15.774745992559918 ], [ -96.093758042538553, 15.774866228348579 ], [ -96.094015895814167, 15.774928627587444 ], [ -96.094412416294801, 15.774968736226501 ], [ -96.094908788613253, 15.774973176871777 ], [ -96.095273103508788, 15.774976436105138 ], [ -96.095261737855836, 15.775088764755504 ], [ -96.095271427783246, 15.775190396148719 ], [ -96.095298404953766, 15.775269026348083 ], [ -96.095339557222445, 15.775341829293907 ], [ -96.095381630776259, 15.775421093135433 ], [ -96.095403643563074, 15.775470213687671 ], [ -96.095535624613859, 15.775764723517518 ], [ -96.095669610044752, 15.77612577600088 ], [ -96.095754155719035, 15.776353602455266 ], [ -96.095783742014248, 15.776443593649907 ], [ -96.095808318169944, 15.776507995871338 ], [ -96.095831043776514, 15.776556190777344 ], [ -96.095859434313695, 15.776600862478098 ], [ -96.095892274547509, 15.776645206474949 ], [ -96.09593669431483, 15.776687148280029 ], [ -96.095987630205016, 15.776721105540155 ], [ -96.09604404692432, 15.776747538285521 ], [ -96.096089429738043, 15.776764528823941 ], [ -96.096159113024427, 15.776782058447875 ], [ -96.096444920500389, 15.776840322891161 ], [ -96.096994232130115, 15.776945865897765 ], [ -96.099047071124559, 15.777194515651514 ], [ -96.099679943029074, 15.777326565805735 ], [ -96.100580503443496, 15.777694159439367 ], [ -96.1012341477809, 15.77808724317617 ], [ -96.103383945274246, 15.779554032379529 ], [ -96.103968767862227, 15.779991910437989 ], [ -96.10454812445461, 15.780568561433045 ], [ -96.10479095261924, 15.780954471394598 ], [ -96.105344795545491, 15.782178733921091 ], [ -96.10554121480358, 15.782508148023979 ], [ -96.1057226034454, 15.782664649718068 ], [ -96.105903992371807, 15.782821151305273 ], [ -96.106225826674574, 15.782938884461473 ], [ -96.107364944052932, 15.783175299471266 ], [ -96.107708048717257, 15.783272994601697 ], [ -96.107939066667612, 15.783382743936638 ], [ -96.108170084900465, 15.783492493066341 ], [ -96.108487032178374, 15.783708367284934 ], [ -96.109504087573967, 15.784496280213787 ], [ -96.109758096574382, 15.78471131595005 ], [ -96.109926411752028, 15.784926905203671 ], [ -96.109912852521575, 15.785019854292006 ], [ -96.109681260428999, 15.785238027293259 ], [ -96.109652037685152, 15.785325688244766 ], [ -96.109747257366948, 15.785516599877612 ], [ -96.109912508503257, 15.785701669770987 ], [ -96.110019064294619, 15.785915308922409 ], [ -96.11003745163417, 15.786098425714643 ], [ -96.110132671940264, 15.786289337287354 ], [ -96.110250313697762, 15.786378951272127 ], [ -96.110704088857133, 15.786606237828158 ], [ -96.110810088424245, 15.786776973393644 ], [ -96.110850977188122, 15.787346453288576 ], [ -96.110803389442012, 15.787989260371218 ], [ -96.110540417642767, 15.790419545741871 ], [ -96.110418239699655, 15.7911426368699 ], [ -96.11000668445287, 15.792581514397819 ], [ -96.109726997674485, 15.793312668579453 ], [ -96.109491343471333, 15.793775179617063 ], [ -96.108671304364094, 15.79520240757817 ], [ -96.108531215992599, 15.795584912509485 ], [ -96.108697517404906, 15.795942710685253 ], [ -96.109075180259268, 15.796071345674376 ], [ -96.110671308749829, 15.796313837389306 ], [ -96.110816612815725, 15.796385194046016 ], [ -96.11142347137779, 15.796753366322816 ], [ -96.111345663968649, 15.797060505205062 ], [ -96.11106188163717, 15.797093982347693 ], [ -96.110841375713107, 15.797228203298895 ], [ -96.110032317285899, 15.797881197070176 ], [ -96.109738301381071, 15.798019518208182 ], [ -96.109175288825156, 15.798012024577575 ], [ -96.108665002173851, 15.797862997733786 ], [ -96.106846685709641, 15.797175025610516 ], [ -96.106341793511788, 15.797015906188854 ], [ -96.105803937834708, 15.796961328262476 ], [ -96.105540463813384, 15.797042479804146 ], [ -96.104848772088161, 15.797475764057975 ], [ -96.104658444230864, 15.797578208488053 ], [ -96.104461940905693, 15.797622999772123 ], [ -96.104371549906247, 15.797584543033427 ], [ -96.10414622890211, 15.797360286991617 ], [ -96.104044913830009, 15.797352163033496 ], [ -96.103797430600579, 15.797538507145644 ], [ -96.103545197597754, 15.797812836666088 ], [ -96.102615587463958, 15.798906693708336 ], [ -96.102310751948082, 15.799190478913596 ], [ -96.101817802035924, 15.799420955526493 ], [ -96.101418424068356, 15.799466422465303 ], [ -96.100047611806346, 15.799448120459829 ], [ -96.099637598350483, 15.799503601491999 ], [ -96.09909501260357, 15.799780819239302 ], [ -96.098729902605498, 15.800121363546902 ], [ -96.097568633140511, 15.801433348162512 ], [ -96.097130515202238, 15.801742434547744 ], [ -96.096247243328818, 15.801872856147094 ], [ -96.095423546684927, 15.80175008476172 ], [ -96.09246291776266, 15.801046709845762 ], [ -96.091597555899668, 15.80090304799365 ], [ -96.090519813260016, 15.800936020128827 ], [ -96.089845540446575, 15.801126785828394 ], [ -96.087776667411475, 15.801984043110121 ], [ -96.087227554163917, 15.802227275351825 ], [ -96.086733906813819, 15.80250511484461 ], [ -96.086577810309691, 15.802658797407268 ], [ -96.086343007353477, 15.803098143763512 ], [ -96.086208473702541, 15.803211477818699 ], [ -96.085815453509568, 15.803301023519012 ], [ -96.085388529942378, 15.803315611262656 ], [ -96.083789241782654, 15.803294135038248 ], [ -96.083288591040969, 15.803328046982815 ], [ -96.082551507046233, 15.803507784421461 ], [ -96.08199917976674, 15.803730639880246 ], [ -96.080158728838484, 15.804590885122117 ], [ -96.079606394773478, 15.804813734038273 ], [ -96.078869306244783, 15.804993456965896 ], [ -96.078368652485821, 15.805027356698414 ], [ -96.076769360934563, 15.805005826537508 ], [ -96.07626812391824, 15.80508035068104 ], [ -96.075528306468456, 15.805449665493247 ], [ -96.074972659509982, 15.805902733396787 ], [ -96.07311944001529, 15.807647724251996 ], [ -96.072584471783685, 15.808121381570146 ], [ -96.071941190402995, 15.808586803093556 ], [ -96.07155718678321, 15.808778034477164 ], [ -96.070408450604901, 15.809205023347932 ], [ -96.070034935892181, 15.809396393199689 ], [ -96.069440604180585, 15.809862466558677 ], [ -96.068965072219939, 15.810336915220521 ], [ -96.067340239081773, 15.81208492648012 ], [ -96.066833662545662, 15.812528471574185 ], [ -96.066063932370213, 15.812907501779083 ], [ -96.065483991294499, 15.812980933024388 ], [ -96.063541941347111, 15.812954659704925 ], [ -96.062953709360201, 15.812875583974151 ], [ -96.062050877237752, 15.812923644131359 ], [ -96.06159171982199, 15.812122296921492 ], [ -96.059841054616399, 15.810512060330778 ], [ -96.059477634887941, 15.81024638445126 ], [ -96.059301842669015, 15.810188127040796 ], [ -96.058844898225871, 15.810181934698219 ], [ -96.058909703115631, 15.809699545935681 ], [ -96.059130110198865, 15.809582454672714 ], [ -96.059684425832799, 15.809006946235376 ], [ -96.060356282325031, 15.808138972368807 ], [ -96.06325686111991, 15.805080813247207 ], [ -96.064186812184474, 15.804140120097928 ], [ -96.064906432167533, 15.803474263178041 ], [ -96.065626047471653, 15.802808403034934 ], [ -96.066752145331364, 15.801846641358877 ], [ -96.070567974771734, 15.798690091653222 ], [ -96.071593344636256, 15.797798053418321 ], [ -96.072077992852783, 15.797294931359687 ], [ -96.072562638641045, 15.796791807792122 ], [ -96.072921980231953, 15.796246356940701 ], [ -96.073629612020227, 15.794707166308616 ], [ -96.073794217437154, 15.794204806084434 ], [ -96.073824484425401, 15.79380222882528 ], [ -96.073854751150876, 15.793399651528738 ], [ -96.073776623441503, 15.792751791218329 ], [ -96.07335149746288, 15.790533597957181 ], [ -96.073128041042438, 15.789777107577136 ], [ -96.072510371423178, 15.788465011857401 ], [ -96.071986569912497, 15.787574981610568 ], [ -96.07130690208065, 15.786489291093686 ] ] ] ] } },
{ "type": "Feature", "properties": { "fid": 34.0, "cat": 34, "CLAVE_ACUI": "2011", "NOM_ACUIF": "HUATULCO", "VULNERABIL": 4 }, "geometry": { "type": "MultiPolygon", "coordinates": [ [ [ [ -96.052277285022726, 15.810470406706875 ], [ -96.052074880117544, 15.810076531763229 ], [ -96.051637174167283, 15.80874312958562 ], [ -96.051419550598723, 15.808313490852923 ], [ -96.050848217696199, 15.80764951018765 ], [ -96.050233775041178, 15.807112150806148 ], [ -96.047974781466948, 15.805311502449383 ], [ -96.047388020535166, 15.804771864140521 ], [ -96.046908773171026, 15.804054210384106 ], [ -96.046810892562917, 15.80356862997381 ], [ -96.046833360353276, 15.802020241980879 ], [ -96.046818372500411, 15.80160690262424 ], [ -96.046725963042462, 15.801226373777091 ], [ -96.046608937586271, 15.801096100465433 ], [ -96.046155228806143, 15.800868686712668 ], [ -96.046037614325783, 15.80077904142178 ], [ -96.045942454930994, 15.800588110949064 ], [ -96.045884679659181, 15.800472188869424 ], [ -96.04580857693152, 15.800173154306389 ], [ -96.045596169584755, 15.799064052868351 ], [ -96.045463919164604, 15.798657586854842 ], [ -96.042936706219095, 15.794583839764481 ], [ -96.042187287408325, 15.793447111330575 ], [ -96.043286993044745, 15.793100872282491 ], [ -96.043462757514916, 15.792918708537238 ], [ -96.043932287821548, 15.792616940568008 ], [ -96.044427280300681, 15.79236800624307 ], [ -96.046757376569772, 15.791264136943456 ], [ -96.047202078843029, 15.790985727491071 ], [ -96.04758256011462, 15.790392641403177 ], [ -96.047722198948065, 15.790289561763405 ], [ -96.04813898686993, 15.790247815893336 ], [ -96.048594759780059, 15.790291257887572 ], [ -96.050304916074026, 15.790535725804574 ], [ -96.050818827009877, 15.790549475294531 ], [ -96.05116287234523, 15.790459326880969 ], [ -96.051180731962887, 15.791641412596643 ], [ -96.051154341706095, 15.793464050199278 ], [ -96.051177281613619, 15.794053589947405 ], [ -96.051313162170246, 15.794813981438038 ], [ -96.051484338038591, 15.795310715243762 ], [ -96.052147282963887, 15.796868414523328 ], [ -96.052340618940988, 15.797284176040488 ], [ -96.05246026136615, 15.797475436734526 ], [ -96.052579903995792, 15.797666697397949 ], [ -96.052728403408665, 15.797797394946723 ], [ -96.053182115810301, 15.798024795083842 ], [ -96.053309047051371, 15.798195836151733 ], [ -96.053378363489912, 15.798481232148491 ], [ -96.053447680054418, 15.798766628149716 ], [ -96.05351879586155, 15.799411004273319 ], [ -96.053712035934424, 15.801847300928179 ], [ -96.053783151901683, 15.802491677132858 ], [ -96.053852469404404, 15.802777073242801 ], [ -96.053921787033175, 15.803062469357192 ], [ -96.054048721352729, 15.803233510564295 ], [ -96.054502446766193, 15.803460910154669 ], [ -96.054620067152271, 15.803550551733267 ], [ -96.054667651694004, 15.803646015856094 ], [ -96.054715236274191, 15.803741479975344 ], [ -96.054733571687493, 15.803924593069272 ], [ -96.054723967457633, 15.804588192579535 ], [ -96.054752499553615, 15.804791762277514 ], [ -96.054823876759315, 15.804934958492607 ], [ -96.054895254051615, 15.80507815469965 ], [ -96.055070657226537, 15.805283716958778 ], [ -96.055746453372521, 15.805956614259227 ], [ -96.055921711168224, 15.806172333234741 ], [ -96.055992746668139, 15.806339229276469 ], [ -96.056063782264147, 15.806506125312525 ], [ -96.056091482883389, 15.806767252234954 ], [ -96.056078680619066, 15.807652052425818 ], [ -96.056111553125177, 15.807918329071818 ], [ -96.05627776120977, 15.808276153255553 ], [ -96.056482329207796, 15.808521053914465 ], [ -96.057270775162579, 15.80930609835214 ], [ -96.057502160566671, 15.809510725414645 ], [ -96.05779350980535, 15.809680608223204 ], [ -96.05797833727884, 15.809718670908699 ], [ -96.058289808194047, 15.809739150333449 ], [ -96.058626843379855, 15.809744605022587 ], [ -96.058909703115631, 15.809699545935681 ], [ -96.058844898225871, 15.810181934698219 ], [ -96.058667417386559, 15.810240484222801 ], [ -96.058296117197514, 15.810519907767006 ], [ -96.057943168256756, 15.810860534205402 ], [ -96.056900500598218, 15.812173857064792 ], [ -96.056335097643526, 15.812531916585296 ], [ -96.055793563514143, 15.812529648983761 ], [ -96.0552355684014, 15.812496679249108 ], [ -96.053760100757984, 15.811812921517536 ], [ -96.053340564676972, 15.811558326610056 ], [ -96.052858191825734, 15.811053979454988 ], [ -96.052277285022726, 15.810470406706875 ] ] ] ] } },
{ "type": "Feature", "properties": { "fid": 37.0, "cat": 39, "CLAVE_ACUI": "2011", "NOM_ACUIF": "HUATULCO", "VULNERABIL": 3 }, "geometry": { "type": "MultiPolygon", "coordinates": [ [ [ [ -96.007327242650391, 15.809285052095927 ], [ -96.006731107815867, 15.80952176102225 ], [ -96.006400123008063, 15.809691703571305 ], [ -96.005848022792762, 15.810024243902964 ], [ -96.005589712564571, 15.810179829006128 ], [ -96.005507291498063, 15.810229472762886 ], [ -96.005440176479922, 15.810253810115997 ], [ -96.005361802013951, 15.81026366393383 ], [ -96.005258693622693, 15.810256252617888 ], [ -96.004963001281212, 15.810234998582819 ], [ -96.004856758669888, 15.81024332202349 ], [ -96.004728941486945, 15.810277271977318 ], [ -96.004646778919749, 15.810318362592071 ], [ -96.004527152249466, 15.810394515838397 ], [ -96.004403168374992, 15.8104927135093 ], [ -96.004198544564886, 15.810654779597719 ], [ -96.004094582782386, 15.810719088233679 ], [ -96.004011050408408, 15.810762950161061 ], [ -96.00383781973683, 15.810819994726561 ], [ -96.003634553186018, 15.810856407955747 ], [ -96.003203809056515, 15.810933571584714 ], [ -96.003022922062527, 15.810131248649322 ], [ -96.002939093992396, 15.809751835739558 ], [ -96.003549458670307, 15.809813821176979 ], [ -96.004167452352291, 15.809787118334782 ], [ -96.004785445958362, 15.809695569691936 ], [ -96.005388181297249, 15.809560154444961 ], [ -96.006212172290134, 15.809282649053486 ], [ -96.006914091015645, 15.808795346601476 ], [ -96.007326085671082, 15.808322348331412 ], [ -96.007516824429089, 15.807783550373362 ], [ -96.007410009701232, 15.806995856881732 ], [ -96.007181122178523, 15.806315923613695 ], [ -96.007738079312603, 15.806214838229561 ], [ -96.008699403834342, 15.806444661216728 ], [ -96.009347915650125, 15.806335947184653 ], [ -96.009973538258649, 15.806154757930647 ], [ -96.010576273469781, 15.805910629363622 ], [ -96.011186636740874, 15.805539668881034 ], [ -96.011636779582062, 15.805022803949893 ], [ -96.011537594586713, 15.804000519354956 ], [ -96.011743591517941, 15.803425483308905 ], [ -96.012064032306853, 15.802888592572369 ], [ -96.012491286997502, 15.802433713773983 ], [ -96.012994837402118, 15.802097084121113 ], [ -96.013544164359885, 15.801852001483075 ], [ -96.014131640529172, 15.80167081227153 ], [ -96.014871706993674, 15.801526814196679 ], [ -96.015619402609559, 15.801420007417706 ], [ -96.016351839934828, 15.801249308086556 ], [ -96.017091906188128, 15.800925075575424 ], [ -96.017763305825156, 15.800474010333797 ], [ -96.018160042126652, 15.799883716985358 ], [ -96.018602555848119, 15.799357315256559 ], [ -96.019220549210473, 15.79905883091349 ], [ -96.020479425078577, 15.79847997899053 ], [ -96.021761189074454, 15.797820070017547 ], [ -96.022936140247566, 15.797231682278236 ], [ -96.024271310707263, 15.796581309156094 ], [ -96.025049525229434, 15.796284731099945 ], [ -96.026102403289073, 15.796299987937541 ], [ -96.026423015928486, 15.796272529852569 ], [ -96.026389926322963, 15.796867192114727 ], [ -96.026387751469144, 15.796987291684102 ], [ -96.026402037189015, 15.79709706246299 ], [ -96.025518218168074, 15.797085523306093 ], [ -96.025221412055373, 15.797172888063995 ], [ -96.02440744149277, 15.797588410572402 ], [ -96.02354142935107, 15.798094646193688 ], [ -96.020313977425062, 15.800041522990441 ], [ -96.019373027828237, 15.80064829872728 ], [ -96.018209410019992, 15.801533072957554 ], [ -96.017488048960786, 15.802190261972845 ], [ -96.015285292202236, 15.804372355937288 ], [ -96.014595680874777, 15.805009651003743 ], [ -96.014125484835361, 15.805436321100826 ], [ -96.013547685426389, 15.80579828292419 ], [ -96.013001025852745, 15.80606793308262 ], [ -96.01081442885004, 15.807144010589084 ], [ -96.010229205995387, 15.807459337826817 ], [ -96.009937037194618, 15.807671563361302 ], [ -96.009492237879627, 15.808104425577458 ], [ -96.008835957956634, 15.8087325621117 ], [ -96.007327242650391, 15.809285052095927 ] ] ] ] } },
{ "type": "Feature", "properties": { "fid": 38.0, "cat": 30, "CLAVE_ACUI": "2011", "NOM_ACUIF": "HUATULCO", "VULNERABIL": 4 }, "geometry": { "type": "MultiPolygon", "coordinates": [ [ [ [ -96.028462081205689, 15.798028839406287 ], [ -96.028746396696235, 15.798078444840277 ], [ -96.028952895147768, 15.798187938884956 ], [ -96.029159393846996, 15.798297432770164 ], [ -96.029465074799091, 15.798560667277274 ], [ -96.030478594238488, 15.799570105556642 ], [ -96.030751919109761, 15.799893849969376 ], [ -96.030882914582762, 15.800144535377919 ], [ -96.031013910336895, 15.800395220757698 ], [ -96.031114858154609, 15.800787720507868 ], [ -96.03132395677892, 15.802118015367181 ], [ -96.03141426690739, 15.802520528651717 ], [ -96.031520441032299, 15.802794578841128 ], [ -96.031626615385576, 15.803068629021627 ], [ -96.031839660639889, 15.803449116184755 ], [ -96.032621528020172, 15.804676621794908 ], [ -96.032919093314121, 15.805017627933346 ], [ -96.033347520317193, 15.805379047055142 ], [ -96.033738424738289, 15.805555398295974 ], [ -96.035102750262453, 15.806016517309843 ], [ -96.035562956919378, 15.806117619942951 ], [ -96.036346258228363, 15.806128316088296 ], [ -96.036709934039649, 15.806133281198175 ], [ -96.037297410622784, 15.806141300477481 ], [ -96.037571547910161, 15.806050224734967 ], [ -96.038263376815237, 15.805617184630057 ], [ -96.038485355613417, 15.805505077881316 ], [ -96.038829429285627, 15.805414954450967 ], [ -96.039098984501678, 15.805398313380344 ], [ -96.04001283579467, 15.805410776516881 ], [ -96.040255499746124, 15.805439482869234 ], [ -96.04047407990744, 15.805560984930819 ], [ -96.0405436733014, 15.805705853167217 ], [ -96.040649862327115, 15.806260402996578 ], [ -96.040708669855249, 15.806425442215025 ], [ -96.040792792873461, 15.806533258790147 ], [ -96.040876915976483, 15.806641075346924 ], [ -96.041058460212412, 15.806784083367726 ], [ -96.041737422276995, 15.807235820055615 ], [ -96.041923548558827, 15.807424605596477 ], [ -96.042018361324423, 15.807639237334312 ], [ -96.042113174256656, 15.807853869061198 ], [ -96.04219794170622, 15.808278317140482 ], [ -96.042403897657437, 15.809829811496511 ], [ -96.042397942395183, 15.810359693024656 ], [ -96.042281067990004, 15.810820335911929 ], [ -96.042164192875987, 15.81128097862884 ], [ -96.04183621794121, 15.812067218583978 ], [ -96.040539394926171, 15.814815044471104 ], [ -96.040128955006722, 15.815498564737252 ], [ -96.039819685195653, 15.81571953637164 ], [ -96.039510414747951, 15.815940507445669 ], [ -96.039037228675795, 15.815888334155737 ], [ -96.037447576361899, 15.815202911461624 ], [ -96.036925045689955, 15.814936721437443 ], [ -96.036076217009182, 15.814379928460241 ], [ -96.035386137158966, 15.813850699457777 ], [ -96.033014618189327, 15.811937747340226 ], [ -96.032408926842507, 15.811379188271633 ], [ -96.031953859916243, 15.810685542420396 ], [ -96.031909452816834, 15.810253179827306 ], [ -96.032157281994273, 15.808929133265462 ], [ -96.032206401700677, 15.808559003294487 ], [ -96.03218780066338, 15.808155777249825 ], [ -96.032112108403837, 15.807949870055886 ], [ -96.031777479943486, 15.80739219572558 ], [ -96.031601015639552, 15.807261102436369 ], [ -96.031112143290613, 15.807207007578768 ], [ -96.030590218279798, 15.807260821481171 ], [ -96.028643438637076, 15.807566037294189 ], [ -96.02815874964233, 15.80758479862185 ], [ -96.027843649406222, 15.807367146693153 ], [ -96.027878194936719, 15.807037454945 ], [ -96.028354502615059, 15.805716544227931 ], [ -96.028426727543774, 15.805321335001601 ], [ -96.028287474426904, 15.804797937367413 ], [ -96.028016317586165, 15.804445435600083 ], [ -96.026890179328475, 15.803323822660907 ], [ -96.026556677969012, 15.802929830291573 ], [ -96.026126470695331, 15.80221281426525 ], [ -96.025845390409643, 15.801582498201311 ], [ -96.024963897434816, 15.799358039085909 ], [ -96.024750638251547, 15.798754049068151 ], [ -96.02440744149277, 15.797588410572402 ], [ -96.025221412055373, 15.797172888063995 ], [ -96.025518218168074, 15.797085523306093 ], [ -96.026402037189015, 15.79709706246299 ], [ -96.026447823130113, 15.797213387865503 ], [ -96.026561532982171, 15.797330079121027 ], [ -96.026897749260854, 15.797777159464518 ], [ -96.027027194870712, 15.797894065993246 ], [ -96.027295057447105, 15.79799254944818 ], [ -96.027548272628508, 15.798016333371487 ], [ -96.028462081205689, 15.798028839406287 ] ] ] ] } },
{ "type": "Feature", "properties": { "fid": 39.0, "cat": 40, "CLAVE_ACUI": "2011", "NOM_ACUIF": "HUATULCO", "VULNERABIL": 4 }, "geometry": { "type": "MultiPolygon", "coordinates": [ [ [ [ -96.112688947253318, 15.795525644231134 ], [ -96.113172179024886, 15.795280335317809 ], [ -96.113492416145149, 15.795142356978689 ], [ -96.113683431079821, 15.79511441653433 ], [ -96.114100260981488, 15.795119954905754 ], [ -96.114428215130957, 15.795180757947804 ], [ -96.114509689676822, 15.795527326192275 ], [ -96.114548443263132, 15.795904098992581 ], [ -96.114534708415093, 15.796334719040889 ], [ -96.114511399978895, 15.797979374863598 ], [ -96.114501790244304, 15.79865744291598 ], [ -96.114466492417137, 15.799297028442407 ], [ -96.114334689968629, 15.799959037208692 ], [ -96.11418169863046, 15.800265178392049 ], [ -96.113599539436265, 15.801031827216411 ], [ -96.113421758655932, 15.801236042150173 ], [ -96.113298017759675, 15.801329219896553 ], [ -96.113174276754904, 15.801422397552729 ], [ -96.112998512202495, 15.801484404663412 ], [ -96.112425759594259, 15.801587415018551 ], [ -96.112260341790545, 15.801659718649166 ], [ -96.112160743231868, 15.801776922384844 ], [ -96.112061144554445, 15.801894126054528 ], [ -96.111941994659844, 15.802156690166207 ], [ -96.111585156771937, 15.803147581352466 ], [ -96.111434819980261, 15.803389410899415 ], [ -96.111262454293495, 15.80345823451538 ], [ -96.111090088510224, 15.803527057974447 ], [ -96.110747952314597, 15.803481866811836 ], [ -96.109496051763173, 15.803133324064909 ], [ -96.109171457239128, 15.802961369699203 ], [ -96.10890858065909, 15.802507462615475 ], [ -96.108857636729098, 15.802030978635647 ], [ -96.108882772400463, 15.800261293699704 ], [ -96.108952546821214, 15.799781337182441 ], [ -96.109253026127703, 15.799311224831806 ], [ -96.10961250779394, 15.799119591752993 ], [ -96.110989607872781, 15.798695410905813 ], [ -96.111337947697507, 15.79854934438535 ], [ -96.111586435721151, 15.798291887131395 ], [ -96.111593079095243, 15.798070158117287 ], [ -96.111375594583109, 15.79729288021845 ], [ -96.111345663968649, 15.797060505205062 ], [ -96.11142347137779, 15.796753366322816 ], [ -96.111940486414625, 15.796122181393738 ], [ -96.112145136554389, 15.79589093256598 ], [ -96.1123435583375, 15.795710698196464 ], [ -96.112688947253318, 15.795525644231134 ] ] ] ] } },
{ "type": "Feature", "properties": { "fid": 40.0, "cat": 42, "CLAVE_ACUI": "2011", "NOM_ACUIF": "HUATULCO", "VULNERABIL": 5 }, "geometry": { "type": "MultiPolygon", "coordinates": [ [ [ [ -96.110671308749829, 15.796313837389306 ], [ -96.109075180259268, 15.796071345674376 ], [ -96.108697517404906, 15.795942710685253 ], [ -96.108531215992599, 15.795584912509485 ], [ -96.108671304364094, 15.79520240757817 ], [ -96.109491343471333, 15.793775179617063 ], [ -96.109726997674485, 15.793312668579453 ], [ -96.11000668445287, 15.792581514397819 ], [ -96.110418239699655, 15.7911426368699 ], [ -96.110540417642767, 15.790419545741871 ], [ -96.110803389442012, 15.787989260371218 ], [ -96.110850977188122, 15.787346453288576 ], [ -96.110810088424245, 15.786776973393644 ], [ -96.110704088857133, 15.786606237828158 ], [ -96.110250313697762, 15.786378951272127 ], [ -96.110132671940264, 15.786289337287354 ], [ -96.11003745163417, 15.786098425714643 ], [ -96.110019064294619, 15.785915308922409 ], [ -96.109912508503257, 15.785701669770987 ], [ -96.109747257366948, 15.785516599877612 ], [ -96.109652037685152, 15.785325688244766 ], [ -96.109681260428999, 15.785238027293259 ], [ -96.109912852521575, 15.785019854292006 ], [ -96.109926411752028, 15.784926905203671 ], [ -96.109758096574382, 15.78471131595005 ], [ -96.109504087573967, 15.784496280213787 ], [ -96.108487032178374, 15.783708367284934 ], [ -96.108170084900465, 15.783492493066341 ], [ -96.107708048717257, 15.783272994601697 ], [ -96.107364944052932, 15.783175299471266 ], [ -96.106225826674574, 15.782938884461473 ], [ -96.105903992371807, 15.782821151305273 ], [ -96.10554121480358, 15.782508148023979 ], [ -96.105344795545491, 15.782178733921091 ], [ -96.10479095261924, 15.780954471394598 ], [ -96.10454812445461, 15.780568561433045 ], [ -96.103968767862227, 15.779991910437989 ], [ -96.103383945274246, 15.779554032379529 ], [ -96.1012341477809, 15.77808724317617 ], [ -96.100580503443496, 15.777694159439367 ], [ -96.099679943029074, 15.777326565805735 ], [ -96.099047071124559, 15.777194515651514 ], [ -96.096994232130115, 15.776945865897765 ], [ -96.096444920500389, 15.776840322891161 ], [ -96.096159113024427, 15.776782058447875 ], [ -96.096089429738043, 15.776764528823941 ], [ -96.09604404692432, 15.776747538285521 ], [ -96.095987630205016, 15.776721105540155 ], [ -96.09593669431483, 15.776687148280029 ], [ -96.095892274547509, 15.776645206474949 ], [ -96.095859434313695, 15.776600862478098 ], [ -96.095831043776514, 15.776556190777344 ], [ -96.095808318169944, 15.776507995871338 ], [ -96.095783742014248, 15.776443593649907 ], [ -96.095754155719035, 15.776353602455266 ], [ -96.095669610044752, 15.77612577600088 ], [ -96.095535624613859, 15.775764723517518 ], [ -96.095381630776259, 15.775421093135433 ], [ -96.095339557222445, 15.775341829293907 ], [ -96.095298404953766, 15.775269026348083 ], [ -96.095271427783246, 15.775190396148719 ], [ -96.095261737855836, 15.775088764755504 ], [ -96.095273103508788, 15.774976436105138 ], [ -96.095308228632902, 15.774834220578162 ], [ -96.095341178552644, 15.774748504758685 ], [ -96.095436772230613, 15.774489192929858 ], [ -96.095614028060183, 15.773996992002628 ], [ -96.09574019079939, 15.773737345285088 ], [ -96.09584817085701, 15.7735532351043 ], [ -96.096393454224639, 15.773364296977114 ], [ -96.097858849893811, 15.772686021354414 ], [ -96.098291573178628, 15.772586928273494 ], [ -96.098633035538299, 15.772388424085433 ], [ -96.098919019057504, 15.772101772192913 ], [ -96.099253236271224, 15.771724101395449 ], [ -96.099253326643264, 15.771723999901482 ], [ -96.100080079869016, 15.770789747751056 ], [ -96.100408197049759, 15.770463938139148 ], [ -96.100778358661117, 15.770255522639415 ], [ -96.100979044753203, 15.770283596251589 ], [ -96.101041894954193, 15.770321262164625 ], [ -96.101150312813573, 15.770454075231997 ], [ -96.101604042089434, 15.770681373458629 ], [ -96.101762041552306, 15.770883282660005 ], [ -96.102045643389616, 15.771598227801087 ], [ -96.102292790387651, 15.772417668855839 ], [ -96.103162551584319, 15.775526782135765 ], [ -96.103445769984646, 15.776392421514577 ], [ -96.103671727274602, 15.776857689976127 ], [ -96.103897685449525, 15.777322958358182 ], [ -96.104260060360716, 15.777786657055643 ], [ -96.105499234739739, 15.779020044817797 ], [ -96.105873980822111, 15.77935183243496 ], [ -96.106128796925049, 15.779509310913962 ], [ -96.106383613453929, 15.779666789157826 ], [ -96.106736913359299, 15.779784939668415 ], [ -96.107876014809051, 15.780021349202677 ], [ -96.108182471921822, 15.780113475491783 ], [ -96.108444188409663, 15.780277816492825 ], [ -96.108582801510337, 15.780491317738614 ], [ -96.108630554301769, 15.780987513818843 ], [ -96.108715425686057, 15.781168128295702 ], [ -96.109200537117502, 15.781650950857157 ], [ -96.109505364849412, 15.781858195854442 ], [ -96.110638211081721, 15.782537015989439 ], [ -96.110974944215826, 15.782714204706931 ], [ -96.111413514764223, 15.782862267625225 ], [ -96.111703310571585, 15.782896597410309 ], [ -96.112617120467945, 15.78290873830516 ], [ -96.112881482838674, 15.782886850925202 ], [ -96.113201363349717, 15.782772570925641 ], [ -96.113393972921131, 15.782631201260577 ], [ -96.11397293537523, 15.782085755213242 ], [ -96.114124158571926, 15.781903196801233 ], [ -96.114250905970877, 15.78159670477087 ], [ -96.114280750614981, 15.781341417536977 ], [ -96.114293278013861, 15.780456569181151 ], [ -96.114312488336964, 15.780211300334946 ], [ -96.114389609441801, 15.77995156075146 ], [ -96.114480572107823, 15.779825773012528 ], [ -96.114827942921778, 15.779498502731622 ], [ -96.114922065526102, 15.779520071052955 ], [ -96.114967999908387, 15.779734032506385 ], [ -96.11501393434898, 15.779947993962526 ], [ -96.115051052822835, 15.780537744116781 ], [ -96.11513240166812, 15.78286198849422 ], [ -96.115215359526275, 15.783548863362904 ], [ -96.115368254672191, 15.783989449238392 ], [ -96.115521150329783, 15.784430035101005 ], [ -96.115875037881608, 15.7850019767498 ], [ -96.117220734642032, 15.786789863241472 ], [ -96.1175704629743, 15.787285551004427 ], [ -96.117713640819574, 15.78754821392641 ], [ -96.117856818991129, 15.787810876809967 ], [ -96.117916169412084, 15.788065654740949 ], [ -96.117906780963395, 15.788729292678809 ], [ -96.118013698158052, 15.788959302468651 ], [ -96.1182678663492, 15.789164172869087 ], [ -96.11852203506858, 15.789369043053622 ], [ -96.119141315298407, 15.789724375765728 ], [ -96.12152297125418, 15.79097284203125 ], [ -96.12218408188042, 15.791338881423718 ], [ -96.122887591168691, 15.791798610914064 ], [ -96.123231492439501, 15.792089328991546 ], [ -96.12413285848848, 15.792986283426192 ], [ -96.124404116741729, 15.793220160272391 ], [ -96.124768618205437, 15.793414632327949 ], [ -96.125018075921389, 15.793458572679191 ], [ -96.125817710363705, 15.793469154118108 ], [ -96.126491167086414, 15.793457179773929 ], [ -96.126587223239738, 15.793714135960517 ], [ -96.126051754992559, 15.793867706718361 ], [ -96.125268119651892, 15.793956935179835 ], [ -96.123742595922224, 15.793975561121258 ], [ -96.122089668994988, 15.793995742596984 ], [ -96.120525301404925, 15.794104296672355 ], [ -96.11929752958298, 15.79430709184461 ], [ -96.118534699551589, 15.794448462509818 ], [ -96.117801425273385, 15.794258053478165 ], [ -96.117837391621109, 15.793633214453768 ], [ -96.117854609474932, 15.792416545487626 ], [ -96.117750015217837, 15.792022318959328 ], [ -96.11724469354148, 15.791399263799752 ], [ -96.116627402093798, 15.790903410440912 ], [ -96.114252053816401, 15.789212471744255 ], [ -96.113628236370317, 15.788807961591626 ], [ -96.113092412048829, 15.788611197475289 ], [ -96.112950763776524, 15.788734617113246 ], [ -96.112825561188728, 15.789507340071209 ], [ -96.112833289189581, 15.789825776572394 ], [ -96.112936334297501, 15.790451960623296 ], [ -96.112994557097736, 15.790539090806231 ], [ -96.113217212851168, 15.791239674632566 ], [ -96.114297198549224, 15.794460504434944 ], [ -96.114428215130957, 15.795180757947804 ], [ -96.114100260981488, 15.795119954905754 ], [ -96.113683431079821, 15.79511441653433 ], [ -96.113492416145149, 15.795142356978689 ], [ -96.113172179024886, 15.795280335317809 ], [ -96.112688947253318, 15.795525644231134 ], [ -96.1123435583375, 15.795710698196464 ], [ -96.112145136554389, 15.79589093256598 ], [ -96.111940486414625, 15.796122181393738 ], [ -96.11142347137779, 15.796753366322816 ], [ -96.110816612815725, 15.796385194046016 ], [ -96.110671308749829, 15.796313837389306 ] ] ] ] } },
{ "type": "Feature", "properties": { "fid": 41.0, "cat": 44, "CLAVE_ACUI": "2011", "NOM_ACUIF": "HUATULCO", "VULNERABIL": 3 }, "geometry": { "type": "MultiPolygon", "coordinates": [ [ [ [ -96.117801425273385, 15.794258053478165 ], [ -96.117353231229743, 15.79423298085306 ], [ -96.115970239487524, 15.794363733225692 ], [ -96.114297198549224, 15.794460504434944 ], [ -96.113217212851168, 15.791239674632566 ], [ -96.112994557097736, 15.790539090806231 ], [ -96.112936334297501, 15.790451960623296 ], [ -96.112833289189581, 15.789825776572394 ], [ -96.112825561188728, 15.789507340071209 ], [ -96.112950763776524, 15.788734617113246 ], [ -96.113092412048829, 15.788611197475289 ], [ -96.113628236370317, 15.788807961591626 ], [ -96.114252053816401, 15.789212471744255 ], [ -96.116627402093798, 15.790903410440912 ], [ -96.11724469354148, 15.791399263799752 ], [ -96.117497354008847, 15.791710791466137 ], [ -96.117750015217837, 15.792022318959328 ], [ -96.117854609474932, 15.792416545487626 ], [ -96.117837391621109, 15.793633214453768 ], [ -96.117801425273385, 15.794258053478165 ] ] ] ] } },
{ "type": "Feature", "properties": { "fid": 42.0, "cat": 41, "CLAVE_ACUI": "2011", "NOM_ACUIF": "HUATULCO", "VULNERABIL": 4 }, "geometry": { "type": "MultiPolygon", "coordinates": [ [ [ [ -96.118534699551589, 15.794448462509818 ], [ -96.11929752958298, 15.79430709184461 ], [ -96.120525301404925, 15.794104296672355 ], [ -96.122089668994988, 15.793995742596984 ], [ -96.123742595922224, 15.793975561121258 ], [ -96.125268119651892, 15.793956935179835 ], [ -96.126051754992559, 15.793867706718361 ], [ -96.126587223239738, 15.793714135960517 ], [ -96.127260143831364, 15.794608058560325 ], [ -96.127434811568762, 15.794871134086208 ], [ -96.127577003925211, 15.795204897969381 ], [ -96.127605467789067, 15.795418628053595 ], [ -96.127596106293026, 15.796082271217237 ], [ -96.12754064216395, 15.796294891361301 ], [ -96.127291170811532, 15.796623475303734 ], [ -96.126990246792133, 15.796880260356632 ], [ -96.125835400831434, 15.797750002155745 ], [ -96.12554942124288, 15.798062860674881 ], [ -96.125459561149938, 15.798357995307276 ], [ -96.125369700726836, 15.798653129852141 ], [ -96.125398937407041, 15.799183513465213 ], [ -96.125715098297178, 15.801068368165968 ], [ -96.125637189231512, 15.801383980204363 ], [ -96.124957452782482, 15.800971980520462 ], [ -96.124064316756247, 15.800067795507575 ], [ -96.12057616097465, 15.796260244556153 ], [ -96.119600358926547, 15.795268594160623 ], [ -96.118534699551589, 15.794448462509818 ] ] ] ] } },
{ "type": "Feature", "properties": { "fid": 43.0, "cat": 43, "CLAVE_ACUI": "2011", "NOM_ACUIF": "HUATULCO", "VULNERABIL": 3 }, "geometry": { "type": "MultiPolygon", "coordinates": [ [ [ [ -96.035493403628749, 15.792400915156328 ], [ -96.034366794709541, 15.792432946281957 ], [ -96.033780636871455, 15.792577327899828 ], [ -96.032171837046747, 15.793219072925822 ], [ -96.031710667434581, 15.793426109714131 ], [ -96.031167346509662, 15.793750543677287 ], [ -96.030852343396077, 15.794006984443353 ], [ -96.029925645946136, 15.794879271798361 ], [ -96.029616032760785, 15.795125624987323 ], [ -96.029097872720214, 15.795402988213748 ], [ -96.028769634468176, 15.795517234602624 ], [ -96.029032151209051, 15.795209992731657 ], [ -96.029283924576077, 15.793859660440955 ], [ -96.029520439757661, 15.793302743852331 ], [ -96.030352060564695, 15.792863122607194 ], [ -96.030970054042115, 15.792663813876873 ], [ -96.032334330372223, 15.79227622879637 ], [ -96.033312326831179, 15.791874211242817 ], [ -96.033869283835784, 15.791664412540209 ], [ -96.034472018314091, 15.791564282136035 ], [ -96.035738523849346, 15.791465103334312 ], [ -96.036364147374911, 15.79130107943724 ], [ -96.036982140841815, 15.791093188928491 ], [ -96.037607764368403, 15.790930118262576 ], [ -96.038843751544547, 15.790721272944108 ], [ -96.041346245153321, 15.79041229649148 ], [ -96.042551714225254, 15.790311210394639 ], [ -96.043764813356859, 15.790254945939056 ], [ -96.044962652389998, 15.790127158585873 ], [ -96.04558827590597, 15.789955505241961 ], [ -96.046778485300834, 15.789375701065321 ], [ -96.047381220475117, 15.789102963874535 ], [ -96.048006843081552, 15.788922727852945 ], [ -96.050700075051026, 15.788506945232236 ], [ -96.052912645477605, 15.788203690282606 ], [ -96.053858709058559, 15.78764772614729 ], [ -96.054522481096527, 15.787719247431584 ], [ -96.055140474742274, 15.787664890092207 ], [ -96.055621135628371, 15.786993537834736 ], [ -96.055979723201304, 15.785987463978408 ], [ -96.05575846528204, 15.784964225405648 ], [ -96.056124683253898, 15.784291920044421 ], [ -96.056818972687196, 15.784418751185163 ], [ -96.057757407561397, 15.784205139138599 ], [ -96.058337252640428, 15.783870415868309 ], [ -96.058939987082809, 15.782974962425522 ], [ -96.059298574781977, 15.7820766477601 ], [ -96.060000493185129, 15.782086183795698 ], [ -96.06093129908983, 15.781990820085351 ], [ -96.061396701125716, 15.781545477161307 ], [ -96.061762919224748, 15.780981885119793 ], [ -96.062831054676579, 15.779533328669221 ], [ -96.063426159641793, 15.779089892964828 ], [ -96.063250679428094, 15.77837372158354 ], [ -96.062983643571258, 15.777611775422939 ], [ -96.063800005130261, 15.777062487650372 ], [ -96.06425777950983, 15.777853994558296 ], [ -96.064707924021121, 15.778763751600822 ], [ -96.06481473902646, 15.779786037062907 ], [ -96.064921553627656, 15.780464063086495 ], [ -96.06573028753219, 15.78115257927613 ], [ -96.066294874056567, 15.781295621783757 ], [ -96.0668899795199, 15.781276549310771 ], [ -96.067655056846007, 15.780863651178807 ], [ -96.067651158197734, 15.781201190159878 ], [ -96.067654757024769, 15.781256868551171 ], [ -96.067663669709162, 15.781295775264267 ], [ -96.067671887085282, 15.78131626093159 ], [ -96.067686247544572, 15.781345864309275 ], [ -96.067711908598184, 15.781374421094322 ], [ -96.067156299441805, 15.781539882962443 ], [ -96.065937039841231, 15.781847979014181 ], [ -96.06341202767986, 15.782355642385465 ], [ -96.062726359902484, 15.782544372334703 ], [ -96.062111225453179, 15.782809333363362 ], [ -96.06164961282326, 15.783041228501251 ], [ -96.061336169546308, 15.783264156117117 ], [ -96.060956666535461, 15.783588968664747 ], [ -96.05933203076043, 15.785336948204506 ], [ -96.058882991395862, 15.785796500483148 ], [ -96.058412126313101, 15.786193107839246 ], [ -96.058188502841773, 15.786300138364483 ], [ -96.05761579262132, 15.786403006632158 ], [ -96.057461012690197, 15.786465252210212 ], [ -96.057311416581172, 15.786652864192131 ], [ -96.057252487720589, 15.786858635805215 ], [ -96.057127081761905, 15.787631291272628 ], [ -96.057073764026697, 15.787811740845386 ], [ -96.056950354735292, 15.787881183503817 ], [ -96.056827373675134, 15.787799937710329 ], [ -96.05637687259896, 15.787351347694621 ], [ -96.056238230692585, 15.787264809923052 ], [ -96.056041734971146, 15.787309557260246 ], [ -96.055899668414327, 15.787460019746995 ], [ -96.055433184950274, 15.788117429857087 ], [ -96.055221978600741, 15.788332989206724 ], [ -96.05509295648767, 15.788427752445019 ], [ -96.054952650471407, 15.788456328220002 ], [ -96.054495756557444, 15.78845013502267 ], [ -96.054307952181077, 15.788498384742276 ], [ -96.053888425030095, 15.788729743285366 ], [ -96.05347690404659, 15.78901200508724 ], [ -96.052216197404377, 15.789932930197674 ], [ -96.051506917280435, 15.79036917797473 ], [ -96.050818827009877, 15.790549475294531 ], [ -96.050304916074026, 15.790535725804574 ], [ -96.048594759780059, 15.790291257887572 ], [ -96.04813898686993, 15.790247815893336 ], [ -96.047722198948065, 15.790289561763405 ], [ -96.04758256011462, 15.790392641403177 ], [ -96.047202078843029, 15.790985727491071 ], [ -96.046757376569772, 15.791264136943456 ], [ -96.044427280300681, 15.79236800624307 ], [ -96.043932287821548, 15.792616940568008 ], [ -96.043462757514916, 15.792918708537238 ], [ -96.043286993044745, 15.793100872282491 ], [ -96.042187287408325, 15.793447111330575 ], [ -96.041645477014768, 15.793362829658452 ], [ -96.040834186963764, 15.793190564510331 ], [ -96.040179267809762, 15.793031521390692 ], [ -96.039118247468295, 15.792838585241643 ], [ -96.036516689167016, 15.792499535532407 ], [ -96.035493403628749, 15.792400915156328 ] ] ] ] } },
{ "type": "Feature", "properties": { "fid": 44.0, "cat": 38, "CLAVE_ACUI": "2011", "NOM_ACUIF": "HUATULCO", "VULNERABIL": 2 }, "geometry": { "type": "MultiPolygon", "coordinates": [ [ [ [ -96.056482329207796, 15.808521053914465 ], [ -96.05627776120977, 15.808276153255553 ], [ -96.056111553125177, 15.807918329071818 ], [ -96.056078680619066, 15.807652052425818 ], [ -96.056091482883389, 15.806767252234954 ], [ -96.056063782264147, 15.806506125312525 ], [ -96.055921711168224, 15.806172333234741 ], [ -96.055746453372521, 15.805956614259227 ], [ -96.055070657226537, 15.805283716958778 ], [ -96.054895254051615, 15.80507815469965 ], [ -96.054752499553615, 15.804791762277514 ], [ -96.054723967457633, 15.804588192579535 ], [ -96.054733571687493, 15.803924593069272 ], [ -96.054715236274191, 15.803741479975344 ], [ -96.054620067152271, 15.803550551733267 ], [ -96.054502446766193, 15.803460910154669 ], [ -96.054048721352729, 15.803233510564295 ], [ -96.053921787033175, 15.803062469357192 ], [ -96.053783151901683, 15.802491677132858 ], [ -96.053712035934424, 15.801847300928179 ], [ -96.05351879586155, 15.799411004273319 ], [ -96.053447680054418, 15.798766628149716 ], [ -96.053309047051371, 15.798195836151733 ], [ -96.053182115810301, 15.798024795083842 ], [ -96.052728403408665, 15.797797394946723 ], [ -96.052579903995792, 15.797666697397949 ], [ -96.052340618940988, 15.797284176040488 ], [ -96.052147282963887, 15.796868414523328 ], [ -96.051484338038591, 15.795310715243762 ], [ -96.051313162170246, 15.794813981438038 ], [ -96.051177281613619, 15.794053589947405 ], [ -96.051154341706095, 15.793464050199278 ], [ -96.051180731962887, 15.791641412596643 ], [ -96.05116287234523, 15.790459326880969 ], [ -96.051506917280435, 15.79036917797473 ], [ -96.052216197404377, 15.789932930197674 ], [ -96.05347690404659, 15.78901200508724 ], [ -96.053888425030095, 15.788729743285366 ], [ -96.054307952181077, 15.788498384742276 ], [ -96.054495756557444, 15.78845013502267 ], [ -96.054952650471407, 15.788456328220002 ], [ -96.05509295648767, 15.788427752445019 ], [ -96.055221978600741, 15.788332989206724 ], [ -96.055433184950274, 15.788117429857087 ], [ -96.055899668414327, 15.787460019746995 ], [ -96.056041734971146, 15.787309557260246 ], [ -96.056238230692585, 15.787264809923052 ], [ -96.05637687259896, 15.787351347694621 ], [ -96.056827373675134, 15.787799937710329 ], [ -96.056950354735292, 15.787881183503817 ], [ -96.057073764026697, 15.787811740845386 ], [ -96.057127081761905, 15.787631291272628 ], [ -96.057252487720589, 15.786858635805215 ], [ -96.057311416581172, 15.786652864192131 ], [ -96.057461012690197, 15.786465252210212 ], [ -96.05761579262132, 15.786403006632158 ], [ -96.058188502841773, 15.786300138364483 ], [ -96.058412126313101, 15.786193107839246 ], [ -96.058882991395862, 15.785796500483148 ], [ -96.05933203076043, 15.785336948204506 ], [ -96.060956666535461, 15.783588968664747 ], [ -96.061336169546308, 15.783264156117117 ], [ -96.06164961282326, 15.783041228501251 ], [ -96.062111225453179, 15.782809333363362 ], [ -96.062726359902484, 15.782544372334703 ], [ -96.06341202767986, 15.782355642385465 ], [ -96.065937039841231, 15.781847979014181 ], [ -96.067156299441805, 15.781539882962443 ], [ -96.067711908598184, 15.781374421094322 ], [ -96.06774688606977, 15.781390384654788 ], [ -96.067784198362602, 15.781395505949884 ], [ -96.067833115172519, 15.781401471414505 ], [ -96.067895063156797, 15.781397599665487 ], [ -96.068012079111, 15.781389540485268 ], [ -96.06806313971606, 15.781369780257181 ], [ -96.068397104127371, 15.781899517256953 ], [ -96.068838407811967, 15.782647936930989 ], [ -96.069360484387616, 15.783503443892311 ], [ -96.069673226552567, 15.783975303554 ], [ -96.070218413835761, 15.784785214828869 ], [ -96.070539090749207, 15.785278859492042 ], [ -96.07130690208065, 15.786489291093686 ], [ -96.071986569912497, 15.787574981610568 ], [ -96.072510371423178, 15.788465011857401 ], [ -96.073128041042438, 15.789777107577136 ], [ -96.07335149746288, 15.790533597957181 ], [ -96.073776623441503, 15.792751791218329 ], [ -96.073854751150876, 15.793399651528738 ], [ -96.073824484425401, 15.79380222882528 ], [ -96.073794217437154, 15.794204806084434 ], [ -96.073629612020227, 15.794707166308616 ], [ -96.072921980231953, 15.796246356940701 ], [ -96.072562638641045, 15.796791807792122 ], [ -96.072077992852783, 15.797294931359687 ], [ -96.071593344636256, 15.797798053418321 ], [ -96.070567974771734, 15.798690091653222 ], [ -96.066752145331364, 15.801846641358877 ], [ -96.065626047471653, 15.802808403034934 ], [ -96.064906432167533, 15.803474263178041 ], [ -96.064186812184474, 15.804140120097928 ], [ -96.06325686111991, 15.805080813247207 ], [ -96.060356282325031, 15.808138972368807 ], [ -96.059684425832799, 15.809006946235376 ], [ -96.059130110198865, 15.809582454672714 ], [ -96.058909703115631, 15.809699545935681 ], [ -96.058626843379855, 15.809744605022587 ], [ -96.058289808194047, 15.809739150333449 ], [ -96.05797833727884, 15.809718670908699 ], [ -96.05779350980535, 15.809680608223204 ], [ -96.057502160566671, 15.809510725414645 ], [ -96.057270775162579, 15.80930609835214 ], [ -96.056482329207796, 15.808521053914465 ] ] ] ] } },
{ "type": "Feature", "properties": { "fid": 45.0, "cat": 45, "CLAVE_ACUI": "2011", "NOM_ACUIF": "HUATULCO", "VULNERABIL": 3 }, "geometry": { "type": "MultiPolygon", "coordinates": [ [ [ [ -96.136680375458582, 15.788972978009891 ], [ -96.136466515884877, 15.789258019925283 ], [ -96.136169443858108, 15.789491165940152 ], [ -96.135958915304329, 15.789539189841507 ], [ -96.135273521414248, 15.789530154375779 ], [ -96.135073912050913, 15.789547842062476 ], [ -96.134827795200735, 15.789639421182459 ], [ -96.13467580892879, 15.789752560855874 ], [ -96.134212655417969, 15.790188966261351 ], [ -96.134050463496962, 15.790281651261937 ], [ -96.133756722626899, 15.790277776428175 ], [ -96.1334992850974, 15.790179555849921 ], [ -96.13259165354134, 15.789725066317795 ], [ -96.132302173396852, 15.789667060593215 ], [ -96.131858894443894, 15.789850858019438 ], [ -96.131515117830247, 15.790171431178399 ], [ -96.130354096989265, 15.791483637095846 ], [ -96.129972953357154, 15.791849432145211 ], [ -96.129355311903154, 15.792244273838863 ], [ -96.128854111078994, 15.792442537998649 ], [ -96.127132812570338, 15.792972921156524 ], [ -96.126715821801255, 15.793151973999649 ], [ -96.126491167086414, 15.793457179773929 ], [ -96.125817710363705, 15.793469154118108 ], [ -96.125018075921389, 15.793458572679191 ], [ -96.124768618205437, 15.793414632327949 ], [ -96.124404116741729, 15.793220160272391 ], [ -96.12413285848848, 15.792986283426192 ], [ -96.123231492439501, 15.792089328991546 ], [ -96.122887591168691, 15.791798610914064 ], [ -96.12218408188042, 15.791338881423718 ], [ -96.12152297125418, 15.79097284203125 ], [ -96.119141315298407, 15.789724375765728 ], [ -96.11852203506858, 15.789369043053622 ], [ -96.118013698158052, 15.788959302468651 ], [ -96.117906780963395, 15.788729292678809 ], [ -96.117916169412084, 15.788065654740949 ], [ -96.117856818991129, 15.787810876809967 ], [ -96.1175704629743, 15.787285551004427 ], [ -96.117220734642032, 15.786789863241472 ], [ -96.115875037881608, 15.7850019767498 ], [ -96.115521150329783, 15.784430035101005 ], [ -96.115215359526275, 15.783548863362904 ], [ -96.11513240166812, 15.78286198849422 ], [ -96.115051052822835, 15.780537744116781 ], [ -96.11501393434898, 15.779947993962526 ], [ -96.114922065526102, 15.779520071052955 ], [ -96.114827942921778, 15.779498502731622 ], [ -96.114480572107823, 15.779825773012528 ], [ -96.114389609441801, 15.77995156075146 ], [ -96.114312488336964, 15.780211300334946 ], [ -96.114293278013861, 15.780456569181151 ], [ -96.114280750614981, 15.781341417536977 ], [ -96.114250905970877, 15.78159670477087 ], [ -96.114124158571926, 15.781903196801233 ], [ -96.11397293537523, 15.782085755213242 ], [ -96.113393972921131, 15.782631201260577 ], [ -96.113201363349717, 15.782772570925641 ], [ -96.112881482838674, 15.782886850925202 ], [ -96.112617120467945, 15.78290873830516 ], [ -96.111703310571585, 15.782896597410309 ], [ -96.111413514764223, 15.782862267625225 ], [ -96.110974944215826, 15.782714204706931 ], [ -96.110638211081721, 15.782537015989439 ], [ -96.109505364849412, 15.781858195854442 ], [ -96.109200537117502, 15.781650950857157 ], [ -96.108715425686057, 15.781168128295702 ], [ -96.108630554301769, 15.780987513818843 ], [ -96.108582801510337, 15.780491317738614 ], [ -96.108444188409663, 15.780277816492825 ], [ -96.108182471921822, 15.780113475491783 ], [ -96.107876014809051, 15.780021349202677 ], [ -96.106736913359299, 15.779784939668415 ], [ -96.106383613453929, 15.779666789157826 ], [ -96.105873980822111, 15.77935183243496 ], [ -96.105499234739739, 15.779020044817797 ], [ -96.104260060360716, 15.777786657055643 ], [ -96.103897685449525, 15.777322958358182 ], [ -96.103445769984646, 15.776392421514577 ], [ -96.103162551584319, 15.775526782135765 ], [ -96.102292790387651, 15.772417668855839 ], [ -96.102045643389616, 15.771598227801087 ], [ -96.101762041552306, 15.770883282660005 ], [ -96.101604042089434, 15.770681373458629 ], [ -96.101150312813573, 15.770454075231997 ], [ -96.101041894954193, 15.770321262164625 ], [ -96.100999371826788, 15.77000165849304 ], [ -96.101042885635039, 15.769646655475007 ], [ -96.101290181773521, 15.768322441091522 ], [ -96.101297139429334, 15.768187734371418 ], [ -96.101325057138752, 15.767836942276013 ], [ -96.101238270510777, 15.767053503128576 ], [ -96.101080232977893, 15.766362243530708 ], [ -96.100429517541599, 15.763919804654364 ], [ -96.100249927947672, 15.763268895962083 ], [ -96.100062552602296, 15.76267376082032 ], [ -96.099974462572064, 15.762474476435697 ], [ -96.099805517194071, 15.762221593495536 ], [ -96.099703836664673, 15.762000064292968 ], [ -96.099614760654205, 15.761735095075506 ], [ -96.100154809881744, 15.761521235531294 ], [ -96.099941181334813, 15.760724005382828 ], [ -96.100187748302588, 15.760654150857459 ], [ -96.100654684564603, 15.760624349126887 ], [ -96.10137619654779, 15.760633959531511 ], [ -96.10162316128303, 15.760637249187768 ], [ -96.101682598511502, 15.76063804074834 ], [ -96.101792194180391, 15.760628534419299 ], [ -96.101936369305861, 15.760621101128605 ], [ -96.102255879383605, 15.7605305333096 ], [ -96.102380815477957, 15.760474626096247 ], [ -96.102638497188579, 15.760305344708151 ], [ -96.103450774838876, 15.759758934099002 ], [ -96.103854767002758, 15.759304475347346 ], [ -96.104557550376001, 15.759303767341098 ], [ -96.105321183223865, 15.759339470356837 ], [ -96.106580614601, 15.759492533582124 ], [ -96.106844294036577, 15.759639965953964 ], [ -96.107635946441476, 15.760203620074126 ], [ -96.107851707687416, 15.760401212502192 ], [ -96.108066938708916, 15.760759657642174 ], [ -96.108158650164583, 15.761074129825646 ], [ -96.108371406296172, 15.762183221649805 ], [ -96.108483952734915, 15.762508130267207 ], [ -96.108796413261558, 15.762915278454381 ], [ -96.109130239512197, 15.763172009789246 ], [ -96.109757946254206, 15.763872328597737 ], [ -96.109986597934338, 15.764024372852933 ], [ -96.110668758600511, 15.764254685409055 ], [ -96.111003741679568, 15.764306544767038 ], [ -96.111884834690471, 15.76431824153533 ], [ -96.112808556014613, 15.764283088877612 ], [ -96.116311260979813, 15.764295935122755 ], [ -96.117213719273877, 15.764280801043032 ], [ -96.117976681640272, 15.764047070541373 ], [ -96.118191164214352, 15.764212465638666 ], [ -96.118356023316394, 15.765029422046606 ], [ -96.118455124710096, 15.765193288922559 ], [ -96.118698536598487, 15.765291335871309 ], [ -96.118947166344682, 15.765267535832512 ], [ -96.119864025690447, 15.765058419636405 ], [ -96.120113372085171, 15.764983829367932 ], [ -96.120360129812042, 15.764844859981274 ], [ -96.120463294461103, 15.764720922763559 ], [ -96.12069797125811, 15.764281518407001 ], [ -96.120785258136323, 15.764167530519959 ], [ -96.120956029179268, 15.764085126212059 ], [ -96.121176733979027, 15.764057567304587 ], [ -96.121862033808114, 15.764066632945793 ], [ -96.122064688834357, 15.764087179834732 ], [ -96.122064688828033, 15.764087179847616 ], [ -96.122482774925743, 15.764189985751425 ], [ -96.122638531458634, 15.764138989359793 ], [ -96.123887121916979, 15.764708635457099 ], [ -96.12422738767782, 15.764882461166511 ], [ -96.124566699777262, 15.765124005136599 ], [ -96.124569776625322, 15.765127652181826 ], [ -96.124569776632796, 15.765127652187184 ], [ -96.1247111652347, 15.765295242565198 ], [ -96.125046025759289, 15.765852806695237 ], [ -96.125053700267031, 15.766052715533597 ], [ -96.124754652408598, 15.766428059091131 ], [ -96.124319765518393, 15.766764354384991 ], [ -96.122589330336496, 15.76795837874508 ], [ -96.122065777679822, 15.768257936770656 ], [ -96.121352978079756, 15.768461858786162 ], [ -96.120858246982536, 15.768453618270172 ], [ -96.119262305638514, 15.768211235341786 ], [ -96.118837120517185, 15.768107394568307 ], [ -96.118448861692485, 15.767865193627669 ], [ -96.118319391093493, 15.767623033678186 ], [ -96.118103453933458, 15.766735155207254 ], [ -96.11796349488597, 15.766492856266566 ], [ -96.117526289772897, 15.766250005894111 ], [ -96.117041670412803, 15.766145374915613 ], [ -96.115217322107711, 15.765899938960342 ], [ -96.114695203024183, 15.765850683742393 ], [ -96.114082991442984, 15.765866269816247 ], [ -96.113730522023062, 15.76593779136337 ], [ -96.112697874700331, 15.766255970254079 ], [ -96.112564673830633, 15.766401516762805 ], [ -96.112975719475571, 15.766762557894589 ], [ -96.113696131060365, 15.767132782860893 ], [ -96.116647032628279, 15.768499438153686 ], [ -96.117414302501004, 15.768895672874038 ], [ -96.118043968174646, 15.769378132544169 ], [ -96.118176218134025, 15.76967112779495 ], [ -96.118163716571686, 15.770555980063262 ], [ -96.118181012122761, 15.770816973406296 ], [ -96.11827422686828, 15.771150090122802 ], [ -96.118390095434975, 15.771364977781824 ], [ -96.118837602185522, 15.772034669855787 ], [ -96.118942121086874, 15.772310364914903 ], [ -96.118982367507613, 15.772927250068982 ], [ -96.118935342793037, 15.773532819450308 ], [ -96.118678510815386, 15.775717518837844 ], [ -96.11867851073707, 15.775717519921381 ], [ -96.118678510737041, 15.775717519921631 ], [ -96.118634074297987, 15.776332325553303 ], [ -96.118699799743652, 15.776878430702856 ], [ -96.11883526138557, 15.777068179134213 ], [ -96.119401691455693, 15.777407565943383 ], [ -96.119615611267221, 15.777489983883871 ], [ -96.119886527629461, 15.777375043427007 ], [ -96.120118260566628, 15.777186772743548 ], [ -96.120928761059474, 15.776423114434246 ], [ -96.121135629749574, 15.776137996321673 ], [ -96.121290519469738, 15.775571105749167 ], [ -96.121304922064454, 15.775046380411737 ], [ -96.121217244247759, 15.773164552883037 ], [ -96.121236245388801, 15.772685606832072 ], [ -96.121412595662065, 15.772332352664504 ], [ -96.121645523715841, 15.772306649713608 ], [ -96.122556173098701, 15.772539954821593 ], [ -96.122834227336924, 15.772662162969558 ], [ -96.123221163541189, 15.772999164367691 ], [ -96.123495875763425, 15.773358386877826 ], [ -96.124390935735505, 15.77469775635052 ], [ -96.124629438809492, 15.775020940308313 ], [ -96.124847386812561, 15.775189763679093 ], [ -96.124920237371725, 15.775107756058516 ], [ -96.125042257861935, 15.774556230432918 ], [ -96.125095130846788, 15.774402840733096 ], [ -96.125219851378645, 15.774238547817538 ], [ -96.125345150586256, 15.774157233300027 ], [ -96.12580515930884, 15.773942057840268 ], [ -96.125926143780944, 15.773794647840111 ], [ -96.126030729363876, 15.773321910567381 ], [ -96.126059152691226, 15.772793981647061 ], [ -96.126087207282339, 15.770803050465148 ], [ -96.126131291863501, 15.770280408141991 ], [ -96.12630896718062, 15.769832341889199 ], [ -96.12651870468882, 15.769714889416406 ], [ -96.127319804809986, 15.769614842432507 ], [ -96.127574813909121, 15.769635142841491 ], [ -96.127963756922298, 15.769829926591504 ], [ -96.128264381271876, 15.770087888679225 ], [ -96.129278357455163, 15.771096926444653 ], [ -96.12954708730571, 15.771384945500669 ], [ -96.129627117545184, 15.77149662977768 ], [ -96.129787178135345, 15.771719998486921 ], [ -96.129861434644582, 15.771910626730698 ], [ -96.12996787393763, 15.772465172314162 ], [ -96.130037386185919, 15.772620178882642 ], [ -96.130255337417466, 15.772788997175839 ], [ -96.13049718420487, 15.772875159402677 ], [ -96.131407852735094, 15.773108429488124 ], [ -96.131670394543846, 15.773215182993535 ], [ -96.131984919981434, 15.773480097846917 ], [ -96.131991837764474, 15.773490160679724 ], [ -96.131991837786913, 15.773490160698872 ], [ -96.132171700346433, 15.773751794292505 ], [ -96.132728819058698, 15.774754796018703 ], [ -96.132956847085552, 15.775077834722348 ], [ -96.133152292050866, 15.775272316540995 ], [ -96.13315229306879, 15.775272317941969 ], [ -96.133308065893502, 15.775427322735011 ], [ -96.133463857728159, 15.775582346832385 ], [ -96.133659304675533, 15.775776829748338 ], [ -96.134131435988337, 15.776150497410871 ], [ -96.13582771547388, 15.777389762464475 ], [ -96.136289962488263, 15.777765656266746 ], [ -96.1368008984646, 15.778320346738635 ], [ -96.137057446304084, 15.778730116374417 ], [ -96.137724168287718, 15.780066440348309 ], [ -96.137975260680676, 15.780491377319564 ], [ -96.138509214923516, 15.781196045347771 ], [ -96.139008523916019, 15.781752939578459 ], [ -96.140640842445364, 15.783318707746711 ], [ -96.1411281225175, 15.783736589708861 ], [ -96.141929220978597, 15.784513626837491 ], [ -96.141655383075829, 15.784919804816582 ], [ -96.141272443689459, 15.784958794059028 ], [ -96.140789424651331, 15.785441804182897 ], [ -96.139396919110325, 15.786972284244394 ], [ -96.139013741329308, 15.787360085196088 ], [ -96.138618096265034, 15.78763935000037 ], [ -96.138436068068344, 15.78765049942716 ], [ -96.137982249528008, 15.787423265355043 ], [ -96.137831978889182, 15.787414512991319 ], [ -96.137584533495016, 15.787600902957854 ], [ -96.137381310192765, 15.787875926544793 ], [ -96.136680375458582, 15.788972978009891 ] ] ] ] } },
{ "type": "Feature", "properties": { "fid": 46.0, "cat": 46, "CLAVE_ACUI": "2011", "NOM_ACUIF": "HUATULCO", "VULNERABIL": 4 }, "geometry": { "type": "MultiPolygon", "coordinates": [ [ [ [ -96.141655383075829, 15.784919804816582 ], [ -96.141929220978597, 15.784513626837491 ], [ -96.142049285593146, 15.784306929423522 ], [ -96.14262974117409, 15.783650786274166 ], [ -96.142801758410172, 15.783480330587661 ], [ -96.14302405209331, 15.783341015035855 ], [ -96.143169597486903, 15.78331244857506 ], [ -96.143626515930436, 15.783318453564874 ], [ -96.143781199313523, 15.783386525149293 ], [ -96.144046137014811, 15.783698188015 ], [ -96.144451198244369, 15.78420190634942 ], [ -96.146014791128991, 15.786766920375202 ], [ -96.146425259469623, 15.787551232265383 ], [ -96.146777165553416, 15.788646343581085 ], [ -96.146869417995532, 15.789426476710338 ], [ -96.14694801937361, 15.791971986553781 ], [ -96.146901062397035, 15.792577574127456 ], [ -96.146603330167608, 15.792858139430178 ], [ -96.146224956608989, 15.792653359047549 ], [ -96.144756957155337, 15.791417147973339 ], [ -96.144355423018965, 15.790993624287673 ], [ -96.143949586996172, 15.790253395622905 ], [ -96.143771354655755, 15.789619450200917 ], [ -96.143345441313983, 15.787401267271273 ], [ -96.143198398977091, 15.786788051561171 ], [ -96.14293811241852, 15.786144560949049 ], [ -96.142713316863649, 15.785838504232691 ], [ -96.141924560361232, 15.785053729052509 ], [ -96.141655383075829, 15.784919804816582 ] ] ] ] } },
{ "type": "Feature", "properties": { "fid": 47.0, "cat": 47, "CLAVE_ACUI": "2011", "NOM_ACUIF": "HUATULCO", "VULNERABIL": 5 }, "geometry": { "type": "MultiPolygon", "coordinates": [ [ [ [ -96.1368008984646, 15.778320346738635 ], [ -96.136289962488263, 15.777765656266746 ], [ -96.13582771547388, 15.777389762464475 ], [ -96.134131435988337, 15.776150497410871 ], [ -96.133659304675533, 15.775776829748338 ], [ -96.133463857728159, 15.775582346832385 ], [ -96.132956847085552, 15.775077834722348 ], [ -96.132728819058698, 15.774754796018703 ], [ -96.132171700346433, 15.773751794292505 ], [ -96.131984919981434, 15.773480097846917 ], [ -96.131670394543846, 15.773215182993535 ], [ -96.131407852735094, 15.773108429488124 ], [ -96.13049718420487, 15.772875159402677 ], [ -96.130255337417466, 15.772788997175839 ], [ -96.130037386185919, 15.772620178882642 ], [ -96.12996787393763, 15.772465172314162 ], [ -96.129861434644582, 15.771910626730698 ], [ -96.129787178135345, 15.771719998486921 ], [ -96.129547087305724, 15.771384945500669 ], [ -96.129278357455163, 15.771096926444653 ], [ -96.128264381271876, 15.770087888679225 ], [ -96.127963756922298, 15.769829926591504 ], [ -96.127574813909121, 15.769635142841491 ], [ -96.127319804809986, 15.769614842432507 ], [ -96.12651870468882, 15.769714889416406 ], [ -96.12630896718062, 15.769832341889199 ], [ -96.126131291863501, 15.770280408141991 ], [ -96.126087207282339, 15.770803050465148 ], [ -96.126059152691226, 15.772793981647061 ], [ -96.126030729363876, 15.773321910567381 ], [ -96.125926143780944, 15.773794647840111 ], [ -96.12580515930884, 15.773942057840268 ], [ -96.125345150586256, 15.774157233300027 ], [ -96.125219851378645, 15.774238547817538 ], [ -96.125095130846788, 15.774402840733096 ], [ -96.125042257861935, 15.774556230432918 ], [ -96.124920237371725, 15.775107756058516 ], [ -96.124847386812561, 15.775189763679093 ], [ -96.124629438809492, 15.775020940308313 ], [ -96.124390935735505, 15.77469775635052 ], [ -96.123495875763425, 15.773358386877826 ], [ -96.123221163541189, 15.772999164367691 ], [ -96.122834227336924, 15.772662162969558 ], [ -96.122556173098701, 15.772539954821593 ], [ -96.121645523715841, 15.772306649713608 ], [ -96.121412595662065, 15.772332352664504 ], [ -96.121236245388801, 15.772685606832072 ], [ -96.121217244247759, 15.773164552883037 ], [ -96.121304922064454, 15.775046380411737 ], [ -96.121290519469738, 15.775571105749167 ], [ -96.121135629749574, 15.776137996321673 ], [ -96.120928761059474, 15.776423114434246 ], [ -96.120118260566628, 15.777186772743548 ], [ -96.119886527629461, 15.777375043427007 ], [ -96.119615611267221, 15.777489983883871 ], [ -96.119401691455693, 15.777407565943383 ], [ -96.11883526138557, 15.777068179134213 ], [ -96.118699799743652, 15.776878430702856 ], [ -96.118634074297987, 15.776332325553303 ], [ -96.118678510815386, 15.775717518837844 ], [ -96.118935342793037, 15.773532819450308 ], [ -96.118982367507613, 15.772927250068982 ], [ -96.118942121086874, 15.772310364914903 ], [ -96.118837602185522, 15.772034669855787 ], [ -96.118390095434975, 15.771364977781824 ], [ -96.11827422686828, 15.771150090122802 ], [ -96.118181012122761, 15.770816973406296 ], [ -96.118163716571686, 15.770555980063262 ], [ -96.118176218134025, 15.76967112779495 ], [ -96.118043968174646, 15.769378132544169 ], [ -96.117414302501004, 15.768895672874038 ], [ -96.116647032628279, 15.768499438153686 ], [ -96.113696131060365, 15.767132782860893 ], [ -96.112975719475571, 15.766762557894589 ], [ -96.112564673830633, 15.766401516762805 ], [ -96.112697874700331, 15.766255970254079 ], [ -96.113730522023062, 15.76593779136337 ], [ -96.114082991442984, 15.765866269816247 ], [ -96.114695203024183, 15.765850683742393 ], [ -96.115217322107711, 15.765899938960342 ], [ -96.117041670412803, 15.766145374915613 ], [ -96.117526289772897, 15.766250005894111 ], [ -96.11796349488597, 15.766492856266566 ], [ -96.118103453933458, 15.766735155207254 ], [ -96.118319391093493, 15.767623033678186 ], [ -96.118448861692485, 15.767865193627669 ], [ -96.118837120517185, 15.768107394568307 ], [ -96.119262305638514, 15.768211235341786 ], [ -96.120858246982536, 15.768453618270172 ], [ -96.121352978079756, 15.768461858786162 ], [ -96.122065777679822, 15.768257936770656 ], [ -96.122589330336496, 15.76795837874508 ], [ -96.124319765518393, 15.766764354384991 ], [ -96.124754652408598, 15.766428059091131 ], [ -96.125053700267031, 15.766052715533597 ], [ -96.125046025759289, 15.765852806695237 ], [ -96.1247111652347, 15.765295242565198 ], [ -96.124566699777262, 15.765124005136599 ], [ -96.12422738767782, 15.764882461166511 ], [ -96.123887121916979, 15.764708635457099 ], [ -96.122638531458634, 15.764138989359793 ], [ -96.122482774925743, 15.764189985751425 ], [ -96.122064688828033, 15.764087179847616 ], [ -96.122293698952873, 15.763621137892548 ], [ -96.122625561484071, 15.763398626878827 ], [ -96.123895341793968, 15.762543212015849 ], [ -96.12430594175575, 15.762316658644931 ], [ -96.124726355229384, 15.76201403626397 ], [ -96.12491634630878, 15.761808272541634 ], [ -96.125750088659458, 15.761302658311235 ], [ -96.125934332845432, 15.761132376511831 ], [ -96.12632793101649, 15.760995338110861 ], [ -96.12670597020994, 15.760969850371895 ], [ -96.127287181408079, 15.760919951302848 ], [ -96.12807655627465, 15.760987941254252 ], [ -96.128438790535711, 15.760967321756743 ], [ -96.12875862977036, 15.760853011454012 ], [ -96.12885330855174, 15.76071033098752 ], [ -96.128975191583038, 15.760663962370032 ], [ -96.129029328240605, 15.760544453008817 ], [ -96.129035551413878, 15.760102022239236 ], [ -96.129058291837936, 15.759977018818741 ], [ -96.129152874671433, 15.759841110009717 ], [ -96.129278162836997, 15.759759791396824 ], [ -96.129738133675176, 15.759544601266098 ], [ -96.129837698560948, 15.759427383945999 ], [ -96.129842364298412, 15.759095560600686 ], [ -96.129749465040902, 15.758738744629747 ], [ -96.129311272139589, 15.757405426740023 ], [ -96.129250126754528, 15.75702871005271 ], [ -96.129402971418259, 15.756604016640839 ], [ -96.129501725423978, 15.756544360429878 ], [ -96.130305882485544, 15.756223077778879 ], [ -96.130547307787978, 15.756089103604074 ], [ -96.130869802830063, 15.755785175114442 ], [ -96.131149770277318, 15.755521324583405 ], [ -96.131472263531435, 15.75521739488763 ], [ -96.131617122308811, 15.754987322411043 ], [ -96.131789898909659, 15.754387915243294 ], [ -96.132056591323192, 15.75407308934764 ], [ -96.132600345240121, 15.753700953470858 ], [ -96.133110444083883, 15.753484155912821 ], [ -96.134947147026125, 15.75284456028181 ], [ -96.135430093812559, 15.752693437891685 ], [ -96.135847148005141, 15.752627805791452 ], [ -96.135959993446718, 15.752685169011762 ], [ -96.136069551559032, 15.753018496650274 ], [ -96.135980687154827, 15.753245923076825 ], [ -96.135718557029065, 15.753609920576706 ], [ -96.13545642590833, 15.753973917594596 ], [ -96.134796341218106, 15.754786480907974 ], [ -96.132240161292231, 15.757850423239898 ], [ -96.13155289967905, 15.758728652923779 ], [ -96.131227402113524, 15.75924589702163 ], [ -96.130901902749727, 15.759763140336105 ], [ -96.130659172587428, 15.760362752092066 ], [ -96.130177426537273, 15.762126453136061 ], [ -96.130161567178604, 15.762632537763599 ], [ -96.130365438724425, 15.762931552122167 ], [ -96.130569310824754, 15.763230566381674 ], [ -96.131167663259504, 15.763578807260801 ], [ -96.133552246481429, 15.764605889468063 ], [ -96.134209656363154, 15.764858383510063 ], [ -96.134551312962316, 15.764934001576743 ], [ -96.134892969905124, 15.765009619147747 ], [ -96.135211720561514, 15.764973177068557 ], [ -96.136015907973274, 15.764651877530834 ], [ -96.136241536166438, 15.764522770010572 ], [ -96.136490281169756, 15.764241569608828 ], [ -96.136620002863211, 15.763968962390253 ], [ -96.136976623630332, 15.76297799526558 ], [ -96.137100742691246, 15.762730713286881 ], [ -96.137323346562994, 15.762567698420872 ], [ -96.137517233372776, 15.762582101983226 ], [ -96.138199435956849, 15.762812332501193 ], [ -96.138387722414464, 15.762852061188218 ], [ -96.138584188793672, 15.762807232241025 ], [ -96.138676568424273, 15.762703462281953 ], [ -96.13891120633356, 15.762264031271787 ], [ -96.139024706620404, 15.762150378965924 ], [ -96.13931973728404, 15.762059432543651 ], [ -96.139627709505547, 15.762043161080257 ], [ -96.140769883409135, 15.762058170648569 ], [ -96.141098123117857, 15.762092962487259 ], [ -96.141292928566301, 15.762166640365729 ], [ -96.141487734181723, 15.762240318092443 ], [ -96.141716081886329, 15.762416034516255 ], [ -96.142392095735588, 15.763088688406812 ], [ -96.142610382467367, 15.763233792514516 ], [ -96.142953037402862, 15.763238291650682 ], [ -96.14322425716297, 15.763099614683528 ], [ -96.14414729098651, 15.762447953699784 ], [ -96.144418935447604, 15.76227880097076 ], [ -96.144763578929371, 15.762141085166723 ], [ -96.144984282635093, 15.762113501187834 ], [ -96.145669590282196, 15.762122490830411 ], [ -96.145810131808787, 15.762200533094854 ], [ -96.145795408042289, 15.762378137538128 ], [ -96.145780684223027, 15.762555741973644 ], [ -96.14559807384947, 15.762985140776076 ], [ -96.1447753306431, 15.764633789634654 ], [ -96.144676205608775, 15.765094762055398 ], [ -96.145036375509349, 15.76559732099023 ], [ -96.145650031030655, 15.765854288760451 ], [ -96.148153599111325, 15.766550897126177 ], [ -96.148719988257298, 15.766812317581079 ], [ -96.148859556601678, 15.767335687167209 ], [ -96.14849254782844, 15.767821937816715 ], [ -96.14664025238632, 15.769567725004709 ], [ -96.146177878188325, 15.77012045164709 ], [ -96.14587686688219, 15.770638041485501 ], [ -96.145907616245609, 15.770939853995671 ], [ -96.146352127647717, 15.771830722756572 ], [ -96.146561135309426, 15.772139953963924 ], [ -96.14709199268006, 15.772692163857705 ], [ -96.147641354429894, 15.773171803181672 ], [ -96.14967420447968, 15.774857902326335 ], [ -96.150251223379783, 15.775236300437189 ], [ -96.150911107739518, 15.775316066299856 ], [ -96.150732192999499, 15.775730841982602 ], [ -96.150245313229789, 15.776534994874707 ], [ -96.149309849819218, 15.778071549600648 ], [ -96.149186079742137, 15.778544054273892 ], [ -96.148463335827614, 15.778581989074928 ], [ -96.148178788776349, 15.778171862231984 ], [ -96.14694086470044, 15.776828066661745 ], [ -96.146508394590327, 15.776492196396671 ], [ -96.145728116404015, 15.776268598599998 ], [ -96.145045902358831, 15.776285042143481 ], [ -96.142642512179009, 15.776585361141684 ], [ -96.142016712671889, 15.776693974665427 ], [ -96.141499706130858, 15.776900534791544 ], [ -96.141386924978647, 15.777087008708884 ], [ -96.141377619735394, 15.777750661024083 ], [ -96.141406099212972, 15.777964391592848 ], [ -96.141722987153358, 15.778561213719991 ], [ -96.142395944174666, 15.779455093178827 ], [ -96.142570339305266, 15.779738473830285 ], [ -96.142711223108492, 15.780167038119243 ], [ -96.142891158543222, 15.781302787920385 ], [ -96.143179242104253, 15.7820838008181 ], [ -96.143537437363932, 15.782728577315297 ], [ -96.143761060110464, 15.782868673601579 ], [ -96.143626515930436, 15.783318453564874 ], [ -96.143169597486903, 15.78331244857506 ], [ -96.14302405209331, 15.783341015035855 ], [ -96.14262974117409, 15.783650786274166 ], [ -96.142049285593146, 15.784306929423522 ], [ -96.141929220978597, 15.784513626837491 ], [ -96.1411281225175, 15.783736589708861 ], [ -96.140640842445364, 15.783318707746711 ], [ -96.139008523916019, 15.781752939578459 ], [ -96.138509214923516, 15.781196045347771 ], [ -96.137975260680676, 15.780491377319564 ], [ -96.137724168287718, 15.780066440348309 ], [ -96.137057446304084, 15.778730116374417 ], [ -96.1368008984646, 15.778320346738635 ] ] ] ] } },
{ "type": "Feature", "properties": { "fid": 48.0, "cat": 49, "CLAVE_ACUI": "2011", "NOM_ACUIF": "HUATULCO", "VULNERABIL": 4 }, "geometry": { "type": "MultiPolygon", "coordinates": [ [ [ [ -96.067706341206275, 15.780835973954778 ], [ -96.068080187755186, 15.779712604091635 ], [ -96.068560849147431, 15.778707483338215 ], [ -96.069262767284428, 15.778491010060453 ], [ -96.070063871042635, 15.779061277030511 ], [ -96.070765790503415, 15.779206226748146 ], [ -96.070948629974168, 15.779173436987325 ], [ -96.070881696129192, 15.779304806453757 ], [ -96.070744597844453, 15.779471184609644 ], [ -96.070583492634427, 15.779627640510487 ], [ -96.070399463764858, 15.77977768351 ], [ -96.070293754330791, 15.779867248665344 ], [ -96.070163132847739, 15.779958213864939 ], [ -96.070102780075885, 15.779992788001262 ], [ -96.070004669063565, 15.780038415785381 ], [ -96.069921917537144, 15.780071357851245 ], [ -96.069799610498279, 15.78012004633718 ], [ -96.069691772187809, 15.78018650073254 ], [ -96.069640275493299, 15.780234392822615 ], [ -96.069591949654367, 15.78029838396168 ], [ -96.069556929247256, 15.780369274056447 ], [ -96.069534167408207, 15.78044848844185 ], [ -96.069518830999911, 15.780527762790642 ], [ -96.069509643623334, 15.780634141606287 ], [ -96.06949574680884, 15.78071866727751 ], [ -96.069480388581326, 15.780779679705576 ], [ -96.069456107590312, 15.78081640846499 ], [ -96.069402361593205, 15.780844803670602 ], [ -96.069342377720702, 15.780864281325695 ], [ -96.069249589361633, 15.780878318682779 ], [ -96.069093021299707, 15.780897687927553 ], [ -96.068779541301097, 15.780914056640091 ], [ -96.068595579485773, 15.780937622465419 ], [ -96.068478167325438, 15.780956357399345 ], [ -96.068343460670548, 15.780965694224198 ], [ -96.068314826440385, 15.780969273502969 ], [ -96.068287048543652, 15.78097474945055 ], [ -96.068254170991864, 15.780989235104542 ], [ -96.068210547702506, 15.781025644176582 ], [ -96.068188444518597, 15.781062068613364 ], [ -96.068172046540965, 15.781102901174105 ], [ -96.068151670983042, 15.781159273551033 ], [ -96.068134979765361, 15.781217530486295 ], [ -96.068117211056631, 15.781282088385943 ], [ -96.068101541891679, 15.781324246101216 ], [ -96.068087408532634, 15.781346839217679 ], [ -96.06806313971606, 15.781369780257181 ], [ -96.068012079111, 15.781389540485268 ], [ -96.067895063156797, 15.781397599665487 ], [ -96.067833115172519, 15.781401471414505 ], [ -96.067784198362602, 15.781395505949884 ], [ -96.06774688606977, 15.781390384654788 ], [ -96.067711908598184, 15.781374421094322 ], [ -96.067686247544572, 15.781345864309275 ], [ -96.067671887085282, 15.78131626093159 ], [ -96.067663669709162, 15.781295775264267 ], [ -96.067654757024769, 15.781256868551171 ], [ -96.067651158197734, 15.781201190159878 ], [ -96.067655056846007, 15.780863651178807 ], [ -96.067706341206275, 15.780835973954778 ] ] ] ] } },
{ "type": "Feature", "properties": { "fid": 50.0, "cat": 53, "CLAVE_ACUI": "2011", "NOM_ACUIF": "HUATULCO", "VULNERABIL": 3 }, "geometry": { "type": "MultiPolygon", "coordinates": [ [ [ [ -96.40426943700507, 15.782974379675533 ], [ -96.404499889286114, 15.78300761635137 ], [ -96.404547044219129, 15.783150443393055 ], [ -96.404383955796163, 15.783321245405505 ], [ -96.403575718458512, 15.7839754921017 ], [ -96.403307894758413, 15.784129799524708 ], [ -96.402866291140228, 15.784195655885856 ], [ -96.402503253107525, 15.784135428824223 ], [ -96.401250682565319, 15.783788509409586 ], [ -96.400972171200976, 15.783683562794319 ], [ -96.400925018836844, 15.783540735340592 ], [ -96.401136169242278, 15.783441642802527 ], [ -96.402168688594159, 15.783122035131147 ], [ -96.402484571226239, 15.78303943520312 ], [ -96.402926172275528, 15.782973579254056 ], [ -96.403241148477051, 15.782962099285756 ], [ -96.40426943700507, 15.782974379675533 ] ] ] ] } },
{ "type": "Feature", "properties": { "fid": 51.0, "cat": 55, "CLAVE_ACUI": "2011", "NOM_ACUIF": "HUATULCO", "VULNERABIL": 3 }, "geometry": { "type": "MultiPolygon", "coordinates": [ ] } },
{ "type": "Feature", "properties": { "fid": 52.0, "cat": 48, "CLAVE_ACUI": "2011", "NOM_ACUIF": "HUATULCO", "VULNERABIL": 3 }, "geometry": { "type": "MultiPolygon", "coordinates": [ [ [ [ -96.148178788776349, 15.778171862231984 ], [ -96.148463335827614, 15.778581989074928 ], [ -96.148553288400876, 15.779152121520983 ], [ -96.148397243488617, 15.779556469575406 ], [ -96.147579074177571, 15.780873291688186 ], [ -96.14732407751255, 15.78122554070902 ], [ -96.146952268681488, 15.781552549865303 ], [ -96.146676110447956, 15.781667456825575 ], [ -96.145759180815517, 15.781876678119376 ], [ -96.145509816827115, 15.781951295863774 ], [ -96.145263048416098, 15.782090293048158 ], [ -96.145159886108928, 15.782214242919233 ], [ -96.14492522991506, 15.782653678406596 ], [ -96.144832699850539, 15.782767607857259 ], [ -96.144635549672387, 15.782859843277601 ], [ -96.14444643671321, 15.782877678617352 ], [ -96.143761060110464, 15.782868673601579 ], [ -96.143537437363932, 15.782728577315297 ], [ -96.143179242104253, 15.7820838008181 ], [ -96.142891158543222, 15.781302787920385 ], [ -96.142711223108492, 15.780167038119243 ], [ -96.142570339305266, 15.779738473830285 ], [ -96.142395944174666, 15.779455093178827 ], [ -96.141722987153358, 15.778561213719991 ], [ -96.141406099212972, 15.777964391592848 ], [ -96.141377619735394, 15.777750661024083 ], [ -96.141386924978647, 15.777087008708884 ], [ -96.141499706130858, 15.776900534791544 ], [ -96.142016712671889, 15.776693974665427 ], [ -96.142642512179009, 15.776585361141684 ], [ -96.145045902358831, 15.776285042143481 ], [ -96.145728116404015, 15.776268598599998 ], [ -96.146508394590327, 15.776492196396671 ], [ -96.14694086470044, 15.776828066661745 ], [ -96.148178788776349, 15.778171862231984 ] ] ] ] } },
{ "type": "Feature", "properties": { "fid": 53.0, "cat": 51, "CLAVE_ACUI": "2011", "NOM_ACUIF": "HUATULCO", "VULNERABIL": 4 }, "geometry": { "type": "MultiPolygon", "coordinates": [ [ [ [ -96.149823928923269, 15.779575178057886 ], [ -96.14928590558344, 15.779283647432299 ], [ -96.149186079742137, 15.778544054273892 ], [ -96.149309849819218, 15.778071549600648 ], [ -96.150245313229789, 15.776534994874707 ], [ -96.150732192999499, 15.775730841982602 ], [ -96.150854904820477, 15.775959354020321 ], [ -96.151433744646582, 15.776583304365481 ], [ -96.152137950573263, 15.777246148658266 ], [ -96.15484544324292, 15.779715458048251 ], [ -96.155539180832164, 15.780378157459996 ], [ -96.156069091861383, 15.781001459081546 ], [ -96.156132366264558, 15.781229191841378 ], [ -96.155897733189164, 15.7816686433149 ], [ -96.155768563084351, 15.78177701909671 ], [ -96.155400402945048, 15.78184332113293 ], [ -96.155003630261035, 15.781829662022009 ], [ -96.154261908560372, 15.781764638274574 ], [ -96.153520186845014, 15.781699611904424 ], [ -96.153045871664744, 15.781603654661124 ], [ -96.152315843609912, 15.781285909009048 ], [ -96.15174726286935, 15.780927943716453 ], [ -96.149823928923269, 15.779575178057886 ] ] ] ] } },
{ "type": "Feature", "properties": { "fid": 54.0, "cat": 52, "CLAVE_ACUI": "2011", "NOM_ACUIF": "HUATULCO", "VULNERABIL": 3 }, "geometry": { "type": "MultiPolygon", "coordinates": [ [ [ [ -96.469100945138962, 15.779707584975752 ], [ -96.465720436956147, 15.782298646839195 ], [ -96.464689179341477, 15.783089076009087 ], [ -96.462187948458592, 15.785006197223364 ], [ -96.46185250188708, 15.78460615960207 ], [ -96.460950161999392, 15.78365280471782 ], [ -96.460808001015906, 15.783410641220309 ], [ -96.460933375304222, 15.783174989832442 ], [ -96.461254641956344, 15.783080508089306 ], [ -96.462568333048438, 15.782932122166471 ], [ -96.463019373625869, 15.782810359612951 ], [ -96.463634723311813, 15.782556711764968 ], [ -96.463932081800422, 15.782415502681106 ], [ -96.464280999017774, 15.782160887177243 ], [ -96.464879035367616, 15.781618989560588 ], [ -96.465301320440787, 15.781317866644384 ], [ -96.465725252131321, 15.781087054847534 ], [ -96.466279699378106, 15.780820305152691 ], [ -96.467104249601562, 15.780411106720903 ], [ -96.467949276257286, 15.779991746477581 ], [ -96.468231094218552, 15.779851889056502 ], [ -96.468542050104588, 15.779739310748822 ], [ -96.468847038954365, 15.779688294319119 ], [ -96.469100945138962, 15.779707584975752 ] ] ] ] } },
{ "type": "Feature", "properties": { "fid": 60.0, "cat": 61, "CLAVE_ACUI": "2011", "NOM_ACUIF": "HUATULCO", "VULNERABIL": 3 }, "geometry": { "type": "MultiPolygon", "coordinates": [ [ [ [ -96.136490281169756, 15.764241569608828 ], [ -96.136241536166438, 15.764522770010572 ], [ -96.136015907973274, 15.764651877530834 ], [ -96.135211720561514, 15.764973177068557 ], [ -96.134892969905124, 15.765009619147747 ], [ -96.134209656363154, 15.764858383510063 ], [ -96.133552246481429, 15.764605889468063 ], [ -96.131167663259504, 15.763578807260801 ], [ -96.130569310824754, 15.763230566381674 ], [ -96.130161567178604, 15.762632537763599 ], [ -96.130177426537273, 15.762126453136061 ], [ -96.130659172587428, 15.760362752092066 ], [ -96.130901902749727, 15.759763140336105 ], [ -96.131227402113524, 15.75924589702163 ], [ -96.13155289967905, 15.758728652923779 ], [ -96.132240161292231, 15.757850423239898 ], [ -96.134796341218106, 15.754786480907974 ], [ -96.13545642590833, 15.753973917594596 ], [ -96.135718557029065, 15.753609920576706 ], [ -96.135980687154827, 15.753245923076825 ], [ -96.136069551559032, 15.753018496650274 ], [ -96.135959993446718, 15.752685169011762 ], [ -96.135847148005141, 15.752627805791452 ], [ -96.135430093812559, 15.752693437891685 ], [ -96.134947147026125, 15.75284456028181 ], [ -96.133110444083883, 15.753484155912821 ], [ -96.132600345240121, 15.753700953470858 ], [ -96.132056591323192, 15.75407308934764 ], [ -96.131789898909659, 15.754387915243294 ], [ -96.131617122308811, 15.754987322411043 ], [ -96.131472263531435, 15.75521739488763 ], [ -96.131149770277318, 15.755521324583405 ], [ -96.130869802830063, 15.755785175114442 ], [ -96.130547307787978, 15.756089103604074 ], [ -96.130305882485544, 15.756223077778879 ], [ -96.129501725423978, 15.756544360429878 ], [ -96.129402971418259, 15.756604016640839 ], [ -96.129250126754528, 15.75702871005271 ], [ -96.129311272139589, 15.757405426740023 ], [ -96.129749465040902, 15.758738744629747 ], [ -96.129842364298398, 15.759095560600686 ], [ -96.129842361911642, 15.75909573034547 ], [ -96.129837698560948, 15.759427383945999 ], [ -96.129738133675176, 15.759544601266098 ], [ -96.129278162836997, 15.759759791396824 ], [ -96.129152874671433, 15.759841110009717 ], [ -96.129058291837936, 15.759977018818741 ], [ -96.129035551413878, 15.760102022239236 ], [ -96.129029328240605, 15.760544453008817 ], [ -96.128975191583038, 15.760663962370032 ], [ -96.12885330855174, 15.76071033098752 ], [ -96.12875862977036, 15.760853011454012 ], [ -96.128438790535711, 15.760967321756743 ], [ -96.12807655627465, 15.760987941254252 ], [ -96.127287181408079, 15.760919951302848 ], [ -96.12670597020994, 15.760969850371895 ], [ -96.126573074177244, 15.760473656303972 ], [ -96.126349129889803, 15.759986419821232 ], [ -96.125690318137401, 15.758097045145796 ], [ -96.125520038400097, 15.75752415953907 ], [ -96.125384205953225, 15.756740068225783 ], [ -96.125360438634218, 15.756192823380722 ], [ -96.125378252028511, 15.754927610348895 ], [ -96.125385354689016, 15.754423105195251 ], [ -96.12521788380073, 15.75360803495637 ], [ -96.125065291958492, 15.753019648699722 ], [ -96.124767739023781, 15.752473222759601 ], [ -96.124439667891878, 15.751954451348187 ], [ -96.124081077651041, 15.751452845325487 ], [ -96.123394417432749, 15.750648941290669 ], [ -96.123867449470509, 15.750203598368888 ], [ -96.124920327250322, 15.749991892660878 ], [ -96.125492544289116, 15.750568834283246 ], [ -96.125935060617493, 15.752263424286189 ], [ -96.126507278049729, 15.753174134401634 ], [ -96.126766683458186, 15.753560351903248 ], [ -96.127308382475434, 15.754313714165125 ], [ -96.127773785463162, 15.754680858722866 ], [ -96.128353632083687, 15.754896377350846 ], [ -96.129131847073282, 15.755006043037035 ], [ -96.129864283444533, 15.75479815240487 ], [ -96.130924790433241, 15.753909373793199 ], [ -96.131748781990623, 15.753360085121326 ], [ -96.131527523573524, 15.752680151880222 ], [ -96.130955306407387, 15.751995450173828 ], [ -96.130749306674176, 15.750186425410334 ], [ -96.13063486192452, 15.749390149291658 ], [ -96.129940572369918, 15.749155558973813 ], [ -96.129009767245861, 15.749143162601799 ], [ -96.128551991536554, 15.747222564212739 ], [ -96.1284680652833, 15.746652297368472 ], [ -96.129047911127046, 15.746208860792303 ], [ -96.129414128826497, 15.74531054704563 ], [ -96.129192871447572, 15.744747908900909 ], [ -96.128841911129001, 15.744173827629607 ], [ -96.128506210330755, 15.743944004870501 ], [ -96.127804290906411, 15.743825755523677 ], [ -96.127102372903565, 15.744150942111464 ], [ -96.126858227731148, 15.744716442262064 ], [ -96.126270752780528, 15.745160831177866 ], [ -96.126034235779358, 15.744931008308962 ], [ -96.125469648483374, 15.744129010605532 ], [ -96.12559172060773, 15.743453844943783 ], [ -96.124554100513109, 15.743214486151837 ], [ -96.124157362828768, 15.742622286345402 ], [ -96.12421839825798, 15.741746859478257 ], [ -96.124813502812884, 15.74096011848941 ], [ -96.125446755204663, 15.740597740676202 ], [ -96.126102896793626, 15.740299256302665 ], [ -96.126759037803055, 15.740272553415513 ], [ -96.127270218385988, 15.740089456932614 ], [ -96.127521991720073, 15.738720052889096 ], [ -96.127766136924052, 15.738181254903735 ], [ -96.128391760345792, 15.737936173090878 ], [ -96.129162345242534, 15.737974316773366 ], [ -96.130093150492428, 15.738094472329328 ], [ -96.130817957744767, 15.737877999031712 ], [ -96.131504617531462, 15.737552812462395 ], [ -96.131962389639483, 15.737179944804929 ], [ -96.132443051864243, 15.7368881359416 ], [ -96.132557495437482, 15.737449820070443 ], [ -96.131847948097388, 15.738343366236458 ], [ -96.131435952782724, 15.739011857799047 ], [ -96.131245214701721, 15.739356115637994 ], [ -96.131123142577607, 15.740031282196698 ], [ -96.132168391374961, 15.739927335682394 ], [ -96.132885568685282, 15.739766172280769 ], [ -96.133595117732028, 15.739558281676912 ], [ -96.134274147564327, 15.739277915863829 ], [ -96.134655623989929, 15.738813500330906 ], [ -96.13499132388489, 15.738276609606041 ], [ -96.135754278895263, 15.737653891635638 ], [ -96.136364642089887, 15.737228575413397 ], [ -96.136868192548249, 15.736946301533958 ], [ -96.138401732634236, 15.736514308076778 ], [ -96.139103650232514, 15.735846770325621 ], [ -96.139652978099235, 15.735618853951832 ], [ -96.140202306008646, 15.735427174749773 ], [ -96.140751632965831, 15.73519067569867 ], [ -96.141094963101111, 15.734852138877642 ], [ -96.141781622094257, 15.734617546137097 ], [ -96.142498800525331, 15.734645200737996 ], [ -96.143071017956075, 15.735555910840002 ], [ -96.14339909007731, 15.73691482509847 ], [ -96.143505904946807, 15.737818860400502 ], [ -96.143902642386223, 15.738203170383747 ], [ -96.14458167265488, 15.738293764360897 ], [ -96.145245443573671, 15.73818505031312 ], [ -96.145901585225033, 15.737940921696923 ], [ -96.146420394638014, 15.737523234122513 ], [ -96.14666453980918, 15.73695773397538 ], [ -96.146443281264354, 15.73616908743004 ], [ -96.146450910600393, 15.735599773721207 ], [ -96.146702684091466, 15.734365784260294 ], [ -96.146595869488408, 15.733687757365461 ], [ -96.147412231767802, 15.733759278474201 ], [ -96.147763191470119, 15.733810773250823 ], [ -96.148571924569779, 15.733821262395413 ], [ -96.149510358267136, 15.733382594280586 ], [ -96.149853689743026, 15.734181730728091 ], [ -96.150433535344135, 15.734297118715913 ], [ -96.15136434136474, 15.734309515086805 ], [ -96.152073888702049, 15.733415968923598 ], [ -96.152211219672026, 15.732513839817301 ], [ -96.152096775960956, 15.731835813831429 ], [ -96.151410115271261, 15.731393332791448 ], [ -96.150593752776473, 15.731138715766125 ], [ -96.14954850357698, 15.73089935698685 ], [ -96.148388811293756, 15.730514094618361 ], [ -96.147229118057297, 15.730083057371251 ], [ -96.146298312404795, 15.729619597422699 ], [ -96.145253063332135, 15.729487998724998 ], [ -96.144566402621322, 15.729027399099225 ], [ -96.143986556349802, 15.728342697413956 ], [ -96.144581660545512, 15.728016557716927 ], [ -96.145985497435987, 15.72735760187205 ], [ -96.146572973411807, 15.727021925375931 ], [ -96.147267262835896, 15.727147802376736 ], [ -96.147618223015485, 15.727604588548825 ], [ -96.148426955343311, 15.727723790107305 ], [ -96.149594276802802, 15.727404325093575 ], [ -96.150410638765663, 15.727207877643172 ], [ -96.151227000812781, 15.727082952203681 ], [ -96.151928920148222, 15.727127771276281 ], [ -96.15263083863826, 15.727218365227206 ], [ -96.153218314140275, 15.727244112609496 ], [ -96.15379053138399, 15.727233621937893 ], [ -96.154034675655438, 15.726668122694766 ], [ -96.152668983012518, 15.723940759078577 ], [ -96.153607418011603, 15.723844442128936 ], [ -96.154179634610898, 15.724050423951999 ], [ -96.154767110250816, 15.724193467323989 ], [ -96.155469029416167, 15.724094289143753 ], [ -96.156399834536117, 15.724106685514744 ], [ -96.157323011208106, 15.724678858781395 ], [ -96.157437454920128, 15.725357838893782 ], [ -96.157429826482442, 15.725926199366542 ], [ -96.157487410121718, 15.725934697333999 ], [ -96.157482648283548, 15.726277404295491 ], [ -96.15747122140003, 15.72709979102723 ], [ -96.157445705513993, 15.72742627086906 ], [ -96.157343538084675, 15.727733124793062 ], [ -96.157223100535788, 15.727845007645072 ], [ -96.156763225791764, 15.728060273072417 ], [ -96.156663975089756, 15.72815719185618 ], [ -96.156660680366102, 15.728394214771987 ], [ -96.156755224553763, 15.728635900198491 ], [ -96.157349730120728, 15.72954447824776 ], [ -96.157443287221682, 15.72985727048829 ], [ -96.15743538105778, 15.730426125774558 ], [ -96.157333587277733, 15.731924570456318 ], [ -96.156599853343153, 15.733146591411266 ], [ -96.156618063191019, 15.733597253943833 ], [ -96.15674333710686, 15.733766527436524 ], [ -96.15730974016364, 15.734105807160603 ], [ -96.157604095245404, 15.734185845625937 ], [ -96.158411348480044, 15.734220077661266 ], [ -96.15923674887776, 15.73404325676602 ], [ -96.162437525712832, 15.733863686041357 ], [ -96.163374416961275, 15.733879267120146 ], [ -96.164579267494091, 15.734277257682928 ], [ -96.165315782965152, 15.734622118251348 ], [ -96.16758148858905, 15.735979151719755 ], [ -96.16831263170323, 15.736334094008203 ], [ -96.169487829985414, 15.736691415216313 ], [ -96.170423146570158, 15.736822094866781 ], [ -96.17361786937785, 15.737084814153681 ], [ -96.174444399192225, 15.737117545364864 ], [ -96.175077668047194, 15.737012434396842 ], [ -96.175079869132077, 15.737016844592564 ], [ -96.175109118330354, 15.737051090721756 ], [ -96.175221796823223, 15.737163183441014 ], [ -96.175256430627456, 15.737187339250109 ], [ -96.175305376480893, 15.737187973657026 ], [ -96.175340665310685, 15.73716472414109 ], [ -96.17545640058681, 15.737055591949533 ], [ -96.175476097142564, 15.737021980219472 ], [ -96.175452279207263, 15.736974257720398 ], [ -96.175226569169382, 15.736817801896178 ], [ -96.175123061186639, 15.736042034889389 ], [ -96.17500285600309, 15.735757687416459 ], [ -96.174540303972137, 15.735196272919742 ], [ -96.174012117404089, 15.734703434134454 ], [ -96.171980898046641, 15.732906977749677 ], [ -96.17141210606384, 15.732317086901769 ], [ -96.170788944057222, 15.731360726889454 ], [ -96.170467503550029, 15.730584389873465 ], [ -96.169590617176397, 15.72791784414942 ], [ -96.1692950528181, 15.727167242752346 ], [ -96.168792630534085, 15.726330981836295 ], [ -96.168370448815196, 15.725886924405149 ], [ -96.166902698528077, 15.724650913328547 ], [ -96.166515575409321, 15.724317153558612 ], [ -96.166091273220133, 15.723838994479802 ], [ -96.165762089174407, 15.723343757627807 ], [ -96.166203809683196, 15.723105369216295 ], [ -96.16679891437137, 15.722435924228675 ], [ -96.166692099362905, 15.721414592949248 ], [ -96.167065946603017, 15.720886284867007 ], [ -96.16753134859718, 15.720413287470024 ], [ -96.168233267218199, 15.719853508908862 ], [ -96.168477412398261, 15.719296592346423 ], [ -96.168599484382014, 15.718504130709942 ], [ -96.169141182206516, 15.71824855895399 ], [ -96.16976680480056, 15.71806736970824 ], [ -96.170361909753737, 15.717622979893816 ], [ -96.170834942053958, 15.717403646284392 ], [ -96.171300344752012, 15.717527616174689 ], [ -96.171758118596571, 15.717867106234886 ], [ -96.172231150896678, 15.717647772625357 ], [ -96.17281099570836, 15.717095623646559 ], [ -96.17340610066131, 15.716651233832453 ], [ -96.173757059635591, 15.716086687707163 ], [ -96.173535801485841, 15.71563276288882 ], [ -96.172955955747256, 15.715399125683357 ], [ -96.172734697597576, 15.714945200865127 ], [ -96.173551059140394, 15.71439495898729 ], [ -96.174123275185067, 15.714131757752279 ], [ -96.174726010465491, 15.713959151209458 ], [ -96.175534743056389, 15.714303408834317 ], [ -96.175748372404144, 15.715778665052451 ], [ -96.176091702436821, 15.716117201108283 ], [ -96.17643503364576, 15.716690329141938 ], [ -96.176427404172088, 15.717142346852466 ], [ -96.177098805403247, 15.717294926037898 ], [ -96.177831241983654, 15.717269177195149 ], [ -96.178403459118826, 15.717168092695777 ], [ -96.178647603526031, 15.716718935316011 ], [ -96.178617084497276, 15.716041862477836 ], [ -96.17855604723789, 15.71536383554338 ], [ -96.178678119401013, 15.714723953838316 ], [ -96.178914635418664, 15.714121263308218 ], [ -96.179387666286573, 15.713450864330193 ], [ -96.180089585310157, 15.71323343782934 ], [ -96.180677061055547, 15.713467075025573 ], [ -96.181249277824548, 15.713818008227287 ], [ -96.18159260942744, 15.714724903841638 ], [ -96.182172454899003, 15.71473253264541 ], [ -96.182759931010111, 15.714514152140527 ], [ -96.183240591617903, 15.71361774475311 ], [ -96.18382806615854, 15.712831003790416 ], [ -96.184980128230833, 15.712285529495398 ], [ -96.18559049166484, 15.71206714896552 ], [ -96.186994329713158, 15.711634202426072 ], [ -96.189214528659576, 15.710868439732891 ], [ -96.189870670433734, 15.710732071200933 ], [ -96.190503923031912, 15.710549927816714 ], [ -96.191221099599858, 15.70976509497301 ], [ -96.192045090476199, 15.708646492632553 ], [ -96.1928690808585, 15.70787119557998 ], [ -96.192762265987454, 15.706967160301687 ], [ -96.192434194664557, 15.706285318945525 ], [ -96.192441823870965, 15.705607291940664 ], [ -96.193067446516878, 15.705471876674297 ], [ -96.193715958891588, 15.705850465181499 ], [ -96.194753580171806, 15.707100665306561 ], [ -96.196149787844718, 15.707118782344317 ], [ -96.197187407535608, 15.707023418514511 ], [ -96.197652810893914, 15.707707167079954 ], [ -96.198110584877497, 15.708164905455956 ], [ -96.198339472263669, 15.708727543573071 ], [ -96.197980883550258, 15.709517144871993 ], [ -96.197736739805691, 15.710526079128735 ], [ -96.197957997323627, 15.711206013243537 ], [ -96.198530214359465, 15.711782954843567 ], [ -96.199461020234907, 15.711677101991961 ], [ -96.199926423059409, 15.711908831960441 ], [ -96.200384197182018, 15.712483866326 ], [ -96.201200559651738, 15.712720364758631 ], [ -96.201955885339885, 15.712684125850513 ], [ -96.202711210869055, 15.712513426498951 ], [ -96.203367351647273, 15.71229599914855 ], [ -96.203970086732923, 15.71196032263812 ], [ -96.204481266102135, 15.711515933817502 ], [ -96.20489326066631, 15.71097904301997 ], [ -96.205221331361471, 15.710368722944533 ], [ -96.205618066823817, 15.70908228405639 ], [ -96.205564658767827, 15.708486269166785 ], [ -96.205106884645431, 15.707911233904001 ], [ -96.204649111293932, 15.70722748622998 ], [ -96.204656739868383, 15.706776421754794 ], [ -96.204549925796812, 15.706549459343766 ], [ -96.203848007406435, 15.706539924214123 ], [ -96.203260530763899, 15.706307240251657 ], [ -96.203153716424126, 15.70585331531106 ], [ -96.203397861730366, 15.705405112065929 ], [ -96.203977707705278, 15.705078971491076 ], [ -96.204679627260916, 15.705313562687875 ], [ -96.205022957560416, 15.705878108037961 ], [ -96.206068206486634, 15.705891457509663 ], [ -96.206663310408487, 15.705338354388328 ], [ -96.206907455181266, 15.704439086677572 ], [ -96.207029527299881, 15.703762966908888 ], [ -96.206686197256431, 15.70341489494948 ], [ -96.205991907847832, 15.703298553862536 ], [ -96.205877463095362, 15.702501323646272 ], [ -96.206587011730079, 15.701951081891488 ], [ -96.207212634309585, 15.70176035673863 ], [ -96.207876405222478, 15.70165164269215 ], [ -96.208456251292787, 15.701406560935009 ], [ -96.208234993773956, 15.700725673594693 ], [ -96.209058984548392, 15.700284144124501 ], [ -96.209402314453001, 15.700514920995088 ], [ -96.209280242334387, 15.701191040761998 ], [ -96.209272614027114, 15.701868113633431 ], [ -96.209608315357414, 15.70254995497762 ], [ -96.210073718181178, 15.702781684944146 ], [ -96.210523862562269, 15.703581774481126 ], [ -96.21122578211758, 15.703816365677183 ], [ -96.212049772892968, 15.703375790336061 ], [ -96.212530434256848, 15.70236113373846 ], [ -96.212766949426978, 15.701804217192839 ], [ -96.213590940961581, 15.701245392634064 ], [ -96.214407303162375, 15.701255881766667 ], [ -96.214636189521912, 15.701710759800793 ], [ -96.215208406921704, 15.701835683699722 ], [ -96.215452551455357, 15.701495239635834 ], [ -96.216040027702476, 15.701394155119541 ], [ -96.216741945824509, 15.701177681850462 ], [ -96.217436235233649, 15.701294977066999 ], [ -96.217443864844697, 15.700960254451024 ], [ -96.217214977586892, 15.70050632964837 ], [ -96.216528316612127, 15.699819721640479 ], [ -96.216009507122507, 15.699406802284532 ], [ -96.215483066747922, 15.699012002421556 ], [ -96.214910849991696, 15.698670606033339 ], [ -96.215154994891336, 15.697879097507036 ], [ -96.216551203459076, 15.69789626131168 ], [ -96.217131049561317, 15.697678834947697 ], [ -96.217718525303567, 15.697911518008704 ], [ -96.218298370505295, 15.697693137514335 ], [ -96.219229176655432, 15.697821875737663 ], [ -96.220045538855615, 15.697832364869949 ], [ -96.220503312838616, 15.698290104140463 ], [ -96.220968715790605, 15.698630547415581 ], [ -96.221205231622449, 15.698633407745611 ], [ -96.221548561624076, 15.698186157624159 ], [ -96.221800335640921, 15.697403231766897 ], [ -96.221464634311687, 15.696722344556555 ], [ -96.221579076688784, 15.696271280866181 ], [ -96.222517511669864, 15.696166381237632 ], [ -96.22309735871039, 15.696742369589712 ], [ -96.224020535249167, 15.697205829528022 ], [ -96.224249422636788, 15.697769420870172 ], [ -96.224714225079822, 15.697963660748981 ], [ -96.225004748738911, 15.698085069922231 ], [ -96.224964310725184, 15.698231299277934 ], [ -96.224936624579826, 15.698351002149835 ], [ -96.224816443454316, 15.69879202128528 ], [ -96.224816494824893, 15.698917334725978 ], [ -96.224936916185698, 15.699061111722809 ], [ -96.225108895471379, 15.699141193895708 ], [ -96.225791045137726, 15.69937113258278 ], [ -96.226005591530964, 15.699406032541278 ], [ -96.226319482439649, 15.69933381520158 ], [ -96.22656591847948, 15.699208244867961 ], [ -96.227372736654189, 15.69866530488337 ], [ -96.227582948196641, 15.698503711531156 ], [ -96.227670033860633, 15.698398131455329 ], [ -96.227757119431402, 15.698292551329342 ], [ -96.227795724151861, 15.698152487455495 ], [ -96.227801708390146, 15.697710016355618 ], [ -96.227782497882771, 15.697579379218306 ], [ -96.227686864810522, 15.697412210344714 ], [ -96.22756945674071, 15.697304034767219 ], [ -96.227117186347826, 15.696966383861911 ], [ -96.226988989416085, 15.696846118393944 ], [ -96.226935023869203, 15.696790999898209 ], [ -96.226713766084572, 15.695886010626676 ], [ -96.22637043618019, 15.6956552337576 ], [ -96.225561702554586, 15.695193681054359 ], [ -96.225226000956781, 15.694285831318231 ], [ -96.225081038884824, 15.69349813795 ], [ -96.225126815289144, 15.692703769054804 ], [ -96.225485403452893, 15.692211699071269 ], [ -96.22606524946859, 15.69192179656903 ], [ -96.227469086747121, 15.691605191889792 ], [ -96.228529594111194, 15.691049227665189 ], [ -96.229216253952046, 15.690778397759969 ], [ -96.229933431389284, 15.690732622985951 ], [ -96.231291492364804, 15.691296213070922 ], [ -96.232634295039176, 15.691787327932957 ], [ -96.23392368939318, 15.692219318245652 ], [ -96.234572202397885, 15.69237189745054 ], [ -96.23515967781988, 15.692334705497132 ], [ -96.23573189387983, 15.692088669619094 ], [ -96.235911995201491, 15.691948957994226 ], [ -96.236218569783276, 15.691958222406859 ], [ -96.236601346753659, 15.691916726186101 ], [ -96.236936286094618, 15.691865126566848 ], [ -96.237297601713735, 15.691757321927419 ], [ -96.238037184584599, 15.691478741328879 ], [ -96.238312222237994, 15.691331341934051 ], [ -96.23856074033975, 15.69104998583021 ], [ -96.238616866779381, 15.690776358809508 ], [ -96.238630271905521, 15.689780788997384 ], [ -96.23862320490008, 15.689526684584061 ], [ -96.238576821032495, 15.689336433863076 ], [ -96.238533356542291, 15.68918288254736 ], [ -96.238760822702901, 15.688631779065652 ], [ -96.238890522858242, 15.687052578048048 ], [ -96.238615858202436, 15.686552879324507 ], [ -96.237562979905505, 15.686313520568829 ], [ -96.23709757721187, 15.686190503915016 ], [ -96.237234908048592, 15.685180615667289 ], [ -96.237479051779772, 15.684163098755061 ], [ -96.237837640628641, 15.683490793458173 ], [ -96.238242006146763, 15.683008258436196 ], [ -96.23877607481495, 15.682716449524577 ], [ -96.239127033825099, 15.682946272252188 ], [ -96.239462735154959, 15.683628112685502 ], [ -96.239691622542239, 15.68419170492041 ], [ -96.240141766398821, 15.684549313561979 ], [ -96.240782649374282, 15.684683773290025 ], [ -96.242049155225416, 15.684880218423 ], [ -96.241978166868506, 15.68516180422308 ], [ -96.241952748616896, 15.68536030889657 ], [ -96.241949126264799, 15.685629747469907 ], [ -96.241983552201759, 15.685799525715126 ], [ -96.242067597476009, 15.685919126877518 ], [ -96.242151642841975, 15.686038728022153 ], [ -96.242357346662956, 15.686210667237553 ], [ -96.243149209745653, 15.686773846643556 ], [ -96.243418311637868, 15.686911022483057 ], [ -96.243650283212588, 15.686949510240355 ], [ -96.243882254915434, 15.686987997764978 ], [ -96.244275928806573, 15.686960786230188 ], [ -96.245649129258652, 15.686756818837118 ], [ -96.246110623975738, 15.686755860183851 ], [ -96.246500845499341, 15.686855609324271 ], [ -96.246891067513886, 15.686955357827173 ], [ -96.24754449377572, 15.687241312523994 ], [ -96.249813388659192, 15.688376259743606 ], [ -96.250498148267312, 15.688672761809444 ], [ -96.25096146522786, 15.688797131683515 ], [ -96.251424782905971, 15.688921500662801 ], [ -96.252063785713716, 15.68898033983788 ], [ -96.25411916475305, 15.689006174272166 ], [ -96.254680471961933, 15.68899290464055 ], [ -96.255244524100561, 15.688905156028849 ], [ -96.255489005317372, 15.688793071467911 ], [ -96.256065864243737, 15.688357758554661 ], [ -96.256272690034805, 15.688316325323465 ], [ -96.256661020159044, 15.688558283997269 ], [ -96.257008952824535, 15.688945372351645 ], [ -96.257388264982978, 15.689600420349565 ], [ -96.257614580102668, 15.689931791179756 ], [ -96.25800037950583, 15.690363383622365 ], [ -96.258325206593213, 15.690648573238306 ], [ -96.258591918084349, 15.690922308187343 ], [ -96.258978671874573, 15.691282786150401 ], [ -96.259183577069322, 15.691385270433299 ], [ -96.259733251917723, 15.691807061909305 ], [ -96.259900419101726, 15.692117367929418 ], [ -96.25986124895195, 15.692301463831548 ], [ -96.259511286230563, 15.692850271517555 ], [ -96.259336193282039, 15.693002180106781 ], [ -96.258869056456675, 15.69316227902851 ], [ -96.258376811142469, 15.693239082346427 ], [ -96.256546802934324, 15.693437389923146 ], [ -96.256054692914972, 15.693504028733454 ], [ -96.255588188070888, 15.69361671128004 ], [ -96.255413862590899, 15.693711048382712 ], [ -96.255066848072161, 15.694038605856571 ], [ -96.254975465192828, 15.69420510962544 ], [ -96.254896026635237, 15.694654570126376 ], [ -96.254873925754438, 15.695130152810659 ], [ -96.254850225348932, 15.696900078036128 ], [ -96.254880830684471, 15.697356001518438 ], [ -96.25496409434065, 15.697534860453928 ], [ -96.255047358121132, 15.697713719378299 ], [ -96.255254649275301, 15.697768821256982 ], [ -96.256055480077066, 15.697668243662845 ], [ -96.256268491107022, 15.697687853913283 ], [ -96.256365101596785, 15.69778390087156 ], [ -96.256461712176815, 15.697879947800782 ], [ -96.256524731272222, 15.698134757562281 ], [ -96.256625599194848, 15.699131775983822 ], [ -96.256688482646865, 15.699396744788356 ], [ -96.256784776767432, 15.699516496094068 ], [ -96.256881070995988, 15.699636247374086 ], [ -96.257093313827269, 15.699713424964488 ], [ -96.257891192627071, 15.699834082847996 ], [ -96.258103708019561, 15.699890941480337 ], [ -96.25820063748732, 15.699963283498306 ], [ -96.258297567026574, 15.700035625483705 ], [ -96.258361993011746, 15.700185458440041 ], [ -96.258468788630339, 15.700739994987877 ], [ -96.258417447055635, 15.700918856926746 ], [ -96.25807105666145, 15.701199008988052 ], [ -96.257627554193235, 15.701420363404209 ], [ -96.255904260382763, 15.702173189524283 ], [ -96.255408045229188, 15.702414197794809 ], [ -96.254815673690146, 15.702786085268968 ], [ -96.254465643836852, 15.7030763453229 ], [ -96.253424537892897, 15.704059001924783 ], [ -96.253169163069145, 15.704330128470311 ], [ -96.253018525598719, 15.704612733008499 ], [ -96.253058704653029, 15.704745327582559 ], [ -96.253396845330954, 15.705081497614627 ], [ -96.253532092751925, 15.70516448451861 ], [ -96.253678599430401, 15.705190035653773 ], [ -96.253825106161685, 15.705215586696283 ], [ -96.25410844925527, 15.705205602643412 ], [ -96.255137703387589, 15.705107905398359 ], [ -96.255373240517102, 15.705143041898346 ], [ -96.255410746072613, 15.705605825945456 ], [ -96.255307506882573, 15.70574339126501 ], [ -96.254604534247846, 15.707062219098464 ], [ -96.254431831498522, 15.707425832737309 ], [ -96.254328863818543, 15.707803870818285 ], [ -96.254354470493709, 15.707980311790804 ], [ -96.254576936800774, 15.708425664934678 ], [ -96.254618887876276, 15.70855658827808 ], [ -96.254592192703626, 15.70872221078295 ], [ -96.254512105558533, 15.708827890981675 ], [ -96.254165060088539, 15.709155442296609 ], [ -96.254032806573491, 15.709240144653736 ], [ -96.2537626695689, 15.70930787123301 ], [ -96.253509013181144, 15.709319920960594 ], [ -96.25259542091041, 15.709308424349441 ], [ -96.252295319773879, 15.709264004290816 ], [ -96.251985957865998, 15.709128021058099 ], [ -96.251768034520651, 15.708952545892302 ], [ -96.251091749853998, 15.708280199440626 ], [ -96.250847677416914, 15.708099313974516 ], [ -96.250384955247952, 15.707927528593295 ], [ -96.249967995967921, 15.707863005905409 ], [ -96.248484909778881, 15.707733679987628 ], [ -96.248119161508143, 15.707761245297654 ], [ -96.247895419906811, 15.708019215075835 ], [ -96.24794153736363, 15.708360178560014 ], [ -96.248380496782062, 15.709693371837542 ], [ -96.248515555383193, 15.710050697495133 ], [ -96.248706867110968, 15.710385023974357 ], [ -96.248845110795969, 15.710505307535129 ], [ -96.249298936607559, 15.710732303907813 ], [ -96.249426215650601, 15.71088801134262 ], [ -96.249566358321957, 15.711387650143674 ], [ -96.249639283058102, 15.711945712475108 ], [ -96.249839455803425, 15.71405036462555 ], [ -96.249985798461537, 15.714522422016291 ], [ -96.249877942656298, 15.71526335619199 ], [ -96.248867650042257, 15.715247234424591 ], [ -96.246352234710102, 15.715436783233137 ], [ -96.245665566319062, 15.715536497144496 ], [ -96.244976528062338, 15.715812296499122 ], [ -96.244678855618403, 15.716106583128663 ], [ -96.243978751803581, 15.717204120730328 ], [ -96.243733242233816, 15.7175193856588 ], [ -96.243287638699115, 15.717893085827107 ], [ -96.242896571821859, 15.718111677913173 ], [ -96.241517192958284, 15.718758068693981 ], [ -96.241142060388356, 15.718961617654317 ], [ -96.240770824544924, 15.719265127697367 ], [ -96.240615620447898, 15.719495165021272 ], [ -96.240262569299077, 15.720265162350326 ], [ -96.240133515556096, 15.720500610233174 ], [ -96.239884317248922, 15.720829370069714 ], [ -96.239657373244512, 15.721063578929888 ], [ -96.238847496381652, 15.721827791584261 ], [ -96.2385946722911, 15.722036269925574 ], [ -96.238224706644004, 15.722244958186627 ], [ -96.237949008647675, 15.722334605925109 ], [ -96.23703238329702, 15.722544271706905 ], [ -96.236772485502982, 15.72262903767237 ], [ -96.236476254942332, 15.722814948624643 ], [ -96.236312966113317, 15.722995769881619 ], [ -96.235847180504024, 15.723653690842493 ], [ -96.235652425634925, 15.723834112627296 ], [ -96.23520935671786, 15.724018160287082 ], [ -96.234771156103974, 15.724100663129594 ], [ -96.233169288521893, 15.724301621899221 ], [ -96.232657257170985, 15.724413665237995 ], [ -96.231869644560931, 15.724735580868563 ], [ -96.231256513742025, 15.725083416342091 ], [ -96.229182835614509, 15.726384720247937 ], [ -96.22858032204789, 15.726722521118987 ], [ -96.227842284059093, 15.726997634212839 ], [ -96.227390459100675, 15.727052852914142 ], [ -96.226019982642271, 15.72703542359571 ], [ -96.225636814108626, 15.727055950236306 ], [ -96.225219169498615, 15.727169175225848 ], [ -96.225005702607874, 15.727310398934325 ], [ -96.22442716672974, 15.727856217199705 ], [ -96.224265589079039, 15.728038742357359 ], [ -96.224090097437255, 15.728344709269408 ], [ -96.224000972764472, 15.728599279778258 ], [ -96.223760547988675, 15.729481308313659 ], [ -96.223682324310502, 15.729705535943026 ], [ -96.223557706756921, 15.729869903349545 ], [ -96.22345790553419, 15.729880486311465 ], [ -96.223116784458654, 15.729765505837268 ], [ -96.22296398935886, 15.729816055473671 ], [ -96.222589006989153, 15.730263419406052 ], [ -96.222213539578703, 15.730617638753731 ], [ -96.22081899428629, 15.732370041554519 ], [ -96.220350823758466, 15.732855160430033 ], [ -96.21954464609037, 15.733381688821131 ], [ -96.218899846703778, 15.73361223337934 ], [ -96.216606629269137, 15.734246777192674 ], [ -96.215903653605622, 15.734512130471151 ], [ -96.214916321014954, 15.735115914733221 ], [ -96.214208819383188, 15.735713110038361 ], [ -96.211894451036784, 15.737896220477026 ], [ -96.211261045678796, 15.738443549452453 ], [ -96.210619550987104, 15.738814659551403 ], [ -96.210336538283258, 15.738797489608508 ], [ -96.209657310253419, 15.738346253491223 ], [ -96.209448551892251, 15.738269071129274 ], [ -96.209153572173662, 15.738360123623849 ], [ -96.208940930410151, 15.738567380887989 ], [ -96.208243578226572, 15.739443527245628 ], [ -96.208030518096891, 15.73968125896578 ], [ -96.20773359307239, 15.73991452896971 ], [ -96.207522474883092, 15.740010040159889 ], [ -96.206834181423531, 15.740222487893844 ], [ -96.206592151444042, 15.740276960489002 ], [ -96.206150972314163, 15.74031871910317 ], [ -96.205762746551187, 15.740323901326455 ], [ -96.204392206519302, 15.7403063217637 ], [ -96.203973070692669, 15.740270462958685 ], [ -96.203387643160028, 15.740120705776668 ], [ -96.202970454410661, 15.73994262583458 ], [ -96.201609006611434, 15.739261339860265 ], [ -96.201191404350396, 15.739113732551116 ], [ -96.200604035617047, 15.739106187756759 ], [ -96.2001825386983, 15.739243016614372 ], [ -96.198802917019535, 15.739889090843548 ], [ -96.198339045052464, 15.74005585175369 ], [ -96.19755393515473, 15.740187999476795 ], [ -96.19689622224422, 15.740210020265849 ], [ -96.194612008477151, 15.740180623551778 ], [ -96.193986460284265, 15.740152248401047 ], [ -96.193351446806361, 15.740049241176974 ], [ -96.193069832797676, 15.739930464389698 ], [ -96.192390648931195, 15.739479180001933 ], [ -96.192171270674109, 15.73941200523112 ], [ -96.191646798003759, 15.739662638828282 ], [ -96.191553802512288, 15.739813843588406 ], [ -96.190624918299164, 15.740908203955817 ], [ -96.190309377014685, 15.741222488512291 ], [ -96.189765740349756, 15.741594791832222 ], [ -96.187848467125008, 15.742683159655765 ], [ -96.186817536185643, 15.743143992153495 ], [ -96.185803926358204, 15.743785668117916 ], [ -96.185591771246266, 15.743955650357769 ], [ -96.185296124828213, 15.744094073092235 ], [ -96.185085928185984, 15.744121837662131 ], [ -96.184400657415466, 15.744112981900413 ], [ -96.184105990152531, 15.744180294380891 ], [ -96.183141428399395, 15.744645351580562 ], [ -96.182131878044061, 15.745075954706804 ], [ -96.180191284721445, 15.746413429566658 ], [ -96.179448001644417, 15.746806824320181 ], [ -96.17851340082936, 15.747126617030611 ], [ -96.177921541980467, 15.74719007015382 ], [ -96.17609413812427, 15.747166385472509 ], [ -96.175501155987732, 15.747311098058928 ], [ -96.174561304255349, 15.748010114293633 ], [ -96.173811636068606, 15.748863994701017 ], [ -96.171252987524483, 15.75214972982698 ], [ -96.170492374057673, 15.75303393534219 ], [ -96.169501562064013, 15.753874497934788 ], [ -96.16884672495128, 15.754191105150586 ], [ -96.16678163307175, 15.754828030077656 ], [ -96.166190994097789, 15.755054023429203 ], [ -96.165499775149385, 15.755471745732905 ], [ -96.165102958174998, 15.755842499253209 ], [ -96.16394235684109, 15.75715495633343 ], [ -96.163603436756915, 15.757511220452862 ], [ -96.163182419488848, 15.757861333954525 ], [ -96.162919887070927, 15.75800523228089 ], [ -96.162115752633511, 15.758326642883313 ], [ -96.161873915308206, 15.758491129518379 ], [ -96.161549475923167, 15.758937324831772 ], [ -96.161327827720072, 15.759410260006984 ], [ -96.160617900919192, 15.761171093173372 ], [ -96.160358756739683, 15.761699417218665 ], [ -96.15985935062227, 15.762404097981451 ], [ -96.159405056952608, 15.762882460088626 ], [ -96.15778441349309, 15.764410127012736 ], [ -96.157382983227691, 15.764858694078919 ], [ -96.157130299147681, 15.765424349676303 ], [ -96.157170753722866, 15.765783862931064 ], [ -96.157612229183442, 15.766895936066559 ], [ -96.157705274879234, 15.767245976504791 ], [ -96.157698010125642, 15.767767425520866 ], [ -96.15759458557477, 15.768162312137443 ], [ -96.157119198042452, 15.769483666016448 ], [ -96.156948082092697, 15.769842107508147 ], [ -96.156624932382684, 15.770193481513907 ], [ -96.156334406170274, 15.770337002706176 ], [ -96.155301766089167, 15.77065539136532 ], [ -96.155037959279255, 15.770763700279314 ], [ -96.154839502183862, 15.77095075637896 ], [ -96.154819799012415, 15.771109670769327 ], [ -96.154926308391552, 15.771664215317577 ], [ -96.154906463418655, 15.771833287775438 ], [ -96.154436234657382, 15.772323278998694 ], [ -96.151276778068095, 15.775051619772809 ], [ -96.150911107739518, 15.775316066299856 ], [ -96.150251223379783, 15.775236300437189 ], [ -96.14967420447968, 15.774857902326335 ], [ -96.147641354429894, 15.773171803181672 ], [ -96.14709199268006, 15.772692163857705 ], [ -96.146561135309426, 15.772139953963924 ], [ -96.146352127647717, 15.771830722756572 ], [ -96.145907616245609, 15.770939853995671 ], [ -96.14587686688219, 15.770638041485501 ], [ -96.146177878188325, 15.77012045164709 ], [ -96.14664025238632, 15.769567725004709 ], [ -96.14849254782844, 15.767821937816715 ], [ -96.148859556601678, 15.767335687167209 ], [ -96.148719988257298, 15.766812317581079 ], [ -96.148153599111325, 15.766550897126177 ], [ -96.145650031030655, 15.765854288760451 ], [ -96.145036375509349, 15.76559732099023 ], [ -96.144676205608775, 15.765094762055398 ], [ -96.1447753306431, 15.764633789634654 ], [ -96.14559807384947, 15.762985140776076 ], [ -96.145780684223027, 15.762555741973644 ], [ -96.145795408042289, 15.762378137538128 ], [ -96.145810131808787, 15.762200533094854 ], [ -96.145669590282196, 15.762122490830411 ], [ -96.144984282635093, 15.762113501187834 ], [ -96.144763578929371, 15.762141085166723 ], [ -96.144418935447604, 15.76227880097076 ], [ -96.14414729098651, 15.762447953699784 ], [ -96.14322425716297, 15.763099614683528 ], [ -96.142953037402862, 15.763238291650682 ], [ -96.142610382467367, 15.763233792514516 ], [ -96.142392095735588, 15.763088688406812 ], [ -96.141716081886329, 15.762416034516255 ], [ -96.141487734181723, 15.762240318092443 ], [ -96.141098123117857, 15.762092962487259 ], [ -96.140769883409135, 15.762058170648569 ], [ -96.139627709505547, 15.762043161080257 ], [ -96.13931973728404, 15.762059432543651 ], [ -96.139024706620404, 15.762150378965924 ], [ -96.13891120633356, 15.762264031271787 ], [ -96.138676568424273, 15.762703462281953 ], [ -96.138584188793672, 15.762807232241025 ], [ -96.138387722414464, 15.762852061188218 ], [ -96.138199435956849, 15.762812332501193 ], [ -96.137517233372776, 15.762582101983226 ], [ -96.137323346562994, 15.762567698420872 ], [ -96.137100742691246, 15.762730713286881 ], [ -96.136976623630332, 15.76297799526558 ], [ -96.136620002863211, 15.763968962390253 ], [ -96.136490281169756, 15.764241569608828 ] ] ] ] } },
{ "type": "Feature", "properties": { "fid": 65.0, "cat": 67, "CLAVE_ACUI": "2011", "NOM_ACUIF": "HUATULCO", "VULNERABIL": 4 }, "geometry": { "type": "MultiPolygon", "coordinates": [ [ [ [ -96.100979044753203, 15.770283596251589 ], [ -96.100778358661117, 15.770255522639415 ], [ -96.100408197049759, 15.770463938139148 ], [ -96.100080079869016, 15.770789747751056 ], [ -96.099253326673832, 15.771723999866937 ], [ -96.099253236271224, 15.771724101395449 ], [ -96.098919019057504, 15.772101772192913 ], [ -96.098633035538299, 15.772388424085433 ], [ -96.098291573178628, 15.772586928273494 ], [ -96.097858849893811, 15.772686021354414 ], [ -96.09815587968302, 15.772538456914427 ], [ -96.098659430039362, 15.772166542427142 ], [ -96.09897224085617, 15.771664936553867 ], [ -96.099460530417431, 15.769865446901589 ], [ -96.099948820244691, 15.768291966562495 ], [ -96.100070892294752, 15.76755290742104 ], [ -96.100009854961939, 15.766810987889261 ], [ -96.099628376433856, 15.766255026125988 ], [ -96.099117196163334, 15.765941284141633 ], [ -96.098590755931212, 15.76567236292362 ], [ -96.097774393324471, 15.765327151158466 ], [ -96.096729145145076, 15.765196506584928 ], [ -96.096156926812242, 15.764284842327722 ], [ -96.096118778731011, 15.763652589319694 ], [ -96.096294257394646, 15.763049898832184 ], [ -96.097003805005514, 15.76238236105881 ], [ -96.097621799153387, 15.761993281992813 ], [ -96.098293198992423, 15.761721497962295 ], [ -96.099338448061673, 15.761844514887782 ], [ -96.099614760654205, 15.761735095075506 ], [ -96.099703836664673, 15.762000064292968 ], [ -96.099805517194071, 15.762221593495536 ], [ -96.099974462572064, 15.762474476435697 ], [ -96.100062552602296, 15.76267376082032 ], [ -96.100249927947672, 15.763268895962083 ], [ -96.100429517541599, 15.763919804654364 ], [ -96.101080232977893, 15.766362243530708 ], [ -96.101238270510777, 15.767053503128576 ], [ -96.101325057138752, 15.767836942276013 ], [ -96.101297139429334, 15.768187734371418 ], [ -96.101290181773521, 15.768322441091522 ], [ -96.101042885635039, 15.769646655475007 ], [ -96.100999371826788, 15.77000165849304 ], [ -96.101041894954193, 15.770321262164625 ], [ -96.100979044753203, 15.770283596251589 ] ] ] ] } },
{ "type": "Feature", "properties": { "fid": 67.0, "cat": 54, "CLAVE_ACUI": "2011", "NOM_ACUIF": "HUATULCO", "VULNERABIL": 4 }, "geometry": { "type": "MultiPolygon", "coordinates": [ [ [ [ -96.078045158948299, 15.768973772900075 ], [ -96.077810562217763, 15.768994326637868 ], [ -96.077673112173699, 15.76906867512564 ], [ -96.077325713086381, 15.769395879193066 ], [ -96.077232989534537, 15.769643536876778 ], [ -96.077190334229741, 15.77005780296359 ], [ -96.077147678600952, 15.770472068999002 ], [ -96.077118528735852, 15.771408028601812 ], [ -96.077067799948878, 15.774947307289922 ], [ -96.077017375184994, 15.775903299097623 ], [ -96.076925085270062, 15.776364307611443 ], [ -96.076832794756001, 15.77682531599843 ], [ -96.076619533572014, 15.77718649103616 ], [ -96.07580889292332, 15.777949955462525 ], [ -96.07553473103242, 15.778168079475302 ], [ -96.075065952562298, 15.778422528860808 ], [ -96.074670431020962, 15.778567903656954 ], [ -96.073293440310792, 15.778991864823599 ], [ -96.072930114974952, 15.779086873052556 ], [ -96.072765630138619, 15.779109333048156 ], [ -96.07270006626284, 15.779113025874009 ], [ -96.072647963080811, 15.779109058699145 ], [ -96.072583855746927, 15.779085945781597 ], [ -96.072544340866827, 15.779056961172905 ], [ -96.072506385778681, 15.779014870934432 ], [ -96.072473316815191, 15.778955694331852 ], [ -96.072447375266293, 15.778902132618411 ], [ -96.072432979269934, 15.778864772727369 ], [ -96.072407370292339, 15.778780961527929 ], [ -96.072395427075961, 15.778737785309922 ], [ -96.072379677403973, 15.778669451615501 ], [ -96.072359071921284, 15.778577996511761 ], [ -96.07252058696767, 15.778471934654569 ], [ -96.073558204876051, 15.777609857316918 ], [ -96.074061755052796, 15.777083455530075 ], [ -96.075129890629611, 15.775743612401381 ], [ -96.07618276848801, 15.774827178390151 ], [ -96.07632009989895, 15.774296009952876 ], [ -96.075648696441917, 15.772255255166518 ], [ -96.076236171260916, 15.771694523478331 ], [ -96.076327725210476, 15.771064177684558 ], [ -96.076136986135907, 15.770564478828508 ], [ -96.075786026358898, 15.770451952074259 ], [ -96.075206179979119, 15.770443370035157 ], [ -96.074626334096635, 15.770092436820681 ], [ -96.074054116296139, 15.769633744411381 ], [ -96.073871007186312, 15.769097807475358 ], [ -96.074107522269941, 15.76845983297596 ], [ -96.074542405999637, 15.767950597523251 ], [ -96.075831799855052, 15.76717434579253 ], [ -96.076342979245766, 15.766738538732067 ], [ -96.076899936098883, 15.766402862260296 ], [ -96.077464523573937, 15.766590725515753 ], [ -96.077929926721424, 15.767093285559781 ], [ -96.078624216937584, 15.767888606923375 ], [ -96.079768652171126, 15.769258963593575 ], [ -96.079502708634806, 15.769254485018775 ], [ -96.079335955454752, 15.769253174962691 ], [ -96.079173924274855, 15.769244934211716 ], [ -96.078994499471904, 15.769220589211976 ], [ -96.078826114200041, 15.769181564736909 ], [ -96.078268320878678, 15.769019101006942 ], [ -96.078045158948299, 15.768973772900075 ] ] ] ] } },
{ "type": "Feature", "properties": { "fid": 69.0, "cat": 68, "CLAVE_ACUI": "2011", "NOM_ACUIF": "HUATULCO", "VULNERABIL": 2 }, "geometry": { "type": "MultiPolygon", "coordinates": [ [ [ [ -96.305601105476939, 15.765898216678075 ], [ -96.306085484895064, 15.766141165629499 ], [ -96.306255595660133, 15.766265016939661 ], [ -96.306366474017281, 15.76637133063363 ], [ -96.306463764719652, 15.766419953217794 ], [ -96.30655805017237, 15.766431281409252 ], [ -96.306900758281188, 15.766435523413918 ], [ -96.306984820897611, 15.766426402804472 ], [ -96.307034404921808, 15.766379598273426 ], [ -96.307187979634278, 15.766492141437285 ], [ -96.307364115767498, 15.76666197848466 ], [ -96.307434581574171, 15.766888087064647 ], [ -96.307505047499347, 15.767114195641984 ], [ -96.30753024210523, 15.767590383186919 ], [ -96.307506883115636, 15.769360374384151 ], [ -96.307442633356871, 15.769855776950113 ], [ -96.307166160933434, 15.770397664221706 ], [ -96.306835449768428, 15.77067638585082 ], [ -96.305568599154853, 15.771435194475492 ], [ -96.305244807667449, 15.771586985953819 ], [ -96.305000636709451, 15.771536542813255 ], [ -96.304975612912898, 15.771312690182693 ], [ -96.305103004816488, 15.77031848765729 ], [ -96.305115304111226, 15.770049372751064 ], [ -96.305045310231222, 15.769787705926067 ], [ -96.305040252644886, 15.769782990443245 ], [ -96.304933019855767, 15.769683011057401 ], [ -96.30447899259056, 15.769456101345822 ], [ -96.304330520499363, 15.769310313828784 ], [ -96.304091677891421, 15.768856882208134 ], [ -96.303898946733298, 15.768354910289805 ], [ -96.303069410880113, 15.765566624096099 ], [ -96.303725386960068, 15.765608154623621 ], [ -96.305321760450326, 15.765849214393031 ], [ -96.305601105476939, 15.765898216678075 ] ] ] ] } },
{ "type": "Feature", "properties": { "fid": 71.0, "cat": 70, "CLAVE_ACUI": "2011", "NOM_ACUIF": "HUATULCO", "VULNERABIL": 4 }, "geometry": { "type": "MultiPolygon", "coordinates": [ [ [ [ -96.12670597020994, 15.760969850371895 ], [ -96.12632793101649, 15.760995338110861 ], [ -96.125934332845432, 15.761132376511831 ], [ -96.125750088659458, 15.761302658311235 ], [ -96.12491634630878, 15.761808272541634 ], [ -96.124726355229384, 15.76201403626397 ], [ -96.12430594175575, 15.762316658644931 ], [ -96.123895341793968, 15.762543212015849 ], [ -96.122625561484071, 15.763398626878827 ], [ -96.122293698952873, 15.763621137892548 ], [ -96.122064688834357, 15.764087179834732 ], [ -96.121862033808114, 15.764066632945793 ], [ -96.121176733979027, 15.764057567304587 ], [ -96.120956029179268, 15.764085126212059 ], [ -96.120785258136323, 15.764167530519959 ], [ -96.12069797125811, 15.764281518407001 ], [ -96.120463294461103, 15.764720922763559 ], [ -96.120360129812042, 15.764844859981274 ], [ -96.120113372085171, 15.764983829367932 ], [ -96.119864025690447, 15.765058419636405 ], [ -96.118947166344682, 15.765267535832512 ], [ -96.118698536598487, 15.765291335871309 ], [ -96.118455124710096, 15.765193288922559 ], [ -96.118356023316394, 15.765029422046606 ], [ -96.118191164214352, 15.764212465638666 ], [ -96.117976681640272, 15.764047070541373 ], [ -96.117213719273877, 15.764280801043032 ], [ -96.116311260979813, 15.764295935122755 ], [ -96.112808556014613, 15.764283088877612 ], [ -96.111884834690471, 15.76431824153533 ], [ -96.111003741679568, 15.764306544767038 ], [ -96.110668758600511, 15.764254685409055 ], [ -96.109986597934338, 15.764024372852933 ], [ -96.109757946254206, 15.763872328597737 ], [ -96.109130239512197, 15.763172009789246 ], [ -96.108796413261558, 15.762915278454381 ], [ -96.108483952734915, 15.762508130267207 ], [ -96.108371406296172, 15.762183221649805 ], [ -96.108158650164583, 15.761074129825646 ], [ -96.108066938708916, 15.760759657642174 ], [ -96.107851707687416, 15.760401212502192 ], [ -96.107635946441476, 15.760203620074126 ], [ -96.106844294036577, 15.759639965953964 ], [ -96.106580614601, 15.759492533582124 ], [ -96.105321183223865, 15.759339470356837 ], [ -96.104557550376001, 15.759303767341098 ], [ -96.103854767002758, 15.759304475347346 ], [ -96.104045879534254, 15.75908948909202 ], [ -96.10428239483889, 15.758641285835562 ], [ -96.104869869791699, 15.758196896015987 ], [ -96.105564160248264, 15.758432440467523 ], [ -96.106159264574671, 15.758214059948296 ], [ -96.106273707856857, 15.757763949465314 ], [ -96.106174522224435, 15.756968627454132 ], [ -96.106182151169222, 15.756065545241254 ], [ -96.106769626313678, 15.755784225395782 ], [ -96.107463915944678, 15.756082709182033 ], [ -96.107715691554475, 15.756646300530212 ], [ -96.10791406072066, 15.757217521383847 ], [ -96.108356576791934, 15.75869468386729 ], [ -96.108631241461225, 15.759204872663801 ], [ -96.109256865386556, 15.760149913436877 ], [ -96.109958785771497, 15.761082557624862 ], [ -96.110408930155501, 15.761883601335615 ], [ -96.110645447506471, 15.762410001399841 ], [ -96.110843815732338, 15.762945937415166 ], [ -96.111087962191178, 15.763472338370727 ], [ -96.111782252013683, 15.763932938001719 ], [ -96.112484171312204, 15.7639424731352 ], [ -96.113033499182819, 15.763715509987662 ], [ -96.113544678698403, 15.763388416243767 ], [ -96.114246597070263, 15.762611211931139 ], [ -96.114856960278729, 15.762195431609122 ], [ -96.115535990284215, 15.762060015380188 ], [ -96.116260798060082, 15.762286023888926 ], [ -96.116932199542887, 15.762647447036322 ], [ -96.117512046450784, 15.763106139431338 ], [ -96.118557294986417, 15.762777137735782 ], [ -96.119388915781428, 15.762336562367691 ], [ -96.119503357897187, 15.761660442574211 ], [ -96.120212905643427, 15.761110200794485 ], [ -96.12102926851432, 15.761680467735223 ], [ -96.121685410189883, 15.761454457700935 ], [ -96.122318662232033, 15.760794549458607 ], [ -96.123012950915864, 15.760289127545921 ], [ -96.123623314799204, 15.759683575987259 ], [ -96.123936125443578, 15.759037017832602 ], [ -96.124103974880654, 15.758335150848749 ], [ -96.124111603328842, 15.757775373038193 ], [ -96.123653830368283, 15.757425393825994 ], [ -96.123890345406579, 15.756752134493119 ], [ -96.124477820357654, 15.756307745572988 ], [ -96.124752483580068, 15.755589666348845 ], [ -96.125141588969868, 15.754239333954285 ], [ -96.12521788380073, 15.75360803495637 ], [ -96.125385354689016, 15.754423105195251 ], [ -96.125378252028511, 15.754927610348895 ], [ -96.125360438634218, 15.756192823380722 ], [ -96.125384205953225, 15.756740068225783 ], [ -96.125520038400097, 15.75752415953907 ], [ -96.125690318137401, 15.758097045145796 ], [ -96.126349129889803, 15.759986419821232 ], [ -96.126573074177244, 15.760473656303972 ], [ -96.12670597020994, 15.760969850371895 ] ] ] ] } },
{ "type": "Feature", "properties": { "fid": 72.0, "cat": 69, "CLAVE_ACUI": "2011", "NOM_ACUIF": "HUATULCO", "VULNERABIL": 2 }, "geometry": { "type": "MultiPolygon", "coordinates": [ [ [ [ -96.25868815301672, 15.761769172197209 ], [ -96.259051342958529, 15.761809308979249 ], [ -96.259270527530674, 15.761895048371757 ], [ -96.25948971231854, 15.761980787571877 ], [ -96.259752764577442, 15.762185620502361 ], [ -96.260541975574327, 15.76297002820068 ], [ -96.260746650712989, 15.763224928952766 ], [ -96.260829618799065, 15.763427494111495 ], [ -96.260912587021394, 15.763630059261375 ], [ -96.260944963348976, 15.763953916194847 ], [ -96.260930115524332, 15.765060118187597 ], [ -96.260889057450115, 15.765383050732616 ], [ -96.26080067940272, 15.765583458998483 ], [ -96.260712301154257, 15.765783867197587 ], [ -96.260500849962597, 15.766033529384806 ], [ -96.259690830845599, 15.766797800841802 ], [ -96.259427606171485, 15.766996006035516 ], [ -96.259218426563223, 15.767076350153113 ], [ -96.259009246818707, 15.767156694042615 ], [ -96.25867481567758, 15.767188043036066 ], [ -96.257532497417557, 15.767173647254783 ], [ -96.257199022380405, 15.767133881190198 ], [ -96.256992072876528, 15.767048293290724 ], [ -96.256785123573806, 15.766962705221138 ], [ -96.256527314873239, 15.766757934411693 ], [ -96.255738109595612, 15.765973512498263 ], [ -96.25553343934159, 15.765718607641805 ], [ -96.255450476314934, 15.765516041186205 ], [ -96.255367513424474, 15.765313474721808 ], [ -96.255335146250928, 15.76498961836575 ], [ -96.255350024311781, 15.76388342156906 ], [ -96.255385845047996, 15.763560425222943 ], [ -96.255538130704295, 15.763159305683626 ], [ -96.255719860673693, 15.762909273950275 ], [ -96.256415645401219, 15.762143576978872 ], [ -96.256654387729455, 15.761945066282861 ], [ -96.257072736777147, 15.761784381337931 ], [ -96.257431636322693, 15.761753341882457 ], [ -96.25868815301672, 15.761769172197209 ] ] ] ] } },
{ "type": "Feature", "properties": { "fid": 73.0, "cat": 73, "CLAVE_ACUI": "2011", "NOM_ACUIF": "HUATULCO", "VULNERABIL": 4 }, "geometry": { "type": "MultiPolygon", "coordinates": [ [ [ [ -96.102638497188579, 15.760305344708151 ], [ -96.102380815477957, 15.760474626096247 ], [ -96.102255879383605, 15.7605305333096 ], [ -96.101936369305861, 15.760621101128605 ], [ -96.101792194180391, 15.760628534419299 ], [ -96.101682598511502, 15.76063804074834 ], [ -96.10162316128303, 15.760637249187768 ], [ -96.10137619654779, 15.760633959531511 ], [ -96.100654684564603, 15.760624349126887 ], [ -96.100187748302588, 15.760654150857459 ], [ -96.099941181334813, 15.760724005382828 ], [ -96.099368964433282, 15.760264359747495 ], [ -96.09926214943772, 15.759251611111225 ], [ -96.10019295506045, 15.758920702182978 ], [ -96.101245833109189, 15.758935005783968 ], [ -96.101833308700492, 15.759033228412646 ], [ -96.102413155236647, 15.759176270899614 ], [ -96.102947223835955, 15.759580606687399 ], [ -96.103450774838876, 15.759758934099002 ], [ -96.102638497188579, 15.760305344708151 ] ] ] ] } },
{ "type": "Feature", "properties": { "fid": 74.0, "cat": 76, "CLAVE_ACUI": "2011", "NOM_ACUIF": "HUATULCO", "VULNERABIL": 3 }, "geometry": { "type": "MultiPolygon", "coordinates": [ [ [ [ -96.426400442565509, 15.735571482116901 ], [ -96.427336551537891, 15.733812101496962 ], [ -96.427580894784185, 15.73329333994945 ], [ -96.427785064170152, 15.732631837149718 ], [ -96.427832392384502, 15.732205595060483 ], [ -96.427849088024857, 15.730877968259962 ], [ -96.427811854343048, 15.730501538099251 ], [ -96.427716628536615, 15.730287014500947 ], [ -96.427621402900954, 15.730072490887082 ], [ -96.427386563529751, 15.729835996306754 ], [ -96.426481101270397, 15.729161400415784 ], [ -96.426246008634877, 15.728945225739441 ], [ -96.426150188493452, 15.728778116974734 ], [ -96.426054368493695, 15.728611008188999 ], [ -96.426015689112532, 15.728349729379577 ], [ -96.426026824701509, 15.727464645822282 ], [ -96.425931025236778, 15.727156964265024 ], [ -96.425701925998823, 15.72688158232352 ], [ -96.425472827357609, 15.726606200227131 ], [ -96.424914060504435, 15.726127075120333 ], [ -96.42276470051516, 15.72444191257078 ], [ -96.422184454542375, 15.724003175815172 ], [ -96.421905216529254, 15.723822042687111 ], [ -96.421625979042574, 15.723640909272566 ], [ -96.421408400841401, 15.723562123242127 ], [ -96.420951510231504, 15.723556721758911 ], [ -96.42074793846308, 15.723615286013905 ], [ -96.420501382702113, 15.72375463673718 ], [ -96.420254826634363, 15.723893987129461 ], [ -96.419753951673854, 15.724233566303225 ], [ -96.417909634159656, 15.725539557092716 ], [ -96.417324832313582, 15.725878135922038 ], [ -96.416882459901117, 15.726015162944801 ], [ -96.416440087024384, 15.726152188978674 ], [ -96.415760968525689, 15.726205114260733 ], [ -96.413476497976291, 15.726178033764505 ], [ -96.412723822307854, 15.726240238899795 ], [ -96.412109812511162, 15.72639893036891 ], [ -96.411495802018351, 15.726557619961886 ], [ -96.410494160291094, 15.726948814197627 ], [ -96.407047827547871, 15.72845697292634 ], [ -96.406129704056653, 15.72887962291308 ], [ -96.405710594994659, 15.729111745104627 ], [ -96.405291485067522, 15.7293438663418 ], [ -96.405012155131018, 15.729584424648953 ], [ -96.404546834586796, 15.730242788071832 ], [ -96.404362815478805, 15.730413347439089 ], [ -96.404166098720751, 15.730482137892896 ], [ -96.403969381855049, 15.730550928148663 ], [ -96.403591353195893, 15.730576912255628 ], [ -96.402220654312899, 15.730560585974825 ], [ -96.401800665763844, 15.730586067016771 ], [ -96.401506041340724, 15.730653688224725 ], [ -96.401211416783028, 15.730721309004295 ], [ -96.400789620556708, 15.730889030718439 ], [ -96.399410482819775, 15.731536484979273 ], [ -96.398957472097663, 15.731683506932358 ], [ -96.398590018296815, 15.731702833637918 ], [ -96.398222564525923, 15.731722159712877 ], [ -96.397625708402416, 15.731630355581643 ], [ -96.395575294801247, 15.731163274180744 ], [ -96.394884291424546, 15.731050014928295 ], [ -96.394297153582244, 15.731019288364056 ], [ -96.39371001617107, 15.730988560243398 ], [ -96.392723482931444, 15.731014025024484 ], [ -96.38929393695453, 15.731194285783285 ], [ -96.38838601518674, 15.731225752752296 ], [ -96.38798230338098, 15.73120906144883 ], [ -96.387578591761937, 15.731192369406898 ], [ -96.387333051408348, 15.731113214986964 ], [ -96.38699462006953, 15.730777212610333 ], [ -96.386922748195317, 15.730654411655758 ], [ -96.386925776749834, 15.730417343130012 ], [ -96.387001974899391, 15.730201474725495 ], [ -96.387354535897401, 15.729431156746049 ], [ -96.38754120082605, 15.729191207441847 ], [ -96.388059743657195, 15.728841761703533 ], [ -96.388613853544229, 15.728582501622423 ], [ -96.390681148865042, 15.727722054348185 ], [ -96.391376152838347, 15.727520361237405 ], [ -96.392552218450078, 15.727439583605374 ], [ -96.393537310410423, 15.727525878483025 ], [ -96.39695835553718, 15.728009338336705 ], [ -96.397890747107184, 15.728115308448436 ], [ -96.398820850052829, 15.728126404751011 ], [ -96.39921717458148, 15.728036289016654 ], [ -96.400136583926937, 15.72760465233983 ], [ -96.400407028824745, 15.72751303349302 ], [ -96.400749697798346, 15.727517117946975 ], [ -96.400968780372921, 15.727614571883986 ], [ -96.401648498616964, 15.728065271772156 ], [ -96.401846602490494, 15.728162474998369 ], [ -96.402091367090037, 15.728165391022863 ], [ -96.402242926642913, 15.728072353567613 ], [ -96.402705438728916, 15.727635262131351 ], [ -96.402878235367723, 15.72752215356839 ], [ -96.403222108656635, 15.727431405473215 ], [ -96.403540559745423, 15.727414873639761 ], [ -96.404682792350513, 15.727428469913917 ], [ -96.405075317284826, 15.727362008511234 ], [ -96.405764865866203, 15.727038261117032 ], [ -96.406357408620281, 15.726642225201401 ], [ -96.408433042739148, 15.725117791564541 ], [ -96.409057173350149, 15.724711960265251 ], [ -96.409894165142163, 15.72434252722323 ], [ -96.410465738678951, 15.724220597519437 ], [ -96.412793592383224, 15.723949012042537 ], [ -96.413284913833394, 15.723812573555309 ], [ -96.413489300144875, 15.723689668051163 ], [ -96.41395178058454, 15.723252547466579 ], [ -96.414113950197603, 15.723149464404692 ], [ -96.414408262442961, 15.723105531233461 ], [ -96.414660590747559, 15.723144923854797 ], [ -96.414666539151554, 15.723145852499034 ], [ -96.415577519852732, 15.723377949702495 ], [ -96.415930205407705, 15.723419388071433 ], [ -96.416665089100249, 15.723380670519346 ], [ -96.417362236929748, 15.723283919847898 ], [ -96.419880706272295, 15.7228711171869 ], [ -96.420645908031076, 15.722785322319758 ], [ -96.421698384233082, 15.722797764468375 ], [ -96.422436721060194, 15.722901334167942 ], [ -96.424829825282842, 15.723372205390884 ], [ -96.425452075856569, 15.723530285353975 ], [ -96.426007811870718, 15.723554909414103 ], [ -96.426072268752023, 15.723852059051092 ], [ -96.426060411830946, 15.724794718539176 ], [ -96.426161881939791, 15.72506859385021 ], [ -96.426645152066826, 15.725572229837294 ], [ -96.427234069932794, 15.726017833477734 ], [ -96.429499104061392, 15.727593670338031 ], [ -96.429991897506042, 15.728082734649622 ], [ -96.430886253973298, 15.729642403873104 ], [ -96.43116598593474, 15.73006403265604 ], [ -96.431312790336477, 15.730209722914092 ], [ -96.431602945532305, 15.730497675219731 ], [ -96.431884524723088, 15.730633097064713 ], [ -96.432908407758262, 15.730977110917296 ], [ -96.433067628611013, 15.731248277173549 ], [ -96.432927200605491, 15.731708992675568 ], [ -96.432786771815927, 15.73216970797519 ], [ -96.432226321241856, 15.733214869457314 ], [ -96.429891684045529, 15.737170835233394 ], [ -96.429304400506965, 15.738261397107879 ], [ -96.429101419833216, 15.738828070404317 ], [ -96.42889843781289, 15.739394743317026 ], [ -96.428905780398196, 15.739923249665818 ], [ -96.429346014496844, 15.741256267240784 ], [ -96.429459543716263, 15.741684407127458 ], [ -96.429504326854556, 15.742016891465788 ], [ -96.429549110054111, 15.742349375807549 ], [ -96.429563532337099, 15.742871191170456 ], [ -96.429541268122165, 15.744641360649361 ], [ -96.42950892738267, 15.745127057501815 ], [ -96.429444598478469, 15.745375265480662 ], [ -96.429380269372871, 15.745623473412103 ], [ -96.429228812941076, 15.745846942050745 ], [ -96.42865067288578, 15.746393378674842 ], [ -96.428447782609197, 15.746534944188312 ], [ -96.428263442870062, 15.746592045898868 ], [ -96.428079103050052, 15.746649147437592 ], [ -96.427755308475682, 15.746670729202703 ], [ -96.42661294755483, 15.74665723764671 ], [ -96.42630572161157, 15.746612960633646 ], [ -96.42616004130673, 15.746516395139556 ], [ -96.426014361147992, 15.746419829567724 ], [ -96.425905357869041, 15.746188205391213 ], [ -96.425688036805028, 15.745300423822384 ], [ -96.425521269957713, 15.745073197968095 ], [ -96.425240807654475, 15.744986894859068 ], [ -96.424960345640159, 15.744900591423354 ], [ -96.424325792087544, 15.744881235006943 ], [ -96.421925467173665, 15.744963496150284 ], [ -96.421306715629157, 15.744939236983635 ], [ -96.42106312398279, 15.744841509645186 ], [ -96.420819532605705, 15.744743782068145 ], [ -96.420742308163923, 15.7444888214005 ], [ -96.420869108593095, 15.743494460239971 ], [ -96.421012384310458, 15.743226866849936 ], [ -96.421554204387391, 15.742972458118452 ], [ -96.422184957443548, 15.742876608966606 ], [ -96.423158647756665, 15.742950882659269 ], [ -96.424324918728246, 15.742995949463021 ], [ -96.424669052878528, 15.743026542791162 ], [ -96.424750779399574, 15.743029240021 ], [ -96.424836832201564, 15.743025972775586 ], [ -96.424921186852131, 15.743014983585276 ], [ -96.424998302482209, 15.743006258824208 ], [ -96.425080368532321, 15.742994651149456 ], [ -96.425141829391563, 15.742976542146287 ], [ -96.425213360968755, 15.742950207840725 ], [ -96.42526104238695, 15.742919968544985 ], [ -96.42531972489229, 15.742864388394931 ], [ -96.425363742884926, 15.742787198435417 ], [ -96.425369827659196, 15.742709254142381 ], [ -96.425378741628293, 15.742667663609913 ], [ -96.42541699124763, 15.742614630942297 ], [ -96.425463218505456, 15.742592192285144 ], [ -96.425536224631543, 15.742583418482003 ], [ -96.425657618995899, 15.742616153355206 ], [ -96.425752286230434, 15.74267486791619 ], [ -96.42581020295701, 15.742755307014438 ], [ -96.425832887768848, 15.742871184621277 ], [ -96.42582592041434, 15.743424360990039 ], [ -96.425829288897049, 15.743573441896739 ], [ -96.425851976015153, 15.743715976445158 ], [ -96.425881017723427, 15.743770516321359 ], [ -96.425993858642357, 15.743882501169868 ], [ -96.426028785710557, 15.743886301088198 ], [ -96.426078937670468, 15.743792049205144 ], [ -96.426115656203237, 15.743653603731273 ], [ -96.426236856891947, 15.743101776632356 ], [ -96.426257966763757, 15.742952984826719 ], [ -96.426235279355453, 15.742810450282018 ], [ -96.426181758965129, 15.74275562130895 ], [ -96.426050087195293, 15.742689903140816 ], [ -96.425960185641259, 15.742625247709082 ], [ -96.4258961877877, 15.742545532090531 ], [ -96.425862129426861, 15.742453672597337 ], [ -96.425840888885787, 15.742356194587167 ], [ -96.425836699751017, 15.742267175473422 ], [ -96.425828191633201, 15.741968562200748 ], [ -96.42583203430182, 15.741743626201531 ], [ -96.425948802729735, 15.738387770192283 ], [ -96.425974025669603, 15.73735663532797 ], [ -96.426159995242102, 15.736196987433187 ], [ -96.426400442565509, 15.735571482116901 ] ] ] ] } },
{ "type": "Feature", "properties": { "fid": 77.0, "cat": 78, "CLAVE_ACUI": "2011", "NOM_ACUIF": "HUATULCO", "VULNERABIL": 4 }, "geometry": { "type": "MultiPolygon", "coordinates": [ [ [ [ -96.297600876279873, 15.741093310551236 ], [ -96.297158902860716, 15.740929768846211 ], [ -96.297283269275923, 15.740384311251173 ], [ -96.297539498033615, 15.738285291703168 ], [ -96.29764960360319, 15.737627885592527 ], [ -96.297907338543638, 15.736648851058401 ], [ -96.298165098676549, 15.735932308712632 ], [ -96.299110991006785, 15.733509904932921 ], [ -96.299358721643216, 15.732757672019224 ], [ -96.299568919812003, 15.731669660060593 ], [ -96.299621473382089, 15.730867590587854 ], [ -96.299656523080856, 15.728212611630507 ], [ -96.299634577343014, 15.727490907413701 ], [ -96.299497118592996, 15.726777933810739 ], [ -96.299322695307353, 15.726481104268922 ], [ -96.298646181077046, 15.725808872455511 ], [ -96.298470954888415, 15.725572998645296 ], [ -96.298329744491241, 15.725144486877076 ], [ -96.298303241200756, 15.724768201088624 ], [ -96.298320768284384, 15.723440712409511 ], [ -96.298357197308533, 15.723065206085774 ], [ -96.298509672887477, 15.72264033189613 ], [ -96.298691065964931, 15.72240887493769 ], [ -96.299038078135723, 15.722081245143585 ], [ -96.299385089187155, 15.721753615001195 ], [ -96.299576835088942, 15.721532446224506 ], [ -96.299777628264536, 15.721155586800673 ], [ -96.299983201374616, 15.720769754209416 ], [ -96.300183992879212, 15.720392894152679 ], [ -96.300228895608981, 15.720169907179798 ], [ -96.300237650424691, 15.719506161525587 ], [ -96.300208998613286, 15.719292425322983 ], [ -96.300066535834134, 15.718958735374629 ], [ -96.299891669724175, 15.718695771585303 ], [ -96.299218093810083, 15.717802296458423 ], [ -96.299064072586731, 15.717549751322524 ], [ -96.29901887943933, 15.717264683226917 ], [ -96.29910833860248, 15.717109988221473 ], [ -96.299571006612027, 15.716673145495175 ], [ -96.299681441948437, 15.716518709741816 ], [ -96.299734139910086, 15.716234853054324 ], [ -96.299698987556809, 15.715983779327932 ], [ -96.29948224618073, 15.715095958660836 ], [ -96.299457783455168, 15.714829775687518 ], [ -96.299560364398829, 15.714475409066827 ], [ -96.29973137096205, 15.714235353837719 ], [ -96.300426817691317, 15.71346946091939 ], [ -96.300783752578781, 15.713070023902235 ], [ -96.301109446089953, 15.713067999433214 ], [ -96.301363676938678, 15.713056664856646 ], [ -96.301754495669257, 15.713047662018345 ], [ -96.302414381175552, 15.713094198532577 ], [ -96.303182503619027, 15.713182708533978 ], [ -96.304440902258477, 15.71332823509549 ], [ -96.313255904500394, 15.713840220639552 ], [ -96.317902085191022, 15.714000740349588 ], [ -96.317954088259796, 15.715596424452706 ], [ -96.317521309939877, 15.717001812192548 ], [ -96.31745026944408, 15.722422478929726 ], [ -96.31730060115116, 15.723836425245779 ], [ -96.316986902333895, 15.724425300314858 ], [ -96.316673201501899, 15.725014174622258 ], [ -96.315926586351765, 15.725282725475143 ], [ -96.313069789356575, 15.725358192312321 ], [ -96.312182369203981, 15.725564027994269 ], [ -96.311540117553577, 15.726006587634178 ], [ -96.310897863276651, 15.726449144929973 ], [ -96.309950267460266, 15.727507760441647 ], [ -96.306812586763101, 15.731562814846807 ], [ -96.30600581438938, 15.732679031804157 ], [ -96.305692224063023, 15.733256030337538 ], [ -96.305378631768264, 15.733833028115081 ], [ -96.305289436318773, 15.734365381002913 ], [ -96.305500379101716, 15.735695700053581 ], [ -96.305528575161304, 15.736077088242801 ], [ -96.305449212868012, 15.736526580631702 ], [ -96.305307641773098, 15.736787324294781 ], [ -96.304726336478723, 15.737554634341235 ], [ -96.304516983209709, 15.73778405581948 ], [ -96.304121308682866, 15.738087380171736 ], [ -96.3027983190253, 15.738876555173812 ], [ -96.302144938793077, 15.739097655274277 ], [ -96.301752074717797, 15.739187627626061 ], [ -96.30154613644666, 15.739157981614735 ], [ -96.300977956295114, 15.738929660891559 ], [ -96.300750771018372, 15.73892007307599 ], [ -96.300258751874409, 15.739103650681086 ], [ -96.299783051627401, 15.739375491359418 ], [ -96.298055126380731, 15.740460494212964 ], [ -96.297600876279873, 15.741093310551236 ] ] ] ] } },
{ "type": "Feature", "properties": { "fid": 79.0, "cat": 79, "CLAVE_ACUI": "2011", "NOM_ACUIF": "HUATULCO", "VULNERABIL": 3 }, "geometry": { "type": "MultiPolygon", "coordinates": [ [ [ [ -96.246633085170089, 15.735490652395336 ], [ -96.24666266661535, 15.735111695850138 ], [ -96.246523756552349, 15.734910115388073 ], [ -96.246388583642144, 15.734474323127763 ], [ -96.245411404314012, 15.733767102879105 ], [ -96.245389657011899, 15.733607644974526 ], [ -96.245382067006275, 15.7334788478394 ], [ -96.245168545306683, 15.732369770743006 ], [ -96.245091666659846, 15.732106316507377 ], [ -96.244871435677098, 15.731937590284542 ], [ -96.244995412672935, 15.731637147078182 ], [ -96.245212249434559, 15.73124531627356 ], [ -96.245633728987173, 15.730847603383749 ], [ -96.246019006168197, 15.730671272552346 ], [ -96.24739548511522, 15.730246103042841 ], [ -96.24781740212488, 15.730075311515012 ], [ -96.24840987068086, 15.729703458548176 ], [ -96.248834336579108, 15.729343031429076 ], [ -96.250222699328035, 15.72803288518265 ], [ -96.250604658174893, 15.72771256021872 ], [ -96.250998780434472, 15.727527863314524 ], [ -96.251179854485571, 15.727584336182609 ], [ -96.251630746036852, 15.728032573256675 ], [ -96.251779809002386, 15.728129284939115 ], [ -96.25202454346028, 15.728132369268506 ], [ -96.252225100887387, 15.728040063656978 ], [ -96.252916299405314, 15.727606218347777 ], [ -96.253112361963048, 15.72745797139336 ], [ -96.253313056311228, 15.727268575335422 ], [ -96.253536817227697, 15.727010602668345 ], [ -96.253635621888975, 15.726813713620482 ], [ -96.253872948618735, 15.726152870601375 ], [ -96.253903508828657, 15.725960202301833 ], [ -96.253808797647594, 15.725721926910465 ], [ -96.253642936031738, 15.725574201731398 ], [ -96.252963628166228, 15.725123091954169 ], [ -96.252802943715551, 15.724980511840101 ], [ -96.253500858766117, 15.724957126399413 ], [ -96.25521249308332, 15.725089313274246 ], [ -96.255741367275633, 15.725155239488663 ], [ -96.256508231249668, 15.725335926203652 ], [ -96.257049570872596, 15.725515467504348 ], [ -96.258868015145381, 15.726202165095675 ], [ -96.259408339351054, 15.726457893865355 ], [ -96.260111401511878, 15.726964604206014 ], [ -96.260575452320381, 15.72743274774456 ], [ -96.262037972557067, 15.72911070452164 ], [ -96.262428339077516, 15.729598241608819 ], [ -96.262787516245709, 15.730195461514262 ], [ -96.262910258737648, 15.730561096071446 ], [ -96.263123879519497, 15.73167017097688 ], [ -96.263157671198272, 15.732019447735755 ], [ -96.263101743798089, 15.7325403309528 ], [ -96.262988055345346, 15.732935172952123 ], [ -96.2625134324378, 15.734256884474895 ], [ -96.26229975539944, 15.734675871875888 ], [ -96.261777221256125, 15.735309435103717 ], [ -96.260101616930399, 15.736874016962643 ], [ -96.259543969462726, 15.737386896228674 ], [ -96.258685326640204, 15.737875101823573 ], [ -96.257871618882561, 15.738315323195534 ], [ -96.257304383740191, 15.738499545114975 ], [ -96.255470993009212, 15.738919018115146 ], [ -96.254910159212599, 15.739016947976507 ], [ -96.254126328746878, 15.739054489368495 ], [ -96.253567405402933, 15.739010190181659 ], [ -96.251742931013382, 15.738765912125706 ], [ -96.251169369134033, 15.738640137056896 ], [ -96.250317219243058, 15.73829747190428 ], [ -96.249673425459051, 15.737933725199827 ], [ -96.247521220949309, 15.736578897241543 ], [ -96.246961692356962, 15.736190806544577 ], [ -96.246633085170089, 15.735490652395336 ] ] ] ] } },
{ "type": "Feature", "properties": { "fid": 80.0, "cat": 75, "CLAVE_ACUI": "2011", "NOM_ACUIF": "HUATULCO", "VULNERABIL": 4 }, "geometry": { "type": "MultiPolygon", "coordinates": [ [ [ [ -96.246523756552349, 15.734910115388073 ], [ -96.24666266661535, 15.735111695850138 ], [ -96.246633085170089, 15.735490652395336 ], [ -96.246269734262867, 15.73597182030662 ], [ -96.245759246172454, 15.736370360116364 ], [ -96.24560390220158, 15.736480163840648 ], [ -96.245454501378987, 15.736667940636547 ], [ -96.245396415645601, 15.736826389568467 ], [ -96.245274749340211, 15.737378041092152 ], [ -96.245222113039631, 15.737521317871611 ], [ -96.245098143736115, 15.73763829138144 ], [ -96.244973681092375, 15.737662119573786 ], [ -96.244516824925952, 15.737656343772501 ], [ -96.244366892802205, 15.737623966210386 ], [ -96.244124065836829, 15.737478647169601 ], [ -96.243927102532524, 15.737303426075732 ], [ -96.243250769877093, 15.736631045944652 ], [ -96.243042908209773, 15.736486168231984 ], [ -96.242749217105469, 15.736482452996743 ], [ -96.242537519557715, 15.736622023144864 ], [ -96.241843286031866, 15.737277064179331 ], [ -96.241652565107813, 15.737416898716251 ], [ -96.241456770369084, 15.737414420545896 ], [ -96.241367784832164, 15.737271045929232 ], [ -96.241148314378449, 15.736604442644678 ], [ -96.240990260053934, 15.736526237480149 ], [ -96.24047214214437, 15.736827882445009 ], [ -96.239890025485224, 15.737337007333117 ], [ -96.237691572825881, 15.739411261376461 ], [ -96.237129596321338, 15.739981595316069 ], [ -96.236705517397496, 15.740568916942529 ], [ -96.236661669409912, 15.74083761555341 ], [ -96.236881126630536, 15.741504221517198 ], [ -96.237031534410946, 15.741760142744424 ], [ -96.237513980982271, 15.742287835437221 ], [ -96.238052784552508, 15.742785760162286 ], [ -96.240084775201851, 15.744581708402826 ], [ -96.240623179662535, 15.745110105168166 ], [ -96.241103722915966, 15.745780016345305 ], [ -96.241251806865193, 15.746208636306234 ], [ -96.241462321033453, 15.747538952029515 ], [ -96.24150102065137, 15.747910303472061 ], [ -96.241471103756439, 15.748312961069482 ], [ -96.241389665530946, 15.748516834711415 ], [ -96.241039536288895, 15.749065586925047 ], [ -96.240897217806264, 15.749116280348215 ], [ -96.240583195948545, 15.748804097795832 ], [ -96.240276912980733, 15.748307429205939 ], [ -96.239161625605391, 15.746301823652459 ], [ -96.238767081550819, 15.745737991589824 ], [ -96.238041154229933, 15.74511238133277 ], [ -96.237398659487297, 15.744782483452507 ], [ -96.23512628964977, 15.743868558853061 ], [ -96.234524799329748, 15.743610297844354 ], [ -96.233990200964286, 15.743319016221214 ], [ -96.233827978058528, 15.743161161765759 ], [ -96.233605535689534, 15.742715789863311 ], [ -96.233484857747825, 15.742588944348842 ], [ -96.233144136218286, 15.742442370292993 ], [ -96.232778069328432, 15.742359823853041 ], [ -96.231410481169519, 15.742121176556095 ], [ -96.230896604459645, 15.742107872442515 ], [ -96.229866097908641, 15.742284435647543 ], [ -96.22890782061377, 15.742549970000745 ], [ -96.225466350375072, 15.743612533645051 ], [ -96.224507926164691, 15.743888205371254 ], [ -96.223476765866224, 15.744112143199205 ], [ -96.222962105562189, 15.744156385538661 ], [ -96.221591519708099, 15.74413890993282 ], [ -96.221198659382367, 15.744098337660859 ], [ -96.220735896567859, 15.743926480694483 ], [ -96.220467667399575, 15.743721543386044 ], [ -96.219678697201743, 15.742937025595461 ], [ -96.219489484091596, 15.74270769468972 ], [ -96.219395456230799, 15.742422002757577 ], [ -96.219450343375016, 15.742243202389735 ], [ -96.219800509881438, 15.74169449206696 ], [ -96.219986301877611, 15.741532602416715 ], [ -96.220503165395414, 15.741325827396182 ], [ -96.221055749677106, 15.741192323043821 ], [ -96.223117610179514, 15.740776065909358 ], [ -96.223717737859914, 15.740617759046449 ], [ -96.224456475148244, 15.740295261758238 ], [ -96.224911685945884, 15.739992858745175 ], [ -96.226297258262264, 15.738904136869531 ], [ -96.226773165766389, 15.738622313451565 ], [ -96.227608502978285, 15.738395864104758 ], [ -96.228325935464696, 15.738354187475045 ], [ -96.230139461156654, 15.738713670868385 ], [ -96.230710674302358, 15.738753105410181 ], [ -96.231323494564307, 15.738689768525472 ], [ -96.23162773825166, 15.738559853548701 ], [ -96.232434719472153, 15.73801691937701 ], [ -96.232650286892948, 15.737850314727442 ], [ -96.232849289128097, 15.737615762626433 ], [ -96.232918010788978, 15.73744729304153 ], [ -96.233039709377579, 15.736895653783733 ], [ -96.233039084072871, 15.736812668184148 ], [ -96.233335980989992, 15.736579358205722 ], [ -96.233580096190749, 15.736499479208168 ], [ -96.234038442260555, 15.736394659450212 ], [ -96.234496787677017, 15.7362898388137 ], [ -96.234751391162334, 15.736210091460499 ], [ -96.235022849797943, 15.736047579820791 ], [ -96.235156044320092, 15.735895167871425 ], [ -96.235506159124512, 15.735346423456383 ], [ -96.235556266197861, 15.735131994007054 ], [ -96.235439985854882, 15.734680068200944 ], [ -96.235223764801432, 15.734248889312306 ], [ -96.234329463691736, 15.732803779014223 ], [ -96.234145353695723, 15.732325591152037 ], [ -96.234148844170534, 15.73227419422637 ], [ -96.234146132264343, 15.732268024629347 ], [ -96.234176055679896, 15.731865369454974 ], [ -96.234403691104418, 15.731710768894239 ], [ -96.235436064990097, 15.731391951515745 ], [ -96.235756998374058, 15.731319816801461 ], [ -96.236222315167652, 15.731302008192877 ], [ -96.236566120398876, 15.731348702030948 ], [ -96.237705230150581, 15.731584412463508 ], [ -96.23801798214528, 15.731600228950221 ], [ -96.238338379242592, 15.731438331817454 ], [ -96.238483336953152, 15.731191233953814 ], [ -96.238839406907545, 15.73020000732185 ], [ -96.238963660004657, 15.729932325534524 ], [ -96.239187440020643, 15.729674371032473 ], [ -96.239382872832365, 15.729573546321749 ], [ -96.240071112290465, 15.729360984242607 ], [ -96.24026654447519, 15.729260158618239 ], [ -96.240490322193068, 15.729002202381501 ], [ -96.240614572290809, 15.728734519162789 ], [ -96.240970626179191, 15.727743286505667 ], [ -96.241078525382889, 15.72752111859227 ], [ -96.2412260036173, 15.727475568324103 ], [ -96.241328787956277, 15.727632664485206 ], [ -96.241660971283537, 15.728411330147777 ], [ -96.241758580555157, 15.728563280448821 ], [ -96.241881905833395, 15.72849371623151 ], [ -96.241960475212252, 15.728242388441444 ], [ -96.24220380489642, 15.727139089208976 ], [ -96.242288233561567, 15.726842112517785 ], [ -96.242438906217032, 15.726559520897288 ], [ -96.242569724356187, 15.726452795254588 ], [ -96.243029536121057, 15.726237333297528 ], [ -96.243172074223253, 15.726039309870185 ], [ -96.243377439681012, 15.725330662904978 ], [ -96.243633732426503, 15.724129304752079 ], [ -96.244200074127434, 15.722321096972971 ], [ -96.244259081755771, 15.721834132568695 ], [ -96.244276955676597, 15.720506703557071 ], [ -96.244381175249231, 15.720167639127782 ], [ -96.244849659729908, 15.719912766850848 ], [ -96.245414704163707, 15.719887726860087 ], [ -96.247583098348031, 15.720025733754655 ], [ -96.248178515793398, 15.720082355007371 ], [ -96.248788732978753, 15.720208592480828 ], [ -96.249065054180093, 15.72033231156105 ], [ -96.249744337244564, 15.720783429755604 ], [ -96.249958276574105, 15.720865718746193 ], [ -96.250277375029668, 15.72079861654187 ], [ -96.250519290122497, 15.720620467127281 ], [ -96.251329125186643, 15.719856203257496 ], [ -96.25154025583376, 15.719626861141499 ], [ -96.25171570043247, 15.719320864105571 ], [ -96.25175520523895, 15.719113067820688 ], [ -96.251764116497696, 15.718449348974344 ], [ -96.251725505671729, 15.718199925948154 ], [ -96.251536411268603, 15.717699670677533 ], [ -96.251355008246847, 15.716670028009236 ], [ -96.251189751044478, 15.716217489489221 ], [ -96.251033570320445, 15.716000454294845 ], [ -96.250751777600712, 15.715720308066814 ], [ -96.250469985657801, 15.715440161322141 ], [ -96.250207835265257, 15.715303075842968 ], [ -96.249877942656298, 15.71526335619199 ], [ -96.249985798461537, 15.714522422016291 ], [ -96.25019031457208, 15.714438069025698 ], [ -96.25084580281775, 15.714359961953118 ], [ -96.252567734477978, 15.713717815858731 ], [ -96.253147157778258, 15.713532056468006 ], [ -96.254129206009338, 15.71330733183658 ], [ -96.254952708960658, 15.713172054700214 ], [ -96.257813672266707, 15.712765465014938 ], [ -96.258484375484059, 15.712667550659724 ], [ -96.259036395106833, 15.71253703675267 ], [ -96.258871314500396, 15.712770284015189 ], [ -96.258702830875052, 15.712949367613863 ], [ -96.257550444669022, 15.713709362997568 ], [ -96.257239555499382, 15.713947619908499 ], [ -96.25694112980031, 15.714299494312389 ], [ -96.256825696840281, 15.714563915503087 ], [ -96.2565854344125, 15.71544600660976 ], [ -96.256642644152407, 15.715743080127435 ], [ -96.257149888503022, 15.716247332015682 ], [ -96.257817315986344, 15.716670616959064 ], [ -96.260424756620139, 15.71814167987233 ], [ -96.26111875845973, 15.718539888341597 ], [ -96.261749969733785, 15.718927146155796 ], [ -96.261957696059923, 15.719082164532235 ], [ -96.262295873415525, 15.719418326477923 ], [ -96.262372972823556, 15.719536142673798 ], [ -96.262394592037637, 15.719749789859877 ], [ -96.262359356930446, 15.720161987321049 ], [ -96.262283674004436, 15.720330383491243 ], [ -96.261933656406697, 15.720879187219952 ], [ -96.261753361191282, 15.721025948525948 ], [ -96.261262002059638, 15.721162030692639 ], [ -96.260740355843879, 15.721209671550428 ], [ -96.25885757196933, 15.721239082510662 ], [ -96.258305036848284, 15.721310537256747 ], [ -96.257838466404934, 15.721423214449198 ], [ -96.257664267090973, 15.72156954885504 ], [ -96.257429924721407, 15.722009158448737 ], [ -96.257410628843061, 15.722144392094373 ], [ -96.257554924619441, 15.72233587307332 ], [ -96.257780357635113, 15.722474183531173 ], [ -96.258688085177454, 15.722928149472386 ], [ -96.258918695915099, 15.723071604390139 ], [ -96.259087149286344, 15.723287096601698 ], [ -96.259097185920723, 15.723451487865542 ], [ -96.2589755694258, 15.724003154812641 ], [ -96.258818198540723, 15.724134959943203 ], [ -96.258205418061678, 15.724198382641353 ], [ -96.257487389017243, 15.724157179517626 ], [ -96.254749375020296, 15.723901456421006 ], [ -96.254020861221449, 15.723860110131637 ], [ -96.25335913643778, 15.723922902855225 ], [ -96.25314232829831, 15.724053954844496 ], [ -96.252792280570262, 15.724602738792532 ], [ -96.252732388943073, 15.724766248755875 ], [ -96.252802943715551, 15.724980511840101 ], [ -96.252963628166228, 15.725123091954169 ], [ -96.253642936031738, 15.725574201731398 ], [ -96.253808797647594, 15.725721926910465 ], [ -96.253903508828657, 15.725960202301833 ], [ -96.253872948618735, 15.726152870601375 ], [ -96.253635621888975, 15.726813713620482 ], [ -96.253536817227697, 15.727010602668345 ], [ -96.253313056311228, 15.727268575335422 ], [ -96.253112361963048, 15.72745797139336 ], [ -96.252916299405314, 15.727606218347777 ], [ -96.252225100887387, 15.728040063656978 ], [ -96.25202454346028, 15.728132369268506 ], [ -96.251779809002386, 15.728129284939115 ], [ -96.251630746036852, 15.728032573256675 ], [ -96.251179854485571, 15.727584336182609 ], [ -96.250998780434472, 15.727527863314524 ], [ -96.250604658174893, 15.72771256021872 ], [ -96.250222699328035, 15.72803288518265 ], [ -96.248834336579108, 15.729343031429076 ], [ -96.24840987068086, 15.729703458548176 ], [ -96.24781740212488, 15.730075311515012 ], [ -96.24739548511522, 15.730246103042841 ], [ -96.246019006168197, 15.730671272552346 ], [ -96.245633728987173, 15.730847603383749 ], [ -96.245212249434559, 15.73124531627356 ], [ -96.244995412672935, 15.731637147078182 ], [ -96.244871435677098, 15.731937590284542 ], [ -96.244815804757607, 15.732077428743235 ], [ -96.244351508320946, 15.732624749503669 ], [ -96.244235598221238, 15.732792627875122 ], [ -96.244158982286635, 15.733028740336037 ], [ -96.244165441212999, 15.733198165559791 ], [ -96.244272199138592, 15.733752704188788 ], [ -96.244326200160913, 15.73389732890004 ], [ -96.244471446911163, 15.734017705537871 ], [ -96.244624941244354, 15.734045047368062 ], [ -96.245196001455099, 15.734052265075025 ], [ -96.245334789110771, 15.734003215894143 ], [ -96.245411404314012, 15.733767102879105 ], [ -96.246388583642144, 15.734474323127763 ], [ -96.246523756552349, 15.734910115388073 ] ] ] ] } },
{ "type": "Feature", "properties": { "fid": 81.0, "cat": 82, "CLAVE_ACUI": "2011", "NOM_ACUIF": "HUATULCO", "VULNERABIL": 2 }, "geometry": { "type": "MultiPolygon", "coordinates": [ [ [ [ -96.244815804757607, 15.732077428743235 ], [ -96.244871435677098, 15.731937590284542 ], [ -96.245091666659846, 15.732106316507377 ], [ -96.245168545306683, 15.732369770743006 ], [ -96.245382067006275, 15.7334788478394 ], [ -96.245411404314012, 15.733767102879105 ], [ -96.245334789110771, 15.734003215894143 ], [ -96.245196001455099, 15.734052265075025 ], [ -96.244624941244354, 15.734045047368062 ], [ -96.244471446911163, 15.734017705537871 ], [ -96.244326200160913, 15.73389732890004 ], [ -96.244272199138592, 15.733752704188788 ], [ -96.244165441212999, 15.733198165559791 ], [ -96.244158982286635, 15.733028740336037 ], [ -96.244235598221238, 15.732792627875122 ], [ -96.244351508320946, 15.732624749503669 ], [ -96.244815804757607, 15.732077428743235 ] ] ] ] } },
{ "type": "Feature", "properties": { "fid": 83.0, "cat": 83, "CLAVE_ACUI": "2011", "NOM_ACUIF": "HUATULCO", "VULNERABIL": 4 }, "geometry": { "type": "MultiPolygon", "coordinates": [ [ [ [ -96.157475032445092, 15.726825521426472 ], [ -96.157481180145737, 15.726383078268091 ], [ -96.157482648283548, 15.726277404295491 ], [ -96.157487410121718, 15.725934697333999 ], [ -96.157487410267962, 15.725934686809252 ], [ -96.158238559709048, 15.726045400924177 ], [ -96.159077810117495, 15.726038724679963 ], [ -96.159871283855836, 15.725841324023449 ], [ -96.160596090870214, 15.725425542687377 ], [ -96.161824447271684, 15.724583491120812 ], [ -96.162350886711508, 15.72418392212797 ], [ -96.162610290741355, 15.723401950375077 ], [ -96.162945989563994, 15.722720109173284 ], [ -96.163533465943232, 15.722727737070134 ], [ -96.164456641587435, 15.723191197922342 ], [ -96.165387448009795, 15.723545944554477 ], [ -96.165762089174407, 15.723343757627807 ], [ -96.166091273220133, 15.723838994479802 ], [ -96.165774572911616, 15.723958823240803 ], [ -96.165544855803532, 15.723999960714 ], [ -96.165097104891998, 15.723994141357062 ], [ -96.164908046090446, 15.724012003870182 ], [ -96.164710963268135, 15.724104268786535 ], [ -96.164618475093164, 15.724218213392222 ], [ -96.164383945839489, 15.724657689831975 ], [ -96.1643019448628, 15.724771770590195 ], [ -96.164153803502757, 15.724864671210689 ], [ -96.164024174039028, 15.724883305595624 ], [ -96.163567378095422, 15.724877364934118 ], [ -96.163363771664194, 15.724935676826433 ], [ -96.162870403407197, 15.725213739414475 ], [ -96.162369196790266, 15.725552658747874 ], [ -96.161182116382321, 15.726519342616912 ], [ -96.159996295643296, 15.727184621535903 ], [ -96.159381219316231, 15.727413676150027 ], [ -96.159029832675074, 15.727412484936259 ], [ -96.158005107271421, 15.727177869825036 ], [ -96.15747122140003, 15.72709979102723 ], [ -96.157475032445092, 15.726825521426472 ] ] ] ] } },
{ "type": "Feature", "properties": { "fid": 84.0, "cat": 84, "CLAVE_ACUI": "2011", "NOM_ACUIF": "HUATULCO", "VULNERABIL": 4 }, "geometry": { "type": "MultiPolygon", "coordinates": [ ] } },
{ "type": "Feature", "properties": { "fid": 85.0, "cat": 85, "CLAVE_ACUI": "2011", "NOM_ACUIF": "HUATULCO", "VULNERABIL": 4 }, "geometry": { "type": "MultiPolygon", "coordinates": [ [ [ [ -96.415577519852732, 15.723377949702495 ], [ -96.414666539151554, 15.723145852499034 ], [ -96.414660590747559, 15.723144923854797 ], [ -96.415468246807833, 15.722753960173829 ], [ -96.41584151959205, 15.722411186139281 ], [ -96.416770652393467, 15.721205027114468 ], [ -96.416971097108402, 15.72083988023739 ], [ -96.416977379803768, 15.720342023964315 ], [ -96.416785911534404, 15.719995947782838 ], [ -96.41588611612336, 15.718878780469048 ], [ -96.41567335110085, 15.718557856100828 ], [ -96.415626794260902, 15.718367616942762 ], [ -96.415580237480853, 15.718177377784791 ], [ -96.415659982342191, 15.717954761749601 ], [ -96.41612523657426, 15.71729636433675 ], [ -96.41622065045739, 15.717079014413711 ], [ -96.416200662923984, 15.716723113082407 ], [ -96.416076695873102, 15.716432032576046 ], [ -96.415518173506371, 15.715429557792277 ], [ -96.415299290757915, 15.715178000362695 ], [ -96.414836357865369, 15.715006540367126 ], [ -96.41439390756257, 15.715013154301337 ], [ -96.412792071023588, 15.715215472412392 ], [ -96.412344311997927, 15.71522710008187 ], [ -96.412100459761092, 15.715153075798186 ], [ -96.411856607740219, 15.71507905126778 ], [ -96.411607646783096, 15.7148559259051 ], [ -96.410933536114612, 15.713962722858174 ], [ -96.410674473667143, 15.713708991471011 ], [ -96.410407048555697, 15.713563553280171 ], [ -96.410139623860616, 15.713418114816767 ], [ -96.409634615431742, 15.713256307416366 ], [ -96.40781276462792, 15.712792075031686 ], [ -96.407292219575794, 15.712614835455959 ], [ -96.406988537069623, 15.712433396641423 ], [ -96.406684855144334, 15.71225195748235 ], [ -96.406337736789411, 15.711910800566564 ], [ -96.405325221280108, 15.710681611953644 ], [ -96.405041814258951, 15.710280240232368 ], [ -96.404886785704335, 15.70995830139822 ], [ -96.404731757573884, 15.709636362518971 ], [ -96.404572226109167, 15.709117909102918 ], [ -96.404137804753105, 15.707342337659528 ], [ -96.403962606836302, 15.706818617021632 ], [ -96.403771021200086, 15.706484387857966 ], [ -96.403579436128979, 15.706150158611324 ], [ -96.403207248018774, 15.705718938335185 ], [ -96.401853550259744, 15.70437503209749 ], [ -96.401470622531789, 15.703964005486505 ], [ -96.401253968415418, 15.703676898200213 ], [ -96.401037314876703, 15.703389790783849 ], [ -96.400801231107891, 15.702980510954861 ], [ -96.400132817750134, 15.701644752906715 ], [ -96.399960892993676, 15.701139699769909 ], [ -96.399826986497757, 15.700118543731785 ], [ -96.399807615235801, 15.699164802510703 ], [ -96.399819253052144, 15.698247260474568 ], [ -96.399851115680249, 15.695735165439073 ], [ -96.39982280836027, 15.694583069830889 ], [ -96.399869396040586, 15.693970067867911 ], [ -96.40053536713063, 15.694104948088679 ], [ -96.402238172072074, 15.69453624571471 ], [ -96.402691080324558, 15.694666394067911 ], [ -96.403108297552635, 15.694758851815315 ], [ -96.40308332451464, 15.695309557214999 ], [ -96.403110379950988, 15.696069751006702 ], [ -96.403086722215249, 15.696281173389959 ], [ -96.4029799493929, 15.69649809619839 ], [ -96.402866081521324, 15.696585097317037 ], [ -96.402406454206997, 15.696800933485441 ], [ -96.402286342195055, 15.696897735696359 ], [ -96.402185447139701, 15.697133643805575 ], [ -96.402161423365882, 15.697373853237188 ], [ -96.402150207206901, 15.698258922479738 ], [ -96.402168136625548, 15.6984996307971 ], [ -96.40226302394899, 15.698737867076153 ], [ -96.402380647951588, 15.69883749626028 ], [ -96.40283467320765, 15.699064195697467 ], [ -96.40295204024163, 15.699184145118785 ], [ -96.402998883727037, 15.699350677624652 ], [ -96.403045727268477, 15.699517210129724 ], [ -96.40306219869251, 15.699873067901382 ], [ -96.403045377201124, 15.70120067238506 ], [ -96.403144598094315, 15.701648969969231 ], [ -96.403384525332797, 15.702031195377666 ], [ -96.40362445339494, 15.702413420645584 ], [ -96.404210742906315, 15.703057194557884 ], [ -96.406466933193059, 15.705297012586927 ], [ -96.407095066359432, 15.705951439790375 ], [ -96.407432601262059, 15.706358532293846 ], [ -96.407770137461526, 15.70676562446379 ], [ -96.408106389526779, 15.70727431903051 ], [ -96.40900049905413, 15.708834042045583 ], [ -96.409300623784162, 15.709296578679595 ], [ -96.409553856832687, 15.709595969732492 ], [ -96.409807090599273, 15.70989536059556 ], [ -96.410230490215099, 15.710288226389471 ], [ -96.41169989753719, 15.711522814171914 ], [ -96.412239070190068, 15.711886564306109 ], [ -96.412762431508511, 15.712118022188839 ], [ -96.413285794170804, 15.71234947898887 ], [ -96.414241942643727, 15.712647033226579 ], [ -96.417657265169751, 15.713572677906695 ], [ -96.418582216712892, 15.713849521862176 ], [ -96.419032764600956, 15.714032683026996 ], [ -96.419483313418652, 15.714215843378886 ], [ -96.419845641056568, 15.714462318493055 ], [ -96.420635408065309, 15.715246214933321 ], [ -96.420860608669585, 15.715552039273177 ], [ -96.420991191655517, 15.71587368176986 ], [ -96.421121774983888, 15.716195324241381 ], [ -96.421269669090165, 15.716808478547463 ], [ -96.421698677839828, 15.719026580490826 ], [ -96.42183646869691, 15.719609129760864 ], [ -96.421943474779923, 15.719859360361763 ], [ -96.422050481084369, 15.720109590944213 ], [ -96.422218421946184, 15.720241986136045 ], [ -96.422788133577754, 15.720359368380514 ], [ -96.423003662561612, 15.72046183952768 ], [ -96.423440115658792, 15.720793868664824 ], [ -96.423847936881714, 15.721178062153308 ], [ -96.425314725182119, 15.72263385197482 ], [ -96.425695881671345, 15.723053294892805 ], [ -96.426007811870718, 15.723554909414103 ], [ -96.425452075856569, 15.723530285353975 ], [ -96.424829825282842, 15.723372205390884 ], [ -96.422436721060194, 15.722901334167942 ], [ -96.421698384233082, 15.722797764468375 ], [ -96.420645908031076, 15.722785322319758 ], [ -96.419880706272295, 15.7228711171869 ], [ -96.417362236929748, 15.723283919847898 ], [ -96.416665089100249, 15.723380670519346 ], [ -96.415930205407705, 15.723419388071433 ], [ -96.415577519852732, 15.723377949702495 ] ] ] ] } },
{ "type": "Feature", "properties": { "fid": 86.0, "cat": 87, "CLAVE_ACUI": "2011", "NOM_ACUIF": "HUATULCO", "VULNERABIL": 4 }, "geometry": { "type": "MultiPolygon", "coordinates": [ [ [ [ -96.287254876843917, 15.713359868716857 ], [ -96.287258220016852, 15.713537858658874 ], [ -96.287267894950546, 15.7137684445786 ], [ -96.287252041402155, 15.713926171618017 ], [ -96.287211187609657, 15.714060558252131 ], [ -96.28715715526296, 15.714192832243707 ], [ -96.287083022871315, 15.714374312189483 ], [ -96.286979334618124, 15.714567259280104 ], [ -96.28686154773537, 15.714752062837555 ], [ -96.286638758301891, 15.714978415146147 ], [ -96.286206066938334, 15.715306651980981 ], [ -96.286007457998792, 15.715517561526729 ], [ -96.285891795204122, 15.715538138328162 ], [ -96.285550644968325, 15.715423253718894 ], [ -96.285457238356344, 15.715347578328881 ], [ -96.285362490898748, 15.715109311399614 ], [ -96.285377583384502, 15.714834114802304 ], [ -96.285397209200809, 15.713772110122934 ], [ -96.285463079152862, 15.713757546112818 ], [ -96.285623156222442, 15.713705557509584 ], [ -96.285740567554043, 15.713660044939834 ], [ -96.285846624757369, 15.713588985264712 ], [ -96.285936495477159, 15.713475658606793 ], [ -96.286032377333029, 15.713427435994207 ], [ -96.28619879578946, 15.71338907421668 ], [ -96.286423158822814, 15.713361625180109 ], [ -96.286681597955891, 15.713334466535064 ], [ -96.286896686151977, 15.713337602599392 ], [ -96.287100072182952, 15.713350421809766 ], [ -96.287254876843917, 15.713359868716857 ] ] ] ] } },
{ "type": "Feature", "properties": { "fid": 87.0, "cat": 90, "CLAVE_ACUI": "2011", "NOM_ACUIF": "HUATULCO", "VULNERABIL": 5 }, "geometry": { "type": "MultiPolygon", "coordinates": [ [ [ [ -96.287752241378072, 15.705136137921846 ], [ -96.287769027227384, 15.7047925675715 ], [ -96.287734809414388, 15.70407579544095 ], [ -96.287541554349104, 15.701417999589893 ], [ -96.287470427873018, 15.700716010478496 ], [ -96.287470406613068, 15.700715915705896 ], [ -96.287331760168726, 15.700097857121621 ], [ -96.287204790029136, 15.699916769962167 ], [ -96.286750930770182, 15.699689849420871 ], [ -96.286653944348345, 15.699620904934825 ], [ -96.286654571984457, 15.699573494977608 ], [ -96.286655199618437, 15.699526085020169 ], [ -96.286753979173625, 15.69945957246655 ], [ -96.287213694654127, 15.699243999781492 ], [ -96.287344877451417, 15.699106762690631 ], [ -96.287421113024664, 15.698894329456666 ], [ -96.287497348407058, 15.698681896167425 ], [ -96.287583980924936, 15.698212181076462 ], [ -96.287835791348542, 15.696445043229394 ], [ -96.287864808408131, 15.695969531923913 ], [ -96.287748415312976, 15.695517617760233 ], [ -96.287553122955728, 15.695347537333189 ], [ -96.286758153349595, 15.695005741325801 ], [ -96.286525686511098, 15.694870761811515 ], [ -96.286282976035579, 15.694629533296705 ], [ -96.286235809292819, 15.694582654430864 ], [ -96.286054166461128, 15.694306052897113 ], [ -96.285496378340127, 15.693303350971679 ], [ -96.285347409070951, 15.692935706233239 ], [ -96.28521000464454, 15.692222733118088 ], [ -96.285162681462296, 15.691571844861306 ], [ -96.285079242490966, 15.689247339327299 ], [ -96.284994206140325, 15.688672189643999 ], [ -96.284680811002687, 15.688312663251827 ], [ -96.284318139732861, 15.68837420324841 ], [ -96.282939063690705, 15.689020910317998 ], [ -96.282538273645756, 15.689188662889082 ], [ -96.282047000456657, 15.689324806563757 ], [ -96.281745972124469, 15.689351545308782 ], [ -96.281289209734723, 15.68934586356896 ], [ -96.280832447175712, 15.689340180867426 ], [ -96.280568796564793, 15.689316578467437 ], [ -96.278554905388106, 15.688408640351224 ], [ -96.278609558585345, 15.688409320889972 ], [ -96.278996092815362, 15.688393811803916 ], [ -96.279658020535436, 15.688307216716828 ], [ -96.280217096981033, 15.688199017827763 ], [ -96.282164189674731, 15.687780674719674 ], [ -96.282676342869422, 15.68765156376055 ], [ -96.283005768321885, 15.687514602077631 ], [ -96.283081060113787, 15.687483918224535 ], [ -96.283188793362157, 15.687390226560723 ], [ -96.283280236034003, 15.687210658396443 ], [ -96.283338132979623, 15.687034250154836 ], [ -96.283498358496331, 15.686546053387895 ], [ -96.284065108264329, 15.68655282872561 ], [ -96.28445614612879, 15.685773683199409 ], [ -96.284794352084859, 15.68592408424419 ], [ -96.285073525295729, 15.686040275787299 ], [ -96.285441493572023, 15.686114703715811 ], [ -96.285904245800126, 15.686159522170133 ], [ -96.286325105415841, 15.68621031557203 ], [ -96.286883832836708, 15.686224827972572 ], [ -96.287558659461908, 15.686195803171488 ], [ -96.288350269838631, 15.68621633958735 ], [ -96.288995387115563, 15.686268365174199 ], [ -96.289800825345651, 15.686319158576095 ], [ -96.290649800777345, 15.686377208178262 ], [ -96.291501084203858, 15.686389366749687 ], [ -96.292124209832409, 15.686425854836473 ], [ -96.292820483488896, 15.686525434865747 ], [ -96.293325095056801, 15.686656502151978 ], [ -96.294623525463606, 15.686993755121597 ], [ -96.295804733407294, 15.687152794849903 ], [ -96.297002487749666, 15.687262446638162 ], [ -96.297650661731581, 15.687290783538666 ], [ -96.299477719663912, 15.687313365241216 ], [ -96.299979612909937, 15.687299243663015 ], [ -96.30049472150813, 15.687210769728031 ], [ -96.300728697391676, 15.6870985007124 ], [ -96.301280114731455, 15.686778926972405 ], [ -96.301652240758386, 15.68652881833747 ], [ -96.303116894674233, 15.686677448575571 ], [ -96.304343812655574, 15.686633973058042 ], [ -96.304159149718174, 15.686871005111788 ], [ -96.303575747322157, 15.687855078454305 ], [ -96.303499221961857, 15.688091226141763 ], [ -96.303506358472333, 15.688213247111442 ], [ -96.303616187847695, 15.688546530646738 ], [ -96.30373390588818, 15.688634352105931 ], [ -96.304173427487328, 15.688710901545468 ], [ -96.304628788500906, 15.688516395333247 ], [ -96.305641748455656, 15.688424108091652 ], [ -96.306572417073653, 15.6885343489945 ], [ -96.30763340916404, 15.688764528286956 ], [ -96.310738662306079, 15.688806930395147 ], [ -96.310884141684198, 15.688808816272916 ], [ -96.312701570528233, 15.688831170644496 ], [ -96.314361902596247, 15.688861740763807 ], [ -96.31617206597376, 15.6889313958961 ], [ -96.317097680460265, 15.689000340524405 ], [ -96.318359077066191, 15.68923710960018 ], [ -96.319688187758544, 15.689331316558784 ], [ -96.320983250960182, 15.689489452491305 ], [ -96.321504229111937, 15.689621159756495 ], [ -96.322640398876672, 15.690077659083789 ], [ -96.323161910590812, 15.690168724419399 ], [ -96.324459459124739, 15.690137195058741 ], [ -96.325791587238498, 15.690001081630744 ], [ -96.330710629412565, 15.689397349645972 ], [ -96.331960564414501, 15.689242738847152 ], [ -96.331814947262757, 15.689648015285124 ], [ -96.331596034404697, 15.690026799336314 ], [ -96.331316705002649, 15.690397881334938 ], [ -96.330194434059976, 15.691259952848634 ], [ -96.328363071898579, 15.692555910701643 ], [ -96.327478854841729, 15.693332594293276 ], [ -96.327029572717308, 15.694002821040424 ], [ -96.326580287441502, 15.694673046368386 ], [ -96.326180837831458, 15.69581129698822 ], [ -96.325215284636073, 15.699782677673602 ], [ -96.324878806653132, 15.700916613566513 ], [ -96.324576481398537, 15.701576776555806 ], [ -96.32427415390994, 15.70223693878706 ], [ -96.323746842736142, 15.702989181168261 ], [ -96.321890690535326, 15.705179308650337 ], [ -96.321407306953333, 15.705779663779667 ], [ -96.321207500017053, 15.706085435264114 ], [ -96.321007692438101, 15.70639120646484 ], [ -96.320920200404501, 15.706664484988275 ], [ -96.320911520072485, 15.707328242740926 ], [ -96.320888152147674, 15.707510857357471 ], [ -96.3208379672446, 15.707605079252836 ], [ -96.320787782289997, 15.707699301128729 ], [ -96.320667764679769, 15.707785891839514 ], [ -96.320208051967825, 15.708001537416745 ], [ -96.320034197406301, 15.708194159257696 ], [ -96.31985839290526, 15.708535787599144 ], [ -96.319682587745845, 15.70887741569784 ], [ -96.319354140584537, 15.709660873853172 ], [ -96.317902085191022, 15.714000740349588 ], [ -96.313255904500394, 15.713840220639552 ], [ -96.304440902258477, 15.71332823509549 ], [ -96.303182503619027, 15.713182708533978 ], [ -96.302414381175552, 15.713094198532577 ], [ -96.301754495669257, 15.713047662018345 ], [ -96.301903527040039, 15.712411780111163 ], [ -96.30198169014902, 15.712317909898402 ], [ -96.302226415972768, 15.712320934962037 ], [ -96.302497861509465, 15.712419126475009 ], [ -96.303339332258176, 15.712542809875574 ], [ -96.3039261821868, 15.712549710900342 ], [ -96.304391247391223, 15.712549930550283 ], [ -96.304554219670706, 15.712485638233746 ], [ -96.304796304806359, 15.71233010319501 ], [ -96.305135958129654, 15.712030595601345 ], [ -96.307219294878195, 15.709954092443446 ], [ -96.307762048313521, 15.709362976212699 ], [ -96.307986816946894, 15.709021964491562 ], [ -96.308211584774682, 15.70868095241195 ], [ -96.308311028588818, 15.708297750419138 ], [ -96.308325564515442, 15.70719149904809 ], [ -96.308361344646812, 15.706863398002943 ], [ -96.308513782904683, 15.7064385111054 ], [ -96.308695771430379, 15.706159630695545 ], [ -96.309392609642174, 15.70528307385691 ], [ -96.309596105303143, 15.704963812936105 ], [ -96.309848916212445, 15.704350487094359 ], [ -96.31000657864864, 15.703793568261727 ], [ -96.31048951931912, 15.701807938157611 ], [ -96.310607092445011, 15.701108268903932 ], [ -96.310672832586988, 15.699828777387237 ], [ -96.310637927505041, 15.698573807863541 ], [ -96.310346616568665, 15.695289514296883 ], [ -96.310385494596773, 15.693925015602616 ], [ -96.310500167126506, 15.692646125663902 ], [ -96.310625108109107, 15.692183638784059 ], [ -96.311093492447782, 15.691304255839354 ], [ -96.311178994888849, 15.691049586166363 ], [ -96.311109624746635, 15.690740511669697 ], [ -96.31092502260762, 15.690553646318378 ], [ -96.31013291879718, 15.68999068115993 ], [ -96.309889905932053, 15.68985898236793 ], [ -96.309578038312807, 15.689778934815955 ], [ -96.30936262946193, 15.689808459710951 ], [ -96.308674565133387, 15.690021273714278 ], [ -96.308500304746659, 15.690112271116121 ], [ -96.308375154435723, 15.690324113039605 ], [ -96.30837062874258, 15.690535747092071 ], [ -96.308414476268467, 15.691368369168632 ], [ -96.308450529316431, 15.691551713222147 ], [ -96.308399368537309, 15.691739765765275 ], [ -96.308289575760284, 15.691827467620707 ], [ -96.307829892992075, 15.692043090953081 ], [ -96.307698993951149, 15.69216002438935 ], [ -96.307547814701721, 15.6924900909932 ], [ -96.30746274317886, 15.692844681288205 ], [ -96.307216919555572, 15.694169368952473 ], [ -96.307126535889395, 15.694528973967003 ], [ -96.306950571426142, 15.694882443444337 ], [ -96.306789577449791, 15.695027794776156 ], [ -96.306214236099663, 15.695352630564051 ], [ -96.306054309230277, 15.695416705656994 ], [ -96.30588332623617, 15.69539088799235 ], [ -96.305798991824929, 15.69528993061728 ], [ -96.305576414706408, 15.694844613886753 ], [ -96.305475882263636, 15.694779020472614 ], [ -96.305229307285046, 15.694918234457241 ], [ -96.304977589140051, 15.695182704684985 ], [ -96.304049473406039, 15.696277681896982 ], [ -96.303767625808604, 15.696440167681882 ], [ -96.303380459762451, 15.696103460566528 ], [ -96.303109214564827, 15.695459964900067 ], [ -96.302230579628556, 15.692793692222589 ], [ -96.301876245231469, 15.692088203798717 ], [ -96.301101311884977, 15.691462196243339 ], [ -96.300348598357417, 15.691273386333023 ], [ -96.297610873215646, 15.691018262006876 ], [ -96.296861468346492, 15.690976816550824 ], [ -96.296101963150974, 15.691038547304206 ], [ -96.295766359675255, 15.691168181201101 ], [ -96.294959712886993, 15.691711408048166 ], [ -96.294749551394958, 15.691873075991818 ], [ -96.29457544676886, 15.692084301661563 ], [ -96.294536887580293, 15.692224384878751 ], [ -96.294531049439854, 15.692666880997946 ], [ -96.294602404441022, 15.692823566641998 ], [ -96.295136793548835, 15.693306621231669 ], [ -96.295353920368939, 15.693368017140763 ], [ -96.296999642211304, 15.694331100093381 ], [ -96.297371709317247, 15.694618518180002 ], [ -96.297633697107528, 15.695167067475371 ], [ -96.297635897190389, 15.695663291629055 ], [ -96.297744725408137, 15.696425586014024 ], [ -96.297730041920531, 15.696743783300397 ], [ -96.297676100841116, 15.697122461108249 ], [ -96.297613725605558, 15.697345232095993 ], [ -96.297376581322922, 15.698006151940955 ], [ -96.297251146467389, 15.698238303518359 ], [ -96.29690292830665, 15.698660757541973 ], [ -96.296530907762971, 15.699032111086396 ], [ -96.295143020212649, 15.700342633610054 ], [ -96.29482289497669, 15.700755270011557 ], [ -96.294721941244077, 15.700986593653946 ], [ -96.294889984978269, 15.701500112406521 ], [ -96.295780217476107, 15.703281411375238 ], [ -96.296011325550836, 15.703785549805749 ], [ -96.296199455629448, 15.704367057066786 ], [ -96.296237429597852, 15.704668970657906 ], [ -96.296225750735758, 15.705553963119636 ], [ -96.296152730544122, 15.705920548793653 ], [ -96.29582364706134, 15.706746288937218 ], [ -96.295426545264306, 15.707559331022551 ], [ -96.293902458774483, 15.710527776739703 ], [ -96.29342210638977, 15.711288975685395 ], [ -96.292704576159409, 15.71187280100078 ], [ -96.292159888510596, 15.711945638428565 ], [ -96.290335549630825, 15.711701714094071 ], [ -96.290006743335809, 15.711686973289027 ], [ -96.289724200285448, 15.711697799264005 ], [ -96.289351750512012, 15.711808815964032 ], [ -96.288947153719974, 15.711994799899752 ], [ -96.288604351772833, 15.712218271182346 ], [ -96.288243687333804, 15.712502226606935 ], [ -96.287916766008564, 15.712749797157997 ], [ -96.287572729452066, 15.713014240214155 ], [ -96.287390143538772, 15.713174459204021 ], [ -96.287254876843917, 15.713359868716857 ], [ -96.287100072182952, 15.713350421809766 ], [ -96.286896686151977, 15.713337602599392 ], [ -96.286681597955891, 15.713334466535064 ], [ -96.286423158822814, 15.713361625180109 ], [ -96.28619879578946, 15.71338907421668 ], [ -96.286032377333029, 15.713427435994207 ], [ -96.285936495477159, 15.713475658606793 ], [ -96.285846624757369, 15.713588985264712 ], [ -96.285740567554043, 15.713660044939834 ], [ -96.285623156222442, 15.713705557509584 ], [ -96.285463079152862, 15.713757546112818 ], [ -96.285397209200809, 15.713772110122934 ], [ -96.285391842254583, 15.713619541853902 ], [ -96.285376814188623, 15.7135192549314 ], [ -96.285335176468763, 15.713432828967521 ], [ -96.285221527026863, 15.713351789518816 ], [ -96.285066868822142, 15.713318866909171 ], [ -96.284937829044736, 15.713318661908811 ], [ -96.284467264684693, 15.713317914341935 ], [ -96.284499802695365, 15.712812808748804 ], [ -96.284497430400407, 15.712548067957353 ], [ -96.284530876173719, 15.712024873352448 ], [ -96.28458388208513, 15.711681930120262 ], [ -96.284654829688279, 15.711445854340676 ], [ -96.284779197292465, 15.711032025292029 ], [ -96.284853902398396, 15.710688772612365 ], [ -96.284872635987085, 15.710298793075502 ], [ -96.284734917538032, 15.709609524003348 ], [ -96.284514031202733, 15.709127519372847 ], [ -96.283620953847574, 15.707567432454722 ], [ -96.28343610548626, 15.707136680342138 ], [ -96.283451327552939, 15.706911636048449 ], [ -96.283466549544656, 15.706686591744313 ], [ -96.2836948884637, 15.706474359917223 ], [ -96.284730023246354, 15.705934029824954 ], [ -96.285041050551058, 15.705814272945403 ], [ -96.285457379522327, 15.705795740632148 ], [ -96.285741108413532, 15.705889022925724 ], [ -96.286648850294284, 15.706342871180203 ], [ -96.286901117257045, 15.706435761142636 ], [ -96.287035867866038, 15.706425581159479 ], [ -96.287170618475557, 15.706415401090918 ], [ -96.287303352889737, 15.706293425467353 ], [ -96.287653277703299, 15.705744565614234 ], [ -96.287735455375653, 15.705479708252447 ], [ -96.287752241378072, 15.705136137921846 ] ], [ [ -96.287696565530041, 15.692192213683487 ], [ -96.287355837984194, 15.691167315103723 ], [ -96.287027301636471, 15.689925788620057 ], [ -96.286364021860294, 15.687207814489257 ], [ -96.2857857289804, 15.686523199068397 ], [ -96.285316668376595, 15.686743184949286 ], [ -96.285868074090843, 15.68945977065148 ], [ -96.286428090919983, 15.690821594536898 ], [ -96.286880793319085, 15.691838851817332 ], [ -96.287094362195347, 15.693313795171434 ], [ -96.287901301186295, 15.694335450057984 ], [ -96.288825961946941, 15.694915972935052 ], [ -96.290103058483098, 15.694931818588355 ], [ -96.290230210487451, 15.694481771721554 ], [ -96.289418840968025, 15.693794270406297 ], [ -96.288152262312167, 15.692983695006482 ], [ -96.287696565530041, 15.692192213683487 ] ] ] ] } },
{ "type": "Feature", "properties": { "fid": 88.0, "cat": 91, "CLAVE_ACUI": "2011", "NOM_ACUIF": "HUATULCO", "VULNERABIL": 3 }, "geometry": { "type": "MultiPolygon", "coordinates": [ [ [ [ -96.298184146057665, 15.713038654769688 ], [ -96.29770666254295, 15.7130530652622 ], [ -96.297191486930615, 15.713141522016462 ], [ -96.296933004987665, 15.713253478914657 ], [ -96.296241930031826, 15.713687486848059 ], [ -96.296009936013121, 15.713779448617336 ], [ -96.295618373949665, 15.713774596801429 ], [ -96.29529099407246, 15.713675703728551 ], [ -96.29415478687261, 15.713219051840849 ], [ -96.293764748131125, 15.713099057862239 ], [ -96.293080771590311, 15.712995739734083 ], [ -96.292493700868818, 15.712968135596885 ], [ -96.290438015695628, 15.712942623933086 ], [ -96.289855787398807, 15.712945555750554 ], [ -96.289543371333679, 15.712964074455551 ], [ -96.289380401097034, 15.712973734642951 ], [ -96.289244229788039, 15.713007541817252 ], [ -96.289098271806409, 15.713078129941342 ], [ -96.289007933015469, 15.713143144942807 ], [ -96.288897705210715, 15.713209758609649 ], [ -96.288808740643717, 15.713241828822506 ], [ -96.288709587976257, 15.713261213661511 ], [ -96.288382691759807, 15.713272359788265 ], [ -96.287924177952831, 15.71328872911624 ], [ -96.287254876843917, 15.713359868716857 ], [ -96.287390143538772, 15.713174459204021 ], [ -96.287572729452066, 15.713014240214155 ], [ -96.287916766008564, 15.712749797157997 ], [ -96.288243687333804, 15.712502226606935 ], [ -96.288604351772833, 15.712218271182346 ], [ -96.288947153719974, 15.711994799899752 ], [ -96.289351750512012, 15.711808815964032 ], [ -96.289724200285448, 15.711697799264005 ], [ -96.290006743335809, 15.711686973289027 ], [ -96.290335549630825, 15.711701714094071 ], [ -96.292159888510596, 15.711945638428565 ], [ -96.292704576159409, 15.71187280100078 ], [ -96.29342210638977, 15.711288975685395 ], [ -96.293902458774483, 15.710527776739703 ], [ -96.295426545264306, 15.707559331022551 ], [ -96.29582364706134, 15.706746288937218 ], [ -96.296152730544122, 15.705920548793653 ], [ -96.296225750735758, 15.705553963119636 ], [ -96.296237429597852, 15.704668970657906 ], [ -96.296199455629448, 15.704367057066786 ], [ -96.296011325550836, 15.703785549805749 ], [ -96.295780217476107, 15.703281411375238 ], [ -96.294889984978269, 15.701500112406521 ], [ -96.294721941244077, 15.700986593653946 ], [ -96.29482289497669, 15.700755270011557 ], [ -96.295143020212649, 15.700342633610054 ], [ -96.296530907762971, 15.699032111086396 ], [ -96.29690292830665, 15.698660757541973 ], [ -96.297077037558779, 15.698449530566942 ], [ -96.297251146467389, 15.698238303518359 ], [ -96.297376581322922, 15.698006151940955 ], [ -96.297613725605558, 15.697345232095993 ], [ -96.297676100841116, 15.697122461108249 ], [ -96.297730041920531, 15.696743783300397 ], [ -96.297744725408137, 15.696425586014024 ], [ -96.297635897190389, 15.695663291629055 ], [ -96.297633697107528, 15.695167067475371 ], [ -96.297371709317247, 15.694618518180002 ], [ -96.296999642211304, 15.694331100093381 ], [ -96.295353920368939, 15.693368017140763 ], [ -96.295136793548835, 15.693306621231669 ], [ -96.294602404441022, 15.692823566641998 ], [ -96.294531049439854, 15.692666880997946 ], [ -96.294536887580293, 15.692224384878751 ], [ -96.29457544676886, 15.692084301661563 ], [ -96.294749551394958, 15.691873075991818 ], [ -96.294959712886993, 15.691711408048166 ], [ -96.295766359675255, 15.691168181201101 ], [ -96.296101963150974, 15.691038547304206 ], [ -96.296861468346492, 15.690976816550824 ], [ -96.297610873215646, 15.691018262006876 ], [ -96.300348598357417, 15.691273386333023 ], [ -96.301101311884977, 15.691462196243339 ], [ -96.301488777948478, 15.691775200275952 ], [ -96.301876245231469, 15.692088203798717 ], [ -96.302230579628556, 15.692793692222589 ], [ -96.303109214564827, 15.695459964900067 ], [ -96.303380459762451, 15.696103460566528 ], [ -96.303574042623552, 15.696271814186263 ], [ -96.303767625808604, 15.696440167681882 ], [ -96.304049473406039, 15.696277681896982 ], [ -96.304977589140051, 15.695182704684985 ], [ -96.305229307285046, 15.694918234457241 ], [ -96.305475882263636, 15.694779020472614 ], [ -96.305576414706408, 15.694844613886753 ], [ -96.305798991824929, 15.69528993061728 ], [ -96.30588332623617, 15.69539088799235 ], [ -96.305968817725116, 15.695403796840582 ], [ -96.306054309230277, 15.695416705656994 ], [ -96.306214236099663, 15.695352630564051 ], [ -96.306789577449791, 15.695027794776156 ], [ -96.306950571426142, 15.694882443444337 ], [ -96.307126535889395, 15.694528973967003 ], [ -96.307216919555572, 15.694169368952473 ], [ -96.30746274317886, 15.692844681288205 ], [ -96.307547814701721, 15.6924900909932 ], [ -96.307698993951149, 15.69216002438935 ], [ -96.307829892992075, 15.692043090953081 ], [ -96.308289575760284, 15.691827467620707 ], [ -96.308399368536172, 15.691739765769476 ], [ -96.308450529316431, 15.691551713222147 ], [ -96.308414476268467, 15.691368369168632 ], [ -96.30837062874258, 15.690535747092071 ], [ -96.308375154435723, 15.690324113039605 ], [ -96.308500304746659, 15.690112271116121 ], [ -96.308674565133387, 15.690021273714278 ], [ -96.30936262946193, 15.689808459710951 ], [ -96.309578038312807, 15.689778934815955 ], [ -96.309889905932053, 15.68985898236793 ], [ -96.31013291879718, 15.68999068115993 ], [ -96.31092502260762, 15.690553646318378 ], [ -96.311109624746635, 15.690740511669697 ], [ -96.311144309800824, 15.690895048917659 ], [ -96.311178994888849, 15.691049586166363 ], [ -96.311093492447782, 15.691304255839354 ], [ -96.310625108109107, 15.692183638784059 ], [ -96.310500167126506, 15.692646125663902 ], [ -96.310385494596773, 15.693925015602616 ], [ -96.310346616568665, 15.695289514296883 ], [ -96.310637927505041, 15.698573807863541 ], [ -96.310672832586988, 15.699828777387237 ], [ -96.310607092445011, 15.701108268903932 ], [ -96.31048951931912, 15.701807938157611 ], [ -96.31000657864864, 15.703793568261727 ], [ -96.309848916212445, 15.704350487094359 ], [ -96.309596105303143, 15.704963812936105 ], [ -96.309392609642174, 15.70528307385691 ], [ -96.308695771430379, 15.706159630695545 ], [ -96.308513782904683, 15.7064385111054 ], [ -96.308361344646812, 15.706863398002943 ], [ -96.308325564515442, 15.70719149904809 ], [ -96.308311028588818, 15.708297750419138 ], [ -96.308211584774682, 15.70868095241195 ], [ -96.307986816946894, 15.709021964491562 ], [ -96.307762048313521, 15.709362976212699 ], [ -96.307219294878195, 15.709954092443446 ], [ -96.305135958129654, 15.712030595601345 ], [ -96.304796304806359, 15.71233010319501 ], [ -96.304554219670706, 15.712485638233746 ], [ -96.304391247391223, 15.712549930550283 ], [ -96.3039261821868, 15.712549710900342 ], [ -96.303339332258176, 15.712542809875574 ], [ -96.302497861509465, 15.712419126475009 ], [ -96.302226415972768, 15.712320934962037 ], [ -96.30198169014902, 15.712317909898402 ], [ -96.301903527040039, 15.712411780111163 ], [ -96.301754495669257, 15.713047662018345 ], [ -96.30149327245951, 15.713050886996244 ], [ -96.301363676938678, 15.713056664856646 ], [ -96.301109446089953, 15.713067999433214 ], [ -96.300783752578781, 15.713070023902235 ], [ -96.300591785231774, 15.713068446928418 ], [ -96.298798094042709, 15.713046252746636 ], [ -96.298184146057665, 15.713038654769688 ] ] ] ] } },
{ "type": "Feature", "properties": { "fid": 91.0, "cat": 88, "CLAVE_ACUI": "2011", "NOM_ACUIF": "HUATULCO", "VULNERABIL": 5 }, "geometry": { "type": "MultiPolygon", "coordinates": [ [ [ [ -96.249566358321957, 15.711387650143674 ], [ -96.249426215650601, 15.71088801134262 ], [ -96.249298936607559, 15.710732303907813 ], [ -96.248845110795969, 15.710505307535129 ], [ -96.248706867110968, 15.710385023974357 ], [ -96.248515555383193, 15.710050697495133 ], [ -96.248380496782062, 15.709693371837542 ], [ -96.24794153736363, 15.708360178560014 ], [ -96.247895419906811, 15.708019215075835 ], [ -96.248119161508143, 15.707761245297654 ], [ -96.248484909778881, 15.707733679987628 ], [ -96.249967995967921, 15.707863005905409 ], [ -96.250384955247952, 15.707927528593295 ], [ -96.250847677416914, 15.708099313974516 ], [ -96.251091749853998, 15.708280199440626 ], [ -96.251768034520651, 15.708952545892302 ], [ -96.251985957865998, 15.709128021058099 ], [ -96.252295319773879, 15.709264004290816 ], [ -96.25259542091041, 15.709308424349441 ], [ -96.253509013181144, 15.709319920960594 ], [ -96.2537626695689, 15.70930787123301 ], [ -96.254032806573491, 15.709240144653736 ], [ -96.254165060088539, 15.709155442296609 ], [ -96.254512105558533, 15.708827890981675 ], [ -96.254592192703626, 15.70872221078295 ], [ -96.254618887876276, 15.70855658827808 ], [ -96.254576936800774, 15.708425664934678 ], [ -96.254354470493709, 15.707980311790804 ], [ -96.254328863818543, 15.707803870818285 ], [ -96.254431831498522, 15.707425832737309 ], [ -96.254604534247846, 15.707062219098464 ], [ -96.255307506882573, 15.70574339126501 ], [ -96.255410746072613, 15.705605825945456 ], [ -96.255373240517102, 15.705143041898346 ], [ -96.255137703387589, 15.705107905398359 ], [ -96.25410844925527, 15.705205602643412 ], [ -96.253825106161685, 15.705215586696283 ], [ -96.253532092751925, 15.70516448451861 ], [ -96.253396845330954, 15.705081497614627 ], [ -96.253058704653029, 15.704745327582559 ], [ -96.253018525598719, 15.704612733008499 ], [ -96.253169163069145, 15.704330128470311 ], [ -96.253424537892897, 15.704059001924783 ], [ -96.254465643836852, 15.7030763453229 ], [ -96.254815673690146, 15.702786085268968 ], [ -96.255408045229188, 15.702414197794809 ], [ -96.255904260382763, 15.702173189524283 ], [ -96.257627554193235, 15.701420363404209 ], [ -96.25807105666145, 15.701199008988052 ], [ -96.258417447055635, 15.700918856926746 ], [ -96.258468788630339, 15.700739994987877 ], [ -96.258361993011746, 15.700185458440041 ], [ -96.258297567026574, 15.700035625483705 ], [ -96.258103708019561, 15.699890941480337 ], [ -96.257891192627071, 15.699834082847996 ], [ -96.257093313827269, 15.699713424964488 ], [ -96.256881070995988, 15.699636247374086 ], [ -96.256688482646865, 15.699396744788356 ], [ -96.256625599194848, 15.699131775983822 ], [ -96.256524731272222, 15.698134757562281 ], [ -96.256461712176815, 15.697879947800782 ], [ -96.256268491107022, 15.697687853913283 ], [ -96.256055480077066, 15.697668243662845 ], [ -96.255254649275301, 15.697768821256982 ], [ -96.255047358121132, 15.697713719378299 ], [ -96.254880830684471, 15.697356001518438 ], [ -96.254850225348932, 15.696900078036128 ], [ -96.254873925754438, 15.695130152810659 ], [ -96.254896026635237, 15.694654570126376 ], [ -96.254975465192828, 15.69420510962544 ], [ -96.255066848072161, 15.694038605856571 ], [ -96.255413862590899, 15.693711048382712 ], [ -96.255588188070888, 15.69361671128004 ], [ -96.256054692914972, 15.693504028733454 ], [ -96.256546802934324, 15.693437389923146 ], [ -96.258376811142469, 15.693239082346427 ], [ -96.258869056456675, 15.69316227902851 ], [ -96.259336193282039, 15.693002180106781 ], [ -96.259511286230563, 15.692850271517555 ], [ -96.25986124895195, 15.692301463831548 ], [ -96.259900419101726, 15.692117367929418 ], [ -96.259733251917723, 15.691807061909305 ], [ -96.259183577069322, 15.691385270433299 ], [ -96.258978671874573, 15.691282786150401 ], [ -96.258591918084349, 15.690922308187343 ], [ -96.258325206593213, 15.690648573238306 ], [ -96.25800037950583, 15.690363383622365 ], [ -96.257614580102668, 15.689931791179756 ], [ -96.257388264982978, 15.689600420349565 ], [ -96.257008952824535, 15.688945372351645 ], [ -96.256661020159044, 15.688558283997269 ], [ -96.256272690034805, 15.688316325323465 ], [ -96.256065864243737, 15.688357758554661 ], [ -96.256729392790916, 15.687759266338706 ], [ -96.257028138966248, 15.687510690820668 ], [ -96.258294549570834, 15.686752105727452 ], [ -96.258739153930819, 15.686576482159349 ], [ -96.259574714575251, 15.686377327478196 ], [ -96.260381464775449, 15.68632755921997 ], [ -96.262887676284166, 15.68680151597464 ], [ -96.263728700005828, 15.686917041092952 ], [ -96.264376135518589, 15.687087836054342 ], [ -96.265023642607133, 15.68725864778199 ], [ -96.266209130489187, 15.687236222588012 ], [ -96.270159839135559, 15.687402608998424 ], [ -96.271324358607529, 15.687379894109901 ], [ -96.272674000910527, 15.687501735017184 ], [ -96.273696287169329, 15.687427253369187 ], [ -96.275579770482352, 15.687689665867609 ], [ -96.276118107377059, 15.687826773633731 ], [ -96.27658081782414, 15.687998500910052 ], [ -96.276703495175568, 15.688106718815209 ], [ -96.277071314379256, 15.688359678876694 ], [ -96.276388068575486, 15.689130166228541 ], [ -96.275455444442372, 15.690556869464453 ], [ -96.275106820435184, 15.691008068286678 ], [ -96.274391361785788, 15.69170193867167 ], [ -96.273769329211873, 15.69220560879528 ], [ -96.271461949257244, 15.693947052584297 ], [ -96.270871093867953, 15.694471423336294 ], [ -96.270646132092821, 15.694824242309288 ], [ -96.270421169478723, 15.695177060917091 ], [ -96.270369277904976, 15.695660745579886 ], [ -96.270577044378186, 15.697212304044402 ], [ -96.270683001306622, 15.697657317660084 ], [ -96.270826350774342, 15.697919903468861 ], [ -96.270969700568799, 15.698182489236254 ], [ -96.271273314520059, 15.698487720481154 ], [ -96.27240348579501, 15.699386958843762 ], [ -96.272685588265077, 15.699732563408068 ], [ -96.272778738773638, 15.700089356196953 ], [ -96.272871889508551, 15.700446148987281 ], [ -96.272855930485747, 15.701119952536745 ], [ -96.272595146559766, 15.703550782441884 ], [ -96.272479890766675, 15.704197943238514 ], [ -96.272341355566979, 15.704492570569862 ], [ -96.27220281991147, 15.704787197742879 ], [ -96.271922260673776, 15.70498182889283 ], [ -96.27089005468963, 15.7053008501909 ], [ -96.270569167317177, 15.705373045302487 ], [ -96.270336533874087, 15.705381991375155 ], [ -96.270103900452597, 15.705390937196386 ], [ -96.269760121213523, 15.705344301925814 ], [ -96.268621087085705, 15.705108776017374 ], [ -96.268271591164208, 15.705097629835805 ], [ -96.268025616527765, 15.705189386490551 ], [ -96.267779641710689, 15.70528114283208 ], [ -96.267426351813199, 15.705554450288759 ], [ -96.266269608052284, 15.706646367875102 ], [ -96.265884715325555, 15.706929437232782 ], [ -96.265565007702818, 15.707043975719365 ], [ -96.265245299790649, 15.707158513679147 ], [ -96.264716742606282, 15.707202695994503 ], [ -96.262889560474605, 15.707179795707862 ], [ -96.262387562209696, 15.70719890334315 ], [ -96.262129823012543, 15.707254942363907 ], [ -96.261872083723276, 15.707310981057237 ], [ -96.261637683811415, 15.707451985177986 ], [ -96.261059294399757, 15.707997926244543 ], [ -96.260908387070657, 15.708170459152186 ], [ -96.260845465543767, 15.708300066002783 ], [ -96.260782543926297, 15.708429672821156 ], [ -96.260753675482704, 15.708627445266711 ], [ -96.260744799186725, 15.709291169727802 ], [ -96.260721378117694, 15.709473769363569 ], [ -96.260671167196151, 15.709567972949477 ], [ -96.260620956222951, 15.709662176515735 ], [ -96.260500917418952, 15.709748729894141 ], [ -96.260041157842082, 15.709964237870848 ], [ -96.259910291100113, 15.710076056806873 ], [ -96.259834815321653, 15.710229213978719 ], [ -96.259759339415126, 15.710382371104537 ], [ -96.259674560712256, 15.710708144037437 ], [ -96.259429876283576, 15.711922103018411 ], [ -96.259234837405572, 15.712256651770163 ], [ -96.259036395106833, 15.71253703675267 ], [ -96.258484375484059, 15.712667550659724 ], [ -96.257813672266707, 15.712765465014938 ], [ -96.254952708960658, 15.713172054700214 ], [ -96.254129206009338, 15.71330733183658 ], [ -96.253147157778258, 15.713532056468006 ], [ -96.252567734477978, 15.713717815858731 ], [ -96.25084580281775, 15.714359961953118 ], [ -96.25019031457208, 15.714438069025698 ], [ -96.249985798461537, 15.714522422016291 ], [ -96.249839455803425, 15.71405036462555 ], [ -96.249639283058102, 15.711945712475108 ], [ -96.249566358321957, 15.711387650143674 ] ] ] ] } },
{ "type": "Feature", "properties": { "fid": 92.0, "cat": 89, "CLAVE_ACUI": "2011", "NOM_ACUIF": "HUATULCO", "VULNERABIL": 3 }, "geometry": { "type": "MultiPolygon", "coordinates": [ [ [ [ -96.271993082756424, 15.712790750607548 ], [ -96.27096462633024, 15.712825310133708 ], [ -96.27010670687531, 15.712919575899285 ], [ -96.267131535819331, 15.713324900456202 ], [ -96.266273886271932, 15.713398832334454 ], [ -96.266245738932056, 15.713397180419181 ], [ -96.266231934305068, 15.71339830683088 ], [ -96.265246696707322, 15.713338546132121 ], [ -96.264636933675177, 15.71317849273769 ], [ -96.262287607809611, 15.712322626068651 ], [ -96.261628138111845, 15.712219519124719 ], [ -96.261217000154375, 15.712241455658397 ], [ -96.260295244777083, 15.712391868914661 ], [ -96.25954572939321, 15.712469497931604 ], [ -96.259036395106833, 15.71253703675267 ], [ -96.259234837405572, 15.712256651770163 ], [ -96.259429876283576, 15.711922103018411 ], [ -96.259674560712256, 15.710708144037437 ], [ -96.259759339415126, 15.710382371104537 ], [ -96.259834815321653, 15.710229213978719 ], [ -96.259910291100113, 15.710076056806873 ], [ -96.260041157842082, 15.709964237870848 ], [ -96.260500917418952, 15.709748729894141 ], [ -96.260620956222951, 15.709662176515735 ], [ -96.260671167196151, 15.709567972949477 ], [ -96.260721378117694, 15.709473769363569 ], [ -96.260744799186725, 15.709291169727802 ], [ -96.260753675482704, 15.708627445266711 ], [ -96.260782543926297, 15.708429672821156 ], [ -96.260845465543767, 15.708300066002783 ], [ -96.260908387070657, 15.708170459152186 ], [ -96.261059294399757, 15.707997926244543 ], [ -96.261637683811415, 15.707451985177986 ], [ -96.261872083723276, 15.707310981057237 ], [ -96.262129823012543, 15.707254942363907 ], [ -96.262387562209696, 15.70719890334315 ], [ -96.262889560474605, 15.707179795707862 ], [ -96.264716742606282, 15.707202695994503 ], [ -96.265245299790649, 15.707158513679147 ], [ -96.265565007702818, 15.707043975719365 ], [ -96.265884715325569, 15.706929437232782 ], [ -96.266269608052284, 15.706646367875102 ], [ -96.267426351813199, 15.705554450288759 ], [ -96.267779641710689, 15.70528114283208 ], [ -96.268025616527765, 15.705189386490551 ], [ -96.268271584312259, 15.705097632391809 ], [ -96.268621087085705, 15.705108776017374 ], [ -96.269760121213523, 15.705344301925814 ], [ -96.270103900452597, 15.705390937196386 ], [ -96.270336533874087, 15.705381991375155 ], [ -96.270569167317177, 15.705373045302487 ], [ -96.27089005468963, 15.7053008501909 ], [ -96.271922260673776, 15.70498182889283 ], [ -96.27220281991147, 15.704787197742879 ], [ -96.272341355566979, 15.704492570569862 ], [ -96.272479890766675, 15.704197943238514 ], [ -96.272595146559766, 15.703550782441884 ], [ -96.272855930485747, 15.701119952536745 ], [ -96.272871889508551, 15.700446148987281 ], [ -96.272685588265077, 15.699732563408068 ], [ -96.27240348579501, 15.699386958843762 ], [ -96.271273314520059, 15.698487720481154 ], [ -96.270969700568799, 15.698182489236254 ], [ -96.270683001306622, 15.697657317660084 ], [ -96.270577044378186, 15.697212304044402 ], [ -96.270369277904976, 15.695660745579886 ], [ -96.270421169478723, 15.695177060917091 ], [ -96.270646132092821, 15.694824242309288 ], [ -96.270871093867953, 15.694471423336294 ], [ -96.271461949257244, 15.693947052584297 ], [ -96.273769329211873, 15.69220560879528 ], [ -96.274391361785788, 15.69170193867167 ], [ -96.275106820435184, 15.691008068286678 ], [ -96.275455444442372, 15.690556869464453 ], [ -96.276388068575486, 15.689130166228541 ], [ -96.277071314379256, 15.688359678876694 ], [ -96.277467660745245, 15.688395099198809 ], [ -96.278554905380815, 15.688408640351897 ], [ -96.280568796564793, 15.689316578467437 ], [ -96.280832447175712, 15.689340180867426 ], [ -96.281289209734723, 15.68934586356896 ], [ -96.281745972124469, 15.689351545308782 ], [ -96.282047000456657, 15.689324806563757 ], [ -96.282538273645756, 15.689188662889082 ], [ -96.282939063690705, 15.689020910317998 ], [ -96.284318139732861, 15.68837420324841 ], [ -96.284680811002687, 15.688312663251827 ], [ -96.284837508437803, 15.68849242648373 ], [ -96.284994206140325, 15.688672189643999 ], [ -96.285079242490966, 15.689247339327299 ], [ -96.285162681462296, 15.691571844861306 ], [ -96.28521000464454, 15.692222733118088 ], [ -96.285347409070951, 15.692935706233239 ], [ -96.285496378340127, 15.693303350971679 ], [ -96.286054166461128, 15.694306052897113 ], [ -96.286235809514977, 15.694582654769162 ], [ -96.286525686511098, 15.694870761811515 ], [ -96.286758153349595, 15.695005741325801 ], [ -96.287553122955728, 15.695347537333189 ], [ -96.287748415312976, 15.695517617760233 ], [ -96.287864808408131, 15.695969531923913 ], [ -96.287835791348542, 15.696445043229394 ], [ -96.287583980924936, 15.698212181076462 ], [ -96.287497348407058, 15.698681896167425 ], [ -96.287421113024664, 15.698894329456666 ], [ -96.287344877451417, 15.699106762690631 ], [ -96.287213694654127, 15.699243999781492 ], [ -96.286753979173625, 15.69945957246655 ], [ -96.286655199618437, 15.699526085020169 ], [ -96.286654571984457, 15.699573494977608 ], [ -96.286653944348345, 15.699620904934825 ], [ -96.286750930770182, 15.699689849420871 ], [ -96.287204790029136, 15.699916769962167 ], [ -96.287331760168726, 15.700097857121621 ], [ -96.287401093953562, 15.700406933798424 ], [ -96.287470427873018, 15.700716010478496 ], [ -96.287541554349104, 15.701417999589893 ], [ -96.287734809414388, 15.70407579544095 ], [ -96.287769027227384, 15.7047925675715 ], [ -96.287752241378072, 15.705136137921846 ], [ -96.287735455375653, 15.705479708252447 ], [ -96.287653277703299, 15.705744565614234 ], [ -96.287303352889737, 15.706293425467353 ], [ -96.287170618475542, 15.706415401090918 ], [ -96.287035867866038, 15.706425581159479 ], [ -96.286901117257045, 15.706435761142636 ], [ -96.286648850294284, 15.706342871180203 ], [ -96.285741108413532, 15.705889022925724 ], [ -96.285457379522327, 15.705795740632148 ], [ -96.285041050551058, 15.705814272945403 ], [ -96.284730023246354, 15.705934029824954 ], [ -96.2836948884637, 15.706474359917223 ], [ -96.283466549544656, 15.706686591744313 ], [ -96.283451327552939, 15.706911636048449 ], [ -96.28343610548626, 15.707136680342138 ], [ -96.283620953847574, 15.707567432454722 ], [ -96.284514031202733, 15.709127519372847 ], [ -96.284734917538032, 15.709609524003348 ], [ -96.284803776693536, 15.709954158536798 ], [ -96.284872635987085, 15.710298793075502 ], [ -96.284853902398396, 15.710688772612365 ], [ -96.284779197292465, 15.711032025292029 ], [ -96.284654829688279, 15.711445854340676 ], [ -96.28458388208513, 15.711681930120262 ], [ -96.284530876173719, 15.712024873352448 ], [ -96.284497430400407, 15.712548067957353 ], [ -96.284499802695365, 15.712812808748804 ], [ -96.284495873479258, 15.712873804150489 ], [ -96.284467264684693, 15.713317914341935 ], [ -96.282744214592924, 15.713298565771494 ], [ -96.27961059846983, 15.713259527996358 ], [ -96.278617455249801, 15.713267468049247 ], [ -96.277637306359807, 15.713350078710645 ], [ -96.277230236024963, 15.713460157039393 ], [ -96.276310721335719, 15.713891245261095 ], [ -96.27606124149483, 15.713982966180245 ], [ -96.275816519008757, 15.713979911485582 ], [ -96.275716395533408, 15.713883826963297 ], [ -96.275493875614345, 15.713438487332205 ], [ -96.275352205794675, 15.713311401469229 ], [ -96.27491359984046, 15.713163673318238 ], [ -96.274428690062308, 15.713079718157255 ], [ -96.272604387433773, 15.712835647177871 ], [ -96.271993082756424, 15.712790750607548 ] ] ] ] } },
{ "type": "Feature", "properties": { "fid": 93.0, "cat": 94, "CLAVE_ACUI": "2011", "NOM_ACUIF": "HUATULCO", "VULNERABIL": 4 }, "geometry": { "type": "MultiPolygon", "coordinates": [ [ [ [ -96.224964310725184, 15.698231299277934 ], [ -96.225004748738911, 15.698085069922231 ], [ -96.22587451833391, 15.698132750295562 ], [ -96.226919765823411, 15.697694082071603 ], [ -96.226935023869203, 15.696790999898209 ], [ -96.226988989416085, 15.696846118393944 ], [ -96.227117186347826, 15.696966383861911 ], [ -96.22756945674071, 15.697304034767219 ], [ -96.227686864810522, 15.697412210344714 ], [ -96.227782497882771, 15.697579379218306 ], [ -96.227801708390146, 15.697710016355618 ], [ -96.227795724151861, 15.698152487455495 ], [ -96.227757119431402, 15.698292551329342 ], [ -96.227670033860633, 15.698398131455329 ], [ -96.227582948196641, 15.698503711531156 ], [ -96.227372736654189, 15.69866530488337 ], [ -96.22656591847948, 15.699208244867961 ], [ -96.226319482439649, 15.69933381520158 ], [ -96.226005591530964, 15.699406032541278 ], [ -96.225791045137726, 15.69937113258278 ], [ -96.225108895471379, 15.699141193895708 ], [ -96.224936916185698, 15.699061111722809 ], [ -96.224816494824893, 15.698917334725978 ], [ -96.224816443454316, 15.69879202128528 ], [ -96.224936624579826, 15.698351002149835 ], [ -96.224964310725184, 15.698231299277934 ] ] ] ] } },
{ "type": "Feature", "properties": { "fid": 94.0, "cat": 96, "CLAVE_ACUI": "2011", "NOM_ACUIF": "HUATULCO", "VULNERABIL": 3 }, "geometry": { "type": "MultiPolygon", "coordinates": [ [ [ [ -96.415451653192065, 15.695337661607061 ], [ -96.415315558472031, 15.695454606635971 ], [ -96.415179463599429, 15.695571551555492 ], [ -96.414875213231156, 15.695713605031667 ], [ -96.413727565722738, 15.696142627457865 ], [ -96.413345420084042, 15.696222785333982 ], [ -96.413027572004566, 15.696195310900253 ], [ -96.412709724084095, 15.696167836016306 ], [ -96.412183733596351, 15.69600917874739 ], [ -96.410364815581588, 15.695323720455059 ], [ -96.409749936151201, 15.695143680622589 ], [ -96.409224672589005, 15.695066320022836 ], [ -96.408699409622159, 15.694988958218088 ], [ -96.40781353652585, 15.694947964369049 ], [ -96.404729992082892, 15.69491135871723 ], [ -96.403849366818605, 15.694870411236822 ], [ -96.403108297552635, 15.694758851815315 ], [ -96.402691080324558, 15.694666394067911 ], [ -96.402238172072074, 15.69453624571471 ], [ -96.40053536713063, 15.694104948088679 ], [ -96.399869396040586, 15.693970067867911 ], [ -96.399311035029882, 15.693794053328432 ], [ -96.398744423654989, 15.693589857352695 ], [ -96.398115561497633, 15.693433674179676 ], [ -96.39658392385455, 15.693180664888301 ], [ -96.395881969475653, 15.692975840309451 ], [ -96.394932977414555, 15.692537736381309 ], [ -96.394220529365626, 15.692058415597904 ], [ -96.391844787409383, 15.69025967932734 ], [ -96.391205641047577, 15.68979138718082 ], [ -96.39040371187518, 15.689158568543498 ], [ -96.391130634402018, 15.689212365572009 ], [ -96.391893589065646, 15.68907695014344 ], [ -96.393533943925561, 15.689493682043578 ], [ -96.400461580961078, 15.691699406915838 ], [ -96.400850688228985, 15.691947349077987 ], [ -96.402399488303217, 15.69228206903405 ], [ -96.403253998251188, 15.692644445164788 ], [ -96.4068780374608, 15.693364427312856 ], [ -96.415163733089145, 15.694158786800616 ], [ -96.415499218186568, 15.694084948544479 ], [ -96.415536245258451, 15.695145586950716 ], [ -96.415451653192065, 15.695337661607061 ] ] ] ] } },
{ "type": "Feature", "properties": { "fid": 95.0, "cat": 97, "CLAVE_ACUI": "2011", "NOM_ACUIF": "HUATULCO", "VULNERABIL": 4 }, "geometry": { "type": "MultiPolygon", "coordinates": [ ] } },
{ "type": "Feature", "properties": { "fid": 96.0, "cat": 98, "CLAVE_ACUI": "2011", "NOM_ACUIF": "HUATULCO", "VULNERABIL": 4 }, "geometry": { "type": "MultiPolygon", "coordinates": [ [ [ [ -96.238533356542291, 15.68918288254736 ], [ -96.238576821032495, 15.689336433863076 ], [ -96.23862320490008, 15.689526684584061 ], [ -96.238630271905521, 15.689780788997384 ], [ -96.238616866779381, 15.690776358809508 ], [ -96.23856074033975, 15.69104998583021 ], [ -96.238312222237994, 15.691331341934051 ], [ -96.238037184584599, 15.691478741328879 ], [ -96.237297601713735, 15.691757321927419 ], [ -96.236936286094618, 15.691865126566848 ], [ -96.236601346753659, 15.691916726186101 ], [ -96.236218569783276, 15.691958222406859 ], [ -96.235911995201491, 15.691948957994226 ], [ -96.236212555101375, 15.69171580194854 ], [ -96.236630268070584, 15.691283777891128 ], [ -96.237363689923811, 15.690525228580512 ], [ -96.237990239335744, 15.689877213222907 ], [ -96.23845564128213, 15.689368930998855 ], [ -96.238533356542291, 15.68918288254736 ] ] ] ] } },
{ "type": "Feature", "properties": { "fid": 97.0, "cat": 86, "CLAVE_ACUI": "2011", "NOM_ACUIF": "HUATULCO", "VULNERABIL": 3 }, "geometry": { "type": "MultiPolygon", "coordinates": [ [ [ [ -96.323746842736142, 15.702989181168261 ], [ -96.32427415390994, 15.70223693878706 ], [ -96.324576481398537, 15.701576776555806 ], [ -96.324878806653132, 15.700916613566513 ], [ -96.325215284636073, 15.699782677673602 ], [ -96.326180837831458, 15.69581129698822 ], [ -96.326580287441502, 15.694673046368386 ], [ -96.327029572717308, 15.694002821040424 ], [ -96.327478854841729, 15.693332594293276 ], [ -96.328363071898579, 15.692555910701643 ], [ -96.330194434059976, 15.691259952848634 ], [ -96.331316705002649, 15.690397881334938 ], [ -96.331596034404697, 15.690026799336314 ], [ -96.331814947262757, 15.689648015285124 ], [ -96.331960564414501, 15.689242738847152 ], [ -96.331960913646583, 15.689242694940338 ], [ -96.332205969137689, 15.689212382645094 ], [ -96.334265184399342, 15.688952993067922 ], [ -96.335711580735975, 15.688767404101664 ], [ -96.340402209356, 15.68816066029185 ], [ -96.341747523056384, 15.688085574453357 ], [ -96.342541278560859, 15.688213776031294 ], [ -96.343335035521562, 15.688341974875202 ], [ -96.344257600243324, 15.688783351403448 ], [ -96.346975417127268, 15.690586698537746 ], [ -96.347766250159211, 15.69107727032892 ], [ -96.348252604283857, 15.691320271733749 ], [ -96.348738959693449, 15.6915632722281 ], [ -96.349337709467648, 15.69176698957666 ], [ -96.351159168856114, 15.692231662382198 ], [ -96.351670156573306, 15.692327615171939 ], [ -96.351951728363545, 15.692319172583261 ], [ -96.352233300190179, 15.692310729627703 ], [ -96.352526802539188, 15.692190655205199 ], [ -96.35333333401725, 15.691647192110549 ], [ -96.353575511219091, 15.6914401222488 ], [ -96.353737326590249, 15.691228691772675 ], [ -96.353899141611208, 15.691017261121468 ], [ -96.354119293147036, 15.690620243642533 ], [ -96.354823030705234, 15.689190354562312 ], [ -96.355278274271726, 15.688543713196783 ], [ -96.355688760477932, 15.688088466663826 ], [ -96.356143286733143, 15.687633647237345 ], [ -96.357713187900629, 15.686896050693584 ], [ -96.358616904065798, 15.685676965316972 ], [ -96.359956272320602, 15.683870198639267 ], [ -96.361733957119881, 15.682537031027451 ], [ -96.363122536203022, 15.683005258376523 ], [ -96.364869703092523, 15.682691513891971 ], [ -96.366960202125071, 15.683729055020601 ], [ -96.367768935887838, 15.684307903689534 ], [ -96.367715529368198, 15.68500214195018 ], [ -96.367524791261715, 15.685315884687693 ], [ -96.368211452506813, 15.686227548733038 ], [ -96.36877368220668, 15.686783557533039 ], [ -96.367455690081002, 15.689359255725615 ], [ -96.367206479278764, 15.689706826452952 ], [ -96.367054504236833, 15.689833708263398 ], [ -96.366594867730427, 15.690049465687018 ], [ -96.36648549504929, 15.690126052745933 ], [ -96.366434726173566, 15.690267702262693 ], [ -96.366471571983894, 15.690393471713449 ], [ -96.36669428854006, 15.690838746257272 ], [ -96.366731004110719, 15.690974675649914 ], [ -96.366679626296204, 15.691163738311454 ], [ -96.366569513690777, 15.691297898368212 ], [ -96.366107031560205, 15.691734915201282 ], [ -96.365975290270441, 15.691919621744796 ], [ -96.365822980448286, 15.692344569437351 ], [ -96.36574022958186, 15.692751710765501 ], [ -96.365564293773517, 15.693066305495085 ], [ -96.365411981903833, 15.693491252599475 ], [ -96.365376906757987, 15.693771964836444 ], [ -96.365365534635217, 15.694657008255266 ], [ -96.365388338261241, 15.69492317610697 ], [ -96.365506127938602, 15.695280249371088 ], [ -96.365651595545273, 15.695524186140224 ], [ -96.36621265695203, 15.696305483964492 ], [ -96.366390112056379, 15.696509160016188 ], [ -96.366395465280888, 15.696513028713511 ], [ -96.366745211077202, 15.696765784902432 ], [ -96.36703730948922, 15.69689124383418 ], [ -96.368060874603472, 15.697235521177552 ], [ -96.368352844305193, 15.697371138527981 ], [ -96.368691802549165, 15.697659744519482 ], [ -96.3688840589531, 15.697936421644 ], [ -96.369266217957716, 15.698764108696333 ], [ -96.369520492209915, 15.699112663168494 ], [ -96.369810510090332, 15.699400678635831 ], [ -96.369826046785434, 15.699416108028309 ], [ -96.369970546498237, 15.699463574891691 ], [ -96.370427364804144, 15.699469074868933 ], [ -96.370594014130745, 15.699425354098471 ], [ -96.370754453241915, 15.699320589165175 ], [ -96.37091489219938, 15.699215824087856 ], [ -96.371206639548404, 15.698960215958403 ], [ -96.372247243436419, 15.697976904391442 ], [ -96.372545338337417, 15.6976349970657 ], [ -96.372720593773835, 15.69732887092067 ], [ -96.372895848634528, 15.69702274454708 ], [ -96.373098482536122, 15.696490005584657 ], [ -96.373693590362336, 15.694616141329782 ], [ -96.373890259256683, 15.694139217851758 ], [ -96.374051603302846, 15.693963329498384 ], [ -96.374212947066667, 15.693787440980826 ], [ -96.374477261653595, 15.693761826076527 ], [ -96.375388044205593, 15.693994065007161 ], [ -96.375697669381282, 15.694116335878133 ], [ -96.375964736383551, 15.694285515984284 ], [ -96.376231803857536, 15.694454695828631 ], [ -96.376685228970132, 15.694815796039641 ], [ -96.378267090098134, 15.696162565919277 ], [ -96.378762734976604, 15.696503846254705 ], [ -96.379128303059375, 15.696626784269316 ], [ -96.379493871668714, 15.696749721737147 ], [ -96.380042706533615, 15.696759691675236 ], [ -96.381872797263526, 15.696560334246747 ], [ -96.382440089062499, 15.696357125069992 ], [ -96.383257357132265, 15.695608180219111 ], [ -96.383857587331406, 15.694741467469283 ], [ -96.385843498999463, 15.691277531650305 ], [ -96.386885412917721, 15.689406621595605 ], [ -96.387080959274272, 15.689274908712393 ], [ -96.387216243494322, 15.689183786203193 ], [ -96.387861861684726, 15.688748921372104 ], [ -96.38823140268984, 15.688500012048985 ], [ -96.389391095193318, 15.689083628276142 ], [ -96.389572573518478, 15.689097058860932 ], [ -96.389617634175025, 15.689378774574523 ], [ -96.389651383990682, 15.689782502426517 ], [ -96.389678266136343, 15.691821171483813 ], [ -96.389626956043898, 15.693181216976068 ], [ -96.388478009212918, 15.701579093106432 ], [ -96.388238997766351, 15.703871077650572 ], [ -96.387911771230193, 15.70649903387849 ], [ -96.387683320062962, 15.707961273022596 ], [ -96.386944422910929, 15.712157095693531 ], [ -96.386736223656342, 15.713263916235425 ], [ -96.386503549138013, 15.714233260883121 ], [ -96.386379358606618, 15.714511218845436 ], [ -96.386032478405539, 15.714839011313032 ], [ -96.385836808739185, 15.714963688048829 ], [ -96.385270563762631, 15.715217719765251 ], [ -96.384634662827565, 15.71549519003049 ], [ -96.384241983433924, 15.715712345801268 ], [ -96.383675734923727, 15.715966372742569 ], [ -96.383259488108322, 15.716112112560737 ], [ -96.38188324950606, 15.716538199982212 ], [ -96.381420644217386, 15.716617329275151 ], [ -96.380638061392531, 15.716560516036401 ], [ -96.379982692518126, 15.716400224311215 ], [ -96.377706898176314, 15.715708998135744 ], [ -96.377104501540771, 15.71550868864942 ], [ -96.376836801092637, 15.715386919248957 ], [ -96.376569101004961, 15.715265149567086 ], [ -96.376406638727573, 15.715117547269704 ], [ -96.376183881609336, 15.714672276256099 ], [ -96.376073214061606, 15.714576104368565 ], [ -96.375779522153209, 15.714572573059279 ], [ -96.375470629562713, 15.714663699845817 ], [ -96.374322820255742, 15.715092485606768 ], [ -96.373961220861418, 15.715203299002098 ], [ -96.373691394756435, 15.715247472521803 ], [ -96.373421568587688, 15.715291645689499 ], [ -96.373012236474622, 15.715307041747758 ], [ -96.371641673361324, 15.715290538974829 ], [ -96.3711700599153, 15.715254373738897 ], [ -96.370754909914368, 15.715178241649525 ], [ -96.370339760346738, 15.715102108816147 ], [ -96.369625232649113, 15.714920751750963 ], [ -96.367121081510632, 15.71422666959597 ], [ -96.366342974622512, 15.714095343067848 ], [ -96.365215947378317, 15.714176580382496 ], [ -96.364384012811456, 15.714423959484213 ], [ -96.361628664049832, 15.7154971377038 ], [ -96.360807079713425, 15.715754788331168 ], [ -96.360267731217093, 15.715819394976396 ], [ -96.359728382594824, 15.715884000234256 ], [ -96.359008973185567, 15.7158109389951 ], [ -96.356730435320756, 15.715340764514449 ], [ -96.356321694817254, 15.715226044138754 ], [ -96.356069007195003, 15.715155122811634 ], [ -96.355896885355023, 15.715136988606655 ], [ -96.355644129259289, 15.715174359720502 ], [ -96.355445723626516, 15.715252557817502 ], [ -96.355337880396945, 15.715324691088661 ], [ -96.355142265997216, 15.715463754729191 ], [ -96.354983609508935, 15.715558394529264 ], [ -96.354162880142638, 15.716073975855426 ], [ -96.352740196877704, 15.717080803957368 ], [ -96.35221827555506, 15.71741995906306 ], [ -96.351922745383362, 15.717558632315749 ], [ -96.351627214861068, 15.7176973051044 ], [ -96.351304765051069, 15.717754359496796 ], [ -96.350391061258151, 15.717743266096805 ], [ -96.350080546897729, 15.717688688296073 ], [ -96.3498128653235, 15.71756688775209 ], [ -96.349545184110255, 15.717445086927199 ], [ -96.349090895469701, 15.717151662486719 ], [ -96.347506254849549, 15.716025945055632 ], [ -96.346967798870224, 15.715751816669862 ], [ -96.346503716694372, 15.715675044530361 ], [ -96.346039635024667, 15.715598271455887 ], [ -96.345252141328473, 15.715653048008601 ], [ -96.34250533006356, 15.716062197348434 ], [ -96.34167574866072, 15.716126609330271 ], [ -96.341113466383888, 15.716072339310257 ], [ -96.340551184642052, 15.716018067885393 ], [ -96.339774247795873, 15.715798597311133 ], [ -96.33727312129497, 15.714882930788672 ], [ -96.336208020069961, 15.71463960982612 ], [ -96.334973340862831, 15.71452969700692 ], [ -96.333738664127836, 15.714419777397888 ], [ -96.33127611651382, 15.7143490327033 ], [ -96.322253621015861, 15.714238513858621 ], [ -96.317902085191022, 15.714000740349588 ], [ -96.319354140584537, 15.709660873853172 ], [ -96.319682587745845, 15.70887741569784 ], [ -96.31985839290526, 15.708535787599144 ], [ -96.320034197406301, 15.708194159257696 ], [ -96.320208051967825, 15.708001537416745 ], [ -96.320667764679769, 15.707785891839514 ], [ -96.320787782289997, 15.707699301128729 ], [ -96.3208379672446, 15.707605079252836 ], [ -96.320888152147674, 15.707510857357471 ], [ -96.320911520072485, 15.707328242740926 ], [ -96.320920200404501, 15.706664484988275 ], [ -96.321007692438101, 15.70639120646484 ], [ -96.321207500017053, 15.706085435264114 ], [ -96.321407306953333, 15.705779663779667 ], [ -96.321890690535326, 15.705179308650337 ], [ -96.323746842736142, 15.702989181168261 ] ] ] ] } },
{ "type": "Feature", "properties": { "fid": 98.0, "cat": 99, "CLAVE_ACUI": "2011", "NOM_ACUIF": "HUATULCO", "VULNERABIL": 4 }, "geometry": { "type": "MultiPolygon", "coordinates": [ [ [ [ -96.324459459124739, 15.690137195058741 ], [ -96.323161910590812, 15.690168724419399 ], [ -96.322640398876672, 15.690077659083789 ], [ -96.321504229111937, 15.689621159756495 ], [ -96.320983250960182, 15.689489452491305 ], [ -96.319688187758544, 15.689331316558784 ], [ -96.318359077066191, 15.68923710960018 ], [ -96.317097680460265, 15.689000340524405 ], [ -96.31617206597376, 15.6889313958961 ], [ -96.314361902596247, 15.688861740763807 ], [ -96.312701570528233, 15.688831170644496 ], [ -96.311042927535667, 15.688810769338609 ], [ -96.31096180552845, 15.688514237915149 ], [ -96.310887370430081, 15.688304097860328 ], [ -96.31077615800659, 15.688117414356999 ], [ -96.310641684682594, 15.687942136930184 ], [ -96.31037710613667, 15.687722110511945 ], [ -96.309359531711792, 15.686935083005087 ], [ -96.309068072078304, 15.686765530056402 ], [ -96.308725496688595, 15.686761312311123 ], [ -96.308527562201192, 15.686924839981426 ], [ -96.307946440475504, 15.687692185797216 ], [ -96.307795029467741, 15.687907091135182 ], [ -96.307669569073028, 15.688142638205257 ], [ -96.307641751194822, 15.688264228808052 ], [ -96.30763340916404, 15.688764528286956 ], [ -96.306572417073653, 15.6885343489945 ], [ -96.305641748455656, 15.688424108091652 ], [ -96.304628788500906, 15.688516395333247 ], [ -96.304173427487328, 15.688710901545468 ], [ -96.30373390588818, 15.688634352105931 ], [ -96.303616187847695, 15.688546530646738 ], [ -96.303506358472333, 15.688213247111442 ], [ -96.303499221961857, 15.688091226141763 ], [ -96.303575747322157, 15.687855078454305 ], [ -96.304159149718174, 15.686871005111788 ], [ -96.304343812655574, 15.686633973058042 ], [ -96.305504153554708, 15.686592856681994 ], [ -96.306557030771543, 15.685928179155317 ], [ -96.30749546534625, 15.685488557819028 ], [ -96.307861683434624, 15.684932594368464 ], [ -96.308205012316236, 15.684305109835082 ], [ -96.309128188248508, 15.684262195418762 ], [ -96.309639368403523, 15.684485342648646 ], [ -96.310379435043501, 15.684512043982462 ], [ -96.313202372397939, 15.686236193066208 ], [ -96.316826410122033, 15.686451707368708 ], [ -96.320778520287547, 15.687530252452996 ], [ -96.325539361592519, 15.687741951656355 ], [ -96.328324149234732, 15.688228296034323 ], [ -96.329666950544677, 15.688334147246238 ], [ -96.33004842848537, 15.688398039381147 ], [ -96.33053672025089, 15.688481004111731 ], [ -96.332405960065316, 15.688169166854658 ], [ -96.335099191669045, 15.687524514333525 ], [ -96.339119964651786, 15.685550507627564 ], [ -96.340478025227512, 15.685784143944955 ], [ -96.341042613552801, 15.686693900769408 ], [ -96.345551677755182, 15.685854707033902 ], [ -96.346421447922921, 15.686388734891745 ], [ -96.346863963773046, 15.687667544262153 ], [ -96.347192036180445, 15.689252467740285 ], [ -96.349854751710424, 15.690413978637267 ], [ -96.352189394832124, 15.689990566953419 ], [ -96.355370915583492, 15.687996535234552 ], [ -96.356143286733143, 15.687633647237345 ], [ -96.355688760477932, 15.688088466663826 ], [ -96.355278274271726, 15.688543713196783 ], [ -96.354823030705234, 15.689190354562312 ], [ -96.354119293147036, 15.690620243642533 ], [ -96.353899141611208, 15.691017261121468 ], [ -96.353737326590249, 15.691228691772675 ], [ -96.353575511219091, 15.6914401222488 ], [ -96.35333333401725, 15.691647192110549 ], [ -96.352526802539188, 15.692190655205199 ], [ -96.352233300190179, 15.692310729627703 ], [ -96.351951728363545, 15.692319172583261 ], [ -96.351670156573306, 15.692327615171939 ], [ -96.351159168856114, 15.692231662382198 ], [ -96.349337709467648, 15.69176698957666 ], [ -96.348738959693449, 15.6915632722281 ], [ -96.347766250159211, 15.69107727032892 ], [ -96.346975417127268, 15.690586698537746 ], [ -96.344257600243324, 15.688783351403448 ], [ -96.343335035521562, 15.688341974875202 ], [ -96.341747523056384, 15.688085574453357 ], [ -96.340402209356, 15.68816066029185 ], [ -96.335711580735975, 15.688767404101664 ], [ -96.334265184399342, 15.688952993067922 ], [ -96.332205969137689, 15.689212382645094 ], [ -96.330710629412565, 15.689397349645972 ], [ -96.325791587238498, 15.690001081630744 ], [ -96.324459459124739, 15.690137195058741 ] ] ] ] } },
{ "type": "Feature", "properties": { "fid": 99.0, "cat": 101, "CLAVE_ACUI": "2011", "NOM_ACUIF": "HUATULCO", "VULNERABIL": 3 }, "geometry": { "type": "MultiPolygon", "coordinates": [ [ [ [ -96.307946440475504, 15.687692185797216 ], [ -96.308527562201192, 15.686924839981426 ], [ -96.308725496688595, 15.686761312311123 ], [ -96.309068072078304, 15.686765530056402 ], [ -96.309359531711792, 15.686935083005087 ], [ -96.31037710613667, 15.687722110511945 ], [ -96.310641684682594, 15.687942136930184 ], [ -96.31077615800659, 15.688117414356999 ], [ -96.310887370430081, 15.688304097860328 ], [ -96.31096180552845, 15.688514237915149 ], [ -96.311042927535667, 15.688810769338609 ], [ -96.310884141684198, 15.688808816272916 ], [ -96.310738662306079, 15.688806930395147 ], [ -96.30763340916404, 15.688764528286956 ], [ -96.307641751194822, 15.688264228808052 ], [ -96.307669569073028, 15.688142638205257 ], [ -96.307795029467741, 15.687907091135182 ], [ -96.307946440475504, 15.687692185797216 ] ] ] ] } },
{ "type": "Feature", "properties": { "fid": 100.0, "cat": 100, "CLAVE_ACUI": "2011", "NOM_ACUIF": "HUATULCO", "VULNERABIL": 4 }, "geometry": { "type": "MultiPolygon", "coordinates": [ [ [ [ -96.278609558585345, 15.688409320889972 ], [ -96.278554905388106, 15.688408640351224 ], [ -96.278554905388063, 15.688408640351224 ], [ -96.278554905380815, 15.688408640351897 ], [ -96.277467660745245, 15.688395099198809 ], [ -96.277071314379256, 15.688359678876694 ], [ -96.276703495175568, 15.688106718815209 ], [ -96.27658081782414, 15.687998500910052 ], [ -96.276118107377059, 15.687826773633731 ], [ -96.275579770482352, 15.687689665867609 ], [ -96.273696287169329, 15.687427253369187 ], [ -96.272674000910527, 15.687501735017184 ], [ -96.271324358607529, 15.687379894109901 ], [ -96.270159839135559, 15.687402608998424 ], [ -96.266209130489187, 15.687236222588012 ], [ -96.265023642607133, 15.68725864778199 ], [ -96.263728700005828, 15.686917041092952 ], [ -96.262887676284166, 15.68680151597464 ], [ -96.260381464775449, 15.68632755921997 ], [ -96.259574714575251, 15.686377327478196 ], [ -96.258739153930819, 15.686576482159349 ], [ -96.258294549570834, 15.686752105727452 ], [ -96.257028138966248, 15.687510690820668 ], [ -96.256729392790916, 15.687759266338706 ], [ -96.256065864243737, 15.688357758554661 ], [ -96.255489005317372, 15.688793071467911 ], [ -96.255244524100561, 15.688905156028849 ], [ -96.254680471961933, 15.68899290464055 ], [ -96.25411916475305, 15.689006174272166 ], [ -96.252063785713716, 15.68898033983788 ], [ -96.251424782905971, 15.688921500662801 ], [ -96.250498148267312, 15.688672761809444 ], [ -96.249813388659192, 15.688376259743606 ], [ -96.24754449377572, 15.687241312523994 ], [ -96.246891067513886, 15.686955357827173 ], [ -96.246110623975738, 15.686755860183851 ], [ -96.245649129258652, 15.686756818837118 ], [ -96.244275928806573, 15.686960786230188 ], [ -96.243882254915434, 15.686987997764978 ], [ -96.243418311637868, 15.686911022483057 ], [ -96.243149209745653, 15.686773846643556 ], [ -96.242357346662956, 15.686210667237553 ], [ -96.242151642841975, 15.686038728022153 ], [ -96.241983552201759, 15.685799525715126 ], [ -96.241949126264799, 15.685629747469907 ], [ -96.241952748616896, 15.68536030889657 ], [ -96.241978166868506, 15.68516180422308 ], [ -96.242049155225416, 15.684880218423 ], [ -96.242667148961786, 15.684915501675031 ], [ -96.244414317659178, 15.685352260329012 ], [ -96.246268298545971, 15.685186326813161 ], [ -96.248656349566531, 15.68520730423478 ], [ -96.250281444222026, 15.685454290899283 ], [ -96.253775779731853, 15.68549720039711 ], [ -96.255416133201436, 15.684732391588712 ], [ -96.256469010822215, 15.684402436668123 ], [ -96.257994920876143, 15.683970443228223 ], [ -96.260909410521293, 15.683671956350988 ], [ -96.261756291536358, 15.684179282981754 ], [ -96.262854946961824, 15.684238406366836 ], [ -96.265349811547694, 15.684820114662497 ], [ -96.26834059724014, 15.685680280092592 ], [ -96.270087765443179, 15.685702211454238 ], [ -96.271720490102553, 15.685948244875458 ], [ -96.273582101355686, 15.686088425325403 ], [ -96.278877012040056, 15.686596701127382 ], [ -96.280274473046802, 15.686508504801958 ], [ -96.28231031095649, 15.68653185060607 ], [ -96.283498358496331, 15.686546053387895 ], [ -96.283338132979623, 15.687034250154836 ], [ -96.283280236034003, 15.687210658396443 ], [ -96.283188793362157, 15.687390226560723 ], [ -96.283081060113787, 15.687483918224535 ], [ -96.283005768321885, 15.687514602077631 ], [ -96.282676342869422, 15.68765156376055 ], [ -96.282164189674731, 15.687780674719674 ], [ -96.280217096981033, 15.688199017827763 ], [ -96.279658020535436, 15.688307216716828 ], [ -96.278996092815362, 15.688393811803916 ], [ -96.278609558585345, 15.688409320889972 ] ] ] ] } },
{ "type": "Feature", "properties": { "fid": 103.0, "cat": 104, "CLAVE_ACUI": "2011", "NOM_ACUIF": "HUATULCO", "VULNERABIL": 4 }, "geometry": { "type": "MultiPolygon", "coordinates": [ [ [ [ -96.30049472150813, 15.687210769728031 ], [ -96.299979612909937, 15.687299243663015 ], [ -96.299477719663912, 15.687313365241216 ], [ -96.297650661731581, 15.687290783538666 ], [ -96.297002487749666, 15.687262446638162 ], [ -96.295804733407294, 15.687152794849903 ], [ -96.294623525463606, 15.686993755121597 ], [ -96.293325095056801, 15.686656502151978 ], [ -96.292820483488896, 15.686525434865747 ], [ -96.292124209832409, 15.686425854836473 ], [ -96.291988821520519, 15.68641792696407 ], [ -96.291501084203858, 15.686389366749687 ], [ -96.290649800777345, 15.686377208178262 ], [ -96.289800825345651, 15.686319158576095 ], [ -96.288995387115563, 15.686268365174199 ], [ -96.288967105954228, 15.686035831180954 ], [ -96.288928387672101, 15.685811529336373 ], [ -96.288879248058976, 15.685661513051157 ], [ -96.288820331284015, 15.685551815397437 ], [ -96.288719843113597, 15.685442338844599 ], [ -96.288585913182828, 15.685346670845842 ], [ -96.288433706172796, 15.685217268200176 ], [ -96.288291591501988, 15.685033218052734 ], [ -96.288210801022828, 15.684855852115501 ], [ -96.2881491378471, 15.684655417535893 ], [ -96.289777840434695, 15.684839363147768 ], [ -96.291633623731784, 15.685048955246835 ], [ -96.295730694516337, 15.685686924862281 ], [ -96.297355789025531, 15.685814708171987 ], [ -96.299453917403312, 15.686292471547347 ], [ -96.301652240758386, 15.68652881833747 ], [ -96.301280114731455, 15.686778926972405 ], [ -96.300728697391676, 15.6870985007124 ], [ -96.30049472150813, 15.687210769728031 ] ] ] ] } },
{ "type": "Feature", "properties": { "fid": 104.0, "cat": 106, "CLAVE_ACUI": "2011", "NOM_ACUIF": "HUATULCO", "VULNERABIL": 3 }, "geometry": { "type": "MultiPolygon", "coordinates": [ [ [ [ -96.286325105415841, 15.68621031557203 ], [ -96.285904245800126, 15.686159522170133 ], [ -96.285441493572023, 15.686114703715811 ], [ -96.285073525295729, 15.686040275787299 ], [ -96.284794352084859, 15.68592408424419 ], [ -96.28445614612879, 15.685773683199409 ], [ -96.284568175252133, 15.685550464431648 ], [ -96.284713618650613, 15.685260667500096 ], [ -96.28589619836707, 15.684236473328635 ], [ -96.286964335830135, 15.684521606038556 ], [ -96.2881491378471, 15.684655417535893 ], [ -96.288210801022828, 15.684855852115501 ], [ -96.288291591501988, 15.685033218052734 ], [ -96.288433706172796, 15.685217268200176 ], [ -96.288585913182828, 15.685346670845842 ], [ -96.288719843113597, 15.685442338844599 ], [ -96.288820331284015, 15.685551815397437 ], [ -96.288879248058976, 15.685661513051157 ], [ -96.288928387672101, 15.685811529336373 ], [ -96.288967105954228, 15.686035831180954 ], [ -96.288995387115563, 15.686268365174199 ], [ -96.288350269838631, 15.68621633958735 ], [ -96.287558659461908, 15.686195803171488 ], [ -96.286883832836708, 15.686224827972572 ], [ -96.286325105415841, 15.68621031557203 ] ] ] ] } },
{ "type": "Feature", "properties": { "fid": 105.0, "cat": 105, "CLAVE_ACUI": "2011", "NOM_ACUIF": "HUATULCO", "VULNERABIL": 4 }, "geometry": { "type": "MultiPolygon", "coordinates": [ ] } },
{ "type": "Feature", "properties": { "fid": 106.0, "cat": 107, "CLAVE_ACUI": "2011", "NOM_ACUIF": "HUATULCO", "VULNERABIL": 4 }, "geometry": { "type": "MultiPolygon", "coordinates": [ ] } },
{ "type": "Feature", "properties": { "fid": 107.0, "cat": 95, "CLAVE_ACUI": "2011", "NOM_ACUIF": "HUATULCO", "VULNERABIL": 4 }, "geometry": { "type": "MultiPolygon", "coordinates": [ [ [ [ -96.382440089062499, 15.696357125069992 ], [ -96.381872797263526, 15.696560334246747 ], [ -96.380042706533615, 15.696759691675236 ], [ -96.379493871668714, 15.696749721737147 ], [ -96.378762734976604, 15.696503846254705 ], [ -96.378267090098134, 15.696162565919277 ], [ -96.376685228970132, 15.694815796039641 ], [ -96.376231803857536, 15.694454695828631 ], [ -96.375697669381282, 15.694116335878133 ], [ -96.375388044205593, 15.693994065007161 ], [ -96.374477261653595, 15.693761826076527 ], [ -96.374212947066667, 15.693787440980826 ], [ -96.374051603302846, 15.693963329498384 ], [ -96.373890259256683, 15.694139217851758 ], [ -96.373693590362336, 15.694616141329782 ], [ -96.373098482536122, 15.696490005584657 ], [ -96.372895848634528, 15.69702274454708 ], [ -96.372720593773835, 15.69732887092067 ], [ -96.372545338337417, 15.6976349970657 ], [ -96.372247243436419, 15.697976904391442 ], [ -96.371206639548404, 15.698960215958403 ], [ -96.37091489219938, 15.699215824087856 ], [ -96.370754453241915, 15.699320589165175 ], [ -96.370594014130745, 15.699425354098471 ], [ -96.370427364804144, 15.699469074868933 ], [ -96.369970546498237, 15.699463574891691 ], [ -96.369826046785434, 15.699416108028309 ], [ -96.369810510090332, 15.699400678635831 ], [ -96.369520492209915, 15.699112663168494 ], [ -96.369266217957716, 15.698764108696333 ], [ -96.3688840589531, 15.697936421644 ], [ -96.368691802549165, 15.697659744519482 ], [ -96.368352844305193, 15.697371138527981 ], [ -96.368060874603472, 15.697235521177552 ], [ -96.36703730948922, 15.69689124383418 ], [ -96.366745211077202, 15.696765784902432 ], [ -96.366390112056379, 15.696509160016188 ], [ -96.36621265695203, 15.696305483964492 ], [ -96.365651595545273, 15.695524186140224 ], [ -96.365506127938602, 15.695280249371088 ], [ -96.365388338261241, 15.69492317610697 ], [ -96.365365534635217, 15.694657008255266 ], [ -96.365376906757987, 15.693771964836444 ], [ -96.365411981903833, 15.693491252599475 ], [ -96.365564293773517, 15.693066305495085 ], [ -96.365740229574115, 15.692751710803623 ], [ -96.365822980448286, 15.692344569437351 ], [ -96.365975290270441, 15.691919621744796 ], [ -96.366107031560205, 15.691734915201282 ], [ -96.366569513690777, 15.691297898368212 ], [ -96.366679626296204, 15.691163738311454 ], [ -96.366731004110719, 15.690974675649914 ], [ -96.36669428854006, 15.690838746257272 ], [ -96.366471571983894, 15.690393471713449 ], [ -96.366434726173566, 15.690267702262693 ], [ -96.36648549504929, 15.690126052745933 ], [ -96.366594867730427, 15.690049465687018 ], [ -96.367054504236833, 15.689833708263398 ], [ -96.367206479278764, 15.689706826452952 ], [ -96.367455690081002, 15.689359255725615 ], [ -96.36877368220668, 15.686783557533039 ], [ -96.368905742590272, 15.686914156708832 ], [ -96.370294321943234, 15.687607440119372 ], [ -96.37202623065987, 15.688080435935683 ], [ -96.373887842170504, 15.688445671529189 ], [ -96.375749453811238, 15.68891962043025 ], [ -96.376802333129476, 15.689266738347683 ], [ -96.379121717042537, 15.689520399525003 ], [ -96.380632368502717, 15.689538517309961 ], [ -96.382158279846294, 15.689447920870435 ], [ -96.384668403131755, 15.689694906516408 ], [ -96.38658342055281, 15.68961003262198 ], [ -96.386885412917721, 15.689406621595605 ], [ -96.385843498999463, 15.691277531650305 ], [ -96.383857587331406, 15.694741467469283 ], [ -96.383257357132265, 15.695608180219111 ], [ -96.382440089062499, 15.696357125069992 ] ] ] ] } },
{ "type": "Feature", "properties": { "fid": 75.0, "cat": 77, "CLAVE_ACUI": "2011", "NOM_ACUIF": "HUATULCO", "VULNERABIL": 2 }, "geometry": { "type": "MultiPolygon", "coordinates": [ [ [ [ -96.423440115658792, 15.720793868664824 ], [ -96.423003662561612, 15.72046183952768 ], [ -96.422788133577754, 15.720359368380514 ], [ -96.422218421946184, 15.720241986136045 ], [ -96.422050481084369, 15.720109590944213 ], [ -96.42183646869691, 15.719609129760864 ], [ -96.421698677839828, 15.719026580490826 ], [ -96.421269669090165, 15.716808478547463 ], [ -96.421121774983888, 15.716195324241381 ], [ -96.420860608669585, 15.715552039273177 ], [ -96.420635408065309, 15.715246214933321 ], [ -96.419845641056568, 15.714462318493055 ], [ -96.419483313418652, 15.714215843378886 ], [ -96.418582216712892, 15.713849521862176 ], [ -96.417657265169751, 15.713572677906695 ], [ -96.414241942643727, 15.712647033226579 ], [ -96.413285794170804, 15.71234947898887 ], [ -96.412239070190068, 15.711886564306109 ], [ -96.41169989753719, 15.711522814171914 ], [ -96.410230490215099, 15.710288226389471 ], [ -96.409807090599273, 15.70989536059556 ], [ -96.409300623784162, 15.709296578679595 ], [ -96.40900049905413, 15.708834042045583 ], [ -96.408106389526779, 15.70727431903051 ], [ -96.407770137461526, 15.70676562446379 ], [ -96.407095066359446, 15.705951439790375 ], [ -96.406466933193059, 15.705297012586927 ], [ -96.404210742906315, 15.703057194557884 ], [ -96.40362445339494, 15.702413420645584 ], [ -96.403144598094315, 15.701648969969231 ], [ -96.403045377201124, 15.70120067238506 ], [ -96.40306219869251, 15.699873067901382 ], [ -96.403045727268477, 15.699517210129724 ], [ -96.40295204024163, 15.699184145118785 ], [ -96.40283467320765, 15.699064195697467 ], [ -96.402380647951588, 15.69883749626028 ], [ -96.40226302394899, 15.698737867076153 ], [ -96.402168136625548, 15.6984996307971 ], [ -96.402150207206901, 15.698258922479738 ], [ -96.402161423365882, 15.697373853237188 ], [ -96.402185447139701, 15.697133643805575 ], [ -96.402286342195055, 15.696897735696359 ], [ -96.402406454206997, 15.696800933485441 ], [ -96.402866081521324, 15.696585097317037 ], [ -96.4029799493929, 15.69649809619839 ], [ -96.403086722215249, 15.696281173389959 ], [ -96.403110379950988, 15.696069751006702 ], [ -96.40308332451464, 15.695309557214999 ], [ -96.403108297552635, 15.694758851815315 ], [ -96.403849366818605, 15.694870411236822 ], [ -96.404729992082892, 15.69491135871723 ], [ -96.40781353652585, 15.694947964369049 ], [ -96.408699409622159, 15.694988958218088 ], [ -96.409224672589005, 15.695066320022836 ], [ -96.409749936151201, 15.695143680622589 ], [ -96.410364815581588, 15.695323720455059 ], [ -96.412183733596351, 15.69600917874739 ], [ -96.412709724084095, 15.696167836016306 ], [ -96.413027572004566, 15.696195310900253 ], [ -96.413345420084042, 15.696222785333982 ], [ -96.413727565722738, 15.696142627457865 ], [ -96.414875213231156, 15.695713605031667 ], [ -96.415179463599429, 15.695571551555492 ], [ -96.415315558472031, 15.695454606635971 ], [ -96.415451653192065, 15.695337661607061 ], [ -96.415536245258451, 15.695145586950716 ], [ -96.415499218186568, 15.694084948544479 ], [ -96.416567570351233, 15.693849810646009 ], [ -96.417177934755273, 15.693703905348926 ], [ -96.417818816358178, 15.693449287608708 ], [ -96.418474958061992, 15.693267144190814 ], [ -96.418932732176671, 15.693832642622622 ], [ -96.418909845228967, 15.695639760164946 ], [ -96.420878270397907, 15.695888653774672 ], [ -96.421465745907554, 15.69593156649594 ], [ -96.422045592255685, 15.695929658479692 ], [ -96.422633067678134, 15.695900095961854 ], [ -96.423800389383118, 15.695814267874328 ], [ -96.424448901113038, 15.695659780755886 ], [ -96.425082153846603, 15.695603516025107 ], [ -96.425776443517861, 15.695945866388708 ], [ -96.426348660119487, 15.696160430866751 ], [ -96.426936136647669, 15.696302520088528 ], [ -96.427531240678007, 15.695858130275646 ], [ -96.427889829235369, 15.694958862450836 ], [ -96.428347601309952, 15.694576458893435 ], [ -96.428423896836435, 15.694538314275935 ], [ -96.429484404274461, 15.694066268545777 ], [ -96.429995583763528, 15.693737268351155 ], [ -96.430598318156797, 15.692841814075694 ], [ -96.43164356630507, 15.692971506279189 ], [ -96.431864824592012, 15.693534144384461 ], [ -96.431384164288488, 15.694657513378228 ], [ -96.431498608156232, 15.69545378944448 ], [ -96.4323073413657, 15.695572037746512 ], [ -96.433131332387063, 15.695355564329466 ], [ -96.433833251389771, 15.69513718368899 ], [ -96.434306282371637, 15.694583127475353 ], [ -96.43431391169284, 15.694013813795587 ], [ -96.435023459804015, 15.693796387277109 ], [ -96.435496492152637, 15.693630456187963 ], [ -96.436419667673235, 15.69325282005879 ], [ -96.436991883512817, 15.692835131534464 ], [ -96.437594617646766, 15.692471800528919 ], [ -96.438174463928519, 15.692415535858061 ], [ -96.438304165954065, 15.692417443072907 ], [ -96.43934178569711, 15.692384065322525 ], [ -96.440013185713369, 15.692283933932568 ], [ -96.440631179124651, 15.692056016579997 ], [ -96.441104210732931, 15.691275951974843 ], [ -96.441188135474533, 15.690580759549203 ], [ -96.441355984042616, 15.689923712459418 ], [ -96.441798497725287, 15.689395404313235 ], [ -96.442302047921984, 15.688913824205361 ], [ -96.443126038398717, 15.68824628633625 ], [ -96.442782707951906, 15.687564445026226 ], [ -96.442904779922031, 15.686779612866724 ], [ -96.4433854403552, 15.685764956288123 ], [ -96.444087359357681, 15.685547528880244 ], [ -96.444201803355369, 15.686451564117046 ], [ -96.444064472553521, 15.687470988261902 ], [ -96.444415432593701, 15.687809525186717 ], [ -96.445109722274125, 15.688160457324479 ], [ -96.445758234056271, 15.688050790052655 ], [ -96.446391487361282, 15.687723696183417 ], [ -96.447558807663796, 15.687223042610313 ], [ -96.448123394546471, 15.686931232757438 ], [ -96.448680351400327, 15.686621304328396 ], [ -96.449206789993127, 15.686284674672381 ], [ -96.449756117619827, 15.685875568852902 ], [ -96.450267296945228, 15.685412107322524 ], [ -96.450732699781753, 15.684911454544169 ], [ -96.451167583456737, 15.684383146408718 ], [ -96.45157194887058, 15.683828136147117 ], [ -96.452289125767393, 15.682598914181661 ], [ -96.452853711206544, 15.681856040778701 ], [ -96.453586148251944, 15.681485080183627 ], [ -96.456149678884103, 15.68174064842762 ], [ -96.45687448648907, 15.681839824107024 ], [ -96.457538257819152, 15.682090626546282 ], [ -96.458232547902469, 15.682776281278818 ], [ -96.458728469179789, 15.683197782414759 ], [ -96.459262538649213, 15.683583046338175 ], [ -96.460315416932559, 15.683821450937307 ], [ -96.461116520676725, 15.684390763696037 ], [ -96.461940513008486, 15.684517594654775 ], [ -96.46283913915083, 15.708660459625762 ], [ -96.470547464953583, 15.716069451036807 ], [ -96.485287869804878, 15.730237460672468 ], [ -96.481936345224625, 15.733169145880254 ], [ -96.481293269812383, 15.7337003182861 ], [ -96.480596259525058, 15.734208846768826 ], [ -96.480256195105412, 15.73441663048259 ], [ -96.479336868585889, 15.734848625764212 ], [ -96.479013728356776, 15.734960061425291 ], [ -96.478817508620452, 15.734989408111439 ], [ -96.478425069059455, 15.735048100928294 ], [ -96.477907267780822, 15.735062435382419 ], [ -96.476079522955402, 15.735041281728989 ], [ -96.475529497177902, 15.735116210828602 ], [ -96.475283149019106, 15.735239821251502 ], [ -96.474790451902535, 15.735487041126301 ], [ -96.474284696984327, 15.735941869532834 ], [ -96.472663536932501, 15.737693563610005 ], [ -96.472199735825328, 15.738148872187356 ], [ -96.472018659670525, 15.738273235116893 ], [ -96.471656506734391, 15.738521960423242 ], [ -96.471344267898331, 15.738599635741561 ], [ -96.47043038398408, 15.738589031010418 ], [ -96.470118270583967, 15.738656543747664 ], [ -96.469937388535129, 15.738765099097716 ], [ -96.469575623903978, 15.73898220925931 ], [ -96.469112526374772, 15.739379932300107 ], [ -96.467494037547198, 15.740910299039802 ], [ -96.466967984964612, 15.741307284678212 ], [ -96.466689181913182, 15.741414698513285 ], [ -96.466131575071472, 15.741629524979869 ], [ -96.465462757968766, 15.741692882177741 ], [ -96.463178025371761, 15.741666296483697 ], [ -96.462520078170954, 15.741699284590325 ], [ -96.46225818130975, 15.741759465879088 ], [ -96.461734387264158, 15.741879827442142 ], [ -96.461269918029245, 15.742104758438369 ], [ -96.459888079768433, 15.742973889000305 ], [ -96.459454953609239, 15.743209342990395 ], [ -96.459241816671607, 15.743285896513214 ], [ -96.458815542401581, 15.743439002860535 ], [ -96.458335224514258, 15.743531634304661 ], [ -96.456733152142036, 15.743734248331899 ], [ -96.456178889295941, 15.743866660046914 ], [ -96.455194400456449, 15.74428197173223 ], [ -96.454342248144783, 15.744742860382143 ], [ -96.453369678605398, 15.745043131715903 ], [ -96.4527284841392, 15.745415020141435 ], [ -96.452245416073339, 15.745727783174116 ], [ -96.450632284352153, 15.746815448069071 ], [ -96.450097387740286, 15.747076788578045 ], [ -96.44921434476403, 15.747208719308713 ], [ -96.448487753205654, 15.747135850569203 ], [ -96.445980045640766, 15.74666385148327 ], [ -96.445295677778944, 15.746571143452364 ], [ -96.44460965899367, 15.746610520239642 ], [ -96.444313998880105, 15.746759482178362 ], [ -96.443620267725919, 15.747415260676643 ], [ -96.44329198781827, 15.747655296241891 ], [ -96.4430125744843, 15.747810092306743 ], [ -96.442453746659126, 15.748119683165498 ], [ -96.441584537107303, 15.748543054594634 ], [ -96.438366443686519, 15.750054370012959 ], [ -96.43747661902691, 15.75044699428592 ], [ -96.437165153405076, 15.750553982046293 ], [ -96.43654222136675, 15.750767956080782 ], [ -96.436097194624239, 15.750833851384087 ], [ -96.434954802935351, 15.750820400082945 ], [ -96.434563636450648, 15.750775145051971 ], [ -96.434222110454897, 15.750676277096305 ], [ -96.433880584867552, 15.750577408652862 ], [ -96.4332959644656, 15.750340182522233 ], [ -96.431250799043937, 15.749430854761535 ], [ -96.430644436731669, 15.749254337467988 ], [ -96.429859898702588, 15.74933992614832 ], [ -96.429345490127261, 15.749638713060182 ], [ -96.427729442696318, 15.750947455829296 ], [ -96.427256480714661, 15.751287373877867 ], [ -96.427059448504281, 15.751379890611707 ], [ -96.426665383612558, 15.751564923461899 ], [ -96.426293922348265, 15.751621505335482 ], [ -96.42515153507938, 15.751608001990553 ], [ -96.424771119580825, 15.751542532756893 ], [ -96.424454677080305, 15.751396524416846 ], [ -96.424138235089387, 15.751250515682303 ], [ -96.423614531214525, 15.750898817350132 ], [ -96.42180347819064, 15.74954956942598 ], [ -96.421247668425295, 15.749248295757399 ], [ -96.420464927941524, 15.749191605296359 ], [ -96.419902534621116, 15.749411892203334 ], [ -96.418060761470173, 15.750496578596492 ], [ -96.417518574419489, 15.750778068986415 ], [ -96.417289100257179, 15.750854384343338 ], [ -96.416830151519804, 15.751007014252393 ], [ -96.416388878378768, 15.751052589086571 ], [ -96.415018028342317, 15.751036322620591 ], [ -96.414484263641086, 15.750928368545942 ], [ -96.413924238291784, 15.750684610660658 ], [ -96.413364214464565, 15.750440851529282 ], [ -96.412297913971571, 15.749852350082048 ], [ -96.408441946529692, 15.747593496064452 ], [ -96.407396659505167, 15.747005224433659 ], [ -96.406885613120792, 15.746762033889283 ], [ -96.406374568100404, 15.746518842322798 ], [ -96.405959719439565, 15.746412285271788 ], [ -96.405045847547441, 15.746401401305194 ], [ -96.404733973139273, 15.746448494822289 ], [ -96.404553458894952, 15.746525380026938 ], [ -96.404192430056412, 15.746679149924091 ], [ -96.403730670545912, 15.746961563091775 ], [ -96.402117326713906, 15.748048828144801 ], [ -96.401572797085791, 15.748238793174364 ], [ -96.401108905221733, 15.748138416172747 ], [ -96.400645013965004, 15.748038038249909 ], [ -96.399864143166937, 15.747561279831123 ], [ -96.397147895154447, 15.745537148511389 ], [ -96.396315107339291, 15.745019112679456 ], [ -96.395730043709079, 15.744822434988688 ], [ -96.395144981429212, 15.744625755891914 ], [ -96.39430615769983, 15.744581852938987 ], [ -96.391561769885215, 15.744770311212051 ], [ -96.390701188845767, 15.744787103771841 ], [ -96.390065360638118, 15.74473206672578 ], [ -96.389429533070768, 15.744677027873413 ], [ -96.388473464598846, 15.744502983578453 ], [ -96.38528348362415, 15.743800830754529 ], [ -96.384274972834206, 15.743626139677465 ], [ -96.383516763243179, 15.743569614933195 ], [ -96.382758554496931, 15.743513087610518 ], [ -96.38160075200723, 15.743526274231762 ], [ -96.377714092781787, 15.743700827363606 ], [ -96.376545672327282, 15.743724020600334 ], [ -96.374979701710458, 15.743657738588009 ], [ -96.373911022408862, 15.743539857826963 ], [ -96.370489836264383, 15.743056005200806 ], [ -96.369536429818481, 15.742949656334835 ], [ -96.368508371395365, 15.742937242483045 ], [ -96.367993121319998, 15.743025859601993 ], [ -96.366616676120245, 15.743451817118512 ], [ -96.366153745668342, 15.743551223408216 ], [ -96.365892447619032, 15.743563871256375 ], [ -96.365369851576176, 15.743589165996498 ], [ -96.364712934099188, 15.743543962652623 ], [ -96.362431218913002, 15.743295058854915 ], [ -96.36176381412254, 15.743249719859365 ], [ -96.361486198735534, 15.743262164841202 ], [ -96.360930968032932, 15.743287053726748 ], [ -96.360408591898988, 15.74338572738778 ], [ -96.358803679612507, 15.743808864754696 ], [ -96.358228587482145, 15.743927216619527 ], [ -96.357868971424438, 15.743970275828817 ], [ -96.35714973914061, 15.744056392394173 ], [ -96.356183619780111, 15.744122575001906 ], [ -96.352753913097175, 15.744302221386066 ], [ -96.351662437175349, 15.744326214780704 ], [ -96.350830513090031, 15.744292390627608 ], [ -96.349998589800464, 15.744258563335977 ], [ -96.348713142696923, 15.744137923450182 ], [ -96.344378256243075, 15.743642545902022 ], [ -96.34310331193015, 15.743522001839176 ], [ -96.341488438833764, 15.743454883728706 ], [ -96.340456419738729, 15.743479546736866 ], [ -96.33725520310287, 15.743661736931417 ], [ -96.336412008481403, 15.743688688145427 ], [ -96.336045162217545, 15.743660493349431 ], [ -96.335678316156262, 15.743632297950532 ], [ -96.335473378819728, 15.743524791985408 ], [ -96.335250696931269, 15.743079489083563 ], [ -96.335119456078118, 15.742952561682719 ], [ -96.33492456822492, 15.742879049117336 ], [ -96.334729680536526, 15.742805536398659 ], [ -96.334304099455039, 15.742722427063958 ], [ -96.332707832979949, 15.742481602399447 ], [ -96.332145352893903, 15.742437458111034 ], [ -96.331116709143274, 15.742472279869631 ], [ -96.330209697562609, 15.742566167407558 ], [ -96.327005617291803, 15.742969460634674 ], [ -96.326098870254199, 15.743043011262898 ], [ -96.325585169070123, 15.743012996854397 ], [ -96.325071468236928, 15.742982981256484 ], [ -96.32451049906544, 15.74282367565897 ], [ -96.322920051501129, 15.742140276354547 ], [ -96.322348597189531, 15.741980836910223 ], [ -96.321272251483748, 15.741920188379353 ], [ -96.320306068134755, 15.741992984487 ], [ -96.316873554483919, 15.742393317206339 ], [ -96.315886924419118, 15.742425196809682 ], [ -96.315301046521398, 15.742299432220719 ], [ -96.314715169594663, 15.742173666165421 ], [ -96.314027866267679, 15.741782459406556 ], [ -96.31199222296658, 15.740208353356342 ], [ -96.311431076391614, 15.739798373933827 ], [ -96.311139546530583, 15.739628812435951 ], [ -96.31084801719534, 15.739459250620746 ], [ -96.310576220270121, 15.739384768847536 ], [ -96.30989089279069, 15.739376310018084 ], [ -96.309648961094339, 15.739424128819097 ], [ -96.309501065226868, 15.739501333568155 ], [ -96.309205273191907, 15.739655742710923 ], [ -96.308813364208049, 15.739938800392423 ], [ -96.307428135393096, 15.741028116181553 ], [ -96.307025731748453, 15.741311040193464 ], [ -96.306779408481049, 15.741426541502566 ], [ -96.30653308497044, 15.741542042488209 ], [ -96.3062317083414, 15.741589122167236 ], [ -96.305317931890613, 15.741577823506685 ], [ -96.305038740386777, 15.741533726399206 ], [ -96.304844181692786, 15.74143648353466 ], [ -96.304649623205435, 15.741339240524368 ], [ -96.304372933420268, 15.741105500737747 ], [ -96.303470835892426, 15.740209199737553 ], [ -96.303209883536837, 15.739975653603562 ], [ -96.303052041191208, 15.739878863837705 ], [ -96.302894199006687, 15.739782073980024 ], [ -96.302704173038308, 15.739739077854507 ], [ -96.302133069500471, 15.739732008209154 ], [ -96.302056467988692, 15.739746149026752 ], [ -96.302144938793077, 15.739097655274277 ], [ -96.3027983190253, 15.738876555173812 ], [ -96.304121308682866, 15.738087380171736 ], [ -96.304516983209709, 15.73778405581948 ], [ -96.304726336478723, 15.737554634341235 ], [ -96.305307641773098, 15.736787324294781 ], [ -96.305449212868012, 15.736526580631702 ], [ -96.305528575161304, 15.736077088242801 ], [ -96.305500379101716, 15.735695700053581 ], [ -96.305289436318773, 15.734365381002913 ], [ -96.305378631768264, 15.733833028115081 ], [ -96.305692224063023, 15.733256030337538 ], [ -96.30600581438938, 15.732679031804157 ], [ -96.306812586763101, 15.731562814846807 ], [ -96.309950267460266, 15.727507760441647 ], [ -96.310897863276651, 15.726449144929973 ], [ -96.311540117553577, 15.726006587634178 ], [ -96.312182369203981, 15.725564027994269 ], [ -96.313069789356575, 15.725358192312321 ], [ -96.315926586351765, 15.725282725475143 ], [ -96.316673201501899, 15.725014174622258 ], [ -96.316986902333895, 15.724425300314858 ], [ -96.31730060115116, 15.723836425245779 ], [ -96.31745026944408, 15.722422478929726 ], [ -96.317521309939877, 15.717001812192548 ], [ -96.317954088259796, 15.715596424452706 ], [ -96.317902085191022, 15.714000740349588 ], [ -96.322253621015861, 15.714238513858621 ], [ -96.33127611651382, 15.7143490327033 ], [ -96.333738664127836, 15.714419777397888 ], [ -96.334973340862831, 15.71452969700692 ], [ -96.336208020069961, 15.71463960982612 ], [ -96.33727312129497, 15.714882930788672 ], [ -96.339774247795873, 15.715798597311133 ], [ -96.340551184642052, 15.716018067885393 ], [ -96.341113466383888, 15.716072339310257 ], [ -96.34167574866072, 15.716126609330271 ], [ -96.34250533006356, 15.716062197348434 ], [ -96.345252141328473, 15.715653048008601 ], [ -96.346039635024667, 15.715598271455887 ], [ -96.346503716694372, 15.715675044530361 ], [ -96.346967798870224, 15.715751816669862 ], [ -96.347506254849549, 15.716025945055632 ], [ -96.349090895469701, 15.717151662486719 ], [ -96.349545184110255, 15.717445086927199 ], [ -96.3498128653235, 15.71756688775209 ], [ -96.350080546897729, 15.717688688296073 ], [ -96.350391061258151, 15.717743266096805 ], [ -96.351304765051069, 15.717754359496796 ], [ -96.351627214861068, 15.7176973051044 ], [ -96.351922745383362, 15.717558632315749 ], [ -96.35221827555506, 15.71741995906306 ], [ -96.352740196877704, 15.717080803957368 ], [ -96.354162880142638, 15.716073975855426 ], [ -96.354983609508935, 15.715558394529264 ], [ -96.355142265997216, 15.715463754729191 ], [ -96.355337880396945, 15.715324691088661 ], [ -96.355445723626516, 15.715252557817502 ], [ -96.355644129259289, 15.715174359720502 ], [ -96.355896885355023, 15.715136988606655 ], [ -96.356069007195003, 15.715155122811634 ], [ -96.356321694817254, 15.715226044138754 ], [ -96.356730435320756, 15.715340764514449 ], [ -96.359008973185567, 15.7158109389951 ], [ -96.359728382594824, 15.715884000234256 ], [ -96.360267731217093, 15.715819394976396 ], [ -96.360807079713425, 15.715754788331168 ], [ -96.361628664049832, 15.7154971377038 ], [ -96.364384012811456, 15.714423959484213 ], [ -96.365215947378317, 15.714176580382496 ], [ -96.366342974622512, 15.714095343067848 ], [ -96.367121081510632, 15.71422666959597 ], [ -96.369625232649113, 15.714920751750963 ], [ -96.370339760346738, 15.715102108816147 ], [ -96.370754909914368, 15.715178241649525 ], [ -96.3711700599153, 15.715254373738897 ], [ -96.371641673361324, 15.715290538974829 ], [ -96.373012236474622, 15.715307041747758 ], [ -96.373421568587688, 15.715291645689499 ], [ -96.373691394756435, 15.715247472521803 ], [ -96.373961220861418, 15.715203299002098 ], [ -96.374322820255742, 15.715092485606768 ], [ -96.375470629562713, 15.714663699845817 ], [ -96.375779522153209, 15.714572573059279 ], [ -96.376073214061606, 15.714576104368565 ], [ -96.376183881609336, 15.714672276256099 ], [ -96.376406638727573, 15.715117547269704 ], [ -96.376569101004961, 15.715265149567086 ], [ -96.376836801092637, 15.715386919248957 ], [ -96.377104501540771, 15.71550868864942 ], [ -96.377706898176314, 15.715708998135744 ], [ -96.379982692518126, 15.716400224311215 ], [ -96.380638061392531, 15.716560516036401 ], [ -96.381420644217386, 15.716617329275151 ], [ -96.38188324950606, 15.716538199982212 ], [ -96.383259488108322, 15.716112112560737 ], [ -96.383675734923727, 15.715966372742569 ], [ -96.384241983433924, 15.715712345801268 ], [ -96.384634662827565, 15.71549519003049 ], [ -96.385270563762631, 15.715217719765251 ], [ -96.385836808739185, 15.714963688048829 ], [ -96.386032478405539, 15.714839011313032 ], [ -96.386379358606618, 15.714511218845436 ], [ -96.386503549138013, 15.714233260883121 ], [ -96.386736223656342, 15.713263916235425 ], [ -96.386944422910929, 15.712157095693531 ], [ -96.387683320062962, 15.707961273022596 ], [ -96.387911771230193, 15.70649903387849 ], [ -96.388238997766351, 15.703871077650572 ], [ -96.388478009212918, 15.701579093106432 ], [ -96.389626956043898, 15.693181216976068 ], [ -96.389678266136343, 15.691821171483813 ], [ -96.389651383990682, 15.689782502426517 ], [ -96.389617634175025, 15.689378774574523 ], [ -96.389572573518478, 15.689097058860932 ], [ -96.390001328035879, 15.689128789503672 ], [ -96.39040371187518, 15.689158568543498 ], [ -96.391205641047577, 15.68979138718082 ], [ -96.391844787409383, 15.69025967932734 ], [ -96.394220529365626, 15.692058415597904 ], [ -96.394932977414555, 15.692537736381309 ], [ -96.395881969475653, 15.692975840309451 ], [ -96.39658392385455, 15.693180664888301 ], [ -96.398115561497633, 15.693433674179676 ], [ -96.398744423654989, 15.693589857352695 ], [ -96.399311035029882, 15.693794053328432 ], [ -96.399869396040586, 15.693970067867911 ], [ -96.39982280836027, 15.694583069830889 ], [ -96.399851115680249, 15.695735165439073 ], [ -96.399819253052144, 15.698247260474568 ], [ -96.399807615235801, 15.699164802510703 ], [ -96.399826986497757, 15.700118543731785 ], [ -96.399960892993676, 15.701139699769909 ], [ -96.400132817750134, 15.701644752906715 ], [ -96.400801231107891, 15.702980510954861 ], [ -96.401037314876703, 15.703389790783849 ], [ -96.401253968415418, 15.703676898200213 ], [ -96.401470622531789, 15.703964005486505 ], [ -96.401853550259744, 15.70437503209749 ], [ -96.403207248018774, 15.705718938335185 ], [ -96.403579436128979, 15.706150158611324 ], [ -96.403771021200086, 15.706484387857966 ], [ -96.403962606836302, 15.706818617021632 ], [ -96.404137804753105, 15.707342337659528 ], [ -96.404572226109167, 15.709117909102918 ], [ -96.404731757573884, 15.709636362518971 ], [ -96.404886785704335, 15.70995830139822 ], [ -96.405041814258951, 15.710280240232368 ], [ -96.405325221280108, 15.710681611953644 ], [ -96.406337736789411, 15.711910800566564 ], [ -96.406684855144334, 15.71225195748235 ], [ -96.406988537069623, 15.712433396641423 ], [ -96.407292219575794, 15.712614835455959 ], [ -96.40781276462792, 15.712792075031686 ], [ -96.409634615431742, 15.713256307416366 ], [ -96.410139623860601, 15.713418114816767 ], [ -96.410407048555697, 15.713563553280171 ], [ -96.410674473667143, 15.713708991471011 ], [ -96.410933536114612, 15.713962722858174 ], [ -96.411607646783096, 15.7148559259051 ], [ -96.411856607740219, 15.71507905126778 ], [ -96.412100459761092, 15.715153075798186 ], [ -96.412344311997927, 15.71522710008187 ], [ -96.412792071023588, 15.715215472412392 ], [ -96.41439390756257, 15.715013154301337 ], [ -96.414836357865369, 15.715006540367126 ], [ -96.415299290757915, 15.715178000362695 ], [ -96.415518173506371, 15.715429557792277 ], [ -96.416076695873102, 15.716432032576046 ], [ -96.416200662923984, 15.716723113082407 ], [ -96.41622065045739, 15.717079014413711 ], [ -96.41612523657426, 15.71729636433675 ], [ -96.415659982342191, 15.717954761749601 ], [ -96.415580237480853, 15.718177377784791 ], [ -96.415626794260902, 15.718367616942762 ], [ -96.41567335110085, 15.718557856100828 ], [ -96.41588611612336, 15.718878780469048 ], [ -96.416785911534404, 15.719995947782838 ], [ -96.416977379803768, 15.720342023964315 ], [ -96.416971097108402, 15.72083988023739 ], [ -96.416770652393467, 15.721205027114468 ], [ -96.41584151959205, 15.722411186139281 ], [ -96.415468246807833, 15.722753960173829 ], [ -96.414660590747559, 15.723144923854797 ], [ -96.414408262442961, 15.723105531233461 ], [ -96.414113950197603, 15.723149464404692 ], [ -96.41395178058454, 15.723252547466579 ], [ -96.413489300144875, 15.723689668051163 ], [ -96.413284913833394, 15.723812573555309 ], [ -96.412793592383224, 15.723949012042537 ], [ -96.410465738678951, 15.724220597519437 ], [ -96.409894165142163, 15.72434252722323 ], [ -96.409057173350149, 15.724711960265251 ], [ -96.408433042739148, 15.725117791564541 ], [ -96.406357408620281, 15.726642225201401 ], [ -96.405764865866203, 15.727038261117032 ], [ -96.405075317284826, 15.727362008511234 ], [ -96.404682792350513, 15.727428469913917 ], [ -96.403540559745423, 15.727414873639761 ], [ -96.403222108656635, 15.727431405473215 ], [ -96.402878235367723, 15.72752215356839 ], [ -96.402705438728916, 15.727635262131351 ], [ -96.402242926642913, 15.728072353567613 ], [ -96.402091367090037, 15.728165391022863 ], [ -96.401846602490494, 15.728162474998369 ], [ -96.401648498616964, 15.728065271772156 ], [ -96.400968780372921, 15.727614571883986 ], [ -96.400749697798346, 15.727517117946975 ], [ -96.400407028824745, 15.72751303349302 ], [ -96.400136583926937, 15.72760465233983 ], [ -96.39921717458148, 15.728036289016654 ], [ -96.398820850052829, 15.728126404751011 ], [ -96.397890747449068, 15.728115308487292 ], [ -96.39695835553718, 15.728009338336705 ], [ -96.393537310410423, 15.727525878483025 ], [ -96.392552218450078, 15.727439583605374 ], [ -96.391376152838347, 15.727520361237405 ], [ -96.390681148865042, 15.727722054348185 ], [ -96.388613853544229, 15.728582501622423 ], [ -96.388059743657195, 15.728841761703533 ], [ -96.38754120082605, 15.729191207441847 ], [ -96.387354535897401, 15.729431156746049 ], [ -96.387001974899391, 15.730201474725495 ], [ -96.386925776749834, 15.730417343130012 ], [ -96.386922748195317, 15.730654411655758 ], [ -96.38699462006953, 15.730777212610333 ], [ -96.387333051408348, 15.731113214986964 ], [ -96.387578591761937, 15.731192369406898 ], [ -96.38798230338098, 15.73120906144883 ], [ -96.38838601518674, 15.731225752752296 ], [ -96.38929393695453, 15.731194285783285 ], [ -96.392723482931444, 15.731014025024484 ], [ -96.39371001617107, 15.730988560243398 ], [ -96.394297153582244, 15.731019288364056 ], [ -96.394884291424546, 15.731050014928295 ], [ -96.395575294801247, 15.731163274180744 ], [ -96.397625708402416, 15.731630355581643 ], [ -96.398222564525923, 15.731722159712877 ], [ -96.398590018296815, 15.731702833637918 ], [ -96.398957472097663, 15.731683506932358 ], [ -96.399410482819775, 15.731536484979273 ], [ -96.400789620556708, 15.730889030718439 ], [ -96.401211416783028, 15.730721309004295 ], [ -96.401506041340724, 15.730653688224725 ], [ -96.401800665763844, 15.730586067016771 ], [ -96.402220654312899, 15.730560585974825 ], [ -96.403591353195893, 15.730576912255628 ], [ -96.403969381855049, 15.730550928148663 ], [ -96.404166098720751, 15.730482137892896 ], [ -96.404362815478805, 15.730413347439089 ], [ -96.404546834586796, 15.730242788071832 ], [ -96.405012155131018, 15.729584424648953 ], [ -96.405291485067522, 15.7293438663418 ], [ -96.405710594994659, 15.729111745104627 ], [ -96.406129704056653, 15.72887962291308 ], [ -96.407047827547871, 15.72845697292634 ], [ -96.410494160291094, 15.726948814197627 ], [ -96.411495802018351, 15.726557619961886 ], [ -96.412109812511162, 15.72639893036891 ], [ -96.412723822307854, 15.726240238899795 ], [ -96.413476497976291, 15.726178033764505 ], [ -96.415760968525689, 15.726205114260733 ], [ -96.416440087024384, 15.726152188978674 ], [ -96.416882459901117, 15.726015162944801 ], [ -96.417324832313582, 15.725878135922038 ], [ -96.417909634159656, 15.725539557092716 ], [ -96.419753951673854, 15.724233566303225 ], [ -96.420254826634363, 15.723893987129461 ], [ -96.420501382702113, 15.72375463673718 ], [ -96.42074793846308, 15.723615286013905 ], [ -96.420951510231504, 15.723556721758911 ], [ -96.421408400841401, 15.723562123242127 ], [ -96.421625979042574, 15.723640909272566 ], [ -96.421905216529254, 15.723822042687111 ], [ -96.422184454542375, 15.724003175815172 ], [ -96.42276470051516, 15.72444191257078 ], [ -96.424914060504435, 15.726127075120333 ], [ -96.425472827357609, 15.726606200227131 ], [ -96.425701925998823, 15.72688158232352 ], [ -96.425931025236778, 15.727156964265024 ], [ -96.426026824701509, 15.727464645822282 ], [ -96.426015689112532, 15.728349729379577 ], [ -96.426054368493695, 15.728611008188999 ], [ -96.426150188493452, 15.728778116974734 ], [ -96.426246008634877, 15.728945225739441 ], [ -96.426481101270397, 15.729161400415784 ], [ -96.427386563529751, 15.729835996306754 ], [ -96.427621402900954, 15.730072490887082 ], [ -96.427716628536615, 15.730287014500947 ], [ -96.427811854343048, 15.730501538099251 ], [ -96.427849088024857, 15.730877968259962 ], [ -96.427832392384502, 15.732205595060483 ], [ -96.427785064170152, 15.732631837149718 ], [ -96.427580894784185, 15.73329333994945 ], [ -96.427336551537891, 15.733812101496962 ], [ -96.426400442565509, 15.735571482116901 ], [ -96.426159995242102, 15.736196987433187 ], [ -96.425974025669603, 15.73735663532797 ], [ -96.425948802729735, 15.738387770192283 ], [ -96.42583203430182, 15.741743626201531 ], [ -96.425828191633201, 15.741968562200748 ], [ -96.425836699751017, 15.742267175473422 ], [ -96.425840888885787, 15.742356194587167 ], [ -96.425862129426861, 15.742453672597337 ], [ -96.4258961877877, 15.742545532090531 ], [ -96.425960185641259, 15.742625247709082 ], [ -96.426050087195293, 15.742689903140816 ], [ -96.426181758965129, 15.74275562130895 ], [ -96.426235279355453, 15.742810450282018 ], [ -96.426257966763757, 15.742952984826719 ], [ -96.426236856891947, 15.743101776632356 ], [ -96.426115656203237, 15.743653603731273 ], [ -96.426078937670468, 15.743792049205144 ], [ -96.426028785710557, 15.743886301088198 ], [ -96.425993858642357, 15.743882501169868 ], [ -96.425881017723427, 15.743770516321359 ], [ -96.425851976015153, 15.743715976445158 ], [ -96.425829288897049, 15.743573441896739 ], [ -96.42582592041434, 15.743424360990039 ], [ -96.425832887768848, 15.742871184621277 ], [ -96.42581020295701, 15.742755307014438 ], [ -96.425752286230434, 15.74267486791619 ], [ -96.425657618995899, 15.742616153355206 ], [ -96.425536224631543, 15.742583418482003 ], [ -96.425463218505456, 15.742592192285144 ], [ -96.42541699124763, 15.742614630942297 ], [ -96.425378741628293, 15.742667663609913 ], [ -96.425369827659196, 15.742709254142381 ], [ -96.425363742884926, 15.742787198435417 ], [ -96.42531972489229, 15.742864388394931 ], [ -96.42526104238695, 15.742919968544985 ], [ -96.425213360968755, 15.742950207840725 ], [ -96.425141829391563, 15.742976542146287 ], [ -96.425080368532321, 15.742994651149456 ], [ -96.424998302482209, 15.743006258824208 ], [ -96.424921186852131, 15.743014983585276 ], [ -96.424836832201564, 15.743025972775586 ], [ -96.424750779399574, 15.743029240021 ], [ -96.424669052878528, 15.743026542791162 ], [ -96.424324918728246, 15.742995949463021 ], [ -96.423158647756665, 15.742950882659269 ], [ -96.422184957443548, 15.742876608966606 ], [ -96.421554204387391, 15.742972458118452 ], [ -96.421012384310458, 15.743226866849936 ], [ -96.420869108593095, 15.743494460239971 ], [ -96.420742308163923, 15.7444888214005 ], [ -96.420819532605705, 15.744743782068145 ], [ -96.42106312398279, 15.744841509645186 ], [ -96.421306715629157, 15.744939236983635 ], [ -96.421925467173665, 15.744963496150284 ], [ -96.424325792087544, 15.744881235006943 ], [ -96.424960345640159, 15.744900591423354 ], [ -96.425240807654475, 15.744986894859068 ], [ -96.425521269957713, 15.745073197968098 ], [ -96.425688036805028, 15.745300423822384 ], [ -96.425905357869041, 15.746188205391213 ], [ -96.426014361147992, 15.746419829567724 ], [ -96.42616004130673, 15.746516395139556 ], [ -96.42630572161157, 15.746612960633646 ], [ -96.42661294755483, 15.74665723764671 ], [ -96.427755308475682, 15.746670729202703 ], [ -96.428079103050052, 15.746649147437592 ], [ -96.428263442870062, 15.746592045898868 ], [ -96.428447782609197, 15.746534944188312 ], [ -96.42865067288578, 15.746393378674842 ], [ -96.429228812941076, 15.745846942050745 ], [ -96.429380269372871, 15.745623473412103 ], [ -96.429444598478469, 15.745375265480662 ], [ -96.42950892738267, 15.745127057501815 ], [ -96.429541268122165, 15.744641360649361 ], [ -96.429563532337099, 15.742871191170456 ], [ -96.429549110054111, 15.742349375807549 ], [ -96.429459543716263, 15.741684407127458 ], [ -96.429346014496844, 15.741256267240784 ], [ -96.428905780398196, 15.739923249665818 ], [ -96.42889843781289, 15.739394743317026 ], [ -96.429101419833216, 15.738828070404317 ], [ -96.429304400506965, 15.738261397107879 ], [ -96.429891684045529, 15.737170835233394 ], [ -96.432226321241856, 15.733214869457314 ], [ -96.432786771815927, 15.73216970797519 ], [ -96.432927200605491, 15.731708992675568 ], [ -96.433067628611013, 15.731248277173549 ], [ -96.432908407758262, 15.730977110917296 ], [ -96.431884524723088, 15.730633097064713 ], [ -96.431602945532305, 15.730497675219731 ], [ -96.431312790336477, 15.730209722914092 ], [ -96.43116598593474, 15.73006403265604 ], [ -96.430886253973298, 15.729642403873104 ], [ -96.429991897506042, 15.728082734649622 ], [ -96.429499104061392, 15.727593670338031 ], [ -96.427234069932794, 15.726017833477734 ], [ -96.426645152066826, 15.725572229837294 ], [ -96.426161881939791, 15.72506859385021 ], [ -96.426060411830946, 15.724794718539176 ], [ -96.426072268752023, 15.723852059051092 ], [ -96.426007811870718, 15.723554909414103 ], [ -96.425695881671345, 15.723053294892805 ], [ -96.425314725182119, 15.72263385197482 ], [ -96.423847936881714, 15.721178062153308 ], [ -96.423440115658792, 15.720793868664824 ] ] ] ] } },
{ "type": "Feature", "properties": { "fid": 70.0, "cat": 72, "CLAVE_ACUI": "2011", "NOM_ACUIF": "HUATULCO", "VULNERABIL": 3 }, "geometry": { "type": "MultiPolygon", "coordinates": [ [ [ [ -96.306900758281188, 15.766435523413918 ], [ -96.30655805017237, 15.766431281409252 ], [ -96.306463764719652, 15.766419953217794 ], [ -96.306366474017281, 15.76637133063363 ], [ -96.306255595660133, 15.766265016939661 ], [ -96.306085484895064, 15.766141165629499 ], [ -96.305601105476939, 15.765898216678075 ], [ -96.305321760450326, 15.765849214393031 ], [ -96.303725386960068, 15.765608154623621 ], [ -96.303069410880113, 15.765566624096099 ], [ -96.302576992540637, 15.763934289255381 ], [ -96.302178138317416, 15.762886147663185 ], [ -96.301412373988967, 15.761548948550026 ], [ -96.300717281140379, 15.760686804688524 ], [ -96.298239312280742, 15.758000655246564 ], [ -96.29748257801387, 15.756777024543188 ], [ -96.297069277462938, 15.75470921427201 ], [ -96.297021628487698, 15.753228963852081 ], [ -96.297000838684752, 15.75274560147667 ], [ -96.297002362535522, 15.752630462578377 ], [ -96.297098907199839, 15.745333814331801 ], [ -96.297066722593556, 15.743404520392799 ], [ -96.297463098008649, 15.741689461118849 ], [ -96.297600876279873, 15.741093310551236 ], [ -96.298055126380731, 15.740460494212964 ], [ -96.299783051627401, 15.739375491359418 ], [ -96.300258751874409, 15.739103650681086 ], [ -96.300750771018372, 15.73892007307599 ], [ -96.300977956295114, 15.738929660891559 ], [ -96.30154613644666, 15.739157981614735 ], [ -96.301752074717797, 15.739187627626061 ], [ -96.302144938793077, 15.739097655274277 ], [ -96.302056467988692, 15.739746149026752 ], [ -96.301939141407274, 15.739773355989238 ], [ -96.301681102898499, 15.739927939314892 ], [ -96.301473894463641, 15.74012690046181 ], [ -96.30077834366034, 15.740892781458424 ], [ -96.300582194087767, 15.741445820574242 ], [ -96.30036446710217, 15.743102755631142 ], [ -96.300248814582957, 15.744974336003468 ], [ -96.299926794917582, 15.75205143840253 ], [ -96.299852946774081, 15.753933695451112 ], [ -96.299841662972952, 15.754787079754724 ], [ -96.299830378481843, 15.755640463983713 ], [ -96.299871989805098, 15.756196448145634 ], [ -96.300088746724725, 15.757084272558961 ], [ -96.300196928965008, 15.757366735283098 ], [ -96.300340975545765, 15.757581902724624 ], [ -96.300485022408594, 15.757797070114476 ], [ -96.300788402847431, 15.758129371210535 ], [ -96.301916091593895, 15.759249772515599 ], [ -96.30220898579168, 15.759581942257824 ], [ -96.302328557627135, 15.759796805534473 ], [ -96.302448129687875, 15.760011668780969 ], [ -96.302496868897876, 15.760293394291237 ], [ -96.302485173651149, 15.761178386840504 ], [ -96.302564781074167, 15.761506219512778 ], [ -96.302756379968685, 15.761828666105416 ], [ -96.302947979412565, 15.762151112615372 ], [ -96.303415800253561, 15.762744555283476 ], [ -96.305215786557042, 15.764869055781658 ], [ -96.306247081937997, 15.765965668988786 ], [ -96.306673583401206, 15.765981109610683 ], [ -96.306767868681746, 15.765992437681669 ], [ -96.3068651593439, 15.766041060074349 ], [ -96.306909860729633, 15.766099192593058 ], [ -96.307021176631693, 15.766321855295814 ], [ -96.307034404921808, 15.766379598273426 ], [ -96.306984820897611, 15.766426402804472 ], [ -96.306900758281188, 15.766435523413918 ] ] ] ] } },
{ "type": "Feature", "properties": { "fid": 82.0, "cat": 81, "CLAVE_ACUI": "2011", "NOM_ACUIF": "HUATULCO", "VULNERABIL": 5 }, "geometry": { "type": "MultiPolygon", "coordinates": [ [ [ [ -96.175226569169382, 15.736817801896178 ], [ -96.175452279207263, 15.736974257720398 ], [ -96.175476097142564, 15.737021980219472 ], [ -96.17545640058681, 15.737055591949533 ], [ -96.175340665310685, 15.73716472414109 ], [ -96.175305376480893, 15.737187973657026 ], [ -96.175256430627456, 15.737187339250109 ], [ -96.175221796823223, 15.737163183441014 ], [ -96.175109118330354, 15.737051090721756 ], [ -96.175079869132077, 15.737016844592564 ], [ -96.175077668047194, 15.737012434396842 ], [ -96.174444399192225, 15.737117545364864 ], [ -96.17361786937785, 15.737084814153681 ], [ -96.170423146570158, 15.736822094866781 ], [ -96.169487829985414, 15.736691415216313 ], [ -96.16831263170323, 15.736334094008203 ], [ -96.16758148858905, 15.735979151719755 ], [ -96.165315782965152, 15.734622118251348 ], [ -96.164579267494091, 15.734277257682928 ], [ -96.163374416961275, 15.733879267120146 ], [ -96.162437525712832, 15.733863686041357 ], [ -96.15923674887776, 15.73404325676602 ], [ -96.158411348480044, 15.734220077661266 ], [ -96.157604095245404, 15.734185845625937 ], [ -96.15730974016364, 15.734105807160603 ], [ -96.15674333710686, 15.733766527436524 ], [ -96.156618063191019, 15.733597253943833 ], [ -96.156599853343153, 15.733146591411266 ], [ -96.157333587277733, 15.731924570456318 ], [ -96.15743538105778, 15.730426125774558 ], [ -96.157443287221682, 15.72985727048829 ], [ -96.157349730120728, 15.72954447824776 ], [ -96.156755224553763, 15.728635900198491 ], [ -96.156660680366102, 15.728394214771987 ], [ -96.156663975089756, 15.72815719185618 ], [ -96.156763225791764, 15.728060273072417 ], [ -96.157223100535788, 15.727845007645072 ], [ -96.157343538084675, 15.727733124793062 ], [ -96.157445705513993, 15.72742627086906 ], [ -96.15747122140003, 15.72709979102723 ], [ -96.158005107271421, 15.727177869825036 ], [ -96.159029832675074, 15.727412484936259 ], [ -96.159381219316231, 15.727413676150027 ], [ -96.159996295643296, 15.727184621535903 ], [ -96.161182116382321, 15.726519342616912 ], [ -96.162369196790266, 15.725552658747874 ], [ -96.162870403407197, 15.725213739414475 ], [ -96.163363771664194, 15.724935676826433 ], [ -96.163567378095422, 15.724877364934118 ], [ -96.164024174039028, 15.724883305595624 ], [ -96.164153803502757, 15.724864671210689 ], [ -96.1643019448628, 15.724771770590195 ], [ -96.164383945839489, 15.724657689831975 ], [ -96.164618475093164, 15.724218213392222 ], [ -96.164710963268135, 15.724104268786535 ], [ -96.164908046090446, 15.724012003870182 ], [ -96.165097104891998, 15.723994141357062 ], [ -96.165544855803532, 15.723999960714 ], [ -96.165774572911616, 15.723958823240803 ], [ -96.166091273220133, 15.723838994479802 ], [ -96.166515575409321, 15.724317153558612 ], [ -96.166902698528077, 15.724650913328547 ], [ -96.168370448815196, 15.725886924405149 ], [ -96.168792630534085, 15.726330981836295 ], [ -96.1692950528181, 15.727167242752346 ], [ -96.169590617176397, 15.72791784414942 ], [ -96.170467503550029, 15.730584389873465 ], [ -96.170788944057222, 15.731360726889454 ], [ -96.171100524389857, 15.73183890700801 ], [ -96.17141210606384, 15.732317086901769 ], [ -96.171980898046641, 15.732906977749677 ], [ -96.174012117404089, 15.734703434134454 ], [ -96.174540303972137, 15.735196272919742 ], [ -96.17500285600309, 15.735757687416459 ], [ -96.175123061186639, 15.736042034889389 ], [ -96.175226569169382, 15.736817801896178 ] ] ] ] } },
{ "type": "Feature", "properties": { "fid": 66.0, "cat": 65, "CLAVE_ACUI": "2011", "NOM_ACUIF": "HUATULCO", "VULNERABIL": 4 }, "geometry": { "type": "MultiPolygon", "coordinates": [ [ [ [ -96.092426086491898, 15.773672321819806 ], [ -96.093173783276157, 15.773800107028844 ], [ -96.093921479075846, 15.773855416093649 ], [ -96.094554731875263, 15.773836342678077 ], [ -96.095172725464309, 15.77373621225607 ], [ -96.095790719878579, 15.773573141598639 ], [ -96.09584817085701, 15.7735532351043 ], [ -96.09574019079939, 15.773737345285088 ], [ -96.095614028060183, 15.773996992002628 ], [ -96.095436772230613, 15.774489192929858 ], [ -96.095341178552644, 15.774748504758685 ], [ -96.095308228632902, 15.774834220578162 ], [ -96.095273103508788, 15.774976436105138 ], [ -96.094908788613253, 15.774973176871777 ], [ -96.094412416294801, 15.774968736226501 ], [ -96.094015895814167, 15.774928627587444 ], [ -96.093758042538553, 15.774866228348579 ], [ -96.093376813914304, 15.774745992559918 ], [ -96.092012486964848, 15.774285252096055 ], [ -96.091642185086826, 15.774134681380048 ], [ -96.091278432596354, 15.773892762802836 ], [ -96.091129087744946, 15.773697735962458 ], [ -96.090795898180161, 15.77302952946045 ], [ -96.090651654150108, 15.77284473011253 ], [ -96.090311704194917, 15.772650539507472 ], [ -96.089970305559689, 15.772557923339246 ], [ -96.088717063989279, 15.772319901323154 ], [ -96.088349443572298, 15.772226931791902 ], [ -96.087887121286428, 15.772031099581556 ], [ -96.087594281411953, 15.771844309032749 ], [ -96.086690020800717, 15.771168450829583 ], [ -96.086412482075389, 15.771012342180605 ], [ -96.086021558356094, 15.77095969464264 ], [ -96.08574063408858, 15.771040592423955 ], [ -96.084820575661013, 15.77147076057458 ], [ -96.084518381405303, 15.771571690262178 ], [ -96.084028202007175, 15.771612529401978 ], [ -96.083630140429534, 15.771569941147281 ], [ -96.083117620107842, 15.77154274947644 ], [ -96.082262701994992, 15.771330352609699 ], [ -96.081870758532801, 15.7712268871558 ], [ -96.081335133921527, 15.770981519627846 ], [ -96.080964848780781, 15.770830933007305 ], [ -96.080601117387204, 15.770588999613574 ], [ -96.080451785936575, 15.770393967511023 ], [ -96.080118637810855, 15.769725751269238 ], [ -96.080032300669856, 15.769548753126383 ], [ -96.07996998491025, 15.769374103949406 ], [ -96.080577384909418, 15.769721470464871 ], [ -96.082324552760156, 15.769410587482332 ], [ -96.083262987630917, 15.769196974537978 ], [ -96.083278245546907, 15.768176596312516 ], [ -96.083774166044975, 15.767930560507279 ], [ -96.084361641520871, 15.767929606628721 ], [ -96.085002524550589, 15.768100304444603 ], [ -96.085628147683607, 15.768371132916247 ], [ -96.08619273528636, 15.768667709488014 ], [ -96.086673397432634, 15.769071092107318 ], [ -96.087085394095268, 15.769545996815976 ], [ -96.087573686228524, 15.769932214071906 ], [ -96.088367159522207, 15.77011435498982 ], [ -96.089076708259824, 15.770404256085827 ], [ -96.089442927576542, 15.770878206714812 ], [ -96.090106699806981, 15.771880464707364 ], [ -96.090602622192165, 15.772474571781061 ], [ -96.091136690961989, 15.773022905731256 ], [ -96.091724166915711, 15.773428194696036 ], [ -96.092426086491898, 15.773672321819806 ] ] ] ] } }
]
}
