{
"type": "FeatureCollection",
"name": "2019",
"crs": { "type": "name", "properties": { "name": "urn:ogc:def:crs:OGC:1.3:CRS84" } },
"features": [
{ "type": "Feature", "properties": { "fid": 1.0, "cat": 2, "CLAVE_ACUI": "2019", "NOM_ACUIF": "CHACAHUA", "VULNERABIL": 2 }, "geometry": { "type": "MultiPolygon", "coordinates": [ [ [ [ -97.570814605232243, 16.107112730770147 ], [ -97.570884107325952, 16.106953902366847 ], [ -97.570860926082403, 16.10676395079496 ], [ -97.570758308125477, 16.106651419803651 ], [ -97.570302606503617, 16.10631622622909 ], [ -97.570184286226947, 16.106193422228124 ], [ -97.570087825733737, 16.105955530968185 ], [ -97.570068345201577, 16.105738490356782 ], [ -97.570073896233637, 16.104963525413218 ], [ -97.57001245676031, 16.10473095240863 ], [ -97.569720188917714, 16.104420576495727 ], [ -97.569364103465233, 16.104209754891883 ], [ -97.567994644602038, 16.10353629195345 ], [ -97.567638599188783, 16.103320384145441 ], [ -97.567346507422059, 16.102986282015824 ], [ -97.567285278313975, 16.102724901513294 ], [ -97.567291633416843, 16.101839228119104 ], [ -97.567272326182646, 16.101598464054231 ], [ -97.567175871021348, 16.101360571840111 ], [ -97.56705738525082, 16.101261489839011 ], [ -97.566600907350804, 16.101036998854919 ], [ -97.566503455737973, 16.100938057693266 ], [ -97.566505158766091, 16.100700823797673 ], [ -97.566605042972483, 16.100460859365427 ], [ -97.567069463612683, 16.099578258389375 ], [ -97.56715897562583, 16.09931788870438 ], [ -97.567112280425036, 16.098985432003584 ], [ -97.566956061479715, 16.098770863520194 ], [ -97.566273737642504, 16.098101999513354 ], [ -97.566096559912481, 16.097877122225942 ], [ -97.565952051871847, 16.097496559974346 ], [ -97.565922789254572, 16.097177776998858 ], [ -97.565930737736608, 16.096070685333242 ], [ -97.565906696947408, 16.095757021202061 ], [ -97.565786558723048, 16.095400346967121 ], [ -97.565638973688792, 16.095204476411958 ], [ -97.56507038344769, 16.09464708730345 ], [ -97.56484889209797, 16.094491390715373 ], [ -97.564383854639644, 16.09432219594839 ], [ -97.563941006850882, 16.094236185145231 ], [ -97.562339423650883, 16.094003989633006 ], [ -97.561838188435559, 16.093993839188929 ], [ -97.561245324972049, 16.09414241923854 ], [ -97.560906696914657, 16.09434004777912 ], [ -97.559755186217828, 16.095218005585174 ], [ -97.559339801858044, 16.095455840008668 ], [ -97.558552857262001, 16.095687778636446 ], [ -97.558387295840859, 16.095709619116338 ], [ -97.557844035464967, 16.095781283823428 ], [ -97.555323144409698, 16.095985686270133 ], [ -97.554328581515492, 16.096182909883993 ], [ -97.553110159219187, 16.096594328834975 ], [ -97.551977551194923, 16.097115373074729 ], [ -97.548069602203299, 16.09908170488298 ], [ -97.5469789614001, 16.099613173193134 ], [ -97.545797293857362, 16.100127069998507 ], [ -97.545199841875274, 16.100329743633893 ], [ -97.543593399958553, 16.100761653720941 ], [ -97.543101185758744, 16.100954870930128 ], [ -97.542410629788222, 16.101424647315952 ], [ -97.541916334185885, 16.101902539107513 ], [ -97.540300161773175, 16.103662916923973 ], [ -97.539795189929222, 16.104161065058594 ], [ -97.539054842066776, 16.104725385774564 ], [ -97.538502174875205, 16.105033409959315 ], [ -97.536663402542089, 16.105906526762169 ], [ -97.536079028741824, 16.106234661957302 ], [ -97.535190728989164, 16.106892850633102 ], [ -97.534506101150001, 16.107504984287466 ], [ -97.532199443636884, 16.109703403942682 ], [ -97.531472878039907, 16.110294902992159 ], [ -97.530388923432085, 16.110856826522134 ], [ -97.529566984796872, 16.111068074988747 ], [ -97.526815224034451, 16.111491959165104 ], [ -97.526062205272652, 16.11162741292442 ], [ -97.525299882882734, 16.111835666694581 ], [ -97.524963869900191, 16.11199772016278 ], [ -97.524158129930939, 16.112545715559701 ], [ -97.523932433275917, 16.112723780944094 ], [ -97.523684924360751, 16.113006759213963 ], [ -97.523557036927585, 16.113232948645045 ], [ -97.523207736479833, 16.114005520750979 ], [ -97.523042924236918, 16.114246705563318 ], [ -97.522623101767209, 16.114599662514937 ], [ -97.522188167041762, 16.114862701220023 ], [ -97.520578286894761, 16.115737250678361 ], [ -97.520085614616406, 16.115984633339153 ], [ -97.519396364511778, 16.116264542974957 ], [ -97.518904394197236, 16.116417031261449 ], [ -97.517297780291884, 16.11684872737581 ], [ -97.516774632977629, 16.116950156698472 ], [ -97.515939896332341, 16.11699180313062 ], [ -97.515270563482019, 16.116949868075153 ], [ -97.512981751489988, 16.116712512086131 ], [ -97.512375904573929, 16.116620173127238 ], [ -97.511837427025426, 16.116426627832364 ], [ -97.51167401994887, 16.116242474848217 ], [ -97.511449931241742, 16.115576640233279 ], [ -97.511339035982886, 16.115403020632858 ], [ -97.511045612956337, 16.115258630312322 ], [ -97.510737332425364, 16.115225977692344 ], [ -97.509592113091159, 16.115217985617313 ], [ -97.50925750177764, 16.115190230767816 ], [ -97.50884120160579, 16.115068703470623 ], [ -97.508581098608559, 16.114922848091048 ], [ -97.507783587237398, 16.114363715820044 ], [ -97.50762366610364, 16.114182973622075 ], [ -97.507674875947998, 16.113898643881235 ], [ -97.507907953311303, 16.113673200560768 ], [ -97.508944433207915, 16.112905457995776 ], [ -97.509256196963278, 16.112705981027595 ], [ -97.509674618944857, 16.112542834036077 ], [ -97.509960601334953, 16.112509243975598 ], [ -97.51087676446906, 16.112515635501275 ], [ -97.511135884834331, 16.11255811224806 ], [ -97.511428950175286, 16.11274994770783 ], [ -97.511588494769114, 16.112981521798474 ], [ -97.512039972791101, 16.11387036522801 ], [ -97.512210036186019, 16.114102012264471 ], [ -97.512552185481255, 16.114294188454995 ], [ -97.512870906620336, 16.114337078529736 ], [ -97.514016122611267, 16.114345052596185 ], [ -97.514377822015646, 16.114266230258551 ], [ -97.514920534982807, 16.113890421393283 ], [ -97.515334138381888, 16.11343237363252 ], [ -97.516721560577935, 16.111670620337858 ], [ -97.517177223664078, 16.11121286040154 ], [ -97.517916242856288, 16.110838405849833 ], [ -97.518516322988347, 16.110761230236538 ], [ -97.520577680589852, 16.110775521556921 ], [ -97.521293523991901, 16.110688972552659 ], [ -97.522572764785309, 16.110270793014426 ], [ -97.523684404079944, 16.109759939419202 ], [ -97.527592772274062, 16.107794092896608 ], [ -97.528805684428264, 16.107095809747008 ], [ -97.530557603437884, 16.105803039151503 ], [ -97.53184742707468, 16.104654505887254 ], [ -97.536114593027833, 16.100587403117469 ], [ -97.537193795516714, 16.099467891588553 ], [ -97.537963007673198, 16.098310666429782 ], [ -97.537982689848008, 16.097777004711151 ], [ -97.537305338596127, 16.096443809771067 ], [ -97.537129686092925, 16.096015570438613 ], [ -97.536987320995834, 16.095350316073954 ], [ -97.536959594227511, 16.094828192098426 ], [ -97.536972566293542, 16.093056867760765 ], [ -97.536991827470729, 16.092580819292003 ], [ -97.537068741618185, 16.092130584247592 ], [ -97.537159357821238, 16.091963439775611 ], [ -97.537505318858734, 16.091633666926064 ], [ -97.537616371554051, 16.091548002459941 ], [ -97.537788657053682, 16.091478008113619 ], [ -97.537923726569971, 16.091463680638796 ], [ -97.538381765608221, 16.09146681293122 ], [ -97.538511316723557, 16.091488033802385 ], [ -97.538657849583785, 16.091583932782978 ], [ -97.538737631172609, 16.091699710500539 ], [ -97.538963412875006, 16.092144107484376 ], [ -97.539116882925711, 16.092250221172542 ], [ -97.539607294434632, 16.092301020834473 ], [ -97.540154412059692, 16.092267476971269 ], [ -97.542217214378212, 16.092060127644533 ], [ -97.542960327966625, 16.091829645340106 ], [ -97.544365383482187, 16.090961416625483 ], [ -97.545629482655698, 16.089951567187132 ], [ -97.550123459816263, 16.086107104635929 ], [ -97.551361910155336, 16.085000450112062 ], [ -97.552647461460154, 16.083680586045052 ], [ -97.553245520503424, 16.082901725828268 ], [ -97.554750899729385, 16.08058690605527 ], [ -97.555184735774432, 16.079974695197112 ], [ -97.55570394506951, 16.079432538504403 ], [ -97.556011838519851, 16.079270240349576 ], [ -97.556929466044437, 16.079055004083038 ], [ -97.557194708679845, 16.078973757504084 ], [ -97.557514880823277, 16.078809845241597 ], [ -97.557707026879754, 16.078656931571761 ], [ -97.558283534711009, 16.078107245909585 ], [ -97.558412732575107, 16.077933571977596 ], [ -97.5584391499726, 16.077672780398601 ], [ -97.558347691586903, 16.07747389499259 ], [ -97.557894470219082, 16.076806554228291 ], [ -97.557777200479549, 16.076541404956284 ], [ -97.557683161534555, 16.075971382892586 ], [ -97.557666089648919, 16.075422214951388 ], [ -97.557680458325862, 16.07342945307331 ], [ -97.55777942102182, 16.072830228852428 ], [ -97.558226877181156, 16.072026610483697 ], [ -97.558767135673065, 16.071477807182571 ], [ -97.560840866233718, 16.069720330082415 ], [ -97.561380599674166, 16.069242689191256 ], [ -97.561825645764756, 16.068771188964874 ], [ -97.561921694457439, 16.068575259404767 ], [ -97.561924876822516, 16.068132422350512 ], [ -97.561763853721558, 16.067858508029968 ], [ -97.561009234062027, 16.067023076924116 ], [ -97.560092235865412, 16.0661035154933 ], [ -97.556567600663499, 16.062647631396167 ], [ -97.555603289915879, 16.06173281827785 ], [ -97.554627739339765, 16.060919602004294 ], [ -97.554198399843258, 16.06067268006985 ], [ -97.553170363575248, 16.060333593493603 ], [ -97.552955805533557, 16.060194880563913 ], [ -97.552982568517933, 16.059886642954215 ], [ -97.553235358473543, 16.059585016291201 ], [ -97.554388274343566, 16.058485658351781 ], [ -97.554683412026876, 16.058143644894162 ], [ -97.554936564007363, 16.057791180005527 ], [ -97.554990750600453, 16.057567857285509 ], [ -97.554975835233577, 16.056720452346127 ], [ -97.554903252159235, 16.056522790823394 ], [ -97.554827544083452, 16.056060813927356 ], [ -97.554842097427354, 16.05574402029232 ], [ -97.555015715443034, 16.055484221856652 ], [ -97.555249187822312, 16.055429874655598 ], [ -97.556165108103258, 16.055436050555272 ], [ -97.556476742010318, 16.055478821594054 ], [ -97.557015113746672, 16.055672245479123 ], [ -97.557472583133574, 16.055905793891757 ], [ -97.559069076942023, 16.056802256809224 ], [ -97.559531881953689, 16.05702566939696 ], [ -97.560095136338845, 16.057171804258171 ], [ -97.560436979512943, 16.057157156072979 ], [ -97.561162918485692, 16.057006275554471 ], [ -97.561536789141471, 16.056912249973688 ], [ -97.561914939935278, 16.056832992358832 ], [ -97.562109329369818, 16.056874939592316 ], [ -97.562393895944709, 16.0569427128436 ], [ -97.562718998113539, 16.057020140176693 ], [ -97.563216625451091, 16.057234179733605 ], [ -97.563810276034943, 16.057602326547133 ], [ -97.564593570985352, 16.058346429690921 ], [ -97.567320788307384, 16.061243279044344 ], [ -97.568067126919289, 16.062012543232811 ], [ -97.568822778757564, 16.062705609700721 ], [ -97.56915593856607, 16.062926441934369 ], [ -97.569955031072311, 16.063263925593528 ], [ -97.570157530162248, 16.063381312919237 ], [ -97.570167961940271, 16.0633873601404 ], [ -97.570362545330426, 16.063625905964031 ], [ -97.570427590604993, 16.063843251317643 ], [ -97.570536551911161, 16.064618983873462 ], [ -97.570591300477219, 16.064805757332103 ], [ -97.570737832209687, 16.06490163422059 ], [ -97.570892414556823, 16.064851827652642 ], [ -97.571467265930352, 16.064523519132159 ], [ -97.57161727962891, 16.064377088289554 ], [ -97.571742492975432, 16.064022053840723 ], [ -97.571771355536967, 16.063661292699258 ], [ -97.571780833903475, 16.062332775124549 ], [ -97.571752045778595, 16.061946210083107 ], [ -97.571608223729697, 16.061470757530163 ], [ -97.571604574372799, 16.061464712451521 ], [ -97.57143155216329, 16.061178104550951 ], [ -97.570750910123692, 16.060287842178521 ], [ -97.570573986717875, 16.060030773929846 ], [ -97.57042898286727, 16.059721385492054 ], [ -97.570398757577522, 16.059536470353848 ], [ -97.570401271047672, 16.059184427123807 ], [ -97.570446619849562, 16.058873081246897 ], [ -97.570523326514603, 16.058767672448045 ], [ -97.570793107548297, 16.058550010332663 ], [ -97.571181810918901, 16.058354333619626 ], [ -97.572674948409983, 16.057699999184056 ], [ -97.573126554885434, 16.057530157164049 ], [ -97.573740919343962, 16.057391901218757 ], [ -97.574166976934578, 16.057364234881263 ], [ -97.575540882198624, 16.057373377017814 ], [ -97.575961104122769, 16.057427010121643 ], [ -97.576548234894275, 16.057668160238293 ], [ -97.576966772027163, 16.057959027368415 ], [ -97.578332822994739, 16.059075253489009 ], [ -97.578730480716175, 16.05934564345208 ], [ -97.579160573516631, 16.059490845813229 ], [ -97.57922015688689, 16.059491241128086 ], [ -97.579522035481389, 16.059428848029945 ], [ -97.580441123320611, 16.058992080606785 ], [ -97.580774328799521, 16.058960396549399 ], [ -97.581410203332084, 16.059249306578501 ], [ -97.581985392306564, 16.059693718542732 ], [ -97.584033754171472, 16.061478721781608 ], [ -97.584671900991623, 16.061943879182405 ], [ -97.58560153759224, 16.062329618490885 ], [ -97.586291441139991, 16.062415516826256 ], [ -97.588581353565104, 16.062430623843831 ], [ -97.589271546149462, 16.062475843487071 ], [ -97.590202532275981, 16.062671773956637 ], [ -97.59084232084065, 16.06290645532702 ], [ -97.592897025400177, 16.063805695832428 ], [ -97.593473731225103, 16.064039955198879 ], [ -97.594110309328443, 16.064233935105037 ], [ -97.594442999711475, 16.064276790693835 ], [ -97.595358976127486, 16.064282802249874 ], [ -97.595827150060828, 16.064499397141049 ], [ -97.597095992962537, 16.065504160113726 ], [ -97.598440464823781, 16.066722935515784 ], [ -97.603445958737964, 16.071405734080454 ], [ -97.604821984939406, 16.072634848174047 ], [ -97.606237813197922, 16.073687971389017 ], [ -97.60688438595092, 16.073963323987613 ], [ -97.608485890811494, 16.074195177497018 ], [ -97.608975865533921, 16.074306820237542 ], [ -97.60966090781713, 16.074595972047323 ], [ -97.610149565686555, 16.074897403381772 ], [ -97.611744936616049, 16.076014925932764 ], [ -97.612254703351795, 16.076306322011934 ], [ -97.613038234024444, 16.076548652617699 ], [ -97.613647795908477, 16.076603442603624 ], [ -97.615708887255664, 16.076616788207964 ], [ -97.616307864592997, 16.076681670054253 ], [ -97.61704200103955, 16.076971117012125 ], [ -97.617491790963371, 16.077319731511178 ], [ -97.618856683839127, 16.078657149129238 ], [ -97.619243455484209, 16.078995185640931 ], [ -97.619683486549548, 16.079235275761931 ], [ -97.619925329620756, 16.079240225422243 ], [ -97.620613898074268, 16.079023232799212 ], [ -97.620808594635889, 16.079002457737232 ], [ -97.621028611111996, 16.079122501364875 ], [ -97.621148224011122, 16.079314767432418 ], [ -97.621486402366557, 16.080091965345638 ], [ -97.621616251877242, 16.080324968695319 ], [ -97.621884036931519, 16.080635119811156 ], [ -97.622136737711756, 16.080845189313187 ], [ -97.623048226261901, 16.081515360615189 ], [ -97.623259005118769, 16.081704823287339 ], [ -97.623331147523487, 16.081918813206723 ], [ -97.623223428795697, 16.08203505051689 ], [ -97.622782720144315, 16.082231051804534 ], [ -97.614527443583256, 16.082705334229924 ], [ -97.612812415920885, 16.082824704899927 ], [ -97.611627208156875, 16.082950604938429 ], [ -97.611339010247065, 16.082981218061921 ], [ -97.610949173127281, 16.083085448822636 ], [ -97.61060333910585, 16.083415351753573 ], [ -97.610437642114746, 16.083802347629728 ], [ -97.610420159985182, 16.084047956726959 ], [ -97.610414003329836, 16.08493364811002 ], [ -97.61046427552678, 16.085266124028909 ], [ -97.610705036876141, 16.085931986867358 ], [ -97.610998710798413, 16.086550743331269 ], [ -97.612128441176495, 16.088772408071289 ], [ -97.612421770124044, 16.089441999991937 ], [ -97.612660894986263, 16.090345100143583 ], [ -97.612709171562926, 16.090965651523398 ], [ -97.612695335093164, 16.092958457683007 ], [ -97.612659690292432, 16.093547960780619 ], [ -97.612507184695033, 16.094306169155924 ], [ -97.612324963817471, 16.094799820715114 ], [ -97.611627099112084, 16.09634531773909 ], [ -97.611376691207511, 16.096813105549554 ], [ -97.61090599086782, 16.097450619542535 ], [ -97.610483969168016, 16.097893565503661 ], [ -97.608985223767803, 16.099323125937822 ], [ -97.608510892377879, 16.099725055535139 ], [ -97.607796102440645, 16.100171172460257 ], [ -97.607249305939106, 16.100406552511092 ], [ -97.605412374147264, 16.10105886725011 ], [ -97.604881810099627, 16.101228256096075 ], [ -97.604242782481521, 16.101366431623422 ], [ -97.603860450570679, 16.101394436981767 ], [ -97.602715263415789, 16.101386950606958 ], [ -97.602380293662563, 16.10141017914108 ], [ -97.601962288012686, 16.101526068545088 ], [ -97.601700106564252, 16.101668396453995 ], [ -97.600894596436092, 16.102216702405631 ], [ -97.60069501699644, 16.102430613390972 ], [ -97.600569158621639, 16.10288056069426 ], [ -97.600588940755841, 16.103309431751544 ], [ -97.600807117601477, 16.104860882693941 ], [ -97.600946886169766, 16.105427804653399 ], [ -97.601380963818443, 16.106521989253508 ], [ -97.601861309408122, 16.107518187527472 ], [ -97.603668878526875, 16.111072921677735 ], [ -97.604102378168065, 16.112002719165183 ], [ -97.604317771606887, 16.112787046776258 ], [ -97.604191973478535, 16.112977717767027 ], [ -97.603389520861938, 16.113083186324836 ], [ -97.603170344031014, 16.113090225727802 ], [ -97.602949971908032, 16.113017609459312 ], [ -97.602771979007841, 16.11290120991616 ], [ -97.602498346232423, 16.112674033334986 ], [ -97.601588352272856, 16.111782349056892 ], [ -97.601330534360144, 16.111550190844667 ], [ -97.601037373479571, 16.111358471922294 ], [ -97.600876389686618, 16.111316746089464 ], [ -97.600418292572215, 16.11131374408189 ], [ -97.60030126545665, 16.111276003298524 ], [ -97.600257380300974, 16.111261850489086 ], [ -97.599964553856367, 16.111022682779794 ], [ -97.599707143184119, 16.110732908094054 ], [ -97.598798725427088, 16.109619792221256 ], [ -97.598525434977446, 16.109345163791122 ], [ -97.59815849167002, 16.10917668189704 ], [ -97.597907576705495, 16.109210621903141 ], [ -97.597103581639104, 16.10953748887621 ], [ -97.59692564481476, 16.109663416938371 ], [ -97.596899269446325, 16.109924216217262 ], [ -97.597039527638302, 16.110170858636252 ], [ -97.597720444892218, 16.11106105625154 ], [ -97.597897266122729, 16.111343525493734 ], [ -97.598041511347716, 16.111771518706082 ], [ -97.598070754360165, 16.112100468430377 ], [ -97.598062975824689, 16.113207573899142 ], [ -97.598007791982923, 16.113576640286798 ], [ -97.597758045273793, 16.114191844426646 ], [ -97.597456446950559, 16.11470164064626 ], [ -97.596298722923095, 16.116465480834986 ], [ -97.5959971171131, 16.116975274319486 ], [ -97.595747359255995, 16.117590475088559 ], [ -97.595692169279445, 16.117959540295395 ], [ -97.595684374562055, 16.11906664402553 ], [ -97.595624390204677, 16.119369587215488 ], [ -97.595352257775417, 16.119676218187475 ], [ -97.595023481357629, 16.119811318814858 ], [ -97.593761322219791, 16.120135152957133 ], [ -97.593406428482396, 16.120244659520544 ], [ -97.593012418556768, 16.120431860264677 ], [ -97.592804440990491, 16.120589783668251 ], [ -97.592227887432401, 16.12113955817097 ], [ -97.592088168002917, 16.121313182608489 ], [ -97.592012699349425, 16.121573656567353 ], [ -97.592044606668026, 16.121772137879073 ], [ -97.592268977084984, 16.122437909975599 ], [ -97.59223226588287, 16.122671525680918 ], [ -97.591836574683484, 16.123095959767916 ], [ -97.591308011200113, 16.123468677230601 ], [ -97.589237057842709, 16.124783578218871 ], [ -97.588687232962684, 16.125186651026898 ], [ -97.588192351149061, 16.125752769247686 ], [ -97.588035203261214, 16.126158437968357 ], [ -97.587796727624067, 16.127485440882303 ], [ -97.587713565918932, 16.127840760322101 ], [ -97.587563955645521, 16.128171915112489 ], [ -97.587433388553848, 16.128289673922584 ], [ -97.586973685484836, 16.128508059686769 ], [ -97.586853852469801, 16.12859538607006 ], [ -97.586754335253303, 16.12878452404162 ], [ -97.586732000856529, 16.128967394818158 ], [ -97.58672729087597, 16.129631653817153 ], [ -97.586699588926052, 16.12982974056666 ], [ -97.586575023062665, 16.130089886360921 ], [ -97.58642477361424, 16.130263436360142 ], [ -97.585848173666449, 16.13081318950865 ], [ -97.585603400797311, 16.130965776741025 ], [ -97.585037728796891, 16.131128097503684 ], [ -97.584474398839589, 16.131207396045216 ], [ -97.582411196606387, 16.131415123768271 ], [ -97.581826755994229, 16.131504442556135 ], [ -97.58116256954105, 16.131713546849035 ], [ -97.58079817207296, 16.131922949292697 ], [ -97.579761833014501, 16.132691054250845 ], [ -97.579491882169265, 16.132931586133314 ], [ -97.579268454857768, 16.133285966584801 ], [ -97.57921922424319, 16.133551692805487 ], [ -97.579212908951021, 16.134437368192188 ], [ -97.579190083278817, 16.13468801875603 ], [ -97.57908987881423, 16.134972045999707 ], [ -97.578969555159787, 16.135127148579613 ], [ -97.578508248193614, 16.135566932706638 ], [ -97.578366596077331, 16.135762563384088 ], [ -97.578166860444753, 16.136235722962169 ], [ -97.578023175520272, 16.136716034493723 ], [ -97.577552376290598, 16.138484327691433 ], [ -97.577397878489819, 16.139005236993444 ], [ -97.57714769271216, 16.139667854798677 ], [ -97.576944782247622, 16.140093542295162 ], [ -97.576248047668997, 16.141417464493255 ], [ -97.576003420603783, 16.141792033855722 ], [ -97.575558567028182, 16.142216103280408 ], [ -97.575473001776075, 16.14226672386814 ], [ -97.575403220889143, 16.142364190757586 ], [ -97.574958364759354, 16.14278825870214 ], [ -97.574641628047644, 16.142948823422184 ], [ -97.573608378855994, 16.143274054958269 ], [ -97.573346593947448, 16.143458021980788 ], [ -97.572830177325088, 16.144217825992037 ], [ -97.572463018607721, 16.145052502990275 ], [ -97.571295351447787, 16.148144677678982 ], [ -97.570960027980178, 16.148938893709307 ], [ -97.570562874949928, 16.149553066089481 ], [ -97.570330839265452, 16.14963623962538 ], [ -97.569645161698176, 16.14941020973604 ], [ -97.569455934205891, 16.149391993408951 ], [ -97.569258548929142, 16.149533014912851 ], [ -97.569165797224088, 16.149752690619703 ], [ -97.56893033991372, 16.150636822236844 ], [ -97.568794778237262, 16.150957886366545 ], [ -97.568397614304146, 16.151572053734405 ], [ -97.56796579723428, 16.152128370736612 ], [ -97.56634779642603, 16.154110340712041 ], [ -97.565905301644989, 16.154686915930519 ], [ -97.565458344757431, 16.155395638813484 ], [ -97.565262331147622, 16.155831525612562 ], [ -97.564794555678418, 16.157156940852364 ], [ -97.564614575059437, 16.157557348191002 ], [ -97.564242443890492, 16.158100501047041 ], [ -97.563890808079663, 16.158476025955625 ], [ -97.562621964050635, 16.159685317754946 ], [ -97.562239129989536, 16.160009790934016 ], [ -97.561721423503357, 16.160314711885633 ], [ -97.561364677620745, 16.160425840208646 ], [ -97.560217569726603, 16.160639515068691 ], [ -97.559903712173622, 16.160639087438526 ], [ -97.559586153101776, 16.160423420591457 ], [ -97.559446355142015, 16.160115753063479 ], [ -97.559111525432343, 16.158895638169998 ], [ -97.559077737572807, 16.158476844324507 ], [ -97.559254887547141, 16.157742587955124 ], [ -97.559541745078334, 16.157112443653983 ], [ -97.560703247909927, 16.154906021418878 ], [ -97.561026583976584, 16.154321874920914 ], [ -97.56137399824641, 16.153802285099275 ], [ -97.561546969751276, 16.153644160857496 ], [ -97.562006756407897, 16.153425837344074 ], [ -97.562148241839822, 16.153257332424349 ], [ -97.562160056346769, 16.153223857403994 ], [ -97.562227001399933, 16.153034176910133 ], [ -97.562348720334867, 16.152689300112041 ], [ -97.56249363201843, 16.152046330218361 ], [ -97.565094948429504, 16.144675403266543 ], [ -97.565569548630307, 16.143533046592758 ], [ -97.565921372235479, 16.142396640817637 ], [ -97.56594938201907, 16.141915562012677 ], [ -97.565728274669254, 16.14080693389921 ], [ -97.565649850561371, 16.140497988522977 ], [ -97.565504977828198, 16.140164871591438 ], [ -97.565376440893544, 16.139997935598835 ], [ -97.56492147556402, 16.139552017439687 ], [ -97.564835161423858, 16.139365030143388 ], [ -97.564887326013732, 16.138938341391697 ], [ -97.565048160231811, 16.138515773185883 ], [ -97.565907305730633, 16.136558072878039 ], [ -97.565959125266801, 16.136178830121288 ], [ -97.565872396575514, 16.136049456967882 ], [ -97.565415843966832, 16.135824957821328 ], [ -97.565287041140991, 16.135695301412426 ], [ -97.565142513535037, 16.135314737823027 ], [ -97.565064848423546, 16.134900732002222 ], [ -97.564846939978139, 16.13334926836712 ], [ -97.564806200536125, 16.132920259519238 ], [ -97.564833990017974, 16.132469681945711 ], [ -97.564914428475888, 16.132255008513184 ], [ -97.565262017375659, 16.131703776299211 ], [ -97.565426382948544, 16.131520169995866 ], [ -97.56584583384462, 16.131214572680108 ], [ -97.566280683201114, 16.130961610686029 ], [ -97.567890521916297, 16.13008671115039 ], [ -97.568335665719502, 16.129864316588566 ], [ -97.56880317248347, 16.129701382288804 ], [ -97.569025896277992, 16.129691014227763 ], [ -97.569597768115457, 16.129805564004215 ], [ -97.56975157545584, 16.129870990381058 ], [ -97.569897470896024, 16.130061764547257 ], [ -97.569952085602338, 16.130268872773865 ], [ -97.570061058986354, 16.131044603688665 ], [ -97.570110524246303, 16.131236425903165 ], [ -97.570232388470728, 16.13135586531218 ], [ -97.570357014874318, 16.131334670767139 ], [ -97.570816739872186, 16.131116322863459 ], [ -97.57104771692012, 16.130933158101985 ], [ -97.571665882974557, 16.130296736469013 ], [ -97.572317996557601, 16.129570725652435 ], [ -97.574742988423495, 16.126819077680629 ], [ -97.575279960216363, 16.126010945394526 ], [ -97.575360877150572, 16.124991329674824 ], [ -97.57493950705782, 16.124342869019703 ], [ -97.572892222129298, 16.122336324991956 ], [ -97.5723599537166, 16.121753208269627 ], [ -97.571923296202769, 16.121038550646336 ], [ -97.571831765822026, 16.120600728828105 ], [ -97.571841279205159, 16.119272218280386 ], [ -97.571801901668039, 16.118895751363738 ], [ -97.571608627450459, 16.11846741632824 ], [ -97.571371899361736, 16.118231975869001 ], [ -97.570460445840467, 16.117561586748547 ], [ -97.570223501571562, 16.117356646695708 ], [ -97.570029211690439, 16.117070650906744 ], [ -97.569988598624278, 16.116867025736184 ], [ -97.569993360401838, 16.116202770787911 ], [ -97.569963192232606, 16.116009383234498 ], [ -97.56981764600188, 16.11577116291306 ], [ -97.569639891173665, 16.115624235614483 ], [ -97.568955916597091, 16.115176794064073 ], [ -97.568788899359006, 16.114999435151418 ], [ -97.568693458417286, 16.114619202951559 ], [ -97.568724131057735, 16.114253373078633 ], [ -97.568962708426284, 16.11292639880643 ], [ -97.56897247713249, 16.112519285149702 ], [ -97.568972636802314, 16.112519759134027 ], [ -97.568780394823222, 16.111949081947014 ], [ -97.568495836101107, 16.111540468255754 ], [ -97.567360145870566, 16.110204278599006 ], [ -97.567085963703263, 16.109816068278398 ], [ -97.566942128430469, 16.10934061275448 ], [ -97.567010830559326, 16.109049601096547 ], [ -97.567475272757918, 16.108167001396279 ], [ -97.567648963203496, 16.107902112719223 ], [ -97.567995078316301, 16.107548565710172 ], [ -97.568315837797158, 16.107308386921527 ], [ -97.569466595807043, 16.106541095758949 ], [ -97.569682103712822, 16.106428562533917 ], [ -97.56977099351154, 16.106382146240385 ], [ -97.570040763384881, 16.106407677011539 ], [ -97.570070463214847, 16.106479341851927 ], [ -97.57006256727486, 16.10654508646093 ], [ -97.570057015624172, 16.107320051286127 ], [ -97.570060793191601, 16.107526819082402 ], [ -97.570083973691837, 16.107716770673726 ], [ -97.570113311148702, 16.10778136229397 ], [ -97.570227038840173, 16.107892838233926 ], [ -97.570272589170457, 16.10789653238561 ], [ -97.570426854021264, 16.107754640941234 ], [ -97.570814605232243, 16.107112730770147 ] ] ] ] } },
{ "type": "Feature", "properties": { "fid": 2.0, "cat": 3, "CLAVE_ACUI": "2019", "NOM_ACUIF": "CHACAHUA", "VULNERABIL": 1 }, "geometry": { "type": "MultiPolygon", "coordinates": [ [ [ [ -97.57006256727486, 16.10654508646093 ], [ -97.570070463214847, 16.106479341851927 ], [ -97.570084936809735, 16.106358829023382 ], [ -97.570183776449241, 16.106264592475728 ], [ -97.570302606503617, 16.10631622622909 ], [ -97.570758308125477, 16.106651419803651 ], [ -97.570860926082403, 16.10676395079496 ], [ -97.570884107325952, 16.106953902366847 ], [ -97.570814605232243, 16.107112730770147 ], [ -97.570426854021264, 16.107754640941234 ], [ -97.570272589170457, 16.10789653238561 ], [ -97.570227038840173, 16.107892838233926 ], [ -97.570113311148702, 16.10778136229397 ], [ -97.570083973691837, 16.107716770673726 ], [ -97.570060793191601, 16.107526819082402 ], [ -97.570057015624172, 16.107320051286127 ], [ -97.57006256727486, 16.10654508646093 ] ] ] ] } },
{ "type": "Feature", "properties": { "fid": 3.0, "cat": 5, "CLAVE_ACUI": "2019", "NOM_ACUIF": "CHACAHUA", "VULNERABIL": 2 }, "geometry": { "type": "MultiPolygon", "coordinates": [ [ [ [ -97.347976551926862, 16.098953479899389 ], [ -97.348147241565471, 16.098871770952876 ], [ -97.348710207916312, 16.099042179759088 ], [ -97.34934375790084, 16.099367328542915 ], [ -97.351737378168707, 16.100714267016436 ], [ -97.352643887892114, 16.101097429892167 ], [ -97.354480631470466, 16.101538590256155 ], [ -97.356198042678542, 16.101785648068972 ], [ -97.362375916282559, 16.102497327241345 ], [ -97.364030464389458, 16.102718424515519 ], [ -97.365573781581176, 16.103038632197627 ], [ -97.366123969349772, 16.103274983975947 ], [ -97.367148196422079, 16.104057755193818 ], [ -97.367230883283511, 16.104234612608938 ], [ -97.36659252319032, 16.104277177387374 ], [ -97.365597894590962, 16.104161122967774 ], [ -97.361594673237647, 16.103576927794705 ], [ -97.360468645714036, 16.103454758725199 ], [ -97.359217053653069, 16.103468871384194 ], [ -97.358555090214082, 16.103611204515126 ], [ -97.356717512780989, 16.104261307299009 ], [ -97.356186786019933, 16.104430059283626 ], [ -97.355547644587745, 16.1045674748488 ], [ -97.355165312791442, 16.104595031418469 ], [ -97.354020240031076, 16.10458621066768 ], [ -97.353643711222404, 16.104547725081964 ], [ -97.353031649843416, 16.104376949148115 ], [ -97.3525338060264, 16.104171468758189 ], [ -97.350822604374386, 16.103383329616292 ], [ -97.350325353748602, 16.103106681614168 ], [ -97.349716045524815, 16.102603803446996 ], [ -97.349342855970164, 16.102162054510043 ], [ -97.348210621410132, 16.100603435757787 ], [ -97.347926738136309, 16.100172542068542 ], [ -97.347734174199843, 16.099720326312724 ], [ -97.347742965105098, 16.099505197726007 ], [ -97.347976551926862, 16.098953479899389 ] ] ] ] } },
{ "type": "Feature", "properties": { "fid": 4.0, "cat": 4, "CLAVE_ACUI": "2019", "NOM_ACUIF": "CHACAHUA", "VULNERABIL": 2 }, "geometry": { "type": "MultiPolygon", "coordinates": [ [ [ [ -97.39046198600029, 16.096305606434509 ], [ -97.390821584940255, 16.095616961559895 ], [ -97.391218756100457, 16.09505060216264 ], [ -97.391426546584754, 16.094930162734212 ], [ -97.391999065876277, 16.094934471125399 ], [ -97.392184556180709, 16.094971451038447 ], [ -97.392477658519581, 16.095139716286628 ], [ -97.392710886178804, 16.095343115248344 ], [ -97.393506183039534, 16.096124043885347 ], [ -97.393639104527509, 16.096377522758917 ], [ -97.393464103704972, 16.096779496885301 ], [ -97.393081179742893, 16.097100266126574 ], [ -97.391469192170064, 16.098195206834088 ], [ -97.391049416000328, 16.098520777949975 ], [ -97.390702457571791, 16.09894517711065 ], [ -97.390626579771379, 16.099225891279762 ], [ -97.39061944244331, 16.100111491962071 ], [ -97.39059109051243, 16.100367146660389 ], [ -97.390465918842452, 16.100674601212308 ], [ -97.390315453949967, 16.100858167202169 ], [ -97.389738454454331, 16.101407352868932 ], [ -97.389546170321239, 16.101560102157066 ], [ -97.389225845489136, 16.101723747317706 ], [ -97.388960522806173, 16.101804776704832 ], [ -97.388042674437997, 16.102019266499443 ], [ -97.387750691551545, 16.102145844358351 ], [ -97.387305953089211, 16.102522053082737 ], [ -97.386962594377493, 16.102932916036277 ], [ -97.385804982001218, 16.104474063495616 ], [ -97.385398602000336, 16.104874280129422 ], [ -97.384659784214037, 16.105200813532068 ], [ -97.384010711418057, 16.105267072272692 ], [ -97.381720525869781, 16.105249733124378 ], [ -97.381098444003285, 16.105229768701403 ], [ -97.380485579527445, 16.105153954393774 ], [ -97.38023214067033, 16.105065613955219 ], [ -97.37966229131753, 16.104729173102623 ], [ -97.379540511102192, 16.104616413362333 ], [ -97.379542051547432, 16.104426642914326 ], [ -97.37966603210964, 16.104268301985488 ], [ -97.380243065708299, 16.103719146961399 ], [ -97.380498537195294, 16.103556719010967 ], [ -97.381113705105278, 16.103347876922737 ], [ -97.381737044679156, 16.103211957712794 ], [ -97.384030790940244, 16.102786495791598 ], [ -97.384701655331895, 16.102625509788393 ], [ -97.385538612599788, 16.10229971705807 ], [ -97.386063400911411, 16.101995285525152 ], [ -97.38767544688632, 16.100900391484565 ], [ -97.38815372747176, 16.10049393381184 ], [ -97.388773664827895, 16.099692032408775 ], [ -97.389181007946092, 16.098952916786949 ], [ -97.39046198600029, 16.096305606434509 ] ] ] ] } },
{ "type": "Feature", "properties": { "fid": 5.0, "cat": 7, "CLAVE_ACUI": "2019", "NOM_ACUIF": "CHACAHUA", "VULNERABIL": 3 }, "geometry": { "type": "MultiPolygon", "coordinates": [ [ [ [ -97.60688438595092, 16.073963323987613 ], [ -97.606237813197922, 16.073687971389017 ], [ -97.604821984939406, 16.072634848174047 ], [ -97.603445958737964, 16.071405734080454 ], [ -97.598440464823781, 16.066722935515784 ], [ -97.597095992962537, 16.065504160113726 ], [ -97.595827150060828, 16.064499397141049 ], [ -97.595358976127486, 16.064282802249874 ], [ -97.594442999711475, 16.064276790693835 ], [ -97.594110309328443, 16.064233935105037 ], [ -97.593473731225103, 16.064039955198879 ], [ -97.592897025400177, 16.063805695832428 ], [ -97.59084232084065, 16.06290645532702 ], [ -97.590202532275981, 16.062671773956637 ], [ -97.589271546149462, 16.062475843487071 ], [ -97.588581353565104, 16.062430623843831 ], [ -97.586291441139991, 16.062415516826256 ], [ -97.58560153759224, 16.062329618490885 ], [ -97.584671900991623, 16.061943879182405 ], [ -97.584033754171472, 16.061478721781608 ], [ -97.581985392306564, 16.059693718542732 ], [ -97.581410203332084, 16.059249306578501 ], [ -97.580774328799521, 16.058960396549399 ], [ -97.580441123320611, 16.058992080606785 ], [ -97.579522035481389, 16.059428848029945 ], [ -97.57922015688689, 16.059491241128086 ], [ -97.579160573516631, 16.059490845813229 ], [ -97.578730480716175, 16.05934564345208 ], [ -97.578332822994739, 16.059075253489009 ], [ -97.576966772027163, 16.057959027368415 ], [ -97.576548234894275, 16.057668160238293 ], [ -97.575961104122769, 16.057427010121643 ], [ -97.575540882198624, 16.057373377017814 ], [ -97.574166976934578, 16.057364234881263 ], [ -97.573740919343962, 16.057391901218757 ], [ -97.573126554885434, 16.057530157164049 ], [ -97.572674948409983, 16.057699999184056 ], [ -97.571181810918901, 16.058354333619626 ], [ -97.570793107548297, 16.058550010332663 ], [ -97.570523326514603, 16.058767672448045 ], [ -97.570446619849562, 16.058873081246897 ], [ -97.568711768689056, 16.056415014406966 ], [ -97.566947302751174, 16.05536147671889 ], [ -97.567636545893109, 16.054994516127426 ], [ -97.56855959001166, 16.054004251343322 ], [ -97.568799986285185, 16.05371607795065 ], [ -97.568998796584083, 16.053361536334773 ], [ -97.569042415524379, 16.053143221970458 ], [ -97.569047160595844, 16.052478963347401 ], [ -97.569001335147064, 16.05227021921641 ], [ -97.56878273851369, 16.051960338479923 ], [ -97.568516283525227, 16.051726395606526 ], [ -97.567491428104859, 16.050944540424528 ], [ -97.567145901395179, 16.05074057045708 ], [ -97.566558294564004, 16.050570567476292 ], [ -97.565885641483064, 16.050530479192126 ], [ -97.564347066903622, 16.050520175262683 ], [ -97.563824863029936, 16.050516675519845 ], [ -97.563246729546819, 16.050492464081547 ], [ -97.563119527174052, 16.050472666128694 ], [ -97.562609551005693, 16.050393291946328 ], [ -97.562277429560098, 16.050275829810783 ], [ -97.561364710178168, 16.049826844263691 ], [ -97.561095967302691, 16.049669135219521 ], [ -97.560754551229621, 16.049382147110528 ], [ -97.560535556944259, 16.049129873244102 ], [ -97.559855002662601, 16.048239582539853 ], [ -97.559573072775962, 16.047966549508239 ], [ -97.558937952214123, 16.047582686090504 ], [ -97.558312567928127, 16.047307341640519 ], [ -97.556029240499285, 16.046406251521287 ], [ -97.555388130278345, 16.046125709285537 ], [ -97.554679598292608, 16.045717614816091 ], [ -97.554308519288838, 16.045415165989166 ], [ -97.553285353638628, 16.04441183137628 ], [ -97.553008976654525, 16.044099852155377 ], [ -97.552742377525476, 16.043647286096082 ], [ -97.552637898147609, 16.04331274259804 ], [ -97.552416927322014, 16.042204105735347 ], [ -97.552301223205674, 16.041877112067688 ], [ -97.552015441221911, 16.041503215127619 ], [ -97.551708657021962, 16.041277454259074 ], [ -97.550568642461712, 16.040605462657258 ], [ -97.550261934880936, 16.040369532794827 ], [ -97.549970643281398, 16.039940521509003 ], [ -97.54987180961875, 16.039600058742693 ], [ -97.549861219680849, 16.039563578403282 ], [ -97.549641868389855, 16.038233521962962 ], [ -97.549632286985684, 16.037862337989779 ], [ -97.54980692328833, 16.037460202512598 ], [ -97.550065984707416, 16.037256906935003 ], [ -97.551100298917063, 16.036710326518392 ], [ -97.551452950328567, 16.036650008657411 ], [ -97.55206434699987, 16.036915108069252 ], [ -97.552585121504649, 16.037354138953081 ], [ -97.554404024431122, 16.039137843382427 ], [ -97.555034359568353, 16.03969453595959 ], [ -97.556157006658012, 16.04050873500432 ], [ -97.557130455278454, 16.041115181898626 ], [ -97.560550606343384, 16.04313104156628 ], [ -97.561503638183837, 16.04365599177201 ], [ -97.562530928352032, 16.044089926904594 ], [ -97.563045449940333, 16.044184886291951 ], [ -97.56441925814751, 16.044194092405426 ], [ -97.564797974892713, 16.044166125598505 ], [ -97.565191510653776, 16.044026412594484 ], [ -97.565374987627138, 16.043854789814493 ], [ -97.565837676125412, 16.04319359619749 ], [ -97.566026335927518, 16.043032175132588 ], [ -97.56644406156326, 16.042940070714273 ], [ -97.566753379323956, 16.04296269051413 ], [ -97.566852153085506, 16.042969913550614 ], [ -97.568338857360814, 16.043201278955827 ], [ -97.568757064531454, 16.043287108227158 ], [ -97.56923231998374, 16.043482338055234 ], [ -97.569304731439345, 16.043648894135742 ], [ -97.569466764662906, 16.043780461360981 ], [ -97.570150510099779, 16.044227884490056 ], [ -97.570333427078722, 16.044379925891835 ], [ -97.570503292552658, 16.044642030426076 ], [ -97.570563040393324, 16.044864424179796 ], [ -97.570671998273966, 16.045640157201465 ], [ -97.57078431630012, 16.045862901514877 ], [ -97.571199509538943, 16.046126641542294 ], [ -97.571680325211929, 16.046280667865108 ], [ -97.573508943569465, 16.046735708703007 ], [ -97.57404276710561, 16.046829076396033 ], [ -97.574705319470283, 16.046809759288656 ], [ -97.575117998424105, 16.046688796114001 ], [ -97.576381277285691, 16.046143614780206 ], [ -97.576678733415164, 16.045960876517434 ], [ -97.576803586765806, 16.045653284099799 ], [ -97.576684493249132, 16.045396604973568 ], [ -97.576003873986124, 16.044506360477278 ], [ -97.575869119603652, 16.04423432533493 ], [ -97.5759208813475, 16.043855073534761 ], [ -97.576129580298783, 16.043585320226768 ], [ -97.577005866422013, 16.042749476946767 ], [ -97.577351678373702, 16.042419625100099 ], [ -97.577431433856063, 16.04229305754448 ], [ -97.577457817944222, 16.04203226038825 ], [ -97.577415754171938, 16.041786260606631 ], [ -97.577193073542475, 16.040899058704053 ], [ -97.577098513807002, 16.04064254270374 ], [ -97.576879915064566, 16.04033266991766 ], [ -97.576662191044889, 16.040146510370278 ], [ -97.575864746739413, 16.039587637108784 ], [ -97.575562554193951, 16.039451754167398 ], [ -97.574949764216313, 16.039376507594703 ], [ -97.574376542109562, 16.039404894453234 ], [ -97.572314293655296, 16.039612601813019 ], [ -97.571762025952978, 16.039651288869869 ], [ -97.571247026842457, 16.039624132625292 ], [ -97.571063581736624, 16.039546652033696 ], [ -97.570722504227149, 16.039212232649085 ], [ -97.57063433451448, 16.039043877333508 ], [ -97.570563952814624, 16.038592638848868 ], [ -97.570551577090257, 16.038116367766655 ], [ -97.570564204309562, 16.036345007693935 ], [ -97.570494185562211, 16.035842932934518 ], [ -97.570203479786599, 16.035353264015669 ], [ -97.570154806266075, 16.035271277397772 ], [ -97.569739998369826, 16.034956700804926 ], [ -97.568143615448491, 16.034060325932451 ], [ -97.568058150651225, 16.034004959804207 ], [ -97.56771278930394, 16.033781225876883 ], [ -97.567298642152167, 16.033375139968825 ], [ -97.56713782883962, 16.033074117881526 ], [ -97.566801514647921, 16.032075434251333 ], [ -97.566629826531624, 16.031825177806425 ], [ -97.566164928236816, 16.031655997661559 ], [ -97.565672475628517, 16.031664567312895 ], [ -97.563839259724745, 16.031873730030334 ], [ -97.563740922552185, 16.031891312592112 ], [ -97.563309391810122, 16.031968469163047 ], [ -97.562669891467451, 16.032201430872231 ], [ -97.562286187051313, 16.032439494678453 ], [ -97.561135061603849, 16.033317494338462 ], [ -97.560782966110565, 16.033545599509978 ], [ -97.560314576281044, 16.033723151437087 ], [ -97.560290984748164, 16.033732094212457 ], [ -97.559940250309182, 16.033770410098469 ], [ -97.558795471839147, 16.033762719889637 ], [ -97.558455835139483, 16.03371976641472 ], [ -97.558015642518527, 16.033527010272408 ], [ -97.557726433032684, 16.033294597988032 ], [ -97.556816985740653, 16.032402761995055 ], [ -97.556517192953436, 16.032180444747066 ], [ -97.556027602817949, 16.032034801588235 ], [ -97.555627980555116, 16.032049056857431 ], [ -97.554252665002537, 16.032261219746452 ], [ -97.55384296908916, 16.032214397720086 ], [ -97.553351089352248, 16.031819625286616 ], [ -97.55330637311009, 16.031783736834804 ], [ -97.552949504762609, 16.031215329288969 ], [ -97.552385113404341, 16.030104375039762 ], [ -97.551924390111523, 16.029197470739575 ], [ -97.551820727888895, 16.028993419707856 ], [ -97.551358958917547, 16.028393798884789 ], [ -97.550332803490406, 16.027817477882358 ], [ -97.549328636087168, 16.027593779823412 ], [ -97.545668686857866, 16.027126142173088 ], [ -97.544627661282561, 16.026912340506833 ], [ -97.543429481638611, 16.026382270366717 ], [ -97.543337012753497, 16.026307342561164 ], [ -97.542705958598162, 16.026040695410071 ], [ -97.542242969071253, 16.025613898805315 ], [ -97.541317299016882, 16.024341757217826 ], [ -97.540938977891372, 16.023948852111236 ], [ -97.540466538748007, 16.023322014139421 ], [ -97.540714593363745, 16.022944109817658 ], [ -97.541326451102236, 16.022919271156816 ], [ -97.544459232857548, 16.023157079286371 ], [ -97.545303478753667, 16.023200085661706 ], [ -97.545315848468704, 16.02319937230731 ], [ -97.546039708272261, 16.023157626468581 ], [ -97.546247218103488, 16.023053966715722 ], [ -97.546479367192873, 16.022612681731076 ], [ -97.546592409885235, 16.022488046383042 ], [ -97.546887793784364, 16.022347699689167 ], [ -97.547196728044156, 16.022271839426899 ], [ -97.548343036425422, 16.022058167988241 ], [ -97.548694240819231, 16.021952088451922 ], [ -97.549186886642786, 16.021670725137934 ], [ -97.549539461400599, 16.021374857026363 ], [ -97.550692157586724, 16.020275498788187 ], [ -97.551023629304225, 16.019989653007851 ], [ -97.551417808256815, 16.019755068240482 ], [ -97.55164945004465, 16.019705793211511 ], [ -97.552336266774219, 16.019710426999143 ], [ -97.552556809424871, 16.019742417508073 ], [ -97.552899191918343, 16.01988707378727 ], [ -97.553167767450319, 16.02006173503819 ], [ -97.554078740898674, 16.020732162835529 ], [ -97.554368343803034, 16.020906964403142 ], [ -97.554808847222333, 16.021052278805595 ], [ -97.555148534604385, 16.021085069091377 ], [ -97.556293238916865, 16.021092772836955 ], [ -97.556675562033561, 16.021044506022594 ], [ -97.557315031072591, 16.020811559613279 ], [ -97.557846234048469, 16.020527045205863 ], [ -97.559685701379692, 16.019432248308188 ], [ -97.560227191451858, 16.019178299589846 ], [ -97.560914689194746, 16.019088011738781 ], [ -97.561355340370369, 16.019212978342335 ], [ -97.562724220962806, 16.019886440173835 ], [ -97.563185536591902, 16.020062380188467 ], [ -97.563969457193068, 16.020209974947313 ], [ -97.564628027731587, 16.02024488367497 ], [ -97.566917436969149, 16.020260183179026 ], [ -97.567571187959786, 16.020234044341507 ], [ -97.568332614679989, 16.02009677671845 ], [ -97.568766615573807, 16.019926819857456 ], [ -97.570030522116795, 16.019270952203598 ], [ -97.570359720284827, 16.01905453874862 ], [ -97.570632075997253, 16.018700481633612 ], [ -97.570691957825446, 16.018411099659438 ], [ -97.570731800316921, 16.018721481216012 ], [ -97.570924825844543, 16.019173536572641 ], [ -97.571160734684995, 16.019508948213197 ], [ -97.571169189259265, 16.019519314770168 ], [ -97.571146284412876, 16.020226242989509 ], [ -97.57117668853418, 16.020385740093143 ], [ -97.571322514589696, 16.020576508823666 ], [ -97.571500433549375, 16.020689538367641 ], [ -97.571702208762659, 16.020788795934951 ], [ -97.572184897288196, 16.021026239671954 ], [ -97.572342225695365, 16.02107812508816 ], [ -97.572391959679891, 16.020983556935217 ], [ -97.572415243257453, 16.020912537569952 ], [ -97.573124913630735, 16.021154504691765 ], [ -97.573434206542572, 16.02143786874014 ], [ -97.573660343949271, 16.021669840952871 ], [ -97.57491324452981, 16.022563889410542 ], [ -97.575514003687545, 16.022845796973343 ], [ -97.576249224869457, 16.022945575437028 ], [ -97.576995824793102, 16.022923413705524 ], [ -97.579222790090697, 16.022758779707399 ], [ -97.580097967554607, 16.022741003611131 ], [ -97.580916294036484, 16.022789213519744 ], [ -97.581526592339017, 16.022852349972521 ], [ -97.581985717447509, 16.022923827139063 ], [ -97.582422332191271, 16.023018100350743 ], [ -97.582932718493907, 16.023150136187258 ], [ -97.58343312332444, 16.023302672275264 ], [ -97.583801906512477, 16.023412782559586 ], [ -97.584024793165952, 16.023443961344128 ], [ -97.584299102528377, 16.023426657684208 ], [ -97.584122656609111, 16.023619288712126 ], [ -97.583965619533203, 16.023824744247769 ], [ -97.583503819052893, 16.024375275834565 ], [ -97.583383225654302, 16.024579530084633 ], [ -97.583282258221161, 16.024982185684706 ], [ -97.583258612524176, 16.025353153779335 ], [ -97.583249233122217, 16.02668168257544 ], [ -97.583193868332032, 16.027077860583375 ], [ -97.582944878408568, 16.027598162340485 ], [ -97.582644542653426, 16.027945272158249 ], [ -97.581491958895441, 16.029044812025703 ], [ -97.581186541602065, 16.029366466368337 ], [ -97.580913851634904, 16.029767984272624 ], [ -97.580829712470532, 16.030019927333498 ], [ -97.580709752975494, 16.030794143867187 ], [ -97.580710025408905, 16.030796718694685 ], [ -97.580731104955944, 16.030995945971622 ], [ -97.58095070796881, 16.031163472590734 ], [ -97.581243074678071, 16.031200993898381 ], [ -97.582387849786571, 16.031208563128356 ], [ -97.582749163669689, 16.031160111961416 ], [ -97.583290518935087, 16.03092644009801 ], [ -97.5837025688529, 16.030641074087359 ], [ -97.585084104878277, 16.029543032586417 ], [ -97.58566407332664, 16.029299441069309 ], [ -97.586989065877077, 16.02926072336977 ], [ -97.593103768931329, 16.030366276149717 ], [ -97.594411160886708, 16.030590066317757 ], [ -97.595710471486925, 16.030717201440229 ], [ -97.596259234396385, 16.03067503824796 ], [ -97.597520813852668, 16.030351141553332 ], [ -97.597807383665412, 16.030215749280099 ], [ -97.597883131955058, 16.029907820043118 ], [ -97.59770477473009, 16.029603313662971 ], [ -97.59679669888753, 16.028490211243437 ], [ -97.596581113514631, 16.028151880047428 ], [ -97.596578748438532, 16.028140638737845 ], [ -97.596486792055714, 16.027703566050274 ], [ -97.5965660572774, 16.027393965659233 ], [ -97.596969129056092, 16.026532620070224 ], [ -97.597030928172586, 16.026400558241004 ], [ -97.597104913222381, 16.026204310079212 ], [ -97.597108293856508, 16.026125710335869 ], [ -97.59707912617705, 16.026029117026294 ], [ -97.597369447842482, 16.025935549666499 ], [ -97.597666098486656, 16.025873007935246 ], [ -97.598070390398689, 16.025839566258654 ], [ -97.598295194047651, 16.025855239366656 ], [ -97.59844675011739, 16.026183568931913 ], [ -97.598647653245891, 16.026508662041639 ], [ -97.598856650741737, 16.02675367700115 ], [ -97.600107388808695, 16.02797972398114 ], [ -97.600517227517642, 16.028258624542087 ], [ -97.601179061225736, 16.028334116069647 ], [ -97.601714697554712, 16.028163059941651 ], [ -97.603552490536359, 16.027289297323943 ], [ -97.604072741810555, 16.027062211548429 ], [ -97.604662796624979, 16.026876249882012 ], [ -97.604985481657749, 16.026837676868997 ], [ -97.605901291153302, 16.026843629809825 ], [ -97.60616047358117, 16.026865649577736 ], [ -97.606454182038661, 16.026962457694452 ], [ -97.606614583212618, 16.027078735408097 ], [ -97.607069414602691, 16.027524556353423 ], [ -97.607198347662646, 16.027630461487647 ], [ -97.607345202707094, 16.027678864943674 ], [ -97.607426062427052, 16.027642107633369 ], [ -97.60765655238815, 16.027422169943002 ], [ -97.607747713471213, 16.027415982982951 ], [ -97.607942642429549, 16.027607048278661 ], [ -97.608129951715952, 16.027886185584471 ], [ -97.608809136900447, 16.028997760128512 ], [ -97.609006961854732, 16.029276965013455 ], [ -97.609250955712753, 16.029468347463464 ], [ -97.609401692959594, 16.029462546112008 ], [ -97.609861138729812, 16.029244090188481 ], [ -97.610032761477655, 16.029258759491562 ], [ -97.610374223033531, 16.029545672523227 ], [ -97.610690403514013, 16.029940878770098 ], [ -97.611824460648691, 16.031498258913977 ], [ -97.612182489548871, 16.031924237835998 ], [ -97.612719224986762, 16.032354761544017 ], [ -97.613127960425032, 16.032543816297345 ], [ -97.614498659757103, 16.032995543784029 ], [ -97.614897025342472, 16.03316419258168 ], [ -97.615385362283192, 16.033499497250627 ], [ -97.615684621069491, 16.033809855408901 ], [ -97.616592830114854, 16.034922887492549 ], [ -97.616860622142198, 16.03522287335392 ], [ -97.617202103821086, 16.03550977692495 ], [ -97.617422142307419, 16.035619653368862 ], [ -97.618107507334059, 16.035845505564676 ], [ -97.618311811291548, 16.035950195800019 ], [ -97.618579864122964, 16.036212899121669 ], [ -97.618758492984938, 16.036483499397931 ], [ -97.619041228173415, 16.036983477855873 ], [ -97.619041267989431, 16.036983548265056 ], [ -97.620665855310349, 16.038575680649437 ], [ -97.620665951130675, 16.038575732938892 ], [ -97.621179128347194, 16.038855775375225 ], [ -97.621529721927871, 16.039093586519886 ], [ -97.622139279122351, 16.039643183105404 ], [ -97.62265948320443, 16.04019050946911 ], [ -97.624469609054287, 16.042186323802714 ], [ -97.625610610841022, 16.043073415770831 ], [ -97.626257050114219, 16.043358872445143 ], [ -97.627858347678654, 16.04359056425978 ], [ -97.628348333013193, 16.043691990463913 ], [ -97.629033631936323, 16.043933626772901 ], [ -97.629522645635447, 16.044177395341723 ], [ -97.631119418610595, 16.045073340347976 ], [ -97.631640049940032, 16.045307138429905 ], [ -97.632472881905514, 16.045502255843875 ], [ -97.633142009825718, 16.04554719616748 ], [ -97.635431775116771, 16.045561787312625 ], [ -97.63606929275214, 16.045616685247605 ], [ -97.636754609425736, 16.045858298051517 ], [ -97.637096116030293, 16.046148562450558 ], [ -97.638004501756384, 16.047261516165797 ], [ -97.638335221854931, 16.04759238217181 ], [ -97.638970192284788, 16.048023470726335 ], [ -97.639546573348554, 16.048308444666329 ], [ -97.641601391489701, 16.049207224375138 ], [ -97.642188294617469, 16.049492258384614 ], [ -97.642872347610663, 16.049923647337021 ], [ -97.643262662649391, 16.050254883994818 ], [ -97.644400085661829, 16.05136926416656 ], [ -97.644727593628403, 16.05165942912673 ], [ -97.645118534039156, 16.051899154854514 ], [ -97.645349511680351, 16.051951455385847 ], [ -97.646036466466938, 16.051955797860668 ], [ -97.64626799414205, 16.051926756948291 ], [ -97.646661501408857, 16.051786891086469 ], [ -97.646992126558132, 16.051616123369151 ], [ -97.648141532577966, 16.05095906956241 ], [ -97.648508956206086, 16.050788531481764 ], [ -97.648820498551842, 16.050712036698645 ], [ -97.648985208405747, 16.050332280168611 ], [ -97.648729945021444, 16.049983263670185 ], [ -97.648721077088723, 16.049975299355037 ], [ -97.649231583600908, 16.050180183654614 ], [ -97.649814443846495, 16.050287232074595 ], [ -97.651873805614485, 16.050521636045911 ], [ -97.652441067945205, 16.050603159294901 ], [ -97.652801653559223, 16.050692744005957 ], [ -97.652647216368692, 16.050699357235526 ], [ -97.652074011189626, 16.050806470299747 ], [ -97.652024441476996, 16.050880723889307 ], [ -97.652366322138491, 16.051120128240239 ], [ -97.652904294120162, 16.051387879818215 ], [ -97.655072962981762, 16.052397970753418 ], [ -97.655647914444387, 16.0526405279799 ], [ -97.656162338728493, 16.0527623824218 ], [ -97.656322277743527, 16.052693904086784 ], [ -97.656554234435433, 16.052252484593001 ], [ -97.65664613434997, 16.052137823173645 ], [ -97.656843044477327, 16.052044156135437 ], [ -97.656908091061084, 16.052037579820155 ], [ -97.65771940317164, 16.052029312437178 ], [ -97.657945672935526, 16.052000225839699 ], [ -97.658314639731842, 16.051860184270009 ], [ -97.658615465013426, 16.051689211295102 ], [ -97.659650345830471, 16.0510313760191 ], [ -97.65984076532925, 16.050859710439699 ], [ -97.659694512954133, 16.050716442999807 ], [ -97.659643312260158, 16.050685618578669 ], [ -97.660170965148524, 16.050663498688252 ], [ -97.660686974023122, 16.05054809761344 ], [ -97.660896476432683, 16.050405359742992 ], [ -97.660855071796462, 16.050569484393574 ], [ -97.661123519855849, 16.05078469104502 ], [ -97.661537427456324, 16.05092429541364 ], [ -97.663642181752408, 16.051494069994209 ], [ -97.664846885104481, 16.052295286809599 ], [ -97.665049672736131, 16.052371116264986 ], [ -97.665540991859345, 16.052279275250669 ], [ -97.666040087735794, 16.05207224344176 ], [ -97.667226881314832, 16.051507635385949 ], [ -97.667227008235471, 16.051507572233319 ], [ -97.668387885019968, 16.050929948136588 ], [ -97.668930159451548, 16.050553709554123 ], [ -97.669194826451886, 16.050284204891312 ], [ -97.670509776767418, 16.049142245031319 ], [ -97.670961678686226, 16.049178941989847 ], [ -97.672332649494166, 16.049630317645942 ], [ -97.672720724592736, 16.049778464482028 ], [ -97.673160767451009, 16.050018445279971 ], [ -97.673401324881581, 16.050213128515164 ], [ -97.674083885459368, 16.050881668848216 ], [ -97.674314064706138, 16.051055950763484 ], [ -97.674705671556353, 16.051200726762161 ], [ -97.675034930445165, 16.051233267465669 ], [ -97.676179865050116, 16.051240344781206 ], [ -97.676551720599733, 16.051191801550868 ], [ -97.677142110775279, 16.050958191818843 ], [ -97.677613668773759, 16.050673006446655 ], [ -97.679223872946537, 16.049575743943723 ], [ -97.67971632018353, 16.049311018463737 ], [ -97.680404213058125, 16.049172902225806 ], [ -97.680894471336131, 16.049240318911902 ], [ -97.682494455820603, 16.049693040798267 ], [ -97.682931608458077, 16.049841471412261 ], [ -97.683371665363779, 16.050081432159274 ], [ -97.683563165159669, 16.050275803206492 ], [ -97.684016775071413, 16.050942907379945 ], [ -97.684218991363025, 16.051106839361793 ], [ -97.684709056048206, 16.051204750914852 ], [ -97.685206931855348, 16.051180691732245 ], [ -97.687040285672992, 16.050970494949063 ], [ -97.68761183083906, 16.050936713402365 ], [ -97.688445689806514, 16.050989270720361 ], [ -97.68906537248769, 16.051098133976321 ], [ -97.691123372197652, 16.051553595542636 ], [ -97.691690617489812, 16.051641794752353 ], [ -97.692279755811228, 16.051597940097793 ], [ -97.692554135833873, 16.051447092301039 ], [ -97.693245434933203, 16.050786989982583 ], [ -97.693446342531118, 16.050615356474463 ], [ -97.69369261478451, 16.050474503816737 ], [ -97.693843524950324, 16.050444919333298 ], [ -97.694301500393621, 16.050447710662922 ], [ -97.694514968928431, 16.050499852227656 ], [ -97.695053180762102, 16.050740388027911 ], [ -97.695608587609925, 16.051031868079978 ], [ -97.697662288149886, 16.052151562295055 ], [ -97.698228217945271, 16.05244310000457 ], [ -97.698585648599817, 16.052589668489009 ], [ -97.697171655579808, 16.053466460954301 ], [ -97.695064915302183, 16.054772813938808 ], [ -97.692595494152627, 16.056304059020597 ], [ -97.687901677814153, 16.059214612849946 ], [ -97.681273900318629, 16.063324382337843 ], [ -97.676367513744964, 16.066366747270873 ], [ -97.659688630382533, 16.076709032596749 ], [ -97.652656864152945, 16.0810693084684 ], [ -97.647647346967716, 16.084175622898972 ], [ -97.64681179696565, 16.084693424464106 ], [ -97.641890931001171, 16.084621256291392 ], [ -97.641794909730137, 16.084613850006527 ], [ -97.640885354438581, 16.084543692298261 ], [ -97.640252404493836, 16.08457186727734 ], [ -97.640712353924613, 16.08446633317719 ], [ -97.640910593694485, 16.084182890632 ], [ -97.640733844711619, 16.083883507587675 ], [ -97.639710783564595, 16.082769826893347 ], [ -97.63937110578739, 16.082459238662576 ], [ -97.638808998309273, 16.082123509306108 ], [ -97.638345665228542, 16.081954483763216 ], [ -97.636745555423119, 16.081501421125761 ], [ -97.636050385804339, 16.081402088601251 ], [ -97.634525549102747, 16.081392359617141 ], [ -97.632991301230746, 16.081477460199959 ], [ -97.627377339604465, 16.081884375556477 ], [ -97.625942642759611, 16.082020903364228 ], [ -97.624861357686015, 16.082251204915941 ], [ -97.624751362371612, 16.082443687573807 ], [ -97.62430372387297, 16.082288290479724 ], [ -97.622782720144315, 16.082231051804534 ], [ -97.623223428795697, 16.08203505051689 ], [ -97.623331147523487, 16.081918813206723 ], [ -97.623259005118769, 16.081704823287339 ], [ -97.623048226261901, 16.081515360615189 ], [ -97.622136737711756, 16.080845189313187 ], [ -97.621884036931519, 16.080635119811156 ], [ -97.621616251877242, 16.080324968695319 ], [ -97.621486402366557, 16.080091965345638 ], [ -97.621148224011122, 16.079314767432418 ], [ -97.621028611111996, 16.079122501364875 ], [ -97.620808594635889, 16.079002457737232 ], [ -97.620613898074268, 16.079023232799212 ], [ -97.619925329620756, 16.079240225422243 ], [ -97.619683486549548, 16.079235275761931 ], [ -97.619243455484209, 16.078995185640931 ], [ -97.618856683839127, 16.078657149129238 ], [ -97.617491790963371, 16.077319731511178 ], [ -97.61704200103955, 16.076971117012125 ], [ -97.616307864592997, 16.076681670054253 ], [ -97.615708887255664, 16.076616788207964 ], [ -97.613647795908477, 16.076603442603624 ], [ -97.613038234024444, 16.076548652617699 ], [ -97.612254703351795, 16.076306322011934 ], [ -97.611744936616049, 16.076014925932764 ], [ -97.610149565686555, 16.074897403381772 ], [ -97.60966090781713, 16.074595972047323 ], [ -97.608975865533921, 16.074306820237542 ], [ -97.608485890811494, 16.074195177497018 ], [ -97.60688438595092, 16.073963323987613 ] ], [ [ -97.607089519366554, 16.056912062656821 ], [ -97.605709432038395, 16.057788814958627 ], [ -97.605328942204963, 16.058067647809192 ], [ -97.604933416363451, 16.058492120965873 ], [ -97.604748869620281, 16.058819678807065 ], [ -97.604283174974199, 16.059923808514696 ], [ -97.604272156419157, 16.060247412748744 ], [ -97.604684567257692, 16.060652610932287 ], [ -97.605289282892812, 16.060909865219681 ], [ -97.607688303118849, 16.061700492960124 ], [ -97.608370691790313, 16.061860835978457 ], [ -97.609156139250487, 16.061818489341629 ], [ -97.609595816525598, 16.061597652069288 ], [ -97.61086218894458, 16.060609421333986 ], [ -97.611202569725648, 16.060301509443221 ], [ -97.61152464750748, 16.059852822847343 ], [ -97.611644378355109, 16.059519754332158 ], [ -97.611881043546234, 16.058414121213829 ], [ -97.611984965338436, 16.058086033827294 ], [ -97.612233269724513, 16.057660592590778 ], [ -97.61248406820566, 16.057380906553629 ], [ -97.613406152488665, 16.056501143678226 ], [ -97.613557093435134, 16.056215725731622 ], [ -97.613339405706867, 16.055763540931132 ], [ -97.612877484117732, 16.055402979970911 ], [ -97.610939552178223, 16.054172537461408 ], [ -97.610388053445945, 16.053841894378451 ], [ -97.609696988441627, 16.053511375951903 ], [ -97.609395604871693, 16.053413488058382 ], [ -97.608366719441861, 16.053185373438506 ], [ -97.608098469839064, 16.05320227176658 ], [ -97.607875521698745, 16.053509247963863 ], [ -97.607825273730015, 16.053930887311264 ], [ -97.607813730954817, 16.055591561419707 ], [ -97.607747356577448, 16.056063935059413 ], [ -97.607449152042463, 16.056607671084578 ], [ -97.607089519366554, 16.056912062656821 ] ], [ [ -97.581478723437314, 16.047759067409206 ], [ -97.581110417750409, 16.047800689328625 ], [ -97.580761580029403, 16.04855757179423 ], [ -97.580631544662864, 16.049597210846425 ], [ -97.580373541629456, 16.053691976172718 ], [ -97.580332655420051, 16.054762708236638 ], [ -97.580399867065069, 16.055664694137786 ], [ -97.580536770942516, 16.055882513428113 ], [ -97.581108444375801, 16.055997016680866 ], [ -97.581336523445458, 16.055961245688682 ], [ -97.581829217728142, 16.055679811274256 ], [ -97.582304986234305, 16.055313532287325 ], [ -97.584032531018423, 16.053885655747159 ], [ -97.584451216466661, 16.053412232456644 ], [ -97.584677550652486, 16.052630809817664 ], [ -97.584582201833172, 16.051987915874506 ], [ -97.583910915568993, 16.049769166220962 ], [ -97.583673340783307, 16.049166003073694 ], [ -97.583235938390274, 16.048569991760804 ], [ -97.582848652356347, 16.048321709795232 ], [ -97.581478723437314, 16.047759067409206 ] ], [ [ -97.623789576747185, 16.0503430902818 ], [ -97.624065991336792, 16.050412651626445 ], [ -97.62455601369409, 16.05051069843644 ], [ -97.624979631167832, 16.050581203561315 ], [ -97.62646649260013, 16.050812175218439 ], [ -97.62686925695327, 16.050857123198806 ], [ -97.627261959897254, 16.050835914449824 ], [ -97.627420199448466, 16.050760668780931 ], [ -97.627765947066777, 16.050430731117501 ], [ -97.627845675903984, 16.050304142615985 ], [ -97.627871996824965, 16.050043334328723 ], [ -97.627829869459831, 16.049797339590995 ], [ -97.62760695523896, 16.048910172353683 ], [ -97.62749150636914, 16.048623036239896 ], [ -97.627175659024275, 16.048170234810403 ], [ -97.62683989816135, 16.047810511399064 ], [ -97.625588869927071, 16.046584600008131 ], [ -97.625195077064291, 16.046255005952926 ], [ -97.624608397152912, 16.045942814652246 ], [ -97.624164075241751, 16.045826420922708 ], [ -97.622290203420462, 16.045560750136776 ], [ -97.62196805663261, 16.045529694621266 ], [ -97.620336891575946, 16.045465146801032 ], [ -97.620010707547976, 16.045498634437219 ], [ -97.619518902806405, 16.045661542913169 ], [ -97.619142508086483, 16.045860781485693 ], [ -97.617877798922095, 16.046627648714018 ], [ -97.6175589485741, 16.046867926934134 ], [ -97.617335694596207, 16.047222362906663 ], [ -97.617335611301527, 16.047488422243507 ], [ -97.617558478081023, 16.048375596605307 ], [ -97.617673982293525, 16.04865256951437 ], [ -97.617990134920959, 16.049057935253416 ], [ -97.618326277937456, 16.049360055907002 ], [ -97.619578799705522, 16.050364582878036 ], [ -97.619957425297841, 16.050605967569311 ], [ -97.620471815655634, 16.050727905674908 ], [ -97.620828032466235, 16.05066071827023 ], [ -97.621975984018746, 16.050225235680987 ], [ -97.622311415488468, 16.050122324342585 ], [ -97.622728813488848, 16.05007755749924 ], [ -97.622989665244546, 16.050116516411094 ], [ -97.623789576747185, 16.0503430902818 ] ], [ [ -97.581079776900822, 16.027561538005251 ], [ -97.581826530804094, 16.027683976977038 ], [ -97.582360015149817, 16.027570002355912 ], [ -97.582485519860825, 16.02700140438505 ], [ -97.583203095877266, 16.024638049176264 ], [ -97.582851189079364, 16.024183798417965 ], [ -97.581570205679512, 16.024283796012178 ], [ -97.577785433108346, 16.024285856925072 ], [ -97.577130667954265, 16.024371900833508 ], [ -97.576769995835917, 16.025155859193198 ], [ -97.576640117860194, 16.026339042507633 ], [ -97.57664100059246, 16.027532131680552 ], [ -97.576748650627664, 16.028165541606992 ], [ -97.57699666610857, 16.028772767199303 ], [ -97.577616747857761, 16.029626500009503 ], [ -97.578960427154598, 16.029915600308392 ], [ -97.580237481355326, 16.030375983318404 ], [ -97.579432471733128, 16.029240838427128 ], [ -97.57978539698216, 16.028230861368023 ], [ -97.580386471330698, 16.027810029609324 ], [ -97.581079776900822, 16.027561538005251 ] ] ] ] } },
{ "type": "Feature", "properties": { "fid": 6.0, "cat": 1, "CLAVE_ACUI": "2019", "NOM_ACUIF": "CHACAHUA", "VULNERABIL": 1 }, "geometry": { "type": "MultiPolygon", "coordinates": [ [ [ [ -97.351005606484151, 15.999129617754074 ], [ -97.351624415401105, 15.999293647147898 ], [ -97.353677208194725, 16.000195034754803 ], [ -97.354253398562335, 16.000429898603471 ], [ -97.354889482870902, 16.000624552124474 ], [ -97.355221983283911, 16.000667765519086 ], [ -97.356137566993823, 16.00067477321565 ], [ -97.356565743381665, 16.000586547031158 ], [ -97.35764831341082, 16.000167815927597 ], [ -97.358766661445188, 15.999657850156037 ], [ -97.362903006011365, 15.997696691414586 ], [ -97.364031839446312, 15.997186775659735 ], [ -97.365163427051925, 15.996768376797705 ], [ -97.365651151544697, 15.996680584433149 ], [ -97.366795614553837, 15.996689285792487 ], [ -97.367103753854252, 15.996711961417153 ], [ -97.367397274012518, 15.99680908310852 ], [ -97.367508449236055, 15.996925153087748 ], [ -97.367733747154134, 15.997369691429554 ], [ -97.367855268218676, 15.997506173742741 ], [ -97.368197068460674, 15.997698552665058 ], [ -97.368563833791924, 15.997836896936619 ], [ -97.369933608893234, 15.998290119943244 ], [ -97.370353588513154, 15.998347529420521 ], [ -97.370943713514833, 15.998162221227464 ], [ -97.371366768213448, 15.997840085616387 ], [ -97.372750888037928, 15.99652208880712 ], [ -97.373174347782339, 15.996149117278925 ], [ -97.37376638297205, 15.995726585680455 ], [ -97.374188688332097, 15.995495940697262 ], [ -97.375567407913223, 15.994842124281092 ], [ -97.375957521750991, 15.994692567984035 ], [ -97.376399338391948, 15.994648460351021 ], [ -97.3766403918235, 15.994735006179139 ], [ -97.377323493179645, 15.995182993747187 ], [ -97.377595832713212, 15.995300275777742 ], [ -97.378183647707303, 15.995399604566646 ], [ -97.378751043829766, 15.995424219812426 ], [ -97.38081107833726, 15.995439751137674 ], [ -97.381441947114965, 15.995414002520484 ], [ -97.382325965015269, 15.995278320682427 ], [ -97.382957978180102, 15.9951102380245 ], [ -97.385023348527469, 15.994461523577257 ], [ -97.385655031101777, 15.994334098163471 ], [ -97.386537520306248, 15.994388171329154 ], [ -97.387166538353227, 15.994592844296445 ], [ -97.389219478302365, 15.995493902889432 ], [ -97.389827238059169, 15.995728910335451 ], [ -97.390610499288769, 15.995924562437137 ], [ -97.391121683109986, 15.995969058332053 ], [ -97.392723946121194, 15.995981048145296 ], [ -97.393204087085508, 15.995964304631892 ], [ -97.393842480844455, 15.995874184484622 ], [ -97.39427433060105, 15.99576218507265 ], [ -97.395651232813407, 15.995329636783783 ], [ -97.396046010281864, 15.995252941587363 ], [ -97.396511406320826, 15.99532758406389 ], [ -97.396781480968045, 15.995510911757226 ], [ -97.397576436760147, 15.996291797632653 ], [ -97.397725116007479, 15.996540305007439 ], [ -97.397623992686519, 15.996919121633663 ], [ -97.397680208469254, 15.997046064372819 ], [ -97.395414754487632, 15.99854631104686 ], [ -97.395287389216193, 15.998480968485302 ], [ -97.395062026491388, 15.998036453364675 ], [ -97.394982283995958, 15.997930798122644 ], [ -97.394835514562558, 15.997882255488987 ], [ -97.394705586335803, 15.997918564060459 ], [ -97.39424602343496, 15.998136546096474 ], [ -97.394120822383911, 15.998238975474138 ], [ -97.393996114062674, 15.998498997789994 ], [ -97.393943160326501, 15.998768028908687 ], [ -97.393820750399016, 15.999763485048918 ], [ -97.393820186925183, 16.000053241822787 ], [ -97.393939968557717, 16.000409984100113 ], [ -97.394111648996343, 16.000629859066361 ], [ -97.394793045272181, 16.001299198903592 ], [ -97.394970023358283, 16.001514029364547 ], [ -97.395114522328967, 16.001847232725154 ], [ -97.395143971066275, 16.002108407160499 ], [ -97.395136899003134, 16.002994017823909 ], [ -97.395150703270389, 16.003239824784607 ], [ -97.395222195610842, 16.003501313309417 ], [ -97.395310523346467, 16.003629061363469 ], [ -97.395651227699659, 16.003963730160667 ], [ -97.395844665059954, 16.004092263075364 ], [ -97.396406668667041, 16.004357414003376 ], [ -97.397016094792932, 16.004607666901475 ], [ -97.399298092455126, 16.005510350010436 ], [ -97.399965377456084, 16.005755942765017 ], [ -97.400797364214071, 16.005999370964926 ], [ -97.401318630741741, 16.006101533387312 ], [ -97.402919222661623, 16.00633485796477 ], [ -97.403461352211153, 16.006457504655284 ], [ -97.404390697351644, 16.006796536067661 ], [ -97.405176205635797, 16.007158218845174 ], [ -97.407912587550598, 16.008507023417252 ], [ -97.408672033072506, 16.008843083427461 ], [ -97.409479707659088, 16.009062576408255 ], [ -97.409874080623908, 16.009040079273433 ], [ -97.410906810204352, 16.008715598208525 ], [ -97.411176414637822, 16.008519334292018 ], [ -97.411401839951495, 16.007927920050061 ], [ -97.411454271657462, 16.007279306740429 ], [ -97.41147352651717, 16.004843858757898 ], [ -97.411537110137573, 16.004113990656819 ], [ -97.411756238947063, 16.00334746542601 ], [ -97.41196459540582, 16.003003851268183 ], [ -97.412888957791992, 16.001903595217506 ], [ -97.413129719774048, 16.001586803664335 ], [ -97.413328919085657, 16.001208702009414 ], [ -97.413372728110588, 16.000985348617796 ], [ -97.413376808832638, 16.000468395395604 ], [ -97.413880911674966, 15.999858854416598 ], [ -97.414742473245184, 15.999461916515644 ], [ -97.4155153222829, 15.999428643339339 ], [ -97.41826039751038, 15.999670287765815 ], [ -97.419000276252234, 15.999819768181991 ], [ -97.419707964469936, 16.000275718725089 ], [ -97.419979068837904, 16.000777598105323 ], [ -97.42053653771805, 16.002663752088175 ], [ -97.420775954136388, 16.00318573212445 ], [ -97.421055982710229, 16.0035187882877 ], [ -97.421518803484247, 16.003925487318348 ], [ -97.42200964685604, 16.004110408210035 ], [ -97.423951018997329, 16.004678207543833 ], [ -97.424516944070021, 16.004895869987955 ], [ -97.42520890919694, 16.005335000497151 ], [ -97.425994886005228, 16.006327851700956 ], [ -97.426200610522059, 16.00668012708287 ], [ -97.426367276992565, 16.007321880839161 ], [ -97.42639964688037, 16.00788639664524 ], [ -97.426384038014476, 16.00987904979387 ], [ -97.426348203014186, 16.0104278149003 ], [ -97.426196582607218, 16.010996065685589 ], [ -97.42601581689587, 16.01125908728747 ], [ -97.425323861836574, 16.011918269148421 ], [ -97.425143492693266, 16.012130456874409 ], [ -97.424993727513268, 16.012461485930345 ], [ -97.424960146628152, 16.012722197000706 ], [ -97.424953201072228, 16.013607819656674 ], [ -97.424935506771021, 16.013853396473795 ], [ -97.424859879048412, 16.01411379897992 ], [ -97.424769533706893, 16.014240225709901 ], [ -97.424423549284114, 16.014569814234484 ], [ -97.42416533670999, 16.014654339888814 ], [ -97.423306329670751, 16.014719202705859 ], [ -97.422337389783763, 16.014727334774914 ], [ -97.418674681727168, 16.014700385826167 ], [ -97.41770550342946, 16.014738996620274 ], [ -97.416845374297765, 16.014946164987578 ], [ -97.416585796085684, 16.01520351243056 ], [ -97.4162345587511, 16.016197300397074 ], [ -97.41620069822072, 16.01649189739959 ], [ -97.41639392252597, 16.016872895964188 ], [ -97.416703818564244, 16.017122582317931 ], [ -97.417956781551226, 16.017906782869716 ], [ -97.418335288038776, 16.018121387860369 ], [ -97.418848683199712, 16.018338680518674 ], [ -97.419203597978992, 16.018434493646698 ], [ -97.420346472984164, 16.018664326050324 ], [ -97.420680365655329, 16.018759982112211 ], [ -97.421095655097432, 16.018976547779026 ], [ -97.421355033225268, 16.019190271431388 ], [ -97.42215017822069, 16.019971081765238 ], [ -97.422346008004666, 16.02024534009384 ], [ -97.422464731872736, 16.020744403424537 ], [ -97.422438507000152, 16.021183092801984 ], [ -97.422197397164624, 16.022731246090046 ], [ -97.422150306789021, 16.023149447555575 ], [ -97.422171664482264, 16.023552901598489 ], [ -97.422249266181396, 16.023711063072014 ], [ -97.422590050435019, 16.024045695638026 ], [ -97.42280992561453, 16.024159150679601 ], [ -97.423495225767198, 16.024353973988077 ], [ -97.424254351849527, 16.024518835941159 ], [ -97.428466515197982, 16.025481155833138 ], [ -97.428596816424005, 16.025622756176073 ], [ -97.428593348775863, 16.026065567758781 ], [ -97.428560750507003, 16.02620089132316 ], [ -97.428412092792286, 16.026389589639443 ], [ -97.428232322742048, 16.026523834959526 ], [ -97.427542051973603, 16.026961613360442 ], [ -97.427351370159712, 16.027146613709025 ], [ -97.427151793663612, 16.027572171622513 ], [ -97.427057366088889, 16.027995111244582 ], [ -97.426816278188099, 16.029543271239199 ], [ -97.426721848594639, 16.029966210492731 ], [ -97.426522267440916, 16.030391767342763 ], [ -97.426331581208956, 16.030576766352155 ], [ -97.425641292079604, 16.0310145368578 ], [ -97.425440131876954, 16.031194374485629 ], [ -97.425191674516384, 16.031595847529029 ], [ -97.425037895369826, 16.031989542859222 ], [ -97.424568712729936, 16.033425313827237 ], [ -97.424535905637086, 16.033809730059005 ], [ -97.4248519938036, 16.034167902377764 ], [ -97.425336356191607, 16.034295160027323 ], [ -97.424787720200214, 16.034319937541873 ], [ -97.424171686631595, 16.034671261685315 ], [ -97.423840273277577, 16.035148376435412 ], [ -97.422909701082446, 16.037023585401197 ], [ -97.42262518820651, 16.037551878295478 ], [ -97.422228043525493, 16.038142039167379 ], [ -97.421945207449525, 16.03845683329693 ], [ -97.421022447013925, 16.039335709394571 ], [ -97.420771506423961, 16.039604984480839 ], [ -97.420419454082761, 16.04025308702613 ], [ -97.42018352651607, 16.041137018236974 ], [ -97.420048145209662, 16.041417310934687 ], [ -97.419713087756236, 16.041776279766783 ], [ -97.419402256597621, 16.041995464360607 ], [ -97.418136915227052, 16.042761090301546 ], [ -97.417780942674497, 16.043016029781565 ], [ -97.417385083379187, 16.043440125964821 ], [ -97.417175542743607, 16.043791038512399 ], [ -97.41659354214957, 16.045004533338606 ], [ -97.416420995276681, 16.045330300406384 ], [ -97.41619778131907, 16.045637053137437 ], [ -97.41559179273159, 16.045967523344146 ], [ -97.415439763594748, 16.046135850993828 ], [ -97.415189952667433, 16.046703361393391 ], [ -97.414985108001673, 16.047345762701021 ], [ -97.414278966101307, 16.049776122671968 ], [ -97.414058143150584, 16.050443821893971 ], [ -97.413733788482418, 16.051129393851031 ], [ -97.413491248377582, 16.051441083180542 ], [ -97.412683746919626, 16.052210059653294 ], [ -97.412357901294513, 16.052419459296722 ], [ -97.411644792821278, 16.052627681854496 ], [ -97.410951912275024, 16.052715741531809 ], [ -97.408431577598705, 16.052918447367169 ], [ -97.407749370791592, 16.052986241644877 ], [ -97.407086074733868, 16.053099926109272 ], [ -97.406820715770621, 16.053194539793189 ], [ -97.406245669256194, 16.053522386096439 ], [ -97.406116176731899, 16.053719680228109 ], [ -97.406086925675964, 16.054312540888446 ], [ -97.406174631517658, 16.054962190627421 ], [ -97.406613181507311, 16.057401028497161 ], [ -97.406826327064223, 16.058143114833261 ], [ -97.407382454774833, 16.05916734619268 ], [ -97.407963779718003, 16.059888446553636 ], [ -97.41012052881328, 16.062229340103311 ], [ -97.41070797673477, 16.062843725616531 ], [ -97.411292622845593, 16.063369974379228 ], [ -97.411540380914715, 16.063507373716853 ], [ -97.412111937730856, 16.063622321788216 ], [ -97.412260094784486, 16.063723396838519 ], [ -97.412379937294133, 16.064080133202605 ], [ -97.412402983706286, 16.064488681598473 ], [ -97.412390690077075, 16.066038504297861 ], [ -97.412344385445351, 16.066573626680551 ], [ -97.412140590187207, 16.067521041636525 ], [ -97.411895757109022, 16.068339368797911 ], [ -97.410956980891982, 16.071210809778712 ], [ -97.410543015766734, 16.072139716009474 ], [ -97.409549964086111, 16.073603171484731 ], [ -97.408545277419762, 16.074764911965882 ], [ -97.404849710813636, 16.078722868146368 ], [ -97.403855485291601, 16.079884659692222 ], [ -97.40291141371992, 16.081348441634173 ], [ -97.402556972459237, 16.082277771249743 ], [ -97.401846978913397, 16.085150861252117 ], [ -97.401577052899313, 16.086029984586837 ], [ -97.401027401927948, 16.087259471836429 ], [ -97.400512110516161, 16.08813675792689 ], [ -97.39865703892967, 16.091001260598439 ], [ -97.398179223592479, 16.091792400443371 ], [ -97.397804521999632, 16.092619896256782 ], [ -97.397747052482003, 16.093010894493393 ], [ -97.397853565397114, 16.094008057696588 ], [ -97.397934021941381, 16.094247585001551 ], [ -97.398202972756351, 16.094368215727577 ], [ -97.39850673137903, 16.094301017663295 ], [ -97.3996553178646, 16.093866792124984 ], [ -97.399970323899737, 16.09370817312141 ], [ -97.400291767706548, 16.093402180324208 ], [ -97.400435967141405, 16.093123667075982 ], [ -97.400787452247528, 16.092129931137421 ], [ -97.40091061884128, 16.091851260045093 ], [ -97.40113391312255, 16.091544531298538 ], [ -97.401329738415868, 16.091385018381363 ], [ -97.402020294170839, 16.090947352167341 ], [ -97.402210901102976, 16.090782715813283 ], [ -97.402409845706487, 16.090452080418665 ], [ -97.402503445334361, 16.09014438060121 ], [ -97.402741297473838, 16.089039083297248 ], [ -97.402899288086033, 16.088569192025265 ], [ -97.403398723830932, 16.087481662693701 ], [ -97.403954208080165, 16.086397939028743 ], [ -97.40604698182797, 16.08242807447251 ], [ -97.406665525818241, 16.081344810883419 ], [ -97.407459339192513, 16.080259460882846 ], [ -97.407974818306499, 16.079792225337886 ], [ -97.409586569174394, 16.078697136712822 ], [ -97.410006193033183, 16.078381688559109 ], [ -97.410352696400963, 16.078004693787214 ], [ -97.410428078291204, 16.077781578750699 ], [ -97.410433357729971, 16.077117370412857 ], [ -97.410484312285888, 16.076880517728146 ], [ -97.410676487322547, 16.076515931476813 ], [ -97.411842097707677, 16.075098939547914 ], [ -97.412093797871563, 16.074741571496194 ], [ -97.412343659878843, 16.074174070071809 ], [ -97.412458065636613, 16.073661950913667 ], [ -97.412690189110762, 16.072172599072022 ], [ -97.412784837513996, 16.071729339103992 ], [ -97.41298524894907, 16.07120891586549 ], [ -97.413176902517606, 16.070908713950097 ], [ -97.41387087129857, 16.07002819335997 ], [ -97.414083792956106, 16.069697646789603 ], [ -97.41438346107411, 16.06903561807346 ], [ -97.414598636091583, 16.068420409263407 ], [ -97.415303108628962, 16.066211461397451 ], [ -97.415487136753597, 16.065545185052112 ], [ -97.415641471791105, 16.064644845640835 ], [ -97.415677923153339, 16.064024923037266 ], [ -97.415693694198794, 16.062032290252045 ], [ -97.415676849928289, 16.061503476915707 ], [ -97.415582473843088, 16.06102831435215 ], [ -97.415464495319441, 16.060878323998406 ], [ -97.415008305416364, 16.060653531053717 ], [ -97.414878177870548, 16.060552272652057 ], [ -97.414704532352957, 16.060286961626034 ], [ -97.414596269175675, 16.06001673226762 ], [ -97.414260704554366, 16.059017873076424 ], [ -97.414105250870705, 16.058732043470947 ], [ -97.413715363995934, 16.05839703099485 ], [ -97.413313836780418, 16.058204270833063 ], [ -97.411527562677506, 16.057508715730805 ], [ -97.411240408253576, 16.056846844632183 ], [ -97.41118964085392, 16.056619403327566 ], [ -97.411290027449411, 16.056335469864084 ], [ -97.411484203900898, 16.05615729176192 ], [ -97.412289971685979, 16.055609725365255 ], [ -97.412531176134252, 16.055467479559848 ], [ -97.412851031492906, 16.055351233985242 ], [ -97.413066763522636, 16.055327414754057 ], [ -97.413753657987414, 16.055332502891517 ], [ -97.413980064689923, 16.055288427605735 ], [ -97.414349734238627, 16.055077655704977 ], [ -97.414651426306648, 16.054820628061105 ], [ -97.415689647306337, 16.053831934386942 ], [ -97.416034194219321, 16.053473550432692 ], [ -97.416603862620519, 16.052789788164976 ], [ -97.417073126228871, 16.052171368330352 ], [ -97.418693334742073, 16.049969162879396 ], [ -97.419115314671771, 16.049345304809233 ], [ -97.41946436654932, 16.04863618173875 ], [ -97.419541034171715, 16.048247007730232 ], [ -97.419549765731134, 16.047139985862778 ], [ -97.41959441143932, 16.046811578270855 ], [ -97.419794026376067, 16.046386031279223 ], [ -97.420034544450417, 16.04610651433801 ], [ -97.420957342841206, 16.045227646210055 ], [ -97.421197617602786, 16.044978627277807 ], [ -97.421396105988748, 16.044695409804735 ], [ -97.421439386509007, 16.044539832611761 ], [ -97.421442874171362, 16.044097023319296 ], [ -97.421512397284701, 16.04394672293714 ], [ -97.421833350389747, 16.04368813011714 ], [ -97.422222331122896, 16.043469011545106 ], [ -97.423716615450843, 16.042705044390623 ], [ -97.424169070498749, 16.042435553008197 ], [ -97.424786247729969, 16.041941899432079 ], [ -97.425215473833404, 16.041506171443082 ], [ -97.426601340467442, 16.039966422268343 ], [ -97.42707814569097, 16.039495453946387 ], [ -97.427917379915982, 16.038837355359984 ], [ -97.428639479871208, 16.038368181591522 ], [ -97.431170026291056, 16.036836784546203 ], [ -97.431924206896596, 16.036296662871944 ], [ -97.432834292170867, 16.035537388711635 ], [ -97.433093522766413, 16.035325772282917 ], [ -97.433613835167776, 16.034665317461069 ], [ -97.434097905328571, 16.033933426075535 ], [ -97.436309980282616, 16.030461652383337 ], [ -97.436772748171464, 16.029881903066872 ], [ -97.436780655943096, 16.029871996277308 ], [ -97.436979631018048, 16.029746356221395 ], [ -97.437437507494025, 16.029749692269128 ], [ -97.437567319672056, 16.029730303472732 ], [ -97.43771523321405, 16.029636486898191 ], [ -97.437796726029148, 16.02952185205103 ], [ -97.438029111709469, 16.029080705856799 ], [ -97.438163166269604, 16.028966453567758 ], [ -97.43855636901867, 16.028874422174017 ], [ -97.438984032806019, 16.028857200396544 ], [ -97.440586595380182, 16.028868856690767 ], [ -97.441040658970095, 16.02883657187596 ], [ -97.441557058570169, 16.028674259573528 ], [ -97.441840708276246, 16.028474670134539 ], [ -97.442648003993767, 16.027705563646226 ], [ -97.442811113969313, 16.02745934505004 ], [ -97.442765001957255, 16.02707943362844 ], [ -97.44253601859343, 16.026782921598894 ], [ -97.441513547714351, 16.025779107755465 ], [ -97.4411898782528, 16.025492073922493 ], [ -97.440701886462705, 16.025156398417597 ], [ -97.440328424648655, 16.024963895665124 ], [ -97.43907359822245, 16.024401221488127 ], [ -97.438747325783766, 16.024224310333999 ], [ -97.438676612596453, 16.024154884628587 ], [ -97.438595994136122, 16.023932313696914 ], [ -97.438487557552378, 16.023156556574367 ], [ -97.43847017051921, 16.022914111325331 ], [ -97.438497467180426, 16.022558457292362 ], [ -97.438553849277596, 16.022292825324712 ], [ -97.43878966769374, 16.021408863211008 ], [ -97.438914574793031, 16.021118311520141 ], [ -97.439261656621639, 16.020646365613914 ], [ -97.439632579828441, 16.020262708299516 ], [ -97.441016462961343, 16.018944247352447 ], [ -97.441388405712729, 16.018428419765925 ], [ -97.44174026382133, 16.017339691182251 ], [ -97.441870975613014, 16.016300192681143 ], [ -97.442275373089771, 16.011523958833745 ], [ -97.442656074441345, 16.010654408343221 ], [ -97.443160024041077, 16.010183214589489 ], [ -97.445060423790608, 16.009361633265851 ], [ -97.445430935936258, 16.009238296400252 ], [ -97.44626557741482, 16.009149442527388 ], [ -97.44690988600216, 16.009204939693038 ], [ -97.449082023990044, 16.00955276940056 ], [ -97.449625181709521, 16.009775288060439 ], [ -97.449987775366012, 16.010465891450714 ], [ -97.449962607075236, 16.011229950083202 ], [ -97.44948254933982, 16.014104952071705 ], [ -97.449404661601392, 16.014888963966978 ], [ -97.449521254248594, 16.015672685970713 ], [ -97.449765704343989, 16.016008276870284 ], [ -97.45078988338031, 16.01679064318008 ], [ -97.451098427770532, 16.016994520810602 ], [ -97.451514118065276, 16.017163585564649 ], [ -97.451799416522249, 16.017201229030171 ], [ -97.45271511882332, 16.017207831865402 ], [ -97.452958291804265, 16.017255337427311 ], [ -97.453177396772574, 16.017470429470617 ], [ -97.453247230898896, 16.017730198471174 ], [ -97.453354018599853, 16.018727361847439 ], [ -97.453418323124566, 16.019022676463514 ], [ -97.45361162325527, 16.019403647917532 ], [ -97.453823462085481, 16.019652578101383 ], [ -97.454618746500358, 16.020433279420054 ], [ -97.454951672236618, 16.020657662354452 ], [ -97.455710038860772, 16.020924081365262 ], [ -97.456460494554946, 16.021080295258841 ], [ -97.459204262765951, 16.021542855295966 ], [ -97.459992492194047, 16.021572237081852 ], [ -97.460927116725429, 16.021246810053587 ], [ -97.461474062496578, 16.020752533553644 ], [ -97.463091833389441, 16.018771330238199 ], [ -97.463528274306583, 16.018291507100866 ], [ -97.463947246879698, 16.018033544533061 ], [ -97.464109340162111, 16.018144850551824 ], [ -97.46444680498017, 16.018922241548093 ], [ -97.464523403200602, 16.019215947548005 ], [ -97.464543395270098, 16.019809184753942 ], [ -97.464495356644605, 16.020362960437797 ], [ -97.4642511803047, 16.022354009129277 ], [ -97.464166541245305, 16.022882104239553 ], [ -97.464015738864504, 16.023355499923095 ], [ -97.463884946271079, 16.023503684359625 ], [ -97.463425383140859, 16.023721815507439 ], [ -97.463315770156996, 16.023849816570067 ], [ -97.463263806434384, 16.024229024342041 ], [ -97.463299185706532, 16.024642748720012 ], [ -97.46351625422956, 16.02619425465133 ], [ -97.463672021054265, 16.026674928716169 ], [ -97.464181865076924, 16.027366567931505 ], [ -97.464754448785769, 16.027873948842586 ], [ -97.466916682387335, 16.029550076309654 ], [ -97.467531951272548, 16.029976417188369 ], [ -97.468240951533545, 16.030289890657397 ], [ -97.468638538002764, 16.030311369720824 ], [ -97.469784938667061, 16.030098129340036 ], [ -97.470103796587651, 16.030103792982 ], [ -97.470445401210455, 16.030343467254269 ], [ -97.470614550289895, 16.030680195751444 ], [ -97.471062310692673, 16.032011921072336 ], [ -97.471273203160976, 16.03238961616066 ], [ -97.471809605868003, 16.032820467565983 ], [ -97.472365003556689, 16.033058273483601 ], [ -97.474420464738841, 16.033737172472232 ], [ -97.475007871056292, 16.03391419552451 ], [ -97.475693630652955, 16.034061414092228 ], [ -97.476085880072787, 16.034094703973214 ], [ -97.477230617439631, 16.034102835756887 ], [ -97.477632994492822, 16.034187031591191 ], [ -97.47836601811575, 16.034571816025359 ], [ -97.479010819935624, 16.035037311412207 ], [ -97.481286894771088, 16.036824827444146 ], [ -97.482005456495443, 16.037270502519025 ], [ -97.483082646785789, 16.037562813099786 ], [ -97.483902925556023, 16.037534723712255 ], [ -97.486653695539005, 16.037111310397908 ], [ -97.487375057397486, 16.036955416764691 ], [ -97.48799064682953, 16.036651347333361 ], [ -97.488148698824759, 16.03637285807514 ], [ -97.488270685424311, 16.035377311984636 ], [ -97.488328900663291, 16.03509303489113 ], [ -97.488478585861372, 16.034761954609419 ], [ -97.488634206536133, 16.034573259783443 ], [ -97.489210749561991, 16.034023763183189 ], [ -97.48948638724039, 16.033952838397902 ], [ -97.490196156353804, 16.034171352440442 ], [ -97.490934477231349, 16.03455443849229 ], [ -97.493670231751508, 16.036123641600131 ], [ -97.494413632930787, 16.036532170956274 ], [ -97.495147058258055, 16.036869455885491 ], [ -97.495451405055661, 16.036942763775258 ], [ -97.496138263319708, 16.03694758239887 ], [ -97.496401396740254, 16.036908758051283 ], [ -97.496942493753082, 16.036722759590344 ], [ -97.497452355220375, 16.036495871014374 ], [ -97.499290603207839, 16.035623046561646 ], [ -97.499810972690653, 16.035396225463547 ], [ -97.500401124097081, 16.035210560855258 ], [ -97.500723828906956, 16.035172147539633 ], [ -97.501639634114937, 16.035178548680609 ], [ -97.501972092434556, 16.035241876264195 ], [ -97.503424811698721, 16.036404333286111 ], [ -97.504011424183602, 16.036693116042471 ], [ -97.50457761867203, 16.036900415122474 ], [ -97.506633255451646, 16.037579017686387 ], [ -97.507252854460887, 16.037674839731519 ], [ -97.508088669307398, 16.037443415909646 ], [ -97.508663088840592, 16.037016988386892 ], [ -97.510507879861223, 16.035258407711233 ], [ -97.511008696456443, 16.034831461673821 ], [ -97.511501068523827, 16.034597638230593 ], [ -97.511703642560491, 16.034690551789595 ], [ -97.51215661840962, 16.035357972139259 ], [ -97.512369103330684, 16.035532293958845 ], [ -97.512907722562929, 16.03567837510208 ], [ -97.513464693642163, 16.035712739568218 ], [ -97.51552527349773, 16.035727014704218 ], [ -97.51609328556394, 16.035690276175227 ], [ -97.516683426837403, 16.035504565538471 ], [ -97.516958473269483, 16.035276004103395 ], [ -97.517651878807982, 16.034395094038313 ], [ -97.517869213276285, 16.034150880980132 ], [ -97.5181900385505, 16.033892131485164 ], [ -97.518431026116858, 16.033766702384355 ], [ -97.519234808526065, 16.033440114443664 ], [ -97.519444480943108, 16.033283965275515 ], [ -97.51961917080618, 16.03288185893647 ], [ -97.519659055400069, 16.032463570645351 ], [ -97.519670493342431, 16.030913664949605 ], [ -97.519647449638953, 16.030474607159722 ], [ -97.519528475470111, 16.029975576619805 ], [ -97.519381556382882, 16.02970173358538 ], [ -97.518814910438422, 16.028922829270535 ], [ -97.518531176315165, 16.028668376103298 ], [ -97.517773729069717, 16.02825983154597 ], [ -97.51697539749712, 16.027930647556794 ], [ -97.514007317593823, 16.026802978336281 ], [ -97.513224730392764, 16.026478974071289 ], [ -97.512540716196114, 16.026094645491739 ], [ -97.512346138296337, 16.025869611060234 ], [ -97.512122121417832, 16.025203780067674 ], [ -97.512016562560405, 16.025025116531864 ], [ -97.511747970926834, 16.024857184264572 ], [ -97.511469827469625, 16.024795944299782 ], [ -97.510440417021016, 16.02467808730896 ], [ -97.51017301334798, 16.024586417749543 ], [ -97.509954539382861, 16.024276486295886 ], [ -97.509909837247747, 16.023925396896164 ], [ -97.509919700290524, 16.022596911153478 ], [ -97.509964504970284, 16.022226108236275 ], [ -97.510163730477046, 16.021824180306407 ], [ -97.510403533448411, 16.021620800231034 ], [ -97.51132338608204, 16.02107361863569 ], [ -97.511536679937464, 16.020900555774908 ], [ -97.511947202463006, 16.020988131994326 ], [ -97.512910498467974, 16.020912551921199 ], [ -97.514519339688576, 16.022490975296876 ], [ -97.515020205401015, 16.02276218685375 ], [ -97.51587767279112, 16.022910464487687 ], [ -97.519123355291327, 16.022425640744132 ], [ -97.51989489600939, 16.022346234220887 ], [ -97.520973828747287, 16.022401121906789 ], [ -97.521743622052199, 16.022558939549306 ], [ -97.524257069264138, 16.02324052042378 ], [ -97.525152870757921, 16.0234195279718 ], [ -97.526819820920664, 16.023573324955471 ], [ -97.528305376464928, 16.023614021749871 ], [ -97.533571024752291, 16.023650072487719 ], [ -97.535020163264804, 16.02363963598961 ], [ -97.536517153018792, 16.023554953576081 ], [ -97.537206570202414, 16.02344442159232 ], [ -97.538664996166034, 16.023361720571526 ], [ -97.540478107505663, 16.02365875421717 ], [ -97.540938977891372, 16.023948852111236 ], [ -97.541317299016882, 16.024341757217826 ], [ -97.542242969071253, 16.025613898805315 ], [ -97.542705958598162, 16.026040695410071 ], [ -97.543337012753497, 16.026307342561164 ], [ -97.543429481638611, 16.026382270366717 ], [ -97.544627661282561, 16.026912340506833 ], [ -97.545668686857866, 16.027126142173088 ], [ -97.549328636087168, 16.027593779823412 ], [ -97.550332803490406, 16.027817477882358 ], [ -97.551358958917547, 16.028393798884789 ], [ -97.551820727888895, 16.028993419707856 ], [ -97.551924390111523, 16.029197470739575 ], [ -97.552385113404341, 16.030104375039762 ], [ -97.552949504762609, 16.031215329288969 ], [ -97.55330637311009, 16.031783736834804 ], [ -97.553351089352248, 16.031819625286616 ], [ -97.55384296908916, 16.032214397720086 ], [ -97.554252665002537, 16.032261219746452 ], [ -97.555627980555116, 16.032049056857431 ], [ -97.556027602817949, 16.032034801588235 ], [ -97.556517192953436, 16.032180444747066 ], [ -97.556816985740653, 16.032402761995055 ], [ -97.557726433032684, 16.033294597988032 ], [ -97.558015642518527, 16.033527010272408 ], [ -97.558455835139483, 16.03371976641472 ], [ -97.558795471839147, 16.033762719889637 ], [ -97.559940250309182, 16.033770410098469 ], [ -97.560290984748164, 16.033732094212457 ], [ -97.560314576281044, 16.033723151437087 ], [ -97.560782966110565, 16.033545599509978 ], [ -97.561135061603849, 16.033317494338462 ], [ -97.562286187051313, 16.032439494678453 ], [ -97.562669891467451, 16.032201430872231 ], [ -97.563309391810122, 16.031968469163047 ], [ -97.563740922552185, 16.031891312592112 ], [ -97.563839259724745, 16.031873730030334 ], [ -97.565672475628517, 16.031664567312895 ], [ -97.566164928236816, 16.031655997661559 ], [ -97.566629826531624, 16.031825177806425 ], [ -97.566801514647921, 16.032075434251333 ], [ -97.56713782883962, 16.033074117881526 ], [ -97.567298642152167, 16.033375139968825 ], [ -97.56771278930394, 16.033781225876883 ], [ -97.568058150651225, 16.034004959804207 ], [ -97.568143615448491, 16.034060325932451 ], [ -97.569739998369826, 16.034956700804926 ], [ -97.570154806266075, 16.035271277397772 ], [ -97.570203479786599, 16.035353264015669 ], [ -97.570494185562211, 16.035842932934518 ], [ -97.570564204309562, 16.036345007693935 ], [ -97.570551577090257, 16.038116367766655 ], [ -97.570563952814624, 16.038592638848868 ], [ -97.57063433451448, 16.039043877333508 ], [ -97.570722504227149, 16.039212232649085 ], [ -97.571063581736624, 16.039546652033696 ], [ -97.571247026842457, 16.039624132625292 ], [ -97.571762025952978, 16.039651288869869 ], [ -97.572314293655296, 16.039612601813019 ], [ -97.574376542109562, 16.039404894453234 ], [ -97.574949764216313, 16.039376507594703 ], [ -97.575562554193951, 16.039451754167398 ], [ -97.575864746739413, 16.039587637108784 ], [ -97.576662191044889, 16.040146510370278 ], [ -97.576879915064566, 16.04033266991766 ], [ -97.577098513807002, 16.04064254270374 ], [ -97.577193073542475, 16.040899058704053 ], [ -97.577415754171938, 16.041786260606631 ], [ -97.577457817944222, 16.04203226038825 ], [ -97.577431433856063, 16.04229305754448 ], [ -97.577351678373702, 16.042419625100099 ], [ -97.577005866422013, 16.042749476946767 ], [ -97.576674070502662, 16.042833699028183 ], [ -97.575471484186664, 16.042896884368755 ], [ -97.574085303602089, 16.042902919086135 ], [ -97.571544465629643, 16.042886001450221 ], [ -97.570664701960041, 16.042895388295477 ], [ -97.569879163747643, 16.042961322677648 ], [ -97.56963672961794, 16.043046130635155 ], [ -97.569290908031292, 16.043375968094626 ], [ -97.56923231998374, 16.043482338055234 ], [ -97.568757064531454, 16.043287108227158 ], [ -97.568338857360814, 16.043201278955827 ], [ -97.566852153085506, 16.042969913550614 ], [ -97.566753379323956, 16.04296269051413 ], [ -97.56644406156326, 16.042940070714273 ], [ -97.566026335927518, 16.043032175132588 ], [ -97.565837676125412, 16.04319359619749 ], [ -97.565374987627138, 16.043854789814493 ], [ -97.565191510653776, 16.044026412594484 ], [ -97.564797974892713, 16.044166125598505 ], [ -97.56441925814751, 16.044194092405426 ], [ -97.563045449940333, 16.044184886291951 ], [ -97.562530928352032, 16.044089926904594 ], [ -97.561503638183837, 16.04365599177201 ], [ -97.560550606343384, 16.04313104156628 ], [ -97.557130455278454, 16.041115181898626 ], [ -97.556157006658012, 16.04050873500432 ], [ -97.555034359568353, 16.03969453595959 ], [ -97.554404024431122, 16.039137843382427 ], [ -97.552585121504649, 16.037354138953081 ], [ -97.55206434699987, 16.036915108069252 ], [ -97.551452950328567, 16.036650008657411 ], [ -97.551100298917063, 16.036710326518392 ], [ -97.550065984707416, 16.037256906935003 ], [ -97.54980692328833, 16.037460202512598 ], [ -97.549632286985684, 16.037862337989779 ], [ -97.549641868389855, 16.038233521962962 ], [ -97.549861219680849, 16.039563578403282 ], [ -97.54987180961875, 16.039600058742693 ], [ -97.549970643281398, 16.039940521509003 ], [ -97.550261934880936, 16.040369532794827 ], [ -97.550568642461712, 16.040605462657258 ], [ -97.551708657021962, 16.041277454259074 ], [ -97.552015441221911, 16.041503215127619 ], [ -97.552301223205674, 16.041877112067688 ], [ -97.552416927322014, 16.042204105735347 ], [ -97.552637898147609, 16.04331274259804 ], [ -97.552742377525476, 16.043647286096082 ], [ -97.553008976654525, 16.044099852155377 ], [ -97.553285353638628, 16.04441183137628 ], [ -97.554308519288838, 16.045415165989166 ], [ -97.554679598292608, 16.045717614816091 ], [ -97.555388130278345, 16.046125709285537 ], [ -97.556029240499285, 16.046406251521287 ], [ -97.558312567928127, 16.047307341640519 ], [ -97.558937952214123, 16.047582686090504 ], [ -97.559573072775962, 16.047966549508239 ], [ -97.559855002662601, 16.048239582539853 ], [ -97.560535556944259, 16.049129873244102 ], [ -97.560754551229621, 16.049382147110528 ], [ -97.561095967302691, 16.049669135219521 ], [ -97.561364710178168, 16.049826844263691 ], [ -97.562277429560098, 16.050275829810783 ], [ -97.562609551005693, 16.050393291946328 ], [ -97.563119527174052, 16.050472666128694 ], [ -97.563246729546819, 16.050492464081547 ], [ -97.563824863029936, 16.050516675519845 ], [ -97.564347066903622, 16.050520175262683 ], [ -97.563931064765853, 16.050613980443238 ], [ -97.563707035620197, 16.051063246353351 ], [ -97.563802996734566, 16.051611250307058 ], [ -97.564474852591715, 16.053719335559983 ], [ -97.564702136834001, 16.054283470787578 ], [ -97.565090934448151, 16.054808017077875 ], [ -97.565419074920584, 16.054993233446382 ], [ -97.566561600955552, 16.05533302703591 ], [ -97.566947302751174, 16.05536147671889 ], [ -97.568711768689056, 16.056415014406966 ], [ -97.570446619849562, 16.058873081246897 ], [ -97.570401271047672, 16.059184427123807 ], [ -97.570398757577522, 16.059536470353848 ], [ -97.57042898286727, 16.059721385492054 ], [ -97.570573986717875, 16.060030773929846 ], [ -97.570750910123692, 16.060287842178521 ], [ -97.57143155216329, 16.061178104550951 ], [ -97.571604574372799, 16.061464712451521 ], [ -97.571608223729697, 16.061470757530163 ], [ -97.571752045778595, 16.061946210083107 ], [ -97.571780833903475, 16.062332775124549 ], [ -97.571771355536967, 16.063661292699258 ], [ -97.571742492975432, 16.064022053840723 ], [ -97.57161727962891, 16.064377088289554 ], [ -97.571467265930352, 16.064523519132159 ], [ -97.570892414556823, 16.064851827652642 ], [ -97.570737832209687, 16.06490163422059 ], [ -97.570591300477219, 16.064805757332103 ], [ -97.570536551911161, 16.064618983873462 ], [ -97.570427590604993, 16.063843251317643 ], [ -97.570362545330426, 16.063625905964031 ], [ -97.570167961940271, 16.0633873601404 ], [ -97.570157530162248, 16.063381312919237 ], [ -97.569955031072311, 16.063263925593528 ], [ -97.56915593856607, 16.062926441934369 ], [ -97.568822778757564, 16.062705609700721 ], [ -97.568067126919289, 16.062012543232811 ], [ -97.567320788307384, 16.061243279044344 ], [ -97.564593570985352, 16.058346429690921 ], [ -97.563810276034943, 16.057602326547133 ], [ -97.563216625451091, 16.057234179733605 ], [ -97.562718998113539, 16.057020140176693 ], [ -97.562109329369818, 16.056874939592316 ], [ -97.561914939935278, 16.056832992358832 ], [ -97.561351482849744, 16.056711404135775 ], [ -97.560093673640651, 16.056481522507582 ], [ -97.559672415064838, 16.056329564251957 ], [ -97.558964350910429, 16.05585031043389 ], [ -97.558374091354594, 16.05531761985306 ], [ -97.556327633669952, 16.053310975500413 ], [ -97.555753086734683, 16.052788552204856 ], [ -97.555485354148615, 16.052606634292573 ], [ -97.5551183022244, 16.052357230219037 ], [ -97.55478601188301, 16.052263479954419 ], [ -97.553870106665329, 16.052257299346461 ], [ -97.553615903019676, 16.052270834740249 ], [ -97.553345524217988, 16.052340182677874 ], [ -97.553213472346926, 16.05242571594767 ], [ -97.552867608489521, 16.052755523084066 ], [ -97.552813862066046, 16.052917842370849 ], [ -97.552858060779613, 16.053116721322052 ], [ -97.552805866739732, 16.053296815642721 ], [ -97.552876552988963, 16.053700609817422 ], [ -97.55303684365974, 16.054072811706785 ], [ -97.553714185527767, 16.055405958742231 ], [ -97.553911389416569, 16.055763157912796 ], [ -97.554154327721648, 16.056096941156056 ], [ -97.554304178144918, 16.056216575227527 ], [ -97.554760541997979, 16.056441083908506 ], [ -97.554903252159235, 16.056522790823394 ], [ -97.554975835233577, 16.056720452346127 ], [ -97.554990750600453, 16.057567857285509 ], [ -97.554936564007363, 16.057791180005527 ], [ -97.554683412026876, 16.058143644894162 ], [ -97.554388274343566, 16.058485658351781 ], [ -97.553235358473543, 16.059585016291201 ], [ -97.552982568517933, 16.059886642954215 ], [ -97.552955805533557, 16.060194880563913 ], [ -97.553170363575248, 16.060333593493603 ], [ -97.554198399843258, 16.06067268006985 ], [ -97.554627739339765, 16.060919602004294 ], [ -97.555603289915879, 16.06173281827785 ], [ -97.556567600663499, 16.062647631396167 ], [ -97.560092235865412, 16.0661035154933 ], [ -97.561009234062027, 16.067023076924116 ], [ -97.561763853721558, 16.067858508029968 ], [ -97.561924876822516, 16.068132422350512 ], [ -97.561921694457439, 16.068575259404767 ], [ -97.561825645764756, 16.068771188964874 ], [ -97.561380599674166, 16.069242689191256 ], [ -97.560840866233718, 16.069720330082415 ], [ -97.558767135673065, 16.071477807182571 ], [ -97.558226877181156, 16.072026610483697 ], [ -97.55777942102182, 16.072830228852428 ], [ -97.557680458325862, 16.07342945307331 ], [ -97.557666089648919, 16.075422214951388 ], [ -97.557683161534555, 16.075971382892586 ], [ -97.557777200479549, 16.076541404956284 ], [ -97.557894470219082, 16.076806554228291 ], [ -97.558347691586903, 16.07747389499259 ], [ -97.5584391499726, 16.077672780398601 ], [ -97.558412732575107, 16.077933571977596 ], [ -97.558283534711009, 16.078107245909585 ], [ -97.557707026879754, 16.078656931571761 ], [ -97.557514880823277, 16.078809845241597 ], [ -97.557194708679845, 16.078973757504084 ], [ -97.556929466044437, 16.079055004083038 ], [ -97.556011838519851, 16.079270240349576 ], [ -97.55570394506951, 16.079432538504403 ], [ -97.555184735774432, 16.079974695197112 ], [ -97.554750899729385, 16.08058690605527 ], [ -97.553245520503424, 16.082901725828268 ], [ -97.552647461460154, 16.083680586045052 ], [ -97.551361910155336, 16.085000450112062 ], [ -97.550123459816263, 16.086107104635929 ], [ -97.545629482655698, 16.089951567187132 ], [ -97.544365383482187, 16.090961416625483 ], [ -97.542960327966625, 16.091829645340106 ], [ -97.542217214378212, 16.092060127644533 ], [ -97.540154412059692, 16.092267476971269 ], [ -97.539607294434632, 16.092301020834473 ], [ -97.539116882925711, 16.092250221172542 ], [ -97.538963412875006, 16.092144107484376 ], [ -97.538737631172609, 16.091699710500539 ], [ -97.538657849583785, 16.091583932782978 ], [ -97.538511316723557, 16.091488033802385 ], [ -97.538381765608221, 16.09146681293122 ], [ -97.537923726569971, 16.091463680638796 ], [ -97.537788657053682, 16.091478008113619 ], [ -97.537616371554051, 16.091548002459941 ], [ -97.537505318858734, 16.091633666926064 ], [ -97.537159357821238, 16.091963439775611 ], [ -97.537068741618185, 16.092130584247592 ], [ -97.536991827470729, 16.092580819292003 ], [ -97.536972566293542, 16.093056867760765 ], [ -97.536959594227511, 16.094828192098426 ], [ -97.536987320995834, 16.095350316073954 ], [ -97.537129686092925, 16.096015570438613 ], [ -97.537305338596127, 16.096443809771067 ], [ -97.537982689848008, 16.097777004711151 ], [ -97.537963007673198, 16.098310666429782 ], [ -97.537193795516714, 16.099467891588553 ], [ -97.536114593027833, 16.100587403117469 ], [ -97.53184742707468, 16.104654505887254 ], [ -97.530557603437884, 16.105803039151503 ], [ -97.528805684428264, 16.107095809747008 ], [ -97.527592772274062, 16.107794092896608 ], [ -97.523684404079944, 16.109759939419202 ], [ -97.522572764785309, 16.110270793014426 ], [ -97.521293523991901, 16.110688972552659 ], [ -97.520577680589852, 16.110775521556921 ], [ -97.518516322988347, 16.110761230236538 ], [ -97.517916242856288, 16.110838405849833 ], [ -97.517177223664078, 16.11121286040154 ], [ -97.516721560577935, 16.111670620337858 ], [ -97.515334138381888, 16.11343237363252 ], [ -97.514920534982807, 16.113890421393283 ], [ -97.514377822015646, 16.114266230258551 ], [ -97.514016122611267, 16.114345052596185 ], [ -97.512870906620336, 16.114337078529736 ], [ -97.512552185481255, 16.114294188454995 ], [ -97.512210036186019, 16.114102012264471 ], [ -97.512039972791101, 16.11387036522801 ], [ -97.511588494769114, 16.112981521798474 ], [ -97.511428950175286, 16.11274994770783 ], [ -97.511135884834331, 16.11255811224806 ], [ -97.51087676446906, 16.112515635501275 ], [ -97.509960601334953, 16.112509243975598 ], [ -97.509674618944857, 16.112542834036077 ], [ -97.509256196963278, 16.112705981027595 ], [ -97.508944433207915, 16.112905457995776 ], [ -97.507907953311303, 16.113673200560768 ], [ -97.507674875947998, 16.113898643881235 ], [ -97.50762366610364, 16.114182973622075 ], [ -97.507783587237398, 16.114363715820044 ], [ -97.508581098608559, 16.114922848091048 ], [ -97.50884120160579, 16.115068703470623 ], [ -97.50925750177764, 16.115190230767816 ], [ -97.509592113091159, 16.115217985617313 ], [ -97.510737332425364, 16.115225977692344 ], [ -97.511045612956337, 16.115258630312322 ], [ -97.511339035982886, 16.115403020632858 ], [ -97.511449931241742, 16.115576640233279 ], [ -97.51167401994887, 16.116242474848217 ], [ -97.511837427025426, 16.116426627832364 ], [ -97.512375904573929, 16.116620173127238 ], [ -97.512981751489988, 16.116712512086131 ], [ -97.515270563482019, 16.116949868075153 ], [ -97.515939896332341, 16.11699180313062 ], [ -97.516774632977629, 16.116950156698472 ], [ -97.517297780291884, 16.11684872737581 ], [ -97.518904394197236, 16.116417031261449 ], [ -97.519396364511778, 16.116264542974957 ], [ -97.520085614616406, 16.115984633339153 ], [ -97.520578286894761, 16.115737250678361 ], [ -97.522188167041762, 16.114862701220023 ], [ -97.522623101767209, 16.114599662514937 ], [ -97.523042924236918, 16.114246705563318 ], [ -97.523207736479833, 16.114005520750979 ], [ -97.523557036927585, 16.113232948645045 ], [ -97.523684924360751, 16.113006759213963 ], [ -97.523932433275917, 16.112723780944094 ], [ -97.524158129930939, 16.112545715559701 ], [ -97.524963869900191, 16.11199772016278 ], [ -97.525299882882734, 16.111835666694581 ], [ -97.526062205272652, 16.11162741292442 ], [ -97.526815224034451, 16.111491959165104 ], [ -97.529566984796872, 16.111068074988747 ], [ -97.530388923432085, 16.110856826522134 ], [ -97.531472878039907, 16.110294902992159 ], [ -97.532199443636884, 16.109703403942682 ], [ -97.534506101150001, 16.107504984287466 ], [ -97.535190728989164, 16.106892850633102 ], [ -97.536079028741824, 16.106234661957302 ], [ -97.536663402542089, 16.105906526762169 ], [ -97.538502174875205, 16.105033409959315 ], [ -97.539054842066776, 16.104725385774564 ], [ -97.539795189929222, 16.104161065058594 ], [ -97.540300161773175, 16.103662916923973 ], [ -97.541916334185885, 16.101902539107513 ], [ -97.542410629788222, 16.101424647315952 ], [ -97.543101185758744, 16.100954870930128 ], [ -97.543593399958553, 16.100761653720941 ], [ -97.545199841875274, 16.100329743633893 ], [ -97.545797293857362, 16.100127069998507 ], [ -97.5469789614001, 16.099613173193134 ], [ -97.548069602203299, 16.09908170488298 ], [ -97.551977551194923, 16.097115373074729 ], [ -97.553110159219187, 16.096594328834975 ], [ -97.554328584348482, 16.096182909508087 ], [ -97.555323144409698, 16.095985686270133 ], [ -97.557844035464967, 16.095781283823428 ], [ -97.558387295840859, 16.095709619116338 ], [ -97.558552857262001, 16.095687778636446 ], [ -97.559339801858044, 16.095455840008668 ], [ -97.559755186217828, 16.095218005585174 ], [ -97.560906696914657, 16.09434004777912 ], [ -97.561245324972049, 16.09414241923854 ], [ -97.561838188435559, 16.093993839188929 ], [ -97.562339423650883, 16.094003989633006 ], [ -97.563941006850882, 16.094236185145231 ], [ -97.564383854639644, 16.09432219594839 ], [ -97.56484889209797, 16.094491390715373 ], [ -97.56507038344769, 16.09464708730345 ], [ -97.565638973688792, 16.095204476411958 ], [ -97.565786558723048, 16.095400346967121 ], [ -97.565906696947408, 16.095757021202061 ], [ -97.565930737736608, 16.096070685333242 ], [ -97.565922789254572, 16.097177776998858 ], [ -97.565952051871847, 16.097496559974346 ], [ -97.566096559912481, 16.097877122225942 ], [ -97.566273737642504, 16.098101999513354 ], [ -97.566956061479715, 16.098770863520194 ], [ -97.567112280425036, 16.098985432003584 ], [ -97.56715897562583, 16.09931788870438 ], [ -97.567069463612683, 16.099578258389375 ], [ -97.566605042972483, 16.100460859365427 ], [ -97.566505158766091, 16.100700823797673 ], [ -97.566503455737973, 16.100938057693266 ], [ -97.566600907350804, 16.101036998854919 ], [ -97.56705738525082, 16.101261489839011 ], [ -97.567175871021348, 16.101360571840111 ], [ -97.567272326182646, 16.101598464054231 ], [ -97.567291633416843, 16.101839228119104 ], [ -97.567285278313975, 16.102724901513294 ], [ -97.567346507422059, 16.102986282015824 ], [ -97.567638599188783, 16.103320384145441 ], [ -97.567994644602038, 16.10353629195345 ], [ -97.569364103465233, 16.104209754891883 ], [ -97.569720188917714, 16.104420576495727 ], [ -97.57001245676031, 16.10473095240863 ], [ -97.570073896233637, 16.104963525413218 ], [ -97.570068345201577, 16.105738490356782 ], [ -97.570087825733737, 16.105955530968185 ], [ -97.570184286226947, 16.106193422228124 ], [ -97.570302606503617, 16.10631622622909 ], [ -97.570183776449241, 16.106264592475728 ], [ -97.570084936809735, 16.106358829023382 ], [ -97.570070463214847, 16.106479341851927 ], [ -97.570040763384881, 16.106407677011539 ], [ -97.56977099351154, 16.106382146240385 ], [ -97.569682103712822, 16.106428562533917 ], [ -97.569466595807043, 16.106541095758949 ], [ -97.568315837797158, 16.107308386921527 ], [ -97.567995078316301, 16.107548565710172 ], [ -97.567648963203496, 16.107902112719223 ], [ -97.567475272757918, 16.108167001396279 ], [ -97.567010830559326, 16.109049601096547 ], [ -97.566942128430469, 16.10934061275448 ], [ -97.567085963703263, 16.109816068278398 ], [ -97.567360145870566, 16.110204278599006 ], [ -97.568495836101107, 16.111540468255754 ], [ -97.568780394823222, 16.111949081947014 ], [ -97.56897247713249, 16.112519285149702 ], [ -97.568962708426284, 16.11292639880643 ], [ -97.568724131057735, 16.114253373078633 ], [ -97.568693458417286, 16.114619202951559 ], [ -97.568788899359006, 16.114999435151418 ], [ -97.568955916597091, 16.115176794064073 ], [ -97.569639891173665, 16.115624235614483 ], [ -97.56981764600188, 16.11577116291306 ], [ -97.569963192232606, 16.116009383234498 ], [ -97.569993360401838, 16.116202770787911 ], [ -97.569988598624278, 16.116867025736184 ], [ -97.570029211690439, 16.117070650906744 ], [ -97.570223501571562, 16.117356646695708 ], [ -97.570460445840467, 16.117561586748547 ], [ -97.571371899361736, 16.118231975869001 ], [ -97.571608627450459, 16.11846741632824 ], [ -97.571801901668039, 16.118895751363738 ], [ -97.571841279205159, 16.119272218280386 ], [ -97.571831765822026, 16.120600728828105 ], [ -97.571923296202769, 16.121038550646336 ], [ -97.5723599537166, 16.121753208269627 ], [ -97.572892222129298, 16.122336324991956 ], [ -97.57493950705782, 16.124342869019703 ], [ -97.575360877150572, 16.124991329674824 ], [ -97.575279960216363, 16.126010945394526 ], [ -97.574742988423495, 16.126819077680629 ], [ -97.572317996557601, 16.129570725652435 ], [ -97.571665882974557, 16.130296736469013 ], [ -97.57104771692012, 16.130933158101985 ], [ -97.570816739872186, 16.131116322863459 ], [ -97.570357014874318, 16.131334670767139 ], [ -97.570232388470728, 16.13135586531218 ], [ -97.570110524246303, 16.131236425903165 ], [ -97.570061058986354, 16.131044603688665 ], [ -97.569952085602338, 16.130268872773865 ], [ -97.569897470896024, 16.130061764547257 ], [ -97.56975157545584, 16.129870990381058 ], [ -97.569597768115457, 16.129805564004215 ], [ -97.569025896277992, 16.129691014227763 ], [ -97.56880317248347, 16.129701382288804 ], [ -97.568335665719502, 16.129864316588566 ], [ -97.567890521916297, 16.13008671115039 ], [ -97.566280683201114, 16.130961610686029 ], [ -97.56584583384462, 16.131214572680108 ], [ -97.565426382948544, 16.131520169995866 ], [ -97.565262017375659, 16.131703776299211 ], [ -97.564914428475888, 16.132255008513184 ], [ -97.564833990017974, 16.132469681945711 ], [ -97.564806200536125, 16.132920259519238 ], [ -97.564846939978139, 16.13334926836712 ], [ -97.565064848423546, 16.134900732002222 ], [ -97.565142513535037, 16.135314737823027 ], [ -97.565287041140991, 16.135695301412426 ], [ -97.565415843966832, 16.135824957821328 ], [ -97.565872396575514, 16.136049456967882 ], [ -97.565959125266801, 16.136178830121288 ], [ -97.565907305730633, 16.136558072878039 ], [ -97.565048160231811, 16.138515773185883 ], [ -97.564887326013732, 16.138938341391697 ], [ -97.564835161423858, 16.139365030143388 ], [ -97.56492147556402, 16.139552017439687 ], [ -97.565376440893544, 16.139997935598835 ], [ -97.565504977828198, 16.140164871591438 ], [ -97.565649850561371, 16.140497988522977 ], [ -97.565728274669254, 16.14080693389921 ], [ -97.56594938201907, 16.141915562012677 ], [ -97.565921372235479, 16.142396640817637 ], [ -97.565569548630307, 16.143533046592758 ], [ -97.565094948429504, 16.144675403266543 ], [ -97.56249363201843, 16.152046330218361 ], [ -97.562348720334867, 16.152689300112041 ], [ -97.562227001399933, 16.153034176910133 ], [ -97.562160056346769, 16.153223857403994 ], [ -97.562148241839822, 16.153257332424349 ], [ -97.562006756407897, 16.153425837344074 ], [ -97.561546969751276, 16.153644160857496 ], [ -97.56137399824641, 16.153802285099275 ], [ -97.561026583976584, 16.154321874920914 ], [ -97.560703247909927, 16.154906021418878 ], [ -97.559541745078334, 16.157112443653983 ], [ -97.559254887547141, 16.157742587955124 ], [ -97.559077737572807, 16.158476844324507 ], [ -97.559111525432343, 16.158895638169998 ], [ -97.559446355142015, 16.160115753063479 ], [ -97.559586153101776, 16.160423420591457 ], [ -97.559903712173622, 16.160639087438526 ], [ -97.560217569726603, 16.160639515068691 ], [ -97.561364677620745, 16.160425840208646 ], [ -97.561721423503357, 16.160314711885633 ], [ -97.562239129989536, 16.160009790934016 ], [ -97.562621964050635, 16.159685317754946 ], [ -97.563890808079663, 16.158476025955625 ], [ -97.564242443890492, 16.158100501047041 ], [ -97.564614575059437, 16.157557348191002 ], [ -97.564794555678418, 16.157156940852364 ], [ -97.565262331147622, 16.155831525612562 ], [ -97.565458344757431, 16.155395638813484 ], [ -97.565905301644989, 16.154686915930519 ], [ -97.56634779642603, 16.154110340712041 ], [ -97.56796579723428, 16.152128370736612 ], [ -97.568397614304146, 16.151572053734405 ], [ -97.568794778237262, 16.150957886366545 ], [ -97.56893033991372, 16.150636822236844 ], [ -97.569165797224088, 16.149752690619703 ], [ -97.569258548929142, 16.149533014912851 ], [ -97.569455934205891, 16.149391993408951 ], [ -97.569645161698176, 16.14941020973604 ], [ -97.570330839265452, 16.14963623962538 ], [ -97.570562874949928, 16.149553066089481 ], [ -97.570960027980178, 16.148938893709307 ], [ -97.571295351447787, 16.148144677678982 ], [ -97.572463018607721, 16.145052502990275 ], [ -97.572830177325088, 16.144217825992037 ], [ -97.573346593947448, 16.143458021980788 ], [ -97.573608378855994, 16.143274054958269 ], [ -97.574641628047644, 16.142948823422184 ], [ -97.574958364759354, 16.14278825870214 ], [ -97.575403220889143, 16.142364190757586 ], [ -97.575473001776075, 16.14226672386814 ], [ -97.575558567028182, 16.142216103280408 ], [ -97.576003420603783, 16.141792033855722 ], [ -97.576248047668997, 16.141417464493255 ], [ -97.576944782247622, 16.140093542295162 ], [ -97.57714769271216, 16.139667854798677 ], [ -97.577397878489819, 16.139005236993444 ], [ -97.577552376290598, 16.138484327691433 ], [ -97.578023175520272, 16.136716034493723 ], [ -97.578166860444753, 16.136235722962169 ], [ -97.578366596077331, 16.135762563384088 ], [ -97.578508248193614, 16.135566932706638 ], [ -97.578969555159787, 16.135127148579613 ], [ -97.57908987881423, 16.134972045999707 ], [ -97.579190083278817, 16.13468801875603 ], [ -97.579212908951021, 16.134437368192188 ], [ -97.57921922424319, 16.133551692805487 ], [ -97.579268454857768, 16.133285966584801 ], [ -97.579491882169265, 16.132931586133314 ], [ -97.579761833014501, 16.132691054250845 ], [ -97.58079817207296, 16.131922949292697 ], [ -97.58116256954105, 16.131713546849035 ], [ -97.581826755994229, 16.131504442556135 ], [ -97.582411196606387, 16.131415123768271 ], [ -97.584474398839589, 16.131207396045216 ], [ -97.585037728796891, 16.131128097503684 ], [ -97.585603400797311, 16.130965776741025 ], [ -97.585848173666449, 16.13081318950865 ], [ -97.58642477361424, 16.130263436360142 ], [ -97.586575023062665, 16.130089886360921 ], [ -97.586699588926052, 16.12982974056666 ], [ -97.58672729087597, 16.129631653817153 ], [ -97.586732000856529, 16.128967394818158 ], [ -97.586754335253303, 16.12878452404162 ], [ -97.586853852469801, 16.12859538607006 ], [ -97.586973685484836, 16.128508059686769 ], [ -97.587433388553848, 16.128289673922584 ], [ -97.587563955645521, 16.128171915112489 ], [ -97.587713565918932, 16.127840760322101 ], [ -97.587796727624067, 16.127485440882303 ], [ -97.588035203261214, 16.126158437968357 ], [ -97.588192351149061, 16.125752769247686 ], [ -97.588687232962684, 16.125186651026898 ], [ -97.589237057842709, 16.124783578218871 ], [ -97.591308011200113, 16.123468677230601 ], [ -97.591836574683484, 16.123095959767916 ], [ -97.59223226588287, 16.122671525680918 ], [ -97.592268977084984, 16.122437909975599 ], [ -97.592044606668026, 16.121772137879073 ], [ -97.592012699349425, 16.121573656567353 ], [ -97.592088168002917, 16.121313182608489 ], [ -97.592227887432401, 16.12113955817097 ], [ -97.592804440990491, 16.120589783668251 ], [ -97.593012418556768, 16.120431860264677 ], [ -97.593406428482396, 16.120244659520544 ], [ -97.593761322219791, 16.120135152957133 ], [ -97.595023481357629, 16.119811318814858 ], [ -97.595352257775417, 16.119676218187475 ], [ -97.595624390204677, 16.119369587215488 ], [ -97.595684374562055, 16.11906664402553 ], [ -97.595692169279445, 16.117959540295395 ], [ -97.595747359255995, 16.117590475088559 ], [ -97.5959971171131, 16.116975274319486 ], [ -97.596298722923095, 16.116465480834986 ], [ -97.597456446950559, 16.11470164064626 ], [ -97.597758045273793, 16.114191844426646 ], [ -97.598007791982923, 16.113576640286798 ], [ -97.598062975824689, 16.113207573899142 ], [ -97.598070754360165, 16.112100468430377 ], [ -97.598041511347716, 16.111771518706082 ], [ -97.597897266122729, 16.111343525493734 ], [ -97.597720444892218, 16.11106105625154 ], [ -97.597039527638302, 16.110170858636252 ], [ -97.596899269446325, 16.109924216217262 ], [ -97.59692564481476, 16.109663416938371 ], [ -97.597103581639104, 16.10953748887621 ], [ -97.597907576705495, 16.109210621903141 ], [ -97.59815849167002, 16.10917668189704 ], [ -97.598525434977446, 16.109345163791122 ], [ -97.598798725427088, 16.109619792221256 ], [ -97.599707143184119, 16.110732908094054 ], [ -97.599964553856367, 16.111022682779794 ], [ -97.600257380300974, 16.111261850489086 ], [ -97.60030126545665, 16.111276003298524 ], [ -97.600418292572215, 16.11131374408189 ], [ -97.600876389686618, 16.111316746089464 ], [ -97.601037373479571, 16.111358471922294 ], [ -97.601330534360144, 16.111550190844667 ], [ -97.601588352272856, 16.111782349056892 ], [ -97.602498346232423, 16.112674033334986 ], [ -97.602771979007841, 16.11290120991616 ], [ -97.602949971908032, 16.113017609459312 ], [ -97.603170344031014, 16.113090225727802 ], [ -97.603389520861938, 16.113083186324836 ], [ -97.604191973478535, 16.112977717767027 ], [ -97.604317771606887, 16.112787046776258 ], [ -97.604102378168065, 16.112002719165183 ], [ -97.603668878526875, 16.111072921677735 ], [ -97.601861309408122, 16.107518187527472 ], [ -97.601380963818443, 16.106521989253508 ], [ -97.600946886169766, 16.105427804653399 ], [ -97.600807117601477, 16.104860882693941 ], [ -97.600588940755841, 16.103309431751544 ], [ -97.600569158621639, 16.10288056069426 ], [ -97.60069501699644, 16.102430613390972 ], [ -97.600894596436092, 16.102216702405631 ], [ -97.601700106564252, 16.101668396453995 ], [ -97.601962288012686, 16.101526068545088 ], [ -97.602380293662563, 16.10141017914108 ], [ -97.602715263415789, 16.101386950606958 ], [ -97.603860450570679, 16.101394436981767 ], [ -97.604242782481521, 16.101366431623422 ], [ -97.604881810099627, 16.101228256096075 ], [ -97.605412374147264, 16.10105886725011 ], [ -97.607249305939106, 16.100406552511092 ], [ -97.607796102440645, 16.100171172460257 ], [ -97.608510892377879, 16.099725055535139 ], [ -97.608985223767803, 16.099323125937822 ], [ -97.610483969168016, 16.097893565503661 ], [ -97.61090599086782, 16.097450619542535 ], [ -97.611376691207511, 16.096813105549554 ], [ -97.611627099112084, 16.09634531773909 ], [ -97.612324963817471, 16.094799820715114 ], [ -97.612507184695033, 16.094306169155924 ], [ -97.612659690292432, 16.093547960780619 ], [ -97.612695335093164, 16.092958457683007 ], [ -97.612709171562926, 16.090965651523398 ], [ -97.612660894986263, 16.090345100143583 ], [ -97.612421770124044, 16.089441999991937 ], [ -97.612128441176495, 16.088772408071289 ], [ -97.610998710798413, 16.086550743331269 ], [ -97.610705036876141, 16.085931986867358 ], [ -97.61046427552678, 16.085266124028909 ], [ -97.610414003329836, 16.08493364811002 ], [ -97.610420159985182, 16.084047956726959 ], [ -97.610437642114746, 16.083802347629728 ], [ -97.61060333910585, 16.083415351753573 ], [ -97.610949173127281, 16.083085448822636 ], [ -97.611339010247065, 16.082981218061921 ], [ -97.611627208156875, 16.082950604938429 ], [ -97.612812415920885, 16.082824704899927 ], [ -97.614527443583256, 16.082705334229924 ], [ -97.622782720144315, 16.082231051804534 ], [ -97.62430372387297, 16.082288290479724 ], [ -97.624751362371612, 16.082443687573807 ], [ -97.625319339496571, 16.083111641104775 ], [ -97.625530297004914, 16.083275683204622 ], [ -97.625946786269139, 16.08337325976041 ], [ -97.626330813092437, 16.083348612303741 ], [ -97.627706447376383, 16.083136009242917 ], [ -97.628263920895932, 16.083122639000344 ], [ -97.629489832512547, 16.083272848927976 ], [ -97.630683664029831, 16.083500800531034 ], [ -97.635028993042297, 16.084414317131962 ], [ -97.636249130872386, 16.084642406453018 ], [ -97.637597751715404, 16.084793353418466 ], [ -97.638304212340643, 16.084780906369954 ], [ -97.640252404493836, 16.08457186727734 ], [ -97.640885354438581, 16.084543692298261 ], [ -97.641794909730137, 16.084613850006527 ], [ -97.641890931001171, 16.084621256291392 ], [ -97.64681179696565, 16.084693424464106 ], [ -97.645672302743904, 16.085402432408319 ], [ -97.64190162057281, 16.0877384479985 ], [ -97.620444811202475, 16.163062347876934 ], [ -97.596958427031396, 16.169120131397861 ], [ -97.448164524898971, 16.20749816520004 ], [ -97.253759762658092, 16.209028911118651 ], [ -97.226089581073737, 16.16864092244813 ], [ -97.250430212942277, 16.107064846907278 ], [ -97.333233467215351, 16.064119682289093 ], [ -97.3475284576691, 16.023096482182897 ], [ -97.336227433184092, 16.00528379252653 ], [ -97.337027040612384, 16.004638473776311 ], [ -97.337668218195375, 16.004216431231683 ], [ -97.338396953486779, 16.003798452790818 ], [ -97.341156518130887, 16.002269906533535 ], [ -97.341969072405703, 16.001883062357066 ], [ -97.343001450303589, 16.001606356678547 ], [ -97.343663724185276, 16.001597908163859 ], [ -97.345721963323001, 16.001835178917418 ], [ -97.346342196537648, 16.001826398444557 ], [ -97.347178373696494, 16.001548161741464 ], [ -97.347752677351011, 16.001159461242342 ], [ -97.349596568277974, 15.999623753046638 ], [ -97.350170611706432, 15.999265543728981 ], [ -97.351005606484151, 15.999129617754074 ] ], [ [ -97.365573781581176, 16.103038632197627 ], [ -97.364030464389458, 16.102718424515519 ], [ -97.362375916282559, 16.102497327241345 ], [ -97.356198042678542, 16.101785648068972 ], [ -97.354480631470466, 16.101538590256155 ], [ -97.352643887892114, 16.101097429892167 ], [ -97.351737378168707, 16.100714267016436 ], [ -97.34934375790084, 16.099367328542915 ], [ -97.348710207916312, 16.099042179759088 ], [ -97.348147241565471, 16.098871770952876 ], [ -97.347976551926862, 16.098953479899389 ], [ -97.347742965105098, 16.099505197726007 ], [ -97.347734174199843, 16.099720326312724 ], [ -97.347926738136309, 16.100172542068542 ], [ -97.348210621410132, 16.100603435757787 ], [ -97.349342855970164, 16.102162054510043 ], [ -97.349716045524815, 16.102603803446996 ], [ -97.350325353748602, 16.103106681614168 ], [ -97.350822604374386, 16.103383329616292 ], [ -97.3525338060264, 16.104171468758189 ], [ -97.353031649843416, 16.104376949148115 ], [ -97.353643711222404, 16.104547725081964 ], [ -97.354020240031076, 16.10458621066768 ], [ -97.355165312791442, 16.104595031418469 ], [ -97.355547644587745, 16.1045674748488 ], [ -97.356186786019933, 16.104430059283626 ], [ -97.356717512780989, 16.104261307299009 ], [ -97.358555090214082, 16.103611204515126 ], [ -97.359217053653069, 16.103468871384194 ], [ -97.360468645714036, 16.103454758725199 ], [ -97.361594673237647, 16.103576927794705 ], [ -97.365597894590962, 16.104161122967774 ], [ -97.36659252319032, 16.104277177387374 ], [ -97.367230883283511, 16.104234612608938 ], [ -97.367148196422079, 16.104057755193818 ], [ -97.366123969349772, 16.103274983975947 ], [ -97.365573781581176, 16.103038632197627 ] ], [ [ -97.387305953089211, 16.102522053082737 ], [ -97.387750691551545, 16.102145844358351 ], [ -97.388042674437997, 16.102019266499443 ], [ -97.388960522806173, 16.101804776704832 ], [ -97.389225845489136, 16.101723747317706 ], [ -97.389546170321239, 16.101560102157066 ], [ -97.389738454454331, 16.101407352868932 ], [ -97.390315453949967, 16.100858167202169 ], [ -97.390465918842452, 16.100674601212308 ], [ -97.39059109051243, 16.100367146660389 ], [ -97.39061944244331, 16.100111491962071 ], [ -97.390626579771379, 16.099225891279762 ], [ -97.390702457571791, 16.09894517711065 ], [ -97.391049416000328, 16.098520777949975 ], [ -97.391469192170064, 16.098195206834088 ], [ -97.393081179742893, 16.097100266126574 ], [ -97.393464103704972, 16.096779496885301 ], [ -97.393639104527509, 16.096377522758917 ], [ -97.393506183039534, 16.096124043885347 ], [ -97.392710886178804, 16.095343115248344 ], [ -97.392477658519581, 16.095139716286628 ], [ -97.392184556180709, 16.094971451038447 ], [ -97.391999065876277, 16.094934471125399 ], [ -97.391426546584754, 16.094930162734212 ], [ -97.391218756100457, 16.09505060216264 ], [ -97.390821584940255, 16.095616961559895 ], [ -97.39046198600029, 16.096305606434509 ], [ -97.389181007946092, 16.098952916786949 ], [ -97.388773664827895, 16.099692032408775 ], [ -97.38815372747176, 16.10049393381184 ], [ -97.38767544688632, 16.100900391484565 ], [ -97.386063400911411, 16.101995285525152 ], [ -97.385538612599788, 16.10229971705807 ], [ -97.384701655331895, 16.102625509788393 ], [ -97.384030790940244, 16.102786495791598 ], [ -97.381737044679156, 16.103211957712794 ], [ -97.381113705105278, 16.103347876922737 ], [ -97.380498537195294, 16.103556719010967 ], [ -97.380243065708299, 16.103719146961399 ], [ -97.37966603210964, 16.104268301985488 ], [ -97.379542051547432, 16.104426642914326 ], [ -97.379540511102192, 16.104616413362333 ], [ -97.37966229131753, 16.104729173102623 ], [ -97.38023214067033, 16.105065613955219 ], [ -97.380485579527445, 16.105153954393774 ], [ -97.381098444003285, 16.105229768701403 ], [ -97.381720525869781, 16.105249733124378 ], [ -97.384010711418057, 16.105267072272692 ], [ -97.384659784214037, 16.105200813532068 ], [ -97.385398602000336, 16.104874280129422 ], [ -97.385804982001218, 16.104474063495616 ], [ -97.386962594377493, 16.102932916036277 ], [ -97.387305953089211, 16.102522053082737 ] ] ] ] } },
{ "type": "Feature", "properties": { "fid": 7.0, "cat": 8, "CLAVE_ACUI": "2019", "NOM_ACUIF": "CHACAHUA", "VULNERABIL": 2 }, "geometry": { "type": "MultiPolygon", "coordinates": [ [ [ [ -97.640733844711619, 16.083883507587675 ], [ -97.640910593694485, 16.084182890632 ], [ -97.640712353924613, 16.08446633317719 ], [ -97.640252404493836, 16.08457186727734 ], [ -97.638304212340643, 16.084780906369954 ], [ -97.637597751715404, 16.084793353418466 ], [ -97.636249130872386, 16.084642406453018 ], [ -97.635028993042297, 16.084414317131962 ], [ -97.630683664029831, 16.083500800531034 ], [ -97.629489832512547, 16.083272848927976 ], [ -97.628263920895932, 16.083122639000344 ], [ -97.627706447376383, 16.083136009242917 ], [ -97.626330813092437, 16.083348612303741 ], [ -97.625946786269139, 16.08337325976041 ], [ -97.625530297004914, 16.083275683204622 ], [ -97.625319339496571, 16.083111641104775 ], [ -97.624751362371612, 16.082443687573807 ], [ -97.624861357686015, 16.082251204915941 ], [ -97.625942642759611, 16.082020903364228 ], [ -97.627377339604465, 16.081884375556477 ], [ -97.632991301230746, 16.081477460199959 ], [ -97.634525549102747, 16.081392359617141 ], [ -97.636050385804339, 16.081402088601251 ], [ -97.636745555423119, 16.081501421125761 ], [ -97.638345665228542, 16.081954483763216 ], [ -97.638808998309273, 16.082123509306108 ], [ -97.63937110578739, 16.082459238662576 ], [ -97.639710783564595, 16.082769826893347 ], [ -97.640733844711619, 16.083883507587675 ] ] ] ] } },
{ "type": "Feature", "properties": { "fid": 8.0, "cat": 10, "CLAVE_ACUI": "2019", "NOM_ACUIF": "CHACAHUA", "VULNERABIL": 2 }, "geometry": { "type": "MultiPolygon", "coordinates": [ ] } },
{ "type": "Feature", "properties": { "fid": 9.0, "cat": 11, "CLAVE_ACUI": "2019", "NOM_ACUIF": "CHACAHUA", "VULNERABIL": 2 }, "geometry": { "type": "MultiPolygon", "coordinates": [ ] } },
{ "type": "Feature", "properties": { "fid": 10.0, "cat": 13, "CLAVE_ACUI": "2019", "NOM_ACUIF": "CHACAHUA", "VULNERABIL": 2 }, "geometry": { "type": "MultiPolygon", "coordinates": [ ] } },
{ "type": "Feature", "properties": { "fid": 11.0, "cat": 15, "CLAVE_ACUI": "2019", "NOM_ACUIF": "CHACAHUA", "VULNERABIL": 2 }, "geometry": { "type": "MultiPolygon", "coordinates": [ ] } },
{ "type": "Feature", "properties": { "fid": 12.0, "cat": 12, "CLAVE_ACUI": "2019", "NOM_ACUIF": "CHACAHUA", "VULNERABIL": 3 }, "geometry": { "type": "MultiPolygon", "coordinates": [ [ [ [ -97.561914939935278, 16.056832992358832 ], [ -97.561536789141471, 16.056912249973688 ], [ -97.561162918485692, 16.057006275554471 ], [ -97.560436979512943, 16.057157156072979 ], [ -97.560095136338845, 16.057171804258171 ], [ -97.559531881953689, 16.05702566939696 ], [ -97.559069076942023, 16.056802256809224 ], [ -97.557472583133574, 16.055905793891757 ], [ -97.557015113746672, 16.055672245479123 ], [ -97.556476742010318, 16.055478821594054 ], [ -97.556165108103258, 16.055436050555272 ], [ -97.555249187822312, 16.055429874655598 ], [ -97.555015715443034, 16.055484221856652 ], [ -97.554842097427354, 16.05574402029232 ], [ -97.554827544083452, 16.056060813927356 ], [ -97.554903252159235, 16.056522790823394 ], [ -97.554760541997979, 16.056441083908506 ], [ -97.554304178144918, 16.056216575227527 ], [ -97.554154327721648, 16.056096941156056 ], [ -97.553911389416569, 16.055763157912796 ], [ -97.553714185527767, 16.055405958742231 ], [ -97.55303684365974, 16.054072811706785 ], [ -97.552876552988963, 16.053700609817422 ], [ -97.552805866739732, 16.053296815642721 ], [ -97.552858060779613, 16.053116721322052 ], [ -97.552813862066046, 16.052917842370849 ], [ -97.552867608489521, 16.052755523084066 ], [ -97.553213472346926, 16.05242571594767 ], [ -97.553345524217988, 16.052340182677874 ], [ -97.553615903019676, 16.052270834740249 ], [ -97.553870106665329, 16.052257299346461 ], [ -97.55478601188301, 16.052263479954419 ], [ -97.5551183022244, 16.052357230219037 ], [ -97.555485354148615, 16.052606634292573 ], [ -97.555753086734683, 16.052788552204856 ], [ -97.556327633669952, 16.053310975500413 ], [ -97.558374091354594, 16.05531761985306 ], [ -97.558964350910429, 16.05585031043389 ], [ -97.559672415064838, 16.056329564251957 ], [ -97.560093673640651, 16.056481522507582 ], [ -97.561351482849744, 16.056711404135775 ], [ -97.561914939935278, 16.056832992358832 ] ] ] ] } },
{ "type": "Feature", "properties": { "fid": 13.0, "cat": 9, "CLAVE_ACUI": "2019", "NOM_ACUIF": "CHACAHUA", "VULNERABIL": 1 }, "geometry": { "type": "MultiPolygon", "coordinates": [ [ [ [ -97.607825273730015, 16.053930887311264 ], [ -97.607875521698745, 16.053509247963863 ], [ -97.608098469839064, 16.05320227176658 ], [ -97.608366719441861, 16.053185373438506 ], [ -97.609395604871693, 16.053413488058382 ], [ -97.609696988441627, 16.053511375951903 ], [ -97.610388053445945, 16.053841894378451 ], [ -97.610939552178223, 16.054172537461408 ], [ -97.612877484117732, 16.055402979970911 ], [ -97.613339405706867, 16.055763540931132 ], [ -97.613557093435134, 16.056215725731622 ], [ -97.613406152488665, 16.056501143678226 ], [ -97.61248406820566, 16.057380906553629 ], [ -97.612233269724513, 16.057660592590778 ], [ -97.611984965338436, 16.058086033827294 ], [ -97.611881043546234, 16.058414121213829 ], [ -97.611644378355109, 16.059519754332158 ], [ -97.61152464750748, 16.059852822847343 ], [ -97.611202569725648, 16.060301509443221 ], [ -97.61086218894458, 16.060609421333986 ], [ -97.609595816525598, 16.061597652069288 ], [ -97.609156139250487, 16.061818489341629 ], [ -97.608370691790313, 16.061860835978457 ], [ -97.607688303118849, 16.061700492960124 ], [ -97.605289282892812, 16.060909865219681 ], [ -97.604684567257692, 16.060652610932287 ], [ -97.604272156419157, 16.060247412748744 ], [ -97.604283174974199, 16.059923808514696 ], [ -97.604748869620281, 16.058819678807065 ], [ -97.604933416363451, 16.058492120965873 ], [ -97.605328942204963, 16.058067647809192 ], [ -97.605709432038395, 16.057788814958627 ], [ -97.607089519366554, 16.056912062656821 ], [ -97.607449152042463, 16.056607671084578 ], [ -97.607747356577448, 16.056063935059413 ], [ -97.607813730954817, 16.055591561419707 ], [ -97.607825273730015, 16.053930887311264 ] ] ] ] } },
{ "type": "Feature", "properties": { "fid": 14.0, "cat": 18, "CLAVE_ACUI": "2019", "NOM_ACUIF": "CHACAHUA", "VULNERABIL": 4 }, "geometry": { "type": "MultiPolygon", "coordinates": [ [ [ [ -97.684016775071413, 16.050942907379945 ], [ -97.683563165159669, 16.050275803206492 ], [ -97.683371665363779, 16.050081432159274 ], [ -97.682931608458077, 16.049841471412261 ], [ -97.682494455820603, 16.049693040798267 ], [ -97.680894471336131, 16.049240318911902 ], [ -97.680404213058125, 16.049172902225806 ], [ -97.67971632018353, 16.049311018463737 ], [ -97.679223872946537, 16.049575743943723 ], [ -97.677613668773759, 16.050673006446655 ], [ -97.677142110775279, 16.050958191818843 ], [ -97.676551720599733, 16.051191801550868 ], [ -97.676179865050116, 16.051240344781206 ], [ -97.675034930445165, 16.051233267465669 ], [ -97.674705671556353, 16.051200726762161 ], [ -97.674314064706138, 16.051055950763484 ], [ -97.674083885459368, 16.050881668848216 ], [ -97.673401324881581, 16.050213128515164 ], [ -97.673160767451009, 16.050018445279971 ], [ -97.672720724592736, 16.049778464482028 ], [ -97.672332649494166, 16.049630317645942 ], [ -97.670961678686226, 16.049178941989847 ], [ -97.670509776767418, 16.049142245031319 ], [ -97.669194826451886, 16.050284204891312 ], [ -97.668930159451548, 16.050553709554123 ], [ -97.668387885019968, 16.050929948136588 ], [ -97.667227008235471, 16.051507572233319 ], [ -97.666040087735794, 16.05207224344176 ], [ -97.665540991859345, 16.052279275250669 ], [ -97.665049672736131, 16.052371116264986 ], [ -97.664846885104481, 16.052295286809599 ], [ -97.663642181752408, 16.051494069994209 ], [ -97.661537427650103, 16.050924295466096 ], [ -97.661123519855849, 16.05078469104502 ], [ -97.660855071796462, 16.050569484393574 ], [ -97.660896476432683, 16.050405359742992 ], [ -97.661358144205352, 16.049854650800746 ], [ -97.661478611241364, 16.049660515759101 ], [ -97.661579124291876, 16.04930526185948 ], [ -97.66160224743966, 16.048991891391449 ], [ -97.661609642306118, 16.047884749754235 ], [ -97.661580226750914, 16.047565967071723 ], [ -97.661435559947591, 16.047185456219928 ], [ -97.661258308926875, 16.046960651873654 ], [ -97.660575806760363, 16.046292074683478 ], [ -97.66038824699163, 16.046036701145933 ], [ -97.660195468026942, 16.045513536221605 ], [ -97.66010762916514, 16.04502153138813 ], [ -97.659890494458551, 16.043248673701058 ], [ -97.659818326219778, 16.042772018817452 ], [ -97.659698674523128, 16.042320487149858 ], [ -97.659599911686001, 16.042152096779887 ], [ -97.659258670552759, 16.041817806464302 ], [ -97.659096415469065, 16.041710027073357 ], [ -97.658680465979259, 16.04154134672196 ], [ -97.658248507895394, 16.041408153572061 ], [ -97.656648657465979, 16.040955259421569 ], [ -97.656206460828869, 16.04078132601466 ], [ -97.655742723047368, 16.040422537321533 ], [ -97.655522437043032, 16.040083916027665 ], [ -97.654958176325422, 16.038862471890162 ], [ -97.654774726140758, 16.038518997058134 ], [ -97.654482882774516, 16.038137559113618 ], [ -97.654249413762571, 16.037936122509265 ], [ -97.653451737184184, 16.03737752155125 ], [ -97.653212501030993, 16.0372523079586 ], [ -97.65289373953172, 16.037226580146722 ], [ -97.652677601697647, 16.037315039732896 ], [ -97.65198771812814, 16.037753577732126 ], [ -97.651755637620639, 16.037867356148599 ], [ -97.65136248040541, 16.037959785136639 ], [ -97.651032907943346, 16.037978047928718 ], [ -97.649888060876009, 16.037970842050044 ], [ -97.649569276247917, 16.037948498436684 ], [ -97.649226461589876, 16.037851437510572 ], [ -97.649055511072376, 16.037735122952451 ], [ -97.648600557649374, 16.037289382422308 ], [ -97.648429607988575, 16.037173067423705 ], [ -97.648086795327174, 16.037076004812057 ], [ -97.647768012534428, 16.037053658642499 ], [ -97.646623172291314, 16.037046435738862 ], [ -97.646309406575753, 16.037059707105513 ], [ -97.645990006346707, 16.037128866462592 ], [ -97.64584748592479, 16.037214394481548 ], [ -97.645501790272462, 16.037544365781518 ], [ -97.645411495241575, 16.037681063400974 ], [ -97.645406235596226, 16.037702465407577 ], [ -97.645400775320311, 16.037711499686321 ], [ -97.645275068163429, 16.038161486924164 ], [ -97.645196501218635, 16.038637191917928 ], [ -97.644955559672226, 16.040407160864625 ], [ -97.644895924005539, 16.040742084489761 ], [ -97.644823756214805, 16.040894391668189 ], [ -97.644517623662964, 16.04147692763171 ], [ -97.644131628743239, 16.041660523375246 ], [ -97.644001290427525, 16.041757989560917 ], [ -97.643852488489202, 16.041994301436077 ], [ -97.643770252527418, 16.042234423675755 ], [ -97.643535285424832, 16.043118682038344 ], [ -97.643526441176675, 16.043389772514931 ], [ -97.643720136982054, 16.043770603259482 ], [ -97.644005690231424, 16.0440435564329 ], [ -97.645144582103583, 16.044936503998954 ], [ -97.645461544325016, 16.045229990001587 ], [ -97.645801804172748, 16.045706646761641 ], [ -97.645970927169074, 16.046094099249878 ], [ -97.646419910246465, 16.047425553976211 ], [ -97.646583744120363, 16.047818056698883 ], [ -97.646899316809723, 16.048318281513009 ], [ -97.647186301337854, 16.04864038546954 ], [ -97.648209995079398, 16.049643310126999 ], [ -97.648570928138483, 16.049915038973406 ], [ -97.648721077088723, 16.049975299355037 ], [ -97.648729945021444, 16.049983263670185 ], [ -97.648985208405747, 16.050332280168611 ], [ -97.64882049852686, 16.050712036704777 ], [ -97.648508956206086, 16.050788531481764 ], [ -97.648141532577966, 16.05095906956241 ], [ -97.646992126558132, 16.051616123369151 ], [ -97.646661501408857, 16.051786891086469 ], [ -97.64626799414205, 16.051926756948291 ], [ -97.646036466466938, 16.051955797860668 ], [ -97.645349511680351, 16.051951455385847 ], [ -97.645118534039156, 16.051899154854514 ], [ -97.644727593628403, 16.05165942912673 ], [ -97.644400085661829, 16.05136926416656 ], [ -97.643262662649391, 16.050254883994818 ], [ -97.642872347610663, 16.049923647337021 ], [ -97.642188294617469, 16.049492258384614 ], [ -97.641601391489701, 16.049207224375138 ], [ -97.639546573348554, 16.048308444666329 ], [ -97.638970192284788, 16.048023470726335 ], [ -97.638335221854931, 16.04759238217181 ], [ -97.638004501756384, 16.047261516165797 ], [ -97.637096116030293, 16.046148562450558 ], [ -97.636754609425736, 16.045858298051517 ], [ -97.63606929275214, 16.045616685247605 ], [ -97.635431775116771, 16.045561787312625 ], [ -97.633142009825718, 16.04554719616748 ], [ -97.632472881905514, 16.045502255843875 ], [ -97.631640049940032, 16.045307138429905 ], [ -97.631119418610595, 16.045073340347976 ], [ -97.629522645635447, 16.044177395341723 ], [ -97.629033631936323, 16.043933626772901 ], [ -97.628348333013193, 16.043691990463913 ], [ -97.627858347678654, 16.04359056425978 ], [ -97.626257050114219, 16.043358872445143 ], [ -97.625610610841022, 16.043073415770831 ], [ -97.624469609054287, 16.042186323802714 ], [ -97.62265948320443, 16.04019050946911 ], [ -97.622139279122351, 16.039643183105404 ], [ -97.621529721927871, 16.039093586519886 ], [ -97.621179128347194, 16.038855775375225 ], [ -97.620665951130675, 16.038575732938892 ], [ -97.619041228173415, 16.036983477855873 ], [ -97.618758492984938, 16.036483499397931 ], [ -97.618579864122964, 16.036212899121669 ], [ -97.618311811291548, 16.035950195800019 ], [ -97.618107507334059, 16.035845505564676 ], [ -97.617422142307419, 16.035619653368862 ], [ -97.617202103821086, 16.03550977692495 ], [ -97.616860622142198, 16.03522287335392 ], [ -97.616592830114854, 16.034922887492549 ], [ -97.615684621069491, 16.033809855408901 ], [ -97.615385362283192, 16.033499497250627 ], [ -97.614897025342472, 16.03316419258168 ], [ -97.614498659757103, 16.032995543784029 ], [ -97.613127960425032, 16.032543816297345 ], [ -97.612719224986762, 16.032354761544017 ], [ -97.612182489548871, 16.031924237835998 ], [ -97.611824460648691, 16.031498258913977 ], [ -97.610690403514013, 16.029940878770098 ], [ -97.610374223033531, 16.029545672523227 ], [ -97.610032761477655, 16.029258759491562 ], [ -97.609861138729812, 16.029244090188481 ], [ -97.609401692959594, 16.029462546112008 ], [ -97.609250955712753, 16.029468347463464 ], [ -97.609006961854732, 16.029276965013455 ], [ -97.608809136900447, 16.028997760128512 ], [ -97.608129951715952, 16.027886185584471 ], [ -97.607942642429549, 16.027607048278661 ], [ -97.607747713471213, 16.027415982982951 ], [ -97.60765655238815, 16.027422169943002 ], [ -97.607426062427052, 16.027642107633369 ], [ -97.607345202707094, 16.027678864943674 ], [ -97.607198347662646, 16.027630461487647 ], [ -97.607069414602691, 16.027524556353423 ], [ -97.606614583212618, 16.027078735408097 ], [ -97.606454182038661, 16.026962457694452 ], [ -97.60616047358117, 16.026865649577736 ], [ -97.605901291153302, 16.026843629809825 ], [ -97.604985481657749, 16.026837676868997 ], [ -97.604662796624979, 16.026876249882012 ], [ -97.604072741810555, 16.027062211548429 ], [ -97.603552490536359, 16.027289297323943 ], [ -97.601714697554712, 16.028163059941651 ], [ -97.601179061225736, 16.028334116069647 ], [ -97.600517227517642, 16.028258624542087 ], [ -97.600107388808695, 16.02797972398114 ], [ -97.598856650741737, 16.02675367700115 ], [ -97.598647653245891, 16.026508662041639 ], [ -97.59844675011739, 16.026183568931913 ], [ -97.598295194047651, 16.025855239366656 ], [ -97.598269763314192, 16.02548225233182 ], [ -97.598350676896516, 16.024683024724272 ], [ -97.598371894414413, 16.024440461946551 ], [ -97.598381923763483, 16.024156019077061 ], [ -97.598354375034816, 16.024029498111975 ], [ -97.598258295452737, 16.023877237654929 ], [ -97.598056561727901, 16.02376011160894 ], [ -97.597714543523864, 16.023658580521168 ], [ -97.597426184805215, 16.023629064267812 ], [ -97.597037454231042, 16.023622520108702 ], [ -97.596372723673852, 16.023618171837146 ], [ -97.595323895057149, 16.023611311024755 ], [ -97.594751190996845, 16.023571973812725 ], [ -97.59413910182198, 16.023401889911302 ], [ -97.593837393010446, 16.023198251083574 ], [ -97.593393822115019, 16.022839733969203 ], [ -97.593041510772295, 16.022418019941462 ], [ -97.592824976331386, 16.022062420895882 ], [ -97.592610361711124, 16.021183191269678 ], [ -97.592520303611025, 16.020282748096065 ], [ -97.592314647432559, 16.016959909266596 ], [ -97.592235103439208, 16.016059534823253 ], [ -97.592069553714822, 16.015180626594482 ], [ -97.591912598221711, 16.014825417823076 ], [ -97.591345690882505, 16.014046684439371 ], [ -97.591145261485323, 16.013894546519364 ], [ -97.59077682892503, 16.01396330327502 ], [ -97.590450925152155, 16.01421366479104 ], [ -97.589298465904136, 16.015313257735276 ], [ -97.588924859153536, 16.01561922611937 ], [ -97.588333826772029, 16.015947488984335 ], [ -97.587863101919652, 16.016110467256027 ], [ -97.586257415818821, 16.01654276310526 ], [ -97.585734770239526, 16.016613884282471 ], [ -97.584901447930477, 16.01651349297795 ], [ -97.584233634640498, 16.016298955086672 ], [ -97.582160193987761, 16.015480889766128 ], [ -97.58095621129651, 16.014771352513787 ], [ -97.580515954668812, 16.014484868131685 ], [ -97.580349847678775, 16.014292846976069 ], [ -97.579557186515629, 16.013069729485771 ], [ -97.579361590459357, 16.012731203889068 ], [ -97.57924146462922, 16.012374536620314 ], [ -97.579265451779648, 16.01220353765504 ], [ -97.579497516758607, 16.01176220956631 ], [ -97.579521359771249, 16.011611545158146 ], [ -97.579400563018581, 16.01134977285891 ], [ -97.57920415362122, 16.011126476719465 ], [ -97.578408376759953, 16.010346198876469 ], [ -97.578138240657267, 16.010142749368395 ], [ -97.577673379143008, 16.009973597120293 ], [ -97.577279427073051, 16.009935400209798 ], [ -97.575905845610663, 16.009926295453003 ], [ -97.575506602153254, 16.009893144113796 ], [ -97.57501704742765, 16.009747547307136 ], [ -97.574716927288947, 16.009572703507423 ], [ -97.573805924661428, 16.008902361153726 ], [ -97.573516030179789, 16.00876825480206 ], [ -97.573074188043151, 16.008812769025038 ], [ -97.572732878575593, 16.009010466920625 ], [ -97.571581937280499, 16.00988853915409 ], [ -97.571277453088825, 16.010081395546376 ], [ -97.571007474126162, 16.010103323886295 ], [ -97.570926274668082, 16.009941794085172 ], [ -97.570817323200288, 16.009166060190861 ], [ -97.570715787342778, 16.008907801331333 ], [ -97.570350905384757, 16.008478326929804 ], [ -97.570097982116721, 16.008264238802017 ], [ -97.570217674524656, 16.008291650591534 ], [ -97.570806402142651, 16.008286531045972 ], [ -97.571405116365312, 16.00819109124529 ], [ -97.571985335150188, 16.008068411213554 ], [ -97.572800433704288, 16.007766520421008 ], [ -97.573624553074367, 16.007509878833119 ], [ -97.574232030937679, 16.007495835728154 ], [ -97.574838996021683, 16.007554095649379 ], [ -97.575455113221366, 16.00763953015333 ], [ -97.576062207492654, 16.00767971048224 ], [ -97.576660470487781, 16.007647522376264 ], [ -97.577287532956333, 16.007507061050546 ], [ -97.577831651512142, 16.007203355035109 ], [ -97.578192345274857, 16.006410352555999 ], [ -97.578771469562412, 16.00644130128574 ], [ -97.579357126437813, 16.006869987227077 ], [ -97.579511882396574, 16.007449477133321 ], [ -97.579291733313056, 16.00818918065676 ], [ -97.579221276969051, 16.008902758654269 ], [ -97.579450593499573, 16.009509857506771 ], [ -97.579764198826069, 16.010090398105064 ], [ -97.580162285244242, 16.01061726579572 ], [ -97.580645044755002, 16.011063345802846 ], [ -97.581193980840098, 16.011401399724928 ], [ -97.581827334506542, 16.011694817284855 ], [ -97.58375563087921, 16.012548130142758 ], [ -97.584817230467024, 16.013070327655431 ], [ -97.585888307350928, 16.013574505621747 ], [ -97.586428615449734, 16.013813066316118 ], [ -97.586998610738419, 16.013816818714638 ], [ -97.58758907417706, 16.013567624666742 ], [ -97.588188499254329, 16.013372719168895 ], [ -97.588889375650908, 16.013368288548854 ], [ -97.589599088659142, 16.01343622220093 ], [ -97.590290938635206, 16.013386534883619 ], [ -97.590741932450413, 16.013036991661068 ], [ -97.590989255422826, 16.012414953718334 ], [ -97.591208861329449, 16.011747540626317 ], [ -97.591586174305007, 16.011243856002174 ], [ -97.592252264613109, 16.010868604097862 ], [ -97.592964503101953, 16.010574999534043 ], [ -97.59369492161872, 16.010353820153213 ], [ -97.594368895020679, 16.010186500163648 ], [ -97.595042741054144, 16.010037254307637 ], [ -97.595716459904423, 16.00990608260172 ], [ -97.596399143212167, 16.009829198847044 ], [ -97.597090728419275, 16.00981564118182 ], [ -97.597707119773631, 16.00986486039363 ], [ -97.59833254033596, 16.009959329773849 ], [ -97.598938958358374, 16.010098866372019 ], [ -97.599535718260185, 16.01028353132066 ], [ -97.600150852656242, 16.010513507483108 ], [ -97.600756455630247, 16.010770535675913 ], [ -97.601362186126039, 16.011009485887808 ], [ -97.601986920938188, 16.011203365196799 ], [ -97.602593471807396, 16.011324815557128 ], [ -97.603154936886497, 16.01121096707524 ], [ -97.603159650318105, 16.010533101937312 ], [ -97.603023636892317, 16.00993566876522 ], [ -97.602812683232898, 16.009364863776312 ], [ -97.602554947711226, 16.008802792818042 ], [ -97.602278462673283, 16.008249638204067 ], [ -97.602011323021159, 16.007696544153852 ], [ -97.601725308184115, 16.007170442785863 ], [ -97.601411200121262, 16.006653196785429 ], [ -97.601059529296947, 16.006162821578062 ], [ -97.600679702677198, 16.005690339674061 ], [ -97.600271783334762, 16.005226712738594 ], [ -97.599854396094941, 16.0047811006378 ], [ -97.599418260113808, 16.004344404195226 ], [ -97.598982063018568, 16.00391674519209 ], [ -97.598536461002652, 16.003498062662704 ], [ -97.598081454074972, 16.003088356549423 ], [ -97.597607572407156, 16.002705642168763 ], [ -97.597105472246014, 16.002349858372067 ], [ -97.596489334005668, 16.001833688755973 ], [ -97.596771127669157, 16.001892088043778 ], [ -97.597898398775143, 16.002041797979114 ], [ -97.599120396371077, 16.002175173376454 ], [ -97.603695797444658, 16.002647827319773 ], [ -97.60489120810567, 16.002826753091487 ], [ -97.605894374477984, 16.003189141562224 ], [ -97.606132057015316, 16.003527918942343 ], [ -97.606238073815462, 16.00474649420573 ], [ -97.606323370063095, 16.005079198728428 ], [ -97.606615402597001, 16.005413244421621 ], [ -97.606947295915973, 16.005557747644822 ], [ -97.608204101223123, 16.005898046259205 ], [ -97.608562382385443, 16.0060274662595 ], [ -97.608977553587039, 16.006291131475702 ], [ -97.609212374199799, 16.006538376364261 ], [ -97.609893035410337, 16.007428520003135 ], [ -97.610091171471893, 16.007660274785685 ], [ -97.610335141931188, 16.007851654381184 ], [ -97.61048553477454, 16.007893299064108 ], [ -97.610943397355371, 16.007896260878038 ], [ -97.611115517562823, 16.007836366599925 ], [ -97.611460881976825, 16.007553898358736 ], [ -97.611782138640208, 16.007210266211004 ], [ -97.612935963227059, 16.005889113563018 ], [ -97.613309915176643, 16.005525483148613 ], [ -97.613901207734941, 16.005149697347949 ], [ -97.614371959964558, 16.004976490624813 ], [ -97.615977508809138, 16.004543971856648 ], [ -97.616400674193798, 16.004411125547268 ], [ -97.616663617332449, 16.00427852244033 ], [ -97.616735192075609, 16.004241604482072 ], [ -97.616812933171659, 16.004168044284228 ], [ -97.616890767268885, 16.004026475012807 ], [ -97.616918043321817, 16.003923854258655 ], [ -97.616991712647391, 16.003646687992415 ], [ -97.617002858270695, 16.003610006121722 ], [ -97.617027938794791, 16.003556304279719 ], [ -97.61705887230849, 16.003533706841704 ], [ -97.617106453991255, 16.003506945524357 ], [ -97.617144661558612, 16.003489639929779 ], [ -97.617220486115926, 16.003459486114092 ], [ -97.617288192571991, 16.003441612284625 ], [ -97.617380998457634, 16.003431356658293 ], [ -97.617529407854178, 16.003419675862364 ], [ -97.617674152289936, 16.003420607046987 ], [ -97.618097053089912, 16.00342332815524 ], [ -97.618445115467537, 16.00342556688571 ], [ -97.618583707788076, 16.00345198003804 ], [ -97.618764918869431, 16.003535853190478 ], [ -97.618937395569617, 16.003688014682062 ], [ -97.619037229668777, 16.003947938915939 ], [ -97.619259311213426, 16.004945824451827 ], [ -97.61934327337066, 16.005220898471428 ], [ -97.619513014407204, 16.005506691719496 ], [ -97.619671539454885, 16.005639893700124 ], [ -97.620241582900576, 16.005975708923749 ], [ -97.620469100617839, 16.00601275810854 ], [ -97.620960804880042, 16.005849839191644 ], [ -97.621435720699722, 16.005580047912897 ], [ -97.62316027967006, 16.004483932214136 ], [ -97.623645806029174, 16.004198951643193 ], [ -97.624187047051421, 16.003965166490168 ], [ -97.624807961100686, 16.003751361409719 ], [ -97.624943052456089, 16.003820745556038 ], [ -97.625164512355767, 16.003933915652315 ], [ -97.625279504999696, 16.003991969502493 ], [ -97.625447272204781, 16.004088667580735 ], [ -97.625550560069925, 16.004160368512469 ], [ -97.625730458847329, 16.004285251623742 ], [ -97.626275852669437, 16.004607430528878 ], [ -97.626899600689597, 16.004941700411006 ], [ -97.627314738936576, 16.005213804848349 ], [ -97.627997479031123, 16.005811298364602 ], [ -97.628557685530637, 16.006392755653458 ], [ -97.628931134027056, 16.00679880494587 ], [ -97.629123129147189, 16.007020478233322 ], [ -97.629320633332711, 16.007273678563017 ], [ -97.629459039562704, 16.007509677153156 ], [ -97.629609680813232, 16.007880663027631 ], [ -97.629777117752198, 16.008207343383688 ], [ -97.629938361903314, 16.008422166053638 ], [ -97.63010907691914, 16.008591030130798 ], [ -97.63102028643398, 16.009261148372616 ], [ -97.631267623117552, 16.009476252457585 ], [ -97.631510648161083, 16.009809955229255 ], [ -97.631610489857195, 16.010071569572723 ], [ -97.631833393262156, 16.0109587337816 ], [ -97.631927945004222, 16.01122539830563 ], [ -97.632146282503513, 16.011582668527684 ], [ -97.632363641726513, 16.011826389902676 ], [ -97.633159650568317, 16.012606484668758 ], [ -97.633408757186174, 16.012819903283837 ], [ -97.633775242641249, 16.013035763243231 ], [ -97.634049686461211, 16.013130715931144 ], [ -97.634963939774238, 16.013357966590952 ], [ -97.63521735960903, 16.013452784186473 ], [ -97.635485731106556, 16.013668017729653 ], [ -97.635615699127626, 16.013880676811421 ], [ -97.635953846172058, 16.014657852262385 ], [ -97.636083677157629, 16.014890846233008 ], [ -97.636351407075907, 16.015200976042482 ], [ -97.636706014870441, 16.015468441735642 ], [ -97.636392680529525, 16.015492050208394 ], [ -97.635747912841879, 16.015487953480108 ], [ -97.635131977243077, 16.015366534896227 ], [ -97.634554034806754, 16.015154969173455 ], [ -97.633976216651021, 16.014925325352134 ], [ -97.633407805836725, 16.014686701244585 ], [ -97.632848740873271, 16.014448135240784 ], [ -97.632280394500228, 16.014200470035139 ], [ -97.631721393999825, 16.013952862984603 ], [ -97.631152989018901, 16.013714233306079 ], [ -97.63058452386818, 16.013484640526805 ], [ -97.630006592494098, 16.013273063315165 ], [ -97.629419256455407, 16.013070463285299 ], [ -97.628775855866024, 16.012867503659049 ], [ -97.628113582936308, 16.012691537672577 ], [ -97.627441349435344, 16.012605892928267 ], [ -97.62684319129994, 16.01262014544864 ], [ -97.626254192064536, 16.012661570952073 ], [ -97.625664883516237, 16.012748186253123 ], [ -97.625084609546917, 16.012880051158827 ], [ -97.624513493556293, 16.013039089147441 ], [ -97.623931732129478, 16.013387869521431 ], [ -97.623572869972421, 16.013936928224954 ], [ -97.623465807991238, 16.014559910289435 ], [ -97.623452003289714, 16.01521060627109 ], [ -97.623559799772565, 16.015844004631909 ], [ -97.623789446353456, 16.016423952174204 ], [ -97.624168234310815, 16.017059087601574 ], [ -97.624593932864087, 16.017667407082804 ], [ -97.625066604203326, 16.018239872083431 ], [ -97.625455919535838, 16.018703338248844 ], [ -97.625854581226122, 16.019166863659809 ], [ -97.626262651185669, 16.019621409986076 ], [ -97.626745170948865, 16.020121625459939 ], [ -97.627293414746347, 16.020577067007178 ], [ -97.627804838327009, 16.02095092373099 ], [ -97.628335015013178, 16.02131586054411 ], [ -97.628884130048846, 16.021644762436885 ], [ -97.629452121550528, 16.021946667544498 ], [ -97.630029644647863, 16.0222215160479 ], [ -97.630626043924764, 16.02246936749232 ], [ -97.631222629681147, 16.022690102489769 ], [ -97.631828869679325, 16.02286570400301 ], [ -97.632454108346522, 16.022996231480107 ], [ -97.633089062067469, 16.023072586890738 ], [ -97.633724324026886, 16.02310374891676 ], [ -97.634350794959275, 16.023053504804452 ], [ -97.634959006368547, 16.022939871749539 ], [ -97.63557693063899, 16.022772066442425 ], [ -97.636194792604769, 16.022613297590688 ], [ -97.636812715108505, 16.022445488560543 ], [ -97.63804868006595, 16.02209178826109 ], [ -97.638657377637443, 16.02190583769881 ], [ -97.639266135474628, 16.021710846988388 ], [ -97.639865669976174, 16.021497718560362 ], [ -97.640465264533518, 16.021275550018736 ], [ -97.641720518397875, 16.020831562470779 ], [ -97.641841299411709, 16.020784661878391 ], [ -97.641985366999634, 16.020799154440603 ], [ -97.642670610015699, 16.021040742874963 ], [ -97.643110207970309, 16.021331616305471 ], [ -97.644476430328723, 16.022447433828596 ], [ -97.645178723855409, 16.022760298637731 ], [ -97.647089866740203, 16.023104511493266 ], [ -97.649117779747499, 16.023283365092027 ], [ -97.65667026167749, 16.023773652665007 ], [ -97.65883541253082, 16.023871930015659 ], [ -97.661386933388002, 16.023840411360155 ], [ -97.662866807919357, 16.023697116981772 ], [ -97.667221354660086, 16.023059892035793 ], [ -97.668449040809122, 16.022894655795696 ], [ -97.669823707955786, 16.022760827817329 ], [ -97.670559833272691, 16.022734885176035 ], [ -97.672620419419559, 16.022747640923416 ], [ -97.673198511037128, 16.022771552188985 ], [ -97.673835685115179, 16.022870393231774 ], [ -97.674167842317502, 16.022987684357915 ], [ -97.675080737331044, 16.023436200841601 ], [ -97.675360464268238, 16.023532830255569 ], [ -97.675752959050428, 16.023535252784651 ], [ -97.676033938494541, 16.023442084089847 ], [ -97.676952678792063, 16.023004872171601 ], [ -97.67731789687052, 16.022891884790177 ], [ -97.678103509601328, 16.022801823064636 ], [ -97.678860595817284, 16.022786149115266 ], [ -97.681608054378884, 16.022803046180549 ], [ -97.682385900822041, 16.022828159897493 ], [ -97.683268391045445, 16.022928479356004 ], [ -97.683751245116923, 16.023046680647528 ], [ -97.685122077303831, 16.023497964330961 ], [ -97.685584173891399, 16.02357536183295 ], [ -97.686369788036089, 16.023485269762848 ], [ -97.687029995971557, 16.023279168311092 ], [ -97.689325341380041, 16.022407439529477 ], [ -97.69004868919265, 16.022191545755572 ], [ -97.691128977384395, 16.022055782744012 ], [ -97.691948899954937, 16.022077728881445 ], [ -97.6946949233607, 16.022315889521408 ], [ -97.69548350687846, 16.022307127040197 ], [ -97.696417532851711, 16.022028093281058 ], [ -97.696963270256177, 16.021638237249338 ], [ -97.698576005220843, 16.020097936846888 ], [ -97.69904833891917, 16.019677125079721 ], [ -97.699639841415774, 16.019253644726017 ], [ -97.70001251240781, 16.019069484985515 ], [ -97.701160139909717, 16.018633550368083 ], [ -97.701532874275713, 16.018439219969064 ], [ -97.70212467493225, 16.017968282224047 ], [ -97.702597368736221, 16.017489843970406 ], [ -97.704211456798163, 16.015728062182557 ], [ -97.704726257645603, 16.015239704362031 ], [ -97.705514588506688, 16.014722489841958 ], [ -97.706125975528039, 16.014471969420754 ], [ -97.708190779197707, 16.013820077913863 ], [ -97.708855247918919, 16.013488522676134 ], [ -97.709891300013879, 16.012593165596442 ], [ -97.710706900844386, 16.011645638002324 ], [ -97.713476931208717, 16.008119176420138 ], [ -97.71423973837453, 16.007201821242106 ], [ -97.715029531488085, 16.006447316642252 ], [ -97.715395005755823, 16.006286810340711 ], [ -97.716310763039459, 16.006292285222873 ], [ -97.716628280445775, 16.006233172919199 ], [ -97.717134331213003, 16.006009104299871 ], [ -97.71941284160215, 16.004339283593556 ], [ -97.719468445719485, 16.004250886736219 ], [ -97.720497609164497, 16.003666731334381 ], [ -97.720844906745143, 16.003607789788045 ], [ -97.721150708341526, 16.003609610432395 ], [ -97.721252187692443, 16.003667834866576 ], [ -97.722167231190681, 16.003784001225881 ], [ -97.722405006277583, 16.003865067146084 ], [ -97.722599579328659, 16.00412721064718 ], [ -97.722639765636927, 16.00442063564946 ], [ -97.722632728055771, 16.005527808843095 ], [ -97.722667529006642, 16.005841538401601 ], [ -97.722836827044219, 16.006198131797024 ], [ -97.722836971701952, 16.006198436490401 ], [ -97.723044232028585, 16.006394561202111 ], [ -97.723842006608081, 16.006952910208483 ], [ -97.724112731696607, 16.00708840123918 ], [ -97.724578338358768, 16.007162344732397 ], [ -97.724972765265633, 16.007132486909303 ], [ -97.726347815878754, 16.006919202029064 ], [ -97.72672676334399, 16.006843491730447 ], [ -97.727120135300879, 16.006703466898326 ], [ -97.727303147787367, 16.006579142161261 ], [ -97.727763833179878, 16.006138984650324 ], [ -97.727915242735378, 16.006024640457269 ], [ -97.728161136365443, 16.00593119225196 ], [ -97.728361003547832, 16.005912038950711 ], [ -97.729047823683231, 16.005916103932492 ], [ -97.729257881884848, 16.005947851703294 ], [ -97.729551333506549, 16.00609194409164 ], [ -97.72975295490933, 16.006259768793889 ], [ -97.730443116680107, 16.006934409042209 ], [ -97.730757338992447, 16.007119295999747 ], [ -97.730803888989442, 16.007130844656711 ], [ -97.730876118142135, 16.007177618400057 ], [ -97.731562044630266, 16.007324026957576 ], [ -97.732346496621972, 16.007406615482473 ], [ -97.735321351603048, 16.007645596611528 ], [ -97.736279490472896, 16.007693604393463 ], [ -97.7377759443591, 16.007678677956036 ], [ -97.738955595816464, 16.007609344739549 ], [ -97.742964177693764, 16.007300676530573 ], [ -97.744018056448652, 16.007169568865056 ], [ -97.744927577944054, 16.006866444815209 ], [ -97.745173015811901, 16.006564522315102 ], [ -97.745408870695627, 16.005458676823697 ], [ -97.745454630419943, 16.005145419110391 ], [ -97.745432322781838, 16.004789395605208 ], [ -97.745354695273235, 16.004594048317994 ], [ -97.745014742280986, 16.004038450892306 ], [ -97.744863146838895, 16.003903681593489 ], [ -97.744495653530208, 16.003830355516442 ], [ -97.744122258304401, 16.003860372797952 ], [ -97.742747238993005, 16.004073774418185 ], [ -97.742378813211843, 16.00414957536109 ], [ -97.742034513315417, 16.004289916591787 ], [ -97.74191108216813, 16.004414603605074 ], [ -97.741679369662947, 16.00485613525337 ], [ -97.741524463941701, 16.004970469261199 ], [ -97.741033283509907, 16.00506249582077 ], [ -97.740486503058136, 16.00507962724426 ], [ -97.738426042675044, 16.005067536037476 ], [ -97.737811346053434, 16.005018167458161 ], [ -97.737003222327971, 16.004799882181342 ], [ -97.736463457378804, 16.004537415055935 ], [ -97.734752687619661, 16.003530847938446 ], [ -97.734286932611028, 16.003202717376226 ], [ -97.733824169638083, 16.002678015602513 ], [ -97.733628834011526, 16.002256572861498 ], [ -97.733180032747953, 16.000814541956686 ], [ -97.733131327291943, 16.000480394265583 ], [ -97.733256232561416, 16.000414235789076 ], [ -97.734496068962372, 16.001247108169885 ], [ -97.735105798135521, 16.001526938720083 ], [ -97.735550624475763, 16.001564461061101 ], [ -97.735681097734911, 16.001616755872398 ], [ -97.73644149166681, 16.001621229180468 ], [ -97.737047145016675, 16.00143498098825 ], [ -97.739113123080898, 16.000561338192053 ], [ -97.739786846292304, 16.000416154773454 ], [ -97.740864921559236, 16.000612284643577 ], [ -97.741731309855112, 16.001037652687202 ], [ -97.744696411662716, 16.002826554149504 ], [ -97.745530963665047, 16.003302563805299 ], [ -97.746460407226252, 16.003735061195371 ], [ -97.746953628900442, 16.003876906565797 ], [ -97.748325886209372, 16.004106351325976 ], [ -97.748719399488152, 16.004222190819707 ], [ -97.749183536080807, 16.004533335002357 ], [ -97.749453075385887, 16.004861987542064 ], [ -97.750246793643811, 16.006084554317457 ], [ -97.750473527261747, 16.006534977432516 ], [ -97.750737894806207, 16.007414386500127 ], [ -97.750888829121891, 16.008220262143681 ], [ -97.751328826274673, 16.011101605759386 ], [ -97.751516054406949, 16.011989039217124 ], [ -97.751949785717798, 16.013249051813073 ], [ -97.752382175709272, 16.01416163588171 ], [ -97.753043277855454, 16.01547937290529 ], [ -97.754322134095418, 16.018028443763626 ], [ -97.751038488586701, 16.020064575201342 ], [ -97.748191218501859, 16.02183011783254 ], [ -97.742792555306806, 16.025177734931862 ], [ -97.728146881085863, 16.034259262651158 ], [ -97.715979778407174, 16.041803871289392 ], [ -97.709247571134597, 16.045978395864751 ], [ -97.708524331998419, 16.046426863867236 ], [ -97.707723645036765, 16.045903676410095 ], [ -97.707382971078914, 16.045738930579223 ], [ -97.706819302565336, 16.045640626930634 ], [ -97.706354735257364, 16.045664938542131 ], [ -97.70475042109922, 16.0458766898068 ], [ -97.704285360322956, 16.045977255409067 ], [ -97.703719391527201, 16.046234816759263 ], [ -97.703375925018875, 16.046502196300143 ], [ -97.702339044719949, 16.047492403558483 ], [ -97.702068748631888, 16.047826317023269 ], [ -97.701844252565024, 16.048394375941932 ], [ -97.701793840486729, 16.048871975530236 ], [ -97.701783080260526, 16.050532714747565 ], [ -97.701786248813292, 16.050605304593294 ], [ -97.701215322055475, 16.050959053740922 ], [ -97.69980266065177, 16.051835020494124 ], [ -97.699189170215547, 16.05221543523761 ], [ -97.698585648599817, 16.052589668489009 ], [ -97.698228217945271, 16.05244310000457 ], [ -97.697662288149886, 16.052151562295055 ], [ -97.695608587609925, 16.051031868079978 ], [ -97.695053180762102, 16.050740388027911 ], [ -97.694514968928431, 16.050499852227656 ], [ -97.694301500393621, 16.050447710662922 ], [ -97.693843524950324, 16.050444919333298 ], [ -97.69369261478451, 16.050474503816737 ], [ -97.693446342531118, 16.050615356474463 ], [ -97.693245434933203, 16.050786989982583 ], [ -97.692554135833873, 16.051447092301039 ], [ -97.692279755811228, 16.051597940097793 ], [ -97.691690617489812, 16.051641794752353 ], [ -97.691123372197652, 16.051553595542636 ], [ -97.68906537248769, 16.051098133976321 ], [ -97.688445689806514, 16.050989270720361 ], [ -97.68761183083906, 16.050936713402365 ], [ -97.687040285672992, 16.050970494949063 ], [ -97.685206931855348, 16.051180691732245 ], [ -97.684709056048206, 16.051204750914852 ], [ -97.684218991363025, 16.051106839361793 ], [ -97.684016775071413, 16.050942907379945 ] ] ] ] } },
{ "type": "Feature", "properties": { "fid": 15.0, "cat": 16, "CLAVE_ACUI": "2019", "NOM_ACUIF": "CHACAHUA", "VULNERABIL": 2 }, "geometry": { "type": "MultiPolygon", "coordinates": [ [ [ [ -97.566947302751174, 16.05536147671889 ], [ -97.566561600955552, 16.05533302703591 ], [ -97.565419074920584, 16.054993233446382 ], [ -97.565090934448151, 16.054808017077875 ], [ -97.564702136834001, 16.054283470787578 ], [ -97.564474852591715, 16.053719335559983 ], [ -97.563802996734566, 16.051611250307058 ], [ -97.563707035620197, 16.051063246353351 ], [ -97.563931064765853, 16.050613980443238 ], [ -97.564347066903622, 16.050520175262683 ], [ -97.565885641483064, 16.050530479192126 ], [ -97.566558294564004, 16.050570567476292 ], [ -97.567145901395179, 16.05074057045708 ], [ -97.567491428104859, 16.050944540424528 ], [ -97.568516283525227, 16.051726395606526 ], [ -97.56878273851369, 16.051960338479923 ], [ -97.569001335147064, 16.05227021921641 ], [ -97.569047160595844, 16.052478963347401 ], [ -97.569042415524379, 16.053143221970458 ], [ -97.568998796584083, 16.053361536334773 ], [ -97.568799986285185, 16.05371607795065 ], [ -97.56855959001166, 16.054004251343322 ], [ -97.567636545893109, 16.054994516127426 ], [ -97.566947302751174, 16.05536147671889 ] ] ] ] } },
{ "type": "Feature", "properties": { "fid": 16.0, "cat": 19, "CLAVE_ACUI": "2019", "NOM_ACUIF": "CHACAHUA", "VULNERABIL": 2 }, "geometry": { "type": "MultiPolygon", "coordinates": [ [ [ [ -97.659643312260158, 16.050685618578669 ], [ -97.657696942308959, 16.050673433714483 ], [ -97.657137779897738, 16.050690265986923 ], [ -97.656474723980324, 16.050781010908953 ], [ -97.656086663304052, 16.050893814859407 ], [ -97.654938766889643, 16.051329485670593 ], [ -97.654611200958328, 16.051421603319969 ], [ -97.65421612552575, 16.051419849289616 ], [ -97.653985441405368, 16.051323498619489 ], [ -97.653301463346807, 16.050876326761163 ], [ -97.653028927086424, 16.050749208011904 ], [ -97.652801653559223, 16.050692744005957 ], [ -97.652441067945205, 16.050603159294901 ], [ -97.651873805614485, 16.050521636045911 ], [ -97.649814443846495, 16.050287232074595 ], [ -97.649231583600908, 16.050180183654614 ], [ -97.648721077088723, 16.049975299355037 ], [ -97.648570928138483, 16.049915038973406 ], [ -97.648209995079398, 16.049643310126999 ], [ -97.647186301337854, 16.04864038546954 ], [ -97.646899316809723, 16.048318281513009 ], [ -97.646583744120363, 16.047818056698883 ], [ -97.646419910246465, 16.047425553976211 ], [ -97.645970927169074, 16.046094099249878 ], [ -97.645801804172748, 16.045706646761641 ], [ -97.645461544325016, 16.045229990001587 ], [ -97.645144582103583, 16.044936503998954 ], [ -97.644005690231424, 16.0440435564329 ], [ -97.643720136982054, 16.043770603259482 ], [ -97.643526441176675, 16.043389772514931 ], [ -97.643535285424832, 16.043118682038344 ], [ -97.643770252527418, 16.042234423675755 ], [ -97.643852488489202, 16.041994301436077 ], [ -97.644001290427525, 16.041757989560917 ], [ -97.644131628743239, 16.041660523375246 ], [ -97.644517623591739, 16.041476927767249 ], [ -97.644823756214805, 16.040894391668189 ], [ -97.644895924087123, 16.040742084317582 ], [ -97.644955559672226, 16.040407160864625 ], [ -97.645196501218635, 16.038637191917928 ], [ -97.645275068163429, 16.038161486924164 ], [ -97.645400775320311, 16.037711499686321 ], [ -97.645406235592489, 16.037702465422807 ], [ -97.645411495241575, 16.037681063400974 ], [ -97.645501790272462, 16.037544365781518 ], [ -97.64584748592479, 16.037214394481548 ], [ -97.645990006346707, 16.037128866462592 ], [ -97.646309406575753, 16.037059707105513 ], [ -97.646623172291314, 16.037046435738862 ], [ -97.647768012534428, 16.037053658642499 ], [ -97.648086795327174, 16.037076004812057 ], [ -97.648429607988575, 16.037173067423705 ], [ -97.648600557649374, 16.037289382422308 ], [ -97.649055511072376, 16.037735122952451 ], [ -97.649226461589876, 16.037851437510572 ], [ -97.649569276247917, 16.037948498436684 ], [ -97.649888060876009, 16.037970842050044 ], [ -97.651032907943346, 16.037978047928718 ], [ -97.65136248040541, 16.037959785136639 ], [ -97.651755637620639, 16.037867356148599 ], [ -97.65198771812814, 16.037753577732126 ], [ -97.652677601697647, 16.037315039732896 ], [ -97.65289373953172, 16.037226580146722 ], [ -97.653212501030993, 16.0372523079586 ], [ -97.653451737184184, 16.03737752155125 ], [ -97.654249413762571, 16.037936122509265 ], [ -97.654482882774516, 16.038137559113618 ], [ -97.654774726140758, 16.038518997058134 ], [ -97.654958176325422, 16.038862471890162 ], [ -97.655522437043032, 16.040083916027665 ], [ -97.655742723047368, 16.040422537321533 ], [ -97.656206460828869, 16.04078132601466 ], [ -97.656648657465979, 16.040955259421569 ], [ -97.658248507895394, 16.041408153572061 ], [ -97.658680465979259, 16.04154134672196 ], [ -97.659096415469065, 16.041710027073357 ], [ -97.659258670552759, 16.041817806464302 ], [ -97.659599911686001, 16.042152096779887 ], [ -97.659698674523128, 16.042320487149858 ], [ -97.659818326219778, 16.042772018817452 ], [ -97.659890494458551, 16.043248673701058 ], [ -97.66010762916514, 16.04502153138813 ], [ -97.660195468026942, 16.045513536221605 ], [ -97.66038824699163, 16.046036701145933 ], [ -97.660575806760363, 16.046292074683478 ], [ -97.661258308926875, 16.046960651873654 ], [ -97.661435559947591, 16.047185456219928 ], [ -97.661580226750914, 16.047565967071723 ], [ -97.661609642306118, 16.047884749754235 ], [ -97.66160224743966, 16.048991891391449 ], [ -97.661579124291876, 16.04930526185948 ], [ -97.661478611241364, 16.049660515759101 ], [ -97.661358144205352, 16.049854650800746 ], [ -97.660896476432683, 16.050405359742992 ], [ -97.660686974023122, 16.05054809761344 ], [ -97.660170965148524, 16.050663498688252 ], [ -97.659643312260158, 16.050685618578669 ] ] ] ] } },
{ "type": "Feature", "properties": { "fid": 17.0, "cat": 17, "CLAVE_ACUI": "2019", "NOM_ACUIF": "CHACAHUA", "VULNERABIL": 4 }, "geometry": { "type": "MultiPolygon", "coordinates": [ [ [ [ -97.659694512954133, 16.050716442999807 ], [ -97.65984076532925, 16.050859710439699 ], [ -97.659650345830471, 16.0510313760191 ], [ -97.658615465013426, 16.051689211295102 ], [ -97.658314639731842, 16.051860184270009 ], [ -97.657945672935526, 16.052000225839699 ], [ -97.65771940317164, 16.052029312437178 ], [ -97.656908091061084, 16.052037579820155 ], [ -97.656843044477327, 16.052044156135437 ], [ -97.65664613434997, 16.052137823173645 ], [ -97.656554234435433, 16.052252484593001 ], [ -97.656322277743527, 16.052693904086784 ], [ -97.656162338728493, 16.0527623824218 ], [ -97.655647914444387, 16.0526405279799 ], [ -97.655072962981762, 16.052397970753418 ], [ -97.652904294120162, 16.051387879818215 ], [ -97.652366322138491, 16.051120128240239 ], [ -97.652024441476996, 16.050880723889307 ], [ -97.652074011189626, 16.050806470299747 ], [ -97.652647216368692, 16.050699357235526 ], [ -97.652801653559223, 16.050692744005957 ], [ -97.653028927086424, 16.050749208011904 ], [ -97.653301463346807, 16.050876326761163 ], [ -97.653985441405368, 16.051323498619489 ], [ -97.65421612552575, 16.051419849289616 ], [ -97.654611200958328, 16.051421603319969 ], [ -97.654938766889643, 16.051329485670593 ], [ -97.656086663304052, 16.050893814859407 ], [ -97.656474723980324, 16.050781010908953 ], [ -97.657137779897738, 16.050690265986923 ], [ -97.657696942308959, 16.050673433714483 ], [ -97.659643312260158, 16.050685618578669 ], [ -97.659694512954133, 16.050716442999807 ] ] ] ] } },
{ "type": "Feature", "properties": { "fid": 18.0, "cat": 14, "CLAVE_ACUI": "2019", "NOM_ACUIF": "CHACAHUA", "VULNERABIL": 2 }, "geometry": { "type": "MultiPolygon", "coordinates": [ [ [ [ -97.580631544662864, 16.049597210846425 ], [ -97.580761580029403, 16.04855757179423 ], [ -97.581110417750409, 16.047800689328625 ], [ -97.581478723437314, 16.047759067409206 ], [ -97.582848652356347, 16.048321709795232 ], [ -97.583235938390274, 16.048569991760804 ], [ -97.583673340783307, 16.049166003073694 ], [ -97.583910915568993, 16.049769166220962 ], [ -97.584582201833172, 16.051987915874506 ], [ -97.584677550652486, 16.052630809817664 ], [ -97.584451216466661, 16.053412232456644 ], [ -97.584032531018423, 16.053885655747159 ], [ -97.582304986234305, 16.055313532287325 ], [ -97.581829217728142, 16.055679811274256 ], [ -97.581336523445458, 16.055961245688682 ], [ -97.581108444375801, 16.055997016680866 ], [ -97.580536770942516, 16.055882513428113 ], [ -97.580399867065069, 16.055664694137786 ], [ -97.580332655420051, 16.054762708236638 ], [ -97.580373541629456, 16.053691976172718 ], [ -97.580631544662864, 16.049597210846425 ] ] ] ] } },
{ "type": "Feature", "properties": { "fid": 19.0, "cat": 20, "CLAVE_ACUI": "2019", "NOM_ACUIF": "CHACAHUA", "VULNERABIL": 3 }, "geometry": { "type": "MultiPolygon", "coordinates": [ [ [ [ -97.707727293410628, 16.046921093625397 ], [ -97.706317852317454, 16.047795063520077 ], [ -97.705293634270092, 16.048430163307732 ], [ -97.703309472777292, 16.049660507320887 ], [ -97.702131546849827, 16.050390918690155 ], [ -97.701786248813292, 16.050605304593294 ], [ -97.701783080260526, 16.050532714747565 ], [ -97.701793840486729, 16.048871975530236 ], [ -97.701844252565024, 16.048394375941932 ], [ -97.702068748631888, 16.047826317023269 ], [ -97.702339044719949, 16.047492403558483 ], [ -97.703375925018875, 16.046502196300143 ], [ -97.703719391527201, 16.046234816759263 ], [ -97.704285360322956, 16.045977255409067 ], [ -97.70475042109922, 16.0458766898068 ], [ -97.706354735257364, 16.045664938542131 ], [ -97.706819302565336, 16.045640626930634 ], [ -97.707382971078914, 16.045738930579223 ], [ -97.707723645036765, 16.045903676410095 ], [ -97.708524331998419, 16.046426863867236 ], [ -97.707727293410628, 16.046921093625397 ] ] ] ] } },
{ "type": "Feature", "properties": { "fid": 20.0, "cat": 21, "CLAVE_ACUI": "2019", "NOM_ACUIF": "CHACAHUA", "VULNERABIL": 2 }, "geometry": { "type": "MultiPolygon", "coordinates": [ [ [ [ -97.622484807490636, 16.047588240086537 ], [ -97.622190444765991, 16.047071173519221 ], [ -97.621948701224213, 16.046547666388129 ], [ -97.621897714888263, 16.04631686588213 ], [ -97.621901521393781, 16.045763304088069 ], [ -97.62196805663261, 16.045529694621266 ], [ -97.622290203420462, 16.045560750136776 ], [ -97.624164075241751, 16.045826420922708 ], [ -97.624608397152912, 16.045942814652246 ], [ -97.625195077064291, 16.046255005952926 ], [ -97.625588869927071, 16.046584600008131 ], [ -97.62683989816135, 16.047810511399064 ], [ -97.627175659024275, 16.048170234810403 ], [ -97.62749150636914, 16.048623036239896 ], [ -97.62760695523896, 16.048910172353683 ], [ -97.627829869459831, 16.049797339590995 ], [ -97.627871996824965, 16.050043334328723 ], [ -97.627845675903984, 16.050304142615985 ], [ -97.627765947066777, 16.050430731117501 ], [ -97.627420199448466, 16.050760668780931 ], [ -97.627261959897254, 16.050835914449824 ], [ -97.62686925695327, 16.050857123198806 ], [ -97.62646649260013, 16.050812175218439 ], [ -97.624979631167832, 16.050581203561315 ], [ -97.62455601369409, 16.05051069843644 ], [ -97.624065991336792, 16.050412651626445 ], [ -97.623789576747185, 16.0503430902818 ], [ -97.62394573870084, 16.050315284167787 ], [ -97.623874581867526, 16.049958950153215 ], [ -97.623616768316964, 16.049477707575285 ], [ -97.622484807490636, 16.047588240086537 ] ] ] ] } },
{ "type": "Feature", "properties": { "fid": 21.0, "cat": 22, "CLAVE_ACUI": "2019", "NOM_ACUIF": "CHACAHUA", "VULNERABIL": 1 }, "geometry": { "type": "MultiPolygon", "coordinates": [ [ [ [ -97.620336891575946, 16.045465146801032 ], [ -97.62196805663261, 16.045529694621266 ], [ -97.621901521393781, 16.045763304088069 ], [ -97.621897714888263, 16.04631686588213 ], [ -97.621948701224213, 16.046547666388129 ], [ -97.622190444765991, 16.047071173519221 ], [ -97.622484807490636, 16.047588240086537 ], [ -97.623616768316964, 16.049477707575285 ], [ -97.623874581867526, 16.049958950153215 ], [ -97.62394573870084, 16.050315284167787 ], [ -97.623789576747185, 16.0503430902818 ], [ -97.622989665244546, 16.050116516411094 ], [ -97.622728813488848, 16.05007755749924 ], [ -97.622311415488468, 16.050122324342585 ], [ -97.621975984018746, 16.050225235680987 ], [ -97.620828032466235, 16.05066071827023 ], [ -97.620471815655634, 16.050727905674908 ], [ -97.619957425297841, 16.050605967569311 ], [ -97.619578799705522, 16.050364582878036 ], [ -97.618326277937456, 16.049360055907002 ], [ -97.617990134920959, 16.049057935253416 ], [ -97.617673982293525, 16.04865256951437 ], [ -97.617558478081023, 16.048375596605307 ], [ -97.617335611301527, 16.047488422243507 ], [ -97.617335694596207, 16.047222362906663 ], [ -97.6175589485741, 16.046867926934134 ], [ -97.617877798922095, 16.046627648714018 ], [ -97.619142508086483, 16.045860781485693 ], [ -97.619518902806405, 16.045661542913169 ], [ -97.620010707547976, 16.045498634437219 ], [ -97.620336891575946, 16.045465146801032 ] ] ] ] } },
{ "type": "Feature", "properties": { "fid": 22.0, "cat": 23, "CLAVE_ACUI": "2019", "NOM_ACUIF": "CHACAHUA", "VULNERABIL": 2 }, "geometry": { "type": "MultiPolygon", "coordinates": [ [ [ [ -97.576684493249132, 16.045396604973568 ], [ -97.576803586765806, 16.045653284099799 ], [ -97.576678733415164, 16.045960876517434 ], [ -97.576381277285691, 16.046143614780206 ], [ -97.575117998424105, 16.046688796114001 ], [ -97.574705319470283, 16.046809759288656 ], [ -97.57404276710561, 16.046829076396033 ], [ -97.573508943569465, 16.046735708703007 ], [ -97.571680325211929, 16.046280667865108 ], [ -97.571199509538943, 16.046126641542294 ], [ -97.57078431630012, 16.045862901514877 ], [ -97.570671998273966, 16.045640157201465 ], [ -97.570563040393324, 16.044864424179796 ], [ -97.570503292552658, 16.044642030426076 ], [ -97.570333427078722, 16.044379925891835 ], [ -97.570150510099779, 16.044227884490056 ], [ -97.569466764662906, 16.043780461360981 ], [ -97.569304731439345, 16.043648894135742 ], [ -97.56923231998374, 16.043482338055234 ], [ -97.569290908031292, 16.043375968094626 ], [ -97.56963672961794, 16.043046130635155 ], [ -97.569879163747643, 16.042961322677648 ], [ -97.570664701960041, 16.042895388295477 ], [ -97.571544465629643, 16.042886001450221 ], [ -97.574085303602089, 16.042902919086135 ], [ -97.575471484186664, 16.042896884368755 ], [ -97.576674070502662, 16.042833699028183 ], [ -97.577005866422013, 16.042749476946767 ], [ -97.576129580298783, 16.043585320226768 ], [ -97.5759208813475, 16.043855073534761 ], [ -97.575869119603652, 16.04423432533493 ], [ -97.576003873986124, 16.044506360477278 ], [ -97.576684493249132, 16.045396604973568 ] ] ] ] } },
{ "type": "Feature", "properties": { "fid": 23.0, "cat": 24, "CLAVE_ACUI": "2019", "NOM_ACUIF": "CHACAHUA", "VULNERABIL": 3 }, "geometry": { "type": "MultiPolygon", "coordinates": [ [ [ [ -97.425336356191607, 16.034295160027323 ], [ -97.4248519938036, 16.034167902377764 ], [ -97.424535905637086, 16.033809730059005 ], [ -97.424568712729936, 16.033425313827237 ], [ -97.425037895369826, 16.031989542859222 ], [ -97.425191674516384, 16.031595847529029 ], [ -97.425440131876954, 16.031194374485629 ], [ -97.425641292079604, 16.0310145368578 ], [ -97.426331581208956, 16.030576766352155 ], [ -97.426522267440916, 16.030391767342763 ], [ -97.426721848594639, 16.029966210492731 ], [ -97.426816278188099, 16.029543271239199 ], [ -97.427057366088889, 16.027995111244582 ], [ -97.427151793663612, 16.027572171622513 ], [ -97.427351370159712, 16.027146613709025 ], [ -97.427542051973603, 16.026961613360442 ], [ -97.428232322742048, 16.026523834959526 ], [ -97.428412092792286, 16.026389589639443 ], [ -97.428560750507003, 16.02620089132316 ], [ -97.428593348775863, 16.026065567758781 ], [ -97.428596816424005, 16.025622756176073 ], [ -97.428466515197982, 16.025481155833138 ], [ -97.424254351849527, 16.024518835941159 ], [ -97.423495225767198, 16.024353973988077 ], [ -97.42280992561453, 16.024159150679601 ], [ -97.422590050435019, 16.024045695638026 ], [ -97.422249266181396, 16.023711063072014 ], [ -97.422171664482264, 16.023552901598489 ], [ -97.422150306789021, 16.023149447555575 ], [ -97.422197397164624, 16.022731246090046 ], [ -97.422438507000152, 16.021183092801984 ], [ -97.422464731872736, 16.020744403424537 ], [ -97.422346008004666, 16.02024534009384 ], [ -97.42215017822069, 16.019971081765238 ], [ -97.421355033225268, 16.019190271431388 ], [ -97.421095655097432, 16.018976547779026 ], [ -97.420680365655329, 16.018759982112211 ], [ -97.420346472984164, 16.018664326050324 ], [ -97.419203597978992, 16.018434493646698 ], [ -97.418848683199712, 16.018338680518674 ], [ -97.418335288038776, 16.018121387860369 ], [ -97.417956781551226, 16.017906782869716 ], [ -97.416703818564244, 16.017122582317931 ], [ -97.41639392252597, 16.016872895964188 ], [ -97.41620069822072, 16.01649189739959 ], [ -97.4162345587511, 16.016197300397074 ], [ -97.416585796085684, 16.01520351243056 ], [ -97.416845374297765, 16.014946164987578 ], [ -97.41770550342946, 16.014738996620274 ], [ -97.418674681727168, 16.014700385826167 ], [ -97.422337389783763, 16.014727334774914 ], [ -97.423306329670751, 16.014719202705859 ], [ -97.42416533670999, 16.014654339888814 ], [ -97.424423549284114, 16.014569814234484 ], [ -97.424769533706893, 16.014240225709901 ], [ -97.424859879048412, 16.01411379897992 ], [ -97.424935506771021, 16.013853396473795 ], [ -97.424953201072228, 16.013607819656674 ], [ -97.424960146628152, 16.012722197000706 ], [ -97.424993727513268, 16.012461485930345 ], [ -97.425143492693266, 16.012130456874409 ], [ -97.425323861836574, 16.011918269148421 ], [ -97.42601581689587, 16.01125908728747 ], [ -97.426196582607218, 16.010996065685589 ], [ -97.426348203014186, 16.0104278149003 ], [ -97.426384038014476, 16.00987904979387 ], [ -97.42639964688037, 16.00788639664524 ], [ -97.426367276992565, 16.007321880839161 ], [ -97.426200610522059, 16.00668012708287 ], [ -97.425994886005228, 16.006327851700956 ], [ -97.42520890919694, 16.005335000497151 ], [ -97.424516944070021, 16.004895869987955 ], [ -97.423951018997329, 16.004678207543833 ], [ -97.42200964685604, 16.004110408210035 ], [ -97.421518803484247, 16.003925487318348 ], [ -97.421055982710229, 16.0035187882877 ], [ -97.420775954136388, 16.00318573212445 ], [ -97.42053653771805, 16.002663752088175 ], [ -97.419979068837904, 16.000777598105323 ], [ -97.419707964469936, 16.000275718725089 ], [ -97.419000276252234, 15.999819768181991 ], [ -97.41826039751038, 15.999670287765815 ], [ -97.4155153222829, 15.999428643339339 ], [ -97.414742473245184, 15.999461916515644 ], [ -97.413880911674966, 15.999858854416598 ], [ -97.413376808832638, 16.000468395395604 ], [ -97.413372728110588, 16.000985348617796 ], [ -97.413328919085657, 16.001208702009414 ], [ -97.413129719774048, 16.001586803664335 ], [ -97.412888957791992, 16.001903595217506 ], [ -97.41196459540582, 16.003003851268183 ], [ -97.411756238947063, 16.00334746542601 ], [ -97.411537110137573, 16.004113990656819 ], [ -97.41147352651717, 16.004843858757898 ], [ -97.411454271657462, 16.007279306740429 ], [ -97.411401839951495, 16.007927920050061 ], [ -97.411176414637822, 16.008519334292018 ], [ -97.410906810204352, 16.008715598208525 ], [ -97.409874080623908, 16.009040079273433 ], [ -97.409479707659088, 16.009062576408255 ], [ -97.408672033072506, 16.008843083427461 ], [ -97.407912587550598, 16.008507023417252 ], [ -97.405176205635797, 16.007158218845174 ], [ -97.404390697351644, 16.006796536067661 ], [ -97.403461352211153, 16.006457504655284 ], [ -97.402919222661623, 16.00633485796477 ], [ -97.401318630741741, 16.006101533387312 ], [ -97.400797364214071, 16.005999370964926 ], [ -97.399965377456084, 16.005755942765017 ], [ -97.399298092455126, 16.005510350010436 ], [ -97.397016094792932, 16.004607666901475 ], [ -97.396406668667041, 16.004357414003376 ], [ -97.395844665059954, 16.004092263075364 ], [ -97.395651227699659, 16.003963730160667 ], [ -97.395310523346467, 16.003629061363469 ], [ -97.395222195610842, 16.003501313309417 ], [ -97.395150703270389, 16.003239824784607 ], [ -97.395136899003134, 16.002994017823909 ], [ -97.395143971066275, 16.002108407160499 ], [ -97.395114522328967, 16.001847232725154 ], [ -97.394970023358283, 16.001514029364547 ], [ -97.394793045272181, 16.001299198903592 ], [ -97.394111648996343, 16.000629859066361 ], [ -97.393939968557717, 16.000409984100113 ], [ -97.393820186925183, 16.000053241822787 ], [ -97.393820750399016, 15.999763485048918 ], [ -97.393943160326501, 15.998768028908687 ], [ -97.393996114062674, 15.998498997789994 ], [ -97.394120822383911, 15.998238975474138 ], [ -97.39424602343496, 15.998136546096474 ], [ -97.394705586335803, 15.997918564060459 ], [ -97.394835514562558, 15.997882255488987 ], [ -97.394982283995958, 15.997930798122644 ], [ -97.395062026491388, 15.998036453364675 ], [ -97.395287389216193, 15.998480968485302 ], [ -97.395414754487632, 15.99854631104686 ], [ -97.397680208469254, 15.997046064372819 ], [ -97.398116534983458, 15.996812085778574 ], [ -97.398656076494206, 15.996816107146094 ], [ -97.398990525077267, 15.997055831002223 ], [ -97.400011750327877, 15.998170519396428 ], [ -97.400340704811299, 15.998440701776538 ], [ -97.400854594203068, 15.998586866172023 ], [ -97.401259766509838, 15.998525489767355 ], [ -97.40229197498023, 15.998201195520753 ], [ -97.403926993369495, 15.997092553920744 ], [ -97.404398752653549, 15.996807989633393 ], [ -97.404989227155127, 15.996575140892043 ], [ -97.405361003857649, 15.996527064549502 ], [ -97.406505488470117, 15.996535554392393 ], [ -97.406876459400848, 15.996589140516503 ], [ -97.407463172981139, 15.996830722051477 ], [ -97.407930365289218, 15.997122252169696 ], [ -97.409523892649375, 15.998241139148487 ], [ -97.410033455895601, 15.998492310319563 ], [ -97.410817879667704, 15.998545560026255 ], [ -97.411428919878873, 15.998370459237229 ], [ -97.41349600674566, 15.99750006112898 ], [ -97.414086421771742, 15.997273964320707 ], [ -97.41477461430479, 15.997089255682381 ], [ -97.415167332418662, 15.997051483870912 ], [ -97.416311825481245, 15.997059921768326 ], [ -97.416703903000069, 15.997103479604618 ], [ -97.417389105533672, 15.997298314050775 ], [ -97.417975889849018, 15.997533090471228 ], [ -97.420029025283554, 15.998433869623065 ], [ -97.42064782808788, 15.998607871685971 ], [ -97.421482426726499, 15.998519111106244 ], [ -97.42205590527611, 15.998218308211428 ], [ -97.423897525914285, 15.996903312963044 ], [ -97.42442927262654, 15.996561528187822 ], [ -97.425069149866516, 15.99628153755406 ], [ -97.425451514840404, 15.99622333637965 ], [ -97.426596008885568, 15.996231719094244 ], [ -97.4269145937144, 15.996264553031121 ], [ -97.427256828783143, 15.996409398747158 ], [ -97.427427151318426, 15.996583487560923 ], [ -97.427879756174775, 15.997251056174701 ], [ -97.428112746885603, 15.997476439012711 ], [ -97.428747431800574, 15.997860656401262 ], [ -97.429421135354374, 15.998184154086557 ], [ -97.43193041721787, 15.999309577234317 ], [ -97.432614642355759, 15.999633142462635 ], [ -97.433298394408354, 16.000017705537545 ], [ -97.433590956480103, 16.000243517531516 ], [ -97.434272495175847, 16.000912743858056 ], [ -97.43450238985146, 16.001087261952023 ], [ -97.43489369060093, 16.001232454085752 ], [ -97.435222796780849, 16.001265353086307 ], [ -97.43636732490252, 16.001273686326765 ], [ -97.436707417037951, 16.001245659650081 ], [ -97.43714998481326, 16.001106538362357 ], [ -97.43744213199264, 16.000935820429767 ], [ -97.438362914490313, 16.000278255874047 ], [ -97.438634037672273, 16.000107383310038 ], [ -97.438978499981303, 15.999967544950458 ], [ -97.439199466152331, 15.999938648559239 ], [ -97.439886179720247, 15.999943636124145 ], [ -97.440138047431788, 15.999996301106194 ], [ -97.440835595347167, 16.000411443340347 ], [ -97.442321758850298, 16.001548529282992 ], [ -97.442810435235018, 16.001789307914869 ], [ -97.443160041828776, 16.001890125229156 ], [ -97.444302864044332, 16.002119824457594 ], [ -97.444610585271363, 16.002200001662988 ], [ -97.444729264859959, 16.002258475391464 ], [ -97.44492473728414, 16.002354784931555 ], [ -97.44501494177625, 16.002470666881898 ], [ -97.445240424090088, 16.002915139774302 ], [ -97.445404285431906, 16.003021387416485 ], [ -97.445943489061293, 16.003072736147729 ], [ -97.446549918434087, 16.003039842459174 ], [ -97.448840716852828, 16.002834975563967 ], [ -97.44948919028738, 16.002802377058956 ], [ -97.450224603056213, 16.002855131179945 ], [ -97.450626719736832, 16.002963093786889 ], [ -97.451767854500119, 16.003414163254792 ], [ -97.45213836154943, 16.003532062646045 ], [ -97.452726256724048, 16.003631192809522 ], [ -97.453195599684932, 16.003654907585666 ], [ -97.454797972014134, 16.003666440073818 ], [ -97.455330226615558, 16.003710937357631 ], [ -97.456211709539375, 16.003907064003727 ], [ -97.45693871757716, 16.004142746777703 ], [ -97.459449952750091, 16.005046458511121 ], [ -97.460229604042837, 16.005272340996967 ], [ -97.461356727764382, 16.005422760701489 ], [ -97.462187251699135, 16.005411763050013 ], [ -97.464935903618112, 16.005210002815407 ], [ -97.465734583276074, 16.005239433143316 ], [ -97.466713106689525, 16.005578554029519 ], [ -97.467312319546622, 16.006033583382628 ], [ -97.469130140158455, 16.007817927540838 ], [ -97.46963468431413, 16.008282443786229 ], [ -97.470171384787818, 16.008665849202739 ], [ -97.470433553808931, 16.008749055576033 ], [ -97.471120307632702, 16.008753945950428 ], [ -97.471361686259755, 16.008806501115203 ], [ -97.471801366558239, 16.009046869014245 ], [ -97.472188103489515, 16.009337696268034 ], [ -97.473553204222185, 16.010454518176466 ], [ -97.473960892582127, 16.010755658931441 ], [ -97.474498329160156, 16.011044164344526 ], [ -97.474858406656537, 16.011155174269554 ], [ -97.476001332652586, 16.01138471235296 ], [ -97.476330416544073, 16.011424328246814 ], [ -97.476723213394479, 16.011379667449514 ], [ -97.476955267523564, 16.011276250604443 ], [ -97.47764538825156, 16.010838298387831 ], [ -97.477877518387899, 16.010724713601146 ], [ -97.478270673205444, 16.010632604539225 ], [ -97.478600193006429, 16.010614604751055 ], [ -97.479744797839913, 16.010622711557073 ], [ -97.480073933052651, 16.010655543766603 ], [ -97.480465292524215, 16.010800657234832 ], [ -97.480695242487258, 16.010975130218711 ], [ -97.481376985220805, 16.011644223312548 ], [ -97.481627806753878, 16.011839177852298 ], [ -97.482116562510541, 16.012079873094006 ], [ -97.482563963693337, 16.012228768370097 ], [ -97.484163084367509, 16.012682911501098 ], [ -97.48460005365655, 16.012821561681168 ], [ -97.48504011854962, 16.013014459085007 ], [ -97.485231813046653, 16.013151377210388 ], [ -97.485686323144307, 16.013597431074345 ], [ -97.485857148215274, 16.013713866669711 ], [ -97.486199820787022, 16.013811179091768 ], [ -97.486518527885394, 16.0138337609472 ], [ -97.487663155273196, 16.013841827130584 ], [ -97.488044857582011, 16.0138750179133 ], [ -97.488681507903621, 16.014021844651889 ], [ -97.48920930677275, 16.014198405882851 ], [ -97.491035725395676, 16.014875523834281 ], [ -97.491605653289426, 16.015042208177476 ], [ -97.492438890636009, 16.015142957393969 ], [ -97.493059300916983, 16.01512020018771 ], [ -97.495121309371314, 16.014913240343134 ], [ -97.495741338553245, 16.014941309916665 ], [ -97.496572802954461, 16.015279271540926 ], [ -97.497140581997002, 16.015734004692142 ], [ -97.498958770880265, 16.017518125072581 ], [ -97.499473924986418, 16.017982652319198 ], [ -97.500059770405514, 16.01836633274587 ], [ -97.500381536549554, 16.01844992089816 ], [ -97.501297265313042, 16.01845631700883 ], [ -97.501556338489479, 16.018488628288264 ], [ -97.50184961790373, 16.018633020295564 ], [ -97.502009515457601, 16.018806983488695 ], [ -97.502462426114619, 16.019474419489658 ], [ -97.502643121874257, 16.01967902985654 ], [ -97.50303345703162, 16.019966442305559 ], [ -97.503410383309088, 16.020172420747265 ], [ -97.504779042689094, 16.020846236552355 ], [ -97.505166712092716, 16.021021784539922 ], [ -97.505607171090105, 16.021167197011621 ], [ -97.505848728293259, 16.021199381449659 ], [ -97.506535535953304, 16.021204162206061 ], [ -97.506767110498998, 16.021165103678086 ], [ -97.507160983495567, 16.020978050645752 ], [ -97.507492084096555, 16.020749890282545 ], [ -97.508643341667565, 16.019872191120328 ], [ -97.508974438851737, 16.019644028148942 ], [ -97.509368307043829, 16.019456970610751 ], [ -97.509599879268109, 16.019417908801046 ], [ -97.510286682012392, 16.019422677039419 ], [ -97.510491445348976, 16.019454600754131 ], [ -97.510760204948795, 16.019598810998627 ], [ -97.510939384091813, 16.019772901973276 ], [ -97.511506795833242, 16.020441115721443 ], [ -97.511612201404375, 16.020640113325577 ], [ -97.511536679937464, 16.020900555774908 ], [ -97.51132338608204, 16.02107361863569 ], [ -97.510403533448411, 16.021620800231034 ], [ -97.510163730477046, 16.021824180306407 ], [ -97.509964504970284, 16.022226108236275 ], [ -97.509919700290524, 16.022596911153478 ], [ -97.509909837247747, 16.023925396896164 ], [ -97.509954539382861, 16.024276486295886 ], [ -97.51017301334798, 16.024586417749543 ], [ -97.510440417021016, 16.02467808730896 ], [ -97.511469827469625, 16.024795944299782 ], [ -97.511747970926834, 16.024857184264572 ], [ -97.512016562560405, 16.025025116531864 ], [ -97.512122121417832, 16.025203780067674 ], [ -97.512346138296337, 16.025869611060234 ], [ -97.512540716196114, 16.026094645491739 ], [ -97.513224730392764, 16.026478974071289 ], [ -97.514007317593823, 16.026802978336281 ], [ -97.51697539749712, 16.027930647556794 ], [ -97.517773729069717, 16.02825983154597 ], [ -97.518531176315165, 16.028668376103298 ], [ -97.518814910438422, 16.028922829270535 ], [ -97.519381556382882, 16.02970173358538 ], [ -97.519528475470111, 16.029975576619805 ], [ -97.519647449638953, 16.030474607159722 ], [ -97.519670493342431, 16.030913664949605 ], [ -97.519659055400069, 16.032463570645351 ], [ -97.51961917080618, 16.03288185893647 ], [ -97.519444480943108, 16.033283965275515 ], [ -97.519234808526065, 16.033440114443664 ], [ -97.518431026116858, 16.033766702384355 ], [ -97.5181900385505, 16.033892131485164 ], [ -97.517869213276285, 16.034150880980132 ], [ -97.517651878807982, 16.034395094038313 ], [ -97.516958473269483, 16.035276004103395 ], [ -97.516683426837403, 16.035504565538471 ], [ -97.51609328556394, 16.035690276175227 ], [ -97.51552527349773, 16.035727014704218 ], [ -97.513464693642163, 16.035712739568218 ], [ -97.512907722562929, 16.03567837510208 ], [ -97.512369103330684, 16.035532293958845 ], [ -97.51215661840962, 16.035357972139259 ], [ -97.511703642560491, 16.034690551789595 ], [ -97.511501068523827, 16.034597638230593 ], [ -97.511008696456443, 16.034831461673821 ], [ -97.510507879861223, 16.035258407711233 ], [ -97.508663088840592, 16.037016988386892 ], [ -97.508088669307398, 16.037443415909646 ], [ -97.507252854460887, 16.037674839731519 ], [ -97.506633255451646, 16.037579017686387 ], [ -97.50457761867203, 16.036900415122474 ], [ -97.504011424183602, 16.036693116042471 ], [ -97.503424811698721, 16.036404333286111 ], [ -97.501972092434556, 16.035241876264195 ], [ -97.501639634114937, 16.035178548680609 ], [ -97.500723828906956, 16.035172147539633 ], [ -97.500401124097081, 16.035210560855258 ], [ -97.499810972690653, 16.035396225463547 ], [ -97.499290603207839, 16.035623046561646 ], [ -97.497452355220375, 16.036495871014374 ], [ -97.496942493753082, 16.036722759590344 ], [ -97.496401396740254, 16.036908758051283 ], [ -97.496138263319708, 16.03694758239887 ], [ -97.495451405055661, 16.036942763775258 ], [ -97.495147058258055, 16.036869455885491 ], [ -97.494413632930787, 16.036532170956274 ], [ -97.493670231751508, 16.036123641600131 ], [ -97.490934477231349, 16.03455443849229 ], [ -97.490196156353804, 16.034171352440442 ], [ -97.48948638724039, 16.033952838397902 ], [ -97.489210749561991, 16.034023763183189 ], [ -97.488634206536133, 16.034573259783443 ], [ -97.488478585861372, 16.034761954609419 ], [ -97.488328900663291, 16.03509303489113 ], [ -97.488270685424311, 16.035377311984636 ], [ -97.488148698824759, 16.03637285807514 ], [ -97.48799064682953, 16.036651347333361 ], [ -97.487375057397486, 16.036955416764691 ], [ -97.486653695539005, 16.037111310397908 ], [ -97.483902925556023, 16.037534723712255 ], [ -97.483082646785789, 16.037562813099786 ], [ -97.482005456495443, 16.037270502519025 ], [ -97.481286894771088, 16.036824827444146 ], [ -97.479010819935624, 16.035037311412207 ], [ -97.47836601811575, 16.034571816025359 ], [ -97.477632994492822, 16.034187031591191 ], [ -97.477230617439631, 16.034102835756887 ], [ -97.476085880072787, 16.034094703973214 ], [ -97.475693630652955, 16.034061414092228 ], [ -97.475007871056292, 16.03391419552451 ], [ -97.474420464738841, 16.033737172472232 ], [ -97.472365003556689, 16.033058273483601 ], [ -97.471809605868003, 16.032820467565983 ], [ -97.471273203160976, 16.03238961616066 ], [ -97.471062310692673, 16.032011921072336 ], [ -97.470614550289895, 16.030680195751444 ], [ -97.470445401210455, 16.030343467254269 ], [ -97.470103796587651, 16.030103792982 ], [ -97.469784938667061, 16.030098129340036 ], [ -97.468638538002764, 16.030311369720824 ], [ -97.468240951533545, 16.030289890657397 ], [ -97.467531951272548, 16.029976417188369 ], [ -97.466916682387335, 16.029550076309654 ], [ -97.464754448785769, 16.027873948842586 ], [ -97.464181865076924, 16.027366567931505 ], [ -97.463672021054265, 16.026674928716169 ], [ -97.46351625422956, 16.02619425465133 ], [ -97.463299185706532, 16.024642748720012 ], [ -97.463263806434384, 16.024229024342041 ], [ -97.463315770156996, 16.023849816570067 ], [ -97.463425383140859, 16.023721815507439 ], [ -97.463884946271079, 16.023503684359625 ], [ -97.464015738864504, 16.023355499923095 ], [ -97.464166541245305, 16.022882104239553 ], [ -97.4642511803047, 16.022354009129277 ], [ -97.464495356644605, 16.020362960437797 ], [ -97.464543395270098, 16.019809184753942 ], [ -97.464523403200602, 16.019215947548005 ], [ -97.46444680498017, 16.018922241548093 ], [ -97.464109340162111, 16.018144850551824 ], [ -97.463947246879698, 16.018033544533061 ], [ -97.463528274306583, 16.018291507100866 ], [ -97.463091833389441, 16.018771330238199 ], [ -97.461474062496578, 16.020752533553644 ], [ -97.460927116725429, 16.021246810053587 ], [ -97.459992492194047, 16.021572237081852 ], [ -97.459204262765951, 16.021542855295966 ], [ -97.456460494554946, 16.021080295258841 ], [ -97.455710038860772, 16.020924081365262 ], [ -97.454951672236618, 16.020657662354452 ], [ -97.454618746500358, 16.020433279420054 ], [ -97.453823462085481, 16.019652578101383 ], [ -97.45361162325527, 16.019403647917532 ], [ -97.453418323124566, 16.019022676463514 ], [ -97.453354018599853, 16.018727361847439 ], [ -97.453247230898896, 16.017730198471174 ], [ -97.453177396772574, 16.017470429470617 ], [ -97.452958291804265, 16.017255337427311 ], [ -97.45271511882332, 16.017207831865402 ], [ -97.451799416522249, 16.017201229030171 ], [ -97.451514118065276, 16.017163585564649 ], [ -97.451098427770532, 16.016994520810602 ], [ -97.45078988338031, 16.01679064318008 ], [ -97.449765704343989, 16.016008276870284 ], [ -97.449521254248594, 16.015672685970713 ], [ -97.449404661601392, 16.014888963966978 ], [ -97.44948254933982, 16.014104952071705 ], [ -97.449962607075236, 16.011229950083202 ], [ -97.449987775366012, 16.010465891450714 ], [ -97.449625181709521, 16.009775288060439 ], [ -97.449082023990044, 16.00955276940056 ], [ -97.44690988600216, 16.009204939693038 ], [ -97.44626557741482, 16.009149442527388 ], [ -97.445430935936258, 16.009238296400252 ], [ -97.445060423790608, 16.009361633265851 ], [ -97.443160024041077, 16.010183214589489 ], [ -97.442656074441345, 16.010654408343221 ], [ -97.442275373089771, 16.011523958833745 ], [ -97.441870975613014, 16.016300192681143 ], [ -97.44174026382133, 16.017339691182251 ], [ -97.441388405712729, 16.018428419765925 ], [ -97.441016462961343, 16.018944247352447 ], [ -97.439632579828441, 16.020262708299516 ], [ -97.439261656621639, 16.020646365613914 ], [ -97.438914574793031, 16.021118311520141 ], [ -97.43878966769374, 16.021408863211008 ], [ -97.438553849277596, 16.022292825324712 ], [ -97.438497467180426, 16.022558457292362 ], [ -97.43847017051921, 16.022914111325331 ], [ -97.438487557552378, 16.023156556574367 ], [ -97.438595994136122, 16.023932313696914 ], [ -97.438676612596453, 16.024154884628587 ], [ -97.438747325783766, 16.024224310333999 ], [ -97.43907359822245, 16.024401221488127 ], [ -97.440328424648655, 16.024963895665124 ], [ -97.440701886462705, 16.025156398417597 ], [ -97.4411898782528, 16.025492073922493 ], [ -97.441513547714351, 16.025779107755465 ], [ -97.44253601859343, 16.026782921598894 ], [ -97.442765001957255, 16.02707943362844 ], [ -97.442811113969313, 16.02745934505004 ], [ -97.442648003993767, 16.027705563646226 ], [ -97.441840708276246, 16.028474670134539 ], [ -97.441557058570169, 16.028674259573528 ], [ -97.441040658970095, 16.02883657187596 ], [ -97.440586595380182, 16.028868856690767 ], [ -97.438984032806019, 16.028857200396544 ], [ -97.43855636901867, 16.028874422174017 ], [ -97.438163166269604, 16.028966453567758 ], [ -97.438029111709469, 16.029080705856799 ], [ -97.437796726029148, 16.02952185205103 ], [ -97.43771523321405, 16.029636486898191 ], [ -97.437567319672056, 16.029730303472732 ], [ -97.437437507494025, 16.029749692269128 ], [ -97.436979631018048, 16.029746356221395 ], [ -97.436780655943096, 16.029871996277308 ], [ -97.436772748171464, 16.029881903066872 ], [ -97.436309980282616, 16.030461652383337 ], [ -97.434097905328571, 16.033933426075535 ], [ -97.433613835167776, 16.034665317461069 ], [ -97.433093522766413, 16.035325772282917 ], [ -97.432834292170867, 16.035537388711635 ], [ -97.432144862658589, 16.035864476725767 ], [ -97.431886862680756, 16.035918509561995 ], [ -97.431372293868691, 16.03584357552786 ], [ -97.430895196365086, 16.035682493499504 ], [ -97.429183317534196, 16.035005704429739 ], [ -97.428648603513395, 16.034818777699467 ], [ -97.427865143652568, 16.034623248070545 ], [ -97.427280628942952, 16.034530846505756 ], [ -97.425336356191607, 16.034295160027323 ] ] ] ] } },
{ "type": "Feature", "properties": { "fid": 24.0, "cat": 6, "CLAVE_ACUI": "2019", "NOM_ACUIF": "CHACAHUA", "VULNERABIL": 2 }, "geometry": { "type": "MultiPolygon", "coordinates": [ [ [ [ -97.425215473833404, 16.041506171443082 ], [ -97.424786247729969, 16.041941899432079 ], [ -97.424169070498749, 16.042435553008197 ], [ -97.423716615450843, 16.042705044390623 ], [ -97.422222331122896, 16.043469011545106 ], [ -97.421833350389747, 16.04368813011714 ], [ -97.421512397284701, 16.04394672293714 ], [ -97.421442874171362, 16.044097023319296 ], [ -97.421439386509007, 16.044539832611761 ], [ -97.421396105988748, 16.044695409804735 ], [ -97.421197617602786, 16.044978627277807 ], [ -97.420957342841206, 16.045227646210055 ], [ -97.420034544450417, 16.04610651433801 ], [ -97.419794026376067, 16.046386031279223 ], [ -97.41959441143932, 16.046811578270855 ], [ -97.419549765731134, 16.047139985862778 ], [ -97.419541034171715, 16.048247007730232 ], [ -97.41946436654932, 16.04863618173875 ], [ -97.419115314671771, 16.049345304809233 ], [ -97.418693334742073, 16.049969162879396 ], [ -97.417073126228871, 16.052171368330352 ], [ -97.416603862620519, 16.052789788164976 ], [ -97.416034194219321, 16.053473550432692 ], [ -97.415689647306337, 16.053831934386942 ], [ -97.414651426306648, 16.054820628061105 ], [ -97.414349734238627, 16.055077655704977 ], [ -97.413980064689923, 16.055288427605735 ], [ -97.413753657987414, 16.055332502891517 ], [ -97.413066763522636, 16.055327414754057 ], [ -97.412851031492906, 16.055351233985242 ], [ -97.412531176134252, 16.055467479559848 ], [ -97.412289971685979, 16.055609725365255 ], [ -97.411484203900898, 16.05615729176192 ], [ -97.411290027449411, 16.056335469864084 ], [ -97.41118964085392, 16.056619403327566 ], [ -97.411240408253576, 16.056846844632183 ], [ -97.411527562677506, 16.057508715730805 ], [ -97.413313836780418, 16.058204270833063 ], [ -97.413715363995934, 16.05839703099485 ], [ -97.414105250870705, 16.058732043470947 ], [ -97.414260704554366, 16.059017873076424 ], [ -97.414596269175675, 16.06001673226762 ], [ -97.414704532352957, 16.060286961626034 ], [ -97.414878177870548, 16.060552272652057 ], [ -97.415008305416364, 16.060653531053717 ], [ -97.415464495319441, 16.060878323998406 ], [ -97.415582473843088, 16.06102831435215 ], [ -97.415676849928289, 16.061503476915707 ], [ -97.415693694198794, 16.062032290252045 ], [ -97.415677923153339, 16.064024923037266 ], [ -97.415641471791105, 16.064644845640835 ], [ -97.415487136753597, 16.065545185052112 ], [ -97.415303108628962, 16.066211461397451 ], [ -97.414598636091583, 16.068420409263407 ], [ -97.41438346107411, 16.06903561807346 ], [ -97.414083792956106, 16.069697646789603 ], [ -97.41387087129857, 16.07002819335997 ], [ -97.413176902517606, 16.070908713950097 ], [ -97.41298524894907, 16.07120891586549 ], [ -97.412784837513996, 16.071729339103992 ], [ -97.412690189110762, 16.072172599072022 ], [ -97.412458065636613, 16.073661950913667 ], [ -97.412343659878843, 16.074174070071809 ], [ -97.412093797871563, 16.074741571496194 ], [ -97.411842097707677, 16.075098939547914 ], [ -97.410676487322547, 16.076515931476813 ], [ -97.410484312285888, 16.076880517728146 ], [ -97.410433357729971, 16.077117370412857 ], [ -97.410428078291204, 16.077781578750699 ], [ -97.410352696400963, 16.078004693787214 ], [ -97.410006193033183, 16.078381688559109 ], [ -97.409586569174394, 16.078697136712822 ], [ -97.407974818306499, 16.079792225337886 ], [ -97.407459339192513, 16.080259460882846 ], [ -97.406665525818241, 16.081344810883419 ], [ -97.40604698182797, 16.08242807447251 ], [ -97.403954208080165, 16.086397939028743 ], [ -97.403398723830932, 16.087481662693701 ], [ -97.402899288086033, 16.088569192025265 ], [ -97.402741297473838, 16.089039083297248 ], [ -97.402503445334361, 16.09014438060121 ], [ -97.402409845706487, 16.090452080418665 ], [ -97.402210901102976, 16.090782715813283 ], [ -97.402020294170839, 16.090947352167341 ], [ -97.401329738415868, 16.091385018381363 ], [ -97.40113391312255, 16.091544531298538 ], [ -97.40091061884128, 16.091851260045093 ], [ -97.400787452247528, 16.092129931137421 ], [ -97.400435967141405, 16.093123667075982 ], [ -97.400291767706548, 16.093402180324208 ], [ -97.399970323899737, 16.09370817312141 ], [ -97.3996553178646, 16.093866792124984 ], [ -97.39850673137903, 16.094301017663295 ], [ -97.398202972756351, 16.094368215727577 ], [ -97.397934021941381, 16.094247585001551 ], [ -97.397853565397114, 16.094008057696588 ], [ -97.397747052482003, 16.093010894493393 ], [ -97.397804521999632, 16.092619896256782 ], [ -97.398179223592479, 16.091792400443371 ], [ -97.39865703892967, 16.091001260598439 ], [ -97.400512110516161, 16.08813675792689 ], [ -97.401027401927948, 16.087259471836429 ], [ -97.401577052899313, 16.086029984586837 ], [ -97.401846978913397, 16.085150861252117 ], [ -97.402556972459237, 16.082277771249743 ], [ -97.40291141371992, 16.081348441634173 ], [ -97.403855485291601, 16.079884659692222 ], [ -97.404849710813636, 16.078722868146368 ], [ -97.408545277419762, 16.074764911965882 ], [ -97.409549964086111, 16.073603171484731 ], [ -97.410543015766734, 16.072139716009474 ], [ -97.410956980891982, 16.071210809778712 ], [ -97.411895757109022, 16.068339368797911 ], [ -97.412140590187207, 16.067521041636525 ], [ -97.412344385445351, 16.066573626680551 ], [ -97.412390690077075, 16.066038504297861 ], [ -97.412402983706286, 16.064488681598473 ], [ -97.412379937294133, 16.064080133202605 ], [ -97.412260094784486, 16.063723396838519 ], [ -97.412111937730856, 16.063622321788216 ], [ -97.411540380914715, 16.063507373716853 ], [ -97.411292622845593, 16.063369974379228 ], [ -97.41070797673477, 16.062843725616531 ], [ -97.41012052881328, 16.062229340103311 ], [ -97.407963779718003, 16.059888446553636 ], [ -97.407382454774833, 16.05916734619268 ], [ -97.406826327064223, 16.058143114833261 ], [ -97.406613181507311, 16.057401028497161 ], [ -97.406174631517658, 16.054962190627421 ], [ -97.406086925675964, 16.054312540888446 ], [ -97.406116176731899, 16.053719680228109 ], [ -97.406245669256194, 16.053522386096439 ], [ -97.406820715770621, 16.053194539793189 ], [ -97.407086074733868, 16.053099926109272 ], [ -97.407749370791592, 16.052986241644877 ], [ -97.408431577598705, 16.052918447367169 ], [ -97.410951912275024, 16.052715741531809 ], [ -97.411644792821278, 16.052627681854496 ], [ -97.412357901294513, 16.052419459296722 ], [ -97.412683746919626, 16.052210059653294 ], [ -97.413491248377582, 16.051441083180542 ], [ -97.413733788482418, 16.051129393851031 ], [ -97.414058143150584, 16.050443821893971 ], [ -97.414278966101307, 16.049776122671968 ], [ -97.414985108001673, 16.047345762701021 ], [ -97.415189952667433, 16.046703361393391 ], [ -97.415439763594748, 16.046135850993828 ], [ -97.41559179273159, 16.045967523344146 ], [ -97.41619778131907, 16.045637053137437 ], [ -97.416420995276681, 16.045330300406384 ], [ -97.41659354214957, 16.045004533338606 ], [ -97.417175542743607, 16.043791038512399 ], [ -97.417385083379187, 16.043440125964821 ], [ -97.417780942674497, 16.043016029781565 ], [ -97.418136915227052, 16.042761090301546 ], [ -97.419402256597621, 16.041995464360607 ], [ -97.419713087756236, 16.041776279766783 ], [ -97.420048145209662, 16.041417310934687 ], [ -97.42018352651607, 16.041137018236974 ], [ -97.420419454082761, 16.04025308702613 ], [ -97.420771506423961, 16.039604984480839 ], [ -97.421022447013925, 16.039335709394571 ], [ -97.421945207449525, 16.03845683329693 ], [ -97.422228043525493, 16.038142039167379 ], [ -97.42262518820651, 16.037551878295478 ], [ -97.422909701082446, 16.037023585401197 ], [ -97.423840273277577, 16.035148376435412 ], [ -97.424171686631595, 16.034671261685315 ], [ -97.424787720200214, 16.034319937541873 ], [ -97.425336356191607, 16.034295160027323 ], [ -97.427280628942952, 16.034530846505756 ], [ -97.427865143652568, 16.034623248070545 ], [ -97.428648603513395, 16.034818777699467 ], [ -97.429183317534196, 16.035005704429739 ], [ -97.430895196365086, 16.035682493499504 ], [ -97.431372293868691, 16.03584357552786 ], [ -97.431886862680756, 16.035918509561995 ], [ -97.432144862658589, 16.035864476725767 ], [ -97.432834292170867, 16.035537388711635 ], [ -97.431924206896596, 16.036296662871944 ], [ -97.431170026291056, 16.036836784546203 ], [ -97.428639479871208, 16.038368181591522 ], [ -97.427917379915982, 16.038837355359984 ], [ -97.42707814569097, 16.039495453946387 ], [ -97.426601340467442, 16.039966422268343 ], [ -97.425215473833404, 16.041506171443082 ] ] ] ] } },
{ "type": "Feature", "properties": { "fid": 25.0, "cat": 26, "CLAVE_ACUI": "2019", "NOM_ACUIF": "CHACAHUA", "VULNERABIL": 2 }, "geometry": { "type": "MultiPolygon", "coordinates": [ [ [ [ -97.584877406743558, 16.023292198251873 ], [ -97.585098633403817, 16.023198380686281 ], [ -97.585391709832123, 16.023027505429859 ], [ -97.5867724020612, 16.022040158280547 ], [ -97.587084604656951, 16.021747347741233 ], [ -97.587160865703808, 16.021368251780192 ], [ -97.587163569095779, 16.020984152494972 ], [ -97.586959978402703, 16.020782845277946 ], [ -97.585933631533464, 16.020222504905341 ], [ -97.585540492410686, 16.020065702620322 ], [ -97.584732187375366, 16.019894299931629 ], [ -97.583970605216166, 16.019806239552242 ], [ -97.581224864987192, 16.019566674569312 ], [ -97.580457563062041, 16.019544654685383 ], [ -97.579622554644047, 16.019681479197196 ], [ -97.579196986317086, 16.019898964206011 ], [ -97.578046003741903, 16.020777067480083 ], [ -97.577636128538771, 16.021004820819488 ], [ -97.576874365440858, 16.021189569035165 ], [ -97.576196008348575, 16.021225740611481 ], [ -97.574140193942654, 16.02121209145988 ], [ -97.573124913630735, 16.021154504691765 ], [ -97.572415243257453, 16.020912537569952 ], [ -97.572068622588446, 16.020622145349009 ], [ -97.571169189259265, 16.019519314770168 ], [ -97.571160734684995, 16.019508948213197 ], [ -97.570924825844543, 16.019173536572641 ], [ -97.570731800316921, 16.018721481216012 ], [ -97.570691957825446, 16.018411099659438 ], [ -97.570699050939126, 16.01741470776788 ], [ -97.570632529375018, 16.017160071147536 ], [ -97.570315002982795, 16.016968158611409 ], [ -97.56992791540948, 16.016948633888312 ], [ -97.568439032377185, 16.017049424960593 ], [ -97.568025519017198, 16.017050056041477 ], [ -97.567584673707458, 16.01695221583093 ], [ -97.567368408262837, 16.016811813532396 ], [ -97.566800016439061, 16.016254442770631 ], [ -97.566626382451716, 16.016032982573844 ], [ -97.566384481071665, 16.01555687307108 ], [ -97.566212541941482, 16.015098176853204 ], [ -97.565652065052717, 16.013433703546905 ], [ -97.565432569917277, 16.013010276230325 ], [ -97.564968732085646, 16.01269875542998 ], [ -97.56452560115865, 16.012677152401004 ], [ -97.562921492342369, 16.012887852160333 ], [ -97.562493729642043, 16.012922270239795 ], [ -97.562101614099717, 16.012872195207812 ], [ -97.561969211922062, 16.012766242042758 ], [ -97.561743451046411, 16.012321869291199 ], [ -97.561632292152424, 16.012185555101269 ], [ -97.561339311306938, 16.011993794854785 ], [ -97.561031926394193, 16.011856165529 ], [ -97.560849445955995, 16.011784145602999 ], [ -97.560704068144105, 16.011641575831018 ], [ -97.560446420870349, 16.011409380470425 ], [ -97.560153442366797, 16.01121761877722 ], [ -97.559992548476856, 16.011175868989355 ], [ -97.559534688536459, 16.011172797963898 ], [ -97.559383723584887, 16.011212456012405 ], [ -97.559137080082579, 16.011400598326205 ], [ -97.558935696821038, 16.011629714909581 ], [ -97.558242548264374, 16.012510781811013 ], [ -97.557978746823082, 16.012647968842177 ], [ -97.557440826607206, 16.012407109033092 ], [ -97.556936172945484, 16.011925836004927 ], [ -97.555119063687044, 16.009920748022608 ], [ -97.554530984395583, 16.009347399560614 ], [ -97.553603705695679, 16.008676866988623 ], [ -97.552867100809507, 16.008292310973811 ], [ -97.550356904479713, 16.007168234472861 ], [ -97.549588042691894, 16.006885127074131 ], [ -97.548510200615411, 16.006688049015239 ], [ -97.547739286186797, 16.006689616170618 ], [ -97.545219524494314, 16.006893992587901 ], [ -97.544542995504585, 16.006926690464049 ], [ -97.54390562374887, 16.006874921218106 ], [ -97.543671621912452, 16.006768268903823 ], [ -97.543216986022003, 16.006322327988418 ], [ -97.543067152980058, 16.006206078299215 ], [ -97.542822566939108, 16.006109521000973 ], [ -97.542622991251307, 16.006087831615684 ], [ -97.54193622406487, 16.006083170608271 ], [ -97.541720548916629, 16.006107125508628 ], [ -97.541400831737164, 16.006223577074707 ], [ -97.541159767807471, 16.006365981486564 ], [ -97.540354517598601, 16.006914082079373 ], [ -97.540160127271619, 16.007143227371071 ], [ -97.540058224816022, 16.007664473473657 ], [ -97.54010704070393, 16.008179965644246 ], [ -97.540436753858998, 16.010064349552579 ], [ -97.540490937555859, 16.010564626676697 ], [ -97.540414078559138, 16.011014869491852 ], [ -97.54025009596235, 16.011157796276581 ], [ -97.539561702306912, 16.01137454375068 ], [ -97.539298631058799, 16.011410035615459 ], [ -97.538759359924754, 16.011358917452711 ], [ -97.53825204444594, 16.011250398940508 ], [ -97.536423848925068, 16.010795089141592 ], [ -97.535890664293575, 16.010630467014408 ], [ -97.535230660380563, 16.010317548132893 ], [ -97.53482098245469, 16.010035143763311 ], [ -97.533569162445005, 16.009030172866883 ], [ -97.533207052690685, 16.008712503938273 ], [ -97.532769020701622, 16.008235023237866 ], [ -97.532505370277363, 16.00787057710836 ], [ -97.531713037983252, 16.006647308286126 ], [ -97.531475336288878, 16.006328792763636 ], [ -97.531158388905638, 16.006065656936151 ], [ -97.530943308121053, 16.006008264136916 ], [ -97.530256544804004, 16.006003565814879 ], [ -97.530067111410247, 16.006032772269542 ], [ -97.529869851920765, 16.006173768586919 ], [ -97.529777485935426, 16.00634598554155 ], [ -97.529543703282144, 16.007008668214098 ], [ -97.529451336581729, 16.007180884959975 ], [ -97.529254075510849, 16.007321880566547 ], [ -97.529064640789869, 16.007351086017014 ], [ -97.528377873465359, 16.007346381305581 ], [ -97.528173080686031, 16.007319558962983 ], [ -97.527904148445046, 16.007199093885593 ], [ -97.527724752471599, 16.007053823312155 ], [ -97.527156505205809, 16.006496358466055 ], [ -97.527008943599114, 16.00631063531937 ], [ -97.526888568323727, 16.00600139288996 ], [ -97.526864165052885, 16.005745341203959 ], [ -97.52687065794774, 16.004859675746847 ], [ -97.526856691767648, 16.004613863214992 ], [ -97.526785023708882, 16.004352403560532 ], [ -97.526696607033841, 16.004224702279068 ], [ -97.526355664534805, 16.003890222351771 ], [ -97.526235490008432, 16.003792805809535 ], [ -97.526015617530561, 16.003672675359237 ], [ -97.525821688549541, 16.003598476882992 ], [ -97.525136559989662, 16.003372346650124 ], [ -97.524926603227399, 16.003333623910137 ], [ -97.52463193246237, 16.00337904902203 ], [ -97.524420930731679, 16.003482664755261 ], [ -97.523730925054437, 16.003920778474082 ], [ -97.523509634896072, 16.003993819787755 ], [ -97.52316695515492, 16.003896566727324 ], [ -97.52289870343705, 16.003684592428066 ], [ -97.521989546495121, 16.002792630439178 ], [ -97.521679476027316, 16.002549864372408 ], [ -97.521141633398273, 16.002308919262827 ], [ -97.520683357068648, 16.002207477562688 ], [ -97.519082578871547, 16.001975021768285 ], [ -97.518535669668211, 16.001776372809459 ], [ -97.517584206123018, 16.001081804938696 ], [ -97.516771886129192, 16.000288212992011 ], [ -97.513932570158161, 15.99727933510467 ], [ -97.513194195892623, 15.996440489061364 ], [ -97.512587717270435, 15.995534770192394 ], [ -97.512459688758568, 15.995079733865788 ], [ -97.512468697331755, 15.993861950593841 ], [ -97.512644171093797, 15.993586946709252 ], [ -97.513454040394421, 15.993521376725527 ], [ -97.514435525039488, 15.99370270568069 ], [ -97.518205941739737, 15.994614440872066 ], [ -97.519323744549098, 15.994842442097157 ], [ -97.520769718650129, 15.994994745292241 ], [ -97.521717590783126, 15.994984321264134 ], [ -97.524695016740438, 15.994783353042534 ], [ -97.525585078329684, 15.994772515001275 ], [ -97.526761275910914, 15.994922927235507 ], [ -97.527551498091668, 15.995148640690335 ], [ -97.530063017683432, 15.996051545010143 ], [ -97.530790256221522, 15.996266648716073 ], [ -97.531672502130888, 15.996367576259816 ], [ -97.532205613177894, 15.996296655593085 ], [ -97.533811214500133, 15.995864759447084 ], [ -97.534250168108684, 15.995732185381378 ], [ -97.534693020089662, 15.995545409602251 ], [ -97.534886712385557, 15.995411161762979 ], [ -97.535347757021839, 15.994971447509943 ], [ -97.535572685536664, 15.994878082367151 ], [ -97.536161308627698, 15.994882092355908 ], [ -97.53677727105223, 15.994981184810845 ], [ -97.539063146762615, 15.995439593005123 ], [ -97.539784372504371, 15.995519057312173 ], [ -97.540864209054291, 15.99543149345943 ], [ -97.541685605090237, 15.995226937161716 ], [ -97.544438937599267, 15.994359885639504 ], [ -97.545344783533125, 15.994105048265311 ], [ -97.546818742420015, 15.993782874985786 ], [ -97.548018552131666, 15.993577462359992 ], [ -97.552143695865382, 15.992941000349115 ], [ -97.552634957077899, 15.992848528438438 ], [ -97.553851068436728, 15.994669569704486 ], [ -97.555728780659535, 15.996019889700817 ], [ -97.557434702236861, 15.99657365648622 ], [ -97.557975444897579, 15.996739978397843 ], [ -97.55898328802877, 15.996918470420992 ], [ -97.56092982576186, 15.997799209451363 ], [ -97.561974146340773, 15.998104471087848 ], [ -97.562605423638445, 15.99867811965496 ], [ -97.563132570488051, 15.999440878460911 ], [ -97.563212656382717, 16.000001800204256 ], [ -97.563046646552365, 16.001003961811268 ], [ -97.56313536529224, 16.00166436461172 ], [ -97.563298768267543, 16.002334305369533 ], [ -97.563593692887153, 16.002905702222208 ], [ -97.564076976463312, 16.003270472808993 ], [ -97.564777359522196, 16.003329384497874 ], [ -97.565498301132948, 16.003126314974825 ], [ -97.566182511850016, 16.002832612807186 ], [ -97.566698794089248, 16.002501633915745 ], [ -97.567242396710668, 16.002270259342851 ], [ -97.567939944780264, 16.002726835625872 ], [ -97.567699914174014, 16.003629085201769 ], [ -97.567611763320414, 16.004197922767478 ], [ -97.567570394682164, 16.004758033731999 ], [ -97.567760814867867, 16.005572768347356 ], [ -97.568147777369404, 16.006343620792215 ], [ -97.56841488305939, 16.006887711321163 ], [ -97.568738181745289, 16.007414099112964 ], [ -97.569146155877306, 16.007859704219843 ], [ -97.569648599863214, 16.008161321900605 ], [ -97.570097982116721, 16.008264238802017 ], [ -97.570350905384757, 16.008478326929804 ], [ -97.570715787342778, 16.008907801331333 ], [ -97.570817323200288, 16.009166060190861 ], [ -97.570926274668082, 16.009941794085172 ], [ -97.571007474126162, 16.010103323886295 ], [ -97.571277453088825, 16.010081395546376 ], [ -97.571581937280499, 16.00988853915409 ], [ -97.572732878575593, 16.009010466920625 ], [ -97.573074188043151, 16.008812769025038 ], [ -97.573516030179789, 16.00876825480206 ], [ -97.573805924661428, 16.008902361153726 ], [ -97.574716927288947, 16.009572703507423 ], [ -97.57501704742765, 16.009747547307136 ], [ -97.575506602153254, 16.009893144113796 ], [ -97.575905845610663, 16.009926295453003 ], [ -97.577279427073051, 16.009935400209798 ], [ -97.577673379143008, 16.009973597120293 ], [ -97.578138240657267, 16.010142749368395 ], [ -97.578408376759953, 16.010346198876469 ], [ -97.57920415362122, 16.011126476719465 ], [ -97.579400563018581, 16.01134977285891 ], [ -97.579521359771249, 16.011611545158146 ], [ -97.579497516758607, 16.01176220956631 ], [ -97.579265451779648, 16.01220353765504 ], [ -97.57924146462922, 16.012374536620314 ], [ -97.579361590459357, 16.012731203889068 ], [ -97.579557186515629, 16.013069729485771 ], [ -97.580349847678775, 16.014292846976069 ], [ -97.580515954763356, 16.014484868240984 ], [ -97.58095621129651, 16.014771352513787 ], [ -97.582160181747412, 16.01548088493676 ], [ -97.582160193987761, 16.015480889766128 ], [ -97.584233634640498, 16.016298955086672 ], [ -97.584901447930477, 16.01651349297795 ], [ -97.585734770239526, 16.016613884282471 ], [ -97.586257415818821, 16.01654276310526 ], [ -97.587863101919652, 16.016110467256027 ], [ -97.588333826772029, 16.015947488984335 ], [ -97.588924859153536, 16.01561922611937 ], [ -97.589298465904136, 16.015313257735276 ], [ -97.590450925152155, 16.01421366479104 ], [ -97.59077682892503, 16.01396330327502 ], [ -97.591145261485323, 16.013894546519364 ], [ -97.591345690882505, 16.014046684439371 ], [ -97.591912598221711, 16.014825417823076 ], [ -97.592069553714822, 16.015180626594482 ], [ -97.592235103439208, 16.016059534823253 ], [ -97.592314647432559, 16.016959909266596 ], [ -97.592520303611025, 16.020282748096065 ], [ -97.592610361711124, 16.021183191269678 ], [ -97.592824976331386, 16.022062420895882 ], [ -97.593041510772295, 16.022418019941462 ], [ -97.593393822115019, 16.022839733969203 ], [ -97.593837393010446, 16.023198251083574 ], [ -97.59413910182198, 16.023401889911302 ], [ -97.594751190996845, 16.023571973812725 ], [ -97.595323895057149, 16.023611311024755 ], [ -97.596372723673852, 16.023618171837146 ], [ -97.597037454231042, 16.023622520108702 ], [ -97.597426184805215, 16.023629064267812 ], [ -97.597714543523864, 16.023658580521168 ], [ -97.598056561727901, 16.02376011160894 ], [ -97.598258295452737, 16.023877237654929 ], [ -97.598354375034816, 16.024029498111975 ], [ -97.598381923763483, 16.024156019077061 ], [ -97.598371894414413, 16.024440461946551 ], [ -97.598350676896516, 16.024683024724272 ], [ -97.598269763314192, 16.02548225233182 ], [ -97.598295194047651, 16.025855239366656 ], [ -97.598070390398689, 16.025839566258654 ], [ -97.597666098486656, 16.025873007935246 ], [ -97.597369447842482, 16.025935549666499 ], [ -97.59707912617705, 16.026029117026294 ], [ -97.596942222922962, 16.025876612018752 ], [ -97.596711580524314, 16.025687416389633 ], [ -97.596509921616928, 16.025583118559272 ], [ -97.596358619401173, 16.025520587181035 ], [ -97.59623867082513, 16.02548754459966 ], [ -97.595999250536138, 16.025454290491883 ], [ -97.595612616515908, 16.025420815727237 ], [ -97.592865220795559, 16.025402815007958 ], [ -97.591998184872338, 16.02535645567724 ], [ -97.590699412783636, 16.02515812954406 ], [ -97.589711061709778, 16.024921165062906 ], [ -97.586660650766291, 16.024085692876952 ], [ -97.58559876277765, 16.023732142933042 ], [ -97.584618464703411, 16.023363832338301 ], [ -97.584877406743558, 16.023292198251873 ] ] ] ] } },
{ "type": "Feature", "properties": { "fid": 26.0, "cat": 25, "CLAVE_ACUI": "2019", "NOM_ACUIF": "CHACAHUA", "VULNERABIL": 1 }, "geometry": { "type": "MultiPolygon", "coordinates": [ [ [ [ -97.591998184872338, 16.02535645567724 ], [ -97.592865220795559, 16.025402815007958 ], [ -97.595612616515908, 16.025420815727237 ], [ -97.595999250536138, 16.025454290491883 ], [ -97.59623867082513, 16.02548754459966 ], [ -97.596358619401173, 16.025520587181035 ], [ -97.596509921616928, 16.025583118559272 ], [ -97.596711580524314, 16.025687416389633 ], [ -97.596942222922962, 16.025876612018752 ], [ -97.59707912617705, 16.026029117026294 ], [ -97.597108293856508, 16.026125710335869 ], [ -97.597104913222381, 16.026204310079212 ], [ -97.597030928172586, 16.026400558241004 ], [ -97.596969129056092, 16.026532620070224 ], [ -97.5965660572774, 16.027393965659233 ], [ -97.596486792055714, 16.027703566050274 ], [ -97.596578748438532, 16.028140638737845 ], [ -97.596576576332438, 16.028144759572342 ], [ -97.59679669888753, 16.028490211243437 ], [ -97.59770477473009, 16.029603313662971 ], [ -97.597883131955058, 16.029907820043118 ], [ -97.597807383665412, 16.030215749280099 ], [ -97.597520813852668, 16.030351141553332 ], [ -97.596259234396385, 16.03067503824796 ], [ -97.595710471486925, 16.030717201440229 ], [ -97.594411160886708, 16.030590066317757 ], [ -97.593103768931329, 16.030366276149717 ], [ -97.586989065877077, 16.02926072336977 ], [ -97.58566407332664, 16.029299441069309 ], [ -97.585084104878277, 16.029543032586417 ], [ -97.5837025688529, 16.030641074087359 ], [ -97.583290518935087, 16.03092644009801 ], [ -97.582749163669689, 16.031160111961416 ], [ -97.582387849786571, 16.031208563128356 ], [ -97.581243074678071, 16.031200993898381 ], [ -97.58095070796881, 16.031163472590734 ], [ -97.580731104955944, 16.030995945971622 ], [ -97.580709752975494, 16.030794143867187 ], [ -97.580829712470532, 16.030019927333498 ], [ -97.580913851634904, 16.029767984272624 ], [ -97.581186541602065, 16.029366466368337 ], [ -97.581491958895441, 16.029044812025703 ], [ -97.582644542653426, 16.027945272158249 ], [ -97.582944878408568, 16.027598162340485 ], [ -97.583193868332032, 16.027077860583375 ], [ -97.583249233122217, 16.02668168257544 ], [ -97.583258612524176, 16.025353153779335 ], [ -97.583282258221161, 16.024982185684706 ], [ -97.583383225654302, 16.024579530084633 ], [ -97.583503819052893, 16.024375275834565 ], [ -97.583965619533203, 16.023824744247769 ], [ -97.584122656609111, 16.023619288712126 ], [ -97.584299102528377, 16.023426657684208 ], [ -97.584618464703411, 16.023363832338301 ], [ -97.58559876277765, 16.023732142933042 ], [ -97.586660650766291, 16.024085692876952 ], [ -97.589711061709778, 16.024921165062906 ], [ -97.590699412783636, 16.02515812954406 ], [ -97.591998184872338, 16.02535645567724 ] ] ] ] } },
{ "type": "Feature", "properties": { "fid": 27.0, "cat": 29, "CLAVE_ACUI": "2019", "NOM_ACUIF": "CHACAHUA", "VULNERABIL": 4 }, "geometry": { "type": "MultiPolygon", "coordinates": [ [ [ [ -97.580097967554607, 16.022741003611131 ], [ -97.579222790090697, 16.022758779707399 ], [ -97.576995824793102, 16.022923413705524 ], [ -97.576249224869457, 16.022945575437028 ], [ -97.575514003687545, 16.022845796973343 ], [ -97.57491324452981, 16.022563889410542 ], [ -97.573660343949271, 16.021669840952871 ], [ -97.573434206542572, 16.02143786874014 ], [ -97.573124913630735, 16.021154504691765 ], [ -97.574140193942654, 16.02121209145988 ], [ -97.576196008348575, 16.021225740611481 ], [ -97.576874365440858, 16.021189569035165 ], [ -97.577636128538771, 16.021004820819488 ], [ -97.578046003741903, 16.020777067480083 ], [ -97.579196986317086, 16.019898964206011 ], [ -97.579622554644047, 16.019681479197196 ], [ -97.580457563062041, 16.019544654685383 ], [ -97.581224864987192, 16.019566674569312 ], [ -97.583970605216166, 16.019806239552242 ], [ -97.584732187375366, 16.019894299931629 ], [ -97.585540492410686, 16.020065702620322 ], [ -97.585933631533464, 16.020222504905341 ], [ -97.586959978402703, 16.020782845277946 ], [ -97.587163569095779, 16.020984152494972 ], [ -97.587160865703808, 16.021368251780192 ], [ -97.587084604656951, 16.021747347741233 ], [ -97.5867724020612, 16.022040158280547 ], [ -97.585391709832123, 16.023027505429859 ], [ -97.585098633403817, 16.023198380686281 ], [ -97.584877406743558, 16.023292198251873 ], [ -97.584618464703411, 16.023363832338301 ], [ -97.584299102528377, 16.023426657684208 ], [ -97.584024793165952, 16.023443961344128 ], [ -97.583801906512477, 16.023412782559586 ], [ -97.58343312332444, 16.023302672275264 ], [ -97.582932718493907, 16.023150136187258 ], [ -97.582422332191271, 16.023018100350743 ], [ -97.581985717447509, 16.022923827139063 ], [ -97.581526592339017, 16.022852349972521 ], [ -97.580916294036484, 16.022789213519744 ], [ -97.580097967554607, 16.022741003611131 ] ] ] ] } },
{ "type": "Feature", "properties": { "fid": 28.0, "cat": 27, "CLAVE_ACUI": "2019", "NOM_ACUIF": "CHACAHUA", "VULNERABIL": 2 }, "geometry": { "type": "MultiPolygon", "coordinates": [ [ [ [ -97.539477242386639, 16.022564379292124 ], [ -97.539528562222642, 16.022595425502182 ], [ -97.540385538222381, 16.022814776481429 ], [ -97.541326451102236, 16.022919271156816 ], [ -97.540714593363745, 16.022944109817658 ], [ -97.540466538748007, 16.023322014139421 ], [ -97.540938977891372, 16.023948852111236 ], [ -97.540478107505663, 16.02365875421717 ], [ -97.538664996166034, 16.023361720571526 ], [ -97.537206570202414, 16.02344442159232 ], [ -97.536517153018792, 16.023554953576081 ], [ -97.535020163264804, 16.02363963598961 ], [ -97.533571024752291, 16.023650072487719 ], [ -97.528305376464928, 16.023614021749871 ], [ -97.526819820920664, 16.023573324955471 ], [ -97.525152870757921, 16.0234195279718 ], [ -97.524257069264138, 16.02324052042378 ], [ -97.521743622052199, 16.022558939549306 ], [ -97.520973828747287, 16.022401121906789 ], [ -97.51989489600939, 16.022346234220887 ], [ -97.519123355291327, 16.022425640744132 ], [ -97.51587767279112, 16.022910464487687 ], [ -97.515020205401015, 16.02276218685375 ], [ -97.514519339688576, 16.022490975296876 ], [ -97.512910498467974, 16.020912551921199 ], [ -97.512518311435741, 16.020527774544423 ], [ -97.512631415642943, 16.020160833137055 ], [ -97.513327240130053, 16.01894781098126 ], [ -97.513508596157109, 16.018591509141835 ], [ -97.513659104722976, 16.018141791152651 ], [ -97.513692761404528, 16.017855638890428 ], [ -97.513699317562157, 16.016969979719757 ], [ -97.513722123020415, 16.016729506143406 ], [ -97.513821992428305, 16.016492955293646 ], [ -97.513941857523747, 16.016395499029027 ], [ -97.514401358151105, 16.0161772533693 ], [ -97.514521523646223, 16.016039128695041 ], [ -97.514622795586945, 16.015612793131844 ], [ -97.514647304253259, 16.015141867044495 ], [ -97.514660405399738, 16.013370547410869 ], [ -97.514722269025754, 16.012823623107241 ], [ -97.514997864348757, 16.012042629149331 ], [ -97.515329707044074, 16.011473847265218 ], [ -97.516602697448775, 16.009600520129204 ], [ -97.5169971515013, 16.009093172649816 ], [ -97.517564959958406, 16.008598883138994 ], [ -97.517981661927152, 16.008400102774768 ], [ -97.519358461163293, 16.007966745978674 ], [ -97.519556607793945, 16.007924552982288 ], [ -97.519863024389068, 16.007970224031251 ], [ -97.522148990528777, 16.008428820871647 ], [ -97.522848479566605, 16.00860987119027 ], [ -97.523826790481039, 16.008996187571515 ], [ -97.52452488954269, 16.009367017891112 ], [ -97.526804391118674, 16.01071123228332 ], [ -97.527470221084613, 16.011183508312023 ], [ -97.528297910936061, 16.012043260345607 ], [ -97.528814495493194, 16.012799202233662 ], [ -97.530397553553556, 16.015467175287217 ], [ -97.53093569924944, 16.016152087565416 ], [ -97.53186396662008, 16.016680374948098 ], [ -97.532651914804532, 16.016750157432227 ], [ -97.535400734376864, 16.016547502184615 ], [ -97.536131645255153, 16.016510122809404 ], [ -97.536793744815455, 16.016538361404606 ], [ -97.537008690651021, 16.016616083594016 ], [ -97.537349672122659, 16.01695054950267 ], [ -97.537448242851184, 16.01712915448535 ], [ -97.537567257719559, 16.017628178749781 ], [ -97.53763870830872, 16.018162465586798 ], [ -97.537853130756957, 16.020156779786607 ], [ -97.537945459290142, 16.020711544009092 ], [ -97.538161902495673, 16.02130612955931 ], [ -97.538378778745937, 16.021600773138946 ], [ -97.539174427766071, 16.022381189534588 ], [ -97.539477242386639, 16.022564379292124 ] ] ] ] } },
{ "type": "Feature", "properties": { "fid": 29.0, "cat": 32, "CLAVE_ACUI": "2019", "NOM_ACUIF": "CHACAHUA", "VULNERABIL": 2 }, "geometry": null },
{ "type": "Feature", "properties": { "fid": 30.0, "cat": 30, "CLAVE_ACUI": "2019", "NOM_ACUIF": "CHACAHUA", "VULNERABIL": 4 }, "geometry": { "type": "MultiPolygon", "coordinates": [ [ [ [ -97.509599879268109, 16.019417908801046 ], [ -97.509368307043829, 16.019456970610751 ], [ -97.508974438851737, 16.019644028148942 ], [ -97.508643341667565, 16.019872191120328 ], [ -97.507492084096555, 16.020749890282545 ], [ -97.507160983495567, 16.020978050645752 ], [ -97.506767110498998, 16.021165103678086 ], [ -97.506535535953304, 16.021204162206061 ], [ -97.505848728293259, 16.021199381449659 ], [ -97.505607171090105, 16.021167197011621 ], [ -97.505166712092716, 16.021021784539922 ], [ -97.504779042689094, 16.020846236552355 ], [ -97.503410383309088, 16.020172420747265 ], [ -97.50303345703162, 16.019966442305559 ], [ -97.502643121874257, 16.01967902985654 ], [ -97.502462426114619, 16.019474419489658 ], [ -97.502009515457601, 16.018806983488695 ], [ -97.50184961790373, 16.018633020295564 ], [ -97.501556338489479, 16.018488628288264 ], [ -97.501297265313042, 16.01845631700883 ], [ -97.500381536549554, 16.01844992089816 ], [ -97.500059770405514, 16.01836633274587 ], [ -97.499473924986418, 16.017982652319198 ], [ -97.498958770880265, 16.017518125072581 ], [ -97.497140581997002, 16.015734004692142 ], [ -97.496572802954461, 16.015279271540926 ], [ -97.495741338553245, 16.014941309916665 ], [ -97.495121309371314, 16.014913240343134 ], [ -97.493059300916983, 16.01512020018771 ], [ -97.492438890636009, 16.015142957393969 ], [ -97.491605653289426, 16.015042208177476 ], [ -97.491035725395676, 16.014875523834281 ], [ -97.48920930677275, 16.014198405882851 ], [ -97.488681507903621, 16.014021844651889 ], [ -97.488044857582011, 16.0138750179133 ], [ -97.487663155273196, 16.013841827130584 ], [ -97.486518527885394, 16.0138337609472 ], [ -97.486199820787022, 16.013811179091768 ], [ -97.485857148215274, 16.013713866669711 ], [ -97.485686323144307, 16.013597431074345 ], [ -97.485231813046653, 16.013151377210388 ], [ -97.48504011854962, 16.013014459085007 ], [ -97.48460005365655, 16.012821561681168 ], [ -97.484163084367509, 16.012682911501098 ], [ -97.482563963693337, 16.012228768370097 ], [ -97.482116562510541, 16.012079873094006 ], [ -97.481627806753878, 16.011839177852298 ], [ -97.481376985220805, 16.011644223312548 ], [ -97.480695242487258, 16.010975130218711 ], [ -97.480465292524215, 16.010800657234832 ], [ -97.480073933052651, 16.010655543766603 ], [ -97.479744797839913, 16.010622711557073 ], [ -97.478600193006429, 16.010614604751055 ], [ -97.478270673205444, 16.010632604539225 ], [ -97.477877518387899, 16.010724713601146 ], [ -97.47764538825156, 16.010838298387831 ], [ -97.476955267523564, 16.011276250604443 ], [ -97.476723213394479, 16.011379667449514 ], [ -97.476330416544073, 16.011424328246814 ], [ -97.476001332652586, 16.01138471235296 ], [ -97.474858406656537, 16.011155174269554 ], [ -97.474498329160156, 16.011044164344526 ], [ -97.473960892582127, 16.010755658931441 ], [ -97.473553204222185, 16.010454518176466 ], [ -97.472188103489515, 16.009337696268034 ], [ -97.471801366558239, 16.009046869014245 ], [ -97.471361686259755, 16.008806501115203 ], [ -97.471120307632702, 16.008753945950428 ], [ -97.470433553808931, 16.008749055576033 ], [ -97.470171384787818, 16.008665849202739 ], [ -97.46963468431413, 16.008282443786229 ], [ -97.469130140158455, 16.007817927540838 ], [ -97.467312319546622, 16.006033583382628 ], [ -97.466713106689525, 16.005578554029519 ], [ -97.465734583276074, 16.005239433143316 ], [ -97.464935903618112, 16.005210002815407 ], [ -97.462187251699135, 16.005411763050013 ], [ -97.461356727764382, 16.005422760701489 ], [ -97.460229604042837, 16.005272340996967 ], [ -97.459449952750091, 16.005046458511121 ], [ -97.45693871757716, 16.004142746777703 ], [ -97.456211709539375, 16.003907064003727 ], [ -97.455330226615558, 16.003710937357631 ], [ -97.454797972014134, 16.003666440073818 ], [ -97.453195599684932, 16.003654907585666 ], [ -97.452726256724048, 16.003631192809522 ], [ -97.45213836154943, 16.003532062646045 ], [ -97.451767854500119, 16.003414163254792 ], [ -97.450626719736832, 16.002963093786889 ], [ -97.450224603056213, 16.002855131179945 ], [ -97.44948919028738, 16.002802377058956 ], [ -97.448840716852828, 16.002834975563967 ], [ -97.446549918434087, 16.003039842459174 ], [ -97.445943489061293, 16.003072736147729 ], [ -97.445404285431906, 16.003021387416485 ], [ -97.445240424090088, 16.002915139774302 ], [ -97.44501494177625, 16.002470666881898 ], [ -97.444903793800563, 16.002344466060023 ], [ -97.444610585271363, 16.002200001662988 ], [ -97.444302864044332, 16.002119824457594 ], [ -97.443160041828776, 16.001890125229156 ], [ -97.442810435235018, 16.001789307914869 ], [ -97.442321758850298, 16.001548529282992 ], [ -97.441973256721923, 16.001305377159657 ], [ -97.440835595347167, 16.000411443340347 ], [ -97.440138047431788, 15.999996301106194 ], [ -97.439886179720247, 15.999943636124145 ], [ -97.439199466152331, 15.999938648559239 ], [ -97.438978499981303, 15.999967544950458 ], [ -97.438634037672273, 16.000107383310038 ], [ -97.438362914490313, 16.000278255874047 ], [ -97.43744213199264, 16.000935820429767 ], [ -97.43714998481326, 16.001106538362357 ], [ -97.436707417037951, 16.001245659650081 ], [ -97.43636732490252, 16.001273686326765 ], [ -97.435222796780849, 16.001265353086307 ], [ -97.43489369060093, 16.001232454085752 ], [ -97.43450238985146, 16.001087261952023 ], [ -97.434272495175847, 16.000912743858056 ], [ -97.433590956480103, 16.000243517531516 ], [ -97.433298394408354, 16.000017705537545 ], [ -97.432614642355759, 15.999633142462635 ], [ -97.43193041721787, 15.999309577234317 ], [ -97.429421135354374, 15.998184154086557 ], [ -97.428747431800574, 15.997860656401262 ], [ -97.428112746885603, 15.997476439012711 ], [ -97.427879756174775, 15.997251056174701 ], [ -97.427427151318426, 15.996583487560923 ], [ -97.427256828783143, 15.996409398747158 ], [ -97.4269145937144, 15.996264553031121 ], [ -97.426596008885568, 15.996231719094244 ], [ -97.425451514840404, 15.99622333637965 ], [ -97.425069149866516, 15.99628153755406 ], [ -97.42442927262654, 15.996561528187822 ], [ -97.423897525914285, 15.996903312963044 ], [ -97.42205590527611, 15.998218308211428 ], [ -97.421482426726499, 15.998519111106244 ], [ -97.42064782808788, 15.998607871685971 ], [ -97.420029025283554, 15.998433869623065 ], [ -97.417975889849018, 15.997533090471228 ], [ -97.417389105533672, 15.997298314050775 ], [ -97.416703903000069, 15.997103479604618 ], [ -97.416311825481245, 15.997059921768326 ], [ -97.415167332418662, 15.997051483870912 ], [ -97.41477461430479, 15.997089255682381 ], [ -97.414086421771742, 15.997273964320707 ], [ -97.41349600674566, 15.99750006112898 ], [ -97.411428919878873, 15.998370459237229 ], [ -97.410817879667704, 15.998545560026255 ], [ -97.410033455895601, 15.998492310319563 ], [ -97.409523892649375, 15.998241139148487 ], [ -97.407930365289218, 15.997122252169696 ], [ -97.407463172981139, 15.996830722051477 ], [ -97.406876459400848, 15.996589140516503 ], [ -97.406505488470117, 15.996535554392393 ], [ -97.405361003857649, 15.996527064549502 ], [ -97.404989227155127, 15.996575140892043 ], [ -97.404398752653549, 15.996807989633393 ], [ -97.403926993369495, 15.997092553920744 ], [ -97.40229197498023, 15.998201195520753 ], [ -97.401259766509838, 15.998525489767355 ], [ -97.400854594203068, 15.998586866172023 ], [ -97.400340704811299, 15.998440701776538 ], [ -97.400011750327877, 15.998170519396428 ], [ -97.398990525077267, 15.997055831002223 ], [ -97.398888685002547, 15.996645000131414 ], [ -97.399434647015866, 15.99584247906501 ], [ -97.400316427125105, 15.995106847673171 ], [ -97.40388538645955, 15.992476381823801 ], [ -97.404840345443844, 15.991787024403417 ], [ -97.405727913587469, 15.991200527957568 ], [ -97.406040914141613, 15.991052037037292 ], [ -97.406614017997981, 15.990945577423323 ], [ -97.406763544558146, 15.990867043348134 ], [ -97.406888231386333, 15.990607011508089 ], [ -97.40691682885398, 15.990314071607818 ], [ -97.406925596668643, 15.989207050573356 ], [ -97.406896588988701, 15.988888265949079 ], [ -97.406752452713036, 15.988507625439015 ], [ -97.406575551718646, 15.988282637812922 ], [ -97.405894152476236, 15.987613335018297 ], [ -97.405717414338355, 15.987368013794377 ], [ -97.405574033204928, 15.986892485263759 ], [ -97.40554594082441, 15.986458480102137 ], [ -97.405558223012051, 15.984908651103817 ], [ -97.40563571328552, 15.984414426060896 ], [ -97.405985051463091, 15.983657871145876 ], [ -97.406406613987684, 15.983071302606007 ], [ -97.408024549542816, 15.981090528826153 ], [ -97.40841954464355, 15.980539343574902 ], [ -97.408644938442677, 15.979947928641666 ], [ -97.408571936535864, 15.97965423621252 ], [ -97.408005870636785, 15.978875086015531 ], [ -97.407805869589808, 15.978692291882485 ], [ -97.407438594896718, 15.97861840312174 ], [ -97.407113917326257, 15.978695641578501 ], [ -97.405966027121565, 15.979129972832736 ], [ -97.405604443727384, 15.979222186067078 ], [ -97.405064947555175, 15.979218186423592 ], [ -97.404655822765832, 15.979120259324295 ], [ -97.403286074028031, 15.978667261689701 ], [ -97.402893401605311, 15.97848303309145 ], [ -97.402430675983169, 15.978076301725892 ], [ -97.402162312008983, 15.977679485857996 ], [ -97.401372677716296, 15.976234409103911 ], [ -97.401167617077192, 15.975807561376588 ], [ -97.401000295748929, 15.975260683270941 ], [ -97.400966325288877, 15.974906276669431 ], [ -97.400975116912676, 15.973799257274347 ], [ -97.401019885825406, 15.973455602907684 ], [ -97.401220015552056, 15.97295890181582 ], [ -97.401461145648668, 15.972592982914916 ], [ -97.402386283413435, 15.971382059538863 ], [ -97.402684484361544, 15.971108066598678 ], [ -97.403150957842826, 15.971040358733276 ], [ -97.403519148859374, 15.971217626083533 ], [ -97.404770907207336, 15.972112578364287 ], [ -97.405191527532324, 15.972305482476989 ], [ -97.405902657242251, 15.972310751814737 ], [ -97.406497934954814, 15.972125374479312 ], [ -97.408564757838931, 15.971254999249743 ], [ -97.409144587945548, 15.971028831294333 ], [ -97.409783648184387, 15.970843767930356 ], [ -97.410116762210151, 15.970805560636109 ], [ -97.411032234969767, 15.970812322150699 ], [ -97.411375216585483, 15.970855522954125 ], [ -97.412060325355171, 15.97105036629709 ], [ -97.412696071778399, 15.971285512093123 ], [ -97.414977792334, 15.97218800343679 ], [ -97.415677162552925, 15.972352439439915 ], [ -97.416659155537275, 15.97221732693224 ], [ -97.417362629304819, 15.971859872751077 ], [ -97.419663493924716, 15.970326851551265 ], [ -97.420304140037402, 15.969938423759888 ], [ -97.420992976741303, 15.969658797473715 ], [ -97.421336385082114, 15.969647760495699 ], [ -97.422250123159785, 15.969875880086512 ], [ -97.422540109768548, 15.969976288752706 ], [ -97.422979641736148, 15.970216744692571 ], [ -97.423317558377562, 15.970459844429527 ], [ -97.424454976316497, 15.971353851276541 ], [ -97.424792976261543, 15.971586782377873 ], [ -97.425232885700083, 15.971779789978418 ], [ -97.425523327260066, 15.971822584092516 ], [ -97.426438811478292, 15.971829280497534 ], [ -97.426750907702711, 15.971790893607434 ], [ -97.427291871730617, 15.971605059862069 ], [ -97.427752580501192, 15.971377969445237 ], [ -97.429361583270293, 15.970504040685011 ], [ -97.429905807280591, 15.970348725338209 ], [ -97.430836525627186, 15.970497854884284 ], [ -97.431621902487819, 15.970866211446889 ], [ -97.434356302293295, 15.972436062641638 ], [ -97.435151966510603, 15.972834983992859 ], [ -97.436130641141446, 15.973126782141524 ], [ -97.43673308091212, 15.973144716136927 ], [ -97.438565788511198, 15.972936602832444 ], [ -97.439105565552737, 15.972903239097937 ], [ -97.439791819234514, 15.972955663353332 ], [ -97.440232405109583, 15.973063919314148 ], [ -97.441602222688516, 15.973516685877593 ], [ -97.442032222866246, 15.973635028931026 ], [ -97.442669069085383, 15.973734533814255 ], [ -97.443148848909701, 15.973758340386409 ], [ -97.444750975515177, 15.973769926715244 ], [ -97.44528314703561, 15.973814441817686 ], [ -97.446164487966357, 15.974010597767307 ], [ -97.446891376235754, 15.974246304587524 ], [ -97.449402194464724, 15.975150099271925 ], [ -97.450181718273456, 15.975376007619881 ], [ -97.451308664032453, 15.975526465027283 ], [ -97.452139061222724, 15.975515495374607 ], [ -97.454887299651318, 15.975313828130544 ], [ -97.455654716759426, 15.975292225167697 ], [ -97.456487760204439, 15.975393098290292 ], [ -97.456910405728891, 15.975558807398027 ], [ -97.458049712215157, 15.9762312420775 ], [ -97.458387815608418, 15.976457346604018 ], [ -97.458826321140606, 15.976840069202582 ], [ -97.459114654325035, 15.977160711376587 ], [ -97.460021708593715, 15.978274317530319 ], [ -97.46032102217454, 15.978534032889451 ], [ -97.460810759005284, 15.978632432947954 ], [ -97.461211068455924, 15.978513288732678 ], [ -97.46258943698129, 15.977858877123044 ], [ -97.463021661866094, 15.977689120611542 ], [ -97.463660347436587, 15.977551339833209 ], [ -97.464140531046951, 15.977524266535257 ], [ -97.465742703542006, 15.977535699217588 ], [ -97.466211835150588, 15.977579714048613 ], [ -97.466798943475055, 15.977773690234056 ], [ -97.467168538546105, 15.978006784613768 ], [ -97.468306212705045, 15.978900579953702 ], [ -97.468654869099225, 15.97912335557991 ], [ -97.46914425234813, 15.979269182351272 ], [ -97.469494714201801, 15.979254730621889 ], [ -97.470640817973376, 15.97904145924624 ], [ -97.470980692333811, 15.979037097167314 ], [ -97.471420670605951, 15.979230015510899 ], [ -97.471709337286967, 15.979509975405412 ], [ -97.472616475604909, 15.980623535213443 ], [ -97.472915270306544, 15.98095440265239 ], [ -97.473402502574288, 15.981384892182785 ], [ -97.473799754124286, 15.981669009528749 ], [ -97.475166368798455, 15.982564396840768 ], [ -97.475627148647305, 15.982787957153837 ], [ -97.47641083313728, 15.98293585430396 ], [ -97.477069601721681, 15.98292357467969 ], [ -97.47936016829577, 15.982718359224418 ], [ -97.47998755974325, 15.98268551387253 ], [ -97.480624821705788, 15.982737464955862 ], [ -97.480907804801831, 15.98284452741731 ], [ -97.481591132228331, 15.983292201114013 ], [ -97.481915850983953, 15.98344022674333 ], [ -97.482747877222991, 15.983683338633801 ], [ -97.483611768656203, 15.983882613260302 ], [ -97.486811250190513, 15.984569423686331 ], [ -97.487685584833685, 15.984778923475067 ], [ -97.488566317558224, 15.985069804462769 ], [ -97.488950171417599, 15.985275851306799 ], [ -97.489860758756279, 15.985946522271119 ], [ -97.490124165188206, 15.986095800239054 ], [ -97.490442804163493, 15.986121761558596 ], [ -97.490634595745348, 15.986009571275426 ], [ -97.49121098216601, 15.985460054464287 ], [ -97.491361188443719, 15.985286566849126 ], [ -97.491485766351971, 15.985026475844455 ], [ -97.491513528676933, 15.984828404981942 ], [ -97.491518508353195, 15.98416416533342 ], [ -97.491498859573838, 15.983981013070856 ], [ -97.491402185839718, 15.983790542167723 ], [ -97.491283729358202, 15.983701593093137 ], [ -97.490827606733532, 15.983476967796502 ], [ -97.490688282598612, 15.983367537051516 ], [ -97.490686836209008, 15.983365404994437 ], [ -97.490683065572142, 15.983362416704008 ], [ -97.490464662512863, 15.983052470668023 ], [ -97.490297199594309, 15.982724241701565 ], [ -97.489734112460155, 15.981502452046231 ], [ -97.48954755699539, 15.981276067367258 ], [ -97.489425107686131, 15.981127475036088 ], [ -97.488546171645808, 15.980599370641077 ], [ -97.487599555851318, 15.980219909812968 ], [ -97.484060977963338, 15.978977165812051 ], [ -97.483119979573203, 15.978551972580178 ], [ -97.48227200304855, 15.977814683674108 ], [ -97.482267206119346, 15.977810512895106 ], [ -97.481989954441104, 15.977176481021342 ], [ -97.481548887457706, 15.974959126743011 ], [ -97.481460817471074, 15.974326429539646 ], [ -97.481490886320103, 15.973591197130991 ], [ -97.481621910964236, 15.973173562221188 ], [ -97.482203286158793, 15.971959830358173 ], [ -97.48252271562896, 15.971645197827383 ], [ -97.483432014676183, 15.971390643491231 ], [ -97.484411584639076, 15.971341623627598 ], [ -97.488073617347538, 15.971367383256238 ], [ -97.489162662442837, 15.97143603666491 ], [ -97.490582839144395, 15.97173069193223 ], [ -97.491522619916068, 15.972082975993526 ], [ -97.494488109706197, 15.973432295646541 ], [ -97.494519851910397, 15.973446003559689 ], [ -97.494562643431038, 15.973459930431854 ], [ -97.496732048662892, 15.974139374046088 ], [ -97.49742336378462, 15.974144202853735 ], [ -97.497734928763009, 15.974176880902007 ], [ -97.498273373573113, 15.974322984660777 ], [ -97.498731016089849, 15.974499025872435 ], [ -97.500328242855701, 15.975174441877471 ], [ -97.502588811027564, 15.975535882406083 ], [ -97.505335415153482, 15.97555498090078 ], [ -97.506086614245064, 15.975595784621591 ], [ -97.506845390909049, 15.975795929737528 ], [ -97.507178250265198, 15.976028703775127 ], [ -97.507972782729865, 15.976919921096057 ], [ -97.508202950435901, 15.977092730336832 ], [ -97.508348430877575, 15.977525235281178 ], [ -97.508359892972067, 15.977675335433416 ], [ -97.508274378958305, 15.977747277969149 ], [ -97.508206716168218, 15.978131480697648 ], [ -97.508310494504229, 15.979571472078758 ], [ -97.50841046690212, 15.980028010023592 ], [ -97.508778520295053, 15.980713481774822 ], [ -97.509191486050511, 15.981248445838364 ], [ -97.510780614137701, 15.983030867378851 ], [ -97.511109431195109, 15.983575413244377 ], [ -97.511054765426806, 15.984334211535449 ], [ -97.510647851068825, 15.984873662715959 ], [ -97.508803564016404, 15.986632291889796 ], [ -97.50830219423159, 15.987150747506462 ], [ -97.507806773146399, 15.987811588431947 ], [ -97.50760039993726, 15.988237192236269 ], [ -97.507132743911683, 15.989562502251099 ], [ -97.50681254195807, 15.990217778359593 ], [ -97.50665027011776, 15.990365774840937 ], [ -97.506190824150437, 15.990584008711458 ], [ -97.506070934464745, 15.990686545360074 ], [ -97.505970895623378, 15.990946816454974 ], [ -97.505947872701213, 15.991216095710616 ], [ -97.505940471095286, 15.992212461129427 ], [ -97.506027962904213, 15.992462173457207 ], [ -97.506628615616592, 15.992495720265348 ], [ -97.506109908021614, 15.993458594955921 ], [ -97.505987383403465, 15.993679734118775 ], [ -97.505764715048116, 15.993939152466186 ], [ -97.505569142016313, 15.994088610851039 ], [ -97.504879134821593, 15.994526663628402 ], [ -97.504688778274556, 15.994681241152549 ], [ -97.504490456321307, 15.994964551521516 ], [ -97.504397495819617, 15.995214703206573 ], [ -97.504162000991343, 15.996098767205883 ], [ -97.504137550380904, 15.996323976773647 ], [ -97.504258943937529, 15.996490891030945 ], [ -97.504456814016663, 15.996504130259318 ], [ -97.505258813697026, 15.996398997238554 ], [ -97.505567956812257, 15.996290999217823 ], [ -97.506298851547655, 15.995823395352076 ], [ -97.506814717338898, 15.995430342816974 ], [ -97.509002465133804, 15.993674122603611 ], [ -97.509492963371684, 15.993206429041983 ], [ -97.509594229873841, 15.992780094905511 ], [ -97.509976301413133, 15.992759019595379 ], [ -97.511006369148888, 15.992766157753632 ], [ -97.511212640467662, 15.992774844215605 ], [ -97.512258425888476, 15.993133021960608 ], [ -97.51235427383476, 15.993225687218448 ], [ -97.512450094587507, 15.993534765878898 ], [ -97.512468697331755, 15.993861950593841 ], [ -97.512459688758568, 15.995079733865788 ], [ -97.512587717270435, 15.995534770192394 ], [ -97.513194195892623, 15.996440489061364 ], [ -97.513932570158161, 15.99727933510467 ], [ -97.516771886129192, 16.000288212992011 ], [ -97.517584206123018, 16.001081804938696 ], [ -97.518535669668211, 16.001776372809459 ], [ -97.519082578871547, 16.001975021768285 ], [ -97.520683357068648, 16.002207477562688 ], [ -97.521141633398273, 16.002308919262827 ], [ -97.521679476027316, 16.002549864372408 ], [ -97.521989546495121, 16.002792630439178 ], [ -97.52289870343705, 16.003684592428066 ], [ -97.52316695515492, 16.003896566727324 ], [ -97.523509634896072, 16.003993819787755 ], [ -97.523730925054437, 16.003920778474082 ], [ -97.524420930731679, 16.003482664755261 ], [ -97.52463193246237, 16.00337904902203 ], [ -97.524926603227399, 16.003333623910137 ], [ -97.525136559989662, 16.003372346650124 ], [ -97.525821688549541, 16.003598476882992 ], [ -97.526015617530561, 16.003672675359237 ], [ -97.526235490008432, 16.003792805809535 ], [ -97.526355664534805, 16.003890222351771 ], [ -97.526696607033841, 16.004224702279068 ], [ -97.526785023708882, 16.004352403560532 ], [ -97.526856691767648, 16.004613863214992 ], [ -97.52687065794774, 16.004859675746847 ], [ -97.526864165052885, 16.005745341203959 ], [ -97.526888568323727, 16.00600139288996 ], [ -97.527008943599114, 16.00631063531937 ], [ -97.527156505205809, 16.006496358466055 ], [ -97.527724752471599, 16.007053823312155 ], [ -97.527904148445046, 16.007199093885593 ], [ -97.528173080686031, 16.007319558962983 ], [ -97.528377873465359, 16.007346381305581 ], [ -97.529064640789869, 16.007351086017014 ], [ -97.529254075510849, 16.007321880566547 ], [ -97.529451336581729, 16.007180884959975 ], [ -97.529543703282144, 16.007008668214098 ], [ -97.529777485935426, 16.00634598554155 ], [ -97.529869851920765, 16.006173768586919 ], [ -97.530067111410247, 16.006032772269542 ], [ -97.530256544804004, 16.006003565814879 ], [ -97.530943308121053, 16.006008264136916 ], [ -97.531158388905638, 16.006065656936151 ], [ -97.531475336288878, 16.006328792763636 ], [ -97.531713037983252, 16.006647308286126 ], [ -97.532505370277363, 16.00787057710836 ], [ -97.532769020701622, 16.008235023237866 ], [ -97.533207052690685, 16.008712503938273 ], [ -97.533569162445005, 16.009030172866883 ], [ -97.53482098245469, 16.010035143763311 ], [ -97.535230660380563, 16.010317548132893 ], [ -97.535890664293575, 16.010630467014408 ], [ -97.536423848925068, 16.010795089141592 ], [ -97.53825204444594, 16.011250398940508 ], [ -97.538759359924754, 16.011358917452711 ], [ -97.539298631058799, 16.011410035615459 ], [ -97.539561702306912, 16.01137454375068 ], [ -97.54025009596235, 16.011157796276581 ], [ -97.540414078559138, 16.011014869491852 ], [ -97.540490937555859, 16.010564626676697 ], [ -97.540436753858998, 16.010064349552579 ], [ -97.54010704070393, 16.008179965644246 ], [ -97.540058224816022, 16.007664473473657 ], [ -97.540160127271619, 16.007143227371071 ], [ -97.540354517598601, 16.006914082079373 ], [ -97.541159767807471, 16.006365981486564 ], [ -97.541400831737164, 16.006223577074707 ], [ -97.541720548916629, 16.006107125508628 ], [ -97.54193622406487, 16.006083170608271 ], [ -97.542622991251307, 16.006087831615684 ], [ -97.542822566939108, 16.006109521000973 ], [ -97.543067152980058, 16.006206078299215 ], [ -97.543216986022003, 16.006322327988418 ], [ -97.543671621912452, 16.006768268903823 ], [ -97.54390562374887, 16.006874921218106 ], [ -97.544542995504585, 16.006926690464049 ], [ -97.545219524494314, 16.006893992587901 ], [ -97.547739286186797, 16.006689616170618 ], [ -97.548510200615411, 16.006688049015239 ], [ -97.549588042691894, 16.006885127074131 ], [ -97.550356904479713, 16.007168234472861 ], [ -97.552867100809507, 16.008292310973811 ], [ -97.553603705695679, 16.008676866988623 ], [ -97.554530984395583, 16.009347399560614 ], [ -97.555119063687044, 16.009920748022608 ], [ -97.556936172945484, 16.011925836004927 ], [ -97.557440826607206, 16.012407109033092 ], [ -97.557978746823082, 16.012647968842177 ], [ -97.558242548264374, 16.012510781811013 ], [ -97.558935696821038, 16.011629714909581 ], [ -97.559137080082579, 16.011400598326205 ], [ -97.559383723584887, 16.011212456012405 ], [ -97.559534688536459, 16.011172797963898 ], [ -97.559992548476856, 16.011175868989355 ], [ -97.560153442366797, 16.01121761877722 ], [ -97.560446420870349, 16.011409380470425 ], [ -97.560704068144105, 16.011641575831018 ], [ -97.560849444675213, 16.011784145097511 ], [ -97.561031926394193, 16.011856165529 ], [ -97.561339311306938, 16.011993794854785 ], [ -97.561632292152424, 16.012185555101269 ], [ -97.561743451046411, 16.012321869291199 ], [ -97.561969211922062, 16.012766242042758 ], [ -97.562101614099717, 16.012872195207812 ], [ -97.562493729642043, 16.012922270239795 ], [ -97.562921492342369, 16.012887852160333 ], [ -97.56452560115865, 16.012677152401004 ], [ -97.564968732085646, 16.01269875542998 ], [ -97.565432569917277, 16.013010276230325 ], [ -97.565652065052717, 16.013433703546905 ], [ -97.566212541941482, 16.015098176853204 ], [ -97.566384481071665, 16.01555687307108 ], [ -97.566626382451716, 16.016032982573844 ], [ -97.566800016439061, 16.016254442770631 ], [ -97.567368408262837, 16.016811813532396 ], [ -97.567584673707458, 16.01695221583093 ], [ -97.568025519017198, 16.017050056041477 ], [ -97.568439032377185, 16.017049424960593 ], [ -97.56992791540948, 16.016948633888312 ], [ -97.570315002982795, 16.016968158611409 ], [ -97.570632529375018, 16.017160071147536 ], [ -97.570699050939126, 16.01741470776788 ], [ -97.570691957825446, 16.018411099659438 ], [ -97.570632075997253, 16.018700481633612 ], [ -97.570359720284827, 16.01905453874862 ], [ -97.570030522116795, 16.019270952203598 ], [ -97.568766615573807, 16.019926819857456 ], [ -97.568332614679989, 16.02009677671845 ], [ -97.567571187959786, 16.020234044341507 ], [ -97.566917436969149, 16.020260183179026 ], [ -97.564628027731587, 16.02024488367497 ], [ -97.563969457193068, 16.020209974947313 ], [ -97.563185536591902, 16.020062380188467 ], [ -97.562724220962806, 16.019886440173835 ], [ -97.561355340370369, 16.019212978342335 ], [ -97.560914689194746, 16.019088011738781 ], [ -97.560227191451858, 16.019178299589846 ], [ -97.559685701379692, 16.019432248308188 ], [ -97.557846234048469, 16.020527045205863 ], [ -97.557315031072591, 16.020811559613279 ], [ -97.556675562033561, 16.021044506022594 ], [ -97.556293238916865, 16.021092772836955 ], [ -97.555148534604385, 16.021085069091377 ], [ -97.554808847222333, 16.021052278805595 ], [ -97.554368343803034, 16.020906964403142 ], [ -97.554078740898674, 16.020732162835529 ], [ -97.553167767450319, 16.02006173503819 ], [ -97.552899191918343, 16.01988707378727 ], [ -97.552556809424871, 16.019742417508073 ], [ -97.552336266774219, 16.019710426999143 ], [ -97.55164945004465, 16.019705793211511 ], [ -97.551417808256815, 16.019755068240482 ], [ -97.551023629304225, 16.019989653007851 ], [ -97.550692157586724, 16.020275498788187 ], [ -97.549539461400599, 16.021374857026363 ], [ -97.549186886642786, 16.021670725137934 ], [ -97.548694240819231, 16.021952088451922 ], [ -97.548343036425422, 16.022058167988241 ], [ -97.547196728044156, 16.022271839426899 ], [ -97.546887793784364, 16.022347699689167 ], [ -97.546592409885235, 16.022488046383042 ], [ -97.546479367192873, 16.022612681731076 ], [ -97.546247218103488, 16.023053966715722 ], [ -97.546039708272261, 16.023157626468581 ], [ -97.545303478753667, 16.023200085661706 ], [ -97.544459232857548, 16.023157079286371 ], [ -97.541326451102236, 16.022919271156816 ], [ -97.540385538222381, 16.022814776481429 ], [ -97.539528562222642, 16.022595425502182 ], [ -97.539174427766071, 16.022381189534588 ], [ -97.538378778745937, 16.021600773138946 ], [ -97.538161902495673, 16.02130612955931 ], [ -97.537945459290142, 16.020711544009092 ], [ -97.537853130756957, 16.020156779786607 ], [ -97.53763870830872, 16.018162465586798 ], [ -97.537567257719559, 16.017628178749781 ], [ -97.537448242851184, 16.01712915448535 ], [ -97.537349672122659, 16.01695054950267 ], [ -97.537008690651021, 16.016616083594016 ], [ -97.536793744815455, 16.016538361404606 ], [ -97.536131645255153, 16.016510122809404 ], [ -97.535400734376864, 16.016547502184615 ], [ -97.532651914804532, 16.016750157432227 ], [ -97.53186396662008, 16.016680374948098 ], [ -97.53093569924944, 16.016152087565416 ], [ -97.530397553553556, 16.015467175287217 ], [ -97.528814495493194, 16.012799202233662 ], [ -97.528297910936061, 16.012043260345607 ], [ -97.527470221084613, 16.011183508312023 ], [ -97.526804391118674, 16.01071123228332 ], [ -97.52452488954269, 16.009367017891112 ], [ -97.523826790481039, 16.008996187571515 ], [ -97.522848479566605, 16.00860987119027 ], [ -97.522148990528777, 16.008428820871647 ], [ -97.519863024389068, 16.007970224031251 ], [ -97.519556607793945, 16.007924552982288 ], [ -97.519358461163293, 16.007966745978674 ], [ -97.517981661927152, 16.008400102774768 ], [ -97.517564959958406, 16.008598883138994 ], [ -97.5169971515013, 16.009093172649816 ], [ -97.516602697448775, 16.009600520129204 ], [ -97.515329707044074, 16.011473847265218 ], [ -97.514997864348757, 16.012042629149331 ], [ -97.514722269025754, 16.012823623107241 ], [ -97.514660405399738, 16.013370547410869 ], [ -97.514647304253259, 16.015141867044495 ], [ -97.514622795586945, 16.015612793131844 ], [ -97.514521523646223, 16.016039128695041 ], [ -97.514401358151105, 16.0161772533693 ], [ -97.513941857523747, 16.016395499029027 ], [ -97.513821992428305, 16.016492955293646 ], [ -97.513722123020415, 16.016729506143406 ], [ -97.513699317562157, 16.016969979719757 ], [ -97.513692761404528, 16.017855638890428 ], [ -97.513659104722976, 16.018141791152651 ], [ -97.513508596157109, 16.018591509141835 ], [ -97.513327240130053, 16.01894781098126 ], [ -97.512631415642943, 16.020160833137055 ], [ -97.512518311435741, 16.020527774544423 ], [ -97.512910498467974, 16.020912551921199 ], [ -97.511947202463006, 16.020988131994326 ], [ -97.511536679937464, 16.020900555774908 ], [ -97.511612201404375, 16.020640113325577 ], [ -97.511506795833242, 16.020441115721443 ], [ -97.510939384091813, 16.019772901973276 ], [ -97.510760204948795, 16.019598810998627 ], [ -97.510491445348976, 16.019454600754131 ], [ -97.510286682012392, 16.019422677039419 ], [ -97.509599879268109, 16.019417908801046 ] ], [ [ -97.506902987249248, 16.018601580145294 ], [ -97.507187322138094, 16.01877132168994 ], [ -97.50760342595099, 16.018892836248192 ], [ -97.507913524698409, 16.018896686837305 ], [ -97.508944547650856, 16.018793139096136 ], [ -97.509171001426779, 16.018735401704767 ], [ -97.509196763105066, 16.018569511344257 ], [ -97.50900711210889, 16.018390262598579 ], [ -97.508096316266645, 16.017719656759382 ], [ -97.507859702283184, 16.017494326933917 ], [ -97.507666296166548, 16.017113395570281 ], [ -97.507626615314095, 16.016794537915864 ], [ -97.507634843312459, 16.015687466896466 ], [ -97.507621329406831, 16.015384042391851 ], [ -97.507550037015235, 16.015075132453124 ], [ -97.507461704746362, 16.014937257026482 ], [ -97.507120780463893, 16.014602748039387 ], [ -97.506974330259766, 16.014505138303686 ], [ -97.50663181984406, 16.014384135155787 ], [ -97.506288969587814, 16.014308882879565 ], [ -97.505031514006703, 16.014078704722142 ], [ -97.50465141895242, 16.014064195523449 ], [ -97.504135095024736, 16.014226667615787 ], [ -97.503777583645402, 16.014473279797404 ], [ -97.502625514766919, 16.015461660956909 ], [ -97.502446135704005, 16.015785769163436 ], [ -97.502761110053143, 16.016309897151956 ], [ -97.503390455330049, 16.016734542002038 ], [ -97.504574042251491, 16.017392488213449 ], [ -97.504923387340455, 16.017462597471958 ], [ -97.505262624576417, 16.017553078371321 ], [ -97.505702723157697, 16.017745935903047 ], [ -97.505992198353127, 16.017930965901702 ], [ -97.506902987249248, 16.018601580145294 ] ] ] ] } },
{ "type": "Feature", "properties": { "fid": 31.0, "cat": 31, "CLAVE_ACUI": "2019", "NOM_ACUIF": "CHACAHUA", "VULNERABIL": 1 }, "geometry": { "type": "MultiPolygon", "coordinates": [ [ [ [ -97.571169189259265, 16.019519314770168 ], [ -97.572068622588446, 16.020622145349009 ], [ -97.572415243257453, 16.020912537569952 ], [ -97.572391959679891, 16.020983556935217 ], [ -97.572342225695365, 16.02107812508816 ], [ -97.572184897288196, 16.021026239671954 ], [ -97.571500433549375, 16.020689538367641 ], [ -97.571322514589696, 16.020576508823666 ], [ -97.57117668853418, 16.020385740093143 ], [ -97.571146284412876, 16.020226242989509 ], [ -97.571169189259265, 16.019519314770168 ] ] ] ] } },
{ "type": "Feature", "properties": { "fid": 32.0, "cat": 33, "CLAVE_ACUI": "2019", "NOM_ACUIF": "CHACAHUA", "VULNERABIL": 2 }, "geometry": { "type": "MultiPolygon", "coordinates": [ [ [ [ -97.507120780463893, 16.014602748039387 ], [ -97.507461704746362, 16.014937257026482 ], [ -97.507550037015235, 16.015075132453124 ], [ -97.507621329406831, 16.015384042391851 ], [ -97.507634843312459, 16.015687466896466 ], [ -97.507626615314095, 16.016794537915864 ], [ -97.507666296166548, 16.017113395570281 ], [ -97.507859702283184, 16.017494326933917 ], [ -97.508096316266645, 16.017719656759382 ], [ -97.50900711210889, 16.018390262598579 ], [ -97.509196763105066, 16.018569511344257 ], [ -97.509171001426779, 16.018735401704767 ], [ -97.508944547650856, 16.018793139096136 ], [ -97.507913524698409, 16.018896686837305 ], [ -97.50760342595099, 16.018892836248192 ], [ -97.507187322138094, 16.01877132168994 ], [ -97.506902987249248, 16.018601580145294 ], [ -97.505992198353127, 16.017930965901702 ], [ -97.505702723157697, 16.017745935903047 ], [ -97.505262624576417, 16.017553078371321 ], [ -97.504923387340455, 16.017462597471958 ], [ -97.504574042251491, 16.017392488213449 ], [ -97.503390455330049, 16.016734542002038 ], [ -97.502761110053143, 16.016309897151956 ], [ -97.502446135704005, 16.015785769163436 ], [ -97.502625514766919, 16.015461660956909 ], [ -97.503777583645402, 16.014473279797404 ], [ -97.504135095024736, 16.014226667615787 ], [ -97.50465141895242, 16.014064195523449 ], [ -97.505031514006703, 16.014078704722142 ], [ -97.506288969587814, 16.014308882879565 ], [ -97.506588900441741, 16.014374714766973 ], [ -97.506974330259766, 16.014505138303686 ], [ -97.507120780463893, 16.014602748039387 ] ] ] ] } },
{ "type": "Feature", "properties": { "fid": 33.0, "cat": 34, "CLAVE_ACUI": "2019", "NOM_ACUIF": "CHACAHUA", "VULNERABIL": 3 }, "geometry": { "type": "MultiPolygon", "coordinates": [ [ [ [ -97.644526088826353, 16.008341314156397 ], [ -97.644693071240894, 16.008262718446346 ], [ -97.645354867645395, 16.008338069992881 ], [ -97.646133310182677, 16.008524308581595 ], [ -97.649104261371704, 16.009318047765962 ], [ -97.649877114363079, 16.009555078332117 ], [ -97.650512795584532, 16.009867504634474 ], [ -97.650648057128834, 16.010076799550177 ], [ -97.650643595049658, 16.010741083884788 ], [ -97.650621272392442, 16.010934136487691 ], [ -97.650521562044418, 16.01117076428346 ], [ -97.650401441246501, 16.011315751326372 ], [ -97.649940586800284, 16.011755729067527 ], [ -97.649825618973523, 16.011916000188858 ], [ -97.649749957956615, 16.012223955020506 ], [ -97.649756838766137, 16.012503619434323 ], [ -97.649864610796399, 16.013500765195161 ], [ -97.649755989431256, 16.013759367146374 ], [ -97.64914131658854, 16.013969029397646 ], [ -97.64837183407532, 16.014009942652827 ], [ -97.645395591623014, 16.013991185024615 ], [ -97.644589898456829, 16.013945427998966 ], [ -97.643806238123744, 16.013750676204733 ], [ -97.643492416636136, 16.013518218581883 ], [ -97.642811579212434, 16.012628168732359 ], [ -97.64260817653836, 16.01239132390452 ], [ -97.642339798262228, 16.012176098783335 ], [ -97.642159803113628, 16.012105479168621 ], [ -97.641588204143375, 16.011991145372768 ], [ -97.641439609424708, 16.01194105985676 ], [ -97.641317765994103, 16.01182166210295 ], [ -97.641292298620826, 16.011701179480308 ], [ -97.641295294164578, 16.01125832501971 ], [ -97.641343689126089, 16.011097637702811 ], [ -97.641566536367378, 16.010790617851704 ], [ -97.641836494043503, 16.010512705054069 ], [ -97.642873443516024, 16.009522795119501 ], [ -97.643164285059441, 16.009265348386659 ], [ -97.643484601926176, 16.009053843484402 ], [ -97.643651356481286, 16.009009140630692 ], [ -97.644109227992146, 16.009012031947574 ], [ -97.644233761452924, 16.0089924821193 ], [ -97.644357045966601, 16.008898358813859 ], [ -97.644408633201451, 16.008783446824832 ], [ -97.644526088826353, 16.008341314156397 ] ] ] ] } },
{ "type": "Feature", "properties": { "fid": 34.0, "cat": 35, "CLAVE_ACUI": "2019", "NOM_ACUIF": "CHACAHUA", "VULNERABIL": 2 }, "geometry": { "type": "MultiPolygon", "coordinates": [ ] } },
{ "type": "Feature", "properties": { "fid": 35.0, "cat": 42, "CLAVE_ACUI": "2019", "NOM_ACUIF": "CHACAHUA", "VULNERABIL": 3 }, "geometry": { "type": "MultiPolygon", "coordinates": [ [ [ [ -97.617352655558662, 16.003134965969146 ], [ -97.61720350334339, 16.00316789905807 ], [ -97.617129902474872, 16.003195826586314 ], [ -97.617096625802134, 16.003208453274507 ], [ -97.617063307180032, 16.003236473589801 ], [ -97.617045127175359, 16.003281426855533 ], [ -97.617035344929974, 16.003321046123439 ], [ -97.617024143165239, 16.003351113729568 ], [ -97.617003142915308, 16.003378553244858 ], [ -97.616969360033636, 16.003401762904122 ], [ -97.616923070144665, 16.003419284051862 ], [ -97.616861219956363, 16.003431261338221 ], [ -97.616806020329747, 16.003432054523465 ], [ -97.616688026601039, 16.003419479824569 ], [ -97.616598763045943, 16.003413684678563 ], [ -97.615834648980908, 16.003408762671107 ], [ -97.615510881089307, 16.003355836657725 ], [ -97.614801208748204, 16.003114010238232 ], [ -97.614111160667164, 16.00282146858515 ], [ -97.61160062571426, 16.001698085425993 ], [ -97.610842050260032, 16.001435594792092 ], [ -97.609812549081951, 16.001334035253919 ], [ -97.609100406172416, 16.001451440918611 ], [ -97.606806565038255, 16.002100880894606 ], [ -97.606126094985186, 16.002198145967192 ], [ -97.605244418274452, 16.002002623157967 ], [ -97.604665352484091, 16.001626040472782 ], [ -97.602844738309017, 16.000064171396168 ], [ -97.602318453342065, 15.99965742260911 ], [ -97.60168305501027, 15.999321137771991 ], [ -97.60130162651474, 15.999247480056349 ], [ -97.600157024208215, 15.999240026232647 ], [ -97.599817430785706, 15.999197142089283 ], [ -97.599377263969885, 15.9990044731009 ], [ -97.599088048071295, 15.998772115989164 ], [ -97.598178545038834, 15.997880450307511 ], [ -97.597931307496268, 15.997658533540204 ], [ -97.597687030656942, 15.997514589478813 ], [ -97.59758530080866, 15.997530872039208 ], [ -97.597354837828533, 15.997750801358086 ], [ -97.597263477527463, 15.997787487167088 ], [ -97.597067592808216, 15.997738758363482 ], [ -97.596879117999435, 15.997632459885393 ], [ -97.596195455453781, 15.997185128044229 ], [ -97.595901653459379, 15.997108644279471 ], [ -97.595214237858869, 15.99719905170338 ], [ -97.594646632536893, 15.997368648226734 ], [ -97.592524972465611, 15.998108988435858 ], [ -97.591994442912139, 15.998312258998908 ], [ -97.591698789583106, 15.998500121255535 ], [ -97.591232466255619, 15.998747743414942 ], [ -97.590242252878724, 15.998546974625725 ], [ -97.590158103970865, 15.998251500377448 ], [ -97.589858195374163, 15.997807935029769 ], [ -97.589332349181845, 15.997343541841079 ], [ -97.587170084239034, 15.995557875301541 ], [ -97.58652844648779, 15.995118134395351 ], [ -97.585696379780089, 15.994851686365303 ], [ -97.585149348177197, 15.994910787473945 ], [ -97.584646303066037, 15.995069307704989 ], [ -97.584589781488901, 15.994946525888304 ], [ -97.584308283181088, 15.99378773583002 ], [ -97.584577208954428, 15.992750072309512 ], [ -97.585478605558038, 15.992123306808359 ], [ -97.58676306833884, 15.992146859363169 ], [ -97.58675994961699, 15.992590692065585 ], [ -97.586794798043499, 15.992867147203713 ], [ -97.586963648210784, 15.993271581171522 ], [ -97.587170014762151, 15.993572888715553 ], [ -97.587964212822428, 15.994574555225521 ], [ -97.588213127284348, 15.994804966650214 ], [ -97.588580525542824, 15.99487855453769 ], [ -97.588856464976871, 15.99475326855079 ], [ -97.589776780316214, 15.994095010381837 ], [ -97.590089685884706, 15.993944545606256 ], [ -97.590629600025011, 15.993900636698246 ], [ -97.591088001153011, 15.993988374078825 ], [ -97.59268729729574, 15.994441718043817 ], [ -97.5932716951407, 15.994550611592128 ], [ -97.594399584675983, 15.994605440842159 ], [ -97.59542645703722, 15.994574871909741 ], [ -97.599090636700225, 15.994377352914245 ], [ -97.600086258031666, 15.994305886354852 ], [ -97.601068311814558, 15.994169930241245 ], [ -97.601475624355743, 15.994047177060024 ], [ -97.602394360740306, 15.993610285196484 ], [ -97.60265465374934, 15.993466237839231 ], [ -97.602950619930382, 15.993230911006773 ], [ -97.60311313578471, 15.993038777341361 ], [ -97.603575575429744, 15.99237747991077 ], [ -97.603864084393336, 15.992206499811715 ], [ -97.604748021273224, 15.992069888621767 ], [ -97.605722279799977, 15.992045706472174 ], [ -97.609384886998043, 15.992069432036011 ], [ -97.610453327158922, 15.992106845151609 ], [ -97.611776771928675, 15.992257747134063 ], [ -97.612598967886939, 15.992435910189551 ], [ -97.61511244769018, 15.993116423594103 ], [ -97.615976696773387, 15.993294845119657 ], [ -97.617496369579996, 15.993446976145405 ], [ -97.61880308110527, 15.993485880790034 ], [ -97.623381399264716, 15.993515252024224 ], [ -97.624656928659576, 15.993503081610474 ], [ -97.626031074960721, 15.993416968885597 ], [ -97.626718610810485, 15.99330612564613 ], [ -97.628552961382368, 15.99287496542069 ], [ -97.629051080754564, 15.992793409811318 ], [ -97.629541291488593, 15.992843986416599 ], [ -97.629743473697047, 15.992997795185104 ], [ -97.630196781493154, 15.993664993037845 ], [ -97.630399380503306, 15.993757795997878 ], [ -97.63089153233868, 15.993523678346088 ], [ -97.631392005419642, 15.993096420602585 ], [ -97.63323537570983, 15.991336658228857 ], [ -97.633794134370447, 15.990838588599393 ], [ -97.634558321518753, 15.990274035461496 ], [ -97.636814111870535, 15.989090784956494 ], [ -97.637300294140616, 15.988700703715249 ], [ -97.637366628228065, 15.98858582866241 ], [ -97.637817304533002, 15.988414756304888 ], [ -97.63821458904998, 15.988297991990207 ], [ -97.638255265798023, 15.988418660407065 ], [ -97.638724057626675, 15.988526698615591 ], [ -97.640671306176415, 15.988317581633185 ], [ -97.641241261346835, 15.988233061375395 ], [ -97.641953804487969, 15.988047759894375 ], [ -97.642401767765961, 15.987867564218581 ], [ -97.643779715490822, 15.987211948234894 ], [ -97.644201260466701, 15.987051918000954 ], [ -97.644790527502295, 15.986960731028386 ], [ -97.645210793261427, 15.986990494217027 ], [ -97.646582769011886, 15.987220571903601 ], [ -97.646944779617272, 15.987316057415009 ], [ -97.64726218478593, 15.987531583699132 ], [ -97.647353609955246, 15.987743993351886 ], [ -97.647462855516608, 15.988519712341985 ], [ -97.647527968809641, 15.988737040449838 ], [ -97.647811350534639, 15.989062506000735 ], [ -97.648113026490236, 15.989272848298651 ], [ -97.649253134643757, 15.98994432758626 ], [ -97.649549660215712, 15.99013938359923 ], [ -97.649793333602759, 15.990378168902632 ], [ -97.649844912422225, 15.990524235057475 ], [ -97.64984193978502, 15.990967091942471 ], [ -97.649793625889544, 15.991117614731751 ], [ -97.649571133383716, 15.991377197371058 ], [ -97.649301600415612, 15.991597506609654 ], [ -97.648266268054684, 15.99236603049016 ], [ -97.647733397593981, 15.992666025805356 ], [ -97.6462820006969, 15.993297477092913 ], [ -97.644741441113709, 15.993899546258847 ], [ -97.639003496105957, 15.996077658351407 ], [ -97.637452247554762, 15.996699940344872 ], [ -97.635951095453635, 15.997425903127159 ], [ -97.635357846487736, 15.997840719439388 ], [ -97.634090500347924, 15.999050567683319 ], [ -97.633771033714964, 15.99939594319974 ], [ -97.633547544250774, 15.99979785251376 ], [ -97.633547741144298, 16.000026633641856 ], [ -97.633772150819851, 16.000692369688117 ], [ -97.633782928881345, 16.000911050106346 ], [ -97.633608815625067, 16.001265822653302 ], [ -97.633349303697457, 16.001553959839772 ], [ -97.632312355492729, 16.002543824041958 ], [ -97.632000418540713, 16.002811289577881 ], [ -97.631581666536931, 16.00306960090267 ], [ -97.631295386817186, 16.00317115164626 ], [ -97.630378166415866, 16.003386741867725 ], [ -97.630129197557352, 16.003412269011669 ], [ -97.629959413633912, 16.003370564669314 ], [ -97.629884564448716, 16.003315807777533 ], [ -97.629843232740299, 16.003210475058729 ], [ -97.629732543006952, 16.00265617913675 ], [ -97.629677495942886, 16.002506697675688 ], [ -97.629531299207542, 16.00236341341693 ], [ -97.629377493808335, 16.002308202999792 ], [ -97.628805932356386, 16.00219383780345 ], [ -97.6285780928729, 16.002204246137804 ], [ -97.628086402499207, 16.002367183731863 ], [ -97.627611826330181, 16.002589542631135 ], [ -97.62588881974763, 16.003464271476428 ], [ -97.625351008275345, 16.003648993597782 ], [ -97.624807961100686, 16.003751361409719 ], [ -97.624208318364552, 16.003758554262806 ], [ -97.623266253809746, 16.003677953796323 ], [ -97.619949845574766, 16.003213803609572 ], [ -97.619023764331246, 16.003102783685563 ], [ -97.61866327796389, 16.003083450937822 ], [ -97.618295413076353, 16.00304476732698 ], [ -97.618143413615272, 16.003029468059122 ], [ -97.617925733261586, 16.003027936107816 ], [ -97.617352655558662, 16.003134965969146 ] ] ] ] } },
{ "type": "Feature", "properties": { "fid": 36.0, "cat": 28, "CLAVE_ACUI": "2019", "NOM_ACUIF": "CHACAHUA", "VULNERABIL": 5 }, "geometry": { "type": "MultiPolygon", "coordinates": [ [ [ [ -97.692765570455251, 15.973170058789135 ], [ -97.692804246289001, 15.974408626536635 ], [ -97.69252720267778, 15.975346991255583 ], [ -97.690530774161005, 15.977757279097309 ], [ -97.689103118362979, 15.978905564496293 ], [ -97.686665104257415, 15.980246528196862 ], [ -97.684024052667453, 15.981197547240361 ], [ -97.682124632941424, 15.981610744699269 ], [ -97.680359920836366, 15.981428185295306 ], [ -97.674830032877395, 15.979794305302937 ], [ -97.673305822033782, 15.979983764327173 ], [ -97.672706502409568, 15.980187960597583 ], [ -97.667335099579688, 15.982857360331044 ], [ -97.665685987014768, 15.983561202627223 ], [ -97.663791302123457, 15.984661213996986 ], [ -97.661311524898679, 15.985224274942599 ], [ -97.660862271791729, 15.985338982197524 ], [ -97.659458812114622, 15.985628517978046 ], [ -97.65842135980354, 15.985676280421524 ], [ -97.656923558914073, 15.986100792627516 ], [ -97.656171758914098, 15.98674688896781 ], [ -97.655710077336664, 15.987322486062174 ], [ -97.654967793423779, 15.987941520636161 ], [ -97.654356552707526, 15.988525217377505 ], [ -97.653639326210069, 15.989587304276199 ], [ -97.653045333671116, 15.991780008784751 ], [ -97.653415948513128, 15.993644321074909 ], [ -97.653981849795727, 15.994253464692843 ], [ -97.654715152762066, 15.994981159244684 ], [ -97.655189982911836, 15.995237217187094 ], [ -97.65582311189057, 15.995575613474337 ], [ -97.656655115985956, 15.995517544317485 ], [ -97.657434678713528, 15.994916816412079 ], [ -97.658018806154956, 15.994197360672505 ], [ -97.659629753342628, 15.993628929968592 ], [ -97.661984926507202, 15.993553216740562 ], [ -97.664438497423234, 15.994137922969117 ], [ -97.665007315692392, 15.994313194596341 ], [ -97.665931611475102, 15.99442739988061 ], [ -97.666835543731906, 15.994794562125687 ], [ -97.668947261743483, 15.994798612471342 ], [ -97.671127432883253, 15.994342084414351 ], [ -97.672833219549062, 15.993557206186539 ], [ -97.673989094805336, 15.992561027983864 ], [ -97.674809426476614, 15.991436230322774 ], [ -97.67515347136947, 15.990272338518357 ], [ -97.675940755396411, 15.988487494680284 ], [ -97.676636979533612, 15.987759633424313 ], [ -97.677412772841691, 15.987719212875755 ], [ -97.678150361403397, 15.987805098783255 ], [ -97.67961370632743, 15.988356423134162 ], [ -97.683876236861067, 15.992368707653789 ], [ -97.685890078461512, 15.993049906993017 ], [ -97.68821699151394, 15.993009887722494 ], [ -97.689902139569938, 15.992513987335121 ], [ -97.690944220349408, 15.991761068404434 ], [ -97.692854473725276, 15.989693743642061 ], [ -97.694428794724914, 15.987552047817417 ], [ -97.697894169751805, 15.984843305761343 ], [ -97.698665403063842, 15.984061587122083 ], [ -97.701050487146077, 15.98223206277966 ], [ -97.702734913820677, 15.980380206070826 ], [ -97.703776070245567, 15.979753756309599 ], [ -97.704542317351567, 15.979740294634068 ], [ -97.705291838483532, 15.980874677263511 ], [ -97.705415375477287, 15.982005290605025 ], [ -97.703663104460787, 15.987137898428548 ], [ -97.70169195118217, 15.988527040693747 ], [ -97.700462412243454, 15.989378311093056 ], [ -97.699956109033906, 15.991092647422979 ], [ -97.700244708439982, 15.99125709345271 ], [ -97.702279496049229, 15.990148558632264 ], [ -97.704573636662076, 15.987938813980692 ], [ -97.706672668548165, 15.987002360569141 ], [ -97.707067588961692, 15.986616060521227 ], [ -97.707297695010155, 15.985704509143684 ], [ -97.707459960441298, 15.983716913079034 ], [ -97.707796259533566, 15.982272699907012 ], [ -97.708105280957454, 15.982166088826055 ], [ -97.709534093236343, 15.982283134497658 ], [ -97.709794659803279, 15.982447399292464 ], [ -97.710250565472165, 15.982748419929161 ], [ -97.711629223579891, 15.984862764670513 ], [ -97.712196910496559, 15.985218685233754 ], [ -97.712850366353834, 15.98531298751168 ], [ -97.713522914174504, 15.985344129212068 ], [ -97.714176255862299, 15.985456504805327 ], [ -97.714838075908943, 15.985704513879456 ], [ -97.715462062578339, 15.986024606884479 ], [ -97.716084321140855, 15.98661585746801 ], [ -97.716734901950943, 15.987162080568586 ], [ -97.717415590990811, 15.987383077905761 ], [ -97.718125003125152, 15.987495776537743 ], [ -97.718834991770024, 15.987518086378721 ], [ -97.719423860729123, 15.987485438547559 ], [ -97.720003673652357, 15.987407540189748 ], [ -97.720705813392541, 15.987194783128775 ], [ -97.721408066680468, 15.986963946341186 ], [ -97.722258263963838, 15.986978039492122 ], [ -97.723040992304533, 15.987317132831794 ], [ -97.723617019736224, 15.987835776640468 ], [ -97.724089640784655, 15.988453234520534 ], [ -97.724893247908156, 15.98992232186218 ], [ -97.725373903887302, 15.990747722298225 ], [ -97.726053299795169, 15.99117658326087 ], [ -97.727110564503207, 15.990956871080119 ], [ -97.727756020463474, 15.990843184910826 ], [ -97.728392075046017, 15.990738480159324 ], [ -97.729001811389793, 15.99036244722117 ], [ -97.729332892385926, 15.989722633824149 ], [ -97.72933791619603, 15.988927229433164 ], [ -97.729109294151485, 15.988139483004787 ], [ -97.728897876044812, 15.987586852726816 ], [ -97.728639684456667, 15.987042984746372 ], [ -97.728306403747396, 15.986552906565105 ], [ -97.727842087899845, 15.986098208821904 ], [ -97.727349572406638, 15.985670460358923 ], [ -97.726913462496029, 15.985188810726536 ], [ -97.726505899548116, 15.984625978218977 ], [ -97.726098396032768, 15.984054106395931 ], [ -97.725404057047541, 15.983037622245513 ], [ -97.724829812628158, 15.982238784697431 ], [ -97.725410525117923, 15.982016251611125 ], [ -97.726176499419722, 15.982047906771683 ], [ -97.726932730737602, 15.982142774702655 ], [ -97.727576501008187, 15.982291208829922 ], [ -97.728210643531156, 15.982484779285777 ], [ -97.728919134104515, 15.982742060574312 ], [ -97.729608768882272, 15.983026345346532 ], [ -97.730307863113026, 15.983292605814377 ], [ -97.730988728617646, 15.983486444291898 ], [ -97.731669937362057, 15.983626048508983 ], [ -97.732370004701295, 15.983738644680566 ], [ -97.732640107973992, 15.983875822228928 ], [ -97.734456492377547, 15.984772345412432 ], [ -97.735772436083508, 15.985015101217218 ], [ -97.738215765537205, 15.985770654486455 ], [ -97.739523567495453, 15.985823520058789 ], [ -97.742934527238219, 15.987244543326625 ], [ -97.745032541687195, 15.987943768775972 ], [ -97.746046486207248, 15.988672810768957 ], [ -97.74808470367077, 15.991477764488907 ], [ -97.748707868254343, 15.991942385940741 ], [ -97.749407247407419, 15.992172433094881 ], [ -97.749909097284274, 15.991108740541224 ], [ -97.750444112835467, 15.98771315480295 ], [ -97.750615721254391, 15.987162767704641 ], [ -97.751470024536715, 15.986516915646936 ], [ -97.752133808656438, 15.986457495326707 ], [ -97.753488118970523, 15.986546702730124 ], [ -97.754747149564921, 15.986933640219705 ], [ -97.755877331237727, 15.987003456463556 ], [ -97.756034886881295, 15.987212267471689 ], [ -97.756483044214164, 15.987269094512218 ], [ -97.758058597756829, 15.987847664986749 ], [ -97.758997565597099, 15.988621411346426 ], [ -97.760191647138953, 15.99045420178135 ], [ -97.760880802612334, 15.990828779013722 ], [ -97.761208502815407, 15.99072219831158 ], [ -97.762926529187752, 15.989412380072187 ], [ -97.7645928200848, 15.988915770762437 ], [ -97.764925477212429, 15.988473118140334 ], [ -97.766622600121664, 15.988952718145544 ], [ -97.767570880615224, 15.989168304172725 ], [ -97.768796680779502, 15.989270232908755 ], [ -97.769599541112242, 15.989200260217201 ], [ -97.772120416211507, 15.988771778028589 ], [ -97.772923522395203, 15.988661120184045 ], [ -97.774150481038248, 15.988573213216595 ], [ -97.775100173626839, 15.988558288708127 ], [ -97.778305116581606, 15.988576523279045 ], [ -97.779223027892201, 15.988602073955501 ], [ -97.78030166944103, 15.988703101622146 ], [ -97.780924674918097, 15.98882187800937 ], [ -97.782753397021835, 15.989275134280904 ], [ -97.78323932089971, 15.989464307614181 ], [ -97.78355601797692, 15.989783195250151 ], [ -97.783441159236276, 15.990234504371085 ], [ -97.782914459596071, 15.990800991394899 ], [ -97.782611353629733, 15.991477213438916 ], [ -97.78237162836345, 15.9924882434526 ], [ -97.782365445041123, 15.993509635299301 ], [ -97.782426420558963, 15.994242153926978 ], [ -97.782740322143667, 15.994968195921459 ], [ -97.783601384869215, 15.996091669316899 ], [ -97.784598820214597, 15.998615853847598 ], [ -97.784952672419166, 15.999034979983962 ], [ -97.760439096176484, 16.014235422024985 ], [ -97.754322134095418, 16.018028443763626 ], [ -97.753043277855454, 16.01547937290529 ], [ -97.752382175709272, 16.01416163588171 ], [ -97.751949785717798, 16.013249051813073 ], [ -97.751516054406949, 16.011989039217124 ], [ -97.751328826274673, 16.011101605759386 ], [ -97.750888829121891, 16.008220262143681 ], [ -97.750737894806207, 16.007414386500127 ], [ -97.750473527261747, 16.006534977432516 ], [ -97.750246793643811, 16.006084554317457 ], [ -97.749453075385887, 16.004861987542064 ], [ -97.749183536080807, 16.004533335002357 ], [ -97.748719399488152, 16.004222190819707 ], [ -97.748325886209372, 16.004106351325976 ], [ -97.746953628900442, 16.003876906565797 ], [ -97.746460407226252, 16.003735061195371 ], [ -97.745530963665047, 16.003302563805299 ], [ -97.744696411662716, 16.002826554149504 ], [ -97.741731309855112, 16.001037652687202 ], [ -97.740864921559236, 16.000612284643577 ], [ -97.739786846292304, 16.000416154773454 ], [ -97.739113123080898, 16.000561338192053 ], [ -97.737047145016675, 16.00143498098825 ], [ -97.73644149166681, 16.001621229180468 ], [ -97.735681097734911, 16.001616755872398 ], [ -97.735550624475763, 16.001564461061101 ], [ -97.735105798135521, 16.001526938720083 ], [ -97.734496068962372, 16.001247108169885 ], [ -97.733256232561416, 16.000414235789076 ], [ -97.733063737536696, 16.00028492413254 ], [ -97.732789101004897, 16.000014021990516 ], [ -97.732590511272818, 15.999831515311259 ], [ -97.731906504601469, 15.999384592054696 ], [ -97.731491194979483, 15.999116634146718 ], [ -97.731551633818881, 15.998979153475313 ], [ -97.731553729507979, 15.998647000171937 ], [ -97.731528218894837, 15.998524829539054 ], [ -97.731407073871836, 15.998286853196662 ], [ -97.730692085031279, 15.997290653533563 ], [ -97.730407972059979, 15.997056798272233 ], [ -97.729649545842818, 15.996743876966757 ], [ -97.728850193842604, 15.996530699647431 ], [ -97.72587832325452, 15.995848770892534 ], [ -97.725052925465704, 15.995599836403139 ], [ -97.724172928304469, 15.995120092954251 ], [ -97.723741186953163, 15.994683681597083 ], [ -97.722269142420188, 15.992711321936214 ], [ -97.721830057762801, 15.99232909460437 ], [ -97.721540049583965, 15.992198571420946 ], [ -97.720625763142991, 15.991971688769121 ], [ -97.720282485819752, 15.991952698289655 ], [ -97.719594809519748, 15.992090959598228 ], [ -97.718955690978007, 15.992307464990315 ], [ -97.716660803452669, 15.993179547753449 ], [ -97.716026577767025, 15.993451998769338 ], [ -97.715361754986787, 15.99385136851032 ], [ -97.715046234410934, 15.994149446940705 ], [ -97.714238624455305, 15.995141108998691 ], [ -97.714017642645771, 15.995449919466987 ], [ -97.713794008438754, 15.99589937498204 ], [ -97.713695513091878, 15.996232643996485 ], [ -97.713459501137237, 15.997338443738998 ], [ -97.713439877331055, 15.99766710054419 ], [ -97.713584313711792, 15.99809503285768 ], [ -97.713810275824514, 15.998377707774134 ], [ -97.714720333864108, 15.999268923086793 ], [ -97.714956941014705, 15.999531324076449 ], [ -97.715151045155082, 15.999864648657368 ], [ -97.715191729172872, 16.000078425824171 ], [ -97.715803575144704, 16.001492495881731 ], [ -97.716199790108391, 16.0021785526034 ], [ -97.716710197280236, 16.002917107799032 ], [ -97.716980410227805, 16.003222640432554 ], [ -97.717163478816261, 16.003364394954627 ], [ -97.717847461913578, 16.003811363603102 ], [ -97.718032629659334, 16.003898899119456 ], [ -97.718375278384613, 16.004019573656258 ], [ -97.71862040592481, 16.004046456675599 ], [ -97.71942168561263, 16.004051234730095 ], [ -97.719561527270756, 16.004102909762835 ], [ -97.71941284160215, 16.004339283593556 ], [ -97.717134331213003, 16.006009104299871 ], [ -97.716628280445775, 16.006233172919199 ], [ -97.716310763039459, 16.006292285222873 ], [ -97.715395005755823, 16.006286810340711 ], [ -97.715029531488085, 16.006447316642252 ], [ -97.71423973837453, 16.007201821242106 ], [ -97.713476931208717, 16.008119176420138 ], [ -97.710706900844386, 16.011645638002324 ], [ -97.709891300013879, 16.012593165596442 ], [ -97.708855247918919, 16.013488522676134 ], [ -97.708190779197707, 16.013820077913863 ], [ -97.706125975528039, 16.014471969420754 ], [ -97.705514588506688, 16.014722489841958 ], [ -97.704726257645603, 16.015239704362031 ], [ -97.704211456798163, 16.015728062182557 ], [ -97.702597368736221, 16.017489843970406 ], [ -97.70212467493225, 16.017968282224047 ], [ -97.701532874275713, 16.018439219969064 ], [ -97.701160139909717, 16.018633550368083 ], [ -97.70001251240781, 16.019069484985515 ], [ -97.699639841415774, 16.019253644726017 ], [ -97.69904833891917, 16.019677125079721 ], [ -97.698576005220843, 16.020097936846888 ], [ -97.696963270256177, 16.021638237249338 ], [ -97.696417532851711, 16.022028093281058 ], [ -97.69548350687846, 16.022307127040197 ], [ -97.6946949233607, 16.022315889521408 ], [ -97.691948899954937, 16.022077728881445 ], [ -97.691128977384395, 16.022055782744012 ], [ -97.69004868919265, 16.022191545755572 ], [ -97.689325341380041, 16.022407439529477 ], [ -97.687029995971557, 16.023279168311092 ], [ -97.686369788036089, 16.023485269762848 ], [ -97.685584173891399, 16.02357536183295 ], [ -97.685122077303831, 16.023497964330961 ], [ -97.683751245116923, 16.023046680647528 ], [ -97.683268391045445, 16.022928479356004 ], [ -97.682385900822041, 16.022828159897493 ], [ -97.681608054378884, 16.022803046180549 ], [ -97.678860595817284, 16.022786149115266 ], [ -97.678103509601328, 16.022801823064636 ], [ -97.67731789687052, 16.022891884790177 ], [ -97.676952678792063, 16.023004872171601 ], [ -97.676033938494541, 16.023442084089847 ], [ -97.675752959050428, 16.023535252784651 ], [ -97.675360464268238, 16.023532830255569 ], [ -97.675080737331044, 16.023436200841601 ], [ -97.674167842317502, 16.022987684357915 ], [ -97.673835685115179, 16.022870393231774 ], [ -97.673198511037128, 16.022771552188985 ], [ -97.672620419419559, 16.022747640923416 ], [ -97.670559833272691, 16.022734885176035 ], [ -97.669823707955786, 16.022760827817329 ], [ -97.668449040809122, 16.022894655795696 ], [ -97.667221354660086, 16.023059892035793 ], [ -97.662866807919357, 16.023697116981772 ], [ -97.661386933388002, 16.023840411360155 ], [ -97.65883541253082, 16.023871930015659 ], [ -97.65667026167749, 16.023773652665007 ], [ -97.649117779747499, 16.023283365092027 ], [ -97.647089866740203, 16.023104511493266 ], [ -97.645178723855409, 16.022760298637731 ], [ -97.644476430328723, 16.022447433828596 ], [ -97.643110207970309, 16.021331616305471 ], [ -97.642670610015699, 16.021040742874963 ], [ -97.641985366999634, 16.020799154440603 ], [ -97.641841299411709, 16.020784661878391 ], [ -97.642338920967006, 16.020591429970583 ], [ -97.642920432091302, 16.020278752439129 ], [ -97.643747345844261, 16.0196060747868 ], [ -97.643628185267147, 16.019261849799765 ], [ -97.643030187925945, 16.019249030943307 ], [ -97.642347172123877, 16.019371253587209 ], [ -97.641881956493137, 16.019070032096213 ], [ -97.641558134794622, 16.01858893009484 ], [ -97.641281465718492, 16.018044855097592 ], [ -97.640957708157373, 16.017554714043321 ], [ -97.640484561702308, 16.01704554899214 ], [ -97.639973794684039, 16.016572299586052 ], [ -97.639434751639882, 16.016135024789527 ], [ -97.638867432501968, 16.0157337243859 ], [ -97.63831770152747, 16.01549523117432 ], [ -97.637701457190872, 16.015419011494327 ], [ -97.63705650536734, 16.015442033697116 ], [ -97.636706014870441, 16.015468441735642 ], [ -97.636351407075907, 16.015200976042482 ], [ -97.636083677157629, 16.014890846233008 ], [ -97.635953846172058, 16.014657852262385 ], [ -97.635615699127626, 16.013880676811421 ], [ -97.635485731106556, 16.013668017729653 ], [ -97.63521735960903, 16.013452784186473 ], [ -97.634963939774238, 16.013357966590952 ], [ -97.634049686461211, 16.013130715931144 ], [ -97.633775242641249, 16.013035763243231 ], [ -97.633408757186174, 16.012819903283837 ], [ -97.633159650568317, 16.012606484668758 ], [ -97.632363641726513, 16.011826389902676 ], [ -97.632146282503513, 16.011582668527684 ], [ -97.631927945004222, 16.01122539830563 ], [ -97.631833393262156, 16.0109587337816 ], [ -97.631610489857195, 16.010071569572723 ], [ -97.631510648161083, 16.009809955229255 ], [ -97.631267623117552, 16.009476252457585 ], [ -97.63102028643398, 16.009261148372616 ], [ -97.63010907691914, 16.008591030130798 ], [ -97.629938361903314, 16.008422166053638 ], [ -97.629777117752198, 16.008207343383688 ], [ -97.629609680813232, 16.007880663027631 ], [ -97.629459039562704, 16.007509677153156 ], [ -97.629320633332711, 16.007273678563017 ], [ -97.629123129147189, 16.007020478233322 ], [ -97.628931134027056, 16.00679880494587 ], [ -97.628557685530637, 16.006392755653458 ], [ -97.627997479031123, 16.005811298364602 ], [ -97.627314738936576, 16.005213804848349 ], [ -97.626899600689597, 16.004941700411006 ], [ -97.626275852669437, 16.004607430528878 ], [ -97.625730458847329, 16.004285251623742 ], [ -97.625550560069925, 16.004160368512469 ], [ -97.625447272204781, 16.004088667580735 ], [ -97.625279504999696, 16.003991969502493 ], [ -97.625164512355767, 16.003933915652315 ], [ -97.624943052456089, 16.003820745556038 ], [ -97.624807961100686, 16.003751361409719 ], [ -97.625351008275345, 16.003648993597782 ], [ -97.62588881974763, 16.003464271476428 ], [ -97.627611826330181, 16.002589542631135 ], [ -97.628086402499207, 16.002367183731863 ], [ -97.6285780928729, 16.002204246137804 ], [ -97.628805932356386, 16.00219383780345 ], [ -97.629377493808335, 16.002308202999792 ], [ -97.629531299207542, 16.00236341341693 ], [ -97.629677495942886, 16.002506697675688 ], [ -97.629732543006952, 16.00265617913675 ], [ -97.629843232740299, 16.003210475058729 ], [ -97.629884564448716, 16.003315807777533 ], [ -97.629959413633912, 16.003370564669314 ], [ -97.630129197557352, 16.003412269011669 ], [ -97.630378166415866, 16.003386741867725 ], [ -97.631295386817186, 16.00317115164626 ], [ -97.631581666536931, 16.00306960090267 ], [ -97.632000418540713, 16.002811289577881 ], [ -97.632312355492729, 16.002543824041958 ], [ -97.633349303697457, 16.001553959839772 ], [ -97.633608815625067, 16.001265822653302 ], [ -97.633782928881345, 16.000911050106346 ], [ -97.633772150819851, 16.000692369688117 ], [ -97.633547741144298, 16.000026633641856 ], [ -97.633547544250774, 15.99979785251376 ], [ -97.633771033714964, 15.99939594319974 ], [ -97.634090500347924, 15.999050567683319 ], [ -97.635357846487736, 15.997840719439388 ], [ -97.635951095453635, 15.997425903127159 ], [ -97.637452247554762, 15.996699940344872 ], [ -97.639003496105957, 15.996077658351407 ], [ -97.644741441113709, 15.993899546258847 ], [ -97.6462820006969, 15.993297477092913 ], [ -97.647733397593981, 15.992666025805356 ], [ -97.648266268054684, 15.99236603049016 ], [ -97.649301600415612, 15.991597506609654 ], [ -97.649571133383716, 15.991377197371058 ], [ -97.649793625889544, 15.991117614731751 ], [ -97.64984193978502, 15.990967091942471 ], [ -97.649844912422225, 15.990524235057475 ], [ -97.649793333602759, 15.990378168902632 ], [ -97.649549660215712, 15.99013938359923 ], [ -97.649253134643757, 15.98994432758626 ], [ -97.648113026490236, 15.989272848298651 ], [ -97.647811350534639, 15.989062506000735 ], [ -97.647527968809641, 15.988737040449838 ], [ -97.647462855516608, 15.988519712341985 ], [ -97.647353609955246, 15.987743993351886 ], [ -97.64726218478593, 15.987531583699132 ], [ -97.646944779617272, 15.987316057415009 ], [ -97.646582769011886, 15.987220571903601 ], [ -97.645210793261427, 15.986990494217027 ], [ -97.644790527502295, 15.986960731028386 ], [ -97.644201260466701, 15.987051918000954 ], [ -97.643779715490822, 15.987211948234894 ], [ -97.642401767765961, 15.987867564218581 ], [ -97.641953804487969, 15.988047759894375 ], [ -97.641241261346835, 15.988233061375395 ], [ -97.640671306176415, 15.988317581633185 ], [ -97.638724057626675, 15.988526698615591 ], [ -97.638255265798023, 15.988418660407065 ], [ -97.638014821651296, 15.987705375911585 ], [ -97.638140120095116, 15.986794436905639 ], [ -97.638965268794578, 15.983256668841532 ], [ -97.639264195317111, 15.982316322904872 ], [ -97.639834054619627, 15.981465812723043 ], [ -97.640349214335501, 15.981191143571897 ], [ -97.642183432703121, 15.980759855685141 ], [ -97.642965517924651, 15.980649553430261 ], [ -97.644781034478598, 15.980566097962551 ], [ -97.646592545801553, 15.98055716761324 ], [ -97.653230760818744, 15.980598833200558 ], [ -97.655042277914745, 15.98058983165908 ], [ -97.656857797301981, 15.980506273796493 ], [ -97.657639877869926, 15.980395917470974 ], [ -97.659474063910338, 15.97996447865054 ], [ -97.660004083084161, 15.979822038177096 ], [ -97.660643323081231, 15.979588763436833 ], [ -97.661026503874481, 15.9793979548117 ], [ -97.66217543737325, 15.978740786428395 ], [ -97.662663858805274, 15.978530292873414 ], [ -97.66379422773133, 15.97820515831612 ], [ -97.664920617827093, 15.977951169740876 ], [ -97.669046720275276, 15.977090978330423 ], [ -97.670241856271133, 15.976771293274423 ], [ -97.671693067685936, 15.976139664432241 ], [ -97.672571089468505, 15.975557025068406 ], [ -97.675217285399299, 15.973469654073002 ], [ -97.675905961235188, 15.972906170022386 ], [ -97.676473616801388, 15.972363970237506 ], [ -97.676595880494204, 15.972152885233784 ], [ -97.676598790626869, 15.971710022722304 ], [ -97.676631213089863, 15.971574646460558 ], [ -97.676779607667285, 15.971385753018392 ], [ -97.676959177300944, 15.971251281369799 ], [ -97.677648772757124, 15.970812639038501 ], [ -97.677861660059861, 15.970625441019923 ], [ -97.678037049896915, 15.970374403284797 ], [ -97.679124763187318, 15.968424187521281 ], [ -97.680270002555531, 15.969487265978701 ], [ -97.682439296067841, 15.970648497126183 ], [ -97.685498996030503, 15.971381281504609 ], [ -97.688237615612437, 15.971208175481554 ], [ -97.691149396404313, 15.971704967741404 ], [ -97.692331627575172, 15.972371996665968 ], [ -97.692765570455251, 15.973170058789135 ] ], [ [ -97.642811579212434, 16.012628168732359 ], [ -97.643492416636136, 16.013518218581883 ], [ -97.643806238123744, 16.013750676204733 ], [ -97.644589898456829, 16.013945427998966 ], [ -97.645395591623014, 16.013991185024615 ], [ -97.64837183407532, 16.014009942652827 ], [ -97.64914131658854, 16.013969029397646 ], [ -97.649755989431256, 16.013759367146374 ], [ -97.649864610796399, 16.013500765195161 ], [ -97.649756838766137, 16.012503619434323 ], [ -97.649749957956615, 16.012223955020506 ], [ -97.649825618973523, 16.011916000188858 ], [ -97.649940586800284, 16.011755729067527 ], [ -97.650401441246501, 16.011315751326372 ], [ -97.650521562044418, 16.01117076428346 ], [ -97.650621272392442, 16.010934136487691 ], [ -97.650643595049658, 16.010741083884788 ], [ -97.650648057128834, 16.010076799550177 ], [ -97.650512795584532, 16.009867504634474 ], [ -97.649877114363079, 16.009555078332117 ], [ -97.649104261371704, 16.009318047765962 ], [ -97.646133310182677, 16.008524308581595 ], [ -97.645354867645395, 16.008338069992881 ], [ -97.644693071240894, 16.008262718446346 ], [ -97.644526088826353, 16.008341314156397 ], [ -97.644408633201451, 16.008783446824832 ], [ -97.644357045966601, 16.008898358813859 ], [ -97.644233761452924, 16.0089924821193 ], [ -97.644109227992146, 16.009012031947574 ], [ -97.643651356481286, 16.009009140630692 ], [ -97.643484601926176, 16.009053843484402 ], [ -97.643164285059441, 16.009265348386659 ], [ -97.642873443516024, 16.009522795119501 ], [ -97.641836494043503, 16.010512705054069 ], [ -97.641566536367378, 16.010790617851704 ], [ -97.641343689126089, 16.011097637702811 ], [ -97.641295294164578, 16.01125832501971 ], [ -97.641292298620826, 16.011701179480308 ], [ -97.641317765994103, 16.01182166210295 ], [ -97.641439609424708, 16.01194105985676 ], [ -97.641588204143375, 16.011991145372768 ], [ -97.642159803113628, 16.012105479168621 ], [ -97.642339798262228, 16.012176098783335 ], [ -97.64260817653836, 16.01239132390452 ], [ -97.642811579212434, 16.012628168732359 ] ], [ [ -97.645918005286688, 16.003033342739172 ], [ -97.647064141855353, 16.002819126567502 ], [ -97.647435818410074, 16.002784184127552 ], [ -97.648024173881481, 16.00283533844522 ], [ -97.648493005704367, 16.002943358199271 ], [ -97.650092536733553, 16.003396290124176 ], [ -97.650529561943998, 16.003544777934994 ], [ -97.650969477643812, 16.003784795534024 ], [ -97.651160903143278, 16.003979190599242 ], [ -97.65161430753777, 16.004646350007228 ], [ -97.651795426930065, 16.004810175733024 ], [ -97.652187244864351, 16.004907536427222 ], [ -97.652565865092811, 16.004882796946482 ], [ -97.653940939952122, 16.004669980274894 ], [ -97.65433014002582, 16.004635135866035 ], [ -97.654771333697695, 16.004685350240127 ], [ -97.655012410596512, 16.004791929863323 ], [ -97.655696244181186, 16.005239086412665 ], [ -97.655942544401327, 16.005350781791432 ], [ -97.656408110194221, 16.005424870937524 ], [ -97.656826903751778, 16.005419016723469 ], [ -97.658315707233569, 16.005317602171495 ], [ -97.658672174000728, 16.005199506148461 ], [ -97.658846881984957, 16.004749812130086 ], [ -97.658739998755479, 16.00422548862797 ], [ -97.658066510135399, 16.002228338889488 ], [ -97.657844201076486, 16.001672789834309 ], [ -97.657480241424466, 16.001077377901805 ], [ -97.657182607910528, 16.000782338320978 ], [ -97.656157614843593, 16.000000896536836 ], [ -97.655859373016455, 15.999797364208773 ], [ -97.655492566355392, 15.999628990741675 ], [ -97.655266798225469, 15.99959198966479 ], [ -97.654580020009831, 15.999587690461258 ], [ -97.654380702088275, 15.99952543391116 ], [ -97.654137330290638, 15.99923920373973 ], [ -97.653988974499612, 15.998892560131402 ], [ -97.653540022077792, 15.997561119880173 ], [ -97.653312898101902, 15.997203814303598 ], [ -97.652701936715459, 15.996867827954818 ], [ -97.652056258851857, 15.996745151595148 ], [ -97.649654060332978, 15.996508633183659 ], [ -97.649002583819581, 15.9964672558402 ], [ -97.64836455377781, 15.99651069486619 ], [ -97.64810455822834, 15.996614129337125 ], [ -97.647529274281553, 15.997053384608844 ], [ -97.647327023886376, 15.997167349512882 ], [ -97.646958473976596, 15.99725993112323 ], [ -97.646634224670819, 15.997278225420519 ], [ -97.645489611685093, 15.997271013898841 ], [ -97.645133313286351, 15.997365364197341 ], [ -97.644615198668063, 15.997812879933155 ], [ -97.644231331747491, 15.998357837611211 ], [ -97.64295805195222, 16.000453452516311 ], [ -97.642694959375731, 16.001014421480967 ], [ -97.642740490730759, 16.001536667803204 ], [ -97.643068629973172, 16.001721765018647 ], [ -97.644554418559252, 16.002063299701256 ], [ -97.644940890675869, 16.002172501998849 ], [ -97.645258635420873, 16.002340583786715 ], [ -97.645326084037094, 16.002471498879888 ], [ -97.645323099105113, 16.002914354444176 ], [ -97.645374951177331, 16.003019751095987 ], [ -97.645619912589041, 16.003068746420709 ], [ -97.645918005286688, 16.003033342739172 ] ], [ [ -97.676876652518672, 16.005296492844401 ], [ -97.677738335690094, 16.004994478180237 ], [ -97.678125903800478, 16.004318949565434 ], [ -97.679227063617788, 16.003123554962364 ], [ -97.679543373834747, 16.001914292123484 ], [ -97.679164664962414, 16.001243088323484 ], [ -97.678614381273931, 16.001086043811352 ], [ -97.677371160099852, 16.001150704503708 ], [ -97.676437717329947, 16.001000334172204 ], [ -97.673949385141668, 15.999999755710208 ], [ -97.6735576598671, 15.999999980237787 ], [ -97.672970365608947, 15.999677351514762 ], [ -97.672383194297666, 15.999447753073932 ], [ -97.671805427988772, 15.999209172414414 ], [ -97.671171958630566, 15.998916012771474 ], [ -97.670529087661905, 15.998631832045259 ], [ -97.669829019723721, 15.998519033292602 ], [ -97.669124525297775, 15.999075078456199 ], [ -97.668479801562285, 15.999071084009877 ], [ -97.667955769150524, 15.999185340656245 ], [ -97.668418470514538, 15.999866120890431 ], [ -97.668585762066542, 16.000002740079726 ], [ -97.668731014244557, 16.00064539703607 ], [ -97.669499558358694, 16.001707701164491 ], [ -97.670357228693049, 16.002011292723562 ], [ -97.671441989519778, 16.003301518684296 ], [ -97.671349408646734, 16.004584460601119 ], [ -97.671432011685525, 16.004810942396343 ], [ -97.67306627474612, 16.004965666063701 ], [ -97.674618351647425, 16.004830627326783 ], [ -97.675552286509685, 16.004908698914626 ], [ -97.676016991598431, 16.005291195493694 ], [ -97.676876652518672, 16.005296492844401 ] ] ], [ [ [ -97.684933012085054, 15.967915923081389 ], [ -97.681186348560544, 15.966519086920142 ], [ -97.678772902295009, 15.965555203463996 ], [ -97.678140412529089, 15.96512649284036 ], [ -97.67755499274152, 15.964643836371069 ], [ -97.677070709613488, 15.964144369369903 ], [ -97.677181194447854, 15.964783041145349 ], [ -97.676901417372434, 15.964449625817824 ], [ -97.676672530270125, 15.963490279841253 ], [ -97.67708452482313, 15.963041122173316 ], [ -97.677816962087036, 15.962909521381889 ], [ -97.67867910158742, 15.962941943637507 ], [ -97.679103320918443, 15.962973756961839 ], [ -97.679480204671776, 15.963002020466593 ], [ -97.680693303818572, 15.963063050902992 ], [ -97.681288408407028, 15.963111685621916 ], [ -97.681934246636459, 15.963176898236734 ], [ -97.682054047858159, 15.963395107604835 ], [ -97.68211883262218, 15.963527493861745 ], [ -97.682162329505516, 15.963598921691487 ], [ -97.682249365907637, 15.963722456271066 ], [ -97.682326959473599, 15.963801981072162 ], [ -97.682443003145281, 15.963902605136781 ], [ -97.682579980897998, 15.963969343735023 ], [ -97.682804843157029, 15.964022693868005 ], [ -97.683043438049921, 15.9640800236433 ], [ -97.683349861831431, 15.964127426343774 ], [ -97.683797782065909, 15.96418225166304 ], [ -97.686314113312889, 15.964419061444806 ], [ -97.686989563471769, 15.964531642820296 ], [ -97.687625329133027, 15.964820229324522 ], [ -97.687858115426906, 15.965119915961527 ], [ -97.688308687390219, 15.96622986774414 ], [ -97.688551854175714, 15.966549953464311 ], [ -97.689236059434151, 15.966933734246732 ], [ -97.689970329657882, 15.967161904951599 ], [ -97.692712729966459, 15.967842901599166 ], [ -97.693678369649021, 15.968052128710646 ], [ -97.695442278837703, 15.968347537105 ], [ -97.696996510975993, 15.968560316207139 ], [ -97.702485710997877, 15.969257802175374 ], [ -97.704050668360921, 15.969440091114395 ], [ -97.705864575400994, 15.969593361036246 ], [ -97.706890911293357, 15.969630034489899 ], [ -97.709866571636454, 15.96964789155189 ], [ -97.71072474065123, 15.969683538695493 ], [ -97.711753867908499, 15.969832057010008 ], [ -97.711799972267016, 15.969845354986717 ], [ -97.712110859872581, 15.969891813811424 ], [ -97.713079866546749, 15.970128091428164 ], [ -97.716278794481795, 15.971032968030224 ], [ -97.717279280234777, 15.971279583480516 ], [ -97.718749268932555, 15.971525600680767 ], [ -97.723509769300705, 15.971873627153121 ], [ -97.725194336031961, 15.972066642612035 ], [ -97.726971967455995, 15.972344931842027 ], [ -97.728865168158052, 15.972712015087394 ], [ -97.735495000861562, 15.974079741747209 ], [ -97.737398749913339, 15.974446813906903 ], [ -97.737406215709015, 15.974447957801871 ], [ -97.739653021391149, 15.974792196855216 ], [ -97.740969655130868, 15.974918536063424 ], [ -97.7455944149808, 15.97523762675478 ], [ -97.746690072835463, 15.975498766314209 ], [ -97.747000339483648, 15.975751394123385 ], [ -97.747223735596179, 15.976638476415539 ], [ -97.747344994383312, 15.976859497982929 ], [ -97.747687471904328, 15.977003849459731 ], [ -97.7480554664984, 15.976989043794989 ], [ -97.74943029539034, 15.976775594062621 ], [ -97.749850908379187, 15.976750922712188 ], [ -97.750438941896945, 15.976849243988404 ], [ -97.750858377454378, 15.977014374354653 ], [ -97.752227715303377, 15.977686657483636 ], [ -97.752678561841464, 15.977872303527343 ], [ -97.753413169617886, 15.978066372060782 ], [ -97.754011762571423, 15.978157966150974 ], [ -97.756070591405404, 15.978391326406276 ], [ -97.756652635228548, 15.97860992307265 ], [ -97.757310010180404, 15.979396691324347 ], [ -97.757667074777331, 15.980302050196096 ], [ -97.75867601665847, 15.983740289003203 ], [ -97.758996083852765, 15.984681022206127 ], [ -97.759154368906621, 15.984991868388425 ], [ -97.758880436401228, 15.984887581526831 ], [ -97.757577983450361, 15.983967110064825 ], [ -97.755584902708563, 15.981406557904721 ], [ -97.754617391633246, 15.98072302496762 ], [ -97.753674503351178, 15.980591016018888 ], [ -97.752859734363426, 15.980893622730438 ], [ -97.752510727690407, 15.981424905617782 ], [ -97.752609134927582, 15.982130526071243 ], [ -97.753329405950538, 15.983508645578405 ], [ -97.753344677401302, 15.98406011916037 ], [ -97.752528324756568, 15.984615809086915 ], [ -97.750487354429495, 15.985263813082295 ], [ -97.749852446906047, 15.985187810115519 ], [ -97.748087832539213, 15.986470132615031 ], [ -97.747964735639897, 15.986731549218199 ], [ -97.746954000982186, 15.986987794573178 ], [ -97.745386539417083, 15.986617091058958 ], [ -97.738420601369199, 15.981415031690297 ], [ -97.738191552674706, 15.980690563501954 ], [ -97.7386775723771, 15.977683407315983 ], [ -97.738343883291577, 15.977256614725631 ], [ -97.737336646101923, 15.976961455411086 ], [ -97.735968191758104, 15.97764942633404 ], [ -97.735152053312333, 15.978355285809032 ], [ -97.734470604486091, 15.978944655312711 ], [ -97.733794644608409, 15.978886158266327 ], [ -97.733431998901452, 15.978885718169757 ], [ -97.733112413840502, 15.979002467196022 ], [ -97.733018509279844, 15.979169692088906 ], [ -97.73292875646581, 15.978955627910921 ], [ -97.732391275108625, 15.97862029511642 ], [ -97.731713198897793, 15.978355310755816 ], [ -97.729086339081505, 15.977454032119583 ], [ -97.728297263536973, 15.977290065227564 ], [ -97.72773227069591, 15.977429081623381 ], [ -97.727535523892399, 15.97779058892055 ], [ -97.727182361560551, 15.979338606791647 ], [ -97.727106040120162, 15.979772004338763 ], [ -97.727081629649405, 15.980304027715702 ], [ -97.725401885981114, 15.979446337088417 ], [ -97.723526800531289, 15.978488903376331 ], [ -97.722873817748564, 15.978322325359493 ], [ -97.720928739177637, 15.978581938920373 ], [ -97.719364077961387, 15.979259593768258 ], [ -97.717991622460076, 15.979097755378477 ], [ -97.717256053396184, 15.978695654366534 ], [ -97.715797150134918, 15.977439568758809 ], [ -97.713572387702598, 15.974678424316531 ], [ -97.712409154170047, 15.973948347407918 ], [ -97.710216081851982, 15.973546536441919 ], [ -97.7082374398083, 15.973218302862657 ], [ -97.70749959312424, 15.973177716187932 ], [ -97.706293215449961, 15.973351245762027 ], [ -97.705587395455993, 15.974142429818514 ], [ -97.705651041245687, 15.975869254781367 ], [ -97.70504357951701, 15.9758927161774 ], [ -97.703897139701738, 15.975460981607684 ], [ -97.702168339780087, 15.974058561123419 ], [ -97.701313350010992, 15.973348364060588 ], [ -97.700390750980716, 15.972981235722225 ], [ -97.697908566412622, 15.972505243680555 ], [ -97.692607537644236, 15.970168175031363 ], [ -97.690289642329148, 15.968861515744454 ], [ -97.68874255289002, 15.968273605027441 ], [ -97.686323267497258, 15.968195580140737 ], [ -97.684933012085054, 15.967915923081389 ] ] ], [ [ [ -97.784232622624003, 15.992284346389706 ], [ -97.784917117462911, 15.992667841237543 ], [ -97.785701242363089, 15.992801073402051 ], [ -97.788676001522276, 15.993039305169019 ], [ -97.789455028298477, 15.993147073817473 ], [ -97.79011572244795, 15.993411785954496 ], [ -97.790280543935538, 15.993682179767058 ], [ -97.790389016031227, 15.994679306543336 ], [ -97.790448747128352, 15.994944024560443 ], [ -97.790619019956395, 15.995182248505539 ], [ -97.790802535768862, 15.995257850294719 ], [ -97.79104744127531, 15.995255719877893 ], [ -97.789194507043405, 15.996404692150197 ], [ -97.787609199661262, 15.99738771367023 ], [ -97.787222842085271, 15.997627287279679 ], [ -97.785911842632444, 15.996664033988017 ], [ -97.784332831130669, 15.994696995158751 ], [ -97.784128615798025, 15.992443954118329 ], [ -97.784180799754296, 15.992244330312202 ], [ -97.784232622624003, 15.992284346389706 ] ] ] ] } },
{ "type": "Feature", "properties": { "fid": 37.0, "cat": 40, "CLAVE_ACUI": "2019", "NOM_ACUIF": "CHACAHUA", "VULNERABIL": 2 }, "geometry": { "type": "MultiPolygon", "coordinates": [ [ [ [ -97.620241582900576, 16.005975708923749 ], [ -97.619671539454885, 16.005639893700124 ], [ -97.619513014407204, 16.005506691719496 ], [ -97.61934327337066, 16.005220898471428 ], [ -97.619259311213426, 16.004945824451827 ], [ -97.619037229668777, 16.003947938915939 ], [ -97.618937395569617, 16.003688014682062 ], [ -97.618764918869431, 16.003535853190478 ], [ -97.618583707788076, 16.00345198003804 ], [ -97.618542815475521, 16.003386590150285 ], [ -97.61846022610888, 16.003288228549081 ], [ -97.61839880546087, 16.00321060654634 ], [ -97.618295413076353, 16.00304476732698 ], [ -97.61866327796389, 16.003083450937822 ], [ -97.619023764331246, 16.003102783685563 ], [ -97.619949845574766, 16.003213803609572 ], [ -97.621811092689981, 16.00347430222179 ], [ -97.622530981653625, 16.003575052830517 ], [ -97.623266253809746, 16.003677953796323 ], [ -97.624208318364552, 16.003758554262806 ], [ -97.624807961100686, 16.003751361409719 ], [ -97.624187047051421, 16.003965166490168 ], [ -97.623645806029174, 16.004198951643193 ], [ -97.62316027967006, 16.004483932214136 ], [ -97.621435720699722, 16.005580047912897 ], [ -97.620960804880042, 16.005849839191644 ], [ -97.620469100617839, 16.00601275810854 ], [ -97.620241582900576, 16.005975708923749 ] ] ] ] } },
{ "type": "Feature", "properties": { "fid": 38.0, "cat": 45, "CLAVE_ACUI": "2019", "NOM_ACUIF": "CHACAHUA", "VULNERABIL": 5 }, "geometry": { "type": "MultiPolygon", "coordinates": [ [ [ [ -97.617220486115926, 16.003459486114092 ], [ -97.617144661558612, 16.003489639929779 ], [ -97.617106453991255, 16.003506945524357 ], [ -97.61705887230849, 16.003533706841704 ], [ -97.617027938794791, 16.003556304279719 ], [ -97.616986206058684, 16.003524158702657 ], [ -97.616917313671493, 16.003476464866377 ], [ -97.616861219956363, 16.003431261338221 ], [ -97.616923070144665, 16.003419284051862 ], [ -97.616969360033636, 16.003401762904122 ], [ -97.617003142915308, 16.003378553244858 ], [ -97.617024143165239, 16.003351113729568 ], [ -97.617035344929974, 16.003321046123439 ], [ -97.617045127175359, 16.003281426855533 ], [ -97.617063307180032, 16.003236473589801 ], [ -97.617096625802134, 16.003208453274507 ], [ -97.617129902474872, 16.003195826586314 ], [ -97.61720350334339, 16.00316789905807 ], [ -97.617352655558662, 16.003134965969146 ], [ -97.617925733261586, 16.003027936107816 ], [ -97.618143413615272, 16.003029468059122 ], [ -97.618295413076353, 16.00304476732698 ], [ -97.61839880546087, 16.00321060654634 ], [ -97.61846022610888, 16.003288228549081 ], [ -97.618542815475521, 16.003386590150285 ], [ -97.618583707788076, 16.00345198003804 ], [ -97.618445115467537, 16.00342556688571 ], [ -97.618097053089912, 16.00342332815524 ], [ -97.617674152289936, 16.003420607046987 ], [ -97.617529407854178, 16.003419675862364 ], [ -97.617380998457634, 16.003431356658293 ], [ -97.617288192571991, 16.003441612284625 ], [ -97.617220486115926, 16.003459486114092 ] ] ] ] } },
{ "type": "Feature", "properties": { "fid": 39.0, "cat": 43, "CLAVE_ACUI": "2019", "NOM_ACUIF": "CHACAHUA", "VULNERABIL": 5 }, "geometry": { "type": "MultiPolygon", "coordinates": [ ] } },
{ "type": "Feature", "properties": { "fid": 40.0, "cat": 44, "CLAVE_ACUI": "2019", "NOM_ACUIF": "CHACAHUA", "VULNERABIL": 3 }, "geometry": { "type": "MultiPolygon", "coordinates": [ [ [ [ -97.720497609164497, 16.003666731334381 ], [ -97.719468445719485, 16.004250886736219 ], [ -97.719561527270756, 16.004102909762835 ], [ -97.71942168561263, 16.004051234730095 ], [ -97.71862040592481, 16.004046456675599 ], [ -97.718375278384613, 16.004019573656258 ], [ -97.718032629659334, 16.003898899119456 ], [ -97.717847461913578, 16.003811363603102 ], [ -97.717163478816261, 16.003364394954627 ], [ -97.716980410227805, 16.003222640432554 ], [ -97.716710197280236, 16.002917107799032 ], [ -97.716199790108391, 16.0021785526034 ], [ -97.715803575144704, 16.001492495881731 ], [ -97.715191729172872, 16.000078425824171 ], [ -97.715151045155082, 15.999864648657368 ], [ -97.714956941014705, 15.999531324076449 ], [ -97.714720333864108, 15.999268923086793 ], [ -97.713810275824514, 15.998377707774134 ], [ -97.713584313711792, 15.99809503285768 ], [ -97.713439877331055, 15.99766710054419 ], [ -97.713459501137237, 15.997338443738998 ], [ -97.713695513091878, 15.996232643996485 ], [ -97.713794008438754, 15.99589937498204 ], [ -97.714017642645771, 15.995449919466987 ], [ -97.714238624455305, 15.995141108998691 ], [ -97.715046234410934, 15.994149446940705 ], [ -97.715361754986787, 15.99385136851032 ], [ -97.716026577767025, 15.993451998769338 ], [ -97.716660803452669, 15.993179547753449 ], [ -97.718955690978007, 15.992307464990315 ], [ -97.719594809519748, 15.992090959598228 ], [ -97.720282485819752, 15.991952698289655 ], [ -97.720625763142991, 15.991971688769121 ], [ -97.721540049583965, 15.992198571420946 ], [ -97.721830057762801, 15.99232909460437 ], [ -97.722269142420188, 15.992711321936214 ], [ -97.723741186953163, 15.994683681597083 ], [ -97.724172928304469, 15.995120092954251 ], [ -97.725052925465704, 15.995599836403139 ], [ -97.72587832325452, 15.995848770892534 ], [ -97.728850193842604, 15.996530699647431 ], [ -97.729649545842818, 15.996743876966757 ], [ -97.730407972059979, 15.997056798272233 ], [ -97.730692085031279, 15.997290653533563 ], [ -97.731407073871836, 15.998286853196662 ], [ -97.731528218894837, 15.998524829539054 ], [ -97.731553729507979, 15.998647000171937 ], [ -97.731551633818881, 15.998979153475313 ], [ -97.731491194979483, 15.999116634146718 ], [ -97.73122264524514, 15.999192440971228 ], [ -97.730894554644124, 15.999263376536355 ], [ -97.729634026022978, 15.999477371584613 ], [ -97.729274751403693, 15.999492194430989 ], [ -97.728858666825346, 15.999347376812983 ], [ -97.728623535351559, 15.999125671978565 ], [ -97.727942342900391, 15.998235866410139 ], [ -97.727712534132976, 15.998004023892889 ], [ -97.727321282570173, 15.997811898402212 ], [ -97.726992160235568, 15.997769275693109 ], [ -97.725523287216305, 15.997775821788201 ], [ -97.72515491192668, 15.99784481497281 ], [ -97.72495288159061, 15.997930047033103 ], [ -97.724378447676287, 15.998258802836771 ], [ -97.724228719242973, 15.998385017881576 ], [ -97.724104421354411, 15.998645266580132 ], [ -97.724076581456302, 15.998890835480028 ], [ -97.724070959814199, 15.999776574997174 ], [ -97.724048472531919, 16.000006923174496 ], [ -97.723954442006942, 16.000191089077092 ], [ -97.723829756761432, 16.000236105956617 ], [ -97.723371890519601, 16.000233386030107 ], [ -97.723199706334185, 16.000308625234556 ], [ -97.722854045581656, 16.000662461642197 ], [ -97.722532427594771, 16.00109270263712 ], [ -97.721377193255236, 16.002746653174825 ], [ -97.721118610517166, 16.003182350849343 ], [ -97.721067137157334, 16.003561660865344 ], [ -97.721150708341526, 16.003609610432395 ], [ -97.720844906745143, 16.003607789788045 ], [ -97.720497609164497, 16.003666731334381 ] ] ] ] } },
{ "type": "Feature", "properties": { "fid": 41.0, "cat": 39, "CLAVE_ACUI": "2019", "NOM_ACUIF": "CHACAHUA", "VULNERABIL": 3 }, "geometry": null },
{ "type": "Feature", "properties": { "fid": 42.0, "cat": 38, "CLAVE_ACUI": "2019", "NOM_ACUIF": "CHACAHUA", "VULNERABIL": 2 }, "geometry": { "type": "MultiPolygon", "coordinates": [ [ [ [ -97.733824169638083, 16.002678015602513 ], [ -97.734286932611028, 16.003202717376226 ], [ -97.734752687619661, 16.003530847938446 ], [ -97.736463457378804, 16.004537415055935 ], [ -97.737003222327971, 16.004799882181342 ], [ -97.737811346053434, 16.005018167458161 ], [ -97.738426042675044, 16.005067536037476 ], [ -97.740486503058136, 16.00507962724426 ], [ -97.741033283509907, 16.00506249582077 ], [ -97.741524463941701, 16.004970469261199 ], [ -97.741679369662947, 16.00485613525337 ], [ -97.74191108216813, 16.004414603605074 ], [ -97.742034513315417, 16.004289916591787 ], [ -97.742378813211843, 16.00414957536109 ], [ -97.742747238993005, 16.004073774418185 ], [ -97.744122258304401, 16.003860372797952 ], [ -97.744495653530208, 16.003830355516442 ], [ -97.744863146838895, 16.003903681593489 ], [ -97.745014742280986, 16.004038450892306 ], [ -97.745354695273235, 16.004594048317994 ], [ -97.745432322781838, 16.004789395605208 ], [ -97.745454630419943, 16.005145419110391 ], [ -97.745408870695627, 16.005458676823697 ], [ -97.745173015811901, 16.006564522315102 ], [ -97.744927577944054, 16.006866444815209 ], [ -97.744018056448652, 16.007169568865056 ], [ -97.742964177693764, 16.007300676530573 ], [ -97.738955595816464, 16.007609344739549 ], [ -97.7377759443591, 16.007678677956036 ], [ -97.736279490472896, 16.007693604393463 ], [ -97.735321351603048, 16.007645596611528 ], [ -97.732346496621972, 16.007406615482473 ], [ -97.731562044630266, 16.007324026957576 ], [ -97.730876118142135, 16.007177618400057 ], [ -97.730803888989442, 16.007130844656711 ], [ -97.730757338992447, 16.007119295999747 ], [ -97.730443116680107, 16.006934409042209 ], [ -97.72975295490933, 16.006259768793889 ], [ -97.729551333506549, 16.00609194409164 ], [ -97.729257881884848, 16.005947851703294 ], [ -97.729047823683231, 16.005916103932492 ], [ -97.728361003547832, 16.005912038950711 ], [ -97.728161136365443, 16.00593119225196 ], [ -97.727915242735378, 16.006024640457269 ], [ -97.727763833179878, 16.006138984650324 ], [ -97.727303147787367, 16.006579142161261 ], [ -97.727120135300879, 16.006703466898326 ], [ -97.72672676334399, 16.006843491730447 ], [ -97.726347815878754, 16.006919202029064 ], [ -97.724972765265633, 16.007132486909303 ], [ -97.724578338358768, 16.007162344732397 ], [ -97.724112731696607, 16.00708840123918 ], [ -97.723842006608081, 16.006952910208483 ], [ -97.723044232028585, 16.006394561202111 ], [ -97.722836971701952, 16.006198436490401 ], [ -97.722667529006642, 16.005841538401601 ], [ -97.722632728055771, 16.005527808843095 ], [ -97.722639765636927, 16.00442063564946 ], [ -97.722599579328659, 16.00412721064718 ], [ -97.722405006277583, 16.003865067146084 ], [ -97.722167231190681, 16.003784001225881 ], [ -97.721252187692443, 16.003667834866576 ], [ -97.721067137157334, 16.003561660865344 ], [ -97.721118610517166, 16.003182350849343 ], [ -97.721377193255236, 16.002746653174825 ], [ -97.722532427594771, 16.00109270263712 ], [ -97.722854045581656, 16.000662461642197 ], [ -97.723199706334185, 16.000308625234556 ], [ -97.723371890519601, 16.000233386030107 ], [ -97.723829756761432, 16.000236105956617 ], [ -97.723951189349009, 16.000192263431444 ], [ -97.723951189349791, 16.000192263429955 ], [ -97.723954442006942, 16.000191089077092 ], [ -97.724048472531919, 16.000006923174496 ], [ -97.724070959814199, 15.999776574997174 ], [ -97.724076581456302, 15.998890835480028 ], [ -97.724104421354411, 15.998645266580132 ], [ -97.724228719242973, 15.998385017881576 ], [ -97.724378447676287, 15.998258802836771 ], [ -97.72495288159061, 15.997930047033103 ], [ -97.72515491192668, 15.99784481497281 ], [ -97.725523287216305, 15.997775821788201 ], [ -97.726992160235568, 15.997769275693109 ], [ -97.727321282570173, 15.997811898402212 ], [ -97.727712534132976, 15.998004023892889 ], [ -97.727942342900391, 15.998235866410139 ], [ -97.728623535351559, 15.999125671978565 ], [ -97.728858666825346, 15.999347376812983 ], [ -97.729274751403693, 15.999492194430989 ], [ -97.729634026022978, 15.999477371584613 ], [ -97.730894554644124, 15.999263376536355 ], [ -97.73122264524514, 15.999192440971228 ], [ -97.731491194979483, 15.999116634146718 ], [ -97.731906504601469, 15.999384592054696 ], [ -97.732590511272818, 15.999831515311259 ], [ -97.732789101004897, 16.000014021990516 ], [ -97.733063737536696, 16.00028492413254 ], [ -97.733256232561416, 16.000414235789076 ], [ -97.733131327291943, 16.000480394265583 ], [ -97.733180032747953, 16.000814541956686 ], [ -97.733628834011526, 16.002256572861498 ], [ -97.733824169638083, 16.002678015602513 ] ] ] ] } },
{ "type": "Feature", "properties": { "fid": 43.0, "cat": 46, "CLAVE_ACUI": "2019", "NOM_ACUIF": "CHACAHUA", "VULNERABIL": 4 }, "geometry": { "type": "MultiPolygon", "coordinates": [ ] } },
{ "type": "Feature", "properties": { "fid": 44.0, "cat": 36, "CLAVE_ACUI": "2019", "NOM_ACUIF": "CHACAHUA", "VULNERABIL": 2 }, "geometry": { "type": "MultiPolygon", "coordinates": [ [ [ [ -97.616991712647391, 16.003646687992415 ], [ -97.616918043321817, 16.003923854258655 ], [ -97.616890767268885, 16.004026475012807 ], [ -97.616812933171659, 16.004168044284228 ], [ -97.616735192075609, 16.004241604482072 ], [ -97.616663617332449, 16.00427852244033 ], [ -97.616400674193798, 16.004411125547268 ], [ -97.615977508809138, 16.004543971856648 ], [ -97.614371959964558, 16.004976490624813 ], [ -97.613901207734941, 16.005149697347949 ], [ -97.613309915176643, 16.005525483148613 ], [ -97.612935963227059, 16.005889113563018 ], [ -97.611782138640208, 16.007210266211004 ], [ -97.611460881976825, 16.007553898358736 ], [ -97.611115517562823, 16.007836366599925 ], [ -97.610943397355371, 16.007896260878038 ], [ -97.61048553477454, 16.007893299064108 ], [ -97.610335141931188, 16.007851654381184 ], [ -97.610091171471893, 16.007660274785685 ], [ -97.609893035410337, 16.007428520003135 ], [ -97.609212374199799, 16.006538376364261 ], [ -97.608977553587039, 16.006291131475702 ], [ -97.608562382385443, 16.0060274662595 ], [ -97.608204101223123, 16.005898046259205 ], [ -97.606947295915973, 16.005557747644822 ], [ -97.606615402597001, 16.005413244421621 ], [ -97.606323370063095, 16.005079198728428 ], [ -97.606238073815462, 16.00474649420573 ], [ -97.606132057015316, 16.003527918942343 ], [ -97.605894374477984, 16.003189141562224 ], [ -97.60489120810567, 16.002826753091487 ], [ -97.603695797444658, 16.002647827319773 ], [ -97.599120396371077, 16.002175173376454 ], [ -97.597898398775143, 16.002041797979114 ], [ -97.596771127669157, 16.001892088043778 ], [ -97.596489334005668, 16.001833688755973 ], [ -97.594562122289815, 16.000219167750178 ], [ -97.594299985206376, 15.999999562491382 ], [ -97.594226690262687, 15.999791195352904 ], [ -97.593122169180901, 15.999250987966599 ], [ -97.592597072042906, 15.998994169552581 ], [ -97.592074341354575, 15.998918436164841 ], [ -97.591232466255619, 15.998747743414942 ], [ -97.591698789583106, 15.998500121255535 ], [ -97.591994442912139, 15.998312258998908 ], [ -97.592524972465611, 15.998108988435858 ], [ -97.594646632536893, 15.997368648226734 ], [ -97.595214237858869, 15.99719905170338 ], [ -97.595901653459379, 15.997108644279471 ], [ -97.596195455453781, 15.997185128044229 ], [ -97.596879117999435, 15.997632459885393 ], [ -97.597067592808216, 15.997738758363482 ], [ -97.597263477527463, 15.997787487167088 ], [ -97.597354837828533, 15.997750801358086 ], [ -97.59758530080866, 15.997530872039208 ], [ -97.597687030656942, 15.997514589478813 ], [ -97.597931307496268, 15.997658533540204 ], [ -97.598178545038834, 15.997880450307511 ], [ -97.599088048071295, 15.998772115989164 ], [ -97.599377263969885, 15.9990044731009 ], [ -97.599817430785706, 15.999197142089283 ], [ -97.600157024208215, 15.999240026232647 ], [ -97.60130162651474, 15.999247480056349 ], [ -97.60168305501027, 15.999321137771991 ], [ -97.602318453342065, 15.99965742260911 ], [ -97.602844738309017, 16.000064171396168 ], [ -97.604665352484091, 16.001626040472782 ], [ -97.605244418274452, 16.002002623157967 ], [ -97.606126094985186, 16.002198145967192 ], [ -97.606806565038255, 16.002100880894606 ], [ -97.609100406172416, 16.001451440918611 ], [ -97.609812549081951, 16.001334035253919 ], [ -97.610842050260032, 16.001435594792092 ], [ -97.61160062571426, 16.001698085425993 ], [ -97.614111160667164, 16.00282146858515 ], [ -97.614801208748204, 16.003114010238232 ], [ -97.615510881089307, 16.003355836657725 ], [ -97.615834648980908, 16.003408762671107 ], [ -97.616598763045943, 16.003413684678563 ], [ -97.616688026601039, 16.003419479824569 ], [ -97.616806020329747, 16.003432054523465 ], [ -97.616861219956363, 16.003431261338221 ], [ -97.616917313671493, 16.003476464866377 ], [ -97.616986206058684, 16.003524158702657 ], [ -97.617027938794791, 16.003556304279719 ], [ -97.617002858270695, 16.003610006121722 ], [ -97.616991712647391, 16.003646687992415 ] ] ] ] } },
{ "type": "Feature", "properties": { "fid": 45.0, "cat": 37, "CLAVE_ACUI": "2019", "NOM_ACUIF": "CHACAHUA", "VULNERABIL": 2 }, "geometry": { "type": "MultiPolygon", "coordinates": [ [ [ [ -97.389827238059169, 15.995728910335451 ], [ -97.389219478302365, 15.995493902889432 ], [ -97.387166538353227, 15.994592844296445 ], [ -97.386537520306248, 15.994388171329154 ], [ -97.385655031101777, 15.994334098163471 ], [ -97.385023348527469, 15.994461523577257 ], [ -97.382957978180102, 15.9951102380245 ], [ -97.382325965015269, 15.995278320682427 ], [ -97.381441947114965, 15.995414002520484 ], [ -97.38081107833726, 15.995439751137674 ], [ -97.378751043829766, 15.995424219812426 ], [ -97.378183647707303, 15.995399604566646 ], [ -97.377595832713212, 15.995300275777742 ], [ -97.377323493179645, 15.995182993747187 ], [ -97.3766403918235, 15.994735006179139 ], [ -97.376399338391948, 15.994648460351021 ], [ -97.375957521750991, 15.994692567984035 ], [ -97.375567407913223, 15.994842124281092 ], [ -97.374188688332097, 15.995495940697262 ], [ -97.37376638297205, 15.995726585680455 ], [ -97.373174347782339, 15.996149117278925 ], [ -97.372750888037928, 15.99652208880712 ], [ -97.371366768213448, 15.997840085616387 ], [ -97.370943713514833, 15.998162221227464 ], [ -97.370353588513154, 15.998347529420521 ], [ -97.369933608893234, 15.998290119943244 ], [ -97.368563833791924, 15.997836896936619 ], [ -97.368197068460674, 15.997698552665058 ], [ -97.367855268218676, 15.997506173742741 ], [ -97.367733747154134, 15.997369691429554 ], [ -97.367508449236055, 15.996925153087748 ], [ -97.367397274012518, 15.99680908310852 ], [ -97.367103753854252, 15.996711961417153 ], [ -97.366795614553837, 15.996689285792487 ], [ -97.365651151544697, 15.996680584433149 ], [ -97.365163427051925, 15.996768376797705 ], [ -97.364031839446312, 15.997186775659735 ], [ -97.362903006011365, 15.997696691414586 ], [ -97.358766661445188, 15.999657850156037 ], [ -97.35764831341082, 16.000167815927597 ], [ -97.356565743381665, 16.000586547031158 ], [ -97.356137566993823, 16.00067477321565 ], [ -97.355221983283911, 16.000667765519086 ], [ -97.354889482870902, 16.000624552124474 ], [ -97.354253398562335, 16.000429898603471 ], [ -97.353677208194725, 16.000195034754803 ], [ -97.351624415401105, 15.999293647147898 ], [ -97.351005606484151, 15.999129617754074 ], [ -97.350170611706432, 15.999265543728981 ], [ -97.349596568277974, 15.999623753046638 ], [ -97.347752677351011, 16.001159461242342 ], [ -97.347178373696494, 16.001548161741464 ], [ -97.346342196537648, 16.001826398444557 ], [ -97.345721963323001, 16.001835178917418 ], [ -97.343663724185276, 16.001597908163859 ], [ -97.343001450303589, 16.001606356678547 ], [ -97.341969072405703, 16.001883062357066 ], [ -97.341156518130887, 16.002269906533535 ], [ -97.338396953486779, 16.003798452790818 ], [ -97.337668218195375, 16.004216431231683 ], [ -97.337027040612384, 16.004638473776311 ], [ -97.336227433184092, 16.00528379252653 ], [ -97.317006532933007, 15.974988549938995 ], [ -97.319561073704406, 15.974414637852211 ], [ -97.320000078218868, 15.974282509562126 ], [ -97.320443037507289, 15.974096188498754 ], [ -97.320636832183837, 15.973962144480405 ], [ -97.320957504221553, 15.973773501663722 ], [ -97.321471326965977, 15.973562475408141 ], [ -97.322078993626846, 15.973413821229361 ], [ -97.323350305736938, 15.973304393499779 ], [ -97.325487230106972, 15.973306348690086 ], [ -97.326321727958828, 15.97321795159497 ], [ -97.328651171409874, 15.972678014815873 ], [ -97.329586143455359, 15.972626873099836 ], [ -97.330044496939593, 15.97265155473707 ], [ -97.330950503897242, 15.972811086434586 ], [ -97.334149070933151, 15.973500105659816 ], [ -97.335196874191752, 15.973670884676997 ], [ -97.336918906761383, 15.973778480817689 ], [ -97.336920076221475, 15.973778466682889 ], [ -97.338256190225479, 15.973762313347088 ], [ -97.342949715933841, 15.973577100305699 ], [ -97.344170614548162, 15.973574638165269 ], [ -97.345174616008791, 15.973748421161392 ], [ -97.345388005069609, 15.973999150476752 ], [ -97.345379817544355, 15.97499544030874 ], [ -97.34541426015771, 15.975280377411259 ], [ -97.345583180543969, 15.975613794061612 ], [ -97.345790053055225, 15.975805166322214 ], [ -97.346586540182557, 15.976364818721342 ], [ -97.346867271179136, 15.976521173685464 ], [ -97.347380859853686, 15.976691178643438 ], [ -97.347833826981372, 15.976777687402954 ], [ -97.34943408727753, 15.977011383664619 ], [ -97.349824500856968, 15.977036407099678 ], [ -97.35004616748391, 15.976919493735725 ], [ -97.34997242047767, 15.976727451791112 ], [ -97.349406603869213, 15.97594816888135 ], [ -97.349249326048067, 15.975689401136306 ], [ -97.349081177310637, 15.975261101873398 ], [ -97.34899824252166, 15.97490801358572 ], [ -97.34877936302972, 15.973688567491093 ], [ -97.348648763183775, 15.973380864288576 ], [ -97.348258176094589, 15.973164361783475 ], [ -97.348634750255968, 15.973096084084478 ], [ -97.348929976195109, 15.972979736052883 ], [ -97.348895737967737, 15.972882887948908 ], [ -97.349177022120372, 15.97297146470018 ], [ -97.350034677961787, 15.973049211313057 ], [ -97.350978616734324, 15.973071697940316 ], [ -97.354526012038207, 15.973098855488814 ], [ -97.355544056802472, 15.973055803910407 ], [ -97.356747531658172, 15.972827770220793 ], [ -97.357448735134625, 15.972545061410361 ], [ -97.359517531660032, 15.971453778142756 ], [ -97.360192206301164, 15.971201358159389 ], [ -97.361271903967463, 15.971114691581567 ], [ -97.362139657082125, 15.971243301217338 ], [ -97.365109488836481, 15.971930125665812 ], [ -97.365935295557293, 15.972048234820459 ], [ -97.366819213345366, 15.971912607928125 ], [ -97.367256144118826, 15.971600747820556 ], [ -97.368411227771986, 15.970281025101547 ], [ -97.368785592688951, 15.969907685149902 ], [ -97.369377553194596, 15.969485158338252 ], [ -97.369848846475122, 15.969254888266203 ], [ -97.371456250350846, 15.968602814644095 ], [ -97.371959148490802, 15.968362611703398 ], [ -97.372698606323027, 15.967893744422424 ], [ -97.373252075494904, 15.967464136649431 ], [ -97.375095458971387, 15.965928158103956 ], [ -97.375679706493699, 15.965590278482283 ], [ -97.376562828284719, 15.96554949453922 ], [ -97.377240186647526, 15.965829111226364 ], [ -97.37951808994282, 15.967174762234301 ], [ -97.380142341689833, 15.967525139870416 ], [ -97.380777595016895, 15.967814596488054 ], [ -97.381060846255792, 15.967877729380641 ], [ -97.381747430999695, 15.967882892640946 ], [ -97.381973618473509, 15.967854092049915 ], [ -97.38231279949504, 15.967714303159083 ], [ -97.382583916868313, 15.967543501134456 ], [ -97.383678673338778, 15.966887478549584 ], [ -97.383932599935903, 15.966675877375264 ], [ -97.384082388509043, 15.966344878632155 ], [ -97.384042446095322, 15.966083624755804 ], [ -97.38418780352599, 15.96630500180769 ], [ -97.384529952349226, 15.966449908496152 ], [ -97.384747515627808, 15.966440806380279 ], [ -97.384735952832145, 15.966462751160973 ], [ -97.384743514668301, 15.966611924528754 ], [ -97.384853507014938, 15.967166288888079 ], [ -97.384896283300904, 15.967290386728637 ], [ -97.384913806769688, 15.967315552073369 ], [ -97.384936260372939, 15.967331427294255 ], [ -97.384956953447499, 15.967338200533669 ], [ -97.384997579277595, 15.96733693788034 ], [ -97.385027399137726, 15.967323492809363 ], [ -97.385114225587913, 15.967260968849056 ], [ -97.385436739614462, 15.966953767642172 ], [ -97.385526880250509, 15.966852773319786 ], [ -97.385601583322185, 15.966710994982583 ], [ -97.385618161419515, 15.966609448860019 ], [ -97.385620561960621, 15.966309898439754 ], [ -97.386133884651457, 15.966223579350803 ], [ -97.386193456585332, 15.966221333775495 ], [ -97.386193435019848, 15.966224025823029 ], [ -97.386709984929183, 15.966901182607938 ], [ -97.386856350062416, 15.966997172061626 ], [ -97.386961276575803, 15.967018292510126 ], [ -97.387304568455022, 15.967020864870497 ], [ -97.387378293780998, 15.967001083132278 ], [ -97.387379053381821, 15.966906196325136 ], [ -97.387306413277727, 15.966790425489034 ], [ -97.386967673899932, 15.966346367562393 ], [ -97.387322125265754, 15.966578164759623 ], [ -97.388344913645099, 15.967471488885076 ], [ -97.388658745887753, 15.967653456590542 ], [ -97.389100502346082, 15.967609317017526 ], [ -97.389174166028411, 15.967552423337597 ], [ -97.389133924308382, 15.967810649012767 ], [ -97.38929354461888, 15.968001628724522 ], [ -97.390090139994413, 15.968561128778024 ], [ -97.390318517436867, 15.968696703295022 ], [ -97.390587680825419, 15.968769885687918 ], [ -97.390743822203561, 15.968738857529791 ], [ -97.39120331788267, 15.968520876605563 ], [ -97.39140654668789, 15.968515617583272 ], [ -97.391895453285088, 15.968709056433093 ], [ -97.392390663708596, 15.968990655966472 ], [ -97.394212751325796, 15.970111340587664 ], [ -97.394750005372217, 15.970393248928657 ], [ -97.395435091365101, 15.970588143622386 ], [ -97.395876530298722, 15.970584656530692 ], [ -97.397251490495989, 15.970373484496685 ], [ -97.397667303457936, 15.970288466078362 ], [ -97.398232804437939, 15.970102890029889 ], [ -97.398624849703367, 15.969922799854306 ], [ -97.399219925164857, 15.969614515404215 ], [ -97.399651377496284, 15.969450699839141 ], [ -97.400030502620453, 15.969375193650297 ], [ -97.400781321342819, 15.969380774109892 ], [ -97.40123905234266, 15.96938417491018 ], [ -97.401637452478354, 15.969432886111308 ], [ -97.40200357837827, 15.969649114320831 ], [ -97.402178425718162, 15.969909673925056 ], [ -97.402628256045091, 15.970909390494604 ], [ -97.402684484361544, 15.971108066598678 ], [ -97.402386283413435, 15.971382059538863 ], [ -97.401461145648668, 15.972592982914916 ], [ -97.401220015552056, 15.97295890181582 ], [ -97.401019885825406, 15.973455602907684 ], [ -97.400975116912676, 15.973799257274347 ], [ -97.400966325288877, 15.974906276669431 ], [ -97.401000295748929, 15.975260683270941 ], [ -97.401167617077192, 15.975807561376588 ], [ -97.401372677716296, 15.976234409103911 ], [ -97.402162312008983, 15.977679485857996 ], [ -97.402430675983169, 15.978076301725892 ], [ -97.402893401605311, 15.97848303309145 ], [ -97.403286074028031, 15.978667261689701 ], [ -97.404655822765832, 15.979120259324295 ], [ -97.405064947555175, 15.979218186423592 ], [ -97.405604443727384, 15.979222186067078 ], [ -97.405966027121565, 15.979129972832736 ], [ -97.407113917326257, 15.978695641578501 ], [ -97.407438594896718, 15.97861840312174 ], [ -97.407805869589808, 15.978692291882485 ], [ -97.408005870636785, 15.978875086015531 ], [ -97.408571936535864, 15.97965423621252 ], [ -97.408644938442677, 15.979947928641666 ], [ -97.40841954464355, 15.980539343574902 ], [ -97.408024549542816, 15.981090528826153 ], [ -97.406406613987684, 15.983071302606007 ], [ -97.405985051463091, 15.983657871145876 ], [ -97.40563571328552, 15.984414426060896 ], [ -97.405558223012051, 15.984908651103817 ], [ -97.40554594082441, 15.986458480102137 ], [ -97.405574033204928, 15.986892485263759 ], [ -97.405717414338355, 15.987368013794377 ], [ -97.405894152476236, 15.987613335018297 ], [ -97.406575551718646, 15.988282637812922 ], [ -97.406752452713036, 15.988507625439015 ], [ -97.406896588988701, 15.988888265949079 ], [ -97.406925596668643, 15.989207050573356 ], [ -97.40691682885398, 15.990314071607818 ], [ -97.406888231386333, 15.990607011508089 ], [ -97.406763544558146, 15.990867043348134 ], [ -97.406614017997981, 15.990945577423323 ], [ -97.406040914141613, 15.991052037037292 ], [ -97.405727913587469, 15.991200527957568 ], [ -97.404840345443844, 15.991787024403417 ], [ -97.40388538645955, 15.992476381823801 ], [ -97.400316427125105, 15.995106847673171 ], [ -97.399434647015866, 15.99584247906501 ], [ -97.398888685002547, 15.996645000131414 ], [ -97.398990525077267, 15.997055831002223 ], [ -97.398656076494206, 15.996816107146094 ], [ -97.398116534983458, 15.996812085778574 ], [ -97.397680208469254, 15.997046064372819 ], [ -97.397623992686519, 15.996919121633663 ], [ -97.397725116007479, 15.996540305007439 ], [ -97.397576436760147, 15.996291797632653 ], [ -97.396781480968045, 15.995510911757226 ], [ -97.396511406320826, 15.99532758406389 ], [ -97.396046010281864, 15.995252941587363 ], [ -97.395651232813407, 15.995329636783783 ], [ -97.39427433060105, 15.99576218507265 ], [ -97.393842480844455, 15.995874184484622 ], [ -97.393204087085508, 15.995964304631892 ], [ -97.392723946121194, 15.995981048145296 ], [ -97.391121683109986, 15.995969058332053 ], [ -97.390610499288769, 15.995924562437137 ], [ -97.389827238059169, 15.995728910335451 ] ] ] ] } },
{ "type": "Feature", "properties": { "fid": 46.0, "cat": 47, "CLAVE_ACUI": "2019", "NOM_ACUIF": "CHACAHUA", "VULNERABIL": 2 }, "geometry": { "type": "MultiPolygon", "coordinates": [ [ [ [ -97.589858195374163, 15.997807935029769 ], [ -97.590158103970865, 15.998251500377448 ], [ -97.590242252878724, 15.998546974625725 ], [ -97.58838873310853, 15.998171167826165 ], [ -97.586266558652653, 15.9970002789799 ], [ -97.58494870062836, 15.995726205901121 ], [ -97.584646303066037, 15.995069307704989 ], [ -97.585149348177197, 15.994910787473945 ], [ -97.585696379780089, 15.994851686365303 ], [ -97.58652844648779, 15.995118134395351 ], [ -97.587170084239034, 15.995557875301541 ], [ -97.589332349181845, 15.997343541841079 ], [ -97.589858195374163, 15.997807935029769 ] ] ] ] } },
{ "type": "Feature", "properties": { "fid": 47.0, "cat": 41, "CLAVE_ACUI": "2019", "NOM_ACUIF": "CHACAHUA", "VULNERABIL": 3 }, "geometry": { "type": "MultiPolygon", "coordinates": [ [ [ [ -97.64810455822834, 15.996614129337125 ], [ -97.64836455377781, 15.99651069486619 ], [ -97.649002583819581, 15.9964672558402 ], [ -97.649654060332978, 15.996508633183659 ], [ -97.652056258851857, 15.996745151595148 ], [ -97.652701936715459, 15.996867827954818 ], [ -97.653312898101902, 15.997203814303598 ], [ -97.653540022077792, 15.997561119880173 ], [ -97.653988974499612, 15.998892560131402 ], [ -97.654137330290638, 15.99923920373973 ], [ -97.654380702088275, 15.99952543391116 ], [ -97.654580020009831, 15.999587690461258 ], [ -97.655266798225469, 15.99959198966479 ], [ -97.655492566355392, 15.999628990741675 ], [ -97.655859373016455, 15.999797364208773 ], [ -97.656157614843593, 16.000000896536836 ], [ -97.657182607910528, 16.000782338320978 ], [ -97.657480241424466, 16.001077377901805 ], [ -97.657844201076486, 16.001672789834309 ], [ -97.658066510135399, 16.002228338889488 ], [ -97.658739998755479, 16.00422548862797 ], [ -97.658846881984957, 16.004749812130086 ], [ -97.658672174000728, 16.005199506148461 ], [ -97.658315707233569, 16.005317602171495 ], [ -97.656826903751778, 16.005419016723469 ], [ -97.656408110194221, 16.005424870937524 ], [ -97.655942544401327, 16.005350781791432 ], [ -97.655696244181186, 16.005239086412665 ], [ -97.655012410596512, 16.004791929863323 ], [ -97.654771333697695, 16.004685350240127 ], [ -97.65433014002582, 16.004635135866035 ], [ -97.653940939952122, 16.004669980274894 ], [ -97.652565865092811, 16.004882796946482 ], [ -97.652187244864351, 16.004907536427222 ], [ -97.651795426930065, 16.004810175733024 ], [ -97.65161430753777, 16.004646350007228 ], [ -97.651160903143278, 16.003979190599242 ], [ -97.650969477643812, 16.003784795534024 ], [ -97.650529561943998, 16.003544777934994 ], [ -97.650092536733553, 16.003396290124176 ], [ -97.648493005704367, 16.002943358199271 ], [ -97.648024173881481, 16.00283533844522 ], [ -97.647435818410074, 16.002784184127552 ], [ -97.647064141855353, 16.002819126567502 ], [ -97.645918005286688, 16.003033342739172 ], [ -97.645619912589041, 16.003068746420709 ], [ -97.645374951177331, 16.003019751095987 ], [ -97.645323099105113, 16.002914354444176 ], [ -97.645326084037094, 16.002471498879888 ], [ -97.645258635420873, 16.002340583786715 ], [ -97.644940890675869, 16.002172501998849 ], [ -97.644554418559252, 16.002063299701256 ], [ -97.643068629973172, 16.001721765018647 ], [ -97.642740490730759, 16.001536667803204 ], [ -97.642694959375731, 16.001014421480967 ], [ -97.64295805195222, 16.000453452516311 ], [ -97.644231331747491, 15.998357837611211 ], [ -97.644615198668063, 15.997812879933155 ], [ -97.645133313286351, 15.997365364197341 ], [ -97.645489611685093, 15.997271013898841 ], [ -97.646634224670819, 15.997278225420519 ], [ -97.646958473976596, 15.99725993112323 ], [ -97.647327023886376, 15.997167349512882 ], [ -97.647529274281553, 15.997053384608844 ], [ -97.64810455822834, 15.996614129337125 ] ] ] ] } },
{ "type": "Feature", "properties": { "fid": 48.0, "cat": 49, "CLAVE_ACUI": "2019", "NOM_ACUIF": "CHACAHUA", "VULNERABIL": 3 }, "geometry": { "type": "MultiPolygon", "coordinates": [ [ [ [ -97.509594229873841, 15.992780094905511 ], [ -97.509248400453856, 15.992638740394348 ], [ -97.507533266789906, 15.992405412096138 ], [ -97.507070952422055, 15.992380171920978 ], [ -97.506628615616592, 15.992495720265348 ], [ -97.506027962904213, 15.992462173457207 ], [ -97.505940471095286, 15.992212461129427 ], [ -97.505947872701213, 15.991216095710616 ], [ -97.505970895623378, 15.990946816454974 ], [ -97.506070934464745, 15.990686545360074 ], [ -97.506190824150437, 15.990584008711458 ], [ -97.50665027011776, 15.990365774840937 ], [ -97.50681254195807, 15.990217778359593 ], [ -97.507132743911683, 15.989562502251099 ], [ -97.50760039993726, 15.988237192236269 ], [ -97.507806773146399, 15.987811588431947 ], [ -97.50830219423159, 15.987150747506462 ], [ -97.508803564016404, 15.986632291889796 ], [ -97.510647851068825, 15.984873662715959 ], [ -97.511054765426806, 15.984334211535449 ], [ -97.511109431195109, 15.983575413244377 ], [ -97.510780614137701, 15.983030867378851 ], [ -97.509191486050511, 15.981248445838364 ], [ -97.508778520295053, 15.980713481774822 ], [ -97.50841046690212, 15.980028010023592 ], [ -97.508310494504229, 15.979571472078758 ], [ -97.508206716168218, 15.978131480697648 ], [ -97.508274378958305, 15.977747277969149 ], [ -97.508359892972067, 15.977675335433416 ], [ -97.508348430877575, 15.977525235281178 ], [ -97.508202950435901, 15.977092730336832 ], [ -97.508268935383285, 15.977142271546711 ], [ -97.508856445019433, 15.977288690192578 ], [ -97.50939959132279, 15.977275508367901 ], [ -97.511346762350755, 15.977067564557082 ], [ -97.512703111320974, 15.977635031847099 ], [ -97.512782837613443, 15.97775081536013 ], [ -97.512929278353553, 15.977846724918882 ], [ -97.513058753072329, 15.977867955016414 ], [ -97.513516527661139, 15.97787111870907 ], [ -97.513688568491247, 15.977821469627346 ], [ -97.514033650573609, 15.977586610430233 ], [ -97.514354583439953, 15.977300746017507 ], [ -97.515507180905672, 15.976201567205246 ], [ -97.515859414771896, 15.975946418865524 ], [ -97.516350582771565, 15.975854909184873 ], [ -97.516700018620952, 15.975979329516234 ], [ -97.517839556293154, 15.976651464814575 ], [ -97.518204310765796, 15.97683699388902 ], [ -97.518766956530996, 15.977030663397869 ], [ -97.5192059815205, 15.977121804796623 ], [ -97.520692120936999, 15.977353456592342 ], [ -97.521132380201323, 15.977276837404942 ], [ -97.521552667201973, 15.976818795283842 ], [ -97.521527941518073, 15.977084677387429 ], [ -97.521638320184067, 15.977639004897821 ], [ -97.521867331636926, 15.977703278729082 ], [ -97.522825671540346, 15.977448893064055 ], [ -97.523965713224683, 15.977021205838849 ], [ -97.528327527273547, 15.975279662773289 ], [ -97.529525315334212, 15.974857422913088 ], [ -97.530753219407487, 15.974628566621211 ], [ -97.531309584408064, 15.974723873777046 ], [ -97.532678057578096, 15.975397496351762 ], [ -97.533107638139853, 15.975583443137289 ], [ -97.533743869183013, 15.975777575991797 ], [ -97.534223189832645, 15.975868961653385 ], [ -97.535823790525512, 15.976101289254039 ], [ -97.536314066939369, 15.976131739032597 ], [ -97.537001419712482, 15.976041516081247 ], [ -97.537493075035002, 15.975882176299249 ], [ -97.539100108224218, 15.975228807124527 ], [ -97.539602344123935, 15.975059366403048 ], [ -97.540339083787998, 15.974922018468522 ], [ -97.540889333745241, 15.974895247706884 ], [ -97.542720428672695, 15.974907657550956 ], [ -97.543364313668079, 15.975013694435775 ], [ -97.54453801810692, 15.975496129223348 ], [ -97.545570858354594, 15.976079282663864 ], [ -97.550951834798809, 15.97907565229621 ], [ -97.550865311941223, 15.979817353379348 ], [ -97.550785366691514, 15.980539891528222 ], [ -97.550724170768603, 15.981253517445305 ], [ -97.550721473367318, 15.98292561402943 ], [ -97.550428564385911, 15.987271136574673 ], [ -97.55063830530392, 15.987986588435307 ], [ -97.550752925981939, 15.988936398718792 ], [ -97.550861720211117, 15.989398093223496 ], [ -97.551579664062515, 15.990903315228438 ], [ -97.552159423950542, 15.992136451010698 ], [ -97.552634957077899, 15.992848528438438 ], [ -97.552143695865382, 15.992941000349115 ], [ -97.548018552131666, 15.993577462359992 ], [ -97.546818742420015, 15.993782874985786 ], [ -97.545344783533125, 15.994105048265311 ], [ -97.544438937599267, 15.994359885639504 ], [ -97.541685605090237, 15.995226937161716 ], [ -97.540864209054291, 15.99543149345943 ], [ -97.539784372504371, 15.995519057312173 ], [ -97.539063146762615, 15.995439593005123 ], [ -97.53677727105223, 15.994981184810845 ], [ -97.536161308627698, 15.994882092355908 ], [ -97.535572685536664, 15.994878082367151 ], [ -97.535347757021839, 15.994971447509943 ], [ -97.534886712385557, 15.995411161762979 ], [ -97.534693020089662, 15.995545409602251 ], [ -97.534250168108684, 15.995732185381378 ], [ -97.533811214500133, 15.995864759447084 ], [ -97.532205613177894, 15.996296655593085 ], [ -97.531672502130888, 15.996367576259816 ], [ -97.530790256221522, 15.996266648716073 ], [ -97.530063017683432, 15.996051545010143 ], [ -97.527551498091668, 15.995148640690335 ], [ -97.526761275910914, 15.994922927235507 ], [ -97.525585078329684, 15.994772515001275 ], [ -97.524695016740438, 15.994783353042534 ], [ -97.521717590783126, 15.994984321264134 ], [ -97.520769718650129, 15.994994745292241 ], [ -97.519323744549098, 15.994842442097157 ], [ -97.518205941739737, 15.994614440872066 ], [ -97.514435525039488, 15.99370270568069 ], [ -97.513454040394421, 15.993521376725527 ], [ -97.512644171093797, 15.993586946709252 ], [ -97.512468697331755, 15.993861950593841 ], [ -97.512450094587507, 15.993534765878898 ], [ -97.51235427383476, 15.993225687218448 ], [ -97.512258425888476, 15.993133021960608 ], [ -97.511212640467662, 15.992774844215605 ], [ -97.511006369148888, 15.992766157753632 ], [ -97.509976301413133, 15.992759019595379 ], [ -97.509594229873841, 15.992780094905511 ] ] ] ] } },
{ "type": "Feature", "properties": { "fid": 49.0, "cat": 52, "CLAVE_ACUI": "2019", "NOM_ACUIF": "CHACAHUA", "VULNERABIL": 5 }, "geometry": { "type": "MultiPolygon", "coordinates": [ ] } },
{ "type": "Feature", "properties": { "fid": 50.0, "cat": 48, "CLAVE_ACUI": "2019", "NOM_ACUIF": "CHACAHUA", "VULNERABIL": 2 }, "geometry": { "type": "MultiPolygon", "coordinates": [ [ [ [ -97.509248400453856, 15.992638740394348 ], [ -97.509594229873841, 15.992780094905511 ], [ -97.509492963371684, 15.993206429041983 ], [ -97.509002465133804, 15.993674122603611 ], [ -97.506814717338898, 15.995430342816974 ], [ -97.506298851547655, 15.995823395352076 ], [ -97.505567956812257, 15.996290999217823 ], [ -97.505258813697026, 15.996398997238554 ], [ -97.504456814016663, 15.996504130259318 ], [ -97.504258943937529, 15.996490891030945 ], [ -97.504137550380904, 15.996323976773647 ], [ -97.504162000991343, 15.996098767205883 ], [ -97.504397495819617, 15.995214703206573 ], [ -97.504490456321307, 15.994964551521516 ], [ -97.504688778274556, 15.994681241152549 ], [ -97.504879134821593, 15.994526663628402 ], [ -97.505569142016313, 15.994088610851039 ], [ -97.505764715048116, 15.993939152466186 ], [ -97.505987383403465, 15.993679734118775 ], [ -97.506109908021614, 15.993458594955921 ], [ -97.506628615616592, 15.992495720265348 ], [ -97.507070952422055, 15.992380171920978 ], [ -97.507533266789906, 15.992405412096138 ], [ -97.509248400453856, 15.992638740394348 ] ] ] ] } },
{ "type": "Feature", "properties": { "fid": 51.0, "cat": 50, "CLAVE_ACUI": "2019", "NOM_ACUIF": "CHACAHUA", "VULNERABIL": 4 }, "geometry": { "type": "MultiPolygon", "coordinates": [ [ [ [ -97.631392005419642, 15.993096420602585 ], [ -97.63089153233868, 15.993523678346088 ], [ -97.630399380503306, 15.993757795997878 ], [ -97.630196781493154, 15.993664993037845 ], [ -97.629743473697047, 15.992997795185104 ], [ -97.629541291488593, 15.992843986416599 ], [ -97.629051080754564, 15.992793409811318 ], [ -97.628552961382368, 15.99287496542069 ], [ -97.626718610810485, 15.99330612564613 ], [ -97.626031074960721, 15.993416968885597 ], [ -97.624656928659576, 15.993503081610474 ], [ -97.623381399264716, 15.993515252024224 ], [ -97.61880308110527, 15.993485880790034 ], [ -97.617496369579996, 15.993446976145405 ], [ -97.615976696773387, 15.993294845119657 ], [ -97.61511244769018, 15.993116423594103 ], [ -97.612598967886939, 15.992435910189551 ], [ -97.611776771928675, 15.992257747134063 ], [ -97.610453327158922, 15.992106845151609 ], [ -97.609384886998043, 15.992069432036011 ], [ -97.605722279799977, 15.992045706472174 ], [ -97.604748021273224, 15.992069888621767 ], [ -97.603864084393336, 15.992206499811715 ], [ -97.603575575429744, 15.99237747991077 ], [ -97.60311313578471, 15.993038777341361 ], [ -97.602950619930382, 15.993230911006773 ], [ -97.60265465374934, 15.993466237839231 ], [ -97.602394360740306, 15.993610285196484 ], [ -97.601475624355743, 15.994047177060024 ], [ -97.601068311814558, 15.994169930241245 ], [ -97.600086258031666, 15.994305886354852 ], [ -97.599090636700225, 15.994377352914245 ], [ -97.59542645703722, 15.994574871909741 ], [ -97.594399584675983, 15.994605440842159 ], [ -97.5932716951407, 15.994550611592128 ], [ -97.59268729729574, 15.994441718043817 ], [ -97.591088001153011, 15.993988374078825 ], [ -97.590629600025011, 15.993900636698246 ], [ -97.590089685884706, 15.993944545606256 ], [ -97.589776780316214, 15.994095010381837 ], [ -97.588856464976871, 15.99475326855079 ], [ -97.588580525542824, 15.99487855453769 ], [ -97.588213127284348, 15.994804966650214 ], [ -97.587964212822428, 15.994574555225521 ], [ -97.587170014762151, 15.993572888715553 ], [ -97.586963648210784, 15.993271581171522 ], [ -97.586794798043499, 15.992867147203713 ], [ -97.58675994961699, 15.992590692065585 ], [ -97.58676306833884, 15.992146859363169 ], [ -97.58855225760361, 15.992179666836343 ], [ -97.589534179777587, 15.992059572463029 ], [ -97.591643295389801, 15.991088196231592 ], [ -97.592578179614478, 15.991012972165214 ], [ -97.594023019920357, 15.991501473070159 ], [ -97.59446145458503, 15.99160376499653 ], [ -97.596030163768859, 15.991749596095968 ], [ -97.597321038034735, 15.991541097323168 ], [ -97.599563438003884, 15.990208965168332 ], [ -97.602638337686187, 15.990084357354647 ], [ -97.603526940648592, 15.989945513725985 ], [ -97.606265597225573, 15.988453834573507 ], [ -97.607640469839239, 15.988254854566494 ], [ -97.609096928747618, 15.988417939333148 ], [ -97.610746600270659, 15.989016118394984 ], [ -97.613060768853558, 15.989455877759694 ], [ -97.615085746326386, 15.989830479353898 ], [ -97.615870325175379, 15.989871687146053 ], [ -97.617187218198524, 15.989952471623033 ], [ -97.61950085907165, 15.990473508091736 ], [ -97.621133075254136, 15.990899763609082 ], [ -97.621860796774286, 15.99105808811732 ], [ -97.624074410474705, 15.991180733156241 ], [ -97.626259628526753, 15.991357406309641 ], [ -97.627579315780267, 15.991031404149982 ], [ -97.628936434109022, 15.990696593600939 ], [ -97.630943462682083, 15.989597623241542 ], [ -97.631470373043982, 15.989058655022102 ], [ -97.632195023779772, 15.988294975377677 ], [ -97.632755300292871, 15.986969846599164 ], [ -97.632208725737598, 15.986279427104863 ], [ -97.631550284090665, 15.985552139633212 ], [ -97.630171389266778, 15.984973920309512 ], [ -97.627372150267163, 15.983048901684482 ], [ -97.624545414887507, 15.979686520211118 ], [ -97.623308083328965, 15.978910314619473 ], [ -97.622244437382776, 15.97869561437474 ], [ -97.620644174107753, 15.979074022437217 ], [ -97.619887724807654, 15.979023976809922 ], [ -97.617976070623499, 15.978487459141022 ], [ -97.615772982692334, 15.976855369909602 ], [ -97.614319769787983, 15.976231384418952 ], [ -97.612900574385279, 15.976095697260906 ], [ -97.609552203423092, 15.976616401838653 ], [ -97.605705517711115, 15.976238997766233 ], [ -97.603776255616239, 15.975557625968284 ], [ -97.601635395557793, 15.974404853584602 ], [ -97.600059669728836, 15.973942675115639 ], [ -97.598472282295816, 15.973814838772791 ], [ -97.59750023494091, 15.973871775155883 ], [ -97.595269804638107, 15.973513757428718 ], [ -97.591503400974645, 15.972359309684126 ], [ -97.589236583822526, 15.97186541421986 ], [ -97.587704709387168, 15.971819211313571 ], [ -97.586639060198806, 15.971902600495174 ], [ -97.583919390310527, 15.972038375885012 ], [ -97.581438495465648, 15.971434528102899 ], [ -97.579468759294443, 15.971213647276315 ], [ -97.578311988345277, 15.970971005469975 ], [ -97.576851208468042, 15.970120764139311 ], [ -97.575613756443062, 15.96939853167544 ], [ -97.575062573958391, 15.969394882967963 ], [ -97.573296858539237, 15.969392223359305 ], [ -97.572332447848254, 15.969693138264498 ], [ -97.571013484147244, 15.969928424887184 ], [ -97.56958446684169, 15.969873738692197 ], [ -97.567380469577685, 15.970249522432596 ], [ -97.567299076442723, 15.969982060392796 ], [ -97.567303801368553, 15.969317797143633 ], [ -97.567331486391851, 15.969119709788439 ], [ -97.567455958167244, 15.968859565342326 ], [ -97.567606089803164, 15.968686017674996 ], [ -97.568182230630129, 15.968136271960981 ], [ -97.568390020876024, 15.967983442751621 ], [ -97.568783569414308, 15.967819986127676 ], [ -97.569137991427255, 15.967739305552049 ], [ -97.570398411399253, 15.967526248675838 ], [ -97.570726557828095, 15.967445390880233 ], [ -97.570997488840334, 15.967281115763795 ], [ -97.571056386820061, 15.967127295244033 ], [ -97.571060313210324, 15.966573741480884 ], [ -97.571114691962649, 15.966340710800768 ], [ -97.571182104475113, 15.966196646919624 ], [ -97.57130221287899, 15.966056789612013 ], [ -97.571375068968507, 15.96598726784044 ], [ -97.571584314583063, 15.965787598520897 ], [ -97.571910359736435, 15.965544166338361 ], [ -97.57221563539872, 15.96539320002182 ], [ -97.572719875191169, 15.965493022318816 ], [ -97.574581486606931, 15.965839184988168 ], [ -97.575809845122663, 15.966082358117847 ], [ -97.579372846934007, 15.966865278391316 ], [ -97.58229966527459, 15.967525879781416 ], [ -97.58878771840476, 15.969042390849198 ], [ -97.598690880876873, 15.971420717201296 ], [ -97.603299132808417, 15.972499260124163 ], [ -97.608494859374147, 15.973662674952504 ], [ -97.611470386447891, 15.974287294828823 ], [ -97.614461171662043, 15.974857558923485 ], [ -97.618649797028738, 15.975571817868442 ], [ -97.621045477442649, 15.975939914064101 ], [ -97.623425897805987, 15.976280354882793 ], [ -97.626370906320986, 15.976660846884327 ], [ -97.628728438365158, 15.976928812482479 ], [ -97.632268551312109, 15.977240643204286 ], [ -97.634092014171443, 15.977351260680116 ], [ -97.638501896431933, 15.977550563152414 ], [ -97.640989130197241, 15.97760300930112 ], [ -97.64346873482917, 15.977636382741327 ], [ -97.64655107486044, 15.977646868875155 ], [ -97.649015420304224, 15.977625885672364 ], [ -97.650846512960968, 15.977583924091661 ], [ -97.653287969185882, 15.977490465668819 ], [ -97.655737055380342, 15.977370305970556 ], [ -97.657522370645296, 15.977291153141984 ], [ -97.658697322291573, 15.977226304951207 ], [ -97.66103959455512, 15.977006014743568 ], [ -97.662824909475248, 15.976673198096572 ], [ -97.663458161993461, 15.976496776678033 ], [ -97.664076155360689, 15.976292699883343 ], [ -97.665304512901216, 15.975820654632967 ], [ -97.667105086322152, 15.97503677345509 ], [ -97.668196111853121, 15.974573310157991 ], [ -97.670347644639776, 15.973611101458495 ], [ -97.671942219576067, 15.97282531228228 ], [ -97.6734223515477, 15.971992796937201 ], [ -97.674124270206661, 15.971581784333122 ], [ -97.674696486024416, 15.971224174423936 ], [ -97.675245813584155, 15.970838909148336 ], [ -97.675718845503098, 15.970399288208544 ], [ -97.676138469988842, 15.969895773867757 ], [ -97.676748832292844, 15.968913540280113 ], [ -97.677412602893213, 15.967968497930038 ], [ -97.677786450136907, 15.967537459795146 ], [ -97.677639154059378, 15.966685180327005 ], [ -97.678299028034843, 15.966582727555183 ], [ -97.679034919245382, 15.968340789096587 ], [ -97.679124763187318, 15.968424187521281 ], [ -97.678037049896915, 15.970374403284797 ], [ -97.677861660082726, 15.97062544098719 ], [ -97.677648772757124, 15.970812639038501 ], [ -97.676959177300944, 15.971251281369799 ], [ -97.676779607667285, 15.971385753018392 ], [ -97.676631213089863, 15.971574646460558 ], [ -97.676598790626869, 15.971710022722304 ], [ -97.676595880494204, 15.972152885233784 ], [ -97.676473616801388, 15.972363970237506 ], [ -97.675905961235188, 15.972906170022386 ], [ -97.675217285399299, 15.973469654073002 ], [ -97.672571089468505, 15.975557025068406 ], [ -97.671693067685936, 15.976139664432241 ], [ -97.670241856271133, 15.976771293274423 ], [ -97.669046720275276, 15.977090978330423 ], [ -97.664920617827093, 15.977951169740876 ], [ -97.66379422773133, 15.97820515831612 ], [ -97.662663858805274, 15.978530292873414 ], [ -97.66217543737325, 15.978740786428395 ], [ -97.661026503874481, 15.9793979548117 ], [ -97.660643323081231, 15.979588763436833 ], [ -97.660004083084161, 15.979822038177096 ], [ -97.659474063910338, 15.97996447865054 ], [ -97.657639877869926, 15.980395917470974 ], [ -97.656857797301981, 15.980506273796493 ], [ -97.655042277914745, 15.98058983165908 ], [ -97.653230760818744, 15.980598833200558 ], [ -97.646592545801553, 15.98055716761324 ], [ -97.644781034478598, 15.980566097962551 ], [ -97.642965517924651, 15.980649553430261 ], [ -97.642183432703121, 15.980759855685141 ], [ -97.640349214335501, 15.981191143571897 ], [ -97.639834054619627, 15.981465812723043 ], [ -97.639264195317111, 15.982316322904872 ], [ -97.638965268794578, 15.983256668841532 ], [ -97.638140120095116, 15.986794436905639 ], [ -97.638014821651296, 15.987705375911585 ], [ -97.63821458904998, 15.988297991990207 ], [ -97.637817304533002, 15.988414756304888 ], [ -97.637366628228065, 15.98858582866241 ], [ -97.637300294140616, 15.988700703715249 ], [ -97.636814111870535, 15.989090784956494 ], [ -97.634558321518753, 15.990274035461496 ], [ -97.633794134370447, 15.990838588599393 ], [ -97.63323537570983, 15.991336658228857 ], [ -97.631392005419642, 15.993096420602585 ] ] ] ] } },
{ "type": "Feature", "properties": { "fid": 53.0, "cat": 57, "CLAVE_ACUI": "2019", "NOM_ACUIF": "CHACAHUA", "VULNERABIL": 4 }, "geometry": { "type": "MultiPolygon", "coordinates": [ [ [ [ -97.546322947697234, 15.97487882469931 ], [ -97.546891061622631, 15.975126700712073 ], [ -97.550382230724324, 15.976840444752227 ], [ -97.550930370246249, 15.977268945499272 ], [ -97.551187663126996, 15.977867217104516 ], [ -97.551089751153015, 15.978490211536593 ], [ -97.550951834798809, 15.97907565229621 ], [ -97.545570858354594, 15.976079282663864 ], [ -97.54453801810692, 15.975496129223348 ], [ -97.543364313668079, 15.975013694435775 ], [ -97.542720428672695, 15.974907657550956 ], [ -97.540889333745241, 15.974895247706884 ], [ -97.540339083787998, 15.974922018468522 ], [ -97.539602344123935, 15.975059366403048 ], [ -97.539100108224218, 15.975228807124527 ], [ -97.537493075035002, 15.975882176299249 ], [ -97.537001419712482, 15.976041516081247 ], [ -97.536314066939369, 15.976131739032597 ], [ -97.535823790525512, 15.976101289254039 ], [ -97.534223189832645, 15.975868961653385 ], [ -97.533743869183013, 15.975777575991797 ], [ -97.533107638139853, 15.975583443137289 ], [ -97.532678057578096, 15.975397496351762 ], [ -97.531309584408064, 15.974723873777046 ], [ -97.530753219407487, 15.974628566621211 ], [ -97.529525315334212, 15.974857422913088 ], [ -97.528327527273547, 15.975279662773289 ], [ -97.523965713224683, 15.977021205838849 ], [ -97.522825671540346, 15.977448893064055 ], [ -97.521867331636926, 15.977703278729082 ], [ -97.521638320184067, 15.977639004897821 ], [ -97.521527941518073, 15.977084677387429 ], [ -97.521552667201973, 15.976818795283842 ], [ -97.52177843105386, 15.976132339415765 ], [ -97.522076223279754, 15.975417569750727 ], [ -97.523240137367651, 15.972768428323011 ], [ -97.523464274855556, 15.972063317875962 ], [ -97.52334635622158, 15.971421949633886 ], [ -97.522953765785829, 15.971210819530491 ], [ -97.521239599642172, 15.970866905979966 ], [ -97.520667898288011, 15.970715546725266 ], [ -97.519714122788557, 15.97035312268827 ], [ -97.518923289495078, 15.969986732275478 ], [ -97.516186530999136, 15.968639317428272 ], [ -97.515432383090911, 15.968288419408205 ], [ -97.514649762528947, 15.967998327898384 ], [ -97.514285878913356, 15.967934811036034 ], [ -97.513370374682381, 15.967928489776309 ], [ -97.513121872338743, 15.967896270571588 ], [ -97.512877698938496, 15.967752237753405 ], [ -97.512777382188673, 15.967578695998041 ], [ -97.512553411325641, 15.966912867353209 ], [ -97.512369018854315, 15.966738744457741 ], [ -97.511732491388088, 15.96659199858316 ], [ -97.511007559041261, 15.966556482570883 ], [ -97.508261070475911, 15.966537466893632 ], [ -97.507336835970648, 15.966449719580597 ], [ -97.505770232205151, 15.966059262435666 ], [ -97.504456466091696, 15.965589210753709 ], [ -97.499892211143134, 15.963786045284834 ], [ -97.498620892347731, 15.963265418281708 ], [ -97.497252277697839, 15.962639040913391 ], [ -97.496568428916248, 15.962264847357829 ], [ -97.494745756525617, 15.961144984612313 ], [ -97.494072275151666, 15.960791191311682 ], [ -97.492752026247345, 15.960260022468246 ], [ -97.491539440245816, 15.959854999300948 ], [ -97.487200989787766, 15.958496014470628 ], [ -97.486051252834912, 15.958121905917265 ], [ -97.485024226889593, 15.957735098177137 ], [ -97.484706780366182, 15.957556628802147 ], [ -97.484252387794726, 15.957110581747532 ], [ -97.483892830940448, 15.956941982387473 ], [ -97.482669293176116, 15.956601228905157 ], [ -97.481280942783002, 15.956283030749447 ], [ -97.47602555226922, 15.955138788701287 ], [ -97.474343058407896, 15.95480829863139 ], [ -97.471746775748471, 15.954410310018602 ], [ -97.469720294253221, 15.95417223984135 ], [ -97.462859697055663, 15.95345912259587 ], [ -97.4610536909518, 15.953253047643956 ], [ -97.459486220873856, 15.953004605217254 ], [ -97.459052980282394, 15.952855774324956 ], [ -97.458598659173006, 15.952409678827077 ], [ -97.458396530512985, 15.95227266763245 ], [ -97.457907583945058, 15.952079377414719 ], [ -97.457411217933014, 15.9519402589463 ], [ -97.455583795003079, 15.951484321286209 ], [ -97.455087588304579, 15.951324864141851 ], [ -97.454599375014595, 15.951036676843961 ], [ -97.454398133824995, 15.950784438636507 ], [ -97.453947222920249, 15.949895514498454 ], [ -97.45346233564986, 15.949631072669671 ], [ -97.451650441655772, 15.949285926414182 ], [ -97.449546913479068, 15.949057285892582 ], [ -97.441542389817641, 15.948335274410864 ], [ -97.439449243187383, 15.948126946587946 ], [ -97.437685700890057, 15.947876930580888 ], [ -97.437259496668986, 15.94772810897487 ], [ -97.437034083021388, 15.947283632587208 ], [ -97.436933397000715, 15.947167673103555 ], [ -97.436688942147214, 15.947071005177971 ], [ -97.436440406921207, 15.947048867417639 ], [ -97.435525030826383, 15.947042223592637 ], [ -97.435276495891586, 15.947020084503833 ], [ -97.435032042184218, 15.946923414783505 ], [ -97.434931357564466, 15.946807454479256 ], [ -97.434705950117419, 15.946362976169393 ], [ -97.434521280086571, 15.946236238381145 ], [ -97.43388489416229, 15.946089272686798 ], [ -97.43316044194394, 15.946006057575199 ], [ -97.430416056187411, 15.945764666299667 ], [ -97.429702115712388, 15.945681516320549 ], [ -97.429114773851566, 15.945534894307498 ], [ -97.428989653967591, 15.945408586183881 ], [ -97.428993102365055, 15.944965771202186 ], [ -97.428952046829991, 15.944840075863281 ], [ -97.428757006174536, 15.944696312515035 ], [ -97.428519432342426, 15.944616631437251 ], [ -97.42760579640715, 15.944388547606282 ], [ -97.427262985416505, 15.944328431874505 ], [ -97.426576835606539, 15.944275976558918 ], [ -97.425939432599705, 15.944261154978015 ], [ -97.423651036350449, 15.944244429485112 ], [ -97.423008579196861, 15.944204144226545 ], [ -97.422298841272337, 15.944032885229239 ], [ -97.421927387406271, 15.943828515896561 ], [ -97.420903678025866, 15.943046050145153 ], [ -97.420637425369421, 15.94282719872637 ], [ -97.420418617734057, 15.942588360298485 ], [ -97.420372287598099, 15.942466014196825 ], [ -97.420373539928605, 15.942306047400635 ], [ -97.420359811429563, 15.942077555263767 ], [ -97.420365301681514, 15.941852870412879 ], [ -97.421059590730536, 15.941722222918946 ], [ -97.42176150986954, 15.941654514753742 ], [ -97.422519063020744, 15.941644627360009 ], [ -97.423874895844889, 15.941715544103342 ], [ -97.424576815212944, 15.941820441828083 ], [ -97.425568656712116, 15.941828069142453 ], [ -97.426644423917764, 15.941934873763817 ], [ -97.432427627407705, 15.943522651193298 ], [ -97.434197684358381, 15.94402330130589 ], [ -97.434640198899132, 15.944207349916338 ], [ -97.436768844634386, 15.944755681825807 ], [ -97.443582037602837, 15.946161315269142 ], [ -97.443742257788131, 15.946117448448833 ], [ -97.454805113126298, 15.948627373357784 ], [ -97.471337352795075, 15.951888145453239 ], [ -97.480097087601507, 15.953633868554144 ], [ -97.482973430233415, 15.954431094483299 ], [ -97.488924483705077, 15.956497590681646 ], [ -97.490725058736672, 15.956890481556698 ], [ -97.490839502767741, 15.957062134073603 ], [ -97.49621071026074, 15.958709035703132 ], [ -97.4963404125062, 15.958880688201061 ], [ -97.500895257911779, 15.960558106839258 ], [ -97.502886571715663, 15.961177006794921 ], [ -97.503702934456058, 15.961634745601039 ], [ -97.507441417011592, 15.962772414274312 ], [ -97.50967687742633, 15.963312162459573 ], [ -97.5114774528071, 15.96396634659639 ], [ -97.511591895613591, 15.963894824436005 ], [ -97.514140167309833, 15.965033448729791 ], [ -97.522708158782365, 15.967450875504273 ], [ -97.52313541437826, 15.967760802809421 ], [ -97.523684742751115, 15.967972506679146 ], [ -97.525973608965714, 15.968700118681152 ], [ -97.527171449322353, 15.96899097230151 ], [ -97.529048319701758, 15.969220793991127 ], [ -97.53097096722729, 15.969305664227102 ], [ -97.532260361874904, 15.969305662608152 ], [ -97.533130130295916, 15.969191226108872 ], [ -97.533427683382243, 15.969133055250063 ], [ -97.5340075287437, 15.969092048493478 ], [ -97.534778113548711, 15.969106351389641 ], [ -97.535533439336078, 15.969192177221185 ], [ -97.536235358894388, 15.969441072203511 ], [ -97.536732859701729, 15.969169585047025 ], [ -97.53747495122397, 15.969802535829045 ], [ -97.538050412412005, 15.970321636049498 ], [ -97.53847706054809, 15.970749340041753 ], [ -97.538875422204597, 15.971213004953007 ], [ -97.539264378083502, 15.971685643825511 ], [ -97.539672150934138, 15.972140332962558 ], [ -97.54012670151387, 15.9725863003963 ], [ -97.54062822659084, 15.972996431892367 ], [ -97.54117685717668, 15.973352651150487 ], [ -97.541763512789828, 15.973618742520983 ], [ -97.542453326195798, 15.973831300635579 ], [ -97.543152941095485, 15.973980653940389 ], [ -97.543861899391345, 15.974130068280592 ], [ -97.544561255465794, 15.974315569178076 ], [ -97.545148506753662, 15.974500309866356 ], [ -97.545745166718362, 15.97467607417893 ], [ -97.546322947697234, 15.97487882469931 ] ] ] ] } },
{ "type": "Feature", "properties": { "fid": 54.0, "cat": 56, "CLAVE_ACUI": "2019", "NOM_ACUIF": "CHACAHUA", "VULNERABIL": 4 }, "geometry": { "type": "MultiPolygon", "coordinates": [ [ [ [ -97.731913799063562, 15.980150268486568 ], [ -97.731027132225535, 15.980359164894264 ], [ -97.728270037734561, 15.980478466549876 ], [ -97.727252145630899, 15.980391094547324 ], [ -97.72720593419352, 15.98036749861572 ], [ -97.727218212699952, 15.980318368947085 ], [ -97.727758687914204, 15.980179209494951 ], [ -97.728487657549152, 15.980153014687016 ], [ -97.731349043107329, 15.980169909465777 ], [ -97.731913799063562, 15.980150268486568 ] ] ], [ [ [ -97.733265892748634, 15.979642884901821 ], [ -97.73290505321323, 15.979804347084979 ], [ -97.733018509279844, 15.979169692088906 ], [ -97.733112413840502, 15.979002467196022 ], [ -97.733431998901452, 15.978885718169757 ], [ -97.733794644608409, 15.978886158266327 ], [ -97.734470604486091, 15.978944655312711 ], [ -97.734089290077833, 15.979274445422972 ], [ -97.733265892748634, 15.979642884901821 ] ] ] ] } },
{ "type": "Feature", "properties": { "fid": 55.0, "cat": 58, "CLAVE_ACUI": "2019", "NOM_ACUIF": "CHACAHUA", "VULNERABIL": 3 }, "geometry": { "type": "MultiPolygon", "coordinates": [ [ [ [ -97.733018509279844, 15.979169692088906 ], [ -97.73290505321323, 15.979804347084979 ], [ -97.732374600274341, 15.980041704916278 ], [ -97.731913799063562, 15.980150268486568 ], [ -97.731349043107329, 15.980169909465777 ], [ -97.728487657549152, 15.980153014687016 ], [ -97.727758687914204, 15.980179209494951 ], [ -97.727218212699952, 15.980318368947085 ], [ -97.72720593419352, 15.98036749861572 ], [ -97.727081629649405, 15.980304027715702 ], [ -97.727106040120162, 15.979772004338763 ], [ -97.727182361560551, 15.979338606791647 ], [ -97.727535523892399, 15.97779058892055 ], [ -97.72773227069591, 15.977429081623381 ], [ -97.728297263536973, 15.977290065227564 ], [ -97.729086339081505, 15.977454032119583 ], [ -97.731713198897793, 15.978355310755816 ], [ -97.732391275108625, 15.97862029511642 ], [ -97.73292875646581, 15.978955627910921 ], [ -97.733018509279844, 15.979169692088906 ] ] ] ] } },
{ "type": "Feature", "properties": { "fid": 56.0, "cat": 55, "CLAVE_ACUI": "2019", "NOM_ACUIF": "CHACAHUA", "VULNERABIL": 5 }, "geometry": { "type": "MultiPolygon", "coordinates": [ [ [ [ -97.506845390909049, 15.975795929737528 ], [ -97.506086614245064, 15.975595784621591 ], [ -97.505335415153482, 15.97555498090078 ], [ -97.502588811027564, 15.975535882406083 ], [ -97.500328242855701, 15.975174441877471 ], [ -97.498731016089849, 15.974499025872435 ], [ -97.498273373573113, 15.974322984660777 ], [ -97.497734928763009, 15.974176880902007 ], [ -97.49742336378462, 15.974144202853735 ], [ -97.496732090819762, 15.974139374340551 ], [ -97.494562643431038, 15.973459930431854 ], [ -97.494519850638113, 15.973446003010251 ], [ -97.494488109706197, 15.973432295646541 ], [ -97.491522619916068, 15.972082975993526 ], [ -97.490582839144395, 15.97173069193223 ], [ -97.489162662442837, 15.97143603666491 ], [ -97.488073617347538, 15.971367383256238 ], [ -97.484411584639076, 15.971341623627598 ], [ -97.483432014676183, 15.971390643491231 ], [ -97.48252271562896, 15.971645197827383 ], [ -97.482203286158793, 15.971959830358173 ], [ -97.481621910964236, 15.973173562221188 ], [ -97.481490886320103, 15.973591197130991 ], [ -97.481460817471074, 15.974326429539646 ], [ -97.481548887457706, 15.974959126743011 ], [ -97.481989954441104, 15.977176481021342 ], [ -97.482267206119346, 15.977810512895106 ], [ -97.48227200304855, 15.977814683674108 ], [ -97.483119979573203, 15.978551972580178 ], [ -97.484060977963338, 15.978977165812051 ], [ -97.487599555851318, 15.980219909812968 ], [ -97.488546171645808, 15.980599370641077 ], [ -97.489425107686131, 15.981127475036088 ], [ -97.48954755699539, 15.981276067367258 ], [ -97.489734112460155, 15.981502452046231 ], [ -97.490297199594309, 15.982724241701565 ], [ -97.490464662512863, 15.983052470668023 ], [ -97.490683065572142, 15.983362416704008 ], [ -97.490686836209008, 15.983365404994437 ], [ -97.490688282598612, 15.983367537051516 ], [ -97.490827606733532, 15.983476967796502 ], [ -97.491283729358202, 15.983701593093137 ], [ -97.491402185839718, 15.983790542167723 ], [ -97.491498859573838, 15.983981013070856 ], [ -97.491518508353195, 15.98416416533342 ], [ -97.491513528676933, 15.984828404981942 ], [ -97.491485766351971, 15.985026475844455 ], [ -97.491361188443719, 15.985286566849126 ], [ -97.49121098216601, 15.985460054464287 ], [ -97.490634595745348, 15.986009571275426 ], [ -97.490442804163493, 15.986121761558596 ], [ -97.490124165188206, 15.986095800239054 ], [ -97.489860758756279, 15.985946522271119 ], [ -97.488950171417599, 15.985275851306799 ], [ -97.488566317558224, 15.985069804462769 ], [ -97.487685584833685, 15.984778923475067 ], [ -97.486811250190513, 15.984569423686331 ], [ -97.483611768656203, 15.983882613260302 ], [ -97.482747877222991, 15.983683338633801 ], [ -97.481915850983953, 15.98344022674333 ], [ -97.481591132228331, 15.983292201114013 ], [ -97.480907804801831, 15.98284452741731 ], [ -97.480624821705788, 15.982737464955862 ], [ -97.47998755974325, 15.98268551387253 ], [ -97.47936016829577, 15.982718359224418 ], [ -97.477069601721681, 15.98292357467969 ], [ -97.47641083313728, 15.98293585430396 ], [ -97.475627148647305, 15.982787957153837 ], [ -97.475166368798455, 15.982564396840768 ], [ -97.473799754124286, 15.981669009528749 ], [ -97.473402502574288, 15.981384892182785 ], [ -97.472915270306544, 15.98095440265239 ], [ -97.472616475604909, 15.980623535213443 ], [ -97.471709337286967, 15.979509975405412 ], [ -97.471420670605951, 15.979230015510899 ], [ -97.470980692333811, 15.979037097167314 ], [ -97.470640817973376, 15.97904145924624 ], [ -97.469494714201801, 15.979254730621889 ], [ -97.46914425234813, 15.979269182351272 ], [ -97.468654869099225, 15.97912335557991 ], [ -97.468306212705045, 15.978900579953702 ], [ -97.467168538546105, 15.978006784613768 ], [ -97.466798943475055, 15.977773690234056 ], [ -97.466211835150588, 15.977579714048613 ], [ -97.465742703542006, 15.977535699217588 ], [ -97.464140531046951, 15.977524266535257 ], [ -97.463660347436587, 15.977551339833209 ], [ -97.463021661866094, 15.977689120611542 ], [ -97.46258943698129, 15.977858877123044 ], [ -97.461211068455924, 15.978513288732678 ], [ -97.460810759005284, 15.978632432947954 ], [ -97.46032102217454, 15.978534032889451 ], [ -97.460021708593715, 15.978274317530319 ], [ -97.459114654325035, 15.977160711376587 ], [ -97.458826321140606, 15.976840069202582 ], [ -97.458387815608418, 15.976457346604018 ], [ -97.458049712215157, 15.9762312420775 ], [ -97.456910405728891, 15.975558807398027 ], [ -97.456487760204439, 15.975393098290292 ], [ -97.455654716759426, 15.975292225167697 ], [ -97.454887299651318, 15.975313828130544 ], [ -97.452139061222724, 15.975515495374607 ], [ -97.451308664032453, 15.975526465027283 ], [ -97.450181718273456, 15.975376007619881 ], [ -97.449402194464724, 15.975150099271925 ], [ -97.446891376235754, 15.974246304587524 ], [ -97.446164487966357, 15.974010597767307 ], [ -97.44528314703561, 15.973814441817686 ], [ -97.444750975515177, 15.973769926715244 ], [ -97.443148848909701, 15.973758340386409 ], [ -97.442669069085383, 15.973734533814255 ], [ -97.442032222866246, 15.973635028931026 ], [ -97.441602222688516, 15.973516685877593 ], [ -97.440232405109583, 15.973063919314148 ], [ -97.439791819234514, 15.972955663353332 ], [ -97.439105565552737, 15.972903239097937 ], [ -97.438565788511198, 15.972936602832444 ], [ -97.43673308091212, 15.973144716136927 ], [ -97.436130641141446, 15.973126782141524 ], [ -97.435151966510603, 15.972834983992859 ], [ -97.434356302293295, 15.972436062641638 ], [ -97.431621902487819, 15.970866211446889 ], [ -97.430836525627186, 15.970497854884284 ], [ -97.429905807280591, 15.970348725338209 ], [ -97.429361583270293, 15.970504040685011 ], [ -97.427752580501192, 15.971377969445237 ], [ -97.427291871730617, 15.971605059862069 ], [ -97.426750907702711, 15.971790893607434 ], [ -97.426438811478292, 15.971829280497534 ], [ -97.425523327260066, 15.971822584092516 ], [ -97.425232885700083, 15.971779789978418 ], [ -97.424792976261543, 15.971586782377873 ], [ -97.424454976316497, 15.971353851276541 ], [ -97.423317558377562, 15.970459844429527 ], [ -97.422979641736148, 15.970216744692571 ], [ -97.422540109768548, 15.969976288752706 ], [ -97.422250123159785, 15.969875880086512 ], [ -97.421336385082114, 15.969647760495699 ], [ -97.420992976741303, 15.969658797473715 ], [ -97.420304140037402, 15.969938423759888 ], [ -97.419663493924716, 15.970326851551265 ], [ -97.417362629304819, 15.971859872751077 ], [ -97.416659155537275, 15.97221732693224 ], [ -97.415677162552925, 15.972352439439915 ], [ -97.414977792334, 15.97218800343679 ], [ -97.412696071778399, 15.971285512093123 ], [ -97.412060325355171, 15.97105036629709 ], [ -97.411375216585483, 15.970855522954125 ], [ -97.411032234969767, 15.970812322150699 ], [ -97.410116762210151, 15.970805560636109 ], [ -97.409783648184387, 15.970843767930356 ], [ -97.409144587945548, 15.971028831294333 ], [ -97.408564757838931, 15.971254999249743 ], [ -97.406497934954814, 15.972125374479312 ], [ -97.405902657242251, 15.972310751814737 ], [ -97.405191527532324, 15.972305482476989 ], [ -97.404770907207336, 15.972112578364287 ], [ -97.403519148859374, 15.971217626083533 ], [ -97.403150957842826, 15.971040358733276 ], [ -97.402684484361544, 15.971108066598678 ], [ -97.402628256045091, 15.970909390494604 ], [ -97.402178425718162, 15.969909673925056 ], [ -97.40200357837827, 15.969649114320831 ], [ -97.401637452478354, 15.969432886111308 ], [ -97.40123905234266, 15.96938417491018 ], [ -97.401110920714089, 15.969255155253542 ], [ -97.400856520738429, 15.969078460328848 ], [ -97.400671582771253, 15.968975392381195 ], [ -97.400374499538302, 15.968842369595395 ], [ -97.399831955928704, 15.968643945345015 ], [ -97.398891288710686, 15.96823880092764 ], [ -97.398214191574482, 15.967900904930602 ], [ -97.39771773058763, 15.96760046910687 ], [ -97.397365070385462, 15.967352125705126 ], [ -97.396793007430489, 15.966968086727658 ], [ -97.396493967893988, 15.966721700796681 ], [ -97.396228220528855, 15.96646062334767 ], [ -97.395894820917164, 15.965941822463275 ], [ -97.395447679015064, 15.96460999022753 ], [ -97.395294429334257, 15.964278417516455 ], [ -97.395026403290757, 15.964062910591869 ], [ -97.394796758205274, 15.964086616117056 ], [ -97.393993105395424, 15.964412747026266 ], [ -97.393778453173525, 15.964533150555669 ], [ -97.393580396760697, 15.964768904617085 ], [ -97.393512111314024, 15.964985292773717 ], [ -97.393391501860307, 15.965759350124349 ], [ -97.393307655110775, 15.965950204308365 ], [ -97.393036980295193, 15.966066799716605 ], [ -97.392734148981546, 15.966042510087767 ], [ -97.391591613103941, 15.965812559762014 ], [ -97.391246665789794, 15.965798120461438 ], [ -97.390779445199357, 15.965960690266128 ], [ -97.390456933782573, 15.966207372133864 ], [ -97.389419095321642, 15.967195981377321 ], [ -97.389185621995011, 15.967478911949234 ], [ -97.389174166028411, 15.967552423337596 ], [ -97.389100502346082, 15.967609317017526 ], [ -97.388658745887753, 15.967653456590542 ], [ -97.388344913645099, 15.967471488885076 ], [ -97.387322125265754, 15.966578164759623 ], [ -97.386967673899932, 15.966346367562393 ], [ -97.386862501053173, 15.966229040938613 ], [ -97.386716136438935, 15.966133051533673 ], [ -97.386611210415225, 15.966111931008792 ], [ -97.386267920202172, 15.966109357685337 ], [ -97.386194195139666, 15.966129139064639 ], [ -97.386193456585332, 15.966221333775495 ], [ -97.386133884651457, 15.966223579350803 ], [ -97.385620561960621, 15.966309898439754 ], [ -97.385620822832266, 15.966277345308198 ], [ -97.38560045682884, 15.966195856192373 ], [ -97.385502754135146, 15.966147677185715 ], [ -97.385383544843179, 15.966160339092694 ], [ -97.384924937235681, 15.966267606401534 ], [ -97.384810656261962, 15.966320973131451 ], [ -97.384747515627808, 15.966440806380279 ], [ -97.384529952349226, 15.966449908496152 ], [ -97.38418780352599, 15.96630500180769 ], [ -97.384042446095322, 15.966083624755804 ], [ -97.383706261514533, 15.965195438643862 ], [ -97.383566241298468, 15.964963934396216 ], [ -97.383248996991355, 15.964771767295895 ], [ -97.382935810946563, 15.964728746793639 ], [ -97.381791520417053, 15.964720148112916 ], [ -97.381472917237218, 15.964697418851978 ], [ -97.381130392734846, 15.964599951024637 ], [ -97.380959675270134, 15.964483440826985 ], [ -97.380505519259543, 15.964037194231741 ], [ -97.38028234068797, 15.96391012187971 ], [ -97.379694996087167, 15.963763363718799 ], [ -97.379079111265753, 15.963680780271899 ], [ -97.376792330822838, 15.963442135486897 ], [ -97.376154940011858, 15.963420383746529 ], [ -97.375467224827929, 15.963557533474809 ], [ -97.375122164493106, 15.963775214459748 ], [ -97.374199593675982, 15.964653907819383 ], [ -97.37393851815601, 15.964882387877976 ], [ -97.373642741106821, 15.965069937408813 ], [ -97.373481278439641, 15.965109385463267 ], [ -97.37302356343065, 15.9651059265427 ], [ -97.372899497126852, 15.965069404339427 ], [ -97.372778236101155, 15.964902426870001 ], [ -97.372729072392218, 15.964700409883749 ], [ -97.372620902987549, 15.963924641430456 ], [ -97.372545673155216, 15.9636970098951 ], [ -97.372302770091338, 15.963410497736662 ], [ -97.372030995853549, 15.963228825945844 ], [ -97.371005622399821, 15.962667533884686 ], [ -97.37070720898565, 15.96253141046971 ], [ -97.370339983036104, 15.962457462222988 ], [ -97.370113787542365, 15.962487945399186 ], [ -97.369425433542844, 15.962704147410827 ], [ -97.369214383555786, 15.962810996654653 ], [ -97.368917837889825, 15.963093425571056 ], [ -97.368705250837408, 15.9633900461676 ], [ -97.36800971924734, 15.964491845140403 ], [ -97.367797293989383, 15.964768131847441 ], [ -97.367501512237709, 15.964955672421805 ], [ -97.367291392678112, 15.964947300878151 ], [ -97.366606617857528, 15.964720692141219 ], [ -97.366407254667692, 15.964681900477105 ], [ -97.366161666832426, 15.964727482510327 ], [ -97.366010190048911, 15.964831391411952 ], [ -97.365548885058743, 15.965270717038017 ], [ -97.365408163758062, 15.965344206232039 ], [ -97.365230054730517, 15.96525635596481 ], [ -97.365133441251047, 15.965094723944787 ], [ -97.364796445772598, 15.964317216162206 ], [ -97.364677315076847, 15.964104499595985 ], [ -97.364469368715277, 15.963900142791857 ], [ -97.364261428383571, 15.963695791364822 ], [ -97.364092102719709, 15.963625030541325 ], [ -97.363520864983556, 15.963509982188679 ], [ -97.363375448842348, 15.963424668338257 ], [ -97.36316875046586, 15.963085376782143 ], [ -97.363051026217846, 15.962699832005288 ], [ -97.36271943878009, 15.961258122097689 ], [ -97.362570355885879, 15.960852004803229 ], [ -97.362206221834171, 15.960398500530962 ], [ -97.361835113562535, 15.960156754154252 ], [ -97.360467413994954, 15.959482104179322 ], [ -97.360037975854212, 15.959305996009279 ], [ -97.359401625484708, 15.959158811547715 ], [ -97.358921991199679, 15.959124655976471 ], [ -97.357320048409463, 15.959112441634829 ], [ -97.356861348893617, 15.959088608134412 ], [ -97.356322693500729, 15.958989605913255 ], [ -97.356011885477955, 15.958872008137897 ], [ -97.355100105676811, 15.958422219405579 ], [ -97.354773080510313, 15.958360414159264 ], [ -97.354158739723232, 15.958521779410479 ], [ -97.353608133708306, 15.958814105519508 ], [ -97.351652966727002, 15.960016917704989 ], [ -97.351122205701287, 15.960451725298872 ], [ -97.350600498698, 15.961278026364361 ], [ -97.350385964352952, 15.96202364982336 ], [ -97.349906504068073, 15.964676924198702 ], [ -97.349760643334164, 15.965377321679473 ], [ -97.349559429085218, 15.965992570426865 ], [ -97.349417841735487, 15.966171099828681 ], [ -97.348958315310654, 15.966388987839434 ], [ -97.348827902492005, 15.966486267392202 ], [ -97.348678836098571, 15.966722351197374 ], [ -97.348596296841947, 15.966962334254395 ], [ -97.348360178780752, 15.967846171149601 ], [ -97.348297989221805, 15.968167645225494 ], [ -97.3482438905056, 15.968784020954836 ], [ -97.348228796191435, 15.96934308364292 ], [ -97.348212453688504, 15.971335666938842 ], [ -97.348229093807234, 15.971869555880014 ], [ -97.348323091809476, 15.972368454531388 ], [ -97.348440734766726, 15.972547277924489 ], [ -97.348895737967737, 15.972882887948908 ], [ -97.348929976195109, 15.972979736052883 ], [ -97.348634750255968, 15.973096084084478 ], [ -97.348258176094589, 15.973164361783475 ], [ -97.347830794156948, 15.973162775014206 ], [ -97.346226930359151, 15.973371865525969 ], [ -97.345869942792504, 15.973330148392911 ], [ -97.345480918579909, 15.972923871603971 ], [ -97.345401259836692, 15.972386109592465 ], [ -97.345418540736361, 15.970282830413685 ], [ -97.345444138106004, 15.969725543877598 ], [ -97.345546312783981, 15.969228152743105 ], [ -97.345666679332439, 15.969074880479322 ], [ -97.346126215034516, 15.968857000465661 ], [ -97.346267389865247, 15.968729304890015 ], [ -97.346466670111539, 15.968351272710246 ], [ -97.346610180934377, 15.967938922267786 ], [ -97.347080613296725, 15.966392651377969 ], [ -97.347203937832958, 15.96587847642347 ], [ -97.347309024264945, 15.965025265238172 ], [ -97.347335823474353, 15.964320567145988 ], [ -97.347355798683111, 15.961885187007137 ], [ -97.34730365797995, 15.961195133081693 ], [ -97.347040362663336, 15.960410261805865 ], [ -97.346716368239456, 15.959979070752224 ], [ -97.345467697723862, 15.958751713614722 ], [ -97.345132115842659, 15.958452601023803 ], [ -97.344814728697912, 15.95828410275552 ], [ -97.344696899464509, 15.958342503845495 ], [ -97.344464415849117, 15.958783540567538 ], [ -97.344361972849953, 15.958887810661254 ], [ -97.344116389746844, 15.958933367754623 ], [ -97.343867999938269, 15.958894179037634 ], [ -97.342954432132174, 15.958665739203433 ], [ -97.342648958131122, 15.958539691487605 ], [ -97.34213698026457, 15.958179910244777 ], [ -97.341711058360517, 15.957791984499741 ], [ -97.340235412410422, 15.956341441206634 ], [ -97.3398516142354, 15.955943670138724 ], [ -97.339536189904265, 15.955537953264786 ], [ -97.33946938070271, 15.955356129259556 ], [ -97.339473027940926, 15.954913334313938 ], [ -97.339411347362159, 15.954746800127126 ], [ -97.339119858070092, 15.954412435355893 ], [ -97.338765126238243, 15.954101305176875 ], [ -97.337401209073022, 15.952983724860786 ], [ -97.337041438127642, 15.952647136240763 ], [ -97.336726415704987, 15.952193973895469 ], [ -97.336636153791673, 15.951883188142061 ], [ -97.336529953463611, 15.950886017155904 ], [ -97.336397493266347, 15.950595239207255 ], [ -97.33588554681522, 15.950235445817295 ], [ -97.335286655893697, 15.950012231941251 ], [ -97.333003787627973, 15.949330347390116 ], [ -97.332283265977154, 15.949202769432452 ], [ -97.331203688912311, 15.949289300666871 ], [ -97.330381955140012, 15.949540493814183 ], [ -97.327626758630856, 15.950626177421055 ], [ -97.32683620209265, 15.950918265365919 ], [ -97.32590214962265, 15.951195679410018 ], [ -97.325358346858494, 15.951299898688221 ], [ -97.323754653138295, 15.951508836441775 ], [ -97.323232625371062, 15.951521718518258 ], [ -97.322400191740897, 15.951372902685582 ], [ -97.321733029981402, 15.951147426004312 ], [ -97.319452054794112, 15.950244005684167 ], [ -97.318816339185588, 15.950028932616625 ], [ -97.3181306284133, 15.949928690857593 ], [ -97.317786755744649, 15.950000562413058 ], [ -97.316867724623336, 15.950436203427254 ], [ -97.316523850827039, 15.950508072836149 ], [ -97.315838140339068, 15.950407823733906 ], [ -97.315202429183884, 15.950192740321212 ], [ -97.312921500738099, 15.949289254599563 ], [ -97.31214928324674, 15.949062927061501 ], [ -97.310826518112435, 15.948910226305003 ], [ -97.309709069863018, 15.948918407184461 ], [ -97.305817074704649, 15.949109247053428 ], [ -97.304905347759103, 15.949082805093072 ], [ -97.304679554868372, 15.949040896581259 ], [ -97.304217112503778, 15.948955064510832 ], [ -97.303438515940513, 15.948756778391392 ], [ -97.302845750017426, 15.948394526536694 ], [ -97.302216137048219, 15.947852693933905 ], [ -97.301028162658952, 15.946830346417457 ], [ -97.300186681291478, 15.946217131009277 ], [ -97.299867039375883, 15.946040849729862 ], [ -97.299358864668761, 15.945836653536606 ], [ -97.298360720208848, 15.945592396403798 ], [ -97.297271507916676, 15.943876965116214 ], [ -97.296950279039493, 15.943375090506562 ], [ -97.29743543454228, 15.943274920281336 ], [ -97.297936032504396, 15.943130517023032 ], [ -97.298248906230711, 15.943000554090565 ], [ -97.298421834774217, 15.9428768402661 ], [ -97.298606705415196, 15.942692493806183 ], [ -97.298732532194251, 15.942493300064237 ], [ -97.298793929937787, 15.942302017246957 ], [ -97.298905526218135, 15.941757330756481 ], [ -97.306982399625369, 15.942562002568756 ], [ -97.308156209529116, 15.94269204346673 ], [ -97.309271842300461, 15.942924513346879 ], [ -97.310901779347674, 15.943408352276968 ], [ -97.316378821710188, 15.945222483517302 ], [ -97.317911793340102, 15.945644729695344 ], [ -97.318042157737011, 15.945696365600892 ], [ -97.319097480315861, 15.945996047398737 ], [ -97.321741419718208, 15.946491104675294 ], [ -97.324463162625619, 15.946898623352475 ], [ -97.334520794018403, 15.948305061736786 ], [ -97.337523453669263, 15.948660476991009 ], [ -97.340782648262802, 15.948868494187455 ], [ -97.342734032798063, 15.948829289327525 ], [ -97.348458555535672, 15.948430419966837 ], [ -97.349948264850894, 15.948306274687486 ], [ -97.351175722483674, 15.948125888731417 ], [ -97.351439524479318, 15.947992348391127 ], [ -97.351443143673208, 15.947549550455978 ], [ -97.35148611629171, 15.947434654185486 ], [ -97.351683035950828, 15.947341269416286 ], [ -97.351921377162796, 15.947322758658133 ], [ -97.352836716871408, 15.947329757651167 ], [ -97.353096239566128, 15.947291073651021 ], [ -97.35339200517015, 15.947103551402348 ], [ -97.353555004498716, 15.946874346611244 ], [ -97.354019900103722, 15.945992245897818 ], [ -97.354172390086418, 15.945762960207004 ], [ -97.354419116772107, 15.945575061713699 ], [ -97.354619093740311, 15.945535920944844 ], [ -97.355305593333981, 15.945541161390169 ], [ -97.355500150600875, 15.945522312290789 ], [ -97.355721584651306, 15.945429110557711 ], [ -97.355843361641234, 15.945314814405899 ], [ -97.356190219379485, 15.944874633811581 ], [ -97.356280231839165, 15.944788365808606 ], [ -97.356402650298051, 15.944695833015809 ], [ -97.356650908997864, 15.944729079065908 ], [ -97.357932673953968, 15.944956040032565 ], [ -97.358573556798461, 15.945006582076358 ], [ -97.35926021661372, 15.944776757182659 ], [ -97.359282547833061, 15.945025408668094 ], [ -97.359318052697972, 15.945216601511646 ], [ -97.359374003229988, 15.945351118239595 ], [ -97.359457436223664, 15.945440969155872 ], [ -97.359531904785499, 15.945475887260544 ], [ -97.359644213601072, 15.945502358282669 ], [ -97.359956512878881, 15.945555148552549 ], [ -97.360351606680595, 15.945579613400843 ], [ -97.36224182207232, 15.94559398694696 ], [ -97.362694106551174, 15.945541505432207 ], [ -97.363088510953148, 15.945283549461221 ], [ -97.363199661121484, 15.944967523188177 ], [ -97.363323956741979, 15.943750690175726 ], [ -97.363414214004578, 15.943419254531575 ], [ -97.363711119697172, 15.943089387770414 ], [ -97.364045013361476, 15.942949584770195 ], [ -97.365306276666757, 15.942627033121839 ], [ -97.365650346822534, 15.942527972570893 ], [ -97.36599474601519, 15.942388246003627 ], [ -97.366142674829888, 15.942287697568615 ], [ -97.36648860968279, 15.941958198061027 ], [ -97.366578911204215, 15.941836878567011 ], [ -97.366654384013813, 15.941600220813909 ], [ -97.366671900835485, 15.941383457837652 ], [ -97.36669446184672, 15.940868401518054 ], [ -97.366755997009363, 15.940420242784565 ], [ -97.366861928347475, 15.939976205007142 ], [ -97.367208753462435, 15.93953600335194 ], [ -97.367351617732893, 15.939411692491436 ], [ -97.367671493243677, 15.939271776918275 ], [ -97.367985593973103, 15.939196208075916 ], [ -97.369131521000526, 15.938983465526475 ], [ -97.369455717623325, 15.938958805830756 ], [ -97.36982270953213, 15.939056473279669 ], [ -97.370022787372363, 15.939220658189191 ], [ -97.370589494037532, 15.939889186628111 ], [ -97.370773894242006, 15.940043085443712 ], [ -97.371067719738789, 15.940092751958934 ], [ -97.370734167833035, 15.940518077058069 ], [ -97.370643490865149, 15.940576432414749 ], [ -97.37018404398701, 15.940794373837781 ], [ -97.370053657927315, 15.940891668979551 ], [ -97.369904636862486, 15.941127772119724 ], [ -97.369543881997743, 15.942280692522809 ], [ -97.369525137111523, 15.942433055697167 ], [ -97.369636869264369, 15.942766022827184 ], [ -97.369702677951835, 15.942858023597312 ], [ -97.369898052934175, 15.94295439331734 ], [ -97.37011135141428, 15.943000063416777 ], [ -97.370911369955593, 15.94311681917279 ], [ -97.371111012068127, 15.943185062308901 ], [ -97.371283898003057, 15.943397532736066 ], [ -97.371323986195591, 15.943638454788006 ], [ -97.371316836810692, 15.944524059801456 ], [ -97.371293878976516, 15.9447645053906 ], [ -97.37119389191858, 15.945000979794681 ], [ -97.371074011072366, 15.945098354726996 ], [ -97.370614553779575, 15.945316296064446 ], [ -97.370484000517976, 15.945433923931843 ], [ -97.370334209489585, 15.945764913199032 ], [ -97.370250775396272, 15.946120127161985 ], [ -97.370011205222198, 15.947446802717185 ], [ -97.370022258018878, 15.947812898168591 ], [ -97.370313410986, 15.948194668303877 ], [ -97.370718291684568, 15.948373958175019 ], [ -97.371806815898253, 15.948683775760781 ], [ -97.372190030478919, 15.94879284693689 ], [ -97.372474831065972, 15.948928337788701 ], [ -97.372779429579708, 15.949165707598526 ], [ -97.372972244133521, 15.949470889716267 ], [ -97.373046406794572, 15.949761835540404 ], [ -97.373028562983578, 15.950078825226703 ], [ -97.372972153869497, 15.950400611815365 ], [ -97.372882980834859, 15.950909300651913 ], [ -97.372775070008288, 15.95218978365336 ], [ -97.372766192312938, 15.95250793625198 ], [ -97.372250137566368, 15.952519885308028 ], [ -97.371662421810626, 15.952425064932443 ], [ -97.371084704173626, 15.952248978124967 ], [ -97.370507133738442, 15.952054815305244 ], [ -97.369920078081975, 15.951878654903213 ], [ -97.369342290873462, 15.951711600971139 ], [ -97.368764358558423, 15.951562620113677 ], [ -97.368186280985711, 15.951431712315941 ], [ -97.36759871767461, 15.951318806783318 ], [ -97.367011081995798, 15.951214936969107 ], [ -97.366423373871939, 15.951120102865632 ], [ -97.365797572897023, 15.951115356347303 ], [ -97.365161845729787, 15.951182835154501 ], [ -97.364555311885042, 15.951105928773419 ], [ -97.363746371709624, 15.950647895638998 ], [ -97.363278404283463, 15.950761832119522 ], [ -97.363436481800164, 15.952001212021402 ], [ -97.364176744618902, 15.952865426323372 ], [ -97.364769545688802, 15.953484498315383 ], [ -97.365205101517304, 15.95391258153953 ], [ -97.365659413368633, 15.954331768540916 ], [ -97.366132701024299, 15.954714947443078 ], [ -97.366624817941172, 15.955080192624061 ], [ -97.367295284783722, 15.955338335203177 ], [ -97.368022967172521, 15.955452304335804 ], [ -97.368721897789882, 15.95565643149318 ], [ -97.369280063908647, 15.955940831067045 ], [ -97.369828891140088, 15.956225158628826 ], [ -97.370387060602383, 15.956509555609735 ], [ -97.37093581811537, 15.95680291789861 ], [ -97.371586594062137, 15.957187428676828 ], [ -97.372237226663529, 15.957590012264632 ], [ -97.372906908045408, 15.957947548858359 ], [ -97.373541635592602, 15.958006570960693 ], [ -97.374215621500042, 15.957830903819458 ], [ -97.374898291368879, 15.95773664057173 ], [ -97.375569945123104, 15.957850162414488 ], [ -97.376231822365511, 15.95801783558086 ], [ -97.376903187127198, 15.958167502617151 ], [ -97.377575425961481, 15.958208720010948 ], [ -97.378277650488656, 15.958006139097341 ], [ -97.378980164508562, 15.957767406518345 ], [ -97.379606135532526, 15.957754042034697 ], [ -97.380231598324102, 15.957803936931814 ], [ -97.38084815645675, 15.957799535896704 ], [ -97.381437635991205, 15.957677437298267 ], [ -97.382376273847782, 15.957115104491578 ], [ -97.382959889754503, 15.956559139517179 ], [ -97.38268428533668, 15.956081227841779 ], [ -97.382784129127018, 15.956055687548872 ], [ -97.38296521549222, 15.955970627344151 ], [ -97.38353999914267, 15.955642818498188 ], [ -97.383695180859959, 15.955511811484941 ], [ -97.383844579359391, 15.955228255220606 ], [ -97.383902824074553, 15.954954181936936 ], [ -97.384025233494285, 15.953958729471452 ], [ -97.384104330920238, 15.953705146590671 ], [ -97.384351043573204, 15.953517212243352 ], [ -97.38462439298246, 15.953502317232115 ], [ -97.385653312203303, 15.953620738807912 ], [ -97.385922018111074, 15.953529554410528 ], [ -97.386147057957757, 15.952985608338597 ], [ -97.386199837227636, 15.952299727148965 ], [ -97.386221099017192, 15.9496428941488 ], [ -97.386189893478914, 15.948946216554353 ], [ -97.386023008778679, 15.948351887818463 ], [ -97.385815807893479, 15.948199524238628 ], [ -97.385015755365373, 15.948082821224473 ], [ -97.384771248646459, 15.947996262992941 ], [ -97.384430269681232, 15.94770902906882 ], [ -97.384187664035721, 15.947385253164011 ], [ -97.383396488284674, 15.946161531836532 ], [ -97.382999072136045, 15.94373879133745 ], [ -97.383007097464059, 15.939995719609845 ], [ -97.383296207559653, 15.940097824783278 ], [ -97.383757225863491, 15.940186504061943 ], [ -97.384592484198748, 15.940282642065229 ], [ -97.384870459077646, 15.940344032856775 ], [ -97.385138823635643, 15.940512105510967 ], [ -97.385244226674246, 15.940690818771374 ], [ -97.385467743458221, 15.941356741429802 ], [ -97.385620390699117, 15.941540891955492 ], [ -97.386109227552168, 15.941734337876039 ], [ -97.386654918977229, 15.941826537601704 ], [ -97.388712645575708, 15.94206334602546 ], [ -97.389258420873546, 15.942145372869586 ], [ -97.389747642063227, 15.94229136741437 ], [ -97.389900753854846, 15.942417905267947 ], [ -97.390126054427938, 15.942862421244371 ], [ -97.390226628386699, 15.942988566492341 ], [ -97.390470672618136, 15.943132728288553 ], [ -97.390718733359492, 15.9432125282671 ], [ -97.391632307170113, 15.943440764280684 ], [ -97.391954085075795, 15.943500778818036 ], [ -97.392542140298929, 15.943552611927128 ], [ -97.393060441247314, 15.943566644027996 ], [ -97.394891124581747, 15.943580285582549 ], [ -97.395377822189815, 15.943604243866888 ], [ -97.395818393594581, 15.943702416547243 ], [ -97.39596108366014, 15.94381870580623 ], [ -97.396186399475695, 15.944263216759753 ], [ -97.396339597945399, 15.944379584013646 ], [ -97.39682920811677, 15.944478119693882 ], [ -97.397375452822587, 15.944502516610187 ], [ -97.399434985617219, 15.944517821917861 ], [ -97.399981231391507, 15.944542212265075 ], [ -97.400470844538788, 15.944640739865909 ], [ -97.400624046044413, 15.944757104321427 ], [ -97.400849373462165, 15.945201611397334 ], [ -97.401259938012046, 15.94533005217229 ], [ -97.402950580290735, 15.945484927564586 ], [ -97.404955221604311, 15.945577722260657 ], [ -97.412619598682909, 15.945855732287153 ], [ -97.413996258731203, 15.945946815090371 ], [ -97.414685951012672, 15.946026390860323 ], [ -97.415349449562029, 15.946172420605313 ], [ -97.415664485204601, 15.946246915000494 ], [ -97.41591064790957, 15.946293369563358 ], [ -97.416145490648859, 15.946300260109515 ], [ -97.416290773897984, 15.946279263501587 ], [ -97.415888702021448, 15.946628770892609 ], [ -97.414506082746641, 15.947836405477718 ], [ -97.414146077070157, 15.948181134987454 ], [ -97.413848679073467, 15.948582244169877 ], [ -97.413783831369969, 15.948810528361356 ], [ -97.413778607341996, 15.949474745703156 ], [ -97.413734895462454, 15.949687934667518 ], [ -97.413536130451746, 15.950018599032086 ], [ -97.413295891881916, 15.950277787469002 ], [ -97.41237353910735, 15.951156666413507 ], [ -97.412138031440463, 15.951481974775273 ], [ -97.411961352521573, 15.952121204230428 ], [ -97.411944462176237, 15.952709081055264 ], [ -97.412042320225325, 15.954813276800593 ], [ -97.41215217122182, 15.955320750540411 ], [ -97.412566951892103, 15.955584765305739 ], [ -97.413049643892123, 15.955454454571584 ], [ -97.414887416243815, 15.954582313034976 ], [ -97.415449756958338, 15.954345827280212 ], [ -97.416236249289099, 15.95411437722165 ], [ -97.416797469741809, 15.954020220105365 ], [ -97.418630005740042, 15.953812262454649 ], [ -97.419149111482952, 15.953727957055545 ], [ -97.419739069771836, 15.953542498147241 ], [ -97.420062761387328, 15.953361862885826 ], [ -97.420983361003067, 15.952704355541437 ], [ -97.421322932193604, 15.952508583748752 ], [ -97.421987000751983, 15.952252490796656 ], [ -97.422596098718557, 15.952082414478104 ], [ -97.42477448240966, 15.951544805251789 ], [ -97.425310018376678, 15.95137418298294 ], [ -97.425630807892873, 15.951115568646458 ], [ -97.425553543452779, 15.950916743051897 ], [ -97.424872189783756, 15.950247503866422 ], [ -97.424684867763233, 15.95001228810346 ], [ -97.424492049714686, 15.949583854744455 ], [ -97.424403917243112, 15.949207022944732 ], [ -97.424185451220538, 15.947876907902288 ], [ -97.424091867141087, 15.947525454224232 ], [ -97.423873606601532, 15.947215452072344 ], [ -97.423655389862475, 15.947124045378942 ], [ -97.422855305958663, 15.947007481309848 ], [ -97.422574280093542, 15.94688511221298 ], [ -97.422062910639525, 15.946430621629117 ], [ -97.421613410360266, 15.945903718111706 ], [ -97.420027129098557, 15.943899320654399 ], [ -97.419598615474484, 15.943377651173488 ], [ -97.41928044630987, 15.94304671700692 ], [ -97.419036043018224, 15.942842041852563 ], [ -97.418732578445514, 15.942627214520948 ], [ -97.41922849873967, 15.942287724209239 ], [ -97.419777826488939, 15.942029290857215 ], [ -97.420365301681514, 15.941852870412879 ], [ -97.420359811429563, 15.942077555263767 ], [ -97.420373539928605, 15.942306047400635 ], [ -97.420372287598099, 15.942466014196825 ], [ -97.420418617734057, 15.942588360298485 ], [ -97.420637425369421, 15.94282719872637 ], [ -97.420903678025866, 15.943046050145153 ], [ -97.421927387406271, 15.943828515896561 ], [ -97.422298841272337, 15.944032885229239 ], [ -97.423008579196861, 15.944204144226545 ], [ -97.423651036350449, 15.944244429485112 ], [ -97.425939432599705, 15.944261154978015 ], [ -97.426576835606539, 15.944275976558918 ], [ -97.427262985416505, 15.944328431874505 ], [ -97.42760579640715, 15.944388547606282 ], [ -97.428519432342426, 15.944616631437251 ], [ -97.428757006174536, 15.944696312515035 ], [ -97.428952046829991, 15.944840075863281 ], [ -97.428993102365055, 15.944965771202186 ], [ -97.428989653967591, 15.945408586183881 ], [ -97.429114773851566, 15.945534894307498 ], [ -97.429702115712388, 15.945681516320549 ], [ -97.430416056187411, 15.945764666299667 ], [ -97.43316044194394, 15.946006057575199 ], [ -97.43388489416229, 15.946089272686798 ], [ -97.434521280086571, 15.946236238381145 ], [ -97.434705950117419, 15.946362976169393 ], [ -97.434931357564466, 15.946807454479256 ], [ -97.435032042184218, 15.946923414783505 ], [ -97.435276495891586, 15.947020084503833 ], [ -97.435525030826383, 15.947042223592637 ], [ -97.436440406921207, 15.947048867417639 ], [ -97.436688942147214, 15.947071005177971 ], [ -97.436933397000715, 15.947167673103555 ], [ -97.437034083021388, 15.947283632587208 ], [ -97.437259496668986, 15.94772810897487 ], [ -97.437685700890057, 15.947876930580888 ], [ -97.439449243187383, 15.948126946587946 ], [ -97.441542389817641, 15.948335274410864 ], [ -97.449546913479068, 15.949057285892582 ], [ -97.451650441655772, 15.949285926414182 ], [ -97.45346233564986, 15.949631072669671 ], [ -97.453947222920249, 15.949895514498454 ], [ -97.454398133824995, 15.950784438636507 ], [ -97.454599375014595, 15.951036676843961 ], [ -97.455087588304579, 15.951324864141851 ], [ -97.455583795003079, 15.951484321286209 ], [ -97.457411217933014, 15.9519402589463 ], [ -97.457907583945058, 15.952079377414719 ], [ -97.458396530512985, 15.95227266763245 ], [ -97.458598659173006, 15.952409678827077 ], [ -97.459052980282394, 15.952855774324956 ], [ -97.459486220873856, 15.953004605217254 ], [ -97.4610536909518, 15.953253047643956 ], [ -97.462859697055663, 15.95345912259587 ], [ -97.469720294253221, 15.95417223984135 ], [ -97.471746775748471, 15.954410310018602 ], [ -97.474343058407896, 15.95480829863139 ], [ -97.47602555226922, 15.955138788701287 ], [ -97.481280942783002, 15.956283030749447 ], [ -97.482669293176116, 15.956601228905157 ], [ -97.483892830940448, 15.956941982387473 ], [ -97.484252387794726, 15.957110581747532 ], [ -97.484706780366182, 15.957556628802147 ], [ -97.485024226889593, 15.957735098177137 ], [ -97.486051252834912, 15.958121905917265 ], [ -97.487200989787766, 15.958496014470628 ], [ -97.491539440245816, 15.959854999300948 ], [ -97.492752026247345, 15.960260022468246 ], [ -97.494072275151666, 15.960791191311682 ], [ -97.494745756525617, 15.961144984612313 ], [ -97.496568428916248, 15.962264847357829 ], [ -97.497252277697839, 15.962639040913391 ], [ -97.498620892347731, 15.963265418281708 ], [ -97.499892211143134, 15.963786045284834 ], [ -97.504456466091696, 15.965589210753709 ], [ -97.505770232205151, 15.966059262435666 ], [ -97.507336835970648, 15.966449719580597 ], [ -97.508261070475911, 15.966537466893632 ], [ -97.511007559041261, 15.966556482570883 ], [ -97.511732491388088, 15.96659199858316 ], [ -97.512369018854315, 15.966738744457741 ], [ -97.512553411325641, 15.966912867353209 ], [ -97.512777382188673, 15.967578695998041 ], [ -97.512877698938496, 15.967752237753405 ], [ -97.513121872338743, 15.967896270571588 ], [ -97.513370374682381, 15.967928489776309 ], [ -97.514285878913356, 15.967934811036034 ], [ -97.514649762528947, 15.967998327898384 ], [ -97.515432383090911, 15.968288419408205 ], [ -97.516186530999136, 15.968639317428272 ], [ -97.518923289495078, 15.969986732275478 ], [ -97.519714122788557, 15.97035312268827 ], [ -97.520667898288011, 15.970715546725266 ], [ -97.521239599642172, 15.970866905979966 ], [ -97.522953765785829, 15.971210819530491 ], [ -97.52334635622158, 15.971421949633886 ], [ -97.523464274855556, 15.972063317875962 ], [ -97.523240137367651, 15.972768428323011 ], [ -97.522076223279754, 15.975417569750727 ], [ -97.52177843105386, 15.976132339415765 ], [ -97.521552667201973, 15.976818795283842 ], [ -97.521132380201323, 15.977276837404942 ], [ -97.520692120936999, 15.977353456592342 ], [ -97.5192059815205, 15.977121804796623 ], [ -97.518766956530996, 15.977030663397869 ], [ -97.518204310765796, 15.97683699388902 ], [ -97.517839556293154, 15.976651464814575 ], [ -97.516700018620952, 15.975979329516234 ], [ -97.516350582771565, 15.975854909184873 ], [ -97.515859414771896, 15.975946418865524 ], [ -97.515507180905672, 15.976201567205246 ], [ -97.514354583439953, 15.977300746017507 ], [ -97.514033650573609, 15.977586610430233 ], [ -97.513688568491247, 15.977821469627346 ], [ -97.513516527661139, 15.97787111870907 ], [ -97.513058753072329, 15.977867955016414 ], [ -97.512929278353553, 15.977846724918882 ], [ -97.512782837613443, 15.97775081536013 ], [ -97.512703111320974, 15.977635031847099 ], [ -97.511346762350755, 15.977067564557082 ], [ -97.50939959132279, 15.977275508367901 ], [ -97.508856445019433, 15.977288690192578 ], [ -97.508268935383285, 15.977142271546711 ], [ -97.507972782729865, 15.976919921096057 ], [ -97.507178250265198, 15.976028703775127 ], [ -97.506845390909049, 15.975795929737528 ] ], [ [ -97.437653709849783, 15.955623034657187 ], [ -97.438031861916372, 15.955646111899181 ], [ -97.439404986439541, 15.955656065430366 ], [ -97.439767100747972, 15.955714608930325 ], [ -97.440083842918256, 15.955977863467021 ], [ -97.440174217402472, 15.956295398360323 ], [ -97.440279222663918, 15.957513973524813 ], [ -97.440342814771981, 15.957897401758865 ], [ -97.440534572909286, 15.958468158333527 ], [ -97.440744921557553, 15.958900096522905 ], [ -97.441534796317526, 15.960345050300631 ], [ -97.441803615831532, 15.96069098897309 ], [ -97.442268226212263, 15.960860416359404 ], [ -97.442663134757609, 15.960756516387399 ], [ -97.444041425347933, 15.960102217168114 ], [ -97.44445252664093, 15.959942510570606 ], [ -97.444992713580447, 15.959851517349911 ], [ -97.44535330855507, 15.959881233845149 ], [ -97.446495900300164, 15.960110901348408 ], [ -97.446787835882319, 15.960185873026253 ], [ -97.447007608439478, 15.960306076775213 ], [ -97.447029633453369, 15.960402825058322 ], [ -97.446912643865033, 15.960734113354869 ], [ -97.446913572675072, 15.960840876789797 ], [ -97.44703489708958, 15.961007817889326 ], [ -97.447207289071244, 15.961139541638538 ], [ -97.44789046236464, 15.961587310236808 ], [ -97.448104421538233, 15.961780336859348 ], [ -97.448419723305861, 15.962233360115091 ], [ -97.448656195723032, 15.962687509568688 ], [ -97.449444438366015, 15.964353849442682 ], [ -97.449733617387238, 15.964788043009341 ], [ -97.450294870814801, 15.965147940194338 ], [ -97.450807481829955, 15.96522788470636 ], [ -97.452638412913359, 15.965241053252823 ], [ -97.45312510393363, 15.965275053034546 ], [ -97.453565397005349, 15.965420559068219 ], [ -97.453707696064413, 15.965594425908488 ], [ -97.453931465622205, 15.966260298890706 ], [ -97.454105293280563, 15.966434391980412 ], [ -97.454692719280857, 15.966580952573796 ], [ -97.455358071730672, 15.96661623012797 ], [ -97.45787562518241, 15.966634281189027 ], [ -97.458578267416414, 15.966603728207449 ], [ -97.45933970850939, 15.966443112724276 ], [ -97.459724838656371, 15.96624421633622 ], [ -97.460760667496785, 15.965476646896558 ], [ -97.461020072214069, 15.965226012090699 ], [ -97.461194802936475, 15.96482395578486 ], [ -97.461185014070978, 15.96450022475233 ], [ -97.460964603575945, 15.963391536297422 ], [ -97.460870819765177, 15.963057037432893 ], [ -97.460653571885175, 15.962604731168801 ], [ -97.460437001906541, 15.962293078104887 ], [ -97.459643594014693, 15.961291002087169 ], [ -97.459363739823957, 15.961009397495598 ], [ -97.458851157823517, 15.960697319499941 ], [ -97.458398752043152, 15.960533097885078 ], [ -97.456800111059522, 15.960078802171379 ], [ -97.456363355269573, 15.95992993969139 ], [ -97.455923798241074, 15.959689550174449 ], [ -97.455732615120525, 15.959494999645893 ], [ -97.455279985330307, 15.958827486746772 ], [ -97.45514111407013, 15.958663813057031 ], [ -97.454945676351443, 15.958567515747232 ], [ -97.454805350658503, 15.958593621832277 ], [ -97.454345934461102, 15.95881174698601 ], [ -97.454216195375537, 15.95882776131146 ], [ -97.454070163194388, 15.958684370277577 ], [ -97.453991285019598, 15.958463511670745 ], [ -97.453769219902526, 15.957576229179251 ], [ -97.453658972062414, 15.957334810590188 ], [ -97.453366546710456, 15.957095472869241 ], [ -97.453059044133781, 15.956994980109883 ], [ -97.451916458946783, 15.956765348282433 ], [ -97.451608879685153, 15.956675020326815 ], [ -97.451316093421624, 15.956483125025905 ], [ -97.45120540648881, 15.95629931715504 ], [ -97.45098165416654, 15.955633442519899 ], [ -97.450870967948518, 15.955449634531407 ], [ -97.450578184152747, 15.95525773842561 ], [ -97.450270607909061, 15.955167408802478 ], [ -97.44912803746432, 15.954937763336405 ], [ -97.448768310596748, 15.95479621955273 ], [ -97.448232155161037, 15.954365330208576 ], [ -97.447825946818185, 15.953891317736154 ], [ -97.44646647608252, 15.952110145483426 ], [ -97.445965543648825, 15.951655781644762 ], [ -97.444987317739148, 15.951316590878964 ], [ -97.444090783185644, 15.951286394164052 ], [ -97.44088517786976, 15.951484640138609 ], [ -97.439993623728895, 15.951490047894318 ], [ -97.439038645369564, 15.951317064944343 ], [ -97.438565945518505, 15.95106454103283 ], [ -97.437314997715376, 15.950059077755879 ], [ -97.436974011413213, 15.949761753267008 ], [ -97.436633682871545, 15.949379705788308 ], [ -97.436488484966887, 15.949131248493298 ], [ -97.436151223950574, 15.948353828647507 ], [ -97.435995164333832, 15.94815104500991 ], [ -97.435604146133386, 15.947982141028852 ], [ -97.435201608252584, 15.947943632712414 ], [ -97.433714116604662, 15.947932825385122 ], [ -97.433326789004411, 15.947965595004272 ], [ -97.433006750862447, 15.94812933313109 ], [ -97.432936881034877, 15.948330475690469 ], [ -97.432930860076155, 15.949105403124078 ], [ -97.432991868868115, 15.949368501070254 ], [ -97.43328259848046, 15.949821363908898 ], [ -97.433636918732233, 15.950205212478867 ], [ -97.43499969384375, 15.951543638795249 ], [ -97.435311868435889, 15.951942429795622 ], [ -97.435405897334732, 15.952465032484971 ], [ -97.435228048159729, 15.952812816877312 ], [ -97.434304049979858, 15.953913205011563 ], [ -97.434079264511624, 15.954214894302348 ], [ -97.433954269829798, 15.954522392476065 ], [ -97.434000492103365, 15.954659986543071 ], [ -97.43434119166912, 15.954994593813279 ], [ -97.434471956439353, 15.955071798751307 ], [ -97.434741491843099, 15.955097481262706 ], [ -97.434995777497264, 15.955056965423827 ], [ -97.43591290744483, 15.954842206718277 ], [ -97.436172407512686, 15.954806810941024 ], [ -97.436466278965753, 15.954856391597433 ], [ -97.436626595460851, 15.954962617067224 ], [ -97.43708086876083, 15.955408755021947 ], [ -97.43726212440896, 15.955525299289933 ], [ -97.437653709849783, 15.955623034657187 ] ] ] ] } },
{ "type": "Feature", "properties": { "fid": 57.0, "cat": 53, "CLAVE_ACUI": "2019", "NOM_ACUIF": "CHACAHUA", "VULNERABIL": 3 }, "geometry": { "type": "MultiPolygon", "coordinates": [ [ [ [ -97.566364298429761, 15.970765201672132 ], [ -97.565920071491348, 15.971485323245235 ], [ -97.565965698883517, 15.972949867186234 ], [ -97.566625406887155, 15.974771005158038 ], [ -97.566838557198864, 15.9763270502176 ], [ -97.566245354455816, 15.976973870647914 ], [ -97.565346424281969, 15.977257109890093 ], [ -97.564441758362136, 15.977034150419771 ], [ -97.563426082595072, 15.976656791406796 ], [ -97.561683645329637, 15.976003415090933 ], [ -97.560947668718683, 15.97570926136383 ], [ -97.559844759298286, 15.975774189089098 ], [ -97.557275626096796, 15.975756975485055 ], [ -97.556631914748863, 15.975626118942735 ], [ -97.55599813002074, 15.975413980829156 ], [ -97.55518684377995, 15.975200648981591 ], [ -97.554365698162542, 15.975059555758833 ], [ -97.553543060712286, 15.975126334342571 ], [ -97.552729180590418, 15.975274514881276 ], [ -97.552140163649284, 15.975333820983161 ], [ -97.551560618787306, 15.975375112283093 ], [ -97.550971991733689, 15.975380186973569 ], [ -97.550253354157604, 15.97527592245083 ], [ -97.549554183250109, 15.975063325305758 ], [ -97.548874089236818, 15.97479662392055 ], [ -97.548249985239863, 15.974539336777546 ], [ -97.547635290343862, 15.974273072999564 ], [ -97.547011320237999, 15.97399770649206 ], [ -97.546350179060724, 15.973694971816007 ], [ -97.54568910528117, 15.973383197257455 ], [ -97.545037310510793, 15.97308052200432 ], [ -97.544469335497141, 15.972814565712724 ], [ -97.543910900215337, 15.97252155725735 ], [ -97.543408976669483, 15.972165660931697 ], [ -97.542815530747461, 15.97154702905655 ], [ -97.542403604856005, 15.97108319469319 ], [ -97.541675163361887, 15.970337191719409 ], [ -97.541090677271868, 15.969772847127588 ], [ -97.540514357671995, 15.969371248352527 ], [ -97.539928633018363, 15.96897862282022 ], [ -97.539400338202029, 15.968396578576215 ], [ -97.539003487789287, 15.967725041240012 ], [ -97.539050661295647, 15.967427014315822 ], [ -97.539752579177417, 15.967097059644392 ], [ -97.541392932540958, 15.966430473789103 ], [ -97.542789140837371, 15.966322712843686 ], [ -97.5439640910854, 15.965878322171298 ], [ -97.545016968424761, 15.965433932551724 ], [ -97.545642591952429, 15.965338569076506 ], [ -97.546283474728071, 15.965343336225704 ], [ -97.547580498625322, 15.96545109378682 ], [ -97.548190863198116, 15.965473980460679 ], [ -97.550014326042543, 15.965566479365522 ], [ -97.551280831603506, 15.965593179937715 ], [ -97.551944602563651, 15.965571245792626 ], [ -97.552608374337282, 15.965485418178202 ], [ -97.553256885974932, 15.965308043516686 ], [ -97.553783324437759, 15.964932315083173 ], [ -97.554134282838604, 15.96403113974956 ], [ -97.554561536308697, 15.963428448889186 ], [ -97.555072716362403, 15.962907769080593 ], [ -97.556011150941771, 15.962570184665756 ], [ -97.557064029189036, 15.96280286797862 ], [ -97.557407359259003, 15.963149033459683 ], [ -97.558109278791719, 15.963379808952878 ], [ -97.558864604590127, 15.9634751706917 ], [ -97.559627560298878, 15.963499010404322 ], [ -97.56084828822452, 15.963307330259916 ], [ -97.563297374303446, 15.963088947304945 ], [ -97.56410610725375, 15.963039357581389 ], [ -97.565120837013168, 15.963083223824794 ], [ -97.565799868105771, 15.963150930263518 ], [ -97.566471268401514, 15.963299694637429 ], [ -97.567104521497811, 15.963548589702746 ], [ -97.568378658108472, 15.964352492939568 ], [ -97.569011911216265, 15.964609970682865 ], [ -97.570270788117028, 15.964970438874806 ], [ -97.571491516675295, 15.965249849188837 ], [ -97.57221563539872, 15.96539320002182 ], [ -97.571910359736435, 15.965544166338361 ], [ -97.571584314583063, 15.965787598520897 ], [ -97.571375068968507, 15.96598726784044 ], [ -97.57130221287899, 15.966056789612013 ], [ -97.571182104475113, 15.966196646919624 ], [ -97.571114691962649, 15.966340710800768 ], [ -97.571060313210324, 15.966573741480884 ], [ -97.571056386820061, 15.967127295244033 ], [ -97.570997488840334, 15.967281115763795 ], [ -97.570726557828095, 15.967445390880233 ], [ -97.570398411399253, 15.967526248675838 ], [ -97.569137991427255, 15.967739305552049 ], [ -97.568783569414308, 15.967819986127676 ], [ -97.568390020876024, 15.967983442751621 ], [ -97.568182230630129, 15.968136271960981 ], [ -97.567606089803164, 15.968686017674996 ], [ -97.567455958167244, 15.968859565342326 ], [ -97.567331486391851, 15.969119709788439 ], [ -97.567303801368553, 15.969317797143633 ], [ -97.567299076442723, 15.969982060392796 ], [ -97.567380469577685, 15.970249522432596 ], [ -97.567339541633004, 15.970256500688144 ], [ -97.567170612633049, 15.970363838293173 ], [ -97.566364298429761, 15.970765201672132 ] ] ] ] } },
{ "type": "Feature", "properties": { "fid": 58.0, "cat": 59, "CLAVE_ACUI": "2019", "NOM_ACUIF": "CHACAHUA", "VULNERABIL": 4 }, "geometry": { "type": "MultiPolygon", "coordinates": [ [ [ [ -97.347830794156948, 15.973162775014206 ], [ -97.348258176094589, 15.973164361783475 ], [ -97.348648763183775, 15.973380864288576 ], [ -97.34877936302972, 15.973688567491093 ], [ -97.34899824252166, 15.97490801358572 ], [ -97.349081177310637, 15.975261101873398 ], [ -97.349249326048067, 15.975689401136306 ], [ -97.349406603869213, 15.97594816888135 ], [ -97.34997242047767, 15.976727451791112 ], [ -97.35004616748391, 15.976919493735725 ], [ -97.349824500856968, 15.977036407099678 ], [ -97.34943408727753, 15.977011383664619 ], [ -97.347833826981372, 15.976777687402954 ], [ -97.347380859853686, 15.976691178643438 ], [ -97.346867271179136, 15.976521173685464 ], [ -97.346586540182557, 15.976364818721342 ], [ -97.345790053055225, 15.975805166322214 ], [ -97.345583180543969, 15.975613794061612 ], [ -97.34541426015771, 15.975280377411259 ], [ -97.345379817544355, 15.97499544030874 ], [ -97.345388005069609, 15.973999150476752 ], [ -97.345463782403883, 15.973730311257617 ], [ -97.345809222265046, 15.973472017734069 ], [ -97.346226930359151, 15.973371865525969 ], [ -97.347830794156948, 15.973162775014206 ] ] ] ] } },
{ "type": "Feature", "properties": { "fid": 59.0, "cat": 60, "CLAVE_ACUI": "2019", "NOM_ACUIF": "CHACAHUA", "VULNERABIL": 3 }, "geometry": { "type": "MultiPolygon", "coordinates": [ [ [ [ -97.330044496939593, 15.97265155473707 ], [ -97.329586143455359, 15.972626873099836 ], [ -97.328651171409874, 15.972678014815873 ], [ -97.326321727958828, 15.97321795159497 ], [ -97.325487230106972, 15.973306348690086 ], [ -97.323350305736938, 15.973304393499779 ], [ -97.322078993626846, 15.973413821229361 ], [ -97.321471326965977, 15.973562475408141 ], [ -97.320957504221553, 15.973773501663722 ], [ -97.320636832183837, 15.973962144480405 ], [ -97.320443037507289, 15.974096188498754 ], [ -97.320000078218868, 15.974282509562126 ], [ -97.319561073704406, 15.974414637852211 ], [ -97.317006532933007, 15.974988549938995 ], [ -97.299941063035533, 15.9480880896946 ], [ -97.298360720208848, 15.945592396403798 ], [ -97.299358864668761, 15.945836653536606 ], [ -97.299867039375883, 15.946040849729862 ], [ -97.300186681291478, 15.946217131009277 ], [ -97.301028162658952, 15.946830346417457 ], [ -97.302216137048219, 15.947852693933905 ], [ -97.302845750017426, 15.948394526536694 ], [ -97.303438515940513, 15.948756778391392 ], [ -97.304217112503778, 15.948955064510832 ], [ -97.304679554868372, 15.949040896581259 ], [ -97.304694715878767, 15.94907669633446 ], [ -97.304905347759103, 15.949082805093072 ], [ -97.305817074704649, 15.949109247053428 ], [ -97.309709069863018, 15.948918407184461 ], [ -97.310826518112435, 15.948910226305003 ], [ -97.31214928324674, 15.949062927061501 ], [ -97.312921500738099, 15.949289254599563 ], [ -97.315202429183884, 15.950192740321212 ], [ -97.315838140339068, 15.950407823733906 ], [ -97.316523850827039, 15.950508072836149 ], [ -97.316867724623336, 15.950436203427254 ], [ -97.317786755744649, 15.950000562413058 ], [ -97.3181306284133, 15.949928690857593 ], [ -97.318816339185588, 15.950028932616625 ], [ -97.319452054794112, 15.950244005684167 ], [ -97.321733029981402, 15.951147426004312 ], [ -97.322400191740897, 15.951372902685582 ], [ -97.323232625371062, 15.951521718518258 ], [ -97.323754653138295, 15.951508836441775 ], [ -97.325358346858494, 15.951299898688221 ], [ -97.32590214962265, 15.951195679410018 ], [ -97.32683620209265, 15.950918265365919 ], [ -97.327626758630856, 15.950626177421055 ], [ -97.330381955140012, 15.949540493814183 ], [ -97.331203688912311, 15.949289300666871 ], [ -97.332283265977154, 15.949202769432452 ], [ -97.333003787627973, 15.949330347390116 ], [ -97.335286655893697, 15.950012231941251 ], [ -97.33588554681522, 15.950235445817295 ], [ -97.336397493266347, 15.950595239207255 ], [ -97.336529953463611, 15.950886017155904 ], [ -97.336636153791673, 15.951883188142061 ], [ -97.336726415704987, 15.952193973895469 ], [ -97.337041438127642, 15.952647136240763 ], [ -97.337401209073022, 15.952983724860786 ], [ -97.338765126238243, 15.954101305176875 ], [ -97.339119858070092, 15.954412435355893 ], [ -97.339411347362159, 15.954746800127126 ], [ -97.339473027940926, 15.954913334313938 ], [ -97.33946938070271, 15.955356129259556 ], [ -97.339536189904265, 15.955537953264786 ], [ -97.3398516142354, 15.955943670138724 ], [ -97.340235412410422, 15.956341441206634 ], [ -97.341711058360517, 15.957791984499741 ], [ -97.34213698026457, 15.958179910244777 ], [ -97.342648958131122, 15.958539691487605 ], [ -97.342954432132174, 15.958665739203433 ], [ -97.343867999938269, 15.958894179037634 ], [ -97.344116389746844, 15.958933367754623 ], [ -97.344361972849953, 15.958887810661254 ], [ -97.344464415849117, 15.958783540567538 ], [ -97.344696899464509, 15.958342503845495 ], [ -97.344814728697912, 15.95828410275552 ], [ -97.345132115842659, 15.958452601023803 ], [ -97.345467697723862, 15.958751713614722 ], [ -97.346716368239456, 15.959979070752224 ], [ -97.347040362663336, 15.960410261805865 ], [ -97.34730365797995, 15.961195133081693 ], [ -97.347355798683111, 15.961885187007137 ], [ -97.347335823474353, 15.964320567145988 ], [ -97.347309024264945, 15.965025265238172 ], [ -97.347203937832958, 15.96587847642347 ], [ -97.347080613296725, 15.966392651377969 ], [ -97.346610180934377, 15.967938922267786 ], [ -97.346466670111539, 15.968351272710246 ], [ -97.346267389865247, 15.968729304890015 ], [ -97.346126215034516, 15.968857000465661 ], [ -97.345666679332439, 15.969074880479322 ], [ -97.345546312783981, 15.969228152743105 ], [ -97.345444138106004, 15.969725543877598 ], [ -97.345418540736361, 15.970282830413685 ], [ -97.345401259836692, 15.972386109592465 ], [ -97.345480918579909, 15.972923871603971 ], [ -97.345869942792504, 15.973330148392911 ], [ -97.346226930359151, 15.973371865525969 ], [ -97.345809222265046, 15.973472017734069 ], [ -97.345463782403883, 15.973730311257617 ], [ -97.345388005069609, 15.973999150476752 ], [ -97.345174616008791, 15.973748421161392 ], [ -97.344170614548162, 15.973574638165269 ], [ -97.342949715933841, 15.973577100305699 ], [ -97.338256190225479, 15.973762313347088 ], [ -97.336920076221475, 15.973778466682889 ], [ -97.335196874191752, 15.973670884676997 ], [ -97.334149070933151, 15.973500105659816 ], [ -97.330950503897242, 15.972811086434586 ], [ -97.330044496939593, 15.97265155473707 ] ] ] ] } },
{ "type": "Feature", "properties": { "fid": 61.0, "cat": 63, "CLAVE_ACUI": "2019", "NOM_ACUIF": "CHACAHUA", "VULNERABIL": 3 }, "geometry": null },
{ "type": "Feature", "properties": { "fid": 62.0, "cat": 65, "CLAVE_ACUI": "2019", "NOM_ACUIF": "CHACAHUA", "VULNERABIL": 4 }, "geometry": null },
{ "type": "Feature", "properties": { "fid": 63.0, "cat": 64, "CLAVE_ACUI": "2019", "NOM_ACUIF": "CHACAHUA", "VULNERABIL": 3 }, "geometry": { "type": "MultiPolygon", "coordinates": [ [ [ [ -97.397251490495989, 15.970373484496685 ], [ -97.395876530298722, 15.970584656530692 ], [ -97.395435091365101, 15.970588143622386 ], [ -97.394750005372217, 15.970393248928657 ], [ -97.394212751325796, 15.970111340587664 ], [ -97.392390663708596, 15.968990655966472 ], [ -97.391895453285088, 15.968709056433093 ], [ -97.39140654668789, 15.968515617583272 ], [ -97.39120331788267, 15.968520876605563 ], [ -97.390743822203561, 15.968738857529791 ], [ -97.390587680825419, 15.968769885687918 ], [ -97.390318517436867, 15.968696703295022 ], [ -97.390090139994413, 15.968561128778024 ], [ -97.38929354461888, 15.968001628724522 ], [ -97.389133924308382, 15.967810649012767 ], [ -97.389174166028411, 15.967552423337596 ], [ -97.389185621995011, 15.967478911949234 ], [ -97.389419095321642, 15.967195981377321 ], [ -97.390456933782573, 15.966207372133864 ], [ -97.390779445199357, 15.965960690266128 ], [ -97.391246665789794, 15.965798120461438 ], [ -97.391591613103941, 15.965812559762014 ], [ -97.392734148981546, 15.966042510087767 ], [ -97.393036980295193, 15.966066799716605 ], [ -97.393307655110775, 15.965950204308365 ], [ -97.393391501860307, 15.965759350124349 ], [ -97.393512111314024, 15.964985292773717 ], [ -97.393580396760697, 15.964768904617085 ], [ -97.393778453173525, 15.964533150555669 ], [ -97.393993105395424, 15.964412747026266 ], [ -97.394796758205274, 15.964086616117056 ], [ -97.395026403290757, 15.964062910591869 ], [ -97.395294429334257, 15.964278417516455 ], [ -97.395447679015064, 15.96460999022753 ], [ -97.395894820917164, 15.965941822463275 ], [ -97.396228220528855, 15.96646062334767 ], [ -97.396493967893988, 15.966721700796681 ], [ -97.396793007430489, 15.966968086727658 ], [ -97.397365070385462, 15.967352125705126 ], [ -97.39771773058763, 15.96760046910687 ], [ -97.398214191574482, 15.967900904930602 ], [ -97.398891288710686, 15.96823880092764 ], [ -97.399831955928704, 15.968643945345015 ], [ -97.400374499538302, 15.968842369595395 ], [ -97.400671582771253, 15.968975392381195 ], [ -97.400856520738429, 15.969078460328848 ], [ -97.401110920714089, 15.969255155253542 ], [ -97.40123905234266, 15.96938417491018 ], [ -97.400781321342819, 15.969380774109892 ], [ -97.400030502620453, 15.969375193650297 ], [ -97.399651377496284, 15.969450699839141 ], [ -97.399219925164857, 15.969614515404215 ], [ -97.398624849703367, 15.969922799854306 ], [ -97.398232804437939, 15.970102890029889 ], [ -97.397667303457936, 15.970288466078362 ], [ -97.397251490495989, 15.970373484496685 ] ] ] ] } },
{ "type": "Feature", "properties": { "fid": 64.0, "cat": 67, "CLAVE_ACUI": "2019", "NOM_ACUIF": "CHACAHUA", "VULNERABIL": 4 }, "geometry": null },
{ "type": "Feature", "properties": { "fid": 65.0, "cat": 68, "CLAVE_ACUI": "2019", "NOM_ACUIF": "CHACAHUA", "VULNERABIL": 4 }, "geometry": null },
{ "type": "Feature", "properties": { "fid": 66.0, "cat": 66, "CLAVE_ACUI": "2019", "NOM_ACUIF": "CHACAHUA", "VULNERABIL": 3 }, "geometry": null },
{ "type": "Feature", "properties": { "fid": 67.0, "cat": 70, "CLAVE_ACUI": "2019", "NOM_ACUIF": "CHACAHUA", "VULNERABIL": 4 }, "geometry": { "type": "MultiPolygon", "coordinates": [ [ [ [ -97.387306413277727, 15.966790425489034 ], [ -97.387379053381821, 15.966906196325136 ], [ -97.387378293780998, 15.967001083132278 ], [ -97.387304568455022, 15.967020864870497 ], [ -97.386961276575803, 15.967018292510126 ], [ -97.386856350062416, 15.966997172061626 ], [ -97.386709984929183, 15.966901182607938 ], [ -97.386193435019848, 15.966224025823029 ], [ -97.386193456585332, 15.966221333775495 ], [ -97.386194195139666, 15.966129139064639 ], [ -97.386267920202172, 15.966109357685337 ], [ -97.386611210415225, 15.966111931008792 ], [ -97.386716136438935, 15.966133051533673 ], [ -97.386862501053173, 15.966229040938613 ], [ -97.386967673899932, 15.966346367562393 ], [ -97.387306413277727, 15.966790425489034 ] ] ] ] } },
{ "type": "Feature", "properties": { "fid": 68.0, "cat": 69, "CLAVE_ACUI": "2019", "NOM_ACUIF": "CHACAHUA", "VULNERABIL": 4 }, "geometry": { "type": "MultiPolygon", "coordinates": [ [ [ [ -97.385620561960621, 15.966309898439754 ], [ -97.385618161419515, 15.966609448860019 ], [ -97.385601583322185, 15.966710994982583 ], [ -97.385526880250509, 15.966852773319786 ], [ -97.385436739614462, 15.966953767642172 ], [ -97.385114225587913, 15.967260968849056 ], [ -97.385027399137726, 15.967323492809363 ], [ -97.384997579277595, 15.96733693788034 ], [ -97.384956953447499, 15.967338200533669 ], [ -97.384936260372939, 15.967331427294255 ], [ -97.384913806769688, 15.967315552073369 ], [ -97.384896283300904, 15.967290386728637 ], [ -97.384853507014938, 15.967166288888079 ], [ -97.384743514668301, 15.966611924528754 ], [ -97.384735952832145, 15.966462751160973 ], [ -97.384747515627808, 15.966440806380279 ], [ -97.384810656261962, 15.966320973131451 ], [ -97.384924937235681, 15.966267606401534 ], [ -97.385383544843179, 15.966160339092694 ], [ -97.385502754135146, 15.966147677185715 ], [ -97.38560045682884, 15.966195856192373 ], [ -97.385620822832266, 15.966277345308198 ], [ -97.385620561960621, 15.966309898439754 ] ] ] ] } },
{ "type": "Feature", "properties": { "fid": 69.0, "cat": 61, "CLAVE_ACUI": "2019", "NOM_ACUIF": "CHACAHUA", "VULNERABIL": 3 }, "geometry": { "type": "MultiPolygon", "coordinates": [ [ [ [ -97.383932599935903, 15.966675877375264 ], [ -97.383678673338778, 15.966887478549584 ], [ -97.382583916868313, 15.967543501134456 ], [ -97.38231279949504, 15.967714303159083 ], [ -97.381973618473509, 15.967854092049915 ], [ -97.381747430999695, 15.967882892640946 ], [ -97.381060846255792, 15.967877729380641 ], [ -97.380777595016895, 15.967814596488054 ], [ -97.380142341689833, 15.967525139870416 ], [ -97.37951808994282, 15.967174762234301 ], [ -97.377240186647526, 15.965829111226364 ], [ -97.376562828284719, 15.96554949453922 ], [ -97.375679706493699, 15.965590278482283 ], [ -97.375095458971387, 15.965928158103956 ], [ -97.373252075494904, 15.967464136649431 ], [ -97.372698606323027, 15.967893744422424 ], [ -97.371959148490802, 15.968362611703398 ], [ -97.371456250350846, 15.968602814644095 ], [ -97.369848846475122, 15.969254888266203 ], [ -97.369377553194596, 15.969485158338252 ], [ -97.368785592688951, 15.969907685149902 ], [ -97.368411227771986, 15.970281025101547 ], [ -97.367256144118826, 15.971600747820556 ], [ -97.366819213345366, 15.971912607928125 ], [ -97.365935295557293, 15.972048234820459 ], [ -97.365109488836481, 15.971930125665812 ], [ -97.362139657082125, 15.971243301217338 ], [ -97.361271903967463, 15.971114691581567 ], [ -97.360192206301164, 15.971201358159389 ], [ -97.359517531660032, 15.971453778142756 ], [ -97.357448735134625, 15.972545061410361 ], [ -97.356747531658172, 15.972827770220793 ], [ -97.355544056802472, 15.973055803910407 ], [ -97.354526012038207, 15.973098855488814 ], [ -97.350978616734324, 15.973071697940316 ], [ -97.350034677961787, 15.973049211313057 ], [ -97.349177022120372, 15.97297146470018 ], [ -97.348895737967737, 15.972882887948908 ], [ -97.348440734766726, 15.972547277924489 ], [ -97.348323091809476, 15.972368454531388 ], [ -97.348229093807234, 15.971869555880014 ], [ -97.348212453688504, 15.971335666938842 ], [ -97.348228796191435, 15.96934308364292 ], [ -97.3482438905056, 15.968784020954836 ], [ -97.348297989221805, 15.968167645225494 ], [ -97.348360178780752, 15.967846171149601 ], [ -97.348596296841947, 15.966962334254395 ], [ -97.348678836098571, 15.966722351197374 ], [ -97.348827902492005, 15.966486267392202 ], [ -97.348958315310654, 15.966388987839434 ], [ -97.349417841735487, 15.966171099828681 ], [ -97.349559429085218, 15.965992570426865 ], [ -97.349760643334164, 15.965377321679473 ], [ -97.349906504068073, 15.964676924198702 ], [ -97.350385964352952, 15.96202364982336 ], [ -97.350600498698, 15.961278026364361 ], [ -97.351122205701287, 15.960451725298872 ], [ -97.351652966727002, 15.960016917704989 ], [ -97.353608133708306, 15.958814105519508 ], [ -97.354158739723232, 15.958521779410479 ], [ -97.354773080510313, 15.958360414159264 ], [ -97.355100105676811, 15.958422219405579 ], [ -97.356011885477955, 15.958872008137897 ], [ -97.356322693500729, 15.958989605913255 ], [ -97.356861348893617, 15.959088608134412 ], [ -97.357320048409463, 15.959112441634829 ], [ -97.358921991199679, 15.959124655976471 ], [ -97.359401625484708, 15.959158811547715 ], [ -97.360037975854212, 15.959305996009279 ], [ -97.360467413994954, 15.959482104179322 ], [ -97.361835113562535, 15.960156754154252 ], [ -97.362206221834171, 15.960398500530962 ], [ -97.362570355885879, 15.960852004803229 ], [ -97.36271943878009, 15.961258122097689 ], [ -97.363051026217846, 15.962699832005288 ], [ -97.36316875046586, 15.963085376782143 ], [ -97.363375448852153, 15.963424668354362 ], [ -97.363520864983556, 15.963509982188679 ], [ -97.364092102719709, 15.963625030541325 ], [ -97.364261428383571, 15.963695791364822 ], [ -97.364458366161941, 15.963889330163934 ], [ -97.364469368715277, 15.963900142791857 ], [ -97.364677315076847, 15.964104499595985 ], [ -97.364796445772598, 15.964317216162206 ], [ -97.365133441251047, 15.965094723944787 ], [ -97.365230054739385, 15.965256355979646 ], [ -97.365408163758062, 15.965344206232039 ], [ -97.365548885058743, 15.965270717038017 ], [ -97.366010190048911, 15.964831391411952 ], [ -97.366161666832426, 15.964727482510327 ], [ -97.366407254667692, 15.964681900477105 ], [ -97.366606617857528, 15.964720692141219 ], [ -97.367291392678112, 15.964947300878151 ], [ -97.367501512237709, 15.964955672421805 ], [ -97.367797293989383, 15.964768131847441 ], [ -97.36800971924734, 15.964491845140403 ], [ -97.368705250837408, 15.9633900461676 ], [ -97.368917837889825, 15.963093425571056 ], [ -97.369214383555786, 15.962810996654653 ], [ -97.369425433542844, 15.962704147410827 ], [ -97.370113787542365, 15.962487945399186 ], [ -97.370339983036104, 15.962457462222988 ], [ -97.37070720898565, 15.96253141046971 ], [ -97.371005622399821, 15.962667533884686 ], [ -97.372030995853549, 15.963228825945844 ], [ -97.372302770091338, 15.963410497736662 ], [ -97.372545673155216, 15.9636970098951 ], [ -97.372620902987549, 15.963924641430456 ], [ -97.372729072392218, 15.964700409883749 ], [ -97.372778236101155, 15.964902426870001 ], [ -97.372899497126852, 15.965069404339427 ], [ -97.37302356343065, 15.9651059265427 ], [ -97.373481278439641, 15.965109385463267 ], [ -97.373642741106821, 15.965069937408813 ], [ -97.37393851815601, 15.964882387877976 ], [ -97.374199593675982, 15.964653907819383 ], [ -97.375122164493106, 15.963775214459748 ], [ -97.375467224827929, 15.963557533474809 ], [ -97.376154940011858, 15.963420383746529 ], [ -97.376792330822838, 15.963442135486897 ], [ -97.379079111265753, 15.963680780271899 ], [ -97.379694996087167, 15.963763363718799 ], [ -97.38028234068797, 15.96391012187971 ], [ -97.380505519259543, 15.964037194231741 ], [ -97.380959675270134, 15.964483440826985 ], [ -97.381130392734846, 15.964599951024637 ], [ -97.381472917237218, 15.964697418851978 ], [ -97.381791520417053, 15.964720148112916 ], [ -97.382935810946563, 15.964728746793639 ], [ -97.383248996991355, 15.964771767295895 ], [ -97.383566241298468, 15.964963934396216 ], [ -97.383706261514533, 15.965195438643862 ], [ -97.384042446095322, 15.966083624755804 ], [ -97.384082388509043, 15.966344878632155 ], [ -97.383932599935903, 15.966675877375264 ] ] ] ] } },
{ "type": "Feature", "properties": { "fid": 70.0, "cat": 51, "CLAVE_ACUI": "2019", "NOM_ACUIF": "CHACAHUA", "VULNERABIL": 4 }, "geometry": { "type": "MultiPolygon", "coordinates": [ [ [ [ -97.786786314980517, 15.987143926812855 ], [ -97.788087994252251, 15.985117448151938 ], [ -97.789135838284125, 15.984897371048408 ], [ -97.789088555277388, 15.983386911673213 ], [ -97.789307644761024, 15.983640214494269 ], [ -97.789361051988791, 15.984210481397346 ], [ -97.789414461415618, 15.985729604535539 ], [ -97.790635189983234, 15.986025226946335 ], [ -97.791207408267226, 15.987474734766447 ], [ -97.791619405444138, 15.988291036481238 ], [ -97.792893543277955, 15.989987531904891 ], [ -97.793928072242679, 15.99043662238371 ], [ -97.794877228285017, 15.99084865235683 ], [ -97.796387880615882, 15.991589615923658 ], [ -97.79667093932774, 15.991768686596107 ], [ -97.795698054749494, 15.992371955392873 ], [ -97.794789963390002, 15.992935047042213 ], [ -97.792962641652167, 15.994068137452659 ], [ -97.792062959171432, 15.99462645222283 ], [ -97.791938673020553, 15.994703082581946 ], [ -97.791712865629265, 15.994843101815766 ], [ -97.79104744127531, 15.995255719877893 ], [ -97.790802535768862, 15.995257850294719 ], [ -97.790619019956395, 15.995182248505539 ], [ -97.790448747128352, 15.994944024560443 ], [ -97.790389016031227, 15.994679306543336 ], [ -97.790280543935538, 15.993682179767058 ], [ -97.79011572244795, 15.993411785954496 ], [ -97.789455028298477, 15.993147073817473 ], [ -97.788676001522276, 15.993039305169019 ], [ -97.785701242363089, 15.992801073402051 ], [ -97.784917117462911, 15.992667841237543 ], [ -97.784232622624003, 15.992284346389706 ], [ -97.784180799754296, 15.992244330312202 ], [ -97.7844825344757, 15.991090078357368 ], [ -97.78472705208091, 15.989283623862738 ], [ -97.785555089273188, 15.988330149026538 ], [ -97.786786314980517, 15.987143926812855 ] ] ], [ [ [ -97.787631704254252, 15.983307036476072 ], [ -97.786812198608459, 15.982850455200376 ], [ -97.786242626814825, 15.982783967085364 ], [ -97.785643879788964, 15.982907135813278 ], [ -97.784651449763913, 15.98323597979301 ], [ -97.784135099554391, 15.983639824644495 ], [ -97.783711636463309, 15.984134585355658 ], [ -97.783351445053242, 15.984982231289445 ], [ -97.783290792888039, 15.98574117963676 ], [ -97.783230085396724, 15.986509166756772 ], [ -97.783160962808722, 15.987123440043955 ], [ -97.783101128706036, 15.98774680500229 ], [ -97.783124841077012, 15.988461034589582 ], [ -97.783270131897254, 15.989157873889036 ], [ -97.78355601797692, 15.989783195250151 ], [ -97.78323932089971, 15.989464307614181 ], [ -97.782753397021835, 15.989275134280904 ], [ -97.780924674918097, 15.98882187800937 ], [ -97.78030166944103, 15.988703101622146 ], [ -97.779223027892201, 15.988602073955501 ], [ -97.778305116581606, 15.988576523279045 ], [ -97.775100173626839, 15.988558288708127 ], [ -97.774150481038248, 15.988573213216595 ], [ -97.772923522395203, 15.988661120184045 ], [ -97.772120416211507, 15.988771778028589 ], [ -97.769599541112242, 15.989200260217201 ], [ -97.768796680779502, 15.989270232908755 ], [ -97.767570880615224, 15.989168304172725 ], [ -97.766622600121664, 15.988952718145544 ], [ -97.764925477212429, 15.988473118140334 ], [ -97.765120394803972, 15.988213749632385 ], [ -97.764869780320765, 15.98794113615376 ], [ -97.764292472045611, 15.987612410272662 ], [ -97.762969509771111, 15.986981103092891 ], [ -97.762148551440234, 15.986768478493095 ], [ -97.76027873143768, 15.985419916310281 ], [ -97.759154368906621, 15.984991868388425 ], [ -97.758996083852765, 15.984681022206127 ], [ -97.75867601665847, 15.983740289003203 ], [ -97.757667074777331, 15.980302050196096 ], [ -97.757310010180404, 15.979396691324347 ], [ -97.756652635228548, 15.97860992307265 ], [ -97.756070591405404, 15.978391326406276 ], [ -97.754011762571423, 15.978157966150974 ], [ -97.753413169617886, 15.978066372060782 ], [ -97.752678561841464, 15.977872303527343 ], [ -97.752227715303377, 15.977686657483636 ], [ -97.750858377454378, 15.977014374354653 ], [ -97.750438941896945, 15.976849243988404 ], [ -97.749850908379187, 15.976750922712188 ], [ -97.74943029539034, 15.976775594062621 ], [ -97.7480554664984, 15.976989043794989 ], [ -97.747687471904328, 15.977003849459731 ], [ -97.747344994383312, 15.976859497982929 ], [ -97.747223735596179, 15.976638476415539 ], [ -97.747000339483648, 15.975751394123385 ], [ -97.746690072835463, 15.975498766314209 ], [ -97.7455944149808, 15.97523762675478 ], [ -97.740969655130868, 15.974918536063424 ], [ -97.739653021391149, 15.974792196855216 ], [ -97.737406215709015, 15.974447957801871 ], [ -97.737398749913339, 15.974446813906903 ], [ -97.735495000861562, 15.974079741747209 ], [ -97.728865168158052, 15.972712015087394 ], [ -97.726971967455995, 15.972344931842027 ], [ -97.725194336031961, 15.972066642612035 ], [ -97.723509769300705, 15.971873627153121 ], [ -97.718749268932555, 15.971525600680767 ], [ -97.717279280234777, 15.971279583480516 ], [ -97.716278794481795, 15.971032968030224 ], [ -97.713079866546749, 15.970128091428164 ], [ -97.712110859872581, 15.969891813811424 ], [ -97.711799966815505, 15.969845353414325 ], [ -97.711753867908499, 15.969832057010008 ], [ -97.71072474065123, 15.969683538695493 ], [ -97.709866571636454, 15.96964789155189 ], [ -97.706890911293357, 15.969630034489899 ], [ -97.705864575400994, 15.969593361036246 ], [ -97.704050668360921, 15.969440091114395 ], [ -97.702485710997877, 15.969257802175374 ], [ -97.696996510975993, 15.968560316207139 ], [ -97.695442278837703, 15.968347537105 ], [ -97.693678369649021, 15.968052128710646 ], [ -97.692712729966459, 15.967842901599166 ], [ -97.689970329657882, 15.967161904951599 ], [ -97.689236059434151, 15.966933734246732 ], [ -97.688551854175714, 15.966549953464311 ], [ -97.688308687390219, 15.96622986774414 ], [ -97.687858115426906, 15.965119915961527 ], [ -97.687625329133027, 15.964820229324522 ], [ -97.686989563471769, 15.964531642820296 ], [ -97.686314113312889, 15.964419061444806 ], [ -97.683797782065909, 15.96418225166304 ], [ -97.683349861831431, 15.964127426343774 ], [ -97.683043438049921, 15.9640800236433 ], [ -97.682804843157029, 15.964022693868005 ], [ -97.682579980897998, 15.963969343735023 ], [ -97.682443003145281, 15.963902605136781 ], [ -97.682326959473599, 15.963801981072162 ], [ -97.682249365907637, 15.963722456271066 ], [ -97.682162329505516, 15.963598921691487 ], [ -97.68211883262218, 15.963527493861745 ], [ -97.682054047858159, 15.963395107604835 ], [ -97.681934246636459, 15.963176898236734 ], [ -97.683111872254315, 15.963294779235881 ], [ -97.683722235957333, 15.963344366267197 ], [ -97.68621710060124, 15.963386322357875 ], [ -97.688116858797102, 15.963334824776922 ], [ -97.691206828776387, 15.963976609834338 ], [ -97.692969255392782, 15.964250297358051 ], [ -97.694739311951906, 15.964477257658276 ], [ -97.695921892982142, 15.964620300187056 ], [ -97.697684320446953, 15.96485679640549 ], [ -97.701773761021556, 15.965513838183123 ], [ -97.70352855855333, 15.965804691969668 ], [ -97.705283356096587, 15.966104127534541 ], [ -97.709937384989885, 15.966928052395177 ], [ -97.711692182558608, 15.967246560676344 ], [ -97.714019196578448, 15.967675688910848 ], [ -97.717521161706202, 15.968310798119568 ], [ -97.718635077344672, 15.968578765278799 ], [ -97.721068905233707, 15.969064156498273 ], [ -97.723456955792926, 15.969557177222297 ], [ -97.727065734911321, 15.970338190916573 ], [ -97.729453785458304, 15.970822628961258 ], [ -97.730048891030165, 15.970934202116069 ], [ -97.733054935294888, 15.971475856625243 ], [ -97.734351960231578, 15.971699002798163 ], [ -97.735450615737193, 15.971879236733654 ], [ -97.740882858644866, 15.972806152722288 ], [ -97.741493223305014, 15.97289960726992 ], [ -97.743667646100363, 15.973263888093218 ], [ -97.745803921544862, 15.973615773361974 ], [ -97.74695598440006, 15.973798867820923 ], [ -97.748358856059241, 15.974027281266819 ], [ -97.748779447488531, 15.974089720612559 ], [ -97.749633956916256, 15.974076368888982 ], [ -97.750473208254945, 15.974154565149675 ], [ -97.751114091154378, 15.974257555566801 ], [ -97.751762603210267, 15.974396784047467 ], [ -97.753036739126429, 15.974693358725682 ], [ -97.753669992057226, 15.974824004547864 ], [ -97.754326133145824, 15.974908876358311 ], [ -97.755539232384749, 15.975041428801251 ], [ -97.762428719786115, 15.975696559614379 ], [ -97.764343737392622, 15.975870117186746 ], [ -97.769951459212891, 15.976480428881926 ], [ -97.771210335842596, 15.976651126699384 ], [ -97.773056688195609, 15.977049738647375 ], [ -97.774285046980651, 15.977499847453458 ], [ -97.775498146750252, 15.978021478295224 ], [ -97.776100881614255, 15.978269420153676 ], [ -97.776726505560063, 15.978489706587427 ], [ -97.778427896047532, 15.979005614718941 ], [ -97.779579959043119, 15.979292654540325 ], [ -97.780243730001459, 15.979278348927544 ], [ -97.78093039012893, 15.979300281358785 ], [ -97.781578902121396, 15.979393735855062 ], [ -97.782204525131249, 15.979587321023565 ], [ -97.782883556548427, 15.979899155353598 ], [ -97.787224774656764, 15.981820702029601 ], [ -97.787743584021314, 15.982122046525337 ], [ -97.78822424703786, 15.982486330408364 ], [ -97.788666760996648, 15.982904971000908 ], [ -97.788941425462625, 15.983216805849219 ], [ -97.789084336015677, 15.983382033525348 ], [ -97.788798577999088, 15.983602117312527 ], [ -97.788153199968136, 15.98359923012964 ], [ -97.787631704254252, 15.983307036476072 ] ] ] ] } },
{ "type": "Feature", "properties": { "fid": 71.0, "cat": 72, "CLAVE_ACUI": "2019", "NOM_ACUIF": "CHACAHUA", "VULNERABIL": 3 }, "geometry": { "type": "MultiPolygon", "coordinates": [ [ [ [ -97.374008248119921, 15.952271066374694 ], [ -97.373427976848433, 15.952411290848065 ], [ -97.372838729127096, 15.952506256688981 ], [ -97.372766192312938, 15.95250793625198 ], [ -97.372775070008288, 15.95218978365336 ], [ -97.372882980834859, 15.950909300651913 ], [ -97.372972153869497, 15.950400611815365 ], [ -97.373028562983578, 15.950078825226703 ], [ -97.373046406794572, 15.949761835540404 ], [ -97.372972244133521, 15.949470889716267 ], [ -97.372779429579708, 15.949165707598526 ], [ -97.372474831065972, 15.948928337788701 ], [ -97.372190030478919, 15.94879284693689 ], [ -97.371806815898253, 15.948683775760781 ], [ -97.370718291684568, 15.948373958175019 ], [ -97.370313410986, 15.948194668303877 ], [ -97.370022258018878, 15.947812898168591 ], [ -97.370011205222198, 15.947446802717185 ], [ -97.370250775396272, 15.946120127161985 ], [ -97.370334209489585, 15.945764913199032 ], [ -97.370484000517976, 15.945433923931843 ], [ -97.370614553779575, 15.945316296064446 ], [ -97.371074011072366, 15.945098354726996 ], [ -97.37119389191858, 15.945000979794681 ], [ -97.371293878976516, 15.9447645053906 ], [ -97.371316836810692, 15.944524059801456 ], [ -97.371323986195591, 15.943638454788006 ], [ -97.371283898003057, 15.943397532736066 ], [ -97.371111012068127, 15.943185062308901 ], [ -97.370911369955593, 15.94311681917279 ], [ -97.37011135141428, 15.943000063416777 ], [ -97.369898052934175, 15.94295439331734 ], [ -97.369702677951835, 15.942858023597312 ], [ -97.369636869264369, 15.942766022827184 ], [ -97.369525137111523, 15.942433055697167 ], [ -97.369543881997743, 15.942280692522809 ], [ -97.369904636862486, 15.941127772119724 ], [ -97.370053657927315, 15.940891668979551 ], [ -97.37018404398701, 15.940794373837781 ], [ -97.370643490865149, 15.940576432414749 ], [ -97.370734167833035, 15.940518077058069 ], [ -97.371067719738789, 15.940092751958934 ], [ -97.371303069855728, 15.940009805187234 ], [ -97.372107542802397, 15.93957305194176 ], [ -97.372466956883258, 15.939557202050635 ], [ -97.37284372109842, 15.939714170090676 ], [ -97.373235127569941, 15.940042468623812 ], [ -97.374597402357068, 15.941381235391164 ], [ -97.375015001974461, 15.941719895699812 ], [ -97.375133623670919, 15.941778403068138 ], [ -97.37562244866497, 15.941971871900586 ], [ -97.376021790912461, 15.941968103013894 ], [ -97.377396561216159, 15.941757041175233 ], [ -97.377802137906912, 15.941631311467312 ], [ -97.378320058920593, 15.941255639287554 ], [ -97.379696550365395, 15.939302621588636 ], [ -97.379996851596047, 15.938887171552999 ], [ -97.38038705943255, 15.938278481286241 ], [ -97.381401170521031, 15.93840079915679 ], [ -97.382108024120711, 15.938514146040323 ], [ -97.383016406474965, 15.938635754944992 ], [ -97.382987018056767, 15.939135729996872 ], [ -97.383007097464059, 15.939995719609845 ], [ -97.382999072136045, 15.94373879133745 ], [ -97.383396488284674, 15.946161531836532 ], [ -97.384187664035721, 15.947385253164011 ], [ -97.384430269681232, 15.94770902906882 ], [ -97.384771248646459, 15.947996262992941 ], [ -97.385015755365373, 15.948082821224473 ], [ -97.385815807893479, 15.948199524238628 ], [ -97.386023008778679, 15.948351887818463 ], [ -97.386189893478914, 15.948946216554353 ], [ -97.386221099017192, 15.9496428941488 ], [ -97.386199837227636, 15.952299727148965 ], [ -97.386147057957757, 15.952985608338597 ], [ -97.385922018111074, 15.953529554410528 ], [ -97.385653312203303, 15.953620738807912 ], [ -97.38462439298246, 15.953502317232115 ], [ -97.384351043573204, 15.953517212243352 ], [ -97.384104330920238, 15.953705146590671 ], [ -97.384025233494285, 15.953958729471452 ], [ -97.383902824074553, 15.954954181936936 ], [ -97.383844579359391, 15.955228255220606 ], [ -97.383695180859959, 15.955511811484941 ], [ -97.38353999914267, 15.955642818498188 ], [ -97.38296521549222, 15.955970627344151 ], [ -97.382784129127018, 15.956055687548872 ], [ -97.38268428533668, 15.956081227841779 ], [ -97.382499238453775, 15.95576034740548 ], [ -97.381804133522209, 15.955077285446988 ], [ -97.380658336817589, 15.952357313496384 ], [ -97.38019944523684, 15.951341622190554 ], [ -97.379707018658408, 15.951012555754509 ], [ -97.379034657309191, 15.950989421805314 ], [ -97.378453810638675, 15.951201959013504 ], [ -97.377863477106189, 15.951432498822722 ], [ -97.377189806099125, 15.951572030537609 ], [ -97.376525474747694, 15.951711630451319 ], [ -97.375851875063319, 15.951842120502961 ], [ -97.375178201890193, 15.951981645662547 ], [ -97.374598004816747, 15.952112836150734 ], [ -97.374008248119921, 15.952271066374694 ] ] ] ] } },
{ "type": "Feature", "properties": { "fid": 72.0, "cat": 73, "CLAVE_ACUI": "2019", "NOM_ACUIF": "CHACAHUA", "VULNERABIL": 4 }, "geometry": null },
{ "type": "Feature", "properties": { "fid": 76.0, "cat": 71, "CLAVE_ACUI": "2019", "NOM_ACUIF": "CHACAHUA", "VULNERABIL": 3 }, "geometry": { "type": "MultiPolygon", "coordinates": [ [ [ [ -97.432936881034877, 15.948330475690469 ], [ -97.433006750862447, 15.94812933313109 ], [ -97.433326789004411, 15.947965595004272 ], [ -97.433714116604662, 15.947932825385122 ], [ -97.435201608252584, 15.947943632712414 ], [ -97.435604146133386, 15.947982141028852 ], [ -97.435995164333832, 15.94815104500991 ], [ -97.436151223950574, 15.948353828647507 ], [ -97.436488484966887, 15.949131248493298 ], [ -97.436633682871545, 15.949379705788308 ], [ -97.436974011413213, 15.949761753267008 ], [ -97.437314997715376, 15.950059077755879 ], [ -97.438565945518505, 15.95106454103283 ], [ -97.439038645369564, 15.951317064944343 ], [ -97.439993623728895, 15.951490047894318 ], [ -97.44088517786976, 15.951484640138609 ], [ -97.444090783185644, 15.951286394164052 ], [ -97.444987317739148, 15.951316590878964 ], [ -97.445965543648825, 15.951655781644762 ], [ -97.44646647608252, 15.952110145483426 ], [ -97.447825946818185, 15.953891317736154 ], [ -97.448232155161037, 15.954365330208576 ], [ -97.448768310596748, 15.95479621955273 ], [ -97.44912803746432, 15.954937763336405 ], [ -97.450270607909061, 15.955167408802478 ], [ -97.450578184152747, 15.95525773842561 ], [ -97.450870967948518, 15.955449634531407 ], [ -97.45098165416654, 15.955633442519899 ], [ -97.45120540648881, 15.95629931715504 ], [ -97.451316093421624, 15.956483125025905 ], [ -97.451608879685153, 15.956675020326815 ], [ -97.451916458946783, 15.956765348282433 ], [ -97.453059044133781, 15.956994980109883 ], [ -97.453366546710456, 15.957095472869241 ], [ -97.453658972062414, 15.957334810590188 ], [ -97.453769219902526, 15.957576229179251 ], [ -97.453991285019598, 15.958463511670745 ], [ -97.454070163194388, 15.958684370277577 ], [ -97.454216195375537, 15.95882776131146 ], [ -97.454345934461102, 15.95881174698601 ], [ -97.454805350658503, 15.958593621832277 ], [ -97.454945676351443, 15.958567515747232 ], [ -97.45514111407013, 15.958663813057031 ], [ -97.455279985330307, 15.958827486746772 ], [ -97.455732615120525, 15.959494999645893 ], [ -97.455923798241074, 15.959689550174449 ], [ -97.456363355269573, 15.95992993969139 ], [ -97.456800111059522, 15.960078802171379 ], [ -97.458398752043152, 15.960533097885078 ], [ -97.458851157823517, 15.960697319499941 ], [ -97.459363739823957, 15.961009397495598 ], [ -97.459643594014693, 15.961291002087169 ], [ -97.460437001906541, 15.962293078104887 ], [ -97.460653571885175, 15.962604731168801 ], [ -97.460870819765177, 15.963057037432893 ], [ -97.460964603575945, 15.963391536297422 ], [ -97.461185014070978, 15.96450022475233 ], [ -97.461194802936475, 15.96482395578486 ], [ -97.461020072214069, 15.965226012090699 ], [ -97.460760667496785, 15.965476646896558 ], [ -97.459724838656371, 15.96624421633622 ], [ -97.45933970850939, 15.966443112724276 ], [ -97.458578267416414, 15.966603728207449 ], [ -97.45787562518241, 15.966634281189027 ], [ -97.455358071730672, 15.96661623012797 ], [ -97.454692719280857, 15.966580952573796 ], [ -97.454105293280563, 15.966434391980412 ], [ -97.453931465622205, 15.966260298890706 ], [ -97.453707696064413, 15.965594425908488 ], [ -97.453565397005349, 15.965420559068219 ], [ -97.45312510393363, 15.965275053034546 ], [ -97.452638412913359, 15.965241053252823 ], [ -97.450807481829955, 15.96522788470636 ], [ -97.450294870814801, 15.965147940194338 ], [ -97.449733617387238, 15.964788043009341 ], [ -97.449444438366015, 15.964353849442682 ], [ -97.448656195723032, 15.962687509568688 ], [ -97.448419723305861, 15.962233360115091 ], [ -97.448104421538233, 15.961780336859348 ], [ -97.44789046236464, 15.961587310236808 ], [ -97.447207289071244, 15.961139541638538 ], [ -97.44703489708958, 15.961007817889326 ], [ -97.446913572675072, 15.960840876789797 ], [ -97.446912643865033, 15.960734113354869 ], [ -97.447029633453369, 15.960402825058322 ], [ -97.447007608439478, 15.960306076775213 ], [ -97.446787835882319, 15.960185873026253 ], [ -97.446495900300164, 15.960110901348408 ], [ -97.44535330855507, 15.959881233845149 ], [ -97.444992713580447, 15.959851517349911 ], [ -97.44445252664093, 15.959942510570606 ], [ -97.444041425347933, 15.960102217168114 ], [ -97.442663134757609, 15.960756516387399 ], [ -97.442268226212263, 15.960860416359404 ], [ -97.441803615831532, 15.96069098897309 ], [ -97.441534796317526, 15.960345050300631 ], [ -97.440744921557553, 15.958900096522905 ], [ -97.440534572909286, 15.958468158333527 ], [ -97.440342814771981, 15.957897401758865 ], [ -97.440279222663918, 15.957513973524813 ], [ -97.440174217402472, 15.956295398360323 ], [ -97.440083842918256, 15.955977863467021 ], [ -97.439767100747972, 15.955714608930325 ], [ -97.439404986439541, 15.955656065430366 ], [ -97.438031861916372, 15.955646111899181 ], [ -97.437653709849783, 15.955623034657187 ], [ -97.43726212440896, 15.955525299289933 ], [ -97.43708086876083, 15.955408755021947 ], [ -97.436626595460851, 15.954962617067224 ], [ -97.436466278965753, 15.954856391597433 ], [ -97.436172407512686, 15.954806810941024 ], [ -97.43591290744483, 15.954842206718277 ], [ -97.434995777497264, 15.955056965423827 ], [ -97.434741491843099, 15.955097481262706 ], [ -97.434471956439353, 15.955071798751307 ], [ -97.43434119166912, 15.954994593813279 ], [ -97.434000492103365, 15.954659986543071 ], [ -97.433954269829798, 15.954522392476065 ], [ -97.434079264511624, 15.954214894302348 ], [ -97.434304049979858, 15.953913205011563 ], [ -97.435228048159729, 15.952812816877312 ], [ -97.435405897334732, 15.952465032484971 ], [ -97.435311868435889, 15.951942429795622 ], [ -97.43499969384375, 15.951543638795249 ], [ -97.433636918732233, 15.950205212478867 ], [ -97.43328259848046, 15.949821363908898 ], [ -97.432991868868115, 15.949368501070254 ], [ -97.432930860076155, 15.949105403124078 ], [ -97.432936881034877, 15.948330475690469 ] ] ] ] } },
{ "type": "Feature", "properties": { "fid": 77.0, "cat": 79, "CLAVE_ACUI": "2019", "NOM_ACUIF": "CHACAHUA", "VULNERABIL": 4 }, "geometry": { "type": "MultiPolygon", "coordinates": [ ] } },
{ "type": "Feature", "properties": { "fid": 79.0, "cat": 81, "CLAVE_ACUI": "2019", "NOM_ACUIF": "CHACAHUA", "VULNERABIL": 3 }, "geometry": { "type": "MultiPolygon", "coordinates": [ [ [ [ -97.359644213601072, 15.945502358282669 ], [ -97.359531904785499, 15.945475887260544 ], [ -97.359457436223664, 15.945440969155872 ], [ -97.359374003229988, 15.945351118239595 ], [ -97.359318052697972, 15.945216601511646 ], [ -97.359282547833061, 15.945025408668094 ], [ -97.35926021661372, 15.944776757182659 ], [ -97.360374129942088, 15.943962360923859 ], [ -97.360870050168813, 15.943568513952293 ], [ -97.361282045623781, 15.943102190937754 ], [ -97.36139648748879, 15.942316404543307 ], [ -97.361180972507242, 15.941514406926869 ], [ -97.361364184606458, 15.941520530615445 ], [ -97.361936258142094, 15.941524878838532 ], [ -97.362095786561142, 15.941505757180026 ], [ -97.362268178782429, 15.941412175378131 ], [ -97.362354924894717, 15.941297608812533 ], [ -97.362587347294948, 15.940856546514471 ], [ -97.362737220082678, 15.94073229229234 ], [ -97.363204204351177, 15.940593501122169 ], [ -97.363721451882128, 15.940519481262436 ], [ -97.365668288391475, 15.940312836163272 ], [ -97.366190788593926, 15.940238850053294 ], [ -97.366682287383256, 15.940100236828231 ], [ -97.366861928347475, 15.939976205007142 ], [ -97.366755997009363, 15.940420242784565 ], [ -97.36669446184672, 15.940868401518054 ], [ -97.366671900835485, 15.941383457837652 ], [ -97.366654384013813, 15.941600220813909 ], [ -97.366578911204215, 15.941836878567011 ], [ -97.36648860968279, 15.941958198061027 ], [ -97.366142674829888, 15.942287697568615 ], [ -97.36599474601519, 15.942388246003627 ], [ -97.365650346822534, 15.942527972570893 ], [ -97.365306276666757, 15.942627033121839 ], [ -97.364045013361476, 15.942949584770195 ], [ -97.363711119697172, 15.943089387770414 ], [ -97.363414214004578, 15.943419254531575 ], [ -97.363323956741979, 15.943750690175726 ], [ -97.363199661121484, 15.944967523188177 ], [ -97.363088510953148, 15.945283549461221 ], [ -97.362694106551174, 15.945541505432207 ], [ -97.36224182207232, 15.94559398694696 ], [ -97.360351606680595, 15.945579613400843 ], [ -97.359956512878881, 15.945555148552549 ], [ -97.359644213601072, 15.945502358282669 ] ] ] ] } },
{ "type": "Feature", "properties": { "fid": 80.0, "cat": 74, "CLAVE_ACUI": "2019", "NOM_ACUIF": "CHACAHUA", "VULNERABIL": 3 }, "geometry": { "type": "MultiPolygon", "coordinates": [ [ [ [ -97.416290773897984, 15.946279263501587 ], [ -97.416545442000569, 15.946060872569971 ], [ -97.416791304867147, 15.946190858408428 ], [ -97.41742559584965, 15.946303973926714 ], [ -97.418069157183325, 15.94642619370507 ], [ -97.419122844760352, 15.946659877154476 ], [ -97.420287770378565, 15.947002827449349 ], [ -97.420755638041655, 15.946897800787735 ], [ -97.420292158203139, 15.946442502299549 ], [ -97.419885147106967, 15.945933388930627 ], [ -97.419478208817935, 15.945415237454847 ], [ -97.419014735213594, 15.944959936725324 ], [ -97.417969475500513, 15.944843809515232 ], [ -97.418281328166472, 15.944502862082334 ], [ -97.418421186366828, 15.944271169056339 ], [ -97.418467303774094, 15.944095017796867 ], [ -97.418493148513861, 15.943866109581405 ], [ -97.418495563859182, 15.943557978793427 ], [ -97.418497943920514, 15.943254349259281 ], [ -97.418511668828174, 15.943094861998306 ], [ -97.418676391820483, 15.942746156981555 ], [ -97.418732578445514, 15.942627214520948 ], [ -97.419036043018224, 15.942842041852563 ], [ -97.41928044630987, 15.94304671700692 ], [ -97.419598615474484, 15.943377651173488 ], [ -97.420027129098557, 15.943899320654399 ], [ -97.421613410360266, 15.945903718111706 ], [ -97.422062910639525, 15.946430621629117 ], [ -97.422574280093542, 15.94688511221298 ], [ -97.422855305958663, 15.947007481309848 ], [ -97.423655389862475, 15.947124045378942 ], [ -97.423873606601532, 15.947215452072344 ], [ -97.424091867141087, 15.947525454224232 ], [ -97.424185451220538, 15.947876907902288 ], [ -97.424403917243112, 15.949207022944732 ], [ -97.424492049714686, 15.949583854744455 ], [ -97.424684867763233, 15.95001228810346 ], [ -97.424872189783756, 15.950247503866422 ], [ -97.425553543452779, 15.950916743051897 ], [ -97.425630807892873, 15.951115568646458 ], [ -97.425310018376678, 15.95137418298294 ], [ -97.42477448240966, 15.951544805251789 ], [ -97.422596098718557, 15.952082414478104 ], [ -97.421987000751983, 15.952252490796656 ], [ -97.421322932193604, 15.952508583748752 ], [ -97.420983361003067, 15.952704355541437 ], [ -97.420062761387328, 15.953361862885826 ], [ -97.419739069771836, 15.953542498147241 ], [ -97.419149111482952, 15.953727957055545 ], [ -97.418630005740042, 15.953812262454649 ], [ -97.416797469741809, 15.954020220105365 ], [ -97.416236249289099, 15.95411437722165 ], [ -97.415449756958338, 15.954345827280212 ], [ -97.414887416243815, 15.954582313034976 ], [ -97.413049643892123, 15.955454454571584 ], [ -97.412566951892103, 15.955584765305739 ], [ -97.41215217122182, 15.955320750540411 ], [ -97.412042320225325, 15.954813276800593 ], [ -97.411944462176237, 15.952709081055264 ], [ -97.411961352521573, 15.952121204230428 ], [ -97.412138031440463, 15.951481974775273 ], [ -97.41237353910735, 15.951156666413507 ], [ -97.413295891881916, 15.950277787469002 ], [ -97.413536130451746, 15.950018599032086 ], [ -97.413734895462454, 15.949687934667518 ], [ -97.413778607341996, 15.949474745703156 ], [ -97.413783831369969, 15.948810528361356 ], [ -97.413848679073467, 15.948582244169877 ], [ -97.414146077070157, 15.948181134987454 ], [ -97.414506082746641, 15.947836405477718 ], [ -97.415888702021448, 15.946628770892609 ], [ -97.416290773897984, 15.946279263501587 ] ] ] ] } },
{ "type": "Feature", "properties": { "fid": 81.0, "cat": 80, "CLAVE_ACUI": "2019", "NOM_ACUIF": "CHACAHUA", "VULNERABIL": 4 }, "geometry": { "type": "MultiPolygon", "coordinates": [ [ [ [ -97.418497943920514, 15.943254349259281 ], [ -97.418495563859182, 15.943557978793427 ], [ -97.418493148513861, 15.943866109581405 ], [ -97.418467303774094, 15.944095017796867 ], [ -97.418421186366828, 15.944271169056339 ], [ -97.418281328166472, 15.944502862082334 ], [ -97.417969475500513, 15.944843809515232 ], [ -97.417323721454423, 15.945001752105012 ], [ -97.416677895646018, 15.945168730152954 ], [ -97.415863518214536, 15.945388695208445 ], [ -97.416028521106526, 15.945787580402012 ], [ -97.416545442000569, 15.946060872569971 ], [ -97.416290773897984, 15.946279263501587 ], [ -97.416145490648859, 15.946300260109515 ], [ -97.41591064790957, 15.946293369563358 ], [ -97.415664485204601, 15.946246915000494 ], [ -97.415349449562029, 15.946172420605313 ], [ -97.414685951012672, 15.946026390860323 ], [ -97.413996258731203, 15.945946815090371 ], [ -97.412619598682909, 15.945855732287153 ], [ -97.404955221604311, 15.945577722260657 ], [ -97.402950580290735, 15.945484927564586 ], [ -97.401259938012046, 15.94533005217229 ], [ -97.400849373462165, 15.945201611397334 ], [ -97.400624046044413, 15.944757104321427 ], [ -97.400470844538788, 15.944640739865909 ], [ -97.399981231391507, 15.944542212265075 ], [ -97.399434985617219, 15.944517821917861 ], [ -97.397375452822587, 15.944502516610187 ], [ -97.39682920811677, 15.944478119693882 ], [ -97.396339597945399, 15.944379584013646 ], [ -97.396186399475695, 15.944263216759753 ], [ -97.39596108366014, 15.94381870580623 ], [ -97.395818393594581, 15.943702416547243 ], [ -97.395377822189815, 15.943604243866888 ], [ -97.394891124581747, 15.943580285582549 ], [ -97.393060441247314, 15.943566644027996 ], [ -97.392542140298929, 15.943552611927128 ], [ -97.391954085075795, 15.943500778818036 ], [ -97.391632307170113, 15.943440764280684 ], [ -97.390718733359492, 15.9432125282671 ], [ -97.390470672618136, 15.943132728288553 ], [ -97.390226628386699, 15.942988566492341 ], [ -97.390126054427938, 15.942862421244371 ], [ -97.389900753854846, 15.942417905267947 ], [ -97.389747642063227, 15.94229136741437 ], [ -97.389258420873546, 15.942145372869586 ], [ -97.388712645575708, 15.94206334602546 ], [ -97.386654918977229, 15.941826537601704 ], [ -97.386109227552168, 15.941734337876039 ], [ -97.385620390699117, 15.941540891955492 ], [ -97.385467743458221, 15.941356741429802 ], [ -97.385244226674246, 15.940690818771374 ], [ -97.385138823635643, 15.940512105510967 ], [ -97.384870459077646, 15.940344032856775 ], [ -97.384592484198748, 15.940282642065229 ], [ -97.383757225863491, 15.940186504061943 ], [ -97.383296207559653, 15.940097824783278 ], [ -97.383007097464059, 15.939995719609845 ], [ -97.382987018056767, 15.939135729996872 ], [ -97.383016406474965, 15.938635754944992 ], [ -97.383171227153426, 15.938658275502716 ], [ -97.384121140010762, 15.938843136729277 ], [ -97.386116235059987, 15.93923139941575 ], [ -97.389625830477797, 15.940034346670867 ], [ -97.391388258181735, 15.940427237610647 ], [ -97.393150684950868, 15.940793427285147 ], [ -97.395531106314991, 15.941190132181225 ], [ -97.396751834727894, 15.941353200648287 ], [ -97.400436909912543, 15.941787094329966 ], [ -97.401657638336559, 15.941958745474345 ], [ -97.404602646109439, 15.942432692869552 ], [ -97.406929660196795, 15.942883754489612 ], [ -97.407982539651115, 15.943343400369246 ], [ -97.410301924510904, 15.943703867264201 ], [ -97.412056721846341, 15.94382497490763 ], [ -97.412667085476741, 15.943811623516945 ], [ -97.413880184372672, 15.943666671514869 ], [ -97.414490548854246, 15.94361708205075 ], [ -97.415093283401418, 15.943621849256459 ], [ -97.415680758977857, 15.943734376570838 ], [ -97.416260605507873, 15.943892676977864 ], [ -97.41684808103625, 15.943968966218755 ], [ -97.417580517504931, 15.943902212146137 ], [ -97.418251918165083, 15.943644732772603 ], [ -97.418511668828174, 15.943094861998306 ], [ -97.418497943920514, 15.943254349259281 ] ] ] ] } },
{ "type": "Feature", "properties": { "fid": 82.0, "cat": 83, "CLAVE_ACUI": "2019", "NOM_ACUIF": "CHACAHUA", "VULNERABIL": 4 }, "geometry": null },
{ "type": "Feature", "properties": { "fid": 83.0, "cat": 84, "CLAVE_ACUI": "2019", "NOM_ACUIF": "CHACAHUA", "VULNERABIL": 3 }, "geometry": { "type": "MultiPolygon", "coordinates": [ [ [ [ -97.296506637222834, 15.942672348597835 ], [ -97.295853443014352, 15.941643614539153 ], [ -97.295606455637639, 15.941256954293165 ], [ -97.296881657437893, 15.941425926574098 ], [ -97.297534561352805, 15.941543697351449 ], [ -97.298905526218135, 15.941757330756481 ], [ -97.298793929937787, 15.942302017246957 ], [ -97.298732532194251, 15.942493300064237 ], [ -97.298606705415196, 15.942692493806183 ], [ -97.298421834774217, 15.9428768402661 ], [ -97.298248906230711, 15.943000554090565 ], [ -97.297936032504396, 15.943130517023032 ], [ -97.29743543454228, 15.943274920281336 ], [ -97.296950279039493, 15.943375090506562 ], [ -97.296506637222834, 15.942672348597835 ] ] ] ] } },
{ "type": "Feature", "properties": { "fid": 84.0, "cat": 85, "CLAVE_ACUI": "2019", "NOM_ACUIF": "CHACAHUA", "VULNERABIL": 4 }, "geometry": null },
{ "type": "Feature", "properties": { "fid": 85.0, "cat": 78, "CLAVE_ACUI": "2019", "NOM_ACUIF": "CHACAHUA", "VULNERABIL": 4 }, "geometry": { "type": "MultiPolygon", "coordinates": [ [ [ [ -97.356280231839165, 15.944788365808606 ], [ -97.356190219379485, 15.944874633811581 ], [ -97.355843361641234, 15.945314814405899 ], [ -97.355721584651306, 15.945429110557711 ], [ -97.355500150600875, 15.945522312290789 ], [ -97.355305593333981, 15.945541161390169 ], [ -97.354619093740311, 15.945535920944844 ], [ -97.354419116772107, 15.945575061713699 ], [ -97.354172390086418, 15.945762960207004 ], [ -97.354019900103722, 15.945992245897818 ], [ -97.353555004498716, 15.946874346611244 ], [ -97.35339200517015, 15.947103551402348 ], [ -97.353096239566128, 15.947291073651021 ], [ -97.352836716871408, 15.947329757651167 ], [ -97.351921377162796, 15.947322758658133 ], [ -97.351683035950828, 15.947341269416286 ], [ -97.35148611629171, 15.947434654185486 ], [ -97.351443143673208, 15.947549550455978 ], [ -97.351439524479318, 15.947992348391127 ], [ -97.351175722483674, 15.948125888731417 ], [ -97.349948264850894, 15.948306274687486 ], [ -97.348458555535672, 15.948430419966837 ], [ -97.342734032798063, 15.948829289327525 ], [ -97.340782648262802, 15.948868494187455 ], [ -97.337523453669263, 15.948660476991009 ], [ -97.334520794018403, 15.948305061736786 ], [ -97.324463162625619, 15.946898623352475 ], [ -97.321741419718208, 15.946491104675294 ], [ -97.319097480315861, 15.945996047398737 ], [ -97.318042157737011, 15.945696365600892 ], [ -97.317911793340102, 15.945644729695344 ], [ -97.316378821710188, 15.945222483517302 ], [ -97.310901779347674, 15.943408352276968 ], [ -97.309271842300461, 15.942924513346879 ], [ -97.308156209529116, 15.94269204346673 ], [ -97.306982399625369, 15.942562002568756 ], [ -97.298905526218135, 15.941757330756481 ], [ -97.297534561352805, 15.941543697351449 ], [ -97.296881657437893, 15.941425926574098 ], [ -97.295606455637639, 15.941256954293165 ], [ -97.293778347874394, 15.93837548843242 ], [ -97.303160107105697, 15.94022136415583 ], [ -97.306654443286334, 15.940917505503371 ], [ -97.309568932968602, 15.941482047700768 ], [ -97.314129608639874, 15.942371307971568 ], [ -97.317198488233245, 15.942969691389939 ], [ -97.320123437896726, 15.943529279304203 ], [ -97.323698868765547, 15.94422274536652 ], [ -97.329611773691497, 15.945344200200555 ], [ -97.332060861304427, 15.94557115973001 ], [ -97.335715417094832, 15.945788581861013 ], [ -97.338713831742595, 15.945893476756071 ], [ -97.341117140850372, 15.945921129182805 ], [ -97.344199479946411, 15.945854371312047 ], [ -97.346625677832265, 15.945623591037675 ], [ -97.348021885991628, 15.945395673528404 ], [ -97.348647508584307, 15.945265026122934 ], [ -97.349288391094319, 15.945061903450609 ], [ -97.350532007701233, 15.944520243566611 ], [ -97.35116526020451, 15.944317120903838 ], [ -97.351806142030327, 15.944277067314545 ], [ -97.35414078585768, 15.94452023910458 ], [ -97.356010026106631, 15.944643253978104 ], [ -97.356402650298051, 15.944695833015809 ], [ -97.356280231839165, 15.944788365808606 ] ] ] ] } },
{ "type": "Feature", "properties": { "fid": 86.0, "cat": 86, "CLAVE_ACUI": "2019", "NOM_ACUIF": "CHACAHUA", "VULNERABIL": 4 }, "geometry": { "type": "MultiPolygon", "coordinates": [ [ [ [ -97.366190788593926, 15.940238850053294 ], [ -97.365668288391475, 15.940312836163272 ], [ -97.363721451882128, 15.940519481262436 ], [ -97.363204204351177, 15.940593501122169 ], [ -97.362737220082678, 15.94073229229234 ], [ -97.362587347294948, 15.940856546514471 ], [ -97.362354924894717, 15.941297608812533 ], [ -97.362268178782429, 15.941412175378131 ], [ -97.362095786561142, 15.941505757180026 ], [ -97.361936258142094, 15.941524878838532 ], [ -97.361364184606458, 15.941520530615445 ], [ -97.361180972507242, 15.941514406926869 ], [ -97.36106078623493, 15.941067156794956 ], [ -97.360992119019869, 15.940496889908697 ], [ -97.361068413848997, 15.939937112883026 ], [ -97.36189240525907, 15.939383056118432 ], [ -97.363647202003975, 15.939053100160775 ], [ -97.364120233503272, 15.938956782756687 ], [ -97.365051039141363, 15.938729819953455 ], [ -97.365501181894118, 15.938235841498075 ], [ -97.365875028897946, 15.937605495320394 ], [ -97.366439615467115, 15.937122007662705 ], [ -97.367065238623567, 15.936738649673279 ], [ -97.367751897656831, 15.936598466283543 ], [ -97.368385150517739, 15.936667126023925 ], [ -97.369003145234799, 15.936789189212401 ], [ -97.369613509105179, 15.936956073161459 ], [ -97.370666388405027, 15.937298423045918 ], [ -97.371284382128152, 15.937348964218014 ], [ -97.3718635858082, 15.9373109999779 ], [ -97.372535628506469, 15.937312724595921 ], [ -97.373809764257118, 15.937467210321834 ], [ -97.375732412017385, 15.937717057033561 ], [ -97.38038705943255, 15.938278481286241 ], [ -97.379996851596047, 15.938887171552999 ], [ -97.379696550365395, 15.939302621588636 ], [ -97.378320058920593, 15.941255639287554 ], [ -97.377802137906912, 15.941631311467312 ], [ -97.377396561216159, 15.941757041175233 ], [ -97.376021790912461, 15.941968103013894 ], [ -97.37562244866497, 15.941971871900586 ], [ -97.375133623670919, 15.941778403068138 ], [ -97.375015001974461, 15.941719895699812 ], [ -97.374597402357068, 15.941381235391164 ], [ -97.373235127569941, 15.940042468623812 ], [ -97.37284372109842, 15.939714170090676 ], [ -97.372466956883258, 15.939557202050635 ], [ -97.372107542802397, 15.93957305194176 ], [ -97.371303069855728, 15.940009805187234 ], [ -97.371067719738789, 15.940092751958934 ], [ -97.370773894242006, 15.940043085443712 ], [ -97.370589494037532, 15.939889186628111 ], [ -97.370022787372363, 15.939220658189191 ], [ -97.36982270953213, 15.939056473279669 ], [ -97.369455717623325, 15.938958805830756 ], [ -97.369131521000526, 15.938983465526475 ], [ -97.367985593973103, 15.939196208075916 ], [ -97.367671493243677, 15.939271776918275 ], [ -97.367351617732893, 15.939411692491436 ], [ -97.367208753462435, 15.93953600335194 ], [ -97.366861928347475, 15.939976205007142 ], [ -97.366682287383256, 15.940100236828231 ], [ -97.366190788593926, 15.940238850053294 ] ] ] ] } },
{ "type": "Feature", "properties": { "fid": 87.0, "cat": 87, "CLAVE_ACUI": "2019", "NOM_ACUIF": "CHACAHUA", "VULNERABIL": 4 }, "geometry": null }
]
}
