{
"type": "FeatureCollection",
"name": "2022",
"crs": { "type": "name", "properties": { "name": "urn:ogc:def:crs:OGC:1.3:CRS84" } },
"features": [
{ "type": "Feature", "properties": { "fid": 1.0, "cat": 2, "CLAVE_ACUI": "2022", "NOM_ACUIF": "BAJOS DE CHILA", "VULNERABIL": 2 }, "geometry": { "type": "MultiPolygon", "coordinates": [ [ [ [ -97.150207829160607, 16.086093243937622 ], [ -97.151009218357189, 16.086100175937254 ], [ -97.15124369868667, 16.086137784167224 ], [ -97.151536551107583, 16.086306358848269 ], [ -97.151720431593986, 16.086509571697835 ], [ -97.152285690366611, 16.087289323201325 ], [ -97.152432491758233, 16.087522712736614 ], [ -97.152552303769156, 16.087832113036082 ], [ -97.15257666214066, 16.088040723986868 ], [ -97.152570522158001, 16.088704841453733 ], [ -97.152553294421963, 16.088862263632318 ], [ -97.15247903844589, 16.088932783005991 ], [ -97.15239018629569, 16.088876102768072 ], [ -97.152049799628116, 16.088541075373826 ], [ -97.15192391379793, 16.088509489512408 ], [ -97.151676832291443, 16.088697116278087 ], [ -97.151449743901509, 16.088996740163324 ], [ -97.15063707359171, 16.090207355819423 ], [ -97.150425047154485, 16.090583352550411 ], [ -97.150248266352918, 16.09112739072075 ], [ -97.150207749299639, 16.091528591603311 ], [ -97.15019545049563, 16.092856824278552 ], [ -97.150233930490487, 16.093243460006629 ], [ -97.150425803793325, 16.093719527442598 ], [ -97.150661429033192, 16.094012987889624 ], [ -97.151569144616374, 16.094906400728679 ], [ -97.151815475342261, 16.095179621036031 ], [ -97.152057298753405, 16.095561238052515 ], [ -97.152156429677561, 16.095833185078124 ], [ -97.152377217655271, 16.096720654240158 ], [ -97.152476255393935, 16.097002766249478 ], [ -97.152717643176089, 16.097431819744319 ], [ -97.152963445589151, 16.097762641142779 ], [ -97.153869141130116, 16.09887741919222 ], [ -97.154167519929729, 16.099208693821843 ], [ -97.154654254094169, 16.099639865252069 ], [ -97.155051209979945, 16.099924549550281 ], [ -97.156416943102599, 16.100821900825103 ], [ -97.156792780830799, 16.101116565953888 ], [ -97.157180950429293, 16.101594322861093 ], [ -97.157359640267288, 16.101982167993441 ], [ -97.157805358555933, 16.103314355076066 ], [ -97.157884394529418, 16.103675925746966 ], [ -97.157807507500877, 16.104031068705559 ], [ -97.157618632502007, 16.104176844959696 ], [ -97.156814101653026, 16.104501989215571 ], [ -97.156552372506312, 16.10456580863104 ], [ -97.156135502217893, 16.104538489839371 ], [ -97.155801702831994, 16.104435643452508 ], [ -97.154660846015005, 16.103983009540151 ], [ -97.154321650159886, 16.103895363176342 ], [ -97.153879589443946, 16.103938983541742 ], [ -97.153587269343518, 16.104088944764694 ], [ -97.152665166087303, 16.104745141182285 ], [ -97.152388851514985, 16.10486982433773 ], [ -97.152021490533755, 16.104795485104479 ], [ -97.151773004462413, 16.104564603181352 ], [ -97.15098076826483, 16.10356149247227 ], [ -97.150769886956937, 16.103244525382475 ], [ -97.150578006180424, 16.102768457614687 ], [ -97.150514771686446, 16.102405328013131 ], [ -97.150411557930994, 16.10118679100227 ], [ -97.150363672105101, 16.100869540615644 ], [ -97.15024341858215, 16.10060757582762 ], [ -97.150119513643858, 16.100550590750892 ], [ -97.149661544026202, 16.100546624610338 ], [ -97.149463000767696, 16.100600817041379 ], [ -97.148994434416238, 16.100857681084307 ], [ -97.148523596045649, 16.101170436431623 ], [ -97.146794905158671, 16.102373088147715 ], [ -97.146342257875602, 16.102990970768186 ], [ -97.145958602128445, 16.104671780200224 ], [ -97.145863169282862, 16.106455054577854 ], [ -97.145801459063193, 16.113096190579814 ], [ -97.145732253453943, 16.114884773846089 ], [ -97.14547101800963, 16.116590361762306 ], [ -97.145167030868137, 16.117238332456832 ], [ -97.144009653875372, 16.118556603537428 ], [ -97.143708118626151, 16.118940281668134 ], [ -97.143458339809214, 16.119412513145381 ], [ -97.14340304901738, 16.11970345185458 ], [ -97.14339480460194, 16.120588934571408 ], [ -97.14341359591657, 16.120829688736169 ], [ -97.143509533568476, 16.121067725487244 ], [ -97.143627796132932, 16.121167023779751 ], [ -97.144083751000892, 16.121392378545952 ], [ -97.14419055227583, 16.121593234946513 ], [ -97.144233002694321, 16.122305210565525 ], [ -97.144186844066766, 16.123121462129198 ], [ -97.143928978588335, 16.126218659272396 ], [ -97.143913701311874, 16.127106339598633 ], [ -97.144100281781093, 16.128151651825778 ], [ -97.144382104394111, 16.1287572745616 ], [ -97.145510706870354, 16.130538199284349 ], [ -97.145835736364688, 16.131022206736297 ], [ -97.146223927716818, 16.131499985650677 ], [ -97.146453456412374, 16.131698519631207 ], [ -97.147136399820312, 16.132147231805011 ], [ -97.147313821454901, 16.132294483208824 ], [ -97.147458843924596, 16.132532945356303 ], [ -97.147488597051705, 16.132726354265849 ], [ -97.147482422135084, 16.133390467044091 ], [ -97.147512080804603, 16.133594040942555 ], [ -97.147656663251823, 16.133879939679279 ], [ -97.147833551206617, 16.134084792453155 ], [ -97.148514448428131, 16.134754872310673 ], [ -97.148691432486061, 16.134949559533101 ], [ -97.148836458289239, 16.135188021060799 ], [ -97.148866653687904, 16.135333993259451 ], [ -97.148862539469036, 16.135776735354717 ], [ -97.148903345854933, 16.135912633859135 ], [ -97.149097890179149, 16.136104084710112 ], [ -97.149335004511755, 16.13624168722782 ], [ -97.150246996215458, 16.136692379425995 ], [ -97.150504578888672, 16.136891153303338 ], [ -97.150712231202263, 16.137936645870891 ], [ -97.150731188028345, 16.138160458439074 ], [ -97.150825819550917, 16.138540803394157 ], [ -97.150942050876296, 16.138860340734663 ], [ -97.151389834711097, 16.139971169723772 ], [ -97.151548040058032, 16.140301236693645 ], [ -97.151838545888594, 16.140730720381395 ], [ -97.152095349078635, 16.141014201394039 ], [ -97.153003262349429, 16.14190762739231 ], [ -97.153239223592507, 16.142170595024634 ], [ -97.153432458216969, 16.142504353116781 ], [ -97.153472545967645, 16.142718182928999 ], [ -97.15346638697082, 16.143382297338889 ], [ -97.15342792804951, 16.143559866198551 ], [ -97.153254612081227, 16.143724406388362 ], [ -97.153045476749952, 16.143781894771585 ], [ -97.15224282770518, 16.143885631918785 ], [ -97.15202895248359, 16.14388716612304 ], [ -97.151833517592365, 16.143790590388228 ], [ -97.151768200165193, 16.143651091020963 ], [ -97.15165882054157, 16.143096669793778 ], [ -97.151562519054536, 16.142895906739362 ], [ -97.151222492249786, 16.142513433469912 ], [ -97.150833042169054, 16.142167805667679 ], [ -97.149355645754284, 16.140937344300312 ], [ -97.148854500951984, 16.140727982148334 ], [ -97.147993209233974, 16.140981423030418 ], [ -97.147263932830555, 16.141552841979404 ], [ -97.144721898423981, 16.143966002478098 ], [ -97.144039406814187, 16.144593727395964 ], [ -97.143396515752883, 16.145109971085041 ], [ -97.143160594999529, 16.145219739176486 ], [ -97.142702524608069, 16.145215747388068 ], [ -97.14257821664296, 16.145199415287077 ], [ -97.142456183175966, 16.145127191164111 ], [ -97.142406157627263, 16.145040345999782 ], [ -97.142294738669548, 16.144707292708627 ], [ -97.142319090279855, 16.144539769654916 ], [ -97.142544149224165, 16.144091048493443 ], [ -97.142841309169484, 16.143617540829592 ], [ -97.144002984193364, 16.141856554460787 ], [ -97.144316433053774, 16.141327273985862 ], [ -97.144617531044545, 16.140618289701507 ], [ -97.144734223090566, 16.140134735923397 ], [ -97.14497768632944, 16.138587135793422 ], [ -97.145020759864408, 16.138102940986343 ], [ -97.144978309564223, 16.13739096587479 ], [ -97.1448745933737, 16.136858053408321 ], [ -97.144433038540967, 16.135083103463845 ], [ -97.14425533102802, 16.134590210130963 ], [ -97.143867581561707, 16.134064991100832 ], [ -97.143491361478141, 16.133807571116531 ], [ -97.142123422106366, 16.133131492434064 ], [ -97.141738491291193, 16.132680843918646 ], [ -97.141310083868362, 16.131253900719269 ], [ -97.141083004524376, 16.12966605932785 ], [ -97.140451716170219, 16.123683075627426 ], [ -97.140361728793522, 16.122055765492995 ], [ -97.14057306219587, 16.120444635396019 ], [ -97.140964952044413, 16.119770330324179 ], [ -97.142582425778429, 16.118234694742622 ], [ -97.143003578912072, 16.117804618682587 ], [ -97.1433515005359, 16.1173332413493 ], [ -97.143427379664331, 16.117089922057612 ], [ -97.1434335615007, 16.116425809797743 ], [ -97.14333569951873, 16.116206393716567 ], [ -97.142872829647416, 16.115846563780241 ], [ -97.142309450307565, 16.115551935994876 ], [ -97.140143230095035, 16.114536824769718 ], [ -97.139553523511509, 16.114247043926916 ], [ -97.138967766400327, 16.113909855701618 ], [ -97.138720675952158, 16.113717940115102 ], [ -97.13815334495726, 16.113159522396153 ], [ -97.138016618320478, 16.112973651518942 ], [ -97.137945889853327, 16.112664672535583 ], [ -97.137981575505748, 16.112409144901306 ], [ -97.138218835389722, 16.111525661260476 ], [ -97.138223164721239, 16.111249528503521 ], [ -97.138006110404518, 16.110844392861519 ], [ -97.137691704335964, 16.110541760107044 ], [ -97.136441537658513, 16.109534605952437 ], [ -97.136011091446036, 16.109271621453054 ], [ -97.135252502496371, 16.109051516772855 ], [ -97.134599249671112, 16.109000064986702 ], [ -97.132309326211924, 16.108980047974431 ], [ -97.131687810554567, 16.108908533443834 ], [ -97.13107732690348, 16.108594829927277 ], [ -97.130826723273813, 16.108218197900211 ], [ -97.130267726365986, 16.106774285750561 ], [ -97.130201468539653, 16.10636368704624 ], [ -97.130451257185456, 16.105891472126178 ], [ -97.130874354876639, 16.105627477274606 ], [ -97.132599015677656, 16.10486770715228 ], [ -97.133131895307443, 16.104670744615667 ], [ -97.13389401277054, 16.104511363835417 ], [ -97.134449873152036, 16.104480639525278 ], [ -97.136281772618176, 16.10449663239611 ], [ -97.136901575596269, 16.104374967537822 ], [ -97.137962085249654, 16.103791211241475 ], [ -97.138857291221839, 16.103078936331475 ], [ -97.14197436151558, 16.100338713163225 ], [ -97.142818005582015, 16.099514146115656 ], [ -97.143637986644094, 16.098406420662112 ], [ -97.143965747685726, 16.097648525589562 ], [ -97.144675311543011, 16.095219407080705 ], [ -97.144923780465191, 16.094506567289365 ], [ -97.145373747916338, 16.09360910207651 ], [ -97.145768089365205, 16.093039848305093 ], [ -97.147158369361492, 16.091280789575464 ], [ -97.147520498761239, 16.09078241323769 ], [ -97.14782017016303, 16.090215722561641 ], [ -97.147886144143413, 16.08990454144924 ], [ -97.147894352119096, 16.089019053934404 ], [ -97.147939061891549, 16.088733103123896 ], [ -97.148139499228748, 16.088284153387701 ], [ -97.148381127891113, 16.087928747139387 ], [ -97.149308284537682, 16.086719131330664 ], [ -97.149586331097893, 16.086404701977564 ], [ -97.149956731549651, 16.08614698358581 ], [ -97.150207829160607, 16.086093243937622 ] ] ] ] } },
{ "type": "Feature", "properties": { "fid": 2.0, "cat": 3, "CLAVE_ACUI": "2022", "NOM_ACUIF": "BAJOS DE CHILA", "VULNERABIL": 2 }, "geometry": { "type": "MultiPolygon", "coordinates": [ [ [ [ -97.215184821375203, 15.980454831777521 ], [ -97.214792917603589, 15.980404136514212 ], [ -97.214513196942164, 15.980344205649338 ], [ -97.213599738962799, 15.980115221733799 ], [ -97.213330798616525, 15.980024880161046 ], [ -97.212989200565588, 15.979832272010414 ], [ -97.212770143810602, 15.979647459190511 ], [ -97.212089479331595, 15.978977606753821 ], [ -97.211828480304078, 15.978782278224989 ], [ -97.21129114742746, 15.978540597840603 ], [ -97.210784528359341, 15.97839066795464 ], [ -97.20895764407382, 15.977932667354329 ], [ -97.208451119303973, 15.977772566810087 ], [ -97.20791421631877, 15.977483439736211 ], [ -97.207653736596384, 15.97723050233369 ], [ -97.206975070076609, 15.976339254615104 ], [ -97.206672197079783, 15.976126627821969 ], [ -97.205937453361159, 15.976025616663444 ], [ -97.205190691719039, 15.976093939862796 ], [ -97.202440542472644, 15.976513772015785 ], [ -97.201609802637307, 15.976571214511857 ], [ -97.200483172091296, 15.976419465943096 ], [ -97.199704441856355, 15.976145240329416 ], [ -97.197197015152511, 15.975017256777164 ], [ -97.196387226396538, 15.974691928855815 ], [ -97.19511562375402, 15.974301727244136 ], [ -97.194108837234751, 15.974069622855186 ], [ -97.190682117162254, 15.973376643211278 ], [ -97.189716826845043, 15.973205865012645 ], [ -97.18863884198106, 15.973101908221921 ], [ -97.188064152171492, 15.973124178944559 ], [ -97.186460248998486, 15.973332061512179 ], [ -97.185969807344748, 15.973334704396915 ], [ -97.185284984966074, 15.973139161522816 ], [ -97.184797110070974, 15.972857171800474 ], [ -97.183205193132835, 15.971736757771428 ], [ -97.182717233118112, 15.97146492929541 ], [ -97.182031992937652, 15.971316815280394 ], [ -97.181541037072748, 15.971377052158033 ], [ -97.179935145718261, 15.971806265143076 ], [ -97.17939118880291, 15.971916879124224 ], [ -97.178458617746017, 15.972003869933761 ], [ -97.177670330860266, 15.972017527295224 ], [ -97.174924232753852, 15.971994252094204 ], [ -97.174079120885068, 15.971900670429896 ], [ -97.172881364232467, 15.971487248700631 ], [ -97.172015398040514, 15.970990228045038 ], [ -97.1697628090525, 15.969857331890655 ], [ -97.168372339602527, 15.968296872504112 ], [ -97.16615269846676, 15.9652179906399 ], [ -97.165815658951516, 15.964725454429775 ], [ -97.165291876580255, 15.964353318772119 ], [ -97.164792127274112, 15.96422706621256 ], [ -97.16319030966639, 15.964213403905529 ], [ -97.162689728221096, 15.96417863378587 ], [ -97.161955498962428, 15.964030041308433 ], [ -97.161407182149446, 15.963852536331025 ], [ -97.159582607170449, 15.963172765065861 ], [ -97.159034202495491, 15.963005419710825 ], [ -97.158299547896164, 15.962904253143611 ], [ -97.157798445120321, 15.962927074937831 ], [ -97.156194618275734, 15.963134737215395 ], [ -97.155709509030302, 15.963132276052107 ], [ -97.155049494930992, 15.962913134678512 ], [ -97.154591728024798, 15.962602536956638 ], [ -97.153115506698569, 15.961372218358106 ], [ -97.152715956073038, 15.961016369689757 ], [ -97.152327597675622, 15.960586065916214 ], [ -97.152172349697594, 15.960327195357204 ], [ -97.15183621794489, 15.959549436666448 ], [ -97.151706726578297, 15.959346699857964 ], [ -97.151438564165602, 15.959178353451565 ], [ -97.151184966270506, 15.959140595194082 ], [ -97.150269671863896, 15.959132734215412 ], [ -97.14995851809104, 15.95906906516154 ], [ -97.149421762246945, 15.958779805529513 ], [ -97.148966123127096, 15.958430246215546 ], [ -97.147376575131645, 15.957088223902161 ], [ -97.146857807737632, 15.956748283651606 ], [ -97.146026429600553, 15.956503922170004 ], [ -97.145357512639706, 15.956494773742017 ], [ -97.143067275744627, 15.956696429288916 ], [ -97.142387758609743, 15.956697346105214 ], [ -97.141506917947069, 15.956499982049124 ], [ -97.140928092570235, 15.956217117222915 ], [ -97.139107759806663, 15.955094439396037 ], [ -97.13859207765644, 15.954801948623031 ], [ -97.138005881716836, 15.954559676733785 ], [ -97.137684139935757, 15.954506065335622 ], [ -97.136768873596395, 15.954498149223181 ], [ -97.13649947890238, 15.954465320765673 ], [ -97.136157570020401, 15.954320039469076 ], [ -97.135938523677609, 15.954145323338526 ], [ -97.135258218705587, 15.953475261954644 ], [ -97.135018254498576, 15.953290198038815 ], [ -97.134578724324456, 15.953096628360054 ], [ -97.13419078826162, 15.953005163790401 ], [ -97.132819952092532, 15.952771894205121 ], [ -97.132400685839087, 15.952659823170803 ], [ -97.13181494475073, 15.952370098830604 ], [ -97.131397438649117, 15.952068278021486 ], [ -97.130034826179724, 15.950949501792826 ], [ -97.129575110707776, 15.950667643315459 ], [ -97.128792376065491, 15.950471082674335 ], [ -97.128133898230786, 15.950472139246818 ], [ -97.125843734095696, 15.950673617099296 ], [ -97.125211286867469, 15.950700305764677 ], [ -97.124550032152925, 15.950623388907971 ], [ -97.124237830145773, 15.950486820265613 ], [ -97.123442144497744, 15.949926416477657 ], [ -97.123219675885082, 15.949744881836786 ], [ -97.122977172300693, 15.949458125356227 ], [ -97.122853207094593, 15.949230008004387 ], [ -97.12251720737649, 15.94845221678661 ], [ -97.122398165212161, 15.948259722625028 ], [ -97.12217863359777, 15.94813920781753 ], [ -97.121984058971847, 15.948159537853298 ], [ -97.121295574739136, 15.948374924845659 ], [ -97.121085382239187, 15.948379869090269 ], [ -97.120792969248683, 15.948187556467722 ], [ -97.120585429365136, 15.947907879957246 ], [ -97.119909326798208, 15.946795034869512 ], [ -97.11966014305996, 15.946474330995143 ], [ -97.119173385080131, 15.946090558315454 ], [ -97.118727200544825, 15.945863014987221 ], [ -97.11713177005781, 15.94518491285638 ], [ -97.116706318014906, 15.944988044357286 ], [ -97.116316299047043, 15.944747432954548 ], [ -97.116184580526721, 15.94460057146711 ], [ -97.115959913021626, 15.944155829544879 ], [ -97.115838511448331, 15.944029389731883 ], [ -97.115496638058062, 15.943884078983082 ], [ -97.11512964925457, 15.943802931552495 ], [ -97.11375891041628, 15.943569549497964 ], [ -97.113318760307322, 15.943447095521154 ], [ -97.112528554251924, 15.943056134761818 ], [ -97.111845261097301, 15.942718066611729 ], [ -97.111406890632722, 15.94240586309278 ], [ -97.11028152054601, 15.941404269222726 ], [ -97.109693013627947, 15.941043305972403 ], [ -97.108743676124604, 15.940692729876616 ], [ -97.108026783463245, 15.94057800330576 ], [ -97.105512097448724, 15.940334527410581 ], [ -97.104842342660888, 15.940235453486588 ], [ -97.104231501514576, 15.940016600864341 ], [ -97.104028625695747, 15.939803029769122 ], [ -97.103692713510043, 15.939025218067741 ], [ -97.103589692658659, 15.938807442223522 ], [ -97.103444839667034, 15.938568966791912 ], [ -97.103340927607633, 15.938446063440967 ], [ -97.10300085814508, 15.938110989683581 ], [ -97.102891263675531, 15.938033782060876 ], [ -97.102719891630883, 15.938008553756477 ], [ -97.102584668780509, 15.938049720907054 ], [ -97.102125000272309, 15.938267061997553 ], [ -97.10195353259482, 15.938251997982743 ], [ -97.101613019755774, 15.937964358552572 ], [ -97.101298041505089, 15.937568508920341 ], [ -97.10016866541487, 15.936008847761645 ], [ -97.099790945899173, 15.935581946344723 ], [ -97.099157622459032, 15.935149402501878 ], [ -97.098630593825703, 15.934958383565796 ], [ -97.096804454657942, 15.934499497808506 ], [ -97.0962981541239, 15.934339153684478 ], [ -97.095761552403005, 15.9340497750079 ], [ -97.095501278815647, 15.933796721749649 ], [ -97.09482327297323, 15.932905184993938 ], [ -97.094615433504885, 15.932662759883696 ], [ -97.094323518746705, 15.932422980202064 ], [ -97.094114336908007, 15.932322862884343 ], [ -97.093430070395343, 15.932095427394042 ], [ -97.093226190146467, 15.931990273305599 ], [ -97.092959014848006, 15.931726990777694 ], [ -97.092781216289168, 15.931456027028332 ], [ -97.09221866769937, 15.930454811642901 ], [ -97.09201484790286, 15.930158202987531 ], [ -97.091626235194042, 15.929775244887239 ], [ -97.091274894260081, 15.929524770246433 ], [ -97.090023921263864, 15.928738843230088 ], [ -97.089625647264782, 15.928452370701088 ], [ -97.089018004080799, 15.927901428874126 ], [ -97.088548217354045, 15.927400841504584 ], [ -97.086963537177454, 15.925615704396122 ], [ -97.086456944916122, 15.925119869868997 ], [ -97.085677513728584, 15.924591116442279 ], [ -97.085070632215235, 15.924331588417886 ], [ -97.083017956744285, 15.923649201551385 ], [ -97.082437199806691, 15.923405147338356 ], [ -97.081779668458495, 15.922948624479758 ], [ -97.081421094788112, 15.9225405039997 ], [ -97.080405288914861, 15.92109246360336 ], [ -97.080109556619988, 15.920705231837056 ], [ -97.07974527078747, 15.920346192407843 ], [ -97.079519761158096, 15.920123929661381 ], [ -97.079155477418766, 15.919764889448199 ], [ -97.079003658263346, 15.919711015454981 ], [ -97.078659451638032, 15.919818643635109 ], [ -97.078554565525693, 15.919800766979836 ], [ -97.078454405488358, 15.919654167483021 ], [ -97.078365652566546, 15.919412790152396 ], [ -97.078051445993765, 15.918268615698317 ], [ -97.077833781547696, 15.91795831916977 ], [ -97.077616692009101, 15.917771709623175 ], [ -97.076821274333327, 15.917211160192114 ], [ -97.07650916174498, 15.917074531134777 ], [ -97.075848051678065, 15.9169974786038 ], [ -97.075215720962504, 15.917024031371236 ], [ -97.072925952864665, 15.917224982947094 ], [ -97.072298922814383, 15.91724649156277 ], [ -97.071662552235352, 15.917145927495639 ], [ -97.071380481805164, 15.916980757216736 ], [ -97.070700525928729, 15.916310526724379 ], [ -97.070418942771255, 15.916094531678446 ], [ -97.069784842559244, 15.915756785316773 ], [ -97.069160569291711, 15.915490284433393 ], [ -97.067975410908119, 15.914920571252628 ], [ -97.066998176038808, 15.914579745883918 ], [ -97.066214832533461, 15.914347956958991 ], [ -97.065383302897061, 15.914150748299829 ], [ -97.064861976426229, 15.914105412953283 ], [ -97.063260648989143, 15.914091051298829 ], [ -97.06280215485738, 15.914066605918588 ], [ -97.062263842435755, 15.913966895553655 ], [ -97.06195331897662, 15.913848898026599 ], [ -97.060614150158102, 15.91314392957177 ], [ -97.065646023024755, 15.908699557543731 ], [ -97.073737592161422, 15.901552726833371 ], [ -97.076170991710327, 15.903238898593694 ], [ -97.076679440427597, 15.903531453581936 ], [ -97.077461474762885, 15.90377561467978 ], [ -97.078070217082782, 15.903831860718526 ], [ -97.080128980540437, 15.903850170834049 ], [ -97.08073839988171, 15.903835255744193 ], [ -97.081523591508557, 15.903747351993635 ], [ -97.082035874034588, 15.903636690681157 ], [ -97.083641331062992, 15.903208169039511 ], [ -97.084074976882576, 15.903081556381171 ], [ -97.084493203333153, 15.902919226126343 ], [ -97.084657024116211, 15.902813939090652 ], [ -97.085003294329724, 15.902484929965611 ], [ -97.085077976072213, 15.902363603704607 ], [ -97.085080221316915, 15.902126424026413 ], [ -97.085008747257532, 15.901908922197855 ], [ -97.084672957818341, 15.901131093169184 ], [ -97.084470235352995, 15.90090734462828 ], [ -97.08385998630159, 15.900641013032338 ], [ -97.082669239131647, 15.900479656712927 ], [ -97.081612609079784, 15.90025456733337 ], [ -97.080500333540158, 15.900017624033614 ], [ -97.079904755799419, 15.899866623334173 ], [ -97.079294292095014, 15.899623997708424 ], [ -97.078958257620755, 15.899427862170405 ], [ -97.077374701092793, 15.898340271823898 ], [ -97.079797889406578, 15.896200005039367 ], [ -97.097228676341814, 15.895357504777529 ], [ -97.096912439246964, 15.896255787636157 ], [ -97.0968581845366, 15.896439987773775 ], [ -97.096610199919269, 15.896746164804737 ], [ -97.096310190361194, 15.89699936002015 ], [ -97.095158124953713, 15.89787475645482 ], [ -97.094858159827311, 15.898122866793582 ], [ -97.09461039343941, 15.898405322817888 ], [ -97.094556407116613, 15.89856072149146 ], [ -97.094552237679792, 15.899003459488309 ], [ -97.094577172797301, 15.899144305576968 ], [ -97.094697706339531, 15.899358849312501 ], [ -97.094844962178144, 15.899524494210286 ], [ -97.095411624302159, 15.900082959312156 ], [ -97.095601183531969, 15.900218479500158 ], [ -97.095919129422896, 15.900292442385103 ], [ -97.096183778350436, 15.900262583297478 ], [ -97.097100859700447, 15.900049275776889 ], [ -97.09733929657429, 15.900014101452117 ], [ -97.097534921620237, 15.900063264518204 ], [ -97.097575949174498, 15.900168672022664 ], [ -97.097571785899348, 15.900611410733891 ], [ -97.097680323899368, 15.900798738845337 ], [ -97.098190999264702, 15.90123019740016 ], [ -97.098811999668783, 15.901659237395251 ], [ -97.101199348372575, 15.90322995237638 ], [ -97.101703720454353, 15.903774866346941 ], [ -97.102265528789857, 15.90485398758157 ], [ -97.101117653618374, 15.90559108272061 ], [ -97.098573235401645, 15.908557429331381 ], [ -97.097931780986016, 15.90937012317047 ], [ -97.097482789171096, 15.910196370583968 ], [ -97.097482831162878, 15.910564032330596 ], [ -97.097932023532508, 15.911453540233145 ], [ -97.098111549808181, 15.91172620861731 ], [ -97.09850014542674, 15.91210915318695 ], [ -97.098875756253847, 15.912383548094351 ], [ -97.099094607045203, 15.91269496613257 ], [ -97.099483206383127, 15.913077909304974 ], [ -97.099737382548611, 15.913232633309169 ], [ -97.100534939550556, 15.913571734205652 ], [ -97.100826742502647, 15.913821668633972 ], [ -97.100828779574016, 15.913977561638722 ], [ -97.100595853261481, 15.914418287745374 ], [ -97.100566471877528, 15.914563738496012 ], [ -97.100662285852536, 15.914801782775216 ], [ -97.100828544656025, 15.914996395207359 ], [ -97.10150860771121, 15.915666541264489 ], [ -97.101690481793852, 15.915876539172944 ], [ -97.101859162013298, 15.916186384331905 ], [ -97.101918259448553, 15.916419022458307 ], [ -97.10202536726355, 15.917194821930305 ], [ -97.102116265676756, 15.917397242385084 ], [ -97.102433350508107, 15.917566071462387 ], [ -97.102795430464155, 15.917604834918583 ], [ -97.104168052464303, 15.917616896926683 ], [ -97.104609538664619, 15.917590277314718 ], [ -97.105297184469066, 15.917453994350602 ], [ -97.1058380487828, 15.917285923554759 ], [ -97.107674430655791, 15.916637867240308 ], [ -97.108262419977024, 15.916485451801195 ], [ -97.10916999439435, 15.916422244000911 ], [ -97.109878541160455, 15.916484362089788 ], [ -97.112277525317907, 15.916837441005427 ], [ -97.112932412740093, 15.91702106984793 ], [ -97.113589565008979, 15.917524940172751 ], [ -97.113873466529867, 15.918061127462682 ], [ -97.114541192765714, 15.920059464904172 ], [ -97.114714086027107, 15.920670925314303 ], [ -97.114853188694752, 15.921526070371636 ], [ -97.114879012760085, 15.922136245791272 ], [ -97.114860420330643, 15.924128585805848 ], [ -97.114886813054568, 15.92467777113184 ], [ -97.115028573507729, 15.925248296186327 ], [ -97.115204696115001, 15.925514146579436 ], [ -97.115884843518586, 15.926184255683262 ], [ -97.116061536928996, 15.926389115540863 ], [ -97.116205956264352, 15.926675020100596 ], [ -97.116235575922573, 15.926878595420616 ], [ -97.116229381254541, 15.927542709031068 ], [ -97.116279537605735, 15.927797292860367 ], [ -97.116519796104484, 15.928321237050621 ], [ -97.116812867242899, 15.928815144699396 ], [ -97.117940284771848, 15.930596100518203 ], [ -97.118227019980267, 15.931206858673649 ], [ -97.118437689667928, 15.932276109988466 ], [ -97.118451909526982, 15.933192853853001 ], [ -97.118307591864138, 15.93640173970665 ], [ -97.118307140365388, 15.937201448086475 ], [ -97.118449357737148, 15.937724535554675 ], [ -97.11865297715012, 15.937672094860998 ], [ -97.11946097961804, 15.936904281906065 ], [ -97.119693845773227, 15.936531871220483 ], [ -97.119972553829299, 15.935561769471615 ], [ -97.12013784091701, 15.934548320482818 ], [ -97.120630458578816, 15.930788991427834 ], [ -97.120848547046705, 15.929745503326403 ], [ -97.121373687673668, 15.928635222654897 ], [ -97.121905800077272, 15.928092594586111 ], [ -97.123863838300565, 15.926670599450119 ], [ -97.124425850155248, 15.926301043790742 ], [ -97.125090549032592, 15.925998457175075 ], [ -97.12547810853647, 15.92593574706949 ], [ -97.126622022266687, 15.925945684226839 ], [ -97.126982139830162, 15.926009806627086 ], [ -97.127518775237149, 15.926299110300095 ], [ -97.127925280643922, 15.926648278819542 ], [ -97.129285680417524, 15.927988424819626 ], [ -97.129671087229937, 15.928347573536556 ], [ -97.130109242542019, 15.928683458563945 ], [ -97.130349770982448, 15.92880414586792 ], [ -97.131034081886128, 15.929031467489443 ], [ -97.131284740632552, 15.929192905245616 ], [ -97.131770170993988, 15.92971896052704 ], [ -97.132212985957906, 15.930309029965079 ], [ -97.132764442581987, 15.931522419056313 ], [ -97.132917284080776, 15.93184735723348 ], [ -97.133183201450692, 15.932252907239359 ], [ -97.133410242009475, 15.932507326112589 ], [ -97.134203850358503, 15.933289062912136 ], [ -97.134462880363699, 15.933492928103965 ], [ -97.134878075448398, 15.933662563166092 ], [ -97.135212180981028, 15.933701033568704 ], [ -97.136356145067268, 15.93371092381423 ], [ -97.136669708763407, 15.933698384805743 ], [ -97.1369890413375, 15.933629982565614 ], [ -97.137131666925299, 15.933544804387893 ], [ -97.137477919843377, 15.933215708350268 ], [ -97.137574066089002, 15.933043717927166 ], [ -97.137676495969629, 15.932570192334346 ], [ -97.137726677940108, 15.932065717626742 ], [ -97.137858428257076, 15.930185027594062 ], [ -97.138039131716042, 15.929768089972333 ], [ -97.13875066678645, 15.929703070043537 ], [ -97.139586445247502, 15.930027119742432 ], [ -97.1427752424499, 15.931604347498624 ], [ -97.143678996906232, 15.931964548954753 ], [ -97.144707688806989, 15.932068283974621 ], [ -97.145273490273652, 15.931856276970649 ], [ -97.146885194059877, 15.930763170339812 ], [ -97.14734137977814, 15.930473970516401 ], [ -97.147858552122443, 15.930217485635076 ], [ -97.148141184946326, 15.930140279094976 ], [ -97.14894296621587, 15.930036465766172 ], [ -97.150396338127521, 15.92984843871527 ], [ -97.150734086492761, 15.929837652593289 ], [ -97.15101093421049, 15.929799113791477 ], [ -97.151392088524204, 15.930553347136746 ], [ -97.151621863469074, 15.930894183370341 ], [ -97.151711246120641, 15.930978023716159 ], [ -97.15086750521732, 15.931364389099233 ], [ -97.150750015113317, 15.931764938623532 ], [ -97.15078704356803, 15.933648789754457 ], [ -97.150737420763761, 15.934095668066071 ], [ -97.150635454264446, 15.934521765386789 ], [ -97.15045844924505, 15.934816732453195 ], [ -97.150193174002098, 15.935012716502698 ], [ -97.150008434874763, 15.935107708412772 ], [ -97.149146497361173, 15.935340341329647 ], [ -97.148814239008729, 15.935481506989721 ], [ -97.148298358939556, 15.935595680185365 ], [ -97.147893646118192, 15.935617618915206 ], [ -97.146879127553035, 15.935493687092251 ], [ -97.146326802777523, 15.935571961297715 ], [ -97.145810485961533, 15.935733565816179 ], [ -97.145625215282578, 15.935886156288626 ], [ -97.145273841795685, 15.936773220859598 ], [ -97.145198306805199, 15.936989444991122 ], [ -97.145196127004084, 15.937226632142128 ], [ -97.1452685482204, 15.937349246824464 ], [ -97.145608694404743, 15.937684261268451 ], [ -97.146246988307382, 15.9377795502925 ], [ -97.14673931812635, 15.937751591021152 ], [ -97.14857174063971, 15.937545943490409 ], [ -97.149100701571186, 15.937533542297331 ], [ -97.149736765304979, 15.937681326217328 ], [ -97.150116467536776, 15.937904847909007 ], [ -97.150559697275227, 15.938457614458931 ], [ -97.15078915546016, 15.938642570812602 ], [ -97.151179646299042, 15.938835685463422 ], [ -97.151579435374785, 15.939033397427336 ], [ -97.151969927846622, 15.93922651079901 ], [ -97.151981296978988, 15.939223564584015 ], [ -97.152200691426316, 15.939269153040602 ], [ -97.152887095343928, 15.939275035854864 ], [ -97.153076020604246, 15.939296986660672 ], [ -97.153271267849846, 15.939393542169524 ], [ -97.153396436671287, 15.9395791172625 ], [ -97.153586017693911, 15.939954239244434 ], [ -97.153728548668738, 15.940070674856763 ], [ -97.154168942553881, 15.940169329291479 ], [ -97.154655545763717, 15.940193827728534 ], [ -97.156485967774245, 15.940209490427964 ], [ -97.156993398778397, 15.940254493792201 ], [ -97.15753098759275, 15.940448855467254 ], [ -97.157791540818749, 15.940681512416589 ], [ -97.158469869868782, 15.941572882966176 ], [ -97.158688214669525, 15.941825510471364 ], [ -97.15902882510359, 15.942113068965959 ], [ -97.159297066559049, 15.942271239205972 ], [ -97.160208251651994, 15.942721806676378 ], [ -97.16046673002738, 15.942798563976266 ], [ -97.160761774546657, 15.942706199066759 ], [ -97.160924787851869, 15.942497492004378 ], [ -97.161390469563116, 15.941615889973317 ], [ -97.161585185546485, 15.941387120591436 ], [ -97.162028180645009, 15.941201132479149 ], [ -97.162466315133869, 15.941164203978824 ], [ -97.164067949038468, 15.941177852480109 ], [ -97.164511105562539, 15.941166377698513 ], [ -97.164977534373136, 15.941099186799809 ], [ -97.165200704537057, 15.941014675148981 ], [ -97.165777265368121, 15.940519186086174 ], [ -97.166063919107515, 15.940386077664874 ], [ -97.166722778340841, 15.940276466941276 ], [ -97.166901201075234, 15.940298316519227 ], [ -97.16758761418302, 15.940304152905188 ], [ -97.167750646840361, 15.940285206657286 ], [ -97.16878042250795, 15.94008385869161 ], [ -97.169637210658792, 15.939883268733176 ], [ -97.170370004349394, 15.939700210802219 ], [ -97.170897527445803, 15.939534277696854 ], [ -97.171093628507947, 15.939485864967832 ], [ -97.171292225108175, 15.939450331064792 ], [ -97.171578871063275, 15.939434393418347 ], [ -97.171783800952639, 15.939436131398642 ], [ -97.171925836738907, 15.93945825816553 ], [ -97.172081070918694, 15.939505805492805 ], [ -97.172180832632137, 15.939568742881633 ], [ -97.172297497221507, 15.939677513113933 ], [ -97.172460673720437, 15.939794442403519 ], [ -97.172714730883072, 15.939916469192596 ], [ -97.173321594272608, 15.94012398286317 ], [ -97.173681772853541, 15.940264920200386 ], [ -97.173898485796371, 15.940393966750936 ], [ -97.173970288879545, 15.940469191326763 ], [ -97.174004619523799, 15.940559153035087 ], [ -97.17401031253776, 15.940696514325497 ], [ -97.173994259431382, 15.940859473677202 ], [ -97.173915234127705, 15.941051935892274 ], [ -97.173767622862329, 15.941237565718856 ], [ -97.173528967339635, 15.941449129647213 ], [ -97.173215262187682, 15.941706805019454 ], [ -97.173053311487564, 15.94188100350209 ], [ -97.172911981882734, 15.942086641937584 ], [ -97.172825588683452, 15.942284695002137 ], [ -97.17235393569247, 15.943830460588677 ], [ -97.172288948290998, 15.944238247533866 ], [ -97.172457332193872, 15.944595488855843 ], [ -97.172762868628269, 15.94469804636713 ], [ -97.174020322502216, 15.944819402450978 ], [ -97.174363139418531, 15.944866360122539 ], [ -97.174705496644791, 15.944964143891902 ], [ -97.174851761413592, 15.945056877696125 ], [ -97.17519197355837, 15.945391851729003 ], [ -97.175274647293705, 15.945545043417319 ], [ -97.175320245285235, 15.945924964187924 ], [ -97.175302711310295, 15.946314516456665 ], [ -97.175175286253378, 15.94775250600496 ], [ -97.175289316105932, 15.948117757166818 ], [ -97.175948883439148, 15.948384272191689 ], [ -97.176777092749134, 15.948399754107806 ], [ -97.179982500481955, 15.948205459780789 ], [ -97.180885450772024, 15.948089397478382 ], [ -97.181893809773015, 15.947742093998441 ], [ -97.182431371210086, 15.947362010453226 ], [ -97.18426327322743, 15.945506257346269 ], [ -97.184402471667084, 15.9453781563679 ], [ -97.184592004756439, 15.945179202331587 ], [ -97.18475632645233, 15.944927144649693 ], [ -97.184828072317018, 15.944730929531227 ], [ -97.184955975917731, 15.944330730183101 ], [ -97.185128404518181, 15.944400401845508 ], [ -97.18853817171086, 15.946399179908807 ], [ -97.190906769075198, 15.946816713157366 ], [ -97.193114779208472, 15.948479996408711 ], [ -97.193695954797604, 15.94928917335589 ], [ -97.194241011966895, 15.949423845854293 ], [ -97.193615672700304, 15.949759838245516 ], [ -97.193332387286347, 15.949857984281227 ], [ -97.191697525631625, 15.950399465263867 ], [ -97.188601512391628, 15.951148343020632 ], [ -97.18780103056136, 15.951358488657229 ], [ -97.187254639071, 15.951614630287928 ], [ -97.187123951715563, 15.951817255983068 ], [ -97.187151969639089, 15.951995151052436 ], [ -97.187297853671524, 15.952159377137578 ], [ -97.18756931693818, 15.952263021897382 ], [ -97.187931155981488, 15.952338923605152 ], [ -97.189302092394826, 15.952571848617735 ], [ -97.18974223419707, 15.952704319538162 ], [ -97.190538647868607, 15.953143073617467 ], [ -97.190960948546689, 15.953507520029895 ], [ -97.191979189253303, 15.954384707375091 ], [ -97.192777636673085, 15.955072548636874 ], [ -97.193313394620361, 15.955480302268413 ], [ -97.194103836763915, 15.955870987724909 ], [ -97.194787339397323, 15.956208813640993 ], [ -97.195130365937757, 15.956235409847134 ], [ -97.19604765139178, 15.956021698242456 ], [ -97.196411783586626, 15.956038302979481 ], [ -97.197189096854601, 15.956327758811877 ], [ -97.197946798287688, 15.956728899896047 ], [ -97.200678889399711, 15.958301527943838 ], [ -97.201431918700891, 15.958700912778282 ], [ -97.202213938467182, 15.9589920975643 ], [ -97.202578077658799, 15.959008692468128 ], [ -97.203495371649225, 15.958794949658015 ], [ -97.203954440707108, 15.95877166926264 ], [ -97.205179471160051, 15.958876768570386 ], [ -97.206470448201884, 15.95905018528417 ], [ -97.207852415497968, 15.959252927133962 ], [ -97.211270003357029, 15.959754305195753 ], [ -97.212603296099743, 15.959897538806102 ], [ -97.214025746754103, 15.959861899607164 ], [ -97.214724523054514, 15.959667757666049 ], [ -97.216563019295393, 15.958797396320001 ], [ -97.217125461647768, 15.958571617900503 ], [ -97.21791170455235, 15.958388355347049 ], [ -97.218472467272576, 15.958352330221695 ], [ -97.220303118946489, 15.958367467920091 ], [ -97.220774612350823, 15.958325615781119 ], [ -97.221144261595342, 15.958115177102917 ], [ -97.221200838459538, 15.957856403423618 ], [ -97.220977127979964, 15.956815907602286 ], [ -97.220895965342407, 15.956438413506378 ], [ -97.220771235616553, 15.956032004448183 ], [ -97.220641617998353, 15.95576248745499 ], [ -97.220258136724382, 15.955299422381566 ], [ -97.219905640832948, 15.954908719514865 ], [ -97.219662908798384, 15.954517147612156 ], [ -97.219499553099809, 15.95416722279146 ], [ -97.219356482550495, 15.953715083366552 ], [ -97.219334239148878, 15.95346283780046 ], [ -97.219363323949125, 15.953211909291065 ], [ -97.21945638874152, 15.952976483051366 ], [ -97.219655178396081, 15.952473604361632 ], [ -97.219723810009569, 15.952481561637191 ], [ -97.220782493135445, 15.952604304490171 ], [ -97.221932684612455, 15.952852710455863 ], [ -97.226622442488051, 15.953555572914102 ], [ -97.22783254908569, 15.953763776377075 ], [ -97.228593014460785, 15.953868068477622 ], [ -97.22899727544899, 15.953941874889741 ], [ -97.22923671351856, 15.954210783723717 ], [ -97.229689509380421, 15.954768007557556 ], [ -97.229807061317373, 15.954943496228218 ], [ -97.229902839810848, 15.955205219950997 ], [ -97.229922114141715, 15.955403622351014 ], [ -97.229916282227137, 15.956067776483151 ], [ -97.229935690461545, 15.956250930440437 ], [ -97.230032094405288, 15.956441494784743 ], [ -97.230150406166942, 15.956530575559119 ], [ -97.230606124341037, 15.956755720986175 ], [ -97.230671274167065, 15.956915529241659 ], [ -97.230519587292036, 15.957436156072077 ], [ -97.230237740341849, 15.958020099961663 ], [ -97.229074125374041, 15.96022453910073 ], [ -97.228786881762247, 15.960823685335052 ], [ -97.228610042440536, 15.961415267428967 ], [ -97.22864466007583, 15.961661238969372 ], [ -97.228983050166676, 15.962217524009828 ], [ -97.22922853973472, 15.962383899298578 ], [ -97.230035767813121, 15.962604030764215 ], [ -97.230943462332434, 15.962752126061211 ], [ -97.23437215399845, 15.963223075512055 ], [ -97.235280746802331, 15.963269496641338 ], [ -97.23609214058429, 15.963015209344668 ], [ -97.236342680132523, 15.962605523526651 ], [ -97.236700467546285, 15.960947944790652 ], [ -97.236820055903308, 15.960491436780753 ], [ -97.237020351285466, 15.96001864548963 ], [ -97.237186899420308, 15.95979973734374 ], [ -97.237763827393195, 15.959250956322707 ], [ -97.237945469027352, 15.959108418911493 ], [ -97.238216203747129, 15.958992026267449 ], [ -97.238421326188558, 15.958968288456342 ], [ -97.239107829867081, 15.958973903547918 ], [ -97.239323015943, 15.959001079158392 ], [ -97.239640714044015, 15.959122284647368 ], [ -97.239879382637994, 15.959268259716385 ], [ -97.240675473829086, 15.959828269943589 ], [ -97.240955021647025, 15.960106741247987 ], [ -97.241463486329906, 15.960846264778384 ], [ -97.241910318720244, 15.9616242553692 ], [ -97.243487095228929, 15.964515350420935 ], [ -97.24385495476578, 15.965313026581288 ], [ -97.243994831037753, 15.966144424964025 ], [ -97.243826791889163, 15.96653446093474 ], [ -97.242902726870952, 15.967523227422634 ], [ -97.242378614343494, 15.968067341673379 ], [ -97.242387150939109, 15.968350105322989 ], [ -97.242300758999647, 15.96858241525609 ], [ -97.241979239191892, 15.969043923166307 ], [ -97.241830393191705, 15.969240952048036 ], [ -97.241396716346159, 15.969498458543127 ], [ -97.241051922001034, 15.969670163833545 ], [ -97.239788426646939, 15.970213336488934 ], [ -97.239459036902872, 15.970425830539345 ], [ -97.239185383087587, 15.970874301427374 ], [ -97.239123839071397, 15.971302480514618 ], [ -97.239110287356482, 15.972852178854898 ], [ -97.239085655083912, 15.973265410300558 ], [ -97.238984256822619, 15.973644125455456 ], [ -97.23886403446825, 15.973771915612112 ], [ -97.238404394795879, 15.973989553921911 ], [ -97.23828461662778, 15.97406651542676 ], [ -97.238185291982319, 15.974208031428502 ], [ -97.238163177843944, 15.974333235699952 ], [ -97.238159303191452, 15.974776006324158 ], [ -97.238110606223216, 15.974936575208922 ], [ -97.237887228002506, 15.975243125871099 ], [ -97.237616812666076, 15.975520486163152 ], [ -97.236578246898134, 15.976508279997601 ], [ -97.23625537399262, 15.976775041821305 ], [ -97.235787205034185, 15.977032139522597 ], [ -97.235441265610149, 15.977132660116519 ], [ -97.234295050188834, 15.977344655355498 ], [ -97.233927735673717, 15.977485663365353 ], [ -97.233359816277641, 15.977931708290544 ], [ -97.232915815869319, 15.978427906910238 ], [ -97.231411717433275, 15.980297448332021 ], [ -97.231056808247416, 15.980819790556653 ], [ -97.230904680619943, 15.981387854336136 ], [ -97.231042266567428, 15.981677032425807 ], [ -97.231836466309957, 15.982458465096592 ], [ -97.232116594373494, 15.982672567061657 ], [ -97.232629655926104, 15.982890277653242 ], [ -97.233303726807591, 15.983123994714088 ], [ -97.233817207454521, 15.983294263148588 ], [ -97.234123406277178, 15.983332360108523 ], [ -97.235038853166699, 15.983339875816997 ], [ -97.235287386913527, 15.98336224829586 ], [ -97.235531764037916, 15.983459139697251 ], [ -97.235632340492614, 15.983575183714597 ], [ -97.23585732055399, 15.984019831122788 ], [ -97.235968406464849, 15.984135961243043 ], [ -97.236261826960884, 15.984233254262497 ], [ -97.236677674831583, 15.984351883647241 ], [ -97.237714228632214, 15.984265495379008 ], [ -97.238053842365616, 15.984288611235311 ], [ -97.238494390857184, 15.984387106862243 ], [ -97.238784132314066, 15.984504699189808 ], [ -97.240144100022036, 15.984958636567308 ], [ -97.240527417649972, 15.985192211584836 ], [ -97.241214011490797, 15.98519782892571 ], [ -97.241493346538746, 15.985103532990237 ], [ -97.242110314479532, 15.984657868027604 ], [ -97.242712359657645, 15.984115498330112 ], [ -97.244904909929886, 15.982030089378721 ], [ -97.24549678537754, 15.981446961708331 ], [ -97.24606634586786, 15.980811123616798 ], [ -97.246288130549715, 15.98048591259565 ], [ -97.246753564797174, 15.979604099510453 ], [ -97.246864960076209, 15.979283070989666 ], [ -97.24691937280322, 15.978666751830085 ], [ -97.246885710353254, 15.978107324483531 ], [ -97.246674207794527, 15.97611298265608 ], [ -97.246672558497792, 15.97549790085815 ], [ -97.246876361748889, 15.974621860781122 ], [ -97.247169156988505, 15.973985456255615 ], [ -97.248114164545058, 15.972283430887527 ], [ -97.248310461905803, 15.971905808610488 ], [ -97.248411081191847, 15.971704408298885 ], [ -97.248598568603185, 15.971395174216999 ], [ -97.248706368467765, 15.971245515099579 ], [ -97.248867474424017, 15.97099831275246 ], [ -97.248970412328532, 15.97080023444463 ], [ -97.249060478122942, 15.97080294861388 ], [ -97.249472959329594, 15.970806304232752 ], [ -97.249728414551555, 15.970812521658329 ], [ -97.249940179618605, 15.970826677968232 ], [ -97.250097981681094, 15.970836466845215 ], [ -97.250161185376385, 15.970843920458025 ], [ -97.250210694261739, 15.970859486922462 ], [ -97.250253628635576, 15.970889508914611 ], [ -97.250271357479804, 15.970918634872987 ], [ -97.250283398925149, 15.97094828967095 ], [ -97.250298705628609, 15.971010644907299 ], [ -97.250313591895321, 15.971110292410764 ], [ -97.250333823433721, 15.971274605692859 ], [ -97.250331481548514, 15.97154414083721 ], [ -97.250331118048507, 15.97166480710429 ], [ -97.250334452080665, 15.971741191604501 ], [ -97.250178927513616, 15.971755913590103 ], [ -97.250091288108948, 15.971772626908532 ], [ -97.249632625001709, 15.971879597560857 ], [ -97.249518047110826, 15.971963385778555 ], [ -97.249442013475814, 15.972247427399223 ], [ -97.249447971936348, 15.972569412979544 ], [ -97.249551812163887, 15.973787970733442 ], [ -97.249657646092786, 15.974105685634854 ], [ -97.250047697889585, 15.974369797083538 ], [ -97.250499080881426, 15.974429383492181 ], [ -97.250677720609573, 15.974430835434843 ], [ -97.251069854293718, 15.974434022607323 ], [ -97.252215483432536, 15.974443334017719 ], [ -97.252737410259073, 15.974447573404456 ], [ -97.253294101321231, 15.974482593123559 ], [ -97.253832308540666, 15.974629292384583 ], [ -97.254044484958442, 15.974803844098016 ], [ -97.254496435538485, 15.97547171985193 ], [ -97.25463505273099, 15.975645674252092 ], [ -97.254829980816908, 15.975789586026803 ], [ -97.254969832165486, 15.975821219860519 ], [ -97.255427543605393, 15.975824932144132 ], [ -97.255584259223355, 15.975729621594065 ], [ -97.255857886478069, 15.975281127038189 ], [ -97.256092065868671, 15.97473573084371 ], [ -97.256911264979948, 15.972639040293046 ], [ -97.25717731523288, 15.972053234549 ], [ -97.257599693840277, 15.971416167435079 ], [ -97.257937042115188, 15.971091877189011 ], [ -97.259088951219326, 15.970215586115925 ], [ -97.259273791601174, 15.969905309254029 ], [ -97.258984477801874, 15.969333645875317 ], [ -97.258386335098862, 15.968827259778866 ], [ -97.25588434325212, 15.967035773040774 ], [ -97.255202634190653, 15.966472786590458 ], [ -97.254523879743743, 15.965569245713622 ], [ -97.254234511624162, 15.96500604914605 ], [ -97.25356913038236, 15.962560701086991 ], [ -97.253348892611598, 15.961903177610461 ], [ -97.253791844745052, 15.96196343049661 ], [ -97.25443326728616, 15.962146365754196 ], [ -97.254651508117874, 15.962226078034696 ], [ -97.254870942856897, 15.962370187420913 ], [ -97.254966180157865, 15.962496345839217 ], [ -97.25519118651323, 15.962940975763019 ], [ -97.255354902416585, 15.96304735609908 ], [ -97.25589390330984, 15.963099167033777 ], [ -97.256500188517663, 15.963066800942105 ], [ -97.258790517097836, 15.962863933966544 ], [ -97.259606699120866, 15.962863756008284 ], [ -97.261125223751691, 15.963065801269407 ], [ -97.262478366380535, 15.963354611034472 ], [ -97.267274544412899, 15.96450028930299 ], [ -97.268617113828711, 15.9647991434927 ], [ -97.270086222985668, 15.965048173939747 ], [ -97.270842377437546, 15.965105082101573 ], [ -97.272901987693871, 15.965121617001691 ], [ -97.273480114229059, 15.965105921654537 ], [ -97.274118426110334, 15.965016152567779 ], [ -97.274452173352515, 15.964903607218238 ], [ -97.275371346605439, 15.964468163226007 ], [ -97.275620852815067, 15.964375274116538 ], [ -97.275866044117606, 15.96437723806055 ], [ -97.275966811452491, 15.96447293303738 ], [ -97.276191868247892, 15.964917545727065 ], [ -97.276313391531943, 15.965043906483144 ], [ -97.276655443166888, 15.965188977114146 ], [ -97.277022565250675, 15.965269859655104 ], [ -97.278393752141298, 15.96550223606379 ], [ -97.278813590896149, 15.965563204132053 ], [ -97.27940164935309, 15.965615349537478 ], [ -97.279821893941701, 15.965628874887932 ], [ -97.281194977260554, 15.96563984343071 ], [ -97.281636585836893, 15.965612869487144 ], [ -97.282324341458818, 15.96547602646138 ], [ -97.282865240272869, 15.965307509915071 ], [ -97.284701673219203, 15.964657933538181 ], [ -97.285294677074461, 15.964540658700551 ], [ -97.286225602610756, 15.964642960356056 ], [ -97.286962494659079, 15.964906379873355 ], [ -97.289470416353311, 15.966033355536037 ], [ -97.290249352221068, 15.96629709870607 ], [ -97.291376447154789, 15.966400937141019 ], [ -97.292207644421268, 15.96628553401592 ], [ -97.294959460421751, 15.965643128749134 ], [ -97.295748448422174, 15.965547710421076 ], [ -97.296678586339425, 15.965744850251156 ], [ -97.297218368951889, 15.966121898434984 ], [ -97.298807230159696, 15.967684313330555 ], [ -97.299241593572575, 15.968101190567412 ], [ -97.299679747699074, 15.9684842081284 ], [ -97.299871317440719, 15.968614499320221 ], [ -97.30032715508294, 15.968839507243406 ], [ -97.300498480491797, 15.968878138018995 ], [ -97.30084216070172, 15.968833407235294 ], [ -97.301161806714546, 15.96873087501945 ], [ -97.302309805279364, 15.968297118450659 ], [ -97.302650209979305, 15.968225247662284 ], [ -97.30309076967319, 15.968323610716487 ], [ -97.303379736658698, 15.968536000348811 ], [ -97.304287694130466, 15.969428787538556 ], [ -97.304565984220474, 15.969661425057716 ], [ -97.304956709441115, 15.96985428113185 ], [ -97.30523659781548, 15.969897152247372 ], [ -97.306152018138491, 15.96990435940638 ], [ -97.306443185028314, 15.969855817480799 ], [ -97.306886542655619, 15.969622083079154 ], [ -97.30722874307817, 15.969336718514869 ], [ -97.308382313713182, 15.968238747676013 ], [ -97.308745697557868, 15.967933213343526 ], [ -97.309287924805389, 15.967605360916675 ], [ -97.311717825530422, 15.966651716707824 ], [ -97.316694355186954, 15.974184091901083 ], [ -97.330223904722558, 15.995821023069647 ], [ -97.329817333130634, 15.99577602990813 ], [ -97.32958900979429, 15.99575076255312 ], [ -97.329336653047932, 15.995736533026845 ], [ -97.329115757683965, 15.995765556204786 ], [ -97.328873606893197, 15.995855918938801 ], [ -97.3286775190914, 15.995985672975435 ], [ -97.328416900704468, 15.996233737443719 ], [ -97.327725412888213, 15.996891916475059 ], [ -97.327465503066804, 15.997179646465831 ], [ -97.327290876036614, 15.997534123958962 ], [ -97.327301319311943, 15.997752790718611 ], [ -97.327524682807919, 15.998418758153054 ], [ -97.327556231408749, 15.998627422427964 ], [ -97.327480093770518, 15.998935221654166 ], [ -97.327339776788335, 15.999166270453404 ], [ -97.326761099231391, 15.999936697756592 ], [ -97.326578993186317, 16.000136920155732 ], [ -97.326307845058011, 16.000300865049017 ], [ -97.326102596903993, 16.000334849631511 ], [ -97.325415920727281, 16.000329498360358 ], [ -97.325205967912524, 16.000297361496518 ], [ -97.324912864403572, 16.000152741847938 ], [ -97.324704098158051, 15.999978279237478 ], [ -97.324022961665548, 15.999308739183766 ], [ -97.323793176530401, 15.999134111858634 ], [ -97.323401980021629, 15.998988725067075 ], [ -97.323072912789016, 15.998955656734703 ], [ -97.321928462270463, 15.99894672134567 ], [ -97.321578459957237, 15.998903320500588 ], [ -97.321089566537083, 15.998709721686613 ], [ -97.320741150214431, 15.998476552851271 ], [ -97.32029730102029, 15.997924079814329 ], [ -97.320046670533756, 15.997728952456876 ], [ -97.319558178254653, 15.997487908904283 ], [ -97.319255778901805, 15.997338690963735 ], [ -97.31876728865636, 15.997097645785376 ], [ -97.318417772589441, 15.996996632473332 ], [ -97.317275189045148, 15.996766279263902 ], [ -97.316925334107978, 15.996705927863168 ], [ -97.316435259547475, 15.996654644079076 ], [ -97.316085007830907, 15.996641732916832 ], [ -97.31494057460155, 15.996632761578386 ], [ -97.314558281624528, 15.99668059693348 ], [ -97.313918679723955, 15.996912802380113 ], [ -97.313387254599846, 15.99719668843874 ], [ -97.311546861844121, 15.998289275037759 ], [ -97.310974072766868, 15.998491495871875 ], [ -97.310141462311961, 15.998342615417334 ], [ -97.309524810991292, 15.997927708305637 ], [ -97.307479736653093, 15.996140347591531 ], [ -97.30681089032602, 15.995684355882329 ], [ -97.305734662008248, 15.995343762087757 ], [ -97.3048660371701, 15.995313189806364 ], [ -97.301888679406574, 15.995511090617013 ], [ -97.301072090436961, 15.995541914054472 ], [ -97.300238701134305, 15.995487879419475 ], [ -97.29986473429166, 15.995379865784631 ], [ -97.298952947180368, 15.994929836606568 ], [ -97.298663147600564, 15.994812320588743 ], [ -97.29822253432927, 15.99471394328056 ], [ -97.297882886175344, 15.994690920142036 ], [ -97.296738474858827, 15.994681852965025 ], [ -97.29643035685244, 15.994659077442423 ], [ -97.296136883887471, 15.994561862315988 ], [ -97.296025754811268, 15.99444575941722 ], [ -97.295800625783656, 15.994001161148084 ], [ -97.295689411031503, 15.993895224062967 ], [ -97.295395537437599, 15.993845449127781 ], [ -97.295086932617721, 15.99388027881697 ], [ -97.293940649173408, 15.994092588678164 ], [ -97.293411423369989, 15.994115497782465 ], [ -97.29208798885098, 15.994010096064514 ], [ -97.290726596647588, 15.993836607053533 ], [ -97.285696894886627, 15.993132328808258 ], [ -97.284293566070772, 15.992948298924503 ], [ -97.282774373415094, 15.992793834102715 ], [ -97.282007424505693, 15.992757205232754 ], [ -97.279947521618226, 15.992740729740957 ], [ -97.279337785010796, 15.992756182275711 ], [ -97.278552248696499, 15.992844779783654 ], [ -97.27803979011675, 15.992955895509022 ], [ -97.276433849833026, 15.993385832129871 ], [ -97.275921650685447, 15.993466445027989 ], [ -97.27513733218241, 15.993412707926716 ], [ -97.274529077521294, 15.993255327427617 ], [ -97.272474883390444, 15.992574612792014 ], [ -97.271877318433994, 15.992396978061448 ], [ -97.271142867357796, 15.99224874028088 ], [ -97.270691215673537, 15.992214607286083 ], [ -97.269317958731392, 15.99220355389757 ], [ -97.268886889536049, 15.992220415413781 ], [ -97.268248489352928, 15.992310160012488 ], [ -97.267767557908826, 15.992421504846417 ], [ -97.266161608119134, 15.992851362948166 ], [ -97.265733398206052, 15.992942795323911 ], [ -97.265341038582179, 15.992939628919212 ], [ -97.265208735115777, 15.992843673807732 ], [ -97.264983679066319, 15.992399050032528 ], [ -97.264872658452731, 15.992272767094027 ], [ -97.264579618023987, 15.992128070365125 ], [ -97.264272009582953, 15.992047643374946 ], [ -97.263129545643054, 15.99181701083366 ], [ -97.262769654140058, 15.991705659848138 ], [ -97.262232623431785, 15.991416657264569 ], [ -97.261825328888477, 15.99111514733589 ], [ -97.260461660097846, 15.989997099901561 ], [ -97.260043422073949, 15.989746330845211 ], [ -97.259455304341074, 15.98969412613433 ], [ -97.259033372675063, 15.98987031687218 ], [ -97.257652468710646, 15.990744739832095 ], [ -97.257240602563158, 15.990971840551003 ], [ -97.256699470944582, 15.991157226210303 ], [ -97.256338292604568, 15.991194962373411 ], [ -97.255193926289309, 15.991185676003429 ], [ -97.254823032330563, 15.991131832726149 ], [ -97.254236560656295, 15.990889853273591 ], [ -97.253769638917987, 15.990598011391938 ], [ -97.25217715267155, 15.989478056790665 ], [ -97.251720835179185, 15.98917613077861 ], [ -97.251183829659055, 15.988887102759566 ], [ -97.250872995523437, 15.98877613196211 ], [ -97.249959442243707, 15.988547294750282 ], [ -97.249648786397756, 15.988415990894133 ], [ -97.249112612181705, 15.988032078316289 ], [ -97.248657306099076, 15.987614935308356 ], [ -97.247068732281534, 15.986052175446403 ], [ -97.246529184587587, 15.985654674652601 ], [ -97.245599856072786, 15.985362434293929 ], [ -97.244811790133241, 15.985342447400038 ], [ -97.242063474690255, 15.98554139619495 ], [ -97.241263834279664, 15.98564329823996 ], [ -97.240280494129735, 15.985919911094438 ], [ -97.239675361936207, 15.986213171263822 ], [ -97.237834741726388, 15.987305097913172 ], [ -97.237229602318308, 15.987598350382573 ], [ -97.236246248747534, 15.987874943210675 ], [ -97.235446598302346, 15.987976822358977 ], [ -97.232698250150051, 15.988175646779409 ], [ -97.231946112895329, 15.988252487355599 ], [ -97.231184487643162, 15.988412272254962 ], [ -97.230848588681397, 15.988563697616994 ], [ -97.230042683450478, 15.989110564002058 ], [ -97.225926516865684, 15.994245636719318 ], [ -97.225721680682057, 15.994563619489156 ], [ -97.225751664507854, 15.99434190270396 ], [ -97.225658808823496, 15.99374810157795 ], [ -97.225496174792369, 15.993121531006118 ], [ -97.224830079185807, 15.990791335542058 ], [ -97.22477888807191, 15.990041995004136 ], [ -97.224623136825429, 15.989687253560168 ], [ -97.225870420537035, 15.987631424752792 ], [ -97.228535515335949, 15.983889601836166 ], [ -97.229113279563677, 15.982925170638243 ], [ -97.229144480115025, 15.982166341481818 ], [ -97.228611293749225, 15.982046731822134 ], [ -97.226091889357434, 15.982247364373682 ], [ -97.2253424673072, 15.98221745977502 ], [ -97.224364572189259, 15.981877288166578 ], [ -97.22371700336538, 15.981421234105275 ], [ -97.221672930675041, 15.979633146192594 ], [ -97.221088247784309, 15.979197937884958 ], [ -97.220403779147475, 15.978955062208112 ], [ -97.219652334124916, 15.979155558133566 ], [ -97.218860495008713, 15.979697981737415 ], [ -97.21848756877209, 15.97987788619163 ], [ -97.217897402302441, 15.980062767511731 ], [ -97.217293183289314, 15.980252048972039 ], [ -97.216703014942667, 15.980436926783637 ], [ -97.216380387704319, 15.980474916497187 ], [ -97.215464963134238, 15.980467322705289 ], [ -97.215184821375203, 15.980454831777521 ] ] ] ] } },
{ "type": "Feature", "properties": { "fid": 3.0, "cat": 4, "CLAVE_ACUI": "2022", "NOM_ACUIF": "BAJOS DE CHILA", "VULNERABIL": 3 }, "geometry": { "type": "MultiPolygon", "coordinates": [ [ [ [ -97.224830079185807, 15.990791335542058 ], [ -97.225496174792369, 15.993121531006118 ], [ -97.225658808823496, 15.99374810157795 ], [ -97.225751664507854, 15.99434190270396 ], [ -97.225721680682057, 15.994563619489156 ], [ -97.22548889958945, 15.99500449647744 ], [ -97.225254159025994, 15.99520418963256 ], [ -97.224294322692444, 15.995985842895776 ], [ -97.223704200923095, 15.996358812843171 ], [ -97.221865368013525, 15.997229200666704 ], [ -97.221376474108041, 15.997445423739403 ], [ -97.220933810694675, 15.997584086908448 ], [ -97.220790329139533, 15.997565955038114 ], [ -97.220563412585207, 15.997342676949543 ], [ -97.220440950473474, 15.997324718937412 ], [ -97.220096376606918, 15.997464192720464 ], [ -97.219726589670316, 15.997681398437939 ], [ -97.218582297149069, 15.998518538466303 ], [ -97.217622763650837, 15.998866399721157 ], [ -97.216585766777058, 15.998665200184282 ], [ -97.216402674665773, 15.998570489611135 ], [ -97.216232911443839, 15.998355588845168 ], [ -97.216173484597206, 15.998143298436011 ], [ -97.216065922631131, 15.99736751067373 ], [ -97.21605904400738, 15.997155656531163 ], [ -97.216134505308645, 15.996942791613581 ], [ -97.216249185711817, 15.996850552957252 ], [ -97.216708899180361, 15.996632970178949 ], [ -97.216828698683997, 15.996556023046285 ], [ -97.216928050032422, 15.996414519829314 ], [ -97.216950181070686, 15.996289319568826 ], [ -97.216954107914489, 15.995846554929503 ], [ -97.217029237106686, 15.995670963083436 ], [ -97.217375912435827, 15.995294298691917 ], [ -97.217796032564152, 15.994931797746917 ], [ -97.219168631761406, 15.993960436939529 ], [ -97.219709382648304, 15.993426104476525 ], [ -97.220155396329986, 15.992907929621934 ], [ -97.220251810111819, 15.992702013662067 ], [ -97.220255728760733, 15.992259248077206 ], [ -97.220272377442285, 15.992159417501844 ], [ -97.220346152706398, 15.992136307063539 ], [ -97.220434897329298, 15.992203122703879 ], [ -97.220775264335032, 15.992538039216559 ], [ -97.220885207883214, 15.992584697621982 ], [ -97.221063209606044, 15.992462481223502 ], [ -97.221194683365567, 15.992253466149242 ], [ -97.221660254609006, 15.991371722154462 ], [ -97.221839468171893, 15.991112270067729 ], [ -97.222210228826285, 15.99078323809429 ], [ -97.222560673159535, 15.990572644124185 ], [ -97.223825315478734, 15.989918899657665 ], [ -97.224276761224601, 15.989576975175572 ], [ -97.224623136825429, 15.989687253560168 ], [ -97.22477888807191, 15.990041995004136 ], [ -97.224830079185807, 15.990791335542058 ] ] ] ] } },
{ "type": "Feature", "properties": { "fid": 4.0, "cat": 1, "CLAVE_ACUI": "2022", "NOM_ACUIF": "BAJOS DE CHILA", "VULNERABIL": 1 }, "geometry": { "type": "MultiPolygon", "coordinates": [ [ [ [ -97.220434897329298, 15.992203122703879 ], [ -97.220346152706398, 15.992136307063539 ], [ -97.220272377442285, 15.992159417501844 ], [ -97.220255728760733, 15.992259248077206 ], [ -97.220251810111819, 15.992702013662067 ], [ -97.220155396329986, 15.992907929621934 ], [ -97.219709382648304, 15.993426104476525 ], [ -97.219168631761406, 15.993960436939529 ], [ -97.217796032564152, 15.994931797746917 ], [ -97.217375912435827, 15.995294298691917 ], [ -97.217029237106686, 15.995670963083436 ], [ -97.216954107914489, 15.995846554929503 ], [ -97.216950181070686, 15.996289319568826 ], [ -97.216928050032422, 15.996414519829314 ], [ -97.216828698683997, 15.996556023046285 ], [ -97.216708899180361, 15.996632970178949 ], [ -97.216249185711817, 15.996850552957252 ], [ -97.216134505308645, 15.996942791613581 ], [ -97.21605904400738, 15.997155656531163 ], [ -97.216065922631131, 15.99736751067373 ], [ -97.216173484597206, 15.998143298436011 ], [ -97.216232911443839, 15.998355588845168 ], [ -97.216402674665773, 15.998570489611135 ], [ -97.216585766777058, 15.998665200184282 ], [ -97.217622763650837, 15.998866399721157 ], [ -97.218582297149069, 15.998518538466303 ], [ -97.219726589670316, 15.997681398437939 ], [ -97.220096376606918, 15.997464192720464 ], [ -97.220440950473474, 15.997324718937412 ], [ -97.220563412585207, 15.997342676949543 ], [ -97.220790329139533, 15.997565955038114 ], [ -97.220933810694675, 15.997584086908448 ], [ -97.221376474108041, 15.997445423739403 ], [ -97.221865368013525, 15.997229200666704 ], [ -97.223704200923095, 15.996358812843171 ], [ -97.224294322692444, 15.995985842895776 ], [ -97.225254159025994, 15.99520418963256 ], [ -97.22548889958945, 15.99500449647744 ], [ -97.225721680682057, 15.994563619489156 ], [ -97.225926516865684, 15.994245636719318 ], [ -97.230042683450478, 15.989110564002058 ], [ -97.230848588681397, 15.988563697616994 ], [ -97.231184487643162, 15.988412272254962 ], [ -97.231946112895329, 15.988252487355599 ], [ -97.232698250150051, 15.988175646779409 ], [ -97.235446598302346, 15.987976822358977 ], [ -97.236246248747534, 15.987874943210675 ], [ -97.237229602318308, 15.987598350382573 ], [ -97.237834741726388, 15.987305097913172 ], [ -97.239675361936207, 15.986213171263822 ], [ -97.240280494129735, 15.985919911094438 ], [ -97.241263834279664, 15.98564329823996 ], [ -97.242063474690255, 15.98554139619495 ], [ -97.244811790133241, 15.985342447400038 ], [ -97.245599856072786, 15.985362434293929 ], [ -97.246529184587587, 15.985654674652601 ], [ -97.247068732281534, 15.986052175446403 ], [ -97.248657306099076, 15.987614935308356 ], [ -97.249112612181705, 15.988032078316289 ], [ -97.249648786397756, 15.988415990894133 ], [ -97.249959442243707, 15.988547294750282 ], [ -97.250872995523437, 15.98877613196211 ], [ -97.251183829659055, 15.988887102759566 ], [ -97.251720835179185, 15.98917613077861 ], [ -97.25217715267155, 15.989478056790665 ], [ -97.253769638917987, 15.990598011391938 ], [ -97.254236560656295, 15.990889853273591 ], [ -97.254823032330563, 15.991131832726149 ], [ -97.255193926289309, 15.991185676003429 ], [ -97.256338292604568, 15.991194962373411 ], [ -97.256699470944582, 15.991157226210303 ], [ -97.257240602563158, 15.990971840551003 ], [ -97.257652468710646, 15.990744739832095 ], [ -97.259033372675063, 15.98987031687218 ], [ -97.259455304341074, 15.98969412613433 ], [ -97.260043422073949, 15.989746330845211 ], [ -97.260461660097846, 15.989997099901561 ], [ -97.261825328888477, 15.99111514733589 ], [ -97.262232623431785, 15.991416657264569 ], [ -97.262769654140058, 15.991705659848138 ], [ -97.263129545643054, 15.99181701083366 ], [ -97.264272009582953, 15.992047643374946 ], [ -97.264579618023987, 15.992128070365125 ], [ -97.264872658452731, 15.992272767094027 ], [ -97.264983679066319, 15.992399050032528 ], [ -97.265208735115777, 15.992843673807732 ], [ -97.265341038582179, 15.992939628919212 ], [ -97.265733398206052, 15.992942795323911 ], [ -97.266161608119134, 15.992851362948166 ], [ -97.267767557908826, 15.992421504846417 ], [ -97.268248489352928, 15.992310160012488 ], [ -97.268886889536049, 15.992220415413781 ], [ -97.269317958731392, 15.99220355389757 ], [ -97.270691215673537, 15.992214607286083 ], [ -97.271142867357796, 15.99224874028088 ], [ -97.271877318433994, 15.992396978061448 ], [ -97.272474883390444, 15.992574612792014 ], [ -97.274529077521294, 15.993255327427617 ], [ -97.27513733218241, 15.993412707926716 ], [ -97.275921650685447, 15.993466445027989 ], [ -97.276433849833026, 15.993385832129871 ], [ -97.27803979011675, 15.992955895509022 ], [ -97.278552248696499, 15.992844779783654 ], [ -97.279337785010796, 15.992756182275711 ], [ -97.279947521618226, 15.992740729740957 ], [ -97.282007424505693, 15.992757205232754 ], [ -97.282774373415094, 15.992793834102715 ], [ -97.284293566070772, 15.992948298924503 ], [ -97.285696894886627, 15.993132328808258 ], [ -97.290726596647588, 15.993836607053533 ], [ -97.29208798885098, 15.994010096064514 ], [ -97.293411423369989, 15.994115497782465 ], [ -97.293940649173408, 15.994092588678164 ], [ -97.295086932617721, 15.99388027881697 ], [ -97.295395537437599, 15.993845449127781 ], [ -97.295689411031503, 15.993895224062967 ], [ -97.295800625783656, 15.994001161148084 ], [ -97.296025754811268, 15.99444575941722 ], [ -97.296136883887471, 15.994561862315988 ], [ -97.29643035685244, 15.994659077442423 ], [ -97.296738474858827, 15.994681852965025 ], [ -97.297882886175344, 15.994690920142036 ], [ -97.29822253432927, 15.99471394328056 ], [ -97.298663147600564, 15.994812320588743 ], [ -97.298952947180368, 15.994929836606568 ], [ -97.29986473429166, 15.995379865784631 ], [ -97.300238701134305, 15.995487879419475 ], [ -97.301072090436961, 15.995541914054472 ], [ -97.301888679406574, 15.995511090617013 ], [ -97.3048660371701, 15.995313189806364 ], [ -97.305734662008248, 15.995343762087757 ], [ -97.30681089032602, 15.995684355882329 ], [ -97.307479736653093, 15.996140347591531 ], [ -97.309524810991292, 15.997927708305637 ], [ -97.310141462311961, 15.998342615417334 ], [ -97.310974072766868, 15.998491495871875 ], [ -97.311546861844121, 15.998289275037759 ], [ -97.313387254599846, 15.99719668843874 ], [ -97.313918679723955, 15.996912802380113 ], [ -97.314558281624528, 15.99668059693348 ], [ -97.31494057460155, 15.996632761578386 ], [ -97.316085007830907, 15.996641732916832 ], [ -97.316435259547475, 15.996654644079076 ], [ -97.316925334107978, 15.996705927863168 ], [ -97.317275189045148, 15.996766279263902 ], [ -97.318417772589441, 15.996996632473332 ], [ -97.31876728865636, 15.997097645785376 ], [ -97.319255778901805, 15.997338690963735 ], [ -97.319558178254653, 15.997487908904283 ], [ -97.320046670533756, 15.997728952456876 ], [ -97.32029730102029, 15.997924079814329 ], [ -97.320741150214431, 15.998476552851271 ], [ -97.321089566537083, 15.998709721686613 ], [ -97.321578459957237, 15.998903320500588 ], [ -97.321928462270463, 15.99894672134567 ], [ -97.323072912789016, 15.998955656734703 ], [ -97.323401980021629, 15.998988725067075 ], [ -97.323793176530401, 15.999134111858634 ], [ -97.324022961665548, 15.999308739183766 ], [ -97.324704098158051, 15.999978279237478 ], [ -97.324912864403572, 16.000152741847938 ], [ -97.325205967912524, 16.000297361496518 ], [ -97.325415920727281, 16.000329498360358 ], [ -97.326102596903993, 16.000334849631511 ], [ -97.326307845058011, 16.000300865049017 ], [ -97.326578993186317, 16.000136920155732 ], [ -97.326761099231391, 15.999936697756592 ], [ -97.327339776788335, 15.999166270453404 ], [ -97.327480093770518, 15.998935221654166 ], [ -97.327556231408749, 15.998627422427964 ], [ -97.327524682807919, 15.998418758153054 ], [ -97.327301319311943, 15.997752790718611 ], [ -97.327290876036614, 15.997534123958962 ], [ -97.327465503066804, 15.997179646465831 ], [ -97.327725412888213, 15.996891916475059 ], [ -97.328416900704468, 15.996233737443719 ], [ -97.3286775190914, 15.995985672975435 ], [ -97.328873606893197, 15.995855918938801 ], [ -97.329115757683965, 15.995765556204786 ], [ -97.329336653047932, 15.995736533026845 ], [ -97.32958900979429, 15.99575076255312 ], [ -97.329817333130634, 15.99577602990813 ], [ -97.330223904722558, 15.995821023069647 ], [ -97.330371738982777, 15.996062466830686 ], [ -97.338072808662872, 16.008192475783222 ], [ -97.3475284576691, 16.023096482182897 ], [ -97.333233467215351, 16.064119682289093 ], [ -97.250430212942277, 16.107064846907278 ], [ -97.226089581073737, 16.16864092244813 ], [ -97.253759762695253, 16.209028911329298 ], [ -97.253570131518529, 16.209179376297207 ], [ -97.216766119495063, 16.238381929293762 ], [ -97.173085273547144, 16.237329380249776 ], [ -97.129141290399559, 16.212857580603128 ], [ -97.067777662560303, 16.200845976971486 ], [ -97.092107441791853, 16.117499006072794 ], [ -97.094549952815882, 16.059414956981328 ], [ -97.026674582965896, 15.943120852095522 ], [ -97.05855235460325, 15.914964998333717 ], [ -97.060614150158102, 15.91314392957177 ], [ -97.06195331897662, 15.913848898026599 ], [ -97.062263842435755, 15.913966895553655 ], [ -97.06280215485738, 15.914066605918588 ], [ -97.063260648989143, 15.914091051298829 ], [ -97.064861976426229, 15.914105412953283 ], [ -97.065383302897061, 15.914150748299829 ], [ -97.066214832533461, 15.914347956958991 ], [ -97.066998176038808, 15.914579745883918 ], [ -97.067975410908119, 15.914920571252628 ], [ -97.069160569291711, 15.915490284433393 ], [ -97.069784842559244, 15.915756785316773 ], [ -97.070418942771255, 15.916094531678446 ], [ -97.070700525928729, 15.916310526724379 ], [ -97.071380481805164, 15.916980757216736 ], [ -97.071662552235352, 15.917145927495639 ], [ -97.072298922814383, 15.91724649156277 ], [ -97.072925952864665, 15.917224982947094 ], [ -97.075215720962504, 15.917024031371236 ], [ -97.075848051678065, 15.9169974786038 ], [ -97.07650916174498, 15.917074531134777 ], [ -97.076821274333327, 15.917211160192114 ], [ -97.077616692009101, 15.917771709623175 ], [ -97.077833781547696, 15.91795831916977 ], [ -97.078051445993765, 15.918268615698317 ], [ -97.078365652566546, 15.919412790152396 ], [ -97.078454405488358, 15.919654167483021 ], [ -97.078554565525693, 15.919800766979836 ], [ -97.078659451638032, 15.919818643635109 ], [ -97.079003658263346, 15.919711015454981 ], [ -97.079155477418766, 15.919764889448199 ], [ -97.079519761158096, 15.920123929661381 ], [ -97.07974527078747, 15.920346192407843 ], [ -97.080109556619988, 15.920705231837056 ], [ -97.080405288914861, 15.92109246360336 ], [ -97.081421094788112, 15.9225405039997 ], [ -97.081779668458495, 15.922948624479758 ], [ -97.082437199806691, 15.923405147338356 ], [ -97.083017956744285, 15.923649201551385 ], [ -97.085070632215235, 15.924331588417886 ], [ -97.085677513728584, 15.924591116442279 ], [ -97.086456944916122, 15.925119869868997 ], [ -97.086963537177454, 15.925615704396122 ], [ -97.088548217354045, 15.927400841504584 ], [ -97.089018004080799, 15.927901428874126 ], [ -97.089625647264782, 15.928452370701088 ], [ -97.090023921263864, 15.928738843230088 ], [ -97.091274894260081, 15.929524770246433 ], [ -97.091626235194042, 15.929775244887239 ], [ -97.09201484790286, 15.930158202987531 ], [ -97.09221866769937, 15.930454811642901 ], [ -97.092781216289168, 15.931456027028332 ], [ -97.092959014848006, 15.931726990777694 ], [ -97.093226190146467, 15.931990273305599 ], [ -97.093430070395343, 15.932095427394042 ], [ -97.094114336908007, 15.932322862884343 ], [ -97.094323518746705, 15.932422980202064 ], [ -97.094615433504885, 15.932662759883696 ], [ -97.09482327297323, 15.932905184993938 ], [ -97.095501278815647, 15.933796721749649 ], [ -97.095761552403005, 15.9340497750079 ], [ -97.0962981541239, 15.934339153684478 ], [ -97.096804454657942, 15.934499497808506 ], [ -97.098630593825703, 15.934958383565796 ], [ -97.099157622459032, 15.935149402501878 ], [ -97.099790945899173, 15.935581946344723 ], [ -97.10016866541487, 15.936008847761645 ], [ -97.101298041505089, 15.937568508920341 ], [ -97.101613019755774, 15.937964358552572 ], [ -97.10195353259482, 15.938251997982743 ], [ -97.102125000272309, 15.938267061997553 ], [ -97.102584668780509, 15.938049720907054 ], [ -97.102719891630883, 15.938008553756477 ], [ -97.102891263675531, 15.938033782060876 ], [ -97.10300085814508, 15.938110989683581 ], [ -97.103340927607633, 15.938446063440967 ], [ -97.103444839667034, 15.938568966791912 ], [ -97.103589692658659, 15.938807442223522 ], [ -97.103692713510043, 15.939025218067741 ], [ -97.104028625695747, 15.939803029769122 ], [ -97.104231501514576, 15.940016600864341 ], [ -97.104842342660888, 15.940235453486588 ], [ -97.105512097448724, 15.940334527410581 ], [ -97.108026783463245, 15.94057800330576 ], [ -97.108743676124604, 15.940692729876616 ], [ -97.109693013627947, 15.941043305972403 ], [ -97.11028152054601, 15.941404269222726 ], [ -97.111406890632722, 15.94240586309278 ], [ -97.111845261097301, 15.942718066611729 ], [ -97.112528554251924, 15.943056134761818 ], [ -97.113318760307322, 15.943447095521154 ], [ -97.11375891041628, 15.943569549497964 ], [ -97.11512964925457, 15.943802931552495 ], [ -97.115496638058062, 15.943884078983082 ], [ -97.115838511448331, 15.944029389731883 ], [ -97.115959913021626, 15.944155829544879 ], [ -97.116184580526721, 15.94460057146711 ], [ -97.116316299047043, 15.944747432954548 ], [ -97.116706318014906, 15.944988044357286 ], [ -97.11713177005781, 15.94518491285638 ], [ -97.118727200544825, 15.945863014987221 ], [ -97.119173385080131, 15.946090558315454 ], [ -97.11966014305996, 15.946474330995143 ], [ -97.119909326798208, 15.946795034869512 ], [ -97.120585429365136, 15.947907879957246 ], [ -97.120792969248683, 15.948187556467722 ], [ -97.121085382239187, 15.948379869090269 ], [ -97.121295574739136, 15.948374924845659 ], [ -97.121984058971847, 15.948159537853298 ], [ -97.12217863359777, 15.94813920781753 ], [ -97.122398165212161, 15.948259722625028 ], [ -97.12251720737649, 15.94845221678661 ], [ -97.122853207094593, 15.949230008004387 ], [ -97.122977172300693, 15.949458125356227 ], [ -97.123219675885082, 15.949744881836786 ], [ -97.123442144497744, 15.949926416477657 ], [ -97.124237830145773, 15.950486820265613 ], [ -97.124550032152925, 15.950623388907971 ], [ -97.125211286867469, 15.950700305764677 ], [ -97.125843734095696, 15.950673617099296 ], [ -97.128133898230786, 15.950472139246818 ], [ -97.128792376065491, 15.950471082674335 ], [ -97.129575110707776, 15.950667643315459 ], [ -97.130034826179724, 15.950949501792826 ], [ -97.131397438649117, 15.952068278021486 ], [ -97.13181494475073, 15.952370098830604 ], [ -97.132400685839087, 15.952659823170803 ], [ -97.132819952092532, 15.952771894205121 ], [ -97.13419078826162, 15.953005163790401 ], [ -97.134578724324456, 15.953096628360054 ], [ -97.135018254498576, 15.953290198038815 ], [ -97.135258218705587, 15.953475261954644 ], [ -97.135938523677609, 15.954145323338526 ], [ -97.136157570020401, 15.954320039469076 ], [ -97.13649947890238, 15.954465320765673 ], [ -97.136768873596395, 15.954498149223181 ], [ -97.137684139935757, 15.954506065335622 ], [ -97.138005881716836, 15.954559676733785 ], [ -97.13859207765644, 15.954801948623031 ], [ -97.139107759806663, 15.955094439396037 ], [ -97.140928092570235, 15.956217117222915 ], [ -97.141506917947069, 15.956499982049124 ], [ -97.142387758609743, 15.956697346105214 ], [ -97.143067275744627, 15.956696429288916 ], [ -97.145357512639706, 15.956494773742017 ], [ -97.146026429600553, 15.956503922170004 ], [ -97.146857807737632, 15.956748283651606 ], [ -97.147376575131645, 15.957088223902161 ], [ -97.148966123127096, 15.958430246215546 ], [ -97.149421762246945, 15.958779805529513 ], [ -97.14995851809104, 15.95906906516154 ], [ -97.150269671863896, 15.959132734215412 ], [ -97.151184966270506, 15.959140595194082 ], [ -97.151438564165602, 15.959178353451565 ], [ -97.151706726578297, 15.959346699857964 ], [ -97.15183621794489, 15.959549436666448 ], [ -97.152172349697594, 15.960327195357204 ], [ -97.152327597675622, 15.960586065916214 ], [ -97.152715956073038, 15.961016369689757 ], [ -97.153115506698569, 15.961372218358106 ], [ -97.154591728024798, 15.962602536956638 ], [ -97.155049494930992, 15.962913134678512 ], [ -97.155709509030302, 15.963132276052107 ], [ -97.156194618275734, 15.963134737215395 ], [ -97.157798445120321, 15.962927074937831 ], [ -97.158299547896164, 15.962904253143611 ], [ -97.159034202495491, 15.963005419710825 ], [ -97.159582607170449, 15.963172765065861 ], [ -97.161407182149446, 15.963852536331025 ], [ -97.161955498962428, 15.964030041308433 ], [ -97.162689728221096, 15.96417863378587 ], [ -97.16319030966639, 15.964213403905529 ], [ -97.164792127274112, 15.96422706621256 ], [ -97.165291876580255, 15.964353318772119 ], [ -97.165815658951516, 15.964725454429775 ], [ -97.16615269846676, 15.9652179906399 ], [ -97.168372339602527, 15.968296872504112 ], [ -97.1697628090525, 15.969857331890655 ], [ -97.172015398040514, 15.970990228045038 ], [ -97.172881364232467, 15.971487248700631 ], [ -97.174079120885068, 15.971900670429896 ], [ -97.174924232753852, 15.971994252094204 ], [ -97.177670330860266, 15.972017527295224 ], [ -97.178458617746017, 15.972003869933761 ], [ -97.17939118880291, 15.971916879124224 ], [ -97.179935145718261, 15.971806265143076 ], [ -97.181541037072748, 15.971377052158033 ], [ -97.182031992937652, 15.971316815280394 ], [ -97.182717233118112, 15.97146492929541 ], [ -97.183205193132835, 15.971736757771428 ], [ -97.184797110070974, 15.972857171800474 ], [ -97.185284984966074, 15.973139161522816 ], [ -97.185969807344748, 15.973334704396915 ], [ -97.186460248998486, 15.973332061512179 ], [ -97.188064152171492, 15.973124178944559 ], [ -97.18863884198106, 15.973101908221921 ], [ -97.189716826845043, 15.973205865012645 ], [ -97.190682117162254, 15.973376643211278 ], [ -97.194108837234751, 15.974069622855186 ], [ -97.19511562375402, 15.974301727244136 ], [ -97.196387226396538, 15.974691928855815 ], [ -97.197197015152511, 15.975017256777164 ], [ -97.199704441856355, 15.976145240329416 ], [ -97.200483172091296, 15.976419465943096 ], [ -97.201609802637307, 15.976571214511857 ], [ -97.202440542472644, 15.976513772015785 ], [ -97.205190691719039, 15.976093939862796 ], [ -97.205937453361159, 15.976025616663444 ], [ -97.206672197079783, 15.976126627821969 ], [ -97.206975070076609, 15.976339254615104 ], [ -97.207653736596384, 15.97723050233369 ], [ -97.20791421631877, 15.977483439736211 ], [ -97.208451119303973, 15.977772566810087 ], [ -97.20895764407382, 15.977932667354329 ], [ -97.210784528359341, 15.97839066795464 ], [ -97.21129114742746, 15.978540597840603 ], [ -97.211828480304078, 15.978782278224989 ], [ -97.212089479331595, 15.978977606753821 ], [ -97.212770143810602, 15.979647459190511 ], [ -97.212989200565588, 15.979832272010414 ], [ -97.213330798616525, 15.980024880161046 ], [ -97.213599738962799, 15.980115221733799 ], [ -97.214513196942164, 15.980344205649338 ], [ -97.214792917603589, 15.980404136514212 ], [ -97.215184821375203, 15.980454831777521 ], [ -97.215464963134238, 15.980467322705289 ], [ -97.216380387704319, 15.980474916497187 ], [ -97.216703014942667, 15.980436926783637 ], [ -97.217293183289314, 15.980252048972039 ], [ -97.217897402302441, 15.980062767511731 ], [ -97.21848756877209, 15.97987788619163 ], [ -97.218860495008713, 15.979697981737415 ], [ -97.219652334124916, 15.979155558133566 ], [ -97.220403779147475, 15.978955062208112 ], [ -97.221088247784309, 15.979197937884958 ], [ -97.221672930675041, 15.979633146192594 ], [ -97.22371700336538, 15.981421234105275 ], [ -97.224364572189259, 15.981877288166578 ], [ -97.2253424673072, 15.98221745977502 ], [ -97.226091889357434, 15.982247364373682 ], [ -97.228611293749225, 15.982046731822134 ], [ -97.229144480115025, 15.982166341481818 ], [ -97.229113279563677, 15.982925170638243 ], [ -97.228535515335949, 15.983889601836166 ], [ -97.225870420537035, 15.987631424752792 ], [ -97.224623136825429, 15.989687253560168 ], [ -97.224276761224601, 15.989576975175572 ], [ -97.223825315478734, 15.989918899657665 ], [ -97.222560673159535, 15.990572644124185 ], [ -97.222210228826285, 15.99078323809429 ], [ -97.221839468171893, 15.991112270067729 ], [ -97.221660254609006, 15.991371722154462 ], [ -97.221194683365567, 15.992253466149242 ], [ -97.221063209606044, 15.992462481223502 ], [ -97.220885207883214, 15.992584697621982 ], [ -97.220775264335032, 15.992538039216559 ], [ -97.220434897329298, 15.992203122703879 ] ], [ [ -97.145768089365205, 16.093039848305093 ], [ -97.145373747916338, 16.09360910207651 ], [ -97.144923780465191, 16.094506567289365 ], [ -97.144675311543011, 16.095219407080705 ], [ -97.143965747685726, 16.097648525589562 ], [ -97.143637986644094, 16.098406420662112 ], [ -97.142818005582015, 16.099514146115656 ], [ -97.14197436151558, 16.100338713163225 ], [ -97.138857291221839, 16.103078936331475 ], [ -97.137962085249654, 16.103791211241475 ], [ -97.136901575596269, 16.104374967537822 ], [ -97.136281772618176, 16.10449663239611 ], [ -97.134449873152036, 16.104480639525278 ], [ -97.13389401277054, 16.104511363835417 ], [ -97.133131895307443, 16.104670744615667 ], [ -97.132599015677656, 16.10486770715228 ], [ -97.130874354876639, 16.105627477274606 ], [ -97.130451257185456, 16.105891472126178 ], [ -97.130201468539653, 16.10636368704624 ], [ -97.130267726365986, 16.106774285750561 ], [ -97.130826723273813, 16.108218197900211 ], [ -97.13107732690348, 16.108594829927277 ], [ -97.131687810554567, 16.108908533443834 ], [ -97.132309326211924, 16.108980047974431 ], [ -97.134599249671112, 16.109000064986702 ], [ -97.135252502496371, 16.109051516772855 ], [ -97.136011091446036, 16.109271621453054 ], [ -97.136441537658513, 16.109534605952437 ], [ -97.137691704335964, 16.110541760107044 ], [ -97.138006110404518, 16.110844392861519 ], [ -97.138223164721239, 16.111249528503521 ], [ -97.138218835389722, 16.111525661260476 ], [ -97.137981575505748, 16.112409144901306 ], [ -97.137945889853327, 16.112664672535583 ], [ -97.138016618320478, 16.112973651518942 ], [ -97.13815334495726, 16.113159522396153 ], [ -97.138720675952158, 16.113717940115102 ], [ -97.138967766400327, 16.113909855701618 ], [ -97.139553523511509, 16.114247043926916 ], [ -97.140143230095035, 16.114536824769718 ], [ -97.142309450307565, 16.115551935994876 ], [ -97.142872829647416, 16.115846563780241 ], [ -97.14333569951873, 16.116206393716567 ], [ -97.1434335615007, 16.116425809797743 ], [ -97.143427379664331, 16.117089922057612 ], [ -97.1433515005359, 16.1173332413493 ], [ -97.143003578912072, 16.117804618682587 ], [ -97.142582425778429, 16.118234694742622 ], [ -97.140964952044413, 16.119770330324179 ], [ -97.14057306219587, 16.120444635396019 ], [ -97.140361728793522, 16.122055765492995 ], [ -97.140451716170219, 16.123683075627426 ], [ -97.141083004524376, 16.12966605932785 ], [ -97.141310083868362, 16.131253900719269 ], [ -97.141738491291193, 16.132680843918646 ], [ -97.142123422106366, 16.133131492434064 ], [ -97.143491361478141, 16.133807571116531 ], [ -97.143867581561707, 16.134064991100832 ], [ -97.14425533102802, 16.134590210130963 ], [ -97.144433038540967, 16.135083103463845 ], [ -97.1448745933737, 16.136858053408321 ], [ -97.144978309564223, 16.13739096587479 ], [ -97.145020759864408, 16.138102940986343 ], [ -97.14497768632944, 16.138587135793422 ], [ -97.144734223090566, 16.140134735923397 ], [ -97.144617531044545, 16.140618289701507 ], [ -97.144316433053774, 16.141327273985862 ], [ -97.144002984193364, 16.141856554460787 ], [ -97.142841309169484, 16.143617540829592 ], [ -97.142544149224165, 16.144091048493443 ], [ -97.142319090279855, 16.144539769654916 ], [ -97.142294738669548, 16.144707292708627 ], [ -97.142406157627263, 16.145040345999782 ], [ -97.142456183175966, 16.145127191164111 ], [ -97.14257821664296, 16.145199415287077 ], [ -97.142702524608069, 16.145215747388068 ], [ -97.143160594999529, 16.145219739176486 ], [ -97.143396515752883, 16.145109971085041 ], [ -97.144039406814187, 16.144593727395964 ], [ -97.144721898423981, 16.143966002478098 ], [ -97.147263932830555, 16.141552841979404 ], [ -97.147993209233974, 16.140981423030418 ], [ -97.148854500951984, 16.140727982148334 ], [ -97.149355645754284, 16.140937344300312 ], [ -97.150833042169054, 16.142167805667679 ], [ -97.151222492249786, 16.142513433469912 ], [ -97.151562519054536, 16.142895906739362 ], [ -97.15165882054157, 16.143096669793778 ], [ -97.151768200165193, 16.143651091020963 ], [ -97.151833517592365, 16.143790590388228 ], [ -97.15202895248359, 16.14388716612304 ], [ -97.15224282770518, 16.143885631918785 ], [ -97.153045476749952, 16.143781894771585 ], [ -97.153254612081227, 16.143724406388362 ], [ -97.15342792804951, 16.143559866198551 ], [ -97.15346638697082, 16.143382297338889 ], [ -97.153472545967645, 16.142718182928999 ], [ -97.153432458216969, 16.142504353116781 ], [ -97.153239223592507, 16.142170595024634 ], [ -97.153003262349429, 16.14190762739231 ], [ -97.152095349078635, 16.141014201394039 ], [ -97.151838545888594, 16.140730720381395 ], [ -97.151548040058032, 16.140301236693645 ], [ -97.151389834711097, 16.139971169723772 ], [ -97.150942050876296, 16.138860340734663 ], [ -97.150825819550917, 16.138540803394157 ], [ -97.150731188028345, 16.138160458439074 ], [ -97.150712231202263, 16.137936645870891 ], [ -97.150504578888672, 16.136891153303338 ], [ -97.150246996215458, 16.136692379425995 ], [ -97.149335004511755, 16.13624168722782 ], [ -97.149097890179149, 16.136104084710112 ], [ -97.148903345854933, 16.135912633859135 ], [ -97.148862539469036, 16.135776735354717 ], [ -97.148866653687904, 16.135333993259451 ], [ -97.148836458289239, 16.135188021060799 ], [ -97.148691432486061, 16.134949559533101 ], [ -97.148514448428131, 16.134754872310673 ], [ -97.147833551206617, 16.134084792453155 ], [ -97.147656663251823, 16.133879939679279 ], [ -97.147512080804603, 16.133594040942555 ], [ -97.147482422135084, 16.133390467044091 ], [ -97.147488597051705, 16.132726354265849 ], [ -97.147458843924596, 16.132532945356303 ], [ -97.147313821454901, 16.132294483208824 ], [ -97.147136399820312, 16.132147231805011 ], [ -97.146453456412374, 16.131698519631207 ], [ -97.146223927716818, 16.131499985650677 ], [ -97.145835736364688, 16.131022206736297 ], [ -97.145510706870354, 16.130538199284349 ], [ -97.144382104394111, 16.1287572745616 ], [ -97.144100281781093, 16.128151651825778 ], [ -97.143913701311874, 16.127106339598633 ], [ -97.143928978588335, 16.126218659272396 ], [ -97.144186844066766, 16.123121462129198 ], [ -97.144233002694321, 16.122305210565525 ], [ -97.14419055227583, 16.121593234946513 ], [ -97.144083751000892, 16.121392378545952 ], [ -97.143627796132932, 16.121167023779751 ], [ -97.143509533568476, 16.121067725487244 ], [ -97.14341359591657, 16.120829688736169 ], [ -97.14339480460194, 16.120588934571408 ], [ -97.14340304901738, 16.11970345185458 ], [ -97.143458339809214, 16.119412513145381 ], [ -97.143708118626151, 16.118940281668134 ], [ -97.144009653875372, 16.118556603537428 ], [ -97.145167030868137, 16.117238332456832 ], [ -97.14547101800963, 16.116590361762306 ], [ -97.145732253453943, 16.114884773846089 ], [ -97.145801459063193, 16.113096190579814 ], [ -97.145863169282862, 16.106455054577854 ], [ -97.145958602128445, 16.104671780200224 ], [ -97.146342257875602, 16.102990970768186 ], [ -97.146794905158671, 16.102373088147715 ], [ -97.148523596045649, 16.101170436431623 ], [ -97.148994434416238, 16.100857681084307 ], [ -97.149463000767696, 16.100600817041379 ], [ -97.149661544026202, 16.100546624610338 ], [ -97.150119513643858, 16.100550590750892 ], [ -97.15024341858215, 16.10060757582762 ], [ -97.150363672105101, 16.100869540615644 ], [ -97.150411557930994, 16.10118679100227 ], [ -97.150514771686446, 16.102405328013131 ], [ -97.150578006180424, 16.102768457614687 ], [ -97.150769886956937, 16.103244525382475 ], [ -97.15098076826483, 16.10356149247227 ], [ -97.151773004462413, 16.104564603181352 ], [ -97.152021490533755, 16.104795485104479 ], [ -97.152388851514985, 16.10486982433773 ], [ -97.152665166087303, 16.104745141182285 ], [ -97.153587269343518, 16.104088944764694 ], [ -97.153879589443946, 16.103938983541742 ], [ -97.154321650159886, 16.103895363176342 ], [ -97.154660846015005, 16.103983009540151 ], [ -97.155801702831994, 16.104435643452508 ], [ -97.156135502217893, 16.104538489839371 ], [ -97.156552372506312, 16.10456580863104 ], [ -97.156814101653026, 16.104501989215571 ], [ -97.157618632502007, 16.104176844959696 ], [ -97.157807507500877, 16.104031068705559 ], [ -97.157884394529418, 16.103675925746966 ], [ -97.157805358555933, 16.103314355076066 ], [ -97.157359640267288, 16.101982167993441 ], [ -97.157180950429293, 16.101594322861093 ], [ -97.156792780830799, 16.101116565953888 ], [ -97.156416943102599, 16.100821900825103 ], [ -97.155051209979945, 16.099924549550281 ], [ -97.154654254094169, 16.099639865252069 ], [ -97.154167519929729, 16.099208693821843 ], [ -97.153869141130116, 16.09887741919222 ], [ -97.152963445589151, 16.097762641142779 ], [ -97.152717643176089, 16.097431819744319 ], [ -97.152476255393935, 16.097002766249478 ], [ -97.152377217655271, 16.096720654240158 ], [ -97.152156429677561, 16.095833185078124 ], [ -97.152057298753405, 16.095561238052515 ], [ -97.151815475342261, 16.095179621036031 ], [ -97.151569144616374, 16.094906400728679 ], [ -97.150661429033192, 16.094012987889624 ], [ -97.150425803793325, 16.093719527442598 ], [ -97.150233930490487, 16.093243460006629 ], [ -97.15019545049563, 16.092856824278552 ], [ -97.150207749299639, 16.091528591603311 ], [ -97.150248266352918, 16.09112739072075 ], [ -97.150425047154485, 16.090583352550411 ], [ -97.15063707359171, 16.090207355819423 ], [ -97.151449743901509, 16.088996740163324 ], [ -97.151676832291443, 16.088697116278087 ], [ -97.15192391379793, 16.088509489512408 ], [ -97.152049799628116, 16.088541075373826 ], [ -97.15239018629569, 16.088876102768072 ], [ -97.15247903844589, 16.088932783005991 ], [ -97.152553294421963, 16.088862263632318 ], [ -97.152570522158001, 16.088704841453733 ], [ -97.15257666214066, 16.088040723986868 ], [ -97.152552303769156, 16.087832113036082 ], [ -97.152432491758233, 16.087522712736614 ], [ -97.152285690366611, 16.087289323201325 ], [ -97.151720431593986, 16.086509571697835 ], [ -97.151536551107583, 16.086306358848269 ], [ -97.15124369868667, 16.086137784167224 ], [ -97.151009218357189, 16.086100175937254 ], [ -97.150207829160607, 16.086093243937622 ], [ -97.149956731549651, 16.08614698358581 ], [ -97.149586331097893, 16.086404701977564 ], [ -97.149308284537682, 16.086719131330664 ], [ -97.148381127891113, 16.087928747139387 ], [ -97.148139499228748, 16.088284153387701 ], [ -97.147939061891549, 16.088733103123896 ], [ -97.147894352119096, 16.089019053934404 ], [ -97.147886144143413, 16.08990454144924 ], [ -97.14782017016303, 16.090215722561641 ], [ -97.147520498761239, 16.09078241323769 ], [ -97.147158369361492, 16.091280789575464 ], [ -97.145768089365205, 16.093039848305093 ] ] ] ] } },
{ "type": "Feature", "properties": { "fid": 5.0, "cat": 6, "CLAVE_ACUI": "2022", "NOM_ACUIF": "BAJOS DE CHILA", "VULNERABIL": 4 }, "geometry": { "type": "MultiPolygon", "coordinates": [ [ [ [ -97.250398392600147, 15.971939586361362 ], [ -97.250357389757454, 15.971841399118903 ], [ -97.250343483463823, 15.971790965947626 ], [ -97.250334452080665, 15.971741191604501 ], [ -97.250331118048507, 15.97166480710429 ], [ -97.250331481548514, 15.97154414083721 ], [ -97.250333823433721, 15.971274605692859 ], [ -97.250313591895321, 15.971110292410764 ], [ -97.250298705628609, 15.971010644907299 ], [ -97.250283398925149, 15.97094828967095 ], [ -97.250271357479804, 15.970918634872987 ], [ -97.250253628635576, 15.970889508914611 ], [ -97.250210694261739, 15.970859486922462 ], [ -97.250161185376385, 15.970843920458025 ], [ -97.250097981681094, 15.970836466845215 ], [ -97.249940179618605, 15.970826677968232 ], [ -97.249728414551555, 15.970812521658329 ], [ -97.249472959329594, 15.970806304232752 ], [ -97.249060478122942, 15.97080294861388 ], [ -97.248970412328532, 15.97080023444463 ], [ -97.248718184090762, 15.970792633444367 ], [ -97.248575970610531, 15.970783218252912 ], [ -97.248442120659192, 15.970752110371844 ], [ -97.248310467900268, 15.970690128463378 ], [ -97.248193324875274, 15.970614857375482 ], [ -97.247933834204758, 15.970448119790619 ], [ -97.247275399581099, 15.970097099384599 ], [ -97.244083108162002, 15.968742663965022 ], [ -97.243265127209398, 15.968344581735677 ], [ -97.242378614343494, 15.968067341673379 ], [ -97.242902726870952, 15.967523227422634 ], [ -97.243826791889163, 15.96653446093474 ], [ -97.243994831037753, 15.966144424964025 ], [ -97.24385495476578, 15.965313026581288 ], [ -97.243487095228929, 15.964515350420935 ], [ -97.241910318720244, 15.9616242553692 ], [ -97.241463486329906, 15.960846264778384 ], [ -97.240955021647025, 15.960106741247987 ], [ -97.240675473829086, 15.959828269943589 ], [ -97.239879382637994, 15.959268259716385 ], [ -97.239640714044015, 15.959122284647368 ], [ -97.239323015943, 15.959001079158392 ], [ -97.239107829867081, 15.958973903547918 ], [ -97.238421326188558, 15.958968288456342 ], [ -97.238216203747129, 15.958992026267449 ], [ -97.237945469027352, 15.959108418911493 ], [ -97.237763827393195, 15.959250956322707 ], [ -97.237186899420308, 15.95979973734374 ], [ -97.237020351285466, 15.96001864548963 ], [ -97.236820055903308, 15.960491436780753 ], [ -97.236700467546285, 15.960947944790652 ], [ -97.236342680132523, 15.962605523526651 ], [ -97.23609214058429, 15.963015209344668 ], [ -97.235280746802331, 15.963269496641338 ], [ -97.23437215399845, 15.963223075512055 ], [ -97.230943462332434, 15.962752126061211 ], [ -97.230035767813121, 15.962604030764215 ], [ -97.22922853973472, 15.962383899298578 ], [ -97.228983050166676, 15.962217524009828 ], [ -97.22864466007583, 15.961661238969372 ], [ -97.228610042440536, 15.961415267428967 ], [ -97.228786881762247, 15.960823685335052 ], [ -97.229074125374041, 15.96022453910073 ], [ -97.230237740341849, 15.958020099961663 ], [ -97.230519587292036, 15.957436156072077 ], [ -97.230671274167065, 15.956915529241659 ], [ -97.230606124341037, 15.956755720986175 ], [ -97.230150406166942, 15.956530575559119 ], [ -97.230032094405288, 15.956441494784743 ], [ -97.229935690461545, 15.956250930440437 ], [ -97.229916282227137, 15.956067776483151 ], [ -97.229922114141715, 15.955403622351014 ], [ -97.229902839810848, 15.955205219950997 ], [ -97.229807061317373, 15.954943496228218 ], [ -97.229689509380421, 15.954768007557556 ], [ -97.22923671351856, 15.954210783723717 ], [ -97.22899727544899, 15.953941874889741 ], [ -97.229007120923598, 15.953920098641502 ], [ -97.229358600716211, 15.953905278325998 ], [ -97.229572212576585, 15.954031676869366 ], [ -97.229994493822034, 15.954207975599386 ], [ -97.230826833051054, 15.954357143097903 ], [ -97.231593607645067, 15.95439393913964 ], [ -97.234339551569221, 15.954416467152594 ], [ -97.235137761744525, 15.954463674721239 ], [ -97.236116797419442, 15.954661467336908 ], [ -97.236717210369378, 15.954896821824232 ], [ -97.238540110987714, 15.955797344317164 ], [ -97.23906653380709, 15.956082919625871 ], [ -97.239700264085741, 15.956515089351043 ], [ -97.240079169958634, 15.956846899868344 ], [ -97.241213672995158, 15.957963177270202 ], [ -97.241593293636399, 15.958213660114586 ], [ -97.242230346295798, 15.958266304459441 ], [ -97.24276079936773, 15.958091027122945 ], [ -97.244599185182139, 15.957220412456827 ], [ -97.245129899480943, 15.95701463166264 ], [ -97.245768189041016, 15.95692494531327 ], [ -97.246149318100976, 15.957002603409965 ], [ -97.247289634479216, 15.957454692026937 ], [ -97.247617519911529, 15.957613245820751 ], [ -97.248007332812449, 15.957901077910856 ], [ -97.24823632296166, 15.958153713036721 ], [ -97.24891513359124, 15.959044844254931 ], [ -97.249133883292131, 15.959266896012766 ], [ -97.249475901397915, 15.959412007007836 ], [ -97.249745748580068, 15.95939725653227 ], [ -97.250663016052286, 15.959183307791443 ], [ -97.250948536457074, 15.959178849552748 ], [ -97.251363699008351, 15.959371995233994 ], [ -97.251671268671217, 15.959652375890634 ], [ -97.252691437462872, 15.960767671395187 ], [ -97.252987489681786, 15.961164871331366 ], [ -97.253168190989484, 15.96153402414976 ], [ -97.253348892611598, 15.961903177610461 ], [ -97.25356913038236, 15.962560701086991 ], [ -97.254234511624162, 15.96500604914605 ], [ -97.254523879743743, 15.965569245713622 ], [ -97.255202634190653, 15.966472786590458 ], [ -97.25588434325212, 15.967035773040774 ], [ -97.258386335098862, 15.968827259778866 ], [ -97.258984477801874, 15.969333645875317 ], [ -97.259273791601174, 15.969905309254029 ], [ -97.259088951219326, 15.970215586115925 ], [ -97.257937042115188, 15.971091877189011 ], [ -97.257599693840277, 15.971416167435079 ], [ -97.25717731523288, 15.972053234549 ], [ -97.256911264979948, 15.972639040293046 ], [ -97.256092065868671, 15.97473573084371 ], [ -97.255857886478069, 15.975281127038189 ], [ -97.255584259223355, 15.975729621594065 ], [ -97.255427543605393, 15.975824932144132 ], [ -97.254969832165486, 15.975821219860519 ], [ -97.254829980816908, 15.975789586026803 ], [ -97.25463505273099, 15.975645674252092 ], [ -97.254496435538485, 15.97547171985193 ], [ -97.254044484958442, 15.974803844098016 ], [ -97.253832308540666, 15.974629292384583 ], [ -97.253294101321231, 15.974482593123559 ], [ -97.252811703801768, 15.974161821780989 ], [ -97.252399629666613, 15.973811121369252 ], [ -97.251037088193115, 15.972582335845985 ], [ -97.250677518637417, 15.972237142648707 ], [ -97.250507609088828, 15.972088067543558 ], [ -97.250430184163406, 15.971998450427675 ], [ -97.250398392600147, 15.971939586361362 ] ] ] ] } },
{ "type": "Feature", "properties": { "fid": 6.0, "cat": 7, "CLAVE_ACUI": "2022", "NOM_ACUIF": "BAJOS DE CHILA", "VULNERABIL": 3 }, "geometry": { "type": "MultiPolygon", "coordinates": [ [ [ [ -97.252811703801768, 15.974161821780989 ], [ -97.253294101321231, 15.974482593123559 ], [ -97.252737410259073, 15.974447573404456 ], [ -97.252215483432536, 15.974443334017719 ], [ -97.251069854293718, 15.974434022607323 ], [ -97.250677720609573, 15.974430835434843 ], [ -97.250499080881426, 15.974429383492181 ], [ -97.250047697889585, 15.974369797083538 ], [ -97.249657646092786, 15.974105685634854 ], [ -97.249551812163887, 15.973787970733442 ], [ -97.249447971936348, 15.972569412979544 ], [ -97.249442013475814, 15.972247427399223 ], [ -97.249518047110826, 15.971963385778555 ], [ -97.249632625001709, 15.971879597560857 ], [ -97.250091288108948, 15.971772626908532 ], [ -97.250178927513616, 15.971755913590103 ], [ -97.250334452080665, 15.971741191604501 ], [ -97.250343483463823, 15.971790965947626 ], [ -97.250357389757454, 15.971841399118903 ], [ -97.250398392600147, 15.971939586361362 ], [ -97.250430184163406, 15.971998450427675 ], [ -97.250507609088828, 15.972088067543558 ], [ -97.250677518637417, 15.972237142648707 ], [ -97.251037088193115, 15.972582335845985 ], [ -97.252399629666613, 15.973811121369252 ], [ -97.252811703801768, 15.974161821780989 ] ] ] ] } },
{ "type": "Feature", "properties": { "fid": 7.0, "cat": 5, "CLAVE_ACUI": "2022", "NOM_ACUIF": "BAJOS DE CHILA", "VULNERABIL": 3 }, "geometry": { "type": "MultiPolygon", "coordinates": [ [ [ [ -97.246672558497792, 15.97549790085815 ], [ -97.246674207794527, 15.97611298265608 ], [ -97.246885710353254, 15.978107324483531 ], [ -97.24691937280322, 15.978666751830085 ], [ -97.246864960076209, 15.979283070989666 ], [ -97.246753564797174, 15.979604099510453 ], [ -97.246288130549715, 15.98048591259565 ], [ -97.24606634586786, 15.980811123616798 ], [ -97.24549678537754, 15.981446961708331 ], [ -97.244904909929886, 15.982030089378721 ], [ -97.242712359657645, 15.984115498330112 ], [ -97.242110314479532, 15.984657868027604 ], [ -97.241493346538746, 15.985103532990237 ], [ -97.241214011490797, 15.98519782892571 ], [ -97.240527417649972, 15.985192211584836 ], [ -97.240144100022036, 15.984958636567308 ], [ -97.238784132314066, 15.984504699189808 ], [ -97.238494390857184, 15.984387106862243 ], [ -97.238053842365616, 15.984288611235311 ], [ -97.237714228632214, 15.984265495379008 ], [ -97.236677674831583, 15.984351883647241 ], [ -97.236261826960884, 15.984233254262497 ], [ -97.235968406464849, 15.984135961243043 ], [ -97.23585732055399, 15.984019831122788 ], [ -97.235632340492614, 15.983575183714597 ], [ -97.235531764037916, 15.983459139697251 ], [ -97.235287386913527, 15.98336224829586 ], [ -97.235038853166699, 15.983339875816997 ], [ -97.234123406277178, 15.983332360108523 ], [ -97.233817207454521, 15.983294263148588 ], [ -97.233303726807591, 15.983123994714088 ], [ -97.232629655926104, 15.982890277653242 ], [ -97.232116594373494, 15.982672567061657 ], [ -97.231836466309957, 15.982458465096592 ], [ -97.231042266567428, 15.981677032425807 ], [ -97.230904680619943, 15.981387854336136 ], [ -97.231056808247416, 15.980819790556653 ], [ -97.231411717433275, 15.980297448332021 ], [ -97.232915815869319, 15.978427906910238 ], [ -97.233359816277641, 15.977931708290544 ], [ -97.233927735673717, 15.977485663365353 ], [ -97.234295050188834, 15.977344655355498 ], [ -97.235441265610149, 15.977132660116519 ], [ -97.235787205034185, 15.977032139522597 ], [ -97.23625537399262, 15.976775041821305 ], [ -97.236578246898134, 15.976508279997601 ], [ -97.237616812666076, 15.975520486163152 ], [ -97.237887228002506, 15.975243125871099 ], [ -97.238110606223216, 15.974936575208922 ], [ -97.238159303191452, 15.974776006324158 ], [ -97.238163177843944, 15.974333235699952 ], [ -97.238185291982319, 15.974208031428502 ], [ -97.23828461662778, 15.97406651542676 ], [ -97.238404394795879, 15.973989553921911 ], [ -97.23886403446825, 15.973771915612112 ], [ -97.238984256822619, 15.973644125455456 ], [ -97.239085655083912, 15.973265410300558 ], [ -97.239110287356482, 15.972852178854898 ], [ -97.239123839071397, 15.971302480514618 ], [ -97.239185383087587, 15.970874301427374 ], [ -97.239459036902872, 15.970425830539345 ], [ -97.239788426646939, 15.970213336488934 ], [ -97.241051922001034, 15.969670163833545 ], [ -97.241396716346159, 15.969498458543127 ], [ -97.241830393191705, 15.969240952048036 ], [ -97.241979239191892, 15.969043923166307 ], [ -97.242300758999647, 15.96858241525609 ], [ -97.242387150939109, 15.968350105322989 ], [ -97.242378614343494, 15.968067341673379 ], [ -97.243265127209398, 15.968344581735677 ], [ -97.244083108162002, 15.968742663965022 ], [ -97.247275399581099, 15.970097099384599 ], [ -97.247933834204758, 15.970448119790619 ], [ -97.248193324875274, 15.970614857375482 ], [ -97.248310467900268, 15.970690128463378 ], [ -97.248442120659192, 15.970752110371844 ], [ -97.248575970610531, 15.970783218252912 ], [ -97.248718184090762, 15.970792633444367 ], [ -97.248970412328532, 15.97080023444463 ], [ -97.248867474424017, 15.97099831275246 ], [ -97.248706368467765, 15.971245515099579 ], [ -97.248598568603185, 15.971395174216999 ], [ -97.248411081191847, 15.971704408298885 ], [ -97.248310461905803, 15.971905808610488 ], [ -97.248114164545058, 15.972283430887527 ], [ -97.247169156988505, 15.973985456255615 ], [ -97.246876361748889, 15.974621860781122 ], [ -97.246672558497792, 15.97549790085815 ] ] ] ] } },
{ "type": "Feature", "properties": { "fid": 8.0, "cat": 8, "CLAVE_ACUI": "2022", "NOM_ACUIF": "BAJOS DE CHILA", "VULNERABIL": 3 }, "geometry": { "type": "MultiPolygon", "coordinates": [ [ [ [ -97.296807407285115, 15.945052833944224 ], [ -97.296796134673954, 15.945092255710119 ], [ -97.296782893327503, 15.945182908005084 ], [ -97.296774888769917, 15.945314983205337 ], [ -97.296770886491117, 15.945461066381375 ], [ -97.296776663509121, 15.945637650368566 ], [ -97.296790543826319, 15.945729441002042 ], [ -97.296823267390934, 15.945800651927117 ], [ -97.29685743577005, 15.945828025318443 ], [ -97.296896086006939, 15.945846975577116 ], [ -97.297071830743249, 15.945883251622279 ], [ -97.297134307863445, 15.945896147728764 ], [ -97.297189770627597, 15.945930629552363 ], [ -97.297220573701011, 15.945982421589632 ], [ -97.29723979676038, 15.946060122589021 ], [ -97.297242345429993, 15.946204548103463 ], [ -97.297243435644049, 15.946266327286169 ], [ -97.297247657952582, 15.946293040086006 ], [ -97.297257945691243, 15.946318103076855 ], [ -97.297271046269287, 15.946330311307289 ], [ -97.297290807520852, 15.946340567146702 ], [ -97.297324118153753, 15.946345111400744 ], [ -97.297532063524983, 15.946334395006996 ], [ -97.298166264317004, 15.946341109121951 ], [ -97.298239657484459, 15.946343032387846 ], [ -97.298305451036867, 15.946346151802812 ], [ -97.298514560613611, 15.946345429388396 ], [ -97.298710553544623, 15.946335752017927 ], [ -97.298827133172097, 15.946333390458809 ], [ -97.30046756202924, 15.948919036580925 ], [ -97.311717825530422, 15.966651716707824 ], [ -97.309287924805389, 15.967605360916675 ], [ -97.308745697557868, 15.967933213343526 ], [ -97.308382313713182, 15.968238747676013 ], [ -97.30722874307817, 15.969336718514869 ], [ -97.306886542655619, 15.969622083079154 ], [ -97.306443185028314, 15.969855817480799 ], [ -97.306152018138491, 15.96990435940638 ], [ -97.30523659781548, 15.969897152247372 ], [ -97.304956709441115, 15.96985428113185 ], [ -97.304565984220474, 15.969661425057716 ], [ -97.304287694130466, 15.969428787538556 ], [ -97.303379736658698, 15.968536000348811 ], [ -97.30309076967319, 15.968323610716487 ], [ -97.302650209979305, 15.968225247662284 ], [ -97.302309805279364, 15.968297118450659 ], [ -97.301161806714546, 15.96873087501945 ], [ -97.30084216070172, 15.968833407235294 ], [ -97.300498480491797, 15.968878138018995 ], [ -97.30032715508294, 15.968839507243406 ], [ -97.299871317440719, 15.968614499320221 ], [ -97.299679747699074, 15.9684842081284 ], [ -97.299241593572575, 15.968101190567412 ], [ -97.298807230159696, 15.967684313330555 ], [ -97.297218368951889, 15.966121898434984 ], [ -97.296678586339425, 15.965744850251156 ], [ -97.295748448422174, 15.965547710421076 ], [ -97.294959460421751, 15.965643128749134 ], [ -97.292207644421268, 15.96628553401592 ], [ -97.291376447154789, 15.966400937141019 ], [ -97.290249352221068, 15.96629709870607 ], [ -97.289470416353311, 15.966033355536037 ], [ -97.286962494659079, 15.964906379873355 ], [ -97.286225602610756, 15.964642960356056 ], [ -97.285294677074461, 15.964540658700551 ], [ -97.284701673219203, 15.964657933538181 ], [ -97.282865240272869, 15.965307509915071 ], [ -97.282324341458818, 15.96547602646138 ], [ -97.281636585836893, 15.965612869487144 ], [ -97.281194977260554, 15.96563984343071 ], [ -97.279821893941701, 15.965628874887932 ], [ -97.27940164935309, 15.965615349537478 ], [ -97.278813590896149, 15.965563204132053 ], [ -97.278393752141298, 15.96550223606379 ], [ -97.277022565250675, 15.965269859655104 ], [ -97.276655443166888, 15.965188977114146 ], [ -97.276313391531943, 15.965043906483144 ], [ -97.276191868247892, 15.964917545727065 ], [ -97.275966811452491, 15.96447293303738 ], [ -97.275866044117606, 15.96437723806055 ], [ -97.275620852815067, 15.964375274116538 ], [ -97.275371346605439, 15.964468163226007 ], [ -97.274452173352515, 15.964903607218238 ], [ -97.274118426110334, 15.965016152567779 ], [ -97.273480114229059, 15.965105921654537 ], [ -97.272901987693871, 15.965121617001691 ], [ -97.270842377437546, 15.965105082101573 ], [ -97.270086222985668, 15.965048173939747 ], [ -97.268617113828711, 15.9647991434927 ], [ -97.267274544412899, 15.96450028930299 ], [ -97.262478366380535, 15.963354611034472 ], [ -97.261125223751691, 15.963065801269407 ], [ -97.259606699120866, 15.962863756008284 ], [ -97.258790517097836, 15.962863933966544 ], [ -97.256500188517663, 15.963066800942105 ], [ -97.25589390330984, 15.963099167033777 ], [ -97.255354902416585, 15.96304735609908 ], [ -97.25519118651323, 15.962940975763019 ], [ -97.254966180157865, 15.962496345839217 ], [ -97.254870942856897, 15.962370187420913 ], [ -97.254651508117874, 15.962226078034696 ], [ -97.25443326728616, 15.962146365754196 ], [ -97.253791844745052, 15.96196343049661 ], [ -97.253348892611598, 15.961903177610461 ], [ -97.253321610345679, 15.961468619583949 ], [ -97.253320406449802, 15.961148369096685 ], [ -97.253349003686225, 15.960475920135183 ], [ -97.253599903635632, 15.957931820559928 ], [ -97.253681080901146, 15.957254714404991 ], [ -97.253809013506299, 15.95663898605182 ], [ -97.253910597584763, 15.956436480319223 ], [ -97.254256723918218, 15.956107181621903 ], [ -97.254357118794005, 15.956041913331079 ], [ -97.25447950258922, 15.956066627042993 ], [ -97.254553941820518, 15.95616720066584 ], [ -97.254778941636886, 15.956611830474369 ], [ -97.254853469213771, 15.9567022382637 ], [ -97.254976264188983, 15.9566795115211 ], [ -97.255077157842621, 15.956556636921775 ], [ -97.255425198714008, 15.956005948438673 ], [ -97.255516551807148, 15.95577116503914 ], [ -97.255594826236106, 15.955226198071918 ], [ -97.255615293731452, 15.954682457254489 ], [ -97.255632533151285, 15.952689966898092 ], [ -97.255616531304398, 15.952110347925368 ], [ -97.255524618313444, 15.951397949965063 ], [ -97.255409316305546, 15.950959857559919 ], [ -97.254963156096693, 15.949627824008356 ], [ -97.254831435231566, 15.949265847043794 ], [ -97.254662895329034, 15.948908655009523 ], [ -97.254553844685759, 15.948760357642641 ], [ -97.254213481941449, 15.948425495084731 ], [ -97.253993577829704, 15.948337298109731 ], [ -97.253307721156972, 15.948260573753512 ], [ -97.252547830221545, 15.948239162414872 ], [ -97.249687531600145, 15.948215945458609 ], [ -97.2489224772401, 15.948184312967619 ], [ -97.248212519996954, 15.948059933290857 ], [ -97.24743969992879, 15.947242592053684 ], [ -97.247566198998896, 15.946792908388804 ], [ -97.247816221967057, 15.946437421497738 ], [ -97.248856489429556, 15.945228162540239 ], [ -97.249179527903095, 15.944934265680985 ], [ -97.249646780639281, 15.944772009186774 ], [ -97.249991247098649, 15.944834111102187 ], [ -97.251131508335959, 15.945286173831793 ], [ -97.251491252336251, 15.945404313022779 ], [ -97.252029793409392, 15.945503569097694 ], [ -97.252439393544805, 15.94552722412141 ], [ -97.253812320023002, 15.945538353638652 ], [ -97.254190311524042, 15.945571915700045 ], [ -97.254581345107354, 15.945717414042438 ], [ -97.254761973110007, 15.945891707204643 ], [ -97.255213871560031, 15.946559576932199 ], [ -97.255373398583288, 15.94674386531093 ], [ -97.255665958191472, 15.946936008226279 ], [ -97.255924373443236, 15.947026209560317 ], [ -97.256837752816537, 15.94725500418393 ], [ -97.257132724752566, 15.947370916119949 ], [ -97.257595880492346, 15.947683045570612 ], [ -97.257962560322355, 15.948013032728237 ], [ -97.259210585433777, 15.949240840316053 ], [ -97.259545485547491, 15.949601067954214 ], [ -97.259860319241554, 15.950054326027043 ], [ -97.259975180788388, 15.9503416102422 ], [ -97.260196367767875, 15.951229011982495 ], [ -97.260290390836602, 15.951495794801502 ], [ -97.26050797767455, 15.95185337951877 ], [ -97.260724793201717, 15.952097431883649 ], [ -97.261519015447931, 15.95287875685608 ], [ -97.261820156475068, 15.953092989347034 ], [ -97.262431256190041, 15.953311416463491 ], [ -97.263003114798494, 15.953409221772718 ], [ -97.265060691886703, 15.953647208758253 ], [ -97.265649233064096, 15.953638393086477 ], [ -97.266338176231301, 15.953359276492373 ], [ -97.266733838173536, 15.952969354786157 ], [ -97.267891307344243, 15.951428833239698 ], [ -97.268324044068052, 15.951003623127413 ], [ -97.269186021896232, 15.950559833451377 ], [ -97.269984682464482, 15.950351056558171 ], [ -97.272849782630004, 15.949820532333108 ], [ -97.273595465603861, 15.949662149529548 ], [ -97.274210225448627, 15.949453576925757 ], [ -97.27434277144306, 15.949314001075681 ], [ -97.274346560173996, 15.948871220845016 ], [ -97.274274690261294, 15.948674091526163 ], [ -97.273935509613551, 15.948196934706642 ], [ -97.273522837292219, 15.947712410914178 ], [ -97.271936229624146, 15.945928451357075 ], [ -97.271528776621551, 15.945449049638295 ], [ -97.271213920981836, 15.944995806553159 ], [ -97.271171578647625, 15.944827718656832 ], [ -97.271288835639353, 15.944496551696924 ], [ -97.27155059037365, 15.944402068908403 ], [ -97.272654855368842, 15.944292312746308 ], [ -97.273970622267612, 15.944229994408643 ], [ -97.278985286512878, 15.943895680102729 ], [ -97.280354587333335, 15.94390542989545 ], [ -97.281486175854681, 15.943877178604863 ], [ -97.281807466847951, 15.943783157562036 ], [ -97.282153528425667, 15.943453806997114 ], [ -97.282243964374288, 15.943322361882997 ], [ -97.282319937754949, 15.943038302292811 ], [ -97.282338035236748, 15.942763948024723 ], [ -97.282400061030515, 15.94128754619158 ], [ -97.282872252418585, 15.940766511394875 ], [ -97.283154068911003, 15.94016553693878 ], [ -97.28365044714478, 15.939457826436831 ], [ -97.284077742493707, 15.939047785492876 ], [ -97.284668012216159, 15.938487670603369 ], [ -97.285186478248391, 15.938064796941665 ], [ -97.285575400753629, 15.937841965053549 ], [ -97.285986108378452, 15.937528370703546 ], [ -97.286405095750041, 15.937270757745218 ], [ -97.286592942499439, 15.937216334214636 ], [ -97.287050573982413, 15.937219970669686 ], [ -97.287195530480432, 15.937266872199034 ], [ -97.287414362866315, 15.937482110027059 ], [ -97.287582024347216, 15.937742691106683 ], [ -97.288145615096354, 15.938743497810211 ], [ -97.288339244043328, 15.939039867901132 ], [ -97.288679252643391, 15.93942212198132 ], [ -97.288971350429989, 15.939671828973832 ], [ -97.289994469002181, 15.940454871938092 ], [ -97.29038139177122, 15.940674829560985 ], [ -97.291163909157476, 15.94091825639801 ], [ -97.291894868611251, 15.941046049891238 ], [ -97.293556596950467, 15.941269156833918 ], [ -97.294455554390908, 15.941348776070646 ], [ -97.295011928036033, 15.941336213995214 ], [ -97.295331287083499, 15.941291688702011 ], [ -97.295606455637639, 15.941256954293165 ], [ -97.295904356642879, 15.941726506249431 ], [ -97.296213553338603, 15.942213862487886 ], [ -97.296681212685883, 15.942950987766128 ], [ -97.297298404058481, 15.943923805619358 ], [ -97.297286930388694, 15.944104658873067 ], [ -97.297269501873657, 15.944309151624291 ], [ -97.297267388154282, 15.944559580267544 ], [ -97.297269599537628, 15.944719762626814 ], [ -97.297273172479947, 15.944898746210596 ], [ -97.29727410673604, 15.944980606785812 ], [ -97.297005435819955, 15.944976907880383 ], [ -97.296935409214001, 15.944975943794665 ], [ -97.296866252399269, 15.9449903078183 ], [ -97.296836423806383, 15.945013811725968 ], [ -97.296807407285115, 15.945052833944224 ] ] ] ] } },
{ "type": "Feature", "properties": { "fid": 9.0, "cat": 9, "CLAVE_ACUI": "2022", "NOM_ACUIF": "BAJOS DE CHILA", "VULNERABIL": 5 }, "geometry": { "type": "MultiPolygon", "coordinates": [ [ [ [ -97.248007332812449, 15.957901077910856 ], [ -97.247617519911529, 15.957613245820751 ], [ -97.247289634479216, 15.957454692026937 ], [ -97.246149318100976, 15.957002603409965 ], [ -97.245768189041016, 15.95692494531327 ], [ -97.245129899480943, 15.95701463166264 ], [ -97.244599185182139, 15.957220412456827 ], [ -97.24276079936773, 15.958091027122945 ], [ -97.242230346295798, 15.958266304459441 ], [ -97.241593293636399, 15.958213660114586 ], [ -97.241213672995158, 15.957963177270202 ], [ -97.240079169958634, 15.956846899868344 ], [ -97.239700264085741, 15.956515089351043 ], [ -97.23906653380709, 15.956082919625871 ], [ -97.238540110987714, 15.955797344317164 ], [ -97.236717210369378, 15.954896821824232 ], [ -97.236116797419442, 15.954661467336908 ], [ -97.235137761744525, 15.954463674721239 ], [ -97.234339551569221, 15.954416467152594 ], [ -97.231593607645067, 15.95439393913964 ], [ -97.230826833051054, 15.954357143097903 ], [ -97.229994493822034, 15.954207975599386 ], [ -97.229572212576585, 15.954031676869366 ], [ -97.229358600716211, 15.953905278325998 ], [ -97.229007120923598, 15.953920098641502 ], [ -97.22899727544899, 15.953941874889741 ], [ -97.228593014460785, 15.953868068477622 ], [ -97.228495516533457, 15.953832965018441 ], [ -97.228433909909256, 15.953358115629086 ], [ -97.228011900095836, 15.953151317293681 ], [ -97.227144134158763, 15.952849352753464 ], [ -97.226415574317429, 15.952650194614158 ], [ -97.223675517412602, 15.951963415957128 ], [ -97.222921055642786, 15.951723367679275 ], [ -97.222140279639547, 15.951289939566175 ], [ -97.221838379300337, 15.950968902960712 ], [ -97.221048239289345, 15.949744680183329 ], [ -97.219704364027308, 15.948884480681633 ], [ -97.22000894071094, 15.948310552255798 ], [ -97.220083611104485, 15.948151672970599 ], [ -97.220208840018387, 15.9478852182302 ], [ -97.22021260562191, 15.94787024140296 ], [ -97.220303219858806, 15.947509843988941 ], [ -97.220543757885949, 15.946183431277051 ], [ -97.220582684432514, 15.945939760989782 ], [ -97.220865514188318, 15.945642189774329 ], [ -97.221084184097833, 15.945669410874572 ], [ -97.221882117464972, 15.946008096626038 ], [ -97.222111115755297, 15.946055734617886 ], [ -97.222381839119407, 15.945939360904154 ], [ -97.222539588083876, 15.945725474817078 ], [ -97.223005024065984, 15.94484371278104 ], [ -97.223157652307435, 15.944614534350915 ], [ -97.223404483839801, 15.944426797747717 ], [ -97.223604472332781, 15.944387780991596 ], [ -97.224290920873699, 15.944393438275609 ], [ -97.224517221151913, 15.94434955428228 ], [ -97.224886839967482, 15.944139105920311 ], [ -97.22518856598694, 15.943882349176805 ], [ -97.226226996203792, 15.942894596119068 ], [ -97.226492168323688, 15.942612120464165 ], [ -97.226691213746193, 15.942281657359443 ], [ -97.226710392820834, 15.942092043204967 ], [ -97.226600850435474, 15.941537640399895 ], [ -97.226530320235355, 15.941393036730094 ], [ -97.226310721586927, 15.941272622302064 ], [ -97.226067539434723, 15.94124520514516 ], [ -97.225152288167578, 15.941237670604792 ], [ -97.224736416521054, 15.941132582316349 ], [ -97.223710936367382, 15.940649704527051 ], [ -97.222661841414407, 15.940064964204934 ], [ -97.22042293790426, 15.938765704125567 ], [ -97.218791597164426, 15.937819019335667 ], [ -97.217732026451699, 15.937234171006532 ], [ -97.216657555509386, 15.936750857879481 ], [ -97.21618216270025, 15.936645261957381 ], [ -97.215038130929756, 15.936635793380241 ], [ -97.214677051191771, 15.936673468854682 ], [ -97.214136043193022, 15.936858759105601 ], [ -97.213724253682017, 15.937085783762502 ], [ -97.212343570890155, 15.937959936643901 ], [ -97.211942644088595, 15.938146382395139 ], [ -97.211452342156505, 15.938142315165159 ], [ -97.211152838710248, 15.937950059479521 ], [ -97.210245462677051, 15.937056932322376 ], [ -97.209915254321501, 15.936772923738626 ], [ -97.209281654869883, 15.936340678395991 ], [ -97.208706722058608, 15.936007192841599 ], [ -97.2066573147589, 15.934883162755124 ], [ -97.206060926739653, 15.934600323766437 ], [ -97.205327176222838, 15.934404447621874 ], [ -97.204875347756627, 15.934407464003579 ], [ -97.203500563244702, 15.93461741252044 ], [ -97.203027541233894, 15.934640580894293 ], [ -97.202194891584298, 15.934538755059814 ], [ -97.201478415318718, 15.934370120177977 ], [ -97.198967520492431, 15.933684968409734 ], [ -97.198272063360974, 15.933516498944435 ], [ -97.197537480031841, 15.933415475120901 ], [ -97.197183531205425, 15.93343962614475 ], [ -97.196266351800134, 15.933653353726937 ], [ -97.195954518060447, 15.933667688743668 ], [ -97.195416474839163, 15.93352085963264 ], [ -97.194959676331024, 15.933296768392712 ], [ -97.193366001765909, 15.932397832843721 ], [ -97.192877781257891, 15.932163308176206 ], [ -97.192193085247851, 15.931967800344751 ], [ -97.191955464319236, 15.931908199782036 ], [ -97.191227926665661, 15.931803825613896 ], [ -97.190101582626397, 15.931909592402478 ], [ -97.189580148306732, 15.931864550799109 ], [ -97.188748373625359, 15.931667797638182 ], [ -97.188048458700024, 15.931477797217614 ], [ -97.187461401192792, 15.931330537483577 ], [ -97.187287427228569, 15.931203692378174 ], [ -97.187062606167046, 15.930759009114515 ], [ -97.186836103266543, 15.93063172213599 ], [ -97.186003911197474, 15.930482397715942 ], [ -97.185040280193306, 15.930280003715637 ], [ -97.183767697572065, 15.930032080274904 ], [ -97.182710989784994, 15.929924906131104 ], [ -97.181382840287938, 15.930144143743307 ], [ -97.180273605157311, 15.930036514775718 ], [ -97.178755896650102, 15.929786494088239 ], [ -97.177696977919538, 15.929536951198882 ], [ -97.176426386836084, 15.929199766500961 ], [ -97.175368516237697, 15.928835005541305 ], [ -97.174273084939301, 15.928622413556671 ], [ -97.17332992717327, 15.928353497882844 ], [ -97.172352397266451, 15.928013124322359 ], [ -97.171244573928888, 15.927408226191801 ], [ -97.17076114406801, 15.927121962176207 ], [ -97.17039141763226, 15.926956168949529 ], [ -97.169803961262076, 15.926856301917072 ], [ -97.169334463753756, 15.926879427562769 ], [ -97.167730930084844, 15.927087207756564 ], [ -97.167166881574786, 15.927109525447754 ], [ -97.166138191043288, 15.927005899020122 ], [ -97.165232683264904, 15.926835541741973 ], [ -97.162035686224755, 15.92614414303808 ], [ -97.161166725653629, 15.925999495879363 ], [ -97.160308557141761, 15.926015899838159 ], [ -97.159951560850359, 15.926183983533194 ], [ -97.159143742795465, 15.926951969971945 ], [ -97.158905487226178, 15.927531632137571 ], [ -97.158855936625898, 15.927730785708935 ], [ -97.158812618583781, 15.928123321779777 ], [ -97.158827703718742, 15.928965537633141 ], [ -97.158962892148665, 15.931056218856176 ], [ -97.159043228070956, 15.932919143104428 ], [ -97.15899418241159, 15.933266438724797 ], [ -97.158936786217481, 15.933433978672781 ], [ -97.158829944745349, 15.933714724904597 ], [ -97.158779701310834, 15.933849557169106 ], [ -97.158754325620464, 15.933910158156317 ], [ -97.157950252273309, 15.933781264241121 ], [ -97.155867405634098, 15.933441343630047 ], [ -97.155806570630745, 15.933431415356345 ], [ -97.155747083643618, 15.933425823572446 ], [ -97.155518288564082, 15.933423866610253 ], [ -97.155431939866546, 15.933396878292649 ], [ -97.155368702710518, 15.933310837393194 ], [ -97.155312403800892, 15.933150446751329 ], [ -97.155224264952139, 15.933022617484006 ], [ -97.154711829997893, 15.932569233861216 ], [ -97.154248022520321, 15.932351778139564 ], [ -97.153757719186515, 15.932159509704992 ], [ -97.151711246120641, 15.930978023716159 ], [ -97.151621863469074, 15.930894183370341 ], [ -97.151392088524204, 15.930553347136746 ], [ -97.15101093421049, 15.929799113791477 ], [ -97.150830247214003, 15.929441565952882 ], [ -97.150641845967698, 15.92917224588923 ], [ -97.15032447832472, 15.929027200411248 ], [ -97.150059496705993, 15.929089312457513 ], [ -97.149140280958974, 15.929524211762182 ], [ -97.148998880305371, 15.929667581275259 ], [ -97.148468633774996, 15.929440507658743 ], [ -97.148190938049396, 15.929170419187129 ], [ -97.147285936397935, 15.92805568431513 ], [ -97.147034337008009, 15.927804456447666 ], [ -97.146260683327426, 15.927579240380661 ], [ -97.145623285334068, 15.927580538949265 ], [ -97.143333380064732, 15.927782232694234 ], [ -97.14266455930516, 15.927773085998716 ], [ -97.141833303569882, 15.927528720921499 ], [ -97.141314617434915, 15.927188775496425 ], [ -97.139725349475711, 15.925846724565012 ], [ -97.139248880310674, 15.925486807038336 ], [ -97.138614613853349, 15.925149247686916 ], [ -97.138184987113476, 15.925026937637949 ], [ -97.136814329913435, 15.924793712674022 ], [ -97.136426445357159, 15.924702257597911 ], [ -97.135984096280623, 15.924440899067077 ], [ -97.135759400127597, 15.923996174732965 ], [ -97.135627584093029, 15.923859489919838 ], [ -97.13523713869165, 15.923666351498387 ], [ -97.134837397806862, 15.923468613889817 ], [ -97.134446954037969, 15.923275474192215 ], [ -97.134118603544991, 15.923184530104219 ], [ -97.132976746512483, 15.922953260936055 ], [ -97.132641807291378, 15.922843024108698 ], [ -97.132042353803158, 15.922504650275293 ], [ -97.131555496328318, 15.922134461899571 ], [ -97.129966337408689, 15.920792349609778 ], [ -97.12946870065754, 15.920452561542369 ], [ -97.128735542944412, 15.920209000616056 ], [ -97.128185810228246, 15.920200844148138 ], [ -97.126353546175935, 15.920406333262147 ], [ -97.125840251340463, 15.920434067748268 ], [ -97.12527714104796, 15.920358015067753 ], [ -97.124985992973308, 15.920221634646973 ], [ -97.124190414670039, 15.919661244718451 ], [ -97.12396797554922, 15.919479713877873 ], [ -97.123725502253663, 15.919192961269461 ], [ -97.123601550825697, 15.918964845648709 ], [ -97.123265585114353, 15.918187058637479 ], [ -97.123146556734397, 15.917994566219718 ], [ -97.122927055443142, 15.917874055343136 ], [ -97.122732510352151, 15.917894389250872 ], [ -97.122044133628023, 15.918109790383948 ], [ -97.121802646943138, 15.918094134404592 ], [ -97.12136408735303, 15.917805673002778 ], [ -97.120979061555659, 15.917409241033981 ], [ -97.119620845803752, 15.915847683095457 ], [ -97.119204502032019, 15.915430644051357 ], [ -97.118619769088468, 15.915046022908728 ], [ -97.118200779166003, 15.914913603073474 ], [ -97.116830226905421, 15.914680260726819 ], [ -97.116442469147458, 15.914578607664556 ], [ -97.116003483370022, 15.914337573659621 ], [ -97.115764118680147, 15.914094892809183 ], [ -97.115086072067157, 15.913203415711623 ], [ -97.114867718959346, 15.912960917546668 ], [ -97.114526781405218, 15.912720737207906 ], [ -97.114258080680941, 15.912620120486642 ], [ -97.113345082522997, 15.912390754190563 ], [ -97.11308149292627, 15.912305429512484 ], [ -97.112764405132822, 15.912136615940438 ], [ -97.112575012203038, 15.911980778510287 ], [ -97.112008267878039, 15.91142235027656 ], [ -97.111850674468315, 15.911236292935623 ], [ -97.111681981272952, 15.910926454241846 ], [ -97.111598584313626, 15.910669884938294 ], [ -97.111378092327087, 15.909782400215343 ], [ -97.110947430612356, 15.909214429692765 ], [ -97.110611265664957, 15.909026809332397 ], [ -97.109358252267555, 15.908462369407498 ], [ -97.108980263141049, 15.908254048934701 ], [ -97.108469323910114, 15.907846330019574 ], [ -97.108117400239095, 15.907472195015412 ], [ -97.10698603661767, 15.90613394847577 ], [ -97.10661315784256, 15.905754544950788 ], [ -97.10600441325947, 15.905322243535592 ], [ -97.105507656812748, 15.905084073171393 ], [ -97.103548265183463, 15.904608851303635 ], [ -97.103182179294677, 15.904439595280996 ], [ -97.103079890242398, 15.904331956159732 ], [ -97.102968627002497, 15.903998896604692 ], [ -97.103040179334997, 15.903836872481525 ], [ -97.103485352142769, 15.903413818788334 ], [ -97.104049759022701, 15.902971479028135 ], [ -97.106238465164182, 15.901330265235588 ], [ -97.107135524358725, 15.900824189571315 ], [ -97.107990373547182, 15.900587698853878 ], [ -97.110970349050319, 15.899949610293399 ], [ -97.111835695575948, 15.899713195290705 ], [ -97.112894009863695, 15.899248036590135 ], [ -97.11354054007252, 15.898819940390963 ], [ -97.115499351830024, 15.897287307445946 ], [ -97.115899442280764, 15.896938380277962 ], [ -97.116536222815128, 15.896473450785729 ], [ -97.116733623919288, 15.896850771244699 ], [ -97.117351328541105, 15.897073025989044 ], [ -97.119399783444379, 15.898197815461094 ], [ -97.120048346300948, 15.898491492883409 ], [ -97.120852655947132, 15.898793300500525 ], [ -97.121417108680959, 15.898906645343123 ], [ -97.123245068776043, 15.899143922706395 ], [ -97.123773420605218, 15.899185786745454 ], [ -97.124411098684604, 15.899143882855979 ], [ -97.124793714962806, 15.8990421565845 ], [ -97.125941576922116, 15.898609334998728 ], [ -97.12631988104161, 15.898405909369158 ], [ -97.126937439045207, 15.897889414093591 ], [ -97.127441358960382, 15.897354988701432 ], [ -97.129175408145343, 15.895377489232965 ], [ -97.13001107896622, 15.894117370161116 ], [ -97.130309698910111, 15.894199587067028 ], [ -97.130609128884672, 15.89422517964252 ], [ -97.130722629082669, 15.894416079048399 ], [ -97.13092500668283, 15.894749214521967 ], [ -97.131232159658012, 15.894978482700299 ], [ -97.132142139960692, 15.895403153654893 ], [ -97.135211895132741, 15.897422193100828 ], [ -97.136157255396256, 15.897999643630516 ], [ -97.137499148476365, 15.898675391548059 ], [ -97.138470777016821, 15.899063294849375 ], [ -97.141663169166335, 15.900197740437424 ], [ -97.142545996495571, 15.900534032994791 ], [ -97.143473443276775, 15.900968976913061 ], [ -97.143915538237792, 15.901254034958692 ], [ -97.145051204887267, 15.902149361071118 ], [ -97.145503715867122, 15.902444671748563 ], [ -97.147128793298222, 15.903177015308986 ], [ -97.147874127041931, 15.903617157373647 ], [ -97.148850187328335, 15.904099938820071 ], [ -97.149499224028219, 15.904349484926099 ], [ -97.151552008211027, 15.905031243379856 ], [ -97.152127706884926, 15.905259822421474 ], [ -97.152761508465986, 15.905644776166419 ], [ -97.15309124028316, 15.905966131896511 ], [ -97.153996191538042, 15.907080837479647 ], [ -97.154535647283325, 15.907444648243974 ], [ -97.156148156633648, 15.908027721220433 ], [ -97.157912292197835, 15.908496861293594 ], [ -97.164532486029302, 15.910102998688403 ], [ -97.166359510591732, 15.910592940000853 ], [ -97.16826536328152, 15.911273302696399 ], [ -97.169160980402381, 15.911755317671815 ], [ -97.171434687736394, 15.913324355191673 ], [ -97.172120774479097, 15.913743587715436 ], [ -97.173048785416213, 15.914130978867082 ], [ -97.173688426932486, 15.914265162350731 ], [ -97.175745411619928, 15.914503951392676 ], [ -97.176332898626228, 15.914597021988822 ], [ -97.177017516644668, 15.914792572760945 ], [ -97.177408055434213, 15.91497886118357 ], [ -97.178545955691035, 15.915652654433442 ], [ -97.178999436903126, 15.915849637544937 ], [ -97.179977779163167, 15.916095099456278 ], [ -97.18092193052837, 15.916248773565869 ], [ -97.184349639571792, 15.916720427976554 ], [ -97.185293616702083, 15.916894414416044 ], [ -97.186271123207391, 15.917234726306042 ], [ -97.186723583416693, 15.917546902388917 ], [ -97.187857563226601, 15.918663411811151 ], [ -97.188320169992124, 15.91901633501223 ], [ -97.189345017658894, 15.919546800791933 ], [ -97.190346481353714, 15.919951682946595 ], [ -97.193995160774463, 15.921310635365357 ], [ -97.194986593121016, 15.921664582543011 ], [ -97.195964566629939, 15.921957415594864 ], [ -97.196370236261799, 15.92202180430059 ], [ -97.19728538601268, 15.92202945204127 ], [ -97.197596687880278, 15.922072717585438 ], [ -97.198134280581385, 15.922266977320275 ], [ -97.198590969098021, 15.92250122532012 ], [ -97.200184597904666, 15.923400117363341 ], [ -97.200809019968943, 15.923676425267685 ], [ -97.202129355251103, 15.924066971820148 ], [ -97.203391128505785, 15.924348582981091 ], [ -97.207959096365869, 15.925272170249617 ], [ -97.209262912046498, 15.925554097703186 ], [ -97.210779390061106, 15.925946221966559 ], [ -97.211641970058125, 15.926224475690413 ], [ -97.214150876474946, 15.927130858552173 ], [ -97.214929689588487, 15.927377907538835 ], [ -97.216055231060665, 15.927624432919965 ], [ -97.216884333507139, 15.927729562643499 ], [ -97.219627941065227, 15.927973625247546 ], [ -97.220373089893812, 15.928067882550145 ], [ -97.221106838236082, 15.928263706720339 ], [ -97.221409900996477, 15.928449200045488 ], [ -97.222090447256946, 15.929119011773711 ], [ -97.222603544236335, 15.929316401172917 ], [ -97.224317451278282, 15.929567733010225 ], [ -97.226252796208087, 15.929729375543289 ], [ -97.233570533761693, 15.930232234943484 ], [ -97.235484977831106, 15.930383458195408 ], [ -97.237101276999724, 15.93058644874759 ], [ -97.237495828274405, 15.930725225638369 ], [ -97.23772076618701, 15.931169867645593 ], [ -97.237842422394806, 15.931275914675004 ], [ -97.238185213037241, 15.931326158576802 ], [ -97.238553257588052, 15.931291888053217 ], [ -97.239928006864133, 15.931081709860905 ], [ -97.24028554472477, 15.9310473505613 ], [ -97.240579306758761, 15.931097190622163 ], [ -97.240641429048324, 15.931202750512835 ], [ -97.24063757084518, 15.931645523497904 ], [ -97.240951224621242, 15.931824300196189 ], [ -97.242418804579671, 15.932215812753951 ], [ -97.244201700098046, 15.932596328080111 ], [ -97.251054365806624, 15.933980432777062 ], [ -97.252858225525728, 15.934371215830845 ], [ -97.254601121041404, 15.934927543607673 ], [ -97.254855755021907, 15.935048213728656 ], [ -97.255307633332606, 15.935716081506095 ], [ -97.255498497015125, 15.935920955741281 ], [ -97.25593731494719, 15.936209167674932 ], [ -97.256345472952574, 15.936397725112773 ], [ -97.256682611886177, 15.93669866870488 ], [ -97.257121433340245, 15.936986878544733 ], [ -97.2574111816363, 15.937097663360051 ], [ -97.258324519595945, 15.937326447568193 ], [ -97.258582924519402, 15.937416644681226 ], [ -97.258844130334623, 15.937588196189944 ], [ -97.259034999511272, 15.937793067793216 ], [ -97.259486897772973, 15.938460928636152 ], [ -97.259656930187091, 15.938645298554119 ], [ -97.259998515208281, 15.938837830788806 ], [ -97.260316461416437, 15.938928506635465 ], [ -97.261458626906943, 15.939159125121904 ], [ -97.262212519696661, 15.939263480213123 ], [ -97.264588523933, 15.939519840125595 ], [ -97.267228930725281, 15.939781688725491 ], [ -97.269799396814989, 15.940236108755011 ], [ -97.271728857190737, 15.940492195855676 ], [ -97.274104898930844, 15.940748453418792 ], [ -97.275569780457189, 15.940858454499336 ], [ -97.280029859966035, 15.941115495479439 ], [ -97.282400061030515, 15.94128754619158 ], [ -97.282338035236748, 15.942763948024723 ], [ -97.282319937754949, 15.943038302292811 ], [ -97.282243964374288, 15.943322361882997 ], [ -97.282153528425667, 15.943453806997114 ], [ -97.281807466847951, 15.943783157562036 ], [ -97.281486175854681, 15.943877178604863 ], [ -97.280354587333335, 15.94390542989545 ], [ -97.278985286512878, 15.943895680102729 ], [ -97.273970622267612, 15.944229994408643 ], [ -97.272654855368842, 15.944292312746308 ], [ -97.27155059037365, 15.944402068908403 ], [ -97.271288835639353, 15.944496551696924 ], [ -97.271171578647625, 15.944827718656832 ], [ -97.271213920981836, 15.944995806553159 ], [ -97.271528776621551, 15.945449049638295 ], [ -97.271936229624146, 15.945928451357075 ], [ -97.273522837292219, 15.947712410914178 ], [ -97.273935509613551, 15.948196934706642 ], [ -97.274274690261294, 15.948674091526163 ], [ -97.274346560173996, 15.948871220845016 ], [ -97.27434277144306, 15.949314001075681 ], [ -97.274210225448627, 15.949453576925757 ], [ -97.273595465603861, 15.949662149529548 ], [ -97.272849782630004, 15.949820532333108 ], [ -97.269984682464482, 15.950351056558171 ], [ -97.269186021896232, 15.950559833451377 ], [ -97.268324044068052, 15.951003623127413 ], [ -97.267891307344243, 15.951428833239698 ], [ -97.266733838173536, 15.952969354786157 ], [ -97.266338176231301, 15.953359276492373 ], [ -97.265649233064096, 15.953638393086477 ], [ -97.265060691886703, 15.953647208758253 ], [ -97.263003114798494, 15.953409221772718 ], [ -97.262431256190041, 15.953311416463491 ], [ -97.261820156475068, 15.953092989347034 ], [ -97.261519015447931, 15.95287875685608 ], [ -97.260724793201717, 15.952097431883649 ], [ -97.26050797767455, 15.95185337951877 ], [ -97.260290390836602, 15.951495794801502 ], [ -97.260196367767875, 15.951229011982495 ], [ -97.259975180788388, 15.9503416102422 ], [ -97.259860319241554, 15.950054326027043 ], [ -97.259545485547491, 15.949601067954214 ], [ -97.259210585433777, 15.949240840316053 ], [ -97.257962560322355, 15.948013032728237 ], [ -97.257595880492346, 15.947683045570612 ], [ -97.257132724752566, 15.947370916119949 ], [ -97.256837752816537, 15.94725500418393 ], [ -97.255924373443236, 15.947026209560317 ], [ -97.255665958191472, 15.946936008226279 ], [ -97.255373398583288, 15.94674386531093 ], [ -97.255213871560031, 15.946559576932199 ], [ -97.254761973110007, 15.945891707204643 ], [ -97.254581345107354, 15.945717414042438 ], [ -97.254190311524042, 15.945571915700045 ], [ -97.253812320023002, 15.945538353638652 ], [ -97.252439393544805, 15.94552722412141 ], [ -97.252029793409392, 15.945503569097694 ], [ -97.251491252336251, 15.945404313022779 ], [ -97.251131508335959, 15.945286173831793 ], [ -97.249991247098649, 15.944834111102187 ], [ -97.249646780639281, 15.944772009186774 ], [ -97.249179527903095, 15.944934265680985 ], [ -97.248856489429556, 15.945228162540239 ], [ -97.247816221967057, 15.946437421497738 ], [ -97.247566198998896, 15.946792908388804 ], [ -97.24743969992879, 15.947242592053684 ], [ -97.248212519996954, 15.948059933290857 ], [ -97.248218382358985, 15.948376911617659 ], [ -97.248214930593832, 15.948615962039547 ], [ -97.248272084330395, 15.949080061485159 ], [ -97.248441848504626, 15.949093302556808 ], [ -97.248711881584171, 15.948829362043625 ], [ -97.24906435112014, 15.948720334368357 ], [ -97.249255306079874, 15.948713414077909 ], [ -97.249573407920579, 15.948787163877356 ], [ -97.249836884430721, 15.948899440919178 ], [ -97.250798082252871, 15.949479694909613 ], [ -97.251046019941825, 15.949566428294032 ], [ -97.251291601399203, 15.94952097826876 ], [ -97.251394494022179, 15.949369316445251 ], [ -97.251476037012566, 15.948553740204165 ], [ -97.251456835007161, 15.948230311318905 ], [ -97.252547830221545, 15.948239162414872 ], [ -97.253307721156972, 15.948260573753512 ], [ -97.253993577829704, 15.948337298109731 ], [ -97.254213481941449, 15.948425495084731 ], [ -97.254553844685759, 15.948760357642641 ], [ -97.254662895329034, 15.948908655009523 ], [ -97.254831435231566, 15.949265847043794 ], [ -97.254963156096693, 15.949627824008356 ], [ -97.255409316305546, 15.950959857559919 ], [ -97.255524618313444, 15.951397949965063 ], [ -97.255616531304398, 15.952110347925368 ], [ -97.255632533151285, 15.952689966898092 ], [ -97.255615293731452, 15.954682457254489 ], [ -97.255594826236106, 15.955226198071918 ], [ -97.255516551807148, 15.95577116503914 ], [ -97.255425198714008, 15.956005948438673 ], [ -97.255077157842621, 15.956556636921775 ], [ -97.254976264188983, 15.9566795115211 ], [ -97.254853469213771, 15.9567022382637 ], [ -97.254778941636886, 15.956611830474369 ], [ -97.254553941820518, 15.95616720066584 ], [ -97.25447950258922, 15.956066627042993 ], [ -97.254357118794005, 15.956041913331079 ], [ -97.254256723918218, 15.956107181621903 ], [ -97.253910597584763, 15.956436480319223 ], [ -97.253809013506299, 15.95663898605182 ], [ -97.253681080901146, 15.957254714404991 ], [ -97.253599903635632, 15.957931820559928 ], [ -97.253349003686225, 15.960475920135183 ], [ -97.253320406449802, 15.961148369096685 ], [ -97.253321610345679, 15.961468619583949 ], [ -97.253348892611598, 15.961903177610461 ], [ -97.253168190989484, 15.96153402414976 ], [ -97.252987489681786, 15.961164871331366 ], [ -97.252691437462872, 15.960767671395187 ], [ -97.251671268671217, 15.959652375890634 ], [ -97.251363699008351, 15.959371995233994 ], [ -97.250948536457074, 15.959178849552748 ], [ -97.250663016052286, 15.959183307791443 ], [ -97.249745748580068, 15.95939725653227 ], [ -97.249475901397915, 15.959412007007836 ], [ -97.249133883292131, 15.959266896012766 ], [ -97.24891513359124, 15.959044844254931 ], [ -97.24823632296166, 15.958153713036721 ], [ -97.248007332812449, 15.957901077910856 ] ], [ [ -97.238703340577757, 15.951213067598504 ], [ -97.238976135386039, 15.950859473637793 ], [ -97.239013181435624, 15.950427704258811 ], [ -97.23891326890076, 15.948766374650557 ], [ -97.23886122531583, 15.948308460973024 ], [ -97.238718268020861, 15.947832860133019 ], [ -97.238566087063475, 15.947611343978824 ], [ -97.237998868118495, 15.947053202062612 ], [ -97.237825008258852, 15.946907756242117 ], [ -97.23758087947914, 15.946787151576883 ], [ -97.237405983774963, 15.946760305001101 ], [ -97.236833932526523, 15.946755624875973 ], [ -97.236600448316125, 15.946819795814813 ], [ -97.23608290557047, 15.947123940386522 ], [ -97.235577041573038, 15.947494260741621 ], [ -97.233733871123491, 15.948918267401305 ], [ -97.233332758594784, 15.949325022682002 ], [ -97.233304085860325, 15.949799218592311 ], [ -97.233664239566835, 15.950069886392482 ], [ -97.235373638564198, 15.950858799452211 ], [ -97.235881477224751, 15.95106459211339 ], [ -97.236541983970966, 15.95123605109676 ], [ -97.23697772562835, 15.951275200037689 ], [ -97.238350679809301, 15.95128643196872 ], [ -97.238703340577757, 15.951213067598504 ] ] ] ] } },
{ "type": "Feature", "properties": { "fid": 10.0, "cat": 11, "CLAVE_ACUI": "2022", "NOM_ACUIF": "BAJOS DE CHILA", "VULNERABIL": 3 }, "geometry": { "type": "MultiPolygon", "coordinates": [ [ [ [ -97.219655178396081, 15.952473604361632 ], [ -97.219559880037195, 15.952015473582 ], [ -97.219337150289292, 15.951139143510451 ], [ -97.219245616471937, 15.950926839111219 ], [ -97.219161902696015, 15.950651912228153 ], [ -97.219090567578675, 15.950350520160223 ], [ -97.218946815253929, 15.949971884964393 ], [ -97.218881667154577, 15.94983296068334 ], [ -97.218855189500061, 15.949658220103826 ], [ -97.218955560220934, 15.949398114553983 ], [ -97.219125424306824, 15.949201275632177 ], [ -97.219623299923683, 15.948928838838087 ], [ -97.219704364027308, 15.948884480681633 ], [ -97.221048239289345, 15.949744680183329 ], [ -97.221838379300337, 15.950968902960712 ], [ -97.222140279639547, 15.951289939566175 ], [ -97.222921055642786, 15.951723367679275 ], [ -97.223675517412602, 15.951963415957128 ], [ -97.226415574317429, 15.952650194614158 ], [ -97.227144134158763, 15.952849352753464 ], [ -97.228011900095836, 15.953151317293681 ], [ -97.228433909909256, 15.953358115629086 ], [ -97.228495516533457, 15.953832965018441 ], [ -97.228593014460785, 15.953868068477622 ], [ -97.22783254908569, 15.953763776377075 ], [ -97.226622442488051, 15.953555572914102 ], [ -97.221932684612455, 15.952852710455863 ], [ -97.220782493135445, 15.952604304490171 ], [ -97.219723810009569, 15.952481561637191 ], [ -97.219655178396081, 15.952473604361632 ] ] ] ] } },
{ "type": "Feature", "properties": { "fid": 11.0, "cat": 12, "CLAVE_ACUI": "2022", "NOM_ACUIF": "BAJOS DE CHILA", "VULNERABIL": 5 }, "geometry": { "type": "MultiPolygon", "coordinates": [ [ [ [ -97.219337150289292, 15.951139143510451 ], [ -97.219452024615535, 15.951598693609315 ], [ -97.219559880037195, 15.952015473582 ], [ -97.219655178396081, 15.952473604361632 ], [ -97.218658932159485, 15.952710443747961 ], [ -97.216710004919292, 15.953137116483944 ], [ -97.216187259030661, 15.953232756588003 ], [ -97.215696709378392, 15.953252414885512 ], [ -97.215518670471056, 15.953184859071058 ], [ -97.215178372559024, 15.952849940728157 ], [ -97.215095214454252, 15.952747588753187 ], [ -97.215047440560241, 15.95260486480549 ], [ -97.215062350157609, 15.952503325444431 ], [ -97.215179701871648, 15.952172198975266 ], [ -97.215299818471877, 15.95205628182971 ], [ -97.215743010643735, 15.951846461074803 ], [ -97.216256025137028, 15.951662633232004 ], [ -97.218206894527299, 15.951014579802528 ], [ -97.218489289256652, 15.950944833305424 ], [ -97.218900460719951, 15.950792301047493 ], [ -97.219161902696015, 15.950651912228153 ], [ -97.219245616471937, 15.950926839111219 ], [ -97.219337150289292, 15.951139143510451 ] ] ] ] } },
{ "type": "Feature", "properties": { "fid": 12.0, "cat": 10, "CLAVE_ACUI": null, "NOM_ACUIF": null, "VULNERABIL": 4 }, "geometry": { "type": "MultiPolygon", "coordinates": [ [ [ [ -97.208775398678569, 15.948782480171417 ], [ -97.21277452273695, 15.948607838045875 ], [ -97.213484346123835, 15.947556372919321 ], [ -97.211038336978831, 15.944273650284764 ], [ -97.208884437071731, 15.941761495001595 ], [ -97.205946537373379, 15.940245925243751 ], [ -97.203684958308401, 15.939350483784104 ], [ -97.201913533672965, 15.939001339121454 ], [ -97.194872747198104, 15.937812850455975 ], [ -97.192482697828297, 15.936672220298696 ], [ -97.19200585304533, 15.936731481527428 ], [ -97.18983275281137, 15.936396946647076 ], [ -97.188231920562274, 15.935778013232925 ], [ -97.186916859961656, 15.934537912425998 ], [ -97.18459300356372, 15.933316425106989 ], [ -97.181308671015032, 15.932972450088801 ], [ -97.176621301981569, 15.930800117905559 ], [ -97.168543497721117, 15.929710482946199 ], [ -97.163786975778876, 15.927980117274895 ], [ -97.162456471703663, 15.929487001607077 ], [ -97.160565773610628, 15.929949844274759 ], [ -97.159954172363513, 15.930450698050262 ], [ -97.160142571602961, 15.932322961570051 ], [ -97.157560197658441, 15.935915701151679 ], [ -97.157884510906499, 15.937219796550265 ], [ -97.159708210431006, 15.937967368225767 ], [ -97.161650107574289, 15.937663473920574 ], [ -97.163870175132772, 15.937316047749984 ], [ -97.167079726494535, 15.937668693815073 ], [ -97.168868584564663, 15.937114564545206 ], [ -97.169828628223456, 15.937280081626561 ], [ -97.17201106012395, 15.937656345513229 ], [ -97.175068878662742, 15.939299884967747 ], [ -97.177490514753273, 15.942103786716874 ], [ -97.179279643831649, 15.943591949977746 ], [ -97.180363380431928, 15.943555918425231 ], [ -97.183863476368785, 15.943889656027448 ], [ -97.184919527023268, 15.944316002608534 ], [ -97.184955975917731, 15.944330730183101 ], [ -97.184828072317018, 15.944730929531227 ], [ -97.18475632645233, 15.944927144649693 ], [ -97.184592004756439, 15.945179202331587 ], [ -97.184402471667084, 15.9453781563679 ], [ -97.18426327322743, 15.945506257346269 ], [ -97.182431371210086, 15.947362010453226 ], [ -97.181893809773015, 15.947742093998441 ], [ -97.180885450772024, 15.948089397478382 ], [ -97.179982500481955, 15.948205459780789 ], [ -97.176777092749134, 15.948399754107806 ], [ -97.175948883439148, 15.948384272191689 ], [ -97.175289316105932, 15.948117757166818 ], [ -97.175175286253378, 15.94775250600496 ], [ -97.175302711310295, 15.946314516456665 ], [ -97.175320245285235, 15.945924964187924 ], [ -97.175274647293705, 15.945545043417319 ], [ -97.17519197355837, 15.945391851729003 ], [ -97.174851761413592, 15.945056877696125 ], [ -97.174705496644791, 15.944964143891902 ], [ -97.174363139418531, 15.944866360122539 ], [ -97.174020322502216, 15.944819402450978 ], [ -97.172762868628269, 15.94469804636713 ], [ -97.172457332193872, 15.944595488855843 ], [ -97.172288948290998, 15.944238247533866 ], [ -97.17235393569247, 15.943830460588677 ], [ -97.172825588683452, 15.942284695002137 ], [ -97.172911981882734, 15.942086641937584 ], [ -97.173053311487564, 15.94188100350209 ], [ -97.173215262187682, 15.941706805019454 ], [ -97.173528967339635, 15.941449129647213 ], [ -97.173767622862329, 15.941237565718856 ], [ -97.173915234127705, 15.941051935892274 ], [ -97.173994259431382, 15.940859473677202 ], [ -97.17401031253776, 15.940696514325497 ], [ -97.174004619523799, 15.940559153035087 ], [ -97.173970288879545, 15.940469191326763 ], [ -97.173898485796371, 15.940393966750936 ], [ -97.173681772853541, 15.940264920200386 ], [ -97.173321594272608, 15.94012398286317 ], [ -97.172714730883072, 15.939916469192596 ], [ -97.172460673720437, 15.939794442403519 ], [ -97.172297497221507, 15.939677513113933 ], [ -97.172180832632137, 15.939568742881633 ], [ -97.172081070918694, 15.939505805492805 ], [ -97.171925836738907, 15.93945825816553 ], [ -97.171783800952639, 15.939436131398642 ], [ -97.171578871063275, 15.939434393418347 ], [ -97.171292225108175, 15.939450331064792 ], [ -97.171093628507947, 15.939485864967832 ], [ -97.170897527445803, 15.939534277696854 ], [ -97.170370004349394, 15.939700210802219 ], [ -97.169637210658792, 15.939883268733176 ], [ -97.16878042250795, 15.94008385869161 ], [ -97.167750646840361, 15.940285206657286 ], [ -97.16758761418302, 15.940304152905188 ], [ -97.166901201075234, 15.940298316519227 ], [ -97.166722778340841, 15.940276466941276 ], [ -97.166063919107515, 15.940386077664874 ], [ -97.165777265368121, 15.940519186086174 ], [ -97.165200704537057, 15.941014675148981 ], [ -97.164977534373136, 15.941099186799809 ], [ -97.164511105562539, 15.941166377698513 ], [ -97.164067949038468, 15.941177852480109 ], [ -97.162466315133869, 15.941164203978824 ], [ -97.162028180645009, 15.941201132479149 ], [ -97.161585185546485, 15.941387120591436 ], [ -97.161390469563116, 15.941615889973317 ], [ -97.160924787851869, 15.942497492004378 ], [ -97.160761774546657, 15.942706199066759 ], [ -97.16046673002738, 15.942798563976266 ], [ -97.160208251651994, 15.942721806676378 ], [ -97.159297066559049, 15.942271239205972 ], [ -97.15902882510359, 15.942113068965959 ], [ -97.158688214669525, 15.941825510471364 ], [ -97.158469869868782, 15.941572882966176 ], [ -97.157791540818749, 15.940681512416589 ], [ -97.15753098759275, 15.940448855467254 ], [ -97.156993398778397, 15.940254493792201 ], [ -97.156485967774245, 15.940209490427964 ], [ -97.154655545763717, 15.940193827728534 ], [ -97.154168942553881, 15.940169329291479 ], [ -97.153728548668738, 15.940070674856763 ], [ -97.153586017693911, 15.939954239244434 ], [ -97.153396436671301, 15.93957911726252 ], [ -97.153271267849846, 15.939393542169524 ], [ -97.153076020604246, 15.939296986660672 ], [ -97.152887095343928, 15.939275035854864 ], [ -97.152200691426316, 15.939269153040602 ], [ -97.151981296978988, 15.939223564584015 ], [ -97.151969927846622, 15.93922651079901 ], [ -97.151579435374785, 15.939033397427336 ], [ -97.151179646299042, 15.938835685463422 ], [ -97.15078915546016, 15.938642570812602 ], [ -97.150559697275227, 15.938457614458931 ], [ -97.150116467536776, 15.937904847909007 ], [ -97.149736765304979, 15.937681326217328 ], [ -97.149100701571186, 15.937533542297331 ], [ -97.14857174063971, 15.937545943490409 ], [ -97.14673931812635, 15.937751591021152 ], [ -97.146246988307382, 15.9377795502925 ], [ -97.145608694404743, 15.937684261268451 ], [ -97.1452685482204, 15.937349246824464 ], [ -97.145196127004084, 15.937226632142128 ], [ -97.145198306805199, 15.936989444991122 ], [ -97.145273841795685, 15.936773220859598 ], [ -97.145625215282578, 15.935886156288626 ], [ -97.145810485961533, 15.935733565816179 ], [ -97.146326802777523, 15.935571961297715 ], [ -97.146879127553035, 15.935493687092251 ], [ -97.147893646118192, 15.935617618915206 ], [ -97.148298358939556, 15.935595680185365 ], [ -97.148814239008729, 15.935481506989721 ], [ -97.149146497361173, 15.935340341329647 ], [ -97.150008434874763, 15.935107708412772 ], [ -97.150193174002098, 15.935012716502698 ], [ -97.15045844924505, 15.934816732453195 ], [ -97.150635454264446, 15.934521765386789 ], [ -97.150737420763761, 15.934095668066071 ], [ -97.150753480435981, 15.933951042640084 ], [ -97.15078704356803, 15.933648789754457 ], [ -97.150750015113317, 15.931764938623532 ], [ -97.15086750521732, 15.931364389099233 ], [ -97.151711246120641, 15.930978023716159 ], [ -97.153757719186515, 15.932159509704992 ], [ -97.154248022520321, 15.932351778139564 ], [ -97.154711829997893, 15.932569233861216 ], [ -97.155224264952139, 15.933022617484006 ], [ -97.155312403800892, 15.933150446751329 ], [ -97.155368702710518, 15.933310837393194 ], [ -97.155431939866546, 15.933396878292649 ], [ -97.155518288564082, 15.933423866610253 ], [ -97.155747083643618, 15.933425823572446 ], [ -97.155806570630745, 15.933431415356345 ], [ -97.155867405634098, 15.933441343630047 ], [ -97.155865624273972, 15.933484444857248 ], [ -97.155864613120556, 15.933595132900237 ], [ -97.155853797673743, 15.933628927144188 ], [ -97.155743399895499, 15.933829044269885 ], [ -97.155600239484727, 15.933861867983598 ], [ -97.155524349608243, 15.933848446383623 ], [ -97.155479530306991, 15.93386052252597 ], [ -97.155444493511595, 15.933898195032173 ], [ -97.155435415722579, 15.933951864692382 ], [ -97.155412625386333, 15.934086605607833 ], [ -97.155391099153334, 15.934311755192445 ], [ -97.155389851305628, 15.934448312662013 ], [ -97.155409616537199, 15.934656025122232 ], [ -97.155469351254709, 15.934831895389195 ], [ -97.155551201788143, 15.934930455492244 ], [ -97.155726488296622, 15.935088139323858 ], [ -97.15591899852447, 15.935181497473431 ], [ -97.156945553782521, 15.935522365201932 ], [ -97.157318690892581, 15.935542341391201 ], [ -97.157643380655202, 15.935426668977014 ], [ -97.15791681286089, 15.935161637458446 ], [ -97.158754325620464, 15.933910158156317 ], [ -97.158779701310834, 15.933849557169106 ], [ -97.158829944745349, 15.933714724904597 ], [ -97.158936786217481, 15.933433978672781 ], [ -97.15899418241159, 15.933266438724797 ], [ -97.159043228070956, 15.932919143104428 ], [ -97.158962892148665, 15.931056218856176 ], [ -97.158827703718742, 15.928965537633141 ], [ -97.158812618583781, 15.928123321779777 ], [ -97.158855936625898, 15.927730785708935 ], [ -97.158905487226178, 15.927531632137571 ], [ -97.159143742795465, 15.926951969971945 ], [ -97.159951560850359, 15.926183983533194 ], [ -97.160308557141761, 15.926015899838159 ], [ -97.161166725653629, 15.925999495879363 ], [ -97.162035686224755, 15.92614414303808 ], [ -97.165232683264904, 15.926835541741973 ], [ -97.166138191043288, 15.927005899020122 ], [ -97.167166881574786, 15.927109525447754 ], [ -97.167730930084844, 15.927087207756564 ], [ -97.169334463753756, 15.926879427562769 ], [ -97.169803961262076, 15.926856301917072 ], [ -97.17039141763226, 15.926956168949529 ], [ -97.17076114406801, 15.927121962176207 ], [ -97.171244573928888, 15.927408226191801 ], [ -97.172352397266451, 15.928013124322359 ], [ -97.17332992717327, 15.928353497882844 ], [ -97.174273084939301, 15.928622413556671 ], [ -97.175368516237697, 15.928835005541305 ], [ -97.176426386836084, 15.929199766500961 ], [ -97.177696977919538, 15.929536951198882 ], [ -97.178755896650102, 15.929786494088239 ], [ -97.180273605157311, 15.930036514775718 ], [ -97.181382840287938, 15.930144143743307 ], [ -97.182710989784994, 15.929924906131104 ], [ -97.183767697572065, 15.930032080274904 ], [ -97.185040280193306, 15.930280003715637 ], [ -97.186003911197474, 15.930482397715942 ], [ -97.186836103266543, 15.93063172213599 ], [ -97.187062606167046, 15.930759009114515 ], [ -97.187287427228569, 15.931203692378174 ], [ -97.187461401192792, 15.931330537483577 ], [ -97.188048458700024, 15.931477797217614 ], [ -97.188748373625359, 15.931667797638182 ], [ -97.189580148306732, 15.931864550799109 ], [ -97.190101582626397, 15.931909592402478 ], [ -97.191227926665661, 15.931803825613896 ], [ -97.191955464319236, 15.931908199782036 ], [ -97.192193085247851, 15.931967800344751 ], [ -97.192877781257891, 15.932163308176206 ], [ -97.193366001765909, 15.932397832843721 ], [ -97.194959676331024, 15.933296768392712 ], [ -97.195416474839163, 15.93352085963264 ], [ -97.195954518060447, 15.933667688743668 ], [ -97.196266351800134, 15.933653353726937 ], [ -97.197183531205425, 15.93343962614475 ], [ -97.198272063360974, 15.933516498944435 ], [ -97.198967520492431, 15.933684968409734 ], [ -97.201478415318718, 15.934370120177977 ], [ -97.202194891584298, 15.934538755059814 ], [ -97.203027541233894, 15.934640580894293 ], [ -97.203500563244702, 15.93461741252044 ], [ -97.204875347756627, 15.934407464003579 ], [ -97.205327176222838, 15.934404447621874 ], [ -97.206060926739653, 15.934600323766437 ], [ -97.2066573147589, 15.934883162755124 ], [ -97.208706722058608, 15.936007192841599 ], [ -97.209281654869883, 15.936340678395991 ], [ -97.209915254321501, 15.936772923738626 ], [ -97.210245462677051, 15.937056932322376 ], [ -97.211152838710248, 15.937950059479521 ], [ -97.211452342156505, 15.938142315165159 ], [ -97.211942644088595, 15.938146382395139 ], [ -97.212343570890155, 15.937959936643901 ], [ -97.213724253682017, 15.937085783762502 ], [ -97.214136043193022, 15.936858759105601 ], [ -97.214677051191771, 15.936673468854682 ], [ -97.215038130929756, 15.936635793380241 ], [ -97.21618216270025, 15.936645261957381 ], [ -97.216657555509386, 15.936750857879481 ], [ -97.217732026451699, 15.937234171006532 ], [ -97.218791597164426, 15.937819019335667 ], [ -97.22042293790426, 15.938765704125567 ], [ -97.222661841414407, 15.940064964204934 ], [ -97.223710936367382, 15.940649704527051 ], [ -97.224736416521054, 15.941132582316349 ], [ -97.225152288167578, 15.941237670604792 ], [ -97.226067539434723, 15.94124520514516 ], [ -97.226310721586927, 15.941272622302064 ], [ -97.226530320235355, 15.941393036730094 ], [ -97.226600850435474, 15.941537640399895 ], [ -97.226710392820834, 15.942092043204967 ], [ -97.226691213746193, 15.942281657359443 ], [ -97.226492168323688, 15.942612120464165 ], [ -97.226226996203792, 15.942894596119068 ], [ -97.22518856598694, 15.943882349176805 ], [ -97.224886839967482, 15.944139105920311 ], [ -97.224517221151913, 15.94434955428228 ], [ -97.224290920873699, 15.944393438275609 ], [ -97.223604472332781, 15.944387780991596 ], [ -97.223404483839801, 15.944426797747717 ], [ -97.223157652307435, 15.944614534350915 ], [ -97.223005024065984, 15.94484371278104 ], [ -97.222539588083876, 15.945725474817078 ], [ -97.222381839119407, 15.945939360904154 ], [ -97.222111115755297, 15.946055734617886 ], [ -97.221882117464972, 15.946008096626038 ], [ -97.221084184097833, 15.945669410874572 ], [ -97.220865514188318, 15.945642189774329 ], [ -97.220582684432514, 15.945939760989782 ], [ -97.220543757885949, 15.946183431277051 ], [ -97.220303219858806, 15.947509843988941 ], [ -97.22021260562191, 15.94787024140296 ], [ -97.220208840018387, 15.9478852182302 ], [ -97.220083611104485, 15.948151672970599 ], [ -97.22000894071094, 15.948310552255798 ], [ -97.219704364027308, 15.948884480681633 ], [ -97.219623299923683, 15.948928838838087 ], [ -97.219125424306824, 15.949201275632177 ], [ -97.218955560220934, 15.949398114553983 ], [ -97.218855189500061, 15.949658220103826 ], [ -97.218881667154577, 15.94983296068334 ], [ -97.218946815253929, 15.949971884964393 ], [ -97.219090567578675, 15.950350520160223 ], [ -97.219161902696015, 15.950651912228153 ], [ -97.218900460719951, 15.950792301047493 ], [ -97.218489289256652, 15.950944833305424 ], [ -97.218206894527299, 15.951014579802528 ], [ -97.216256025137028, 15.951662633232004 ], [ -97.215743010643735, 15.951846461074803 ], [ -97.215299818471877, 15.95205628182971 ], [ -97.215179701871648, 15.952172198975266 ], [ -97.215062350157609, 15.952503325444431 ], [ -97.215047440560241, 15.95260486480549 ], [ -97.215095214454252, 15.952747588753187 ], [ -97.215178372559024, 15.952849940728157 ], [ -97.215518670471056, 15.953184859071058 ], [ -97.215696709378392, 15.953252414885512 ], [ -97.216187259030661, 15.953232756588003 ], [ -97.216710004919292, 15.953137116483944 ], [ -97.218658932159485, 15.952710443747961 ], [ -97.219655178396081, 15.952473604361632 ], [ -97.21945638874152, 15.952976483051366 ], [ -97.219363323949125, 15.953211909291065 ], [ -97.219334239148878, 15.95346283780046 ], [ -97.219356482550495, 15.953715083366552 ], [ -97.219499553099809, 15.95416722279146 ], [ -97.219662908798384, 15.954517147612156 ], [ -97.219905640832948, 15.954908719514865 ], [ -97.220039916598623, 15.955057549410059 ], [ -97.220258136724382, 15.955299422381566 ], [ -97.220641617998353, 15.95576248745499 ], [ -97.220771235616553, 15.956032004448183 ], [ -97.220895965342407, 15.956438413506378 ], [ -97.220977127979964, 15.956815907602286 ], [ -97.221200838459538, 15.957856403423618 ], [ -97.221144261595342, 15.958115177102917 ], [ -97.220774612350823, 15.958325615781119 ], [ -97.220303118946489, 15.958367467920091 ], [ -97.218472467272576, 15.958352330221695 ], [ -97.21791170455235, 15.958388355347049 ], [ -97.217125461647768, 15.958571617900503 ], [ -97.216563019295393, 15.958797396320001 ], [ -97.214724523054514, 15.959667757666049 ], [ -97.214025746754103, 15.959861899607164 ], [ -97.212603296099743, 15.959897538806102 ], [ -97.211270003357029, 15.959754305195753 ], [ -97.207852415497968, 15.959252927133962 ], [ -97.206470448201884, 15.95905018528417 ], [ -97.205179471160051, 15.958876768570386 ], [ -97.203954440707108, 15.95877166926264 ], [ -97.203495371649225, 15.958794949658015 ], [ -97.202578077658799, 15.959008692468128 ], [ -97.202213938467182, 15.9589920975643 ], [ -97.201431918700891, 15.958700912778282 ], [ -97.200678889399711, 15.958301527943838 ], [ -97.197946798287688, 15.956728899896047 ], [ -97.197189096854601, 15.956327758811877 ], [ -97.196411783586626, 15.956038302979481 ], [ -97.19604765139178, 15.956021698242456 ], [ -97.195130365937757, 15.956235409847134 ], [ -97.194787339397323, 15.956208813640993 ], [ -97.194103836763915, 15.955870987724909 ], [ -97.193313394620361, 15.955480302268413 ], [ -97.192777636673085, 15.955072548636874 ], [ -97.191979189253303, 15.954384707375091 ], [ -97.190960948546689, 15.953507520029895 ], [ -97.190538647868607, 15.953143073617467 ], [ -97.18974223419707, 15.952704319538162 ], [ -97.189302092394826, 15.952571848617735 ], [ -97.187931155981488, 15.952338923605152 ], [ -97.18756931693818, 15.952263021897382 ], [ -97.187297853671524, 15.952159377137578 ], [ -97.187151969639089, 15.951995151052436 ], [ -97.187123951715563, 15.951817255983068 ], [ -97.187254639071, 15.951614630287928 ], [ -97.18780103056136, 15.951358488657229 ], [ -97.188601512391628, 15.951148343020632 ], [ -97.191697525631625, 15.950399465263867 ], [ -97.193332387286347, 15.949857984281227 ], [ -97.193615672700304, 15.949759838245516 ], [ -97.194241011966895, 15.949423845854293 ], [ -97.195494655862007, 15.949728992294897 ], [ -97.197256008571088, 15.950168484369208 ], [ -97.201592719496475, 15.951939865466031 ], [ -97.202066969492463, 15.951969049201915 ], [ -97.203291711984278, 15.952044415699991 ], [ -97.205089421002413, 15.952601633432414 ], [ -97.206297428918276, 15.951201898641589 ], [ -97.206513185587752, 15.950046937449226 ], [ -97.208775398678569, 15.948782480171417 ] ] ] ] } },
{ "type": "Feature", "properties": { "fid": 13.0, "cat": 15, "CLAVE_ACUI": "2022", "NOM_ACUIF": "BAJOS DE CHILA", "VULNERABIL": 4 }, "geometry": { "type": "MultiPolygon", "coordinates": [ [ [ [ -97.251476037012566, 15.948553740204165 ], [ -97.251394494022179, 15.949369316445251 ], [ -97.251291601399203, 15.94952097826876 ], [ -97.251046019941825, 15.949566428294032 ], [ -97.250798082252871, 15.949479694909613 ], [ -97.249836884430721, 15.948899440919178 ], [ -97.249573407920579, 15.948787163877356 ], [ -97.249255306079874, 15.948713414077909 ], [ -97.24906435112014, 15.948720334368357 ], [ -97.248711881584171, 15.948829362043625 ], [ -97.248441848504626, 15.949093302556808 ], [ -97.248272084330395, 15.949080061485159 ], [ -97.248214930593832, 15.948615962039547 ], [ -97.248218382358985, 15.948376911617659 ], [ -97.248212519996954, 15.948059933290857 ], [ -97.2489224772401, 15.948184312967619 ], [ -97.249687531600145, 15.948215945458609 ], [ -97.250798533778578, 15.948224967938563 ], [ -97.25123862370873, 15.948228540337428 ], [ -97.251456835007161, 15.948230311318905 ], [ -97.251476037012566, 15.948553740204165 ] ] ] ] } },
{ "type": "Feature", "properties": { "fid": 14.0, "cat": 14, "CLAVE_ACUI": "2022", "NOM_ACUIF": "BAJOS DE CHILA", "VULNERABIL": 3 }, "geometry": null },
{ "type": "Feature", "properties": { "fid": 15.0, "cat": 13, "CLAVE_ACUI": "2022", "NOM_ACUIF": "BAJOS DE CHILA", "VULNERABIL": 3 }, "geometry": { "type": "MultiPolygon", "coordinates": [ [ [ [ -97.236833932526523, 15.946755624875973 ], [ -97.237405983774963, 15.946760305001101 ], [ -97.23758087947914, 15.946787151576883 ], [ -97.237825008258852, 15.946907756242117 ], [ -97.237998868118495, 15.947053202062612 ], [ -97.238566087063475, 15.947611343978824 ], [ -97.238718268020861, 15.947832860133019 ], [ -97.23886122531583, 15.948308460973024 ], [ -97.23891326890076, 15.948766374650557 ], [ -97.239013181435624, 15.950427704258811 ], [ -97.238976135386039, 15.950859473637793 ], [ -97.238703340577757, 15.951213067598504 ], [ -97.238350679809301, 15.95128643196872 ], [ -97.23697772562835, 15.951275200037689 ], [ -97.236541983970966, 15.95123605109676 ], [ -97.235881477224751, 15.95106459211339 ], [ -97.235373638564198, 15.950858799452211 ], [ -97.233664239566835, 15.950069886392482 ], [ -97.233304085860325, 15.949799218592311 ], [ -97.233332758594784, 15.949325022682002 ], [ -97.233733871123491, 15.948918267401305 ], [ -97.235577041573038, 15.947494260741621 ], [ -97.23608290557047, 15.947123940386522 ], [ -97.236600448316125, 15.946819795814813 ], [ -97.236833932526523, 15.946755624875973 ] ] ] ] } },
{ "type": "Feature", "properties": { "fid": 16.0, "cat": 16, "CLAVE_ACUI": "2022", "NOM_ACUIF": "BAJOS DE CHILA", "VULNERABIL": 4 }, "geometry": { "type": "MultiPolygon", "coordinates": [ [ [ [ -97.298239657484459, 15.946343032387846 ], [ -97.298166264317004, 15.946341109121951 ], [ -97.298180605816, 15.946278406754152 ], [ -97.298187339406425, 15.946229996670857 ], [ -97.298189207238053, 15.946008603722163 ], [ -97.298202059698696, 15.945907352860367 ], [ -97.298218240270359, 15.945807975455642 ], [ -97.298254586825664, 15.945703533637433 ], [ -97.298305878958473, 15.945632009865514 ], [ -97.298360720208848, 15.945592396403798 ], [ -97.29852372436946, 15.945855157105045 ], [ -97.298557676708526, 15.945908672826553 ], [ -97.298592215353352, 15.945966556726521 ], [ -97.298722430297119, 15.946168357649571 ], [ -97.298757457047927, 15.946223566860267 ], [ -97.298827133172097, 15.946333390458809 ], [ -97.298710553544623, 15.946335752017927 ], [ -97.298514560613611, 15.946345429388396 ], [ -97.298305451036867, 15.946346151802812 ], [ -97.298239657484459, 15.946343032387846 ] ] ] ] } },
{ "type": "Feature", "properties": { "fid": 17.0, "cat": 17, "CLAVE_ACUI": "2022", "NOM_ACUIF": "BAJOS DE CHILA", "VULNERABIL": 5 }, "geometry": { "type": "MultiPolygon", "coordinates": [ [ [ [ -97.297290807520852, 15.946340567146702 ], [ -97.297271046269287, 15.946330311307289 ], [ -97.297257945691243, 15.946318103076855 ], [ -97.297247657952582, 15.946293040086006 ], [ -97.297243435644049, 15.946266327286169 ], [ -97.297242345429993, 15.946204548103463 ], [ -97.29723979676038, 15.946060122589021 ], [ -97.297220573701011, 15.945982421589632 ], [ -97.297189770627597, 15.945930629552363 ], [ -97.297134307863445, 15.945896147728764 ], [ -97.297071830743249, 15.945883251622279 ], [ -97.296896086006939, 15.945846975577116 ], [ -97.29685743577005, 15.945828025318443 ], [ -97.296823267390934, 15.945800651927117 ], [ -97.296790543826319, 15.945729441002042 ], [ -97.296776663509121, 15.945637650368566 ], [ -97.296770886491117, 15.945461066381375 ], [ -97.296774888769917, 15.945314983205337 ], [ -97.296782893327503, 15.945182908005084 ], [ -97.296796134673954, 15.945092255710119 ], [ -97.296807407285115, 15.945052833944224 ], [ -97.296836423806383, 15.945013811725968 ], [ -97.296866252399269, 15.9449903078183 ], [ -97.296935409214001, 15.944975943794665 ], [ -97.297005435819955, 15.944976907880383 ], [ -97.29727410673604, 15.944980606785812 ], [ -97.297293879352125, 15.944980879003728 ], [ -97.297382902434052, 15.944983307552937 ], [ -97.297611728258261, 15.94498511530993 ], [ -97.297756969130347, 15.944991190882906 ], [ -97.297981882799505, 15.945001105709867 ], [ -97.298028193220475, 15.94507410025631 ], [ -97.298113546648878, 15.945208634442411 ], [ -97.298193558882829, 15.945334749830785 ], [ -97.298360720208848, 15.945592396403798 ], [ -97.298305878958473, 15.945632009865514 ], [ -97.298254586825664, 15.945703533637433 ], [ -97.298218240270359, 15.945807975455642 ], [ -97.298202059698696, 15.945907352860367 ], [ -97.298189207238053, 15.946008603722163 ], [ -97.298187339406425, 15.946229996670857 ], [ -97.298180605816, 15.946278406754152 ], [ -97.298166264317004, 15.946341109121951 ], [ -97.297532063524983, 15.946334395006996 ], [ -97.297324118153753, 15.946345111400744 ], [ -97.297290807520852, 15.946340567146702 ] ] ] ] } },
{ "type": "Feature", "properties": { "fid": 18.0, "cat": 18, "CLAVE_ACUI": "2022", "NOM_ACUIF": "BAJOS DE CHILA", "VULNERABIL": 3 }, "geometry": null },
{ "type": "Feature", "properties": { "fid": 19.0, "cat": 19, "CLAVE_ACUI": "2022", "NOM_ACUIF": "BAJOS DE CHILA", "VULNERABIL": 3 }, "geometry": null },
{ "type": "Feature", "properties": { "fid": 20.0, "cat": 21, "CLAVE_ACUI": "2022", "NOM_ACUIF": "BAJOS DE CHILA", "VULNERABIL": 4 }, "geometry": { "type": "MultiPolygon", "coordinates": [ [ [ [ -97.297269599537628, 15.944719762626814 ], [ -97.297267388154282, 15.944559580267544 ], [ -97.297269501873657, 15.944309151624291 ], [ -97.297286930388694, 15.944104658873067 ], [ -97.297298404058481, 15.943923805619358 ], [ -97.297451484717612, 15.944165091555599 ], [ -97.297621755778664, 15.944433229829153 ], [ -97.297981882799505, 15.945001105709867 ], [ -97.297756969130347, 15.944991190882906 ], [ -97.297611728258261, 15.94498511530993 ], [ -97.297382902434052, 15.944983307552937 ], [ -97.297293879352125, 15.944980879003728 ], [ -97.29727410673604, 15.944980606785812 ], [ -97.297273172479947, 15.944898746210596 ], [ -97.297269599537628, 15.944719762626814 ] ] ] ] } },
{ "type": "Feature", "properties": { "fid": 23.0, "cat": 23, "CLAVE_ACUI": "2022", "NOM_ACUIF": "BAJOS DE CHILA", "VULNERABIL": 3 }, "geometry": null },
{ "type": "Feature", "properties": { "fid": 39.0, "cat": 28, "CLAVE_ACUI": "2022", "NOM_ACUIF": "BAJOS DE CHILA", "VULNERABIL": 4 }, "geometry": { "type": "MultiPolygon", "coordinates": [ [ [ [ -97.29038139177122, 15.940674829560985 ], [ -97.289994469002181, 15.940454871938092 ], [ -97.288971350429989, 15.939671828973832 ], [ -97.288679252643391, 15.93942212198132 ], [ -97.288339244043328, 15.939039867901132 ], [ -97.288145615096354, 15.938743497810211 ], [ -97.287582024347216, 15.937742691106683 ], [ -97.287414362866315, 15.937482110027059 ], [ -97.287195530480432, 15.937266872199034 ], [ -97.287050573982413, 15.937219970669686 ], [ -97.286592942499439, 15.937216334214636 ], [ -97.286405095750041, 15.937270757745218 ], [ -97.285986108378452, 15.937528370703546 ], [ -97.285575400753629, 15.937841965053549 ], [ -97.285186478248391, 15.938064796941665 ], [ -97.284668012216159, 15.938487670603369 ], [ -97.284077742493707, 15.939047785492876 ], [ -97.28365044714478, 15.939457826436831 ], [ -97.283154068911003, 15.94016553693878 ], [ -97.282872252418585, 15.940766511394875 ], [ -97.282400061030515, 15.94128754619158 ], [ -97.280029859966035, 15.941115495479439 ], [ -97.275569780457189, 15.940858454499336 ], [ -97.274104898930844, 15.940748453418792 ], [ -97.271728857190737, 15.940492195855676 ], [ -97.269799396814989, 15.940236108755011 ], [ -97.267228930725281, 15.939781688725491 ], [ -97.264588523933, 15.939519840125595 ], [ -97.262212519696661, 15.939263480213123 ], [ -97.261458626906943, 15.939159125121904 ], [ -97.260316461416437, 15.938928506635465 ], [ -97.259998515208281, 15.938837830788806 ], [ -97.259656930187091, 15.938645298554119 ], [ -97.259486897772973, 15.938460928636152 ], [ -97.259034999511272, 15.937793067793216 ], [ -97.258844130334623, 15.937588196189944 ], [ -97.258582924519402, 15.937416644681226 ], [ -97.258324519595945, 15.937326447568193 ], [ -97.2574111816363, 15.937097663360051 ], [ -97.257121433340245, 15.936986878544733 ], [ -97.256682611886177, 15.93669866870488 ], [ -97.256345472952574, 15.936397725112773 ], [ -97.25593731494719, 15.936209167674932 ], [ -97.255498497015125, 15.935920955741281 ], [ -97.255307633332606, 15.935716081506095 ], [ -97.254855755021907, 15.935048213728656 ], [ -97.254601121041404, 15.934927543607673 ], [ -97.252858225525728, 15.934371215830845 ], [ -97.251054365806624, 15.933980432777062 ], [ -97.244201700098046, 15.932596328080111 ], [ -97.242418804579671, 15.932215812753951 ], [ -97.240951224621242, 15.931824300196189 ], [ -97.24063757084518, 15.931645523497904 ], [ -97.240641429048324, 15.931202750512835 ], [ -97.240579306758761, 15.931097190622163 ], [ -97.24028554472477, 15.9310473505613 ], [ -97.239928006864133, 15.931081709860905 ], [ -97.238553257588052, 15.931291888053217 ], [ -97.238185213037241, 15.931326158576802 ], [ -97.237842422394806, 15.931275914675004 ], [ -97.23772076618701, 15.931169867645593 ], [ -97.237495828274405, 15.930725225638369 ], [ -97.237101276999724, 15.93058644874759 ], [ -97.235484977831106, 15.930383458195408 ], [ -97.233570533761693, 15.930232234943484 ], [ -97.226252796208087, 15.929729375543289 ], [ -97.224317451278282, 15.929567733010225 ], [ -97.222603544236335, 15.929316401172917 ], [ -97.222090447256946, 15.929119011773711 ], [ -97.221409900996477, 15.928449200045488 ], [ -97.221106838236082, 15.928263706720339 ], [ -97.220373089893812, 15.928067882550145 ], [ -97.219627941065227, 15.927973625247546 ], [ -97.216884333507139, 15.927729562643499 ], [ -97.216055231060665, 15.927624432919965 ], [ -97.214929689588487, 15.927377907538835 ], [ -97.214150876474946, 15.927130858552173 ], [ -97.211641970058125, 15.926224475690413 ], [ -97.210779390061106, 15.925946221966559 ], [ -97.209262912046498, 15.925554097703186 ], [ -97.207959096365869, 15.925272170249617 ], [ -97.203391128505785, 15.924348582981091 ], [ -97.202129355251103, 15.924066971820148 ], [ -97.200809019968943, 15.923676425267685 ], [ -97.200184597904666, 15.923400117363341 ], [ -97.198590969098021, 15.92250122532012 ], [ -97.198134280581385, 15.922266977320275 ], [ -97.197596687880278, 15.922072717585438 ], [ -97.19728538601268, 15.92202945204127 ], [ -97.196370236261799, 15.92202180430059 ], [ -97.195964566629939, 15.921957415594864 ], [ -97.194986593121016, 15.921664582543011 ], [ -97.193995160774463, 15.921310635365357 ], [ -97.190346481353714, 15.919951682946595 ], [ -97.189345017658894, 15.919546800791933 ], [ -97.188320169992124, 15.91901633501223 ], [ -97.187857563226601, 15.918663411811151 ], [ -97.186723583416693, 15.917546902388917 ], [ -97.186271123207391, 15.917234726306042 ], [ -97.185293616702083, 15.916894414416044 ], [ -97.184349639571792, 15.916720427976554 ], [ -97.18092193052837, 15.916248773565869 ], [ -97.179977779163167, 15.916095099456278 ], [ -97.178999436903126, 15.915849637544937 ], [ -97.178545955691035, 15.915652654433442 ], [ -97.177408055434213, 15.91497886118357 ], [ -97.177017516644668, 15.914792572760945 ], [ -97.176332898626228, 15.914597021988822 ], [ -97.175745411619928, 15.914503951392676 ], [ -97.173688426932486, 15.914265162350731 ], [ -97.173048785416213, 15.914130978867082 ], [ -97.172120774479097, 15.913743587715436 ], [ -97.171434687736394, 15.913324355191673 ], [ -97.169160980402381, 15.911755317671815 ], [ -97.16826536328152, 15.911273302696399 ], [ -97.166359510591732, 15.910592940000853 ], [ -97.164532486029302, 15.910102998688403 ], [ -97.157912292197835, 15.908496861293594 ], [ -97.156148156633648, 15.908027721220433 ], [ -97.154535647283325, 15.907444648243974 ], [ -97.153996191538042, 15.907080837479647 ], [ -97.15309124028316, 15.905966131896511 ], [ -97.152761508465986, 15.905644776166419 ], [ -97.152127706884926, 15.905259822421474 ], [ -97.151552008211027, 15.905031243379856 ], [ -97.149499224028219, 15.904349484926099 ], [ -97.148850187328335, 15.904099938820071 ], [ -97.147874127041931, 15.903617157373647 ], [ -97.147128793298222, 15.903177015308986 ], [ -97.145503715867122, 15.902444671748563 ], [ -97.145051204887267, 15.902149361071118 ], [ -97.143915538237792, 15.901254034958692 ], [ -97.143473443276775, 15.900968976913061 ], [ -97.142545996495571, 15.900534032994791 ], [ -97.141663169166335, 15.900197740437424 ], [ -97.138470777016821, 15.899063294849375 ], [ -97.137499148476365, 15.898675391548059 ], [ -97.136157255396256, 15.897999643630516 ], [ -97.135211895132741, 15.897422193100828 ], [ -97.132142139960692, 15.895403153654893 ], [ -97.131232159658012, 15.894978482700299 ], [ -97.13092500668283, 15.894749214521967 ], [ -97.130722629082669, 15.894416079048399 ], [ -97.130609128884672, 15.89422517964252 ], [ -97.13090548963811, 15.893952286890066 ], [ -97.131598883644259, 15.893183412569993 ], [ -97.13177428944482, 15.892957889650619 ], [ -97.132448795608298, 15.892218040215313 ], [ -97.133701778724046, 15.89303045573816 ], [ -97.135405244004858, 15.893996549308175 ], [ -97.136736607193157, 15.894740371068862 ], [ -97.138804218390348, 15.896059230456801 ], [ -97.142901291032118, 15.898218231181449 ], [ -97.147334063845449, 15.900117844702775 ], [ -97.151148842366453, 15.901533018789149 ], [ -97.152896010461149, 15.902225347582933 ], [ -97.156382718584993, 15.903719671730405 ], [ -97.159175136132419, 15.90487260056651 ], [ -97.163241690138719, 15.906714997278524 ], [ -97.166964913939836, 15.908101561948358 ], [ -97.168712082794471, 15.908686131551827 ], [ -97.170115920826376, 15.90903229575299 ], [ -97.172671822555742, 15.91018331661464 ], [ -97.177554738576063, 15.911923675227117 ], [ -97.18046159992987, 15.91307755625389 ], [ -97.182216397445401, 15.913318821429643 ], [ -97.185817548628407, 15.91493044143272 ], [ -97.193843841962121, 15.917934348229773 ], [ -97.197338178605918, 15.918975701393537 ], [ -97.199314234017777, 15.919443927947597 ], [ -97.200946959065945, 15.920026590325863 ], [ -97.202106651272317, 15.920370847459898 ], [ -97.204433666292005, 15.921519962135857 ], [ -97.210804345660677, 15.923407175880966 ], [ -97.215687260477111, 15.924224426285488 ], [ -97.221180540079914, 15.925219049786646 ], [ -97.222843783155142, 15.925648178052818 ], [ -97.22507161348662, 15.926109729877652 ], [ -97.225956641308755, 15.926198415268406 ], [ -97.227612255099601, 15.926492129856493 ], [ -97.230809038403734, 15.926717181135478 ], [ -97.233960043725403, 15.927140586393826 ], [ -97.239995022307227, 15.928816096875414 ], [ -97.241025011736085, 15.928580550385055 ], [ -97.243847947311096, 15.928892382128003 ], [ -97.246075778053708, 15.92966958297264 ], [ -97.246777696483463, 15.929739196767489 ], [ -97.250706917883406, 15.931135297972949 ], [ -97.25307208069944, 15.931949689953035 ], [ -97.255429613532655, 15.932782200529269 ], [ -97.257794776348803, 15.933596592508744 ], [ -97.260625341811703, 15.934505393374577 ], [ -97.261205187470196, 15.934681813277773 ], [ -97.263486425418506, 15.935350300733278 ], [ -97.265210705020024, 15.935834739709685 ], [ -97.26808704674616, 15.936607171800715 ], [ -97.272123082393207, 15.937660921679953 ], [ -97.273587957135319, 15.938203531458745 ], [ -97.274495874305018, 15.93846673096945 ], [ -97.275731861947762, 15.938710857359329 ], [ -97.276944961212934, 15.938835780415879 ], [ -97.277623991375691, 15.938871063524696 ], [ -97.278249615038376, 15.9388672480325 ], [ -97.280332482620068, 15.938784280185095 ], [ -97.28104203081628, 15.938671752167325 ], [ -97.281690542368054, 15.938415226060563 ], [ -97.282178833387405, 15.937940321175853 ], [ -97.282636606107658, 15.937411058768893 ], [ -97.283285117349976, 15.93691898833168 ], [ -97.284040442652, 15.936627178150925 ], [ -97.284658436211146, 15.93654993418888 ], [ -97.285284059849474, 15.93652800010922 ], [ -97.285902053563859, 15.936569004478258 ], [ -97.286527677344964, 15.936655783719928 ], [ -97.287359298821983, 15.936825527995724 ], [ -97.288389288010976, 15.937095402670886 ], [ -97.2902585297131, 15.937634197225902 ], [ -97.29150214743251, 15.937932680264867 ], [ -97.293778347874394, 15.938375488432417 ], [ -97.295606455637639, 15.941256954293165 ], [ -97.295331287083499, 15.941291688702011 ], [ -97.295011928036033, 15.941336213995214 ], [ -97.294455554390908, 15.941348776070646 ], [ -97.293556596950467, 15.941269156833918 ], [ -97.291894868611251, 15.941046049891238 ], [ -97.291163909157476, 15.94091825639801 ], [ -97.29038139177122, 15.940674829560985 ] ] ] ] } },
{ "type": "Feature", "properties": { "fid": 40.0, "cat": 41, "CLAVE_ACUI": "2022", "NOM_ACUIF": "BAJOS DE CHILA", "VULNERABIL": 2 }, "geometry": { "type": "MultiPolygon", "coordinates": [ [ [ [ -97.157318690892581, 15.935542341391201 ], [ -97.156945553782521, 15.935522365201932 ], [ -97.15591899852447, 15.935181497473431 ], [ -97.155726488296622, 15.935088139323858 ], [ -97.155551201788143, 15.934930455492244 ], [ -97.155469351254709, 15.934831895389195 ], [ -97.155409616537199, 15.934656025122232 ], [ -97.155389851305628, 15.934448312662013 ], [ -97.155391099153334, 15.934311755192445 ], [ -97.155412625386333, 15.934086605607833 ], [ -97.155435415722579, 15.933951864692382 ], [ -97.155444493511595, 15.933898195032173 ], [ -97.155479530306991, 15.93386052252597 ], [ -97.155524349608243, 15.933848446383623 ], [ -97.155600239484727, 15.933861867983598 ], [ -97.155743399895499, 15.933829044269885 ], [ -97.155853797673743, 15.933628927144188 ], [ -97.155864613120556, 15.933595132900237 ], [ -97.155865624273972, 15.933484444857248 ], [ -97.155867405634098, 15.933441343630047 ], [ -97.157950252273309, 15.933781264241121 ], [ -97.158754325620464, 15.933910158156317 ], [ -97.15791681286089, 15.935161637458446 ], [ -97.157643380655202, 15.935426668977014 ], [ -97.157318690892581, 15.935542341391201 ] ] ] ] } },
{ "type": "Feature", "properties": { "fid": 45.0, "cat": 37, "CLAVE_ACUI": "2022", "NOM_ACUIF": "BAJOS DE CHILA", "VULNERABIL": 4 }, "geometry": { "type": "MultiPolygon", "coordinates": [ [ [ [ -97.108469323910114, 15.907846330019574 ], [ -97.108980263141049, 15.908254048934701 ], [ -97.109358252267555, 15.908462369407498 ], [ -97.110611265664957, 15.909026809332397 ], [ -97.110947430612356, 15.909214429692765 ], [ -97.111378092327087, 15.909782400215343 ], [ -97.111598584313626, 15.910669884938294 ], [ -97.111681981272952, 15.910926454241846 ], [ -97.111850674468315, 15.911236292935623 ], [ -97.112008267878039, 15.91142235027656 ], [ -97.112575012203038, 15.911980778510287 ], [ -97.112764405132822, 15.912136615940438 ], [ -97.11308149292627, 15.912305429512484 ], [ -97.113345082522997, 15.912390754190563 ], [ -97.114258080680941, 15.912620120486642 ], [ -97.114526781405218, 15.912720737207906 ], [ -97.114867718959346, 15.912960917546668 ], [ -97.115086072067157, 15.913203415711623 ], [ -97.115764118680147, 15.914094892809183 ], [ -97.116003483370022, 15.914337573659621 ], [ -97.116442469147458, 15.914578607664556 ], [ -97.116830226905421, 15.914680260726819 ], [ -97.118200779166003, 15.914913603073474 ], [ -97.118619769088468, 15.915046022908728 ], [ -97.119204502032019, 15.915430644051357 ], [ -97.119620845803752, 15.915847683095457 ], [ -97.120979061555659, 15.917409241033981 ], [ -97.12136408735303, 15.917805673002778 ], [ -97.121802646943138, 15.918094134404592 ], [ -97.122044133628023, 15.918109790383948 ], [ -97.122732510352151, 15.917894389250872 ], [ -97.122927055443142, 15.917874055343136 ], [ -97.123146556734397, 15.917994566219718 ], [ -97.123265585114353, 15.918187058637479 ], [ -97.123601550825697, 15.918964845648709 ], [ -97.123725502253663, 15.919192961269461 ], [ -97.12396797554922, 15.919479713877873 ], [ -97.124190414670039, 15.919661244718451 ], [ -97.124985992973308, 15.920221634646973 ], [ -97.12527714104796, 15.920358015067753 ], [ -97.125840251340463, 15.920434067748268 ], [ -97.126353546175935, 15.920406333262147 ], [ -97.128185810228246, 15.920200844148138 ], [ -97.128735542944412, 15.920209000616056 ], [ -97.12946870065754, 15.920452561542369 ], [ -97.129966337408689, 15.920792349609778 ], [ -97.131555496328318, 15.922134461899571 ], [ -97.132042353803158, 15.922504650275293 ], [ -97.132641806503329, 15.922843023849332 ], [ -97.132976746512483, 15.922953260936055 ], [ -97.134118603544991, 15.923184530104219 ], [ -97.134446954037969, 15.923275474192215 ], [ -97.134837397806862, 15.923468613889817 ], [ -97.13523713869165, 15.923666351498387 ], [ -97.135627584093029, 15.923859489919838 ], [ -97.135759400127597, 15.923996174732965 ], [ -97.135984096280623, 15.924440899067077 ], [ -97.136426445357159, 15.924702257597911 ], [ -97.136814329913435, 15.924793712674022 ], [ -97.138184987113476, 15.925026937637949 ], [ -97.138614613853349, 15.925149247686916 ], [ -97.139248880310674, 15.925486807038336 ], [ -97.139725349475711, 15.925846724565012 ], [ -97.141314617434915, 15.927188775496425 ], [ -97.141833303569882, 15.927528720921499 ], [ -97.14266455930516, 15.927773085998716 ], [ -97.143333380064732, 15.927782232694234 ], [ -97.145623285334068, 15.927580538949265 ], [ -97.146260683327426, 15.927579240380661 ], [ -97.147034337008009, 15.927804456447666 ], [ -97.147285936397935, 15.92805568431513 ], [ -97.148190938049396, 15.929170419187129 ], [ -97.148468633774996, 15.929440507658743 ], [ -97.148998880305371, 15.929667581275259 ], [ -97.149140280958974, 15.929524211762182 ], [ -97.150059496705993, 15.929089312457513 ], [ -97.15032447832472, 15.929027200411248 ], [ -97.150641845967698, 15.92917224588923 ], [ -97.150830247214003, 15.929441565952882 ], [ -97.15101093421049, 15.929799113791477 ], [ -97.150734086492761, 15.929837652593289 ], [ -97.150396338127521, 15.92984843871527 ], [ -97.14894296621587, 15.930036465766172 ], [ -97.148141184946326, 15.930140279094976 ], [ -97.147858552122443, 15.930217485635076 ], [ -97.14734137977814, 15.930473970516401 ], [ -97.146885194059877, 15.930763170339812 ], [ -97.145273490273652, 15.931856276970649 ], [ -97.144707688806989, 15.932068283974621 ], [ -97.143678996906232, 15.931964548954753 ], [ -97.1427752424499, 15.931604347498624 ], [ -97.139586445247502, 15.930027119742432 ], [ -97.13875066678645, 15.929703070043537 ], [ -97.138039131716042, 15.929768089972333 ], [ -97.137858428257076, 15.930185027594062 ], [ -97.137726677940108, 15.932065717626742 ], [ -97.137676495969629, 15.932570192334346 ], [ -97.137574066089002, 15.933043717927166 ], [ -97.137477919843377, 15.933215708350268 ], [ -97.137131666925299, 15.933544804387893 ], [ -97.1369890413375, 15.933629982565614 ], [ -97.136669708763407, 15.933698384805743 ], [ -97.136356145067268, 15.93371092381423 ], [ -97.135212180981028, 15.933701033568704 ], [ -97.134878075448398, 15.933662563166092 ], [ -97.134462880363699, 15.933492928103965 ], [ -97.134203850358503, 15.933289062912136 ], [ -97.133410242009475, 15.932507326112589 ], [ -97.133183201450692, 15.932252907239359 ], [ -97.132917284080776, 15.93184735723348 ], [ -97.132764442581987, 15.931522419056313 ], [ -97.132212985957906, 15.930309029965079 ], [ -97.131770170993988, 15.92971896052704 ], [ -97.131284740632552, 15.929192905245616 ], [ -97.131034081886128, 15.929031467489443 ], [ -97.130349770982448, 15.92880414586792 ], [ -97.130109242542019, 15.928683458563945 ], [ -97.129671087229937, 15.928347573536556 ], [ -97.129285680417524, 15.927988424819626 ], [ -97.127925280643922, 15.926648278819542 ], [ -97.127518775237149, 15.926299110300095 ], [ -97.126982139830162, 15.926009806627086 ], [ -97.126622022266687, 15.925945684226839 ], [ -97.12547810853647, 15.92593574706949 ], [ -97.125090549032592, 15.925998457175075 ], [ -97.124425850155248, 15.926301043790742 ], [ -97.123863838300565, 15.926670599450119 ], [ -97.121905800077272, 15.928092594586111 ], [ -97.121373687673668, 15.928635222654897 ], [ -97.120848547046705, 15.929745503326403 ], [ -97.120630458578816, 15.930788991427834 ], [ -97.12013784091701, 15.934548320482818 ], [ -97.119972553829299, 15.935561769471615 ], [ -97.119693845773227, 15.936531871220483 ], [ -97.11946097961804, 15.936904281906065 ], [ -97.11865297715012, 15.937672094860998 ], [ -97.118449357737148, 15.937724535554675 ], [ -97.118307140365388, 15.937201448086475 ], [ -97.118307591864138, 15.93640173970665 ], [ -97.118451909526982, 15.933192853853001 ], [ -97.118437689667928, 15.932276109988466 ], [ -97.118227019980267, 15.931206858673649 ], [ -97.117940284771848, 15.930596100518203 ], [ -97.116812867242899, 15.928815144699396 ], [ -97.116519796104484, 15.928321237050621 ], [ -97.116279537605735, 15.927797292860367 ], [ -97.116229381254541, 15.927542709031068 ], [ -97.116235575922573, 15.926878595420616 ], [ -97.116205956264352, 15.926675020100596 ], [ -97.116061536928996, 15.926389115540863 ], [ -97.115884843518586, 15.926184255683262 ], [ -97.115204696115001, 15.925514146579436 ], [ -97.115028573507729, 15.925248296186327 ], [ -97.114886813054568, 15.92467777113184 ], [ -97.114860420330643, 15.924128585805848 ], [ -97.114879012760085, 15.922136245791272 ], [ -97.114853188694752, 15.921526070371636 ], [ -97.114714086027107, 15.920670925314303 ], [ -97.114541192765714, 15.920059464904172 ], [ -97.113873466529867, 15.918061127462682 ], [ -97.113589565008979, 15.917524940172751 ], [ -97.112932412740093, 15.91702106984793 ], [ -97.112277525317907, 15.916837441005427 ], [ -97.109878541160455, 15.916484362089788 ], [ -97.10916999439435, 15.916422244000911 ], [ -97.108262419977024, 15.916485451801195 ], [ -97.107674430655791, 15.916637867240308 ], [ -97.1058380487828, 15.917285923554759 ], [ -97.105297184469066, 15.917453994350602 ], [ -97.104609538664619, 15.917590277314718 ], [ -97.104168052464303, 15.917616896926683 ], [ -97.102795430464155, 15.917604834918583 ], [ -97.102433350508107, 15.917566071462387 ], [ -97.102116265676756, 15.917397242385084 ], [ -97.10202536726355, 15.917194821930305 ], [ -97.101918259448553, 15.916419022458307 ], [ -97.101859162013298, 15.916186384331905 ], [ -97.101690481793852, 15.915876539172944 ], [ -97.10150860771121, 15.915666541264489 ], [ -97.100828544656025, 15.914996395207359 ], [ -97.100662285852536, 15.914801782775216 ], [ -97.100566471877528, 15.914563738496012 ], [ -97.100595853261481, 15.914418287745374 ], [ -97.100828779574016, 15.913977561638722 ], [ -97.100826742502647, 15.913821668633972 ], [ -97.100534939550556, 15.913571734205652 ], [ -97.099737382548611, 15.913232633309169 ], [ -97.099483206383127, 15.913077909304974 ], [ -97.099094607045203, 15.91269496613257 ], [ -97.098875756253847, 15.912383548094351 ], [ -97.09850014542674, 15.91210915318695 ], [ -97.098111549808181, 15.91172620861731 ], [ -97.097932023532508, 15.911453540233145 ], [ -97.097482831162878, 15.910564032330596 ], [ -97.097482789171096, 15.910196370583968 ], [ -97.097931780986016, 15.90937012317047 ], [ -97.098573235401645, 15.908557429331381 ], [ -97.101117653618374, 15.90559108272061 ], [ -97.102265528789857, 15.90485398758157 ], [ -97.101703720454353, 15.903774866346941 ], [ -97.103040179334997, 15.903836872481525 ], [ -97.102968627002497, 15.903998896604692 ], [ -97.103079890242398, 15.904331956159732 ], [ -97.103182179294677, 15.904439595280996 ], [ -97.103548265183463, 15.904608851303635 ], [ -97.105507656812748, 15.905084073171393 ], [ -97.10600441325947, 15.905322243535592 ], [ -97.10661315784256, 15.905754544950788 ], [ -97.10698603661767, 15.90613394847577 ], [ -97.108117400239095, 15.907472195015412 ], [ -97.108469323910114, 15.907846330019574 ] ] ] ] } },
{ "type": "Feature", "properties": { "fid": 46.0, "cat": 46, "CLAVE_ACUI": "2022", "NOM_ACUIF": "BAJOS DE CHILA", "VULNERABIL": 3 }, "geometry": { "type": "MultiPolygon", "coordinates": [ [ [ [ -97.098811999668783, 15.901659237395251 ], [ -97.098190999264702, 15.90123019740016 ], [ -97.097680323899368, 15.900798738845337 ], [ -97.097571785899348, 15.900611410733891 ], [ -97.097575949174498, 15.900168672022664 ], [ -97.097534921620237, 15.900063264518204 ], [ -97.09733929657429, 15.900014101452117 ], [ -97.097100859700447, 15.900049275776889 ], [ -97.096183778350436, 15.900262583297478 ], [ -97.095919129422896, 15.900292442385103 ], [ -97.095601183531969, 15.900218479500158 ], [ -97.095411624302159, 15.900082959312156 ], [ -97.094844962178144, 15.899524494210286 ], [ -97.094697706339531, 15.899358849312501 ], [ -97.094577172797301, 15.899144305576968 ], [ -97.094552237679792, 15.899003459488309 ], [ -97.094556407116613, 15.89856072149146 ], [ -97.09461039343941, 15.898405322817888 ], [ -97.094858159827311, 15.898122866793582 ], [ -97.095158124953713, 15.89787475645482 ], [ -97.096310190361194, 15.89699936002015 ], [ -97.096610199919269, 15.896746164804737 ], [ -97.0968581845366, 15.896439987773775 ], [ -97.096912439246964, 15.896255787636157 ], [ -97.097228676341814, 15.895357504777529 ], [ -97.11150670580794, 15.890689781637684 ], [ -97.111506961812012, 15.890690222166201 ], [ -97.111885696888947, 15.891491659411191 ], [ -97.112444981988517, 15.892284509038817 ], [ -97.114501686348419, 15.894652459067949 ], [ -97.115781016680998, 15.895805548970852 ], [ -97.116167634885457, 15.895971710206739 ], [ -97.116527595109233, 15.896037965727245 ], [ -97.116536222815128, 15.896473450785729 ], [ -97.115899442280764, 15.896938380277962 ], [ -97.115499351830024, 15.897287307445946 ], [ -97.11354054007252, 15.898819940390963 ], [ -97.112894009863695, 15.899248036590135 ], [ -97.111835695575948, 15.899713195290705 ], [ -97.110970349050319, 15.899949610293399 ], [ -97.107990373547182, 15.900587698853878 ], [ -97.107135524358725, 15.900824189571315 ], [ -97.106238465164182, 15.901330265235588 ], [ -97.104049759022701, 15.902971479028135 ], [ -97.103485352142769, 15.903413818788334 ], [ -97.103040179334997, 15.903836872481525 ], [ -97.101703720454353, 15.903774866346941 ], [ -97.101199348372575, 15.90322995237638 ], [ -97.098811999668783, 15.901659237395251 ] ] ] ] } },
{ "type": "Feature", "properties": { "fid": 48.0, "cat": 48, "CLAVE_ACUI": "2022", "NOM_ACUIF": "BAJOS DE CHILA", "VULNERABIL": 4 }, "geometry": { "type": "MultiPolygon", "coordinates": [ [ [ [ -97.080128980540437, 15.903850170834049 ], [ -97.078070217082782, 15.903831860718526 ], [ -97.077461474762885, 15.90377561467978 ], [ -97.076679440427597, 15.903531453581936 ], [ -97.076170991710327, 15.903238898593694 ], [ -97.073737592161422, 15.901552726833371 ], [ -97.077374701092793, 15.898340271823898 ], [ -97.078958257620755, 15.899427862170405 ], [ -97.079294292095014, 15.899623997708424 ], [ -97.079904755799419, 15.899866623334173 ], [ -97.080500333540158, 15.900017624033614 ], [ -97.082669239131647, 15.900479656712927 ], [ -97.08385998630159, 15.900641013032338 ], [ -97.083196197920088, 15.901406022146205 ], [ -97.082039858740998, 15.90272407388823 ], [ -97.081639088871057, 15.903076313598907 ], [ -97.08073839988171, 15.903835255744193 ], [ -97.080128980540437, 15.903850170834049 ] ] ] ] } },
{ "type": "Feature", "properties": { "fid": 49.0, "cat": 49, "CLAVE_ACUI": "2022", "NOM_ACUIF": "BAJOS DE CHILA", "VULNERABIL": 5 }, "geometry": { "type": "MultiPolygon", "coordinates": [ [ [ [ -97.082039858740998, 15.90272407388823 ], [ -97.083196197920088, 15.901406022146205 ], [ -97.08385998630159, 15.900641013032338 ], [ -97.084470235352995, 15.90090734462828 ], [ -97.084672957818341, 15.901131093169184 ], [ -97.085008747257532, 15.901908922197855 ], [ -97.085080221316915, 15.902126424026413 ], [ -97.085077976072213, 15.902363603704607 ], [ -97.085003294329724, 15.902484929965611 ], [ -97.084657024116211, 15.902813939090652 ], [ -97.084493203333153, 15.902919226126343 ], [ -97.084074976882576, 15.903081556381171 ], [ -97.083641331062992, 15.903208169039511 ], [ -97.082035874034588, 15.903636690681157 ], [ -97.081523591508557, 15.903747351993635 ], [ -97.08073839988171, 15.903835255744193 ], [ -97.081639088871057, 15.903076313598907 ], [ -97.082039858740998, 15.90272407388823 ] ] ] ] } },
{ "type": "Feature", "properties": { "fid": 50.0, "cat": 50, "CLAVE_ACUI": "2022", "NOM_ACUIF": "BAJOS DE CHILA", "VULNERABIL": 4 }, "geometry": { "type": "MultiPolygon", "coordinates": [ [ [ [ -97.116985090508976, 15.896041953001161 ], [ -97.117120124726341, 15.896017715041609 ], [ -97.117292788812435, 15.895900617779425 ], [ -97.117404417456214, 15.895757573945584 ], [ -97.11775268594107, 15.895207132932793 ], [ -97.11784373189613, 15.895018163107004 ], [ -97.117904763378462, 15.894667972239032 ], [ -97.117939283418977, 15.894344659415365 ], [ -97.117949575700408, 15.893237798886778 ], [ -97.117973355311136, 15.892939807130455 ], [ -97.11807403484265, 15.892656039484224 ], [ -97.118194083128998, 15.892548648834763 ], [ -97.118653093215968, 15.892388861463875 ], [ -97.118773219781986, 15.892272999563135 ], [ -97.118873236551991, 15.892060386740003 ], [ -97.118895991150097, 15.891872516098145 ], [ -97.118902162467549, 15.891208399277417 ], [ -97.11886217938374, 15.890989484968578 ], [ -97.118669420900332, 15.890632001640988 ], [ -97.118434035232085, 15.890340225321696 ], [ -97.117528332257578, 15.889336084122837 ], [ -97.117053176233313, 15.88887654904768 ], [ -97.120681525635874, 15.887690609128368 ], [ -97.121282132243593, 15.887494033633116 ], [ -97.122156223266373, 15.888308918082085 ], [ -97.123857412345203, 15.88987342434414 ], [ -97.124352402010118, 15.890301299387977 ], [ -97.124961150271432, 15.890733548992609 ], [ -97.125335799820874, 15.890923173679353 ], [ -97.126475417933904, 15.89137583683279 ], [ -97.126803086537791, 15.89153455422789 ], [ -97.127192585825185, 15.891822575221635 ], [ -97.127772473188244, 15.892600209046156 ], [ -97.128322899596924, 15.89321945000874 ], [ -97.128687895787706, 15.893507256583362 ], [ -97.128985809369937, 15.893665713496665 ], [ -97.13001107896622, 15.894117370161116 ], [ -97.129175408145343, 15.895377489232965 ], [ -97.127441358960382, 15.897354988701432 ], [ -97.126937439045207, 15.897889414093591 ], [ -97.12631988104161, 15.898405909369158 ], [ -97.125941576922116, 15.898609334998728 ], [ -97.124793714962806, 15.8990421565845 ], [ -97.124411098684604, 15.899143882855979 ], [ -97.123773420605218, 15.899185786745454 ], [ -97.123245068776043, 15.899143922706395 ], [ -97.121417108680959, 15.898906645343123 ], [ -97.120852655947132, 15.898793300500525 ], [ -97.120048346300948, 15.898491492883409 ], [ -97.119399783444379, 15.898197815461094 ], [ -97.117351328541105, 15.897073025989044 ], [ -97.116733623919288, 15.896850771244699 ], [ -97.116536222815128, 15.896473450785729 ], [ -97.116527595109233, 15.896037965727245 ], [ -97.116985090508976, 15.896041953001161 ] ] ] ] } },
{ "type": "Feature", "properties": { "fid": 51.0, "cat": 52, "CLAVE_ACUI": "2022", "NOM_ACUIF": "BAJOS DE CHILA", "VULNERABIL": 3 }, "geometry": { "type": "MultiPolygon", "coordinates": [ [ [ [ -97.128985809369937, 15.893665713496665 ], [ -97.128687895787706, 15.893507256583362 ], [ -97.128322899596924, 15.89321945000874 ], [ -97.127772473188244, 15.892600209046156 ], [ -97.127192585825185, 15.891822575221635 ], [ -97.126803086537791, 15.89153455422789 ], [ -97.126475417933904, 15.89137583683279 ], [ -97.125335799820874, 15.890923173679353 ], [ -97.124961150271432, 15.890733548992609 ], [ -97.124352402010118, 15.890301299387977 ], [ -97.123857412345203, 15.88987342434414 ], [ -97.122156223266373, 15.888308918082085 ], [ -97.121282132243593, 15.887494033633116 ], [ -97.12397235461232, 15.886614555604885 ], [ -97.12559745112425, 15.887640653049299 ], [ -97.127108103982508, 15.888783092498466 ], [ -97.128504312604079, 15.889590811251361 ], [ -97.129541933240333, 15.890277418819714 ], [ -97.131052586239861, 15.891528571588751 ], [ -97.132448795608298, 15.892218040215313 ], [ -97.13177428944482, 15.892957889650619 ], [ -97.131598883644259, 15.893183412569993 ], [ -97.13090548963811, 15.893952286890066 ], [ -97.130609128884672, 15.89422517964252 ], [ -97.130309698910111, 15.894199587067028 ], [ -97.13001107896622, 15.894117370161116 ], [ -97.128985809369937, 15.893665713496665 ] ] ] ] } },
{ "type": "Feature", "properties": { "fid": 52.0, "cat": 51, "CLAVE_ACUI": "2022", "NOM_ACUIF": "BAJOS DE CHILA", "VULNERABIL": 2 }, "geometry": { "type": "MultiPolygon", "coordinates": [ [ [ [ -97.117120124726341, 15.896017715041609 ], [ -97.116985090508976, 15.896041953001161 ], [ -97.116527595109233, 15.896037965727245 ], [ -97.116167634885457, 15.895971710206739 ], [ -97.115781016680998, 15.895805548970852 ], [ -97.114501686348419, 15.894652459067949 ], [ -97.112444999576653, 15.892284403509981 ], [ -97.112444681605893, 15.892283998499602 ], [ -97.111885696888947, 15.891491659411191 ], [ -97.111506961812012, 15.890690222166201 ], [ -97.11150670580794, 15.890689781637684 ], [ -97.111541303807044, 15.890678469052594 ], [ -97.112141947115177, 15.890482110785328 ], [ -97.11221311853825, 15.890840164792152 ], [ -97.11240952938121, 15.891550821728572 ], [ -97.112495623162289, 15.891817414389473 ], [ -97.112710813934513, 15.892102275092791 ], [ -97.113011165804352, 15.892314290946064 ], [ -97.11346603280677, 15.892413677950552 ], [ -97.114130339949853, 15.892517745490963 ], [ -97.116644459303146, 15.892761058668567 ], [ -97.11731979389458, 15.892809300493566 ], [ -97.117973355311136, 15.892939807130455 ], [ -97.117949575700408, 15.893237798886778 ], [ -97.117941509240978, 15.894105288335618 ], [ -97.117939283399352, 15.894344659599152 ], [ -97.117904763378462, 15.894667972239032 ], [ -97.11784373189613, 15.895018163107004 ], [ -97.11775268594107, 15.895207132932793 ], [ -97.117404417456214, 15.895757573945584 ], [ -97.117292788812435, 15.895900617779425 ], [ -97.117120124726341, 15.896017715041609 ] ] ] ] } },
{ "type": "Feature", "properties": { "fid": 53.0, "cat": 53, "CLAVE_ACUI": "2022", "NOM_ACUIF": "BAJOS DE CHILA", "VULNERABIL": 5 }, "geometry": { "type": "MultiPolygon", "coordinates": [ [ [ [ -97.114130339949853, 15.892517745490963 ], [ -97.11346603280677, 15.892413677950552 ], [ -97.113011165804352, 15.892314290946064 ], [ -97.112710813934513, 15.892102275092791 ], [ -97.112495623162289, 15.891817414389473 ], [ -97.11240952938121, 15.891550821728572 ], [ -97.11221311853825, 15.890840164792152 ], [ -97.112141947115177, 15.890482110785328 ], [ -97.117053176233313, 15.88887654904768 ], [ -97.117528332257578, 15.889336084122837 ], [ -97.118434035232085, 15.890340225321696 ], [ -97.118669420900332, 15.890632001640988 ], [ -97.11886217938374, 15.890989484968578 ], [ -97.118902162467549, 15.891208399277417 ], [ -97.118895991150097, 15.891872516098145 ], [ -97.118873236551991, 15.892060386740003 ], [ -97.118773219781986, 15.892272999563135 ], [ -97.118653093215968, 15.892388861463875 ], [ -97.118194083128998, 15.892548648834763 ], [ -97.11807403484265, 15.892656039484224 ], [ -97.117973355311136, 15.892939807130455 ], [ -97.11731979389458, 15.892809300493566 ], [ -97.116644459303146, 15.892761058668567 ], [ -97.114130339949853, 15.892517745490963 ] ] ] ] } },
{ "type": "Feature", "properties": { "fid": 25.0, "cat": 25, "CLAVE_ACUI": "2022", "NOM_ACUIF": "BAJOS DE CHILA", "VULNERABIL": 5 }, "geometry": null }
]
}
