{
"type": "FeatureCollection",
"name": "2617",
"crs": { "type": "name", "properties": { "name": "urn:ogc:def:crs:OGC:1.3:CRS84" } },
"features": [
{ "type": "Feature", "properties": { "VULNERABIL": 1.0, "fid": 1, "cat": 3, "CLAVE_ACUI": "2617", "NOM_ACUIF": "PUERTO LIBERTAD" }, "geometry": { "type": "MultiPolygon", "coordinates": [ [ [ [ -112.707652709276402, 30.18747381673295 ], [ -112.707337958932115, 30.188041812772283 ], [ -112.706796068477885, 30.188612764971257 ], [ -112.706027033790363, 30.189186670665652 ], [ -112.705486101257776, 30.189813994992001 ], [ -112.705173274539945, 30.190494740626068 ], [ -112.705088557979522, 30.191228909023035 ], [ -112.705231956602205, 30.192016500417378 ], [ -112.705666431281358, 30.192743915385513 ], [ -112.706391987430678, 30.19341115083451 ], [ -112.707408629307693, 30.194018201771161 ], [ -112.708716360013327, 30.194565061301855 ], [ -112.709603226684905, 30.19517378577001 ], [ -112.710069223711571, 30.195844383939178 ], [ -112.71011434370071, 30.196576860577974 ], [ -112.709738577477182, 30.1973712164597 ], [ -112.70922910413897, 30.197941756157004 ], [ -112.708585924552665, 30.198288478121949 ], [ -112.707809041457892, 30.198411380305355 ], [ -112.706898459467268, 30.198310460156833 ], [ -112.705919087426324, 30.19798487008844 ], [ -112.704870932725015, 30.19743460824229 ], [ -112.703754003763365, 30.196659672594429 ], [ -112.702568309950934, 30.195660060954992 ], [ -112.701450933985285, 30.194856915423699 ], [ -112.700401867386816, 30.194250238137865 ], [ -112.699421102545102, 30.19384003107913 ], [ -112.6985086327186, 30.193626296073756 ], [ -112.697526914029055, 30.193159696958041 ], [ -112.696475955089468, 30.192440231797619 ], [ -112.695355765667486, 30.191467898480209 ], [ -112.694166356684619, 30.190242694715792 ], [ -112.693272389983591, 30.189211028983316 ], [ -112.692673851071476, 30.188372907970976 ], [ -112.692370728881016, 30.187728336219372 ], [ -112.692363015770084, 30.187277316121978 ], [ -112.692454092324482, 30.186909605887472 ], [ -112.692643957615118, 30.186625205356744 ], [ -112.692932611211432, 30.18642411412516 ], [ -112.693320053181296, 30.186306331542543 ], [ -112.693474090899599, 30.185825027697209 ], [ -112.693394726386074, 30.184980203269951 ], [ -112.693081966946096, 30.183771857439726 ], [ -112.692535825169557, 30.182199987883948 ], [ -112.692156267415285, 30.180879720959442 ], [ -112.691943283681425, 30.179811058625049 ], [ -112.691896866573757, 30.178994002079303 ], [ -112.692017011305012, 30.178428551760721 ], [ -112.692365714165575, 30.177944737233798 ], [ -112.69294297251291, 30.177542556787451 ], [ -112.6937487847852, 30.177222007469101 ], [ -112.694783150501138, 30.176983085084625 ], [ -112.695755036195649, 30.176885937490454 ], [ -112.696664446278874, 30.176930565914706 ], [ -112.697511384650525, 30.177116971507775 ], [ -112.698295854699978, 30.177445155342422 ], [ -112.698952969870746, 30.177915959031029 ], [ -112.699482731387619, 30.178529384419779 ], [ -112.699885139386865, 30.17928543301721 ], [ -112.700160192916002, 30.180184105994169 ], [ -112.700463823568128, 30.180856848047167 ], [ -112.700685293916877, 30.181154722193138 ], [ -112.700827506682558, 30.181246860980533 ], [ -112.701348577071585, 30.181352881662672 ], [ -112.701833325478574, 30.18123381213929 ], [ -112.702281748788536, 30.180889652924037 ], [ -112.702693844459262, 30.18032040445912 ], [ -112.703069610521453, 30.179526067115379 ], [ -112.703543675712055, 30.178786841793517 ], [ -112.704116038502832, 30.178102727499461 ], [ -112.704786697687396, 30.177473723004141 ], [ -112.705555652381193, 30.176899826843378 ], [ -112.706360443034256, 30.176522824552311 ], [ -112.70720107389154, 30.176342715333757 ], [ -112.708077549684219, 30.176359498327475 ], [ -112.708989875629939, 30.176573172610038 ], [ -112.709805846373442, 30.176844486423978 ], [ -112.710525462664535, 30.177173441536947 ], [ -112.711148724910728, 30.177560039515765 ], [ -112.711675633177137, 30.178004281726398 ], [ -112.712041785303143, 30.178535204946019 ], [ -112.712247179804379, 30.179152810564435 ], [ -112.712291814332872, 30.179857099409592 ], [ -112.712175685676812, 30.180648071747491 ], [ -112.711991251415739, 30.181242571658622 ], [ -112.711738511220375, 30.181640598910864 ], [ -112.71141746562995, 30.181842153116897 ], [ -112.711028116052091, 30.181847233734281 ], [ -112.71067316087651, 30.181964643998779 ], [ -112.710352599051589, 30.182194384226097 ], [ -112.710066429778166, 30.182536454690254 ], [ -112.709814652509564, 30.182990855623601 ], [ -112.709560925467898, 30.183332502046309 ], [ -112.709305249439936, 30.183561393931114 ], [ -112.709047625245574, 30.183677531244605 ], [ -112.708788053737806, 30.183680913947207 ], [ -112.708530428580232, 30.183797050277732 ], [ -112.708338668945672, 30.1839687178194 ], [ -112.708021013936516, 30.184367583974566 ], [ -112.707769222843424, 30.184821981401434 ], [ -112.707615256841791, 30.185303299375271 ], [ -112.707559117271501, 30.185811538184748 ], [ -112.707600805622093, 30.186346697893132 ], [ -112.707740323532846, 30.186908778338065 ], [ -112.707652709276402, 30.18747381673295 ] ] ] ] } },
{ "type": "Feature", "properties": { "VULNERABIL": 1.0, "fid": 2, "cat": 4, "CLAVE_ACUI": "2617", "NOM_ACUIF": "PUERTO LIBERTAD" }, "geometry": { "type": "MultiPolygon", "coordinates": [ [ [ [ -112.721488800220669, 30.14139167094023 ], [ -112.72246617894173, 30.141632601649757 ], [ -112.723251416865523, 30.142017022616333 ], [ -112.723844515431963, 30.142544937219974 ], [ -112.724245474400561, 30.143216348052771 ], [ -112.724190413817439, 30.143780969795909 ], [ -112.723679325941518, 30.144238802199474 ], [ -112.722712205751733, 30.144589840137378 ], [ -112.721289050947945, 30.144834073607171 ], [ -112.720193159433961, 30.145243172121226 ], [ -112.71942453032257, 30.145817143906939 ], [ -112.718983165908995, 30.146555994603194 ], [ -112.718869071671747, 30.147459727260404 ], [ -112.718360383519226, 30.148058483105583 ], [ -112.71745709847265, 30.148352257723587 ], [ -112.716159220803121, 30.148341042813623 ], [ -112.714466762032316, 30.14802482618995 ], [ -112.713260344600897, 30.147674047725452 ], [ -112.712539965318228, 30.147288720976896 ], [ -112.712305619699933, 30.146868854137015 ], [ -112.712557301968928, 30.146414450034833 ], [ -112.71310137534789, 30.145984423908342 ], [ -112.713937836228098, 30.145578772256446 ], [ -112.715066681332559, 30.145197489606215 ], [ -112.71648790771556, 30.14484056851283 ], [ -112.717550401524448, 30.144375547842152 ], [ -112.71825416486044, 30.143802436227507 ], [ -112.718599202039471, 30.143121239262438 ], [ -112.7185855195914, 30.142331959500883 ], [ -112.718867639698161, 30.141764365605383 ], [ -112.719445558875421, 30.141418455847013 ], [ -112.720319277582234, 30.141294226319733 ], [ -112.721488800220669, 30.14139167094023 ] ] ] ] } },
{ "type": "Feature", "properties": { "VULNERABIL": 2.0, "fid": 3, "cat": 2, "CLAVE_ACUI": "2617", "NOM_ACUIF": "PUERTO LIBERTAD" }, "geometry": { "type": "MultiPolygon", "coordinates": [ [ [ [ -112.765110494207761, 30.226382414888285 ], [ -112.764872058379424, 30.226032771051571 ], [ -112.764706380438469, 30.225570223977062 ], [ -112.764698325542568, 30.225119223731777 ], [ -112.764884520890803, 30.224637412787981 ], [ -112.765264963446313, 30.224124790430984 ], [ -112.765839649764615, 30.22358135509598 ], [ -112.766608575993672, 30.223007104368133 ], [ -112.767150286203133, 30.222435913865297 ], [ -112.767464784531469, 30.221867786248275 ], [ -112.76755207501219, 30.221302722996914 ], [ -112.767412161573731, 30.220740724410319 ], [ -112.767372142544076, 30.220318349766579 ], [ -112.767432016382259, 30.220035599240912 ], [ -112.767591782413717, 30.219892472737651 ], [ -112.767851440830242, 30.219888969890285 ], [ -112.768042654710115, 30.219689029999024 ], [ -112.768165423407268, 30.219292653375465 ], [ -112.768219747148635, 30.218699840174409 ], [ -112.768205627034007, 30.217910590393984 ], [ -112.768130124414995, 30.217319528855381 ], [ -112.767993239744897, 30.216926655477728 ], [ -112.767794972796793, 30.216731970106196 ], [ -112.767533966096209, 30.216670502423504 ], [ -112.767290691079552, 30.216529512943861 ], [ -112.76710683987784, 30.216374725111205 ], [ -112.76650953115103, 30.215649725926685 ], [ -112.765743407107323, 30.214560472122066 ], [ -112.764808482282049, 30.213106960002023 ], [ -112.763620485430692, 30.212023372584628 ], [ -112.76217941052893, 30.211309703360346 ], [ -112.760485246012507, 30.210965944519405 ], [ -112.758537974777241, 30.2109920869507 ], [ -112.75668556045845, 30.21087595699446 ], [ -112.754928010961166, 30.210617558363136 ], [ -112.753265333391738, 30.210216894587553 ], [ -112.751697534057669, 30.209673969016727 ], [ -112.750326970613372, 30.20926936266374 ], [ -112.749153635117636, 30.209003082066879 ], [ -112.748177521268957, 30.208875132799147 ], [ -112.747398624405662, 30.208885519468701 ], [ -112.746653675065033, 30.208980032598564 ], [ -112.745942671485182, 30.209158672835557 ], [ -112.74526561208738, 30.209421440790127 ], [ -112.744622495475994, 30.209768337036316 ], [ -112.743554980117935, 30.209979904166033 ], [ -112.74206306708588, 30.21005613175209 ], [ -112.740146760754598, 30.209997005097847 ], [ -112.737806068802385, 30.209802505237882 ], [ -112.735954675750136, 30.20974245631864 ], [ -112.73459257421716, 30.209816879418568 ], [ -112.73371976055823, 30.210025789968807 ], [ -112.733336234865391, 30.210369197753977 ], [ -112.733019098614406, 30.210796310397043 ], [ -112.732768351941601, 30.211307128362328 ], [ -112.732583995326365, 30.211901651996975 ], [ -112.732466029591393, 30.212579881530885 ], [ -112.732644116502726, 30.213479753924432 ], [ -112.733118265598407, 30.214601267519484 ], [ -112.733310819762707, 30.214937055783917 ], [ -112.733888490375193, 30.21594441847293 ], [ -112.734954808289658, 30.217509200755924 ], [ -112.735789997228196, 30.218851478619897 ], [ -112.736394041887266, 30.21997125720641 ], [ -112.736766930099421, 30.220868540290137 ], [ -112.736908652834174, 30.221543330278241 ], [ -112.737025318035663, 30.221847895685269 ], [ -112.737112817437378, 30.22207631964497 ], [ -112.737379423906006, 30.222467508126222 ], [ -112.737708471726322, 30.222716895380845 ], [ -112.738099959873878, 30.222824480990759 ], [ -112.738395064149799, 30.222989733175989 ], [ -112.738593784636237, 30.223212652582532 ], [ -112.738696121071783, 30.223493239655436 ], [ -112.738702072851723, 30.223831494638723 ], [ -112.738661846210945, 30.224000874977047 ], [ -112.73861298569949, 30.224124608377867 ], [ -112.738564143971871, 30.224190385997364 ], [ -112.738496537135262, 30.224257258221645 ], [ -112.738387439627871, 30.224314307216321 ], [ -112.738306675983537, 30.224337620345789 ], [ -112.738260074212064, 30.224344859998901 ], [ -112.738217862069604, 30.224346592613269 ], [ -112.738168913649503, 30.224354627215725 ], [ -112.738164278004234, 30.2243553881293 ], [ -112.738081058878805, 30.224382049206802 ], [ -112.738032877577453, 30.224412181767821 ], [ -112.737951839846545, 30.224500728033085 ], [ -112.737913523315314, 30.22456491022448 ], [ -112.737881203124147, 30.224695569856991 ], [ -112.737845011110082, 30.224942450248069 ], [ -112.737828102927423, 30.225415506066533 ], [ -112.737766966893687, 30.226043070718983 ], [ -112.737731793146139, 30.227735206704384 ], [ -112.737771458328794, 30.229990239272119 ], [ -112.737767260842801, 30.231597380066866 ], [ -112.737719196983477, 30.232556629620227 ], [ -112.737702973807501, 30.232611575250477 ], [ -112.737687230869241, 30.232585248097571 ], [ -112.7374235685473, 30.232363189322594 ], [ -112.737336122049399, 30.232314225510841 ], [ -112.737291737830432, 30.232252159715912 ], [ -112.737028077284876, 30.232030100064144 ], [ -112.736700485560974, 30.231865276318175 ], [ -112.736324020938923, 30.231761826046206 ], [ -112.735912981882223, 30.231396407192168 ], [ -112.735248894711049, 30.230559370064228 ], [ -112.734514452808213, 30.229413121085617 ], [ -112.733709666019308, 30.227957658551986 ], [ -112.733041171666841, 30.226866916325999 ], [ -112.732508957309634, 30.226140897135135 ], [ -112.732113013714908, 30.225779603104804 ], [ -112.731853334857291, 30.225783035758514 ], [ -112.731556256242229, 30.225505016743792 ], [ -112.731221780835156, 30.224945545660351 ], [ -112.730849912363809, 30.224104622016274 ], [ -112.730440655317835, 30.222982245228096 ], [ -112.729936006145905, 30.221973904438077 ], [ -112.729335965783036, 30.221079598548197 ], [ -112.728640534513247, 30.220299326272166 ], [ -112.727849711969711, 30.219633086135492 ], [ -112.727221681205791, 30.218992889873878 ], [ -112.726756438654832, 30.21837873997903 ], [ -112.726453980977524, 30.217790638325301 ], [ -112.726314305061905, 30.217228586169696 ], [ -112.72614463525079, 30.216807901943106 ], [ -112.725944971099651, 30.216528585568433 ], [ -112.725715311936739, 30.21639063694932 ], [ -112.725455656863176, 30.216394055970046 ], [ -112.725023386657156, 30.215807659592329 ], [ -112.724418512587008, 30.214631445534849 ], [ -112.723641052611512, 30.212865410441527 ], [ -112.722691031376655, 30.210509549882296 ], [ -112.721880692641335, 30.208715739149458 ], [ -112.721210013527738, 30.207483982110077 ], [ -112.720678976398915, 30.206814281860026 ], [ -112.720287568855753, 30.206706640724605 ], [ -112.719964011472257, 30.206767276285994 ], [ -112.719708302762669, 30.206996189101794 ], [ -112.719520441973103, 30.207393379584826 ], [ -112.719400429081517, 30.207958848003219 ], [ -112.719210604911979, 30.208243285020856 ], [ -112.718950970340387, 30.208246690329776 ], [ -112.718621527551306, 30.20796906342963 ], [ -112.718222280037864, 30.207410403627705 ], [ -112.717661257352418, 30.206882057262099 ], [ -112.71693846144089, 30.206384022181105 ], [ -112.716053893922208, 30.205916295645075 ], [ -112.715007556088452, 30.205478874326484 ], [ -112.714123493964323, 30.205039322386149 ], [ -112.713401705612384, 30.204597643190191 ], [ -112.712842189043172, 30.204153839502453 ], [ -112.712444942215356, 30.203707913484578 ], [ -112.711889338482038, 30.20348961250345 ], [ -112.711175374873648, 30.20349893467435 ], [ -112.710303046284309, 30.203735877600266 ], [ -112.709272345471504, 30.204200438371682 ], [ -112.708535662659159, 30.204773938415208 ], [ -112.70809300087987, 30.205456382558879 ], [ -112.707944365027444, 30.206247773571384 ], [ -112.708089761857536, 30.207148112161917 ], [ -112.708361570341751, 30.207849439365098 ], [ -112.708759791272172, 30.208351754414739 ], [ -112.709284423956461, 30.208655056220412 ], [ -112.709935466217743, 30.208759343367397 ], [ -112.710620915105054, 30.208975957236724 ], [ -112.711340773191807, 30.209304897178569 ], [ -112.712095043304316, 30.209746162501318 ], [ -112.712883728521959, 30.210299752471499 ], [ -112.713416199967725, 30.211054050336525 ], [ -112.713692455415654, 30.212009059255561 ], [ -112.713712489503052, 30.213164780987928 ], [ -112.713476293729826, 30.214521215893011 ], [ -112.713169804539575, 30.215568427345687 ], [ -112.712793022044622, 30.216306414969331 ], [ -112.712345947820666, 30.216735178181256 ], [ -112.711828584906613, 30.216854716192813 ], [ -112.711373694993313, 30.216832462736363 ], [ -112.710981280035199, 30.216668418387258 ], [ -112.710651341475455, 30.216362583643516 ], [ -112.710383880245942, 30.215914958925747 ], [ -112.709954624909727, 30.215497639495489 ], [ -112.709363577020682, 30.215110623703865 ], [ -112.708610737805671, 30.214753909313821 ], [ -112.707696108164754, 30.214427493499969 ], [ -112.706776130713848, 30.213790998308912 ], [ -112.705850814516992, 30.212844423203961 ], [ -112.704920168886815, 30.211587767602229 ], [ -112.703984203383826, 30.210021030874774 ], [ -112.703021639983248, 30.208792969766012 ], [ -112.702032469106129, 30.207903584214876 ], [ -112.701016680804926, 30.207352874114473 ], [ -112.699974264762773, 30.207140839311929 ], [ -112.69912512505833, 30.206841706214714 ], [ -112.698469262413127, 30.20645547855041 ], [ -112.69800667649487, 30.205982159227204 ], [ -112.69773736591759, 30.20542175033378 ], [ -112.697437540352723, 30.204974515419437 ], [ -112.697107199095825, 30.204640454320494 ], [ -112.696746341251583, 30.204419566854387 ], [ -112.696354965733775, 30.204311852819647 ], [ -112.696092437652609, 30.204146080694997 ], [ -112.695958756876664, 30.203922251257836 ], [ -112.695953922806339, 30.203640364921323 ], [ -112.69607793437396, 30.203300421734497 ], [ -112.69600674387182, 30.202934809269209 ], [ -112.695740353519383, 30.202543527118038 ], [ -112.695278765796772, 30.202126573989318 ], [ -112.694621983444904, 30.201683947707142 ], [ -112.694093085394073, 30.201126885691234 ], [ -112.693692071495903, 30.200455389474705 ], [ -112.693418940714963, 30.199669460244454 ], [ -112.693273691129008, 30.198769098841204 ], [ -112.693322670184045, 30.197838033557463 ], [ -112.693565872380944, 30.196876264374797 ], [ -112.694003291816898, 30.195883790424755 ], [ -112.694634922185443, 30.194860609989053 ], [ -112.694944937407712, 30.194010754483983 ], [ -112.694933347294111, 30.193334225876061 ], [ -112.694600158198512, 30.192831023880618 ], [ -112.693945373018877, 30.192501145962112 ], [ -112.69335404374678, 30.192085860250693 ], [ -112.692826171212943, 30.191585167561716 ], [ -112.692361755925774, 30.190999068627807 ], [ -112.691960798071378, 30.190327564098769 ], [ -112.691718715798729, 30.189456643577554 ], [ -112.69163550668712, 30.188386307973037 ], [ -112.691711166426273, 30.187116557672525 ], [ -112.691945688816901, 30.185647392541789 ], [ -112.692019416617512, 30.184264886688108 ], [ -112.691932356592162, 30.18296904016972 ], [ -112.691684514640542, 30.181759852482248 ], [ -112.691275895798256, 30.180637322558884 ], [ -112.690925918035603, 30.179147499606806 ], [ -112.690634583465567, 30.177290383808408 ], [ -112.690401893098155, 30.175065975258356 ], [ -112.690227846840614, 30.172474273963527 ], [ -112.690152311517551, 30.16804862263696 ], [ -112.690175290597438, 30.161789018242128 ], [ -112.690296781763919, 30.153695456468874 ], [ -112.690516776930338, 30.143767931734772 ], [ -112.69087588430331, 30.136291584066814 ], [ -112.691374070835579, 30.131266420526181 ], [ -112.692011333320764, 30.128692444310119 ], [ -112.692787698385246, 30.128569654752287 ], [ -112.693597933758241, 30.128531009295578 ], [ -112.694442041425759, 30.128576507236254 ], [ -112.695320023555794, 30.128706147834492 ], [ -112.696231882498395, 30.128919930314396 ], [ -112.697113245450865, 30.129246881286697 ], [ -112.697964115217701, 30.129687001244893 ], [ -112.698784494413488, 30.130240290663519 ], [ -112.699574385462924, 30.130906749998214 ], [ -112.700652769458742, 30.131372101043411 ], [ -112.702019643392816, 30.13163633682381 ], [ -112.703675000710035, 30.131699448579514 ], [ -112.705618831308001, 30.131561425766662 ], [ -112.707632366994389, 30.131704418391024 ], [ -112.709715625088748, 30.132128422550263 ], [ -112.711868624213537, 30.132833434148178 ], [ -112.714091384295443, 30.133819448894279 ], [ -112.715823342918412, 30.134558086190989 ], [ -112.717064476863229, 30.135049366484456 ], [ -112.71781477007076, 30.135293304402133 ], [ -112.718074213641557, 30.135289908750806 ], [ -112.71826586577707, 30.135118230075808 ], [ -112.718389725913894, 30.134778268685935 ], [ -112.71844579421807, 30.134270024745582 ], [ -112.718434071584852, 30.133593498274777 ], [ -112.718750554038436, 30.133138234705147 ], [ -112.719395238896212, 30.132904231799593 ], [ -112.720368127819725, 30.132891484665425 ], [ -112.721669226814143, 30.133099985753962 ], [ -112.722902043329498, 30.133112005271038 ], [ -112.724066570106729, 30.132927545429954 ], [ -112.725162800754063, 30.132546608289282 ], [ -112.726190729747273, 30.131969195752735 ], [ -112.726927276183133, 30.13142380402406 ], [ -112.727372445811284, 30.130910437801234 ], [ -112.727526243717435, 30.130429099862592 ], [ -112.727388674323194, 30.129979791067097 ], [ -112.727121392651881, 30.129532188711458 ], [ -112.726724400403981, 30.129086291935025 ], [ -112.726197699246597, 30.128642099493096 ], [ -112.725541290813482, 30.128199609756962 ], [ -112.725015939881303, 30.127439808660274 ], [ -112.724434415114146, 30.126099530687156 ], [ -112.723917145629244, 30.124330039712291 ], [ -112.723490809232274, 30.122192817050511 ], [ -112.722879240510323, 30.120593727954255 ], [ -112.722082436984394, 30.119532770248803 ], [ -112.721100390560252, 30.119009941084844 ], [ -112.719933087528361, 30.119025236937695 ], [ -112.719060539636942, 30.119205833967914 ], [ -112.718482744484376, 30.119551738148477 ], [ -112.718199702556063, 30.120062953339467 ], [ -112.718211417224708, 30.120739481288226 ], [ -112.718155351782784, 30.121247725877598 ], [ -112.718031505335603, 30.121587687087608 ], [ -112.717839877717253, 30.121759364753942 ], [ -112.717580469490713, 30.121762758567989 ], [ -112.717318133911945, 30.121597019837058 ], [ -112.717052872380506, 30.121262148478444 ], [ -112.716784686370531, 30.120758144395598 ], [ -112.716513577430575, 30.120085007478128 ], [ -112.71585629345293, 30.119586087449328 ], [ -112.714812836366548, 30.119261378453281 ], [ -112.713383203903035, 30.11911087137095 ], [ -112.711567389597761, 30.119134553819631 ], [ -112.710072911575935, 30.118984855749527 ], [ -112.708899776824452, 30.118661787877986 ], [ -112.708047988884559, 30.11816535868028 ], [ -112.707517547852589, 30.117495574389157 ], [ -112.706761111484724, 30.116885115731346 ], [ -112.705778682339016, 30.116333978706432 ], [ -112.704570262108419, 30.115842158176783 ], [ -112.703135851621298, 30.115409647867612 ], [ -112.701993269661003, 30.114973339348516 ], [ -112.701142512901285, 30.114533240383622 ], [ -112.700583577848974, 30.114089356792903 ], [ -112.700316460844476, 30.113641692452433 ], [ -112.699921583321768, 30.113308462275238 ], [ -112.699398945083914, 30.113089665128069 ], [ -112.698748545051075, 30.112985299533069 ], [ -112.69797038126066, 30.112995363667761 ], [ -112.697026243877048, 30.11278200628227 ], [ -112.695916140239603, 30.112345223487313 ], [ -112.694640079974889, 30.111685010656377 ], [ -112.693198074996005, 30.110801362426173 ], [ -112.692208570036911, 30.109827281806634 ], [ -112.691671555133283, 30.108762779400543 ], [ -112.691587017621913, 30.107607861222576 ], [ -112.691954942142004, 30.10636252870005 ], [ -112.692159792214852, 30.105062905701431 ], [ -112.692201574058004, 30.103708992725679 ], [ -112.692080294396888, 30.102300789642197 ], [ -112.691795960464816, 30.100838295690945 ], [ -112.691677092986396, 30.099571037008698 ], [ -112.691723684565716, 30.098499014423819 ], [ -112.69193572978682, 30.097622228047388 ], [ -112.692313225213113, 30.096940677273285 ], [ -112.692756993143377, 30.09634285749592 ], [ -112.693267033392047, 30.095828768068191 ], [ -112.693843346114562, 30.095398408226675 ], [ -112.694485931807236, 30.095051777091651 ], [ -112.694800970346279, 30.094512001853737 ], [ -112.694788465515984, 30.093779084689711 ], [ -112.694448424855452, 30.092853025161631 ], [ -112.693780859657906, 30.091733820217211 ], [ -112.693277793638657, 30.090753467991139 ], [ -112.69293921970214, 30.089911970702506 ], [ -112.692765132131626, 30.089209329890515 ], [ -112.692755526588826, 30.088645546414565 ], [ -112.693096727053629, 30.087738898268054 ], [ -112.693599996844043, 30.086830160272594 ], [ -112.694454051366776, 30.085578552705826 ], [ -112.695595964634009, 30.084097662605437 ], [ -112.696479979228229, 30.082704679217304 ], [ -112.696717532608702, 30.082209539169842 ], [ -112.697267693026106, 30.081369324887 ], [ -112.697959592833726, 30.080119790313667 ], [ -112.698300719802901, 30.079213130489002 ], [ -112.69829108672829, 30.078649347773631 ], [ -112.69851171053665, 30.078279956592571 ], [ -112.698942095309121, 30.078112910477081 ], [ -112.699061271643714, 30.078188266065368 ], [ -112.699584203601248, 30.078435261919932 ], [ -112.700105691599305, 30.078597688251694 ], [ -112.700625734278844, 30.078675545135699 ], [ -112.701144330299243, 30.078668832643537 ], [ -112.701563276567498, 30.078522431791537 ], [ -112.701882571837587, 30.078236343575625 ], [ -112.702102215722746, 30.077810568723891 ], [ -112.702222208695346, 30.077245107696477 ], [ -112.702505706751438, 30.07676211439178 ], [ -112.702952708096717, 30.076361587833699 ], [ -112.703563211730241, 30.076043526401126 ], [ -112.704337217444376, 30.075807927827949 ], [ -112.704915785323749, 30.075518469781372 ], [ -112.705298916292293, 30.075175154807123 ], [ -112.705486611869162, 30.074777984552604 ], [ -112.705478874168776, 30.07432695976701 ], [ -112.705568368472029, 30.073874673109348 ], [ -112.705755093438626, 30.073421124432379 ], [ -112.706039047709822, 30.072966313373268 ], [ -112.706420229908446, 30.072510239353679 ], [ -112.706641294227424, 30.072169024934706 ], [ -112.706702243063177, 30.071942670847829 ], [ -112.706603077692193, 30.071831177276472 ], [ -112.706343798270964, 30.071834543856067 ], [ -112.706015829308896, 30.071613238935072 ], [ -112.705619173539759, 30.071167261873072 ], [ -112.705153834701548, 30.070496611863714 ], [ -112.704619817536326, 30.069601287934812 ], [ -112.7038304028883, 30.068934835428802 ], [ -112.702785589968698, 30.068497249820989 ], [ -112.701485374465776, 30.068288525211457 ], [ -112.69992974854506, 30.068308654324518 ], [ -112.698634837044864, 30.068409982062466 ], [ -112.697600637996658, 30.06859251622231 ], [ -112.696827150640004, 30.068856262996611 ], [ -112.696314375422787, 30.069201226973615 ], [ -112.695933157262388, 30.069657273195968 ], [ -112.695683496828082, 30.070224402766133 ], [ -112.695565395670201, 30.070902616351876 ], [ -112.69557885622018, 30.071691914186285 ], [ -112.695524131465334, 30.072284723769751 ], [ -112.695401220326147, 30.072681045102527 ], [ -112.695210122586047, 30.072880878030567 ], [ -112.694950838891444, 30.072884222245587 ], [ -112.694623370751728, 30.072691077285022 ], [ -112.69422772053916, 30.072301442532055 ], [ -112.693763891488871, 30.071715317215737 ], [ -112.693231887698531, 30.070932700410946 ], [ -112.692828571063274, 30.070092032845558 ], [ -112.692553939159808, 30.069193315782169 ], [ -112.69240798909992, 30.068236550121114 ], [ -112.692390717530699, 30.067221736400445 ], [ -112.692539326715533, 30.066430350227066 ], [ -112.692853813393924, 30.065862391229501 ], [ -112.693334176587172, 30.065517858300023 ], [ -112.693980417598198, 30.065396749594534 ], [ -112.694591847194928, 30.065135109340872 ], [ -112.695168463140718, 30.06473293809859 ], [ -112.695710263523338, 30.064190236379559 ], [ -112.696217246755069, 30.063507004648013 ], [ -112.696694220447313, 30.06296513560396 ], [ -112.697141187023988, 30.062564629510007 ], [ -112.697558148682617, 30.062305486609311 ], [ -112.697945107394432, 30.062187707125613 ], [ -112.69823099402366, 30.061845668902041 ], [ -112.698415807831168, 30.061279372599341 ], [ -112.698499549511354, 30.060488818570093 ], [ -112.698482221192208, 30.059474006858729 ], [ -112.698402488787238, 30.058600978434438 ], [ -112.69826035340202, 30.057869733187211 ], [ -112.69805581563466, 30.057280270930057 ], [ -112.697788875576009, 30.056832591398965 ], [ -112.697358950852831, 30.056330624719383 ], [ -112.696766044597325, 30.055774369157046 ], [ -112.696010160449006, 30.055163822349503 ], [ -112.695091302554516, 30.054498981306249 ], [ -112.694304954159179, 30.054001598787021 ], [ -112.693651109295942, 30.053671677437244 ], [ -112.693129763359352, 30.053509219437348 ], [ -112.692740913105254, 30.053514226502831 ], [ -112.692448316340034, 30.053461602387188 ], [ -112.692350144845207, 30.053406475091695 ], [ -112.692151884509158, 30.053183462923734 ], [ -112.692148049209152, 30.052957948231505 ], [ -112.692015556894347, 30.052790480349984 ], [ -112.691754407947798, 30.052681058878203 ], [ -112.691364602288033, 30.052629683053233 ], [ -112.690846139369015, 30.05263635175028 ], [ -112.690200454741657, 30.052785631581688 ], [ -112.689427544992924, 30.053077520792254 ], [ -112.688527405627752, 30.05351201729043 ], [ -112.687500031068836, 30.054089118648207 ], [ -112.686496925765198, 30.05418657668282 ], [ -112.685518104257454, 30.053804391409255 ], [ -112.684563580735329, 30.052942562756396 ], [ -112.683633369036059, 30.051601090567015 ], [ -112.68299433592091, 30.050227688519229 ], [ -112.682646470226075, 30.048822361280859 ], [ -112.68258976013189, 30.047385111605241 ], [ -112.682824193163199, 30.045915940331742 ], [ -112.682900902995115, 30.044702547605105 ], [ -112.682819895529065, 30.043744933592667 ], [ -112.682581174304488, 30.043043097958858 ], [ -112.682184740499352, 30.042597039865406 ], [ -112.681816424493519, 30.041896860231947 ], [ -112.681476228799269, 30.040942559131601 ], [ -112.681164155595468, 30.039734136607827 ], [ -112.680880206727593, 30.038271592674359 ], [ -112.68056767488396, 30.037034978092997 ], [ -112.680226558563874, 30.036024292822713 ], [ -112.679856855954654, 30.035239536796531 ], [ -112.679458564931622, 30.034680709921396 ], [ -112.679186543273303, 30.033922899929546 ], [ -112.679040789997003, 30.03296610758693 ], [ -112.679021302647584, 30.031810333336484 ], [ -112.679128077297932, 30.030455577298124 ], [ -112.678777497953362, 30.028881093233512 ], [ -112.677969588975657, 30.027086876412302 ], [ -112.676704380609962, 30.025072917080344 ], [ -112.674981908982744, 30.022839200462194 ], [ -112.673781605647548, 30.020824382514341 ], [ -112.673103431044211, 30.019028479243932 ], [ -112.672947352264288, 30.017451500151861 ], [ -112.673313343048747, 30.016093448235793 ], [ -112.673388271013394, 30.014767293140679 ], [ -112.673172147815578, 30.013473034934904 ], [ -112.672664984455963, 30.012210671775737 ], [ -112.671866791278731, 30.010980199909781 ], [ -112.67125350693847, 30.009183457596666 ], [ -112.670825133563596, 30.006820446961299 ], [ -112.670581667424756, 30.00389116944968 ], [ -112.670523098937352, 30.000395625828848 ], [ -112.670565477065992, 29.997124366271798 ], [ -112.670708791040013, 29.994077391370535 ], [ -112.670813466732952, 29.992867667234755 ], [ -112.670953031518721, 29.99125470141076 ], [ -112.671298190590505, 29.988656296371989 ], [ -112.671518055231928, 29.986313244070804 ], [ -112.67161263508649, 29.984225544993713 ], [ -112.671581937951771, 29.982393199314469 ], [ -112.671425969780415, 29.98081620689425 ], [ -112.671402834361032, 29.979434899354207 ], [ -112.671512525632295, 29.978249277098907 ], [ -112.671755039134709, 29.977259340054264 ], [ -112.672130372010159, 29.976465087667503 ], [ -112.672539967950186, 29.975783182895338 ], [ -112.672983827503401, 29.975213625425273 ], [ -112.673461951467658, 29.974756414903698 ], [ -112.673974340890027, 29.97441155093582 ], [ -112.674222968989937, 29.973788079281977 ], [ -112.674207838969139, 29.972886001251091 ], [ -112.673928958485575, 29.971705316363177 ], [ -112.673386339652438, 29.970246022349599 ], [ -112.673168924876492, 29.968867182141764 ], [ -112.673276700065315, 29.967568797936707 ], [ -112.673709652589082, 29.966350869458463 ], [ -112.674467771279964, 29.965213393958631 ], [ -112.674903537295293, 29.964164601906027 ], [ -112.67501696197823, 29.96320449610711 ], [ -112.674808054844618, 29.962333077063182 ], [ -112.674276823583256, 29.961550342970774 ], [ -112.673747963069076, 29.960908556319747 ], [ -112.673221470879938, 29.960407717265944 ], [ -112.672697344644206, 29.960047825955627 ], [ -112.672175582040651, 29.959828882525386 ], [ -112.671783317804781, 29.959608293469326 ], [ -112.671520551156732, 29.959386059976843 ], [ -112.671387281284524, 29.9591621828557 ], [ -112.671383507344004, 29.958936662532114 ], [ -112.671316401087807, 29.958796533855654 ], [ -112.671185962587288, 29.958741796731108 ], [ -112.670992191595317, 29.958772450981126 ], [ -112.670735087546248, 29.958888496346294 ], [ -112.670507999279522, 29.958863180404993 ], [ -112.670310927750137, 29.958696503274876 ], [ -112.670143873687422, 29.958388465054117 ], [ -112.670006837595025, 29.9579390658214 ], [ -112.669708407144384, 29.957519908268438 ], [ -112.669248584022171, 29.95713099123596 ], [ -112.668627369593182, 29.956772312982189 ], [ -112.667844764900423, 29.956443871182799 ], [ -112.667224030091617, 29.956113376026998 ], [ -112.666765163714274, 29.955780829863635 ], [ -112.666468164265837, 29.955446234445379 ], [ -112.666333030193684, 29.955109590928668 ], [ -112.666005542263619, 29.95488816432113 ], [ -112.665485700510658, 29.954781953193262 ], [ -112.66477350361582, 29.954790955317744 ], [ -112.663868948906355, 29.954915167669416 ], [ -112.662962514484434, 29.954926613175793 ], [ -112.662054203416432, 29.954825291681413 ], [ -112.661144018800613, 29.954611203024921 ], [ -112.660231963767131, 29.954284347039 ], [ -112.659321319169464, 29.954042055199281 ], [ -112.658412082654564, 29.953884327632565 ], [ -112.657504251887318, 29.953811164462099 ], [ -112.65659782455063, 29.953822565807542 ], [ -112.655884229469294, 29.953746948780349 ], [ -112.65536346823778, 29.953584316458091 ], [ -112.655232297311571, 29.953484458423915 ], [ -112.65522884093825, 29.953275850230572 ], [ -112.654998032031983, 29.953024984486277 ], [ -112.654822960219931, 29.952919374833417 ], [ -112.654571124140361, 29.95266379660919 ], [ -112.654047570167549, 29.952332016868795 ], [ -112.653329788367259, 29.952002672569105 ], [ -112.652417780448332, 29.9516757604638 ], [ -112.651699076317712, 29.951290026155977 ], [ -112.651600563251904, 29.951206672584085 ], [ -112.651169948135603, 29.950619949912589 ], [ -112.650899797208339, 29.949946626403595 ], [ -112.650600538953526, 29.94947104034722 ], [ -112.650469191896534, 29.949359900971352 ], [ -112.650272171858447, 29.949193191637775 ], [ -112.650140825531309, 29.949082051902234 ], [ -112.64971767547587, 29.948946369923654 ], [ -112.649199740235105, 29.948952854184252 ], [ -112.648711850020263, 29.948817979288751 ], [ -112.648378872904928, 29.948617082148267 ], [ -112.648154569354745, 29.948402008258608 ], [ -112.647625480507273, 29.94773191601378 ], [ -112.647442343066416, 29.947584700397741 ], [ -112.646969240500667, 29.947204392101913 ], [ -112.646185848331953, 29.94681943468542 ], [ -112.645275301921714, 29.946577041590782 ], [ -112.64423759811406, 29.946477210308352 ], [ -112.643165208046881, 29.946236821973148 ], [ -112.642058136505796, 29.945855875543014 ], [ -112.640916388597134, 29.945334369929149 ], [ -112.639739969747851, 29.944672303995986 ], [ -112.638662985925649, 29.944149972136049 ], [ -112.6376854310639, 29.943767377049369 ], [ -112.636807299948487, 29.94352452117046 ], [ -112.636028588217741, 29.943421406668492 ], [ -112.635279940925201, 29.943176932675229 ], [ -112.634561361104716, 29.942791099577164 ], [ -112.633872851563453, 29.942263907741228 ], [ -112.633214414881692, 29.941595357514661 ], [ -112.63271921169661, 29.941009370420506 ], [ -112.632387237927674, 29.940505948474662 ], [ -112.632218490283947, 29.940085093052794 ], [ -112.632212966264063, 29.939746804890387 ], [ -112.632078890334512, 29.939466501668562 ], [ -112.631816263300166, 29.939244182970093 ], [ -112.631425085504745, 29.939079848016753 ], [ -112.630905356830809, 29.93897349566927 ], [ -112.63044806608039, 29.938725386743876 ], [ -112.630053214818815, 29.938335521819983 ], [ -112.629720804105276, 29.937803901399345 ], [ -112.629450834492729, 29.937130525906067 ], [ -112.629085604558512, 29.936571112980751 ], [ -112.628625114519181, 29.936125661845889 ], [ -112.628069363948697, 29.935794171536052 ], [ -112.627418351778374, 29.935576640897921 ], [ -112.626863066842077, 29.935273335982377 ], [ -112.626403509796134, 29.934884257967649 ], [ -112.626039680804368, 29.934409407838558 ], [ -112.625771579538309, 29.933848786386388 ], [ -112.62534210832257, 29.933318350904248 ], [ -112.624751269235816, 29.93281809973967 ], [ -112.623999064036397, 29.932348030657849 ], [ -112.623085494162567, 29.931908140841731 ], [ -112.622365669110039, 29.931437663242548 ], [ -112.621839586981096, 29.930936601107057 ], [ -112.621507245481652, 29.93040495684 ], [ -112.621368641921421, 29.929842732004229 ], [ -112.620936926829742, 29.929171325927005 ], [ -112.620212107493458, 29.928390735422411 ], [ -112.619194193041253, 29.927500955272134 ], [ -112.617883194443507, 29.926501978225975 ], [ -112.616832500231212, 29.925584384373177 ], [ -112.616042100866125, 29.92474818033552 ], [ -112.615511988016067, 29.923993371141403 ], [ -112.615242154554906, 29.923319960226159 ], [ -112.614876601320887, 29.922732310953688 ], [ -112.614415328947928, 29.922230422521686 ], [ -112.613858337578009, 29.921814293934467 ], [ -112.613205626861259, 29.921483924002768 ], [ -112.612548375914116, 29.920871640300692 ], [ -112.611886590628231, 29.919977442475684 ], [ -112.611220277087824, 29.918801330137384 ], [ -112.610549441569148, 29.917343302857592 ], [ -112.609817986934488, 29.916139781272562 ], [ -112.609025909289713, 29.915190764632964 ], [ -112.608173203906787, 29.914496252111604 ], [ -112.60725986522344, 29.914056242803376 ], [ -112.606638228899797, 29.913640869363682 ], [ -112.606308291028668, 29.91325013607576 ], [ -112.606270048040628, 29.912884045269827 ], [ -112.606523496704, 29.912542597323142 ], [ -112.60651806565663, 29.91220430344158 ], [ -112.60625375752123, 29.911869163496554 ], [ -112.605730574797263, 29.911537175835946 ], [ -112.60494851986094, 29.911208337284233 ], [ -112.604356106577299, 29.910595219674381 ], [ -112.603953336888367, 29.909697825429529 ], [ -112.603740209580721, 29.908516156238218 ], [ -112.603716720286002, 29.907050213054454 ], [ -112.603501796443709, 29.905755777806689 ], [ -112.60309544400863, 29.904632849422253 ], [ -112.602497666968688, 29.903681426054497 ], [ -112.601708467345489, 29.902901505082838 ], [ -112.601113419583598, 29.902119221972921 ], [ -112.600712519302206, 29.901334579519375 ], [ -112.600505762051711, 29.900547579659893 ], [ -112.600493143313713, 29.899758223475342 ], [ -112.600418968315253, 29.899166991548309 ], [ -112.60028323753113, 29.898773883802171 ], [ -112.600085950758071, 29.898578900083852 ], [ -112.599827107114606, 29.898582040163824 ], [ -112.599598366962539, 29.89844383075879 ], [ -112.599575447391615, 29.898411573995226 ], [ -112.59939973118226, 29.898164271985767 ], [ -112.599231200427099, 29.897743363941863 ], [ -112.599092775123381, 29.897181106704188 ], [ -112.598793027449901, 29.896649001654374 ], [ -112.598331959631693, 29.896147047614427 ], [ -112.597709573574775, 29.895675242824666 ], [ -112.59755886098857, 29.895590309000529 ], [ -112.596925870866286, 29.895233584943689 ], [ -112.596368654969567, 29.894789181219803 ], [ -112.596317334302682, 29.894719796468053 ], [ -112.596037923054908, 29.894342034633198 ], [ -112.595933672198896, 29.893892146998226 ], [ -112.596055899384538, 29.89343951896349 ], [ -112.595951200325871, 29.89296143986628 ], [ -112.595619578345151, 29.892457909038257 ], [ -112.595061037054847, 29.891928924626576 ], [ -112.594275580357646, 29.891374483594049 ], [ -112.593683353413908, 29.890761309529044 ], [ -112.593284353893694, 29.890089405111507 ], [ -112.593078578750919, 29.889358772195255 ], [ -112.593066024223646, 29.888569411808074 ], [ -112.593150974797567, 29.887807070663939 ], [ -112.593333428275585, 29.887071748662624 ], [ -112.593613382609234, 29.886363445481624 ], [ -112.593990835898538, 29.885682160576046 ], [ -112.594076226602709, 29.884948010309689 ], [ -112.593869561093328, 29.884160995001857 ], [ -112.593370846576718, 29.883321112996438 ], [ -112.592580091093751, 29.882428360662129 ], [ -112.591882816856895, 29.881308900072273 ], [ -112.59127902590474, 29.879962732540037 ], [ -112.590768719070681, 29.878389859203882 ], [ -112.590351895983005, 29.876590281027514 ], [ -112.590066270192139, 29.874901907538042 ], [ -112.589911833882994, 29.873324739948046 ], [ -112.589888580114405, 29.871858779041069 ], [ -112.589996502818792, 29.870504025171815 ], [ -112.589911688204708, 29.869236184103038 ], [ -112.589634143189542, 29.868055255250962 ], [ -112.589163873657157, 29.866961237220718 ], [ -112.588500884458171, 29.865954127806422 ], [ -112.588094434502693, 29.864802942966907 ], [ -112.587944517057466, 29.863507685260405 ], [ -112.588051123135401, 29.862068355820654 ], [ -112.588414241496366, 29.860484954357133 ], [ -112.588488943362151, 29.859074205137802 ], [ -112.588275240966667, 29.857836108298415 ], [ -112.587773143514013, 29.856770662179947 ], [ -112.586982657179519, 29.855877863328892 ], [ -112.586419022178532, 29.855010530243941 ], [ -112.586082232302658, 29.854168666073111 ], [ -112.585972281634184, 29.853352272781308 ], [ -112.586089164546166, 29.85256135115068 ], [ -112.585979661925023, 29.851773149309526 ], [ -112.585643779069642, 29.85098766650006 ], [ -112.585081521185501, 29.850204900800957 ], [ -112.584292893384841, 29.849424849127562 ], [ -112.583731100139033, 29.848670268531002 ], [ -112.583396136011672, 29.847941162119533 ], [ -112.583287995857035, 29.847237531818674 ], [ -112.583406674820026, 29.846559378371456 ], [ -112.583332654700129, 29.845968127115071 ], [ -112.58306593862298, 29.845463777630144 ], [ -112.582606528682646, 29.845046328686692 ], [ -112.581954425941774, 29.844715778244225 ], [ -112.581387346552916, 29.843622884025173 ], [ -112.580905301915891, 29.841767646390352 ], [ -112.580508300378824, 29.839150065424022 ], [ -112.58019634723766, 29.835770140933761 ], [ -112.579702391328325, 29.833153714369686 ], [ -112.579026432641371, 29.831300784454339 ], [ -112.57816846366272, 29.83021134920611 ], [ -112.577128469374557, 29.829885405938889 ], [ -112.576350690918702, 29.829781902560857 ], [ -112.575835122502241, 29.829900843934322 ], [ -112.575581761814746, 29.830242233210399 ], [ -112.575590610028328, 29.830806071829279 ], [ -112.575466582718136, 29.831145917903786 ], [ -112.575209679237787, 29.831261771111642 ], [ -112.574819900772837, 29.831153630642646 ], [ -112.574297250340749, 29.830821495198673 ], [ -112.57377681283667, 29.83063031732058 ], [ -112.573258586017928, 29.830580097126607 ], [ -112.572742567688962, 29.830670834725467 ], [ -112.572228755701218, 29.830902530216303 ], [ -112.571841188266291, 29.830935340675207 ], [ -112.571579867855775, 29.830769267128531 ], [ -112.571444795479493, 29.830404310277792 ], [ -112.571435970685442, 29.829840470499601 ], [ -112.571331910262927, 29.829390552726938 ], [ -112.571132615054253, 29.829054556723385 ], [ -112.570838085261926, 29.828832482064321 ], [ -112.570448320448563, 29.828724328136982 ], [ -112.570088244793041, 29.828446636575986 ], [ -112.569757859952261, 29.827999407546368 ], [ -112.569457167322184, 29.827382641191509 ], [ -112.569186168037888, 29.826596337633077 ], [ -112.568788045458135, 29.825952529627266 ], [ -112.568262800147522, 29.825451216037106 ], [ -112.567610431599448, 29.825092395388914 ], [ -112.566830938236379, 29.82487606587226 ], [ -112.566179017967542, 29.824545429882768 ], [ -112.565654671903161, 29.824100489258505 ], [ -112.565257900282802, 29.823541245493598 ], [ -112.564988702475404, 29.822867699738268 ], [ -112.564557412413137, 29.822167875930806 ], [ -112.563964033774369, 29.821441772340041 ], [ -112.563208570464425, 29.820689386628619 ], [ -112.562291026615512, 29.819910715853045 ], [ -112.561632140501601, 29.81912898082707 ], [ -112.561231906329198, 29.81834418563756 ], [ -112.56109031818562, 29.817556332852988 ], [ -112.56120737003917, 29.816765423523709 ], [ -112.561227870177774, 29.816003852454301 ], [ -112.561151820786364, 29.815271619619487 ], [ -112.560979223871584, 29.814568724787968 ], [ -112.560710081261945, 29.813895167522471 ], [ -112.560115468062335, 29.813084466354209 ], [ -112.559195394538079, 29.812136616466223 ], [ -112.557949873532507, 29.81105161053182 ], [ -112.556378920466685, 29.809829438715358 ], [ -112.555103748880981, 29.808913938006889 ], [ -112.554124339018173, 29.808305117808203 ], [ -112.553440676578518, 29.808002985296756 ], [ -112.55305275271877, 29.808007545426545 ], [ -112.552792394303722, 29.807897815542006 ], [ -112.552659601857357, 29.807673796375042 ], [ -112.552654375033853, 29.80733548831358 ], [ -112.552776712617643, 29.806882891401532 ], [ -112.552703783569228, 29.80634799666182 ], [ -112.552435591233419, 29.805730803633178 ], [ -112.551972139883134, 29.805031310950973 ], [ -112.551313434719262, 29.804249516347465 ], [ -112.550782737294682, 29.80338162349738 ], [ -112.550380045834572, 29.802427633981004 ], [ -112.550105357898971, 29.801387549026845 ], [ -112.549958670382992, 29.800261369511606 ], [ -112.549618910737507, 29.799193848630015 ], [ -112.549086084361363, 29.7981849847204 ], [ -112.548360195941655, 29.797234775297685 ], [ -112.547441249454209, 29.796343217053408 ], [ -112.546749448114781, 29.795505388906715 ], [ -112.546284785238271, 29.794721294688927 ], [ -112.546047254817424, 29.793990937032131 ], [ -112.546036851522757, 29.793314317369617 ], [ -112.545831215440344, 29.792555388423846 ], [ -112.54543035154181, 29.791714149079457 ], [ -112.544834265726294, 29.790790597318548 ], [ -112.54404296482015, 29.789784730220873 ], [ -112.543575322271877, 29.788803276355257 ], [ -112.543431328390042, 29.787846239519933 ], [ -112.543610973844636, 29.786913621117698 ], [ -112.544114249667103, 29.786005420156322 ], [ -112.544328370217798, 29.785213386083068 ], [ -112.544253343008563, 29.784537520072469 ], [ -112.543889173476146, 29.783977821466959 ], [ -112.543235864982535, 29.783534287777062 ], [ -112.542612287394817, 29.782921218039309 ], [ -112.542018443488388, 29.782138612535803 ], [ -112.541454335776962, 29.781186471526819 ], [ -112.540919966512476, 29.780064795250816 ], [ -112.540784646720098, 29.779117821992482 ], [ -112.540775150705485, 29.779051367715212 ], [ -112.541019876019604, 29.778146190686151 ], [ -112.541654132489541, 29.777349262390565 ], [ -112.542677912520347, 29.776660577516626 ], [ -112.54351339924122, 29.776340652585329 ], [ -112.544160603639668, 29.77638949082559 ], [ -112.544619532714748, 29.776807094750097 ], [ -112.544890189477556, 29.777593466155743 ], [ -112.545207075688211, 29.778232668891075 ], [ -112.545223754025699, 29.778266311113608 ], [ -112.545620226362544, 29.778825629176019 ], [ -112.546079606079218, 29.779271419815124 ], [ -112.546601892354701, 29.779603682422874 ], [ -112.546940946150158, 29.779979897196611 ], [ -112.546963892188202, 29.780022411279766 ], [ -112.547268195999308, 29.780892975888552 ], [ -112.547544089922496, 29.782017650459782 ], [ -112.547914344961953, 29.782972033782677 ], [ -112.548013905054688, 29.783140053518963 ], [ -112.548378961657448, 29.783756125106258 ], [ -112.548412148849593, 29.783812131553482 ], [ -112.548937939621155, 29.784369923499131 ], [ -112.549591277537658, 29.78481342784956 ], [ -112.550148965410941, 29.785342643143782 ], [ -112.550611003278149, 29.785957570575821 ], [ -112.550977390687891, 29.786658211146435 ], [ -112.551248126700045, 29.787444565663133 ], [ -112.551774387595032, 29.788030537214503 ], [ -112.552556174384037, 29.788416122751478 ], [ -112.553593485008903, 29.788601317835017 ], [ -112.5548863143418, 29.788586116636353 ], [ -112.556057711347933, 29.789079887462453 ], [ -112.55710769253713, 29.79008263285521 ], [ -112.558036271083978, 29.791594355040722 ], [ -112.558843456828896, 29.793615055929777 ], [ -112.55967687708528, 29.795240676541702 ], [ -112.560536522366434, 29.796471216969667 ], [ -112.56142238278558, 29.797306677245814 ], [ -112.561541347379446, 29.797364118502887 ], [ -112.562208658461145, 29.797974123747949 ], [ -112.56364492895014, 29.79885945564056 ], [ -112.56428720688416, 29.799310928441301 ], [ -112.564693334529039, 29.799749364033971 ], [ -112.565353865483672, 29.800643858528144 ], [ -112.566076861714762, 29.801396622124734 ], [ -112.566862321366415, 29.80200765390472 ], [ -112.567710242078221, 29.802476952870936 ], [ -112.568620620985243, 29.802804517948086 ], [ -112.569304289214841, 29.803106571753514 ], [ -112.569761244359, 29.803383117903635 ], [ -112.569778955082484, 29.80340242876056 ], [ -112.569991484300246, 29.803634158834868 ], [ -112.569995007211489, 29.80385969580362 ], [ -112.570256693452009, 29.804053967894575 ], [ -112.570776544192924, 29.80421697353054 ], [ -112.57155456005232, 29.804348709637818 ], [ -112.57259074109497, 29.804449171646173 ], [ -112.573432087757297, 29.804495550897553 ], [ -112.574078598585544, 29.804487851175111 ], [ -112.574530272718278, 29.804426075375787 ], [ -112.574787109886216, 29.804310225510161 ], [ -112.574977528516229, 29.804082377537309 ], [ -112.575101528473766, 29.80374253174007 ], [ -112.5751591100816, 29.803290688279358 ], [ -112.575151452233584, 29.802802026008528 ], [ -112.575372572098701, 29.802470421376867 ], [ -112.575473523610967, 29.80272299373264 ], [ -112.575703775754931, 29.802974024267009 ], [ -112.576029678217893, 29.803139321676024 ], [ -112.576451230583416, 29.803218885271129 ], [ -112.5769684319459, 29.803212714170737 ], [ -112.577422752759745, 29.803320080888124 ], [ -112.57776902798139, 29.80351549702716 ], [ -112.577946150645829, 29.80370859416616 ], [ -112.578080763138388, 29.804045354225085 ], [ -112.578279142056246, 29.804324957918233 ], [ -112.578541287556504, 29.804547404958203 ], [ -112.578867199578823, 29.804712694971798 ], [ -112.579256877845424, 29.804820827499977 ], [ -112.579683313533323, 29.805210492249195 ], [ -112.58014651079543, 29.80588168866867 ], [ -112.580646474515447, 29.806834416119568 ], [ -112.581183210308197, 29.808068673874949 ], [ -112.581944029581223, 29.809159259941307 ], [ -112.582928935957156, 29.810106170366879 ], [ -112.584137931110249, 29.810909400120487 ], [ -112.585571014765719, 29.811568943091626 ], [ -112.586714947095984, 29.812344731723801 ], [ -112.587569725866231, 29.813236773590457 ], [ -112.588135346761788, 29.814245074434186 ], [ -112.588411803387359, 29.815369638166679 ], [ -112.588683808457574, 29.816212282781393 ], [ -112.58895135922802, 29.816773008497925 ], [ -112.589214453143853, 29.817051815498015 ], [ -112.589244295610868, 29.817051456496237 ], [ -112.589411105468997, 29.817218632662922 ], [ -112.589800842752169, 29.817326731687636 ], [ -112.590257917484365, 29.817603201914611 ], [ -112.590389020816772, 29.81771441227972 ], [ -112.591046327950764, 29.818383229053435 ], [ -112.591836537803772, 29.819276017974875 ], [ -112.592033198830393, 29.819442830860375 ], [ -112.5927870721452, 29.820082277281035 ], [ -112.593897932111304, 29.820802003488268 ], [ -112.595169117991475, 29.821435192556056 ], [ -112.596600629228064, 29.821981839887147 ], [ -112.59767561787956, 29.822476389784701 ], [ -112.598394077390068, 29.822918851223477 ], [ -112.598756002177311, 29.823309230248636 ], [ -112.598761387632095, 29.823647529975347 ], [ -112.599026322266042, 29.824039082032961 ], [ -112.599550809491888, 29.824483884722156 ], [ -112.600334853478174, 29.824981934781011 ], [ -112.601378459149089, 29.825533227384984 ], [ -112.602810060437662, 29.826079803658601 ], [ -112.604629662860376, 29.826621650754635 ], [ -112.606837271655678, 29.827158752408508 ], [ -112.609432891782305, 29.827691088937939 ], [ -112.611674236226833, 29.828312288160824 ], [ -112.613561305329029, 29.829022368117084 ], [ -112.615094097421164, 29.829821344062157 ], [ -112.616272608826321, 29.830709228467104 ], [ -112.617229347145994, 29.831881786773604 ], [ -112.617964313477316, 29.833339023643187 ], [ -112.618477505207849, 29.835080942725853 ], [ -112.618768916014417, 29.837107546660118 ], [ -112.619184226807903, 29.838794267389211 ], [ -112.619723438715795, 29.840141103917816 ], [ -112.620386550499788, 29.841148054945549 ], [ -112.621173558555384, 29.841815118866936 ], [ -112.621925961866694, 29.842341618660576 ], [ -112.622643756646312, 29.842727555089379 ], [ -112.623326939425382, 29.842972928869649 ], [ -112.623975507053714, 29.843077740671099 ], [ -112.624879121543984, 29.842953836258808 ], [ -112.626037775553428, 29.842601210649821 ], [ -112.627451458254455, 29.842019857491664 ], [ -112.629120155334888, 29.841209769062992 ], [ -112.63030469767078, 29.840462032363444 ], [ -112.631005098873487, 29.839776659957419 ], [ -112.631221370490181, 29.839153659147343 ], [ -112.630953522003338, 29.838593031974654 ], [ -112.630460244498366, 29.838091581390621 ], [ -112.629741540313034, 29.837649304786556 ], [ -112.628797410935434, 29.837266198427503 ], [ -112.627627857004228, 29.836942257452286 ], [ -112.626716076757916, 29.83655873706104 ], [ -112.62606206916297, 29.836115642635438 ], [ -112.625665832197896, 29.83561297807988 ], [ -112.625527362853518, 29.835050745821597 ], [ -112.625292804950448, 29.834546089660403 ], [ -112.624962159466349, 29.834099009057496 ], [ -112.624535427042559, 29.833709503275266 ], [ -112.624012607984255, 29.833377571377302 ], [ -112.623651462043483, 29.833043649698066 ], [ -112.623451987694366, 29.83270773962392 ], [ -112.623414183362485, 29.832369841947916 ], [ -112.623538047424958, 29.832029956869878 ], [ -112.623987069784491, 29.831798861137113 ], [ -112.624761249454082, 29.831676551472381 ], [ -112.625860587459954, 29.831663022111325 ], [ -112.627285086841127, 29.831758264802289 ], [ -112.628452292175837, 29.831941255402903 ], [ -112.62936220547985, 29.832212000668072 ], [ -112.630014827356533, 29.832570505895834 ], [ -112.630410156996433, 29.833016774927486 ], [ -112.630836450228955, 29.833378069856533 ], [ -112.631293706245231, 29.833654390424591 ], [ -112.631781924088756, 29.833845736354323 ], [ -112.632527784704251, 29.834135476098137 ], [ -112.633022083174183, 29.834535326427332 ], [ -112.633944879691313, 29.835595389639394 ], [ -112.635069512299779, 29.837132291793846 ], [ -112.636396007143219, 29.839146026454941 ], [ -112.637778027983899, 29.840595122513442 ], [ -112.639215552591125, 29.841479579373026 ], [ -112.640708557326803, 29.841799396301081 ], [ -112.642257017148452, 29.841554572429132 ], [ -112.64341466326394, 29.841145415236532 ], [ -112.644181495380252, 29.840571935011553 ], [ -112.644557516912826, 29.839834138413231 ], [ -112.644542734984526, 29.838932028471273 ], [ -112.644725198688391, 29.83822483860585 ], [ -112.645059078287758, 29.837774393970776 ], [ -112.645490614946183, 29.837566778867792 ], [ -112.646137315681727, 29.837558718614456 ], [ -112.646620028654482, 29.837411716775787 ], [ -112.646817540100571, 29.837234520431007 ], [ -112.646952819598255, 29.837087149727871 ], [ -112.647093488016836, 29.836700895027082 ], [ -112.647087626777449, 29.836343704660877 ], [ -112.647126638244004, 29.836121869570992 ], [ -112.647234766412851, 29.835884763273608 ], [ -112.647374376669703, 29.835740648613335 ], [ -112.647754469073234, 29.835592978407384 ], [ -112.64843395367032, 29.835612694823304 ], [ -112.649135311870907, 29.835777970283541 ], [ -112.65012796953016, 29.836056553283267 ], [ -112.650710166417241, 29.836205066925068 ], [ -112.650648397186458, 29.836307371157091 ], [ -112.650327993794235, 29.837888525864052 ], [ -112.649943499338278, 29.840659248658721 ], [ -112.649404985774638, 29.844667083562964 ], [ -112.649229630986056, 29.849479209672769 ], [ -112.649222129489274, 29.8543695348665 ], [ -112.649924208755138, 29.86015438231404 ], [ -112.650855146392644, 29.864796755015547 ], [ -112.651854702230125, 29.867573785791652 ], [ -112.652495653264751, 29.869893063762483 ], [ -112.653220516185982, 29.871689741769249 ], [ -112.6557079009023, 29.876322572830464 ], [ -112.656176150748067, 29.877162028402733 ], [ -112.655912417026769, 29.877479638836466 ], [ -112.655715951297694, 29.877677642649786 ], [ -112.655483873153003, 29.877884843771842 ], [ -112.655253377538841, 29.878070401458118 ], [ -112.655002643842437, 29.878295294150654 ], [ -112.654571843438603, 29.878737450087485 ], [ -112.654196811652497, 29.879132496069474 ], [ -112.653307804248016, 29.880158712063892 ], [ -112.652599367229115, 29.881087394920669 ], [ -112.651937727030784, 29.881444715037535 ], [ -112.650939085737917, 29.881710983734113 ], [ -112.650615593827041, 29.881715031413613 ], [ -112.649903911391164, 29.881723933518941 ], [ -112.649709816126048, 29.881726360700164 ], [ -112.648837778936993, 29.881821851566233 ], [ -112.647999480203708, 29.882001504757469 ], [ -112.647194918049351, 29.882265320983976 ], [ -112.64642409077635, 29.882613300920351 ], [ -112.645849671611558, 29.883099808885831 ], [ -112.645471661262746, 29.883724847399225 ], [ -112.64529006205251, 29.884488418031626 ], [ -112.645304877918619, 29.885390521406446 ], [ -112.645219401194609, 29.886096499990067 ], [ -112.645033630044608, 29.886606353709226 ], [ -112.644747563857393, 29.886920082200394 ], [ -112.644361203246504, 29.887037684809695 ], [ -112.644190110283347, 29.887157105376996 ], [ -112.644138910525854, 29.887294224072328 ], [ -112.644080686125804, 29.887689700789736 ], [ -112.644186531840958, 29.888224115090786 ], [ -112.644456450830319, 29.888897466431779 ], [ -112.645013373056727, 29.889313469834722 ], [ -112.645857297461632, 29.889472121737057 ], [ -112.646988218565497, 29.889373416841231 ], [ -112.648406126467705, 29.889017348115232 ], [ -112.649559640818453, 29.888326213351444 ], [ -112.65044875620724, 29.887300019619769 ], [ -112.650698644717892, 29.886755520941403 ], [ -112.65071406811991, 29.887691450316943 ], [ -112.650869491663784, 29.889268506586134 ], [ -112.650973643855281, 29.889897616241271 ], [ -112.651121048254041, 29.890787966022398 ], [ -112.651468741674933, 29.89224982796366 ], [ -112.651912575373871, 29.893654091548648 ], [ -112.65218256200184, 29.894327424011234 ], [ -112.65245255246117, 29.895000755716843 ], [ -112.653216694837127, 29.896203625384192 ], [ -112.654205006835383, 29.897262696545862 ], [ -112.655417490830914, 29.898177964117867 ], [ -112.656854147239443, 29.898949421936891 ], [ -112.658321312440989, 29.899607694405571 ], [ -112.659818981896478, 29.900152780704271 ], [ -112.661347150877504, 29.900584679994854 ], [ -112.662905814466455, 29.900903391420787 ], [ -112.664590627057564, 29.901023117803486 ], [ -112.664614085007727, 29.901022091237479 ], [ -112.664622982257782, 29.901022709407329 ], [ -112.666498644205092, 29.900942628142605 ], [ -112.668941479802086, 29.900575853919502 ], [ -112.670219590679608, 29.900302868834384 ], [ -112.671810688361546, 29.89998280870255 ], [ -112.672892177669056, 29.899760108632663 ], [ -112.673910130488309, 29.899520337935247 ], [ -112.674355361110372, 29.899891061556723 ], [ -112.678231275479433, 29.902052024388738 ], [ -112.682832002519348, 29.904094732476697 ], [ -112.684983569164245, 29.904428504262093 ], [ -112.68664683933325, 29.904722224430902 ], [ -112.68863054433973, 29.904697424007729 ], [ -112.688790757484483, 29.90432549892348 ], [ -112.688439778028339, 29.903726607173148 ], [ -112.688340565228415, 29.902671868245342 ], [ -112.688332925355141, 29.902301851968367 ], [ -112.688851746895395, 29.902519283328672 ], [ -112.689546059580451, 29.903106730474573 ], [ -112.690377696986673, 29.903358491716254 ], [ -112.690698132859026, 29.903011361676757 ], [ -112.689965663636457, 29.902126375669926 ], [ -112.690133497904867, 29.901449281925164 ], [ -112.690652317579207, 29.90159614337513 ], [ -112.69142295000465, 29.903064764515701 ], [ -112.692292698868911, 29.901943267672831 ], [ -112.69281915182512, 29.902244619936788 ], [ -112.691972285896696, 29.9031563125993 ], [ -112.693635589510464, 29.904714574301192 ], [ -112.694863984318772, 29.905601467171781 ], [ -112.697213952612984, 29.907068176271956 ], [ -112.699640201621577, 29.907939806304164 ], [ -112.704332478027496, 29.909766988663542 ], [ -112.706590868893684, 29.910411651024692 ], [ -112.711412791589368, 29.910043527123889 ], [ -112.712709836618544, 29.910251419123959 ], [ -112.714090780541397, 29.909484679550811 ], [ -112.715799811444526, 29.909164247476287 ], [ -112.718721932900181, 29.907998876743822 ], [ -112.719477238980261, 29.90693460002927 ], [ -112.72272743262026, 29.905692936176013 ], [ -112.723319032287222, 29.90522735535799 ], [ -112.723228892270541, 29.906119844039871 ], [ -112.723116807164345, 29.907264929966733 ], [ -112.723030924346276, 29.908251953363706 ], [ -112.723015656231837, 29.909121529729727 ], [ -112.723027154235325, 29.909285895697312 ], [ -112.723055673289508, 29.909520172603685 ], [ -112.723107238828462, 29.909757115239312 ], [ -112.723147254659537, 29.909837764439793 ], [ -112.723244349986075, 29.909951347101885 ], [ -112.723369487361836, 29.910039309648422 ], [ -112.723551708450131, 29.910126916677299 ], [ -112.723717504390223, 29.910221415156428 ], [ -112.723855103842212, 29.910326333373447 ], [ -112.724040956065878, 29.910522613330887 ], [ -112.724307100140209, 29.910942070405572 ], [ -112.724575675596455, 29.911502474156055 ], [ -112.72526927923434, 29.912311078540561 ], [ -112.725389638875868, 29.912424785120816 ], [ -112.726387926488982, 29.913367876147031 ], [ -112.727931639006499, 29.914672855171606 ], [ -112.7286400649634, 29.915231724907553 ], [ -112.729378287117498, 29.915898188379696 ], [ -112.730035730131505, 29.91656257328674 ], [ -112.730991702805341, 29.917565071757213 ], [ -112.731715321022463, 29.918232266204051 ], [ -112.732206572702424, 29.918564161027124 ], [ -112.732465450551402, 29.918560759162446 ], [ -112.73254022284506, 29.918596687276104 ], [ -112.733059645997741, 29.919229646481906 ], [ -112.733196900166703, 29.919678973584368 ], [ -112.7336597120281, 29.920236802257797 ], [ -112.734448088452268, 29.920903128768252 ], [ -112.735562038321206, 29.921677946878653 ], [ -112.737001572528413, 29.922561247848236 ], [ -112.738241575597897, 29.923137011266334 ], [ -112.739282032657215, 29.923405243437703 ], [ -112.74012293261795, 29.923365949573277 ], [ -112.740764268176406, 29.92301913378946 ], [ -112.741568876175791, 29.92275474487683 ], [ -112.742536757118415, 29.922572779826108 ], [ -112.743667912292622, 29.922473234985702 ], [ -112.744962343772713, 29.922456106061684 ], [ -112.745847698672122, 29.922397227324641 ], [ -112.747188497783426, 29.922133816431405 ], [ -112.746944365361514, 29.922742247007601 ], [ -112.746005943858677, 29.92365584735585 ], [ -112.745075163580111, 29.925021479290155 ], [ -112.743160220846875, 29.928654897316513 ], [ -112.74232864246234, 29.930625143988671 ], [ -112.742343931550153, 29.931744730825727 ], [ -112.739513491688768, 29.937645933842521 ], [ -112.738605659729416, 29.941229759690316 ], [ -112.738224210760961, 29.942480951326637 ], [ -112.738239495977538, 29.9434555826105 ], [ -112.738689682338745, 29.94487461546359 ], [ -112.73922378540658, 29.945923629972445 ], [ -112.738862526117074, 29.945652707199205 ], [ -112.738498401849498, 29.945354341176728 ], [ -112.737861852712399, 29.944892284573484 ], [ -112.7374066133562, 29.944539142467303 ], [ -112.736955098288959, 29.944154835792439 ], [ -112.736338286686561, 29.94353903178283 ], [ -112.735709494290063, 29.942820239100197 ], [ -112.735376896445459, 29.942470788452084 ], [ -112.735025947485354, 29.942160461686797 ], [ -112.734475238305436, 29.941690716536087 ], [ -112.734157743632352, 29.941489788504605 ], [ -112.733440777819908, 29.941217265971655 ], [ -112.73253059122078, 29.941003671360704 ], [ -112.7318121676457, 29.940646571938785 ], [ -112.731285508379443, 29.940145970780122 ], [ -112.730950613042452, 29.939501870178166 ], [ -112.730807479591135, 29.938714271645502 ], [ -112.730570666834765, 29.938125272792167 ], [ -112.730240174807307, 29.937734873154049 ], [ -112.729816002477179, 29.937543072094428 ], [ -112.729298147747372, 29.937549868803998 ], [ -112.728874952946626, 29.937414443183652 ], [ -112.728546419575139, 29.937136796080864 ], [ -112.72831254834577, 29.936716928162372 ], [ -112.728173339184053, 29.936154839914181 ], [ -112.72800420272425, 29.935734122356255 ], [ -112.727805138527017, 29.935454775412669 ], [ -112.727576145929319, 29.935316798988527 ], [ -112.727317224044469, 29.935320192969872 ], [ -112.727121571593528, 29.935238170145741 ], [ -112.726989188948153, 29.93507073078127 ], [ -112.726920076162202, 29.934817875060141 ], [ -112.726914232971765, 29.934479603084569 ], [ -112.726645576192553, 29.933919208936484 ], [ -112.726114112148295, 29.933136690707414 ], [ -112.725319850661975, 29.932132044755839 ], [ -112.724262805055218, 29.930905265707658 ], [ -112.723339612123112, 29.929930488978233 ], [ -112.722550260728056, 29.92920771792032 ], [ -112.721894741836309, 29.928736955370351 ], [ -112.721373048517407, 29.928518203648704 ], [ -112.720914143089956, 29.928185846878645 ], [ -112.720518026585566, 29.927739885662763 ], [ -112.720184699623147, 29.927180320525196 ], [ -112.719914162408855, 29.926507151911657 ], [ -112.719417577576266, 29.92586512729622 ], [ -112.718694948851805, 29.925254243977967 ], [ -112.717746279480238, 29.924674498109134 ], [ -112.716571572225021, 29.924125884695115 ], [ -112.715661089593667, 29.923883975877896 ], [ -112.71501482145807, 29.923948777573429 ], [ -112.714632762617327, 29.924320293875088 ], [ -112.714514912797625, 29.924998527054075 ], [ -112.714358900690385, 29.925338906361308 ], [ -112.714164727301124, 29.925341431664272 ], [ -112.713932394585441, 29.925006102717166 ], [ -112.71366190544876, 29.924332919160889 ], [ -112.71309823351875, 29.92355076202465 ], [ -112.712241387456444, 29.922659627165277 ], [ -112.711091377756446, 29.92165950840263 ], [ -112.709648216746857, 29.920550397520142 ], [ -112.708468785347705, 29.919719811251301 ], [ -112.70755306713842, 29.919167757424212 ], [ -112.706901050145177, 29.918894242075719 ], [ -112.706512726840089, 29.918899269452133 ], [ -112.706154840628571, 29.918791118051967 ], [ -112.705827392658861, 29.918569788074073 ], [ -112.705530383891229, 29.91823527969877 ], [ -112.705263815097936, 29.917787593087841 ], [ -112.704444250485409, 29.917177880889852 ], [ -112.703071703771315, 29.916406132192105 ], [ -112.701146193729969, 29.915472328900115 ], [ -112.698667744193614, 29.914376445739876 ], [ -112.696679984652178, 29.913584356887434 ], [ -112.695182886106593, 29.913096085813844 ], [ -112.694176428360009, 29.912911650117508 ], [ -112.693660600017964, 29.913031061526688 ], [ -112.693278498271269, 29.91340251797693 ], [ -112.693030121925105, 29.91402602064505 ], [ -112.692915471883339, 29.914901570194392 ], [ -112.692934551148653, 29.916029166774848 ], [ -112.69301548915297, 29.916986792595271 ], [ -112.693158287004209, 29.917774447559427 ], [ -112.693362945219519, 29.918392131495949 ], [ -112.693629463725259, 29.918839844158299 ], [ -112.694485160659596, 29.919674728554131 ], [ -112.695930060627788, 29.920896772102349 ], [ -112.697964201750011, 29.922505953716829 ], [ -112.700587635664334, 29.924502243801435 ], [ -112.702689529377338, 29.926279649139662 ], [ -112.704269841956645, 29.927838196485414 ], [ -112.705328539071203, 29.929177906115218 ], [ -112.705865592991941, 29.93029879182469 ], [ -112.706497828033051, 29.931305658969293 ], [ -112.707225244658943, 29.932198506200578 ], [ -112.70804784269184, 29.932977331983643 ], [ -112.708965621311748, 29.933642134597143 ], [ -112.709688738715741, 29.934281260078489 ], [ -112.71021719075253, 29.934894711808788 ], [ -112.710550973527006, 29.93548249229433 ], [ -112.710690083400337, 29.936044603166497 ], [ -112.71089199705402, 29.936493115157781 ], [ -112.711156714550924, 29.936828027995368 ], [ -112.711484235540908, 29.937049341327842 ], [ -112.711874559260878, 29.93715705472523 ], [ -112.712267298043045, 29.937405714616443 ], [ -112.712662453620794, 29.93779532089853 ], [ -112.713060027779008, 29.938325873458922 ], [ -112.713460022353999, 29.938997372175397 ], [ -112.713825238906324, 29.939528342841822 ], [ -112.714155675239425, 29.939918785862446 ], [ -112.714451329479417, 29.940168701593791 ], [ -112.714712200075255, 29.94027809034473 ], [ -112.714937318470035, 29.940190573406056 ], [ -112.715126683463168, 29.939906151002308 ], [ -112.715280294335798, 29.939424823295383 ], [ -112.715398150850788, 29.938746590384596 ], [ -112.715717945490937, 29.938516860813174 ], [ -112.71623968093256, 29.938735633040334 ], [ -112.716963365556168, 29.939402904294521 ], [ -112.717889013447405, 29.940518670572871 ], [ -112.718330140133602, 29.941697140445076 ], [ -112.718286729669032, 29.942938319390731 ], [ -112.717758764009133, 29.9442422076127 ], [ -112.716746223010006, 29.945608800035867 ], [ -112.715991640338402, 29.946915634199975 ], [ -112.715495027580673, 29.948162714120009 ], [ -112.715256395325397, 29.949350042330671 ], [ -112.715275753163155, 29.950477619885881 ], [ -112.715225531011029, 29.951324145834896 ], [ -112.715105727148469, 29.951889620254594 ], [ -112.714916341147202, 29.952174043030954 ], [ -112.714657373871404, 29.952177413859005 ], [ -112.714340920699385, 29.952604468308934 ], [ -112.713966977126361, 29.95345520607507 ], [ -112.713535537459535, 29.954729626755796 ], [ -112.713046594817186, 29.956427729853424 ], [ -112.71271466747217, 29.957841832444604 ], [ -112.712539764363768, 29.95897193551788 ], [ -112.712521891849079, 29.959818039570425 ], [ -112.712661053702192, 29.960380144607903 ], [ -112.712830173698805, 29.960800881270384 ], [ -112.713029251400698, 29.961080249481675 ], [ -112.713258286145077, 29.961218249146437 ], [ -112.713517277044645, 29.96121488015018 ], [ -112.713647256187699, 29.961241384875667 ], [ -112.713648223609198, 29.961297763704074 ], [ -112.713520179094203, 29.961384016646051 ], [ -112.713263122177864, 29.961500143341787 ], [ -112.713072746864242, 29.96172818515365 ], [ -112.712949053024772, 29.962068142366956 ], [ -112.712892040993665, 29.962520015142676 ], [ -112.712901711567994, 29.96308380351736 ], [ -112.713039913874468, 29.963589528797833 ], [ -112.713306649558817, 29.964037190524852 ], [ -112.713701919803938, 29.964426787878832 ], [ -112.714225725329854, 29.964758319679863 ], [ -112.714681879638633, 29.964921555947427 ], [ -112.715070380084626, 29.96491649750044 ], [ -112.715458880431754, 29.964911437908594 ], [ -112.715714974425168, 29.964738928000898 ], [ -112.71583866154765, 29.964398968561149 ], [ -112.715949384224928, 29.964381414245931 ], [ -112.716263895175288, 29.964647189170798 ], [ -112.716630196387513, 29.965234524510535 ], [ -112.717034209663439, 29.966131519321642 ], [ -112.717306788420558, 29.966917443858726 ], [ -112.717447928550214, 29.96759229913426 ], [ -112.717457626819836, 29.968156085727173 ], [ -112.717335880873208, 29.968608803782775 ], [ -112.717147441842187, 29.96894960873534 ], [ -112.716892309603011, 29.969178500316996 ], [ -112.71657048449498, 29.969295478135397 ], [ -112.716181967320395, 29.969300541673739 ], [ -112.71589445540009, 29.969529853345119 ], [ -112.715707947606688, 29.969983413837806 ], [ -112.715622444241021, 29.970661223532112 ], [ -112.715637947032121, 29.971563282500362 ], [ -112.715521518354592, 29.972326081876318 ], [ -112.715295069974729, 29.972894603273968 ], [ -112.715272671089366, 29.972921432115729 ], [ -112.71501365006894, 29.972924805751791 ], [ -112.71472515682882, 29.973097736572107 ], [ -112.714407189780729, 29.973440224433965 ], [ -112.714059747079617, 29.973952269174138 ], [ -112.713682826623582, 29.974633870608798 ], [ -112.713469245171339, 29.975397932652953 ], [ -112.713444125688426, 29.975821194311511 ], [ -112.713419006085189, 29.976244455947647 ], [ -112.713532113516763, 29.977173440491107 ], [ -112.713808572407288, 29.978184885638644 ], [ -112.714113543564437, 29.978970393660603 ], [ -112.714146891564582, 29.979026350790317 ], [ -112.714447025302917, 29.979529964490983 ], [ -112.714809015628347, 29.979863598038275 ], [ -112.715199512237447, 29.979971294185482 ], [ -112.715521857516435, 29.979882507789299 ], [ -112.715776049795693, 29.979597239410595 ], [ -112.715962088265869, 29.979115489455914 ], [ -112.716079972977795, 29.978437258177458 ], [ -112.716365085020229, 29.978066998895237 ], [ -112.716817424937318, 29.978004710541526 ], [ -112.717436996485645, 29.978250391248078 ], [ -112.718223806634299, 29.978804038345782 ], [ -112.71888110683166, 29.979359371235969 ], [ -112.719408895050634, 29.979916391942329 ], [ -112.71980716923099, 29.980475102106816 ], [ -112.720075927279481, 29.981035502989737 ], [ -112.720504646063858, 29.981481030688741 ], [ -112.721093326085068, 29.981811683636803 ], [ -112.72184196672886, 29.982027459721404 ], [ -112.722750566265773, 29.982128356284683 ], [ -112.723595867104834, 29.982314661848882 ], [ -112.724377871151219, 29.982586377554913 ], [ -112.725096579991728, 29.982943504461971 ], [ -112.725751994894779, 29.983386043547547 ], [ -112.726697380766751, 29.983740189902115 ], [ -112.727932737807564, 29.984005937267419 ], [ -112.729458064586581, 29.984183277526004 ], [ -112.731273358042117, 29.984272200701469 ], [ -112.732374089760299, 29.984295880394924 ], [ -112.733329364753686, 29.984185074901827 ], [ -112.734105310087315, 29.984041095568326 ], [ -112.733624699938176, 29.986223051842089 ], [ -112.733385147604793, 29.989415892993456 ], [ -112.732842672242015, 29.989079417825526 ], [ -112.731801068786311, 29.988550972212977 ], [ -112.730625520781359, 29.98800252210501 ], [ -112.729710019587998, 29.987507035555019 ], [ -112.729054560113639, 29.98706451821344 ], [ -112.72877460436959, 29.986788724073339 ], [ -112.72865051954804, 29.986620383284247 ], [ -112.728559237997388, 29.986426627902453 ], [ -112.728448146809242, 29.986285583618155 ], [ -112.728326729818733, 29.986200751960222 ], [ -112.728098392377888, 29.986090230514947 ], [ -112.727383066861492, 29.985930445223591 ], [ -112.726377772387778, 29.985859045301364 ], [ -112.725082506550237, 29.985876024186854 ], [ -112.723823517827626, 29.986118079602655 ], [ -112.722600798099748, 29.986585212892258 ], [ -112.721414339814842, 29.987277425327132 ], [ -112.72026413598914, 29.988194718106776 ], [ -112.719372001649504, 29.989052239776786 ], [ -112.718737945250211, 29.989849995282459 ], [ -112.718361974244559, 29.990587988086236 ], [ -112.71824409508487, 29.991266220167248 ], [ -112.718224337000024, 29.991999562494264 ], [ -112.718302702187742, 29.992788015009996 ], [ -112.718479193164711, 29.993631577423468 ], [ -112.718753812766607, 29.994530249210069 ], [ -112.71889986997364, 29.995486990211521 ], [ -112.71891736144876, 29.99650180096738 ], [ -112.718806283390904, 29.997574681656548 ], [ -112.718566631534955, 29.998705632097227 ], [ -112.718452147737466, 29.999581188141896 ], [ -112.718462835844306, 30.000201350050318 ], [ -112.718598697860742, 30.000566117772266 ], [ -112.718859733950936, 30.000675490947533 ], [ -112.719057941434613, 30.000898466296974 ], [ -112.719193320622182, 30.001235044083458 ], [ -112.719265871409917, 30.001685224491094 ], [ -112.719275593279903, 30.002249007625288 ], [ -112.719090019756464, 30.002758950871478 ], [ -112.718709148056661, 30.003215053521224 ], [ -112.718132975989874, 30.003617313970121 ], [ -112.717361501957967, 30.003965729717741 ], [ -112.716891221859683, 30.004874122297515 ], [ -112.716722136965359, 30.006342494705891 ], [ -112.716854259083149, 30.008370847334977 ], [ -112.717287610562551, 30.0109591779723 ], [ -112.717527129165831, 30.013578231441901 ], [ -112.717572800008611, 30.016228009359374 ], [ -112.717424607800808, 30.018908512497056 ], [ -112.717082536846405, 30.021619740783574 ], [ -112.71676312898397, 30.023766763106092 ], [ -112.71646638922445, 30.025349579886818 ], [ -112.716192322306327, 30.026368191427952 ], [ -112.715940932694551, 30.026822597911615 ], [ -112.715655688906466, 30.0271928591938 ], [ -112.715336591227583, 30.027478975054212 ], [ -112.714983640124757, 30.027680945236593 ], [ -112.71459683624623, 30.027798769448719 ], [ -112.714379287201638, 30.028337318349038 ], [ -112.714330993376308, 30.02929659267933 ], [ -112.714451959689441, 30.030676592282507 ], [ -112.714742195595093, 30.032477316102533 ], [ -112.715024675318972, 30.033827013087055 ], [ -112.715299393759466, 30.034725683714175 ], [ -112.715566346342342, 30.035173328363708 ], [ -112.715825529021359, 30.035169947317272 ], [ -112.716021859300383, 30.035280167446889 ], [ -112.716155337676966, 30.035503989010486 ], [ -112.716225964233743, 30.035841412187132 ], [ -112.716233738638365, 30.036292437077005 ], [ -112.716369162753054, 30.036629014526287 ], [ -112.716632237325143, 30.036851144124849 ], [ -112.717022962222416, 30.036958825119523 ], [ -112.717541336433058, 30.03695205641414 ], [ -112.717964460986479, 30.03705931144178 ], [ -112.718292337095789, 30.037280591071806 ], [ -112.718524965328982, 30.037615895986566 ], [ -112.718662345608919, 30.038065226681429 ], [ -112.718636759612622, 30.038460296224109 ], [ -112.718448205402666, 30.03880110460333 ], [ -112.71809668154792, 30.039087651179486 ], [ -112.71758218712354, 30.039319934684681 ], [ -112.717168291576328, 30.039748270338741 ], [ -112.71685499393935, 30.0403726591002 ], [ -112.716642294482796, 30.041193101633286 ], [ -112.716530194713982, 30.042209598307934 ], [ -112.715801998724899, 30.043205939663231 ], [ -112.714457687888469, 30.044182116176234 ], [ -112.712497243878929, 30.045138109629452 ], [ -112.709920648674697, 30.046073893109273 ], [ -112.708124549454837, 30.047168662950117 ], [ -112.707108965293443, 30.048422450401009 ], [ -112.706873922072091, 30.049835272506449 ], [ -112.707419452485581, 30.051407132103922 ], [ -112.707876499653878, 30.053487655122883 ], [ -112.708245066729276, 30.056076841967808 ], [ -112.708525154542556, 30.059174692857372 ], [ -112.708716761601977, 30.062781207824546 ], [ -112.70912652547878, 30.065877367838663 ], [ -112.709754457688078, 30.068463170999525 ], [ -112.710600563375095, 30.070538614467868 ], [ -112.711664841311972, 30.072103694465458 ], [ -112.712577784794817, 30.074291032852923 ], [ -112.713339403266133, 30.077100631911453 ], [ -112.713949701062631, 30.080532493452203 ], [ -112.714408677413502, 30.084586618816648 ], [ -112.714707257482473, 30.086858845267525 ], [ -112.714727822162999, 30.088050465156108 ], [ -112.714875971004346, 30.089119949159933 ], [ -112.715151353428283, 30.090046795790101 ], [ -112.715277170884903, 30.090291861090556 ], [ -112.715553971563253, 30.09083100421114 ], [ -112.715953187965994, 30.091417889307099 ], [ -112.716349000017502, 30.091807451254816 ], [ -112.716741405199883, 30.091999690212326 ], [ -112.71713040109654, 30.091994606318877 ], [ -112.717418249318129, 30.091765282254762 ], [ -112.71743691933186, 30.091719925910734 ], [ -112.717449690888259, 30.091708480879394 ], [ -112.717699272618589, 30.091141314449668 ], [ -112.717879145632466, 30.090293107393752 ], [ -112.717989310576272, 30.089163859883946 ], [ -112.718140685037739, 30.088372415404198 ], [ -112.718299813809466, 30.088370334300443 ], [ -112.718460914282218, 30.088311836863063 ], [ -112.718523794186922, 30.088198233681592 ], [ -112.718488453773062, 30.088029524885307 ], [ -112.71835489361041, 30.087805710368965 ], [ -112.718352699800704, 30.087678860757581 ], [ -112.718414360652417, 30.087494785621974 ], [ -112.718729244320571, 30.086954958386247 ], [ -112.719112367540419, 30.086611603833511 ], [ -112.719724828356831, 30.086406222480878 ], [ -112.72056662768901, 30.086338811088098 ], [ -112.721637768334844, 30.086409365130251 ], [ -112.722938254970813, 30.086617878797608 ], [ -112.724046215770386, 30.086941686470059 ], [ -112.72496165302023, 30.087380792926101 ], [ -112.725684567643469, 30.087935202144415 ], [ -112.726214959199439, 30.088604917303922 ], [ -112.726807738868288, 30.089132834520047 ], [ -112.727462904944559, 30.089518953041214 ], [ -112.728180455215053, 30.089763272039296 ], [ -112.728960386958988, 30.089865790609579 ], [ -112.729611639796715, 30.090026388831792 ], [ -112.730134214360888, 30.09024506859582 ], [ -112.730528110818341, 30.090521831429548 ], [ -112.730793328869979, 30.090856678499016 ], [ -112.731186738356328, 30.091105250566049 ], [ -112.731708339120857, 30.091267546490368 ], [ -112.732358130330923, 30.0913435647794 ], [ -112.733136110477645, 30.091333303588264 ], [ -112.733879706461437, 30.091210711402535 ], [ -112.734588915938374, 30.090975788894859 ], [ -112.73526373681652, 30.090628536696308 ], [ -112.735904167255896, 30.090168955396269 ], [ -112.736611393125131, 30.089821268317493 ], [ -112.737385415995334, 30.089585474331098 ], [ -112.738226237903504, 30.089461572182923 ], [ -112.739133861352514, 30.08944956049341 ], [ -112.74003950946701, 30.089324788651098 ], [ -112.740943179193863, 30.089087256812686 ], [ -112.741844867513677, 30.088736965128842 ], [ -112.742744571440795, 30.088273913744228 ], [ -112.743711074598465, 30.087922749791684 ], [ -112.744744379404864, 30.087683471712108 ], [ -112.745844488743927, 30.08755607782097 ], [ -112.747011405965438, 30.087540566308153 ], [ -112.747981852642994, 30.0874148786944 ], [ -112.748755826543913, 30.087179019427918 ], [ -112.749333326716467, 30.086832992017857 ], [ -112.749714353489566, 30.086376799034259 ], [ -112.750227514490831, 30.086059819622573 ], [ -112.750872810461118, 30.08588205221761 ], [ -112.751650243262176, 30.085843494802582 ], [ -112.752559815876609, 30.085944144909053 ], [ -112.753176927233582, 30.085880292618935 ], [ -112.753605077677818, 30.085802001817513 ], [ -112.754013446316648, 30.085705429988785 ], [ -112.75485322427491, 30.085462414484162 ], [ -112.756237041724859, 30.084880026345555 ], [ -112.757522888353733, 30.08420446656449 ], [ -112.758306256781566, 30.083731070196269 ], [ -112.758989734312607, 30.083325267528654 ], [ -112.758997640772293, 30.083320573168976 ], [ -112.759853456179172, 30.082807554746136 ], [ -112.759183910947897, 30.085525494291765 ], [ -112.758051141503572, 30.089971685060956 ], [ -112.757162086411668, 30.093446183020436 ], [ -112.756218804323694, 30.097132604390438 ], [ -112.754937166856692, 30.103014727016191 ], [ -112.75418198216002, 30.109196295343637 ], [ -112.753297284738267, 30.123264557122532 ], [ -112.754373103336476, 30.124830448692773 ], [ -112.754205375473362, 30.129947740607363 ], [ -112.753724876103163, 30.136865526458422 ], [ -112.752435735175524, 30.14796221246446 ], [ -112.752268120273342, 30.1577256921253 ], [ -112.752611683459548, 30.167151577662246 ], [ -112.753015766953538, 30.170172061420182 ], [ -112.754412608174718, 30.180613310032914 ], [ -112.756007374948368, 30.187586401688435 ], [ -112.757196551409365, 30.190332631357116 ], [ -112.758822874008388, 30.194088386300788 ], [ -112.760638872859062, 30.199928540067738 ], [ -112.761539225718082, 30.202171524985658 ], [ -112.762775253234878, 30.203140431067958 ], [ -112.764049478588419, 30.206199739279523 ], [ -112.765888257073328, 30.2075272171225 ], [ -112.766707797421006, 30.210079956584426 ], [ -112.767078571733322, 30.211202584749874 ], [ -112.768628289325548, 30.21439669927377 ], [ -112.769504922688668, 30.216203523543779 ], [ -112.769845121416978, 30.216592834279748 ], [ -112.770697453284654, 30.217568211078891 ], [ -112.771167942154264, 30.218106620992998 ], [ -112.771709952896728, 30.218726877870779 ], [ -112.772268638170431, 30.219747975143175 ], [ -112.773514092950208, 30.22202426653363 ], [ -112.774037099782973, 30.222980155073227 ], [ -112.776138682755018, 30.225281545640879 ], [ -112.77845366056971, 30.227816619524681 ], [ -112.780751260751344, 30.230332663600311 ], [ -112.784073472453358, 30.233691603086548 ], [ -112.78352408722283, 30.233706319220602 ], [ -112.783396980460694, 30.233577796443875 ], [ -112.778484178101465, 30.233709386340305 ], [ -112.774612108672187, 30.23381310010241 ], [ -112.769477176250675, 30.233950639774488 ], [ -112.769204916212686, 30.233160874436564 ], [ -112.768831949271686, 30.232301734885102 ], [ -112.768472805250568, 30.231416403471496 ], [ -112.768173947799767, 30.230654829616078 ], [ -112.767599921962116, 30.229422028462416 ], [ -112.767198295415454, 30.22875078421913 ], [ -112.766997484255612, 30.228415161529362 ], [ -112.766595866162831, 30.227743915013633 ], [ -112.766031955260544, 30.227074854739573 ], [ -112.765506555802205, 30.226743604255091 ], [ -112.765110494207761, 30.226382414888285 ] ], [ [ -112.602964495952193, 29.847902402249005 ], [ -112.603083041588846, 29.84722423605217 ], [ -112.603105921275628, 29.846631822224122 ], [ -112.603033136694762, 29.846125160771859 ], [ -112.602864689038142, 29.845704251509314 ], [ -112.6026005790076, 29.845369094057364 ], [ -112.602208018494395, 29.845091888771407 ], [ -112.601687007803832, 29.844872634498088 ], [ -112.601037546782607, 29.844711329724106 ], [ -112.600259634818912, 29.844607972576096 ], [ -112.599415250794664, 29.844392628090464 ], [ -112.598504397939024, 29.844065294860616 ], [ -112.597527079939766, 29.84362597135793 ], [ -112.596483300943078, 29.843074655931588 ], [ -112.595572917090877, 29.842775493216745 ], [ -112.594795920349313, 29.842728486303809 ], [ -112.594152304768869, 29.842933637776454 ], [ -112.593642066484051, 29.843390949711829 ], [ -112.593231970510075, 29.844044430638377 ], [ -112.592922016628947, 29.844894081449961 ], [ -112.592902943080716, 29.844989156127529 ], [ -112.592712205842332, 29.845939902752455 ], [ -112.592602540371686, 29.847181894863798 ], [ -112.592622230479122, 29.848422326346036 ], [ -112.592771280957621, 29.84966119696556 ], [ -112.593049696570262, 29.850898506108773 ], [ -112.593457482050255, 29.852134252782012 ], [ -112.5939897142337, 29.853058328203691 ], [ -112.594646391108355, 29.853670731049899 ], [ -112.59542750846451, 29.853971459687745 ], [ -112.596333059894988, 29.853960512175494 ], [ -112.597076456471697, 29.853923323395961 ], [ -112.59765769792584, 29.85385989610403 ], [ -112.598076784215209, 29.853770232447122 ], [ -112.598333715524333, 29.853654333965203 ], [ -112.598555609630225, 29.853369677528413 ], [ -112.598742465789428, 29.852916263322857 ], [ -112.598894283652285, 29.852294091481234 ], [ -112.599011063263092, 29.851503162082807 ], [ -112.599195217807249, 29.850880598190699 ], [ -112.599446746791415, 29.85042639958078 ], [ -112.599765650437135, 29.850140565888232 ], [ -112.600151929680734, 29.850023096607629 ], [ -112.600440739008121, 29.849878610910174 ], [ -112.600632078643955, 29.849707109427129 ], [ -112.600725948961056, 29.849508592567648 ], [ -112.600722350480268, 29.849283060518765 ], [ -112.600849009570055, 29.849112342972177 ], [ -112.601105925741052, 29.848996439573867 ], [ -112.601493098916634, 29.848935349567018 ], [ -112.602010529432889, 29.848929071792057 ], [ -112.602428239932351, 29.848754820698279 ], [ -112.602746228924772, 29.848412597278241 ], [ -112.602964495952193, 29.847902402249005 ] ], [ [ -112.69571196215945, 30.049077444240726 ], [ -112.695723490617084, 30.04975398744298 ], [ -112.695863671186331, 30.050372480293721 ], [ -112.696132505945144, 30.050932922313571 ], [ -112.696529996507039, 30.051435312661336 ], [ -112.697056144020834, 30.051879650133895 ], [ -112.697676621622549, 30.052153594540957 ], [ -112.698391426762385, 30.052257144660178 ], [ -112.699200555955215, 30.052190299091134 ], [ -112.700104004780684, 30.05195305625535 ], [ -112.700778697400921, 30.051605984860029 ], [ -112.701224634215222, 30.051149088405364 ], [ -112.701441817095827, 30.050582369132975 ], [ -112.701430249387798, 30.049905828025853 ], [ -112.7012571507274, 30.04925957242418 ], [ -112.700922524041658, 30.048643601582217 ], [ -112.700426371933318, 30.048057914169799 ], [ -112.69976869668082, 30.047502508272448 ], [ -112.699082476887796, 30.047173031533113 ], [ -112.698367708024634, 30.04706948370756 ], [ -112.697624385250791, 30.047191864525594 ], [ -112.696852503414576, 30.047540173690987 ], [ -112.696276471263118, 30.047970538507133 ], [ -112.695896290098929, 30.048482961490265 ], [ -112.69571196215945, 30.049077444240726 ] ], [ [ -112.714466762032316, 30.14802482618995 ], [ -112.716159220803121, 30.148341042813623 ], [ -112.71745709847265, 30.148352257723587 ], [ -112.718360383519226, 30.148058483105583 ], [ -112.718869071671747, 30.147459727260404 ], [ -112.718983165908995, 30.146555994603194 ], [ -112.71942453032257, 30.145817143906939 ], [ -112.720193159433961, 30.145243172121226 ], [ -112.721289050947945, 30.144834073607171 ], [ -112.722712205751733, 30.144589840137378 ], [ -112.723679325941518, 30.144238802199474 ], [ -112.724190413817439, 30.143780969795909 ], [ -112.724245474400561, 30.143216348052771 ], [ -112.723844515431963, 30.142544937219974 ], [ -112.723251416865523, 30.142017022616333 ], [ -112.72246617894173, 30.141632601649757 ], [ -112.721488800220669, 30.14139167094023 ], [ -112.720319277582234, 30.141294226319733 ], [ -112.719445558875421, 30.141418455847013 ], [ -112.718867639698161, 30.141764365605383 ], [ -112.7185855195914, 30.142331959500883 ], [ -112.718599202039471, 30.143121239262438 ], [ -112.71825416486044, 30.143802436227507 ], [ -112.717550401524448, 30.144375547842152 ], [ -112.71648790771556, 30.14484056851283 ], [ -112.715066681332559, 30.145197489606215 ], [ -112.713937836228098, 30.145578772256446 ], [ -112.71310137534789, 30.145984423908342 ], [ -112.712557301968928, 30.146414450034833 ], [ -112.712305619699933, 30.146868854137015 ], [ -112.712539965318228, 30.147288720976896 ], [ -112.713260344600897, 30.147674047725452 ], [ -112.714466762032316, 30.14802482618995 ] ], [ [ -112.707769222843424, 30.184821981401434 ], [ -112.708021013936516, 30.184367583974566 ], [ -112.708338668945672, 30.1839687178194 ], [ -112.708530428580232, 30.183797050277732 ], [ -112.708788053737806, 30.183680913947207 ], [ -112.709047625245574, 30.183677531244605 ], [ -112.709305249439936, 30.183561393931114 ], [ -112.709560925467898, 30.183332502046309 ], [ -112.709763907238582, 30.18305918494336 ], [ -112.709814652509564, 30.182990855623601 ], [ -112.710066429778166, 30.182536454690254 ], [ -112.710352599051589, 30.182194384226097 ], [ -112.71051288015174, 30.182079514204183 ], [ -112.71067316087651, 30.181964643998779 ], [ -112.711028116052091, 30.181847233734281 ], [ -112.71141746562995, 30.181842153116897 ], [ -112.711738511220375, 30.181640598910864 ], [ -112.711991251415739, 30.181242571658622 ], [ -112.712175685676812, 30.180648071747491 ], [ -112.712291814332872, 30.179857099409592 ], [ -112.712247179804379, 30.179152810564435 ], [ -112.712041785303143, 30.178535204946019 ], [ -112.711675633177137, 30.178004281726398 ], [ -112.711148724910728, 30.177560039515765 ], [ -112.710525462664535, 30.177173441536947 ], [ -112.709805846373442, 30.176844486423978 ], [ -112.708989875629939, 30.176573172610038 ], [ -112.708077549684219, 30.176359498327475 ], [ -112.70720107389154, 30.176342715333757 ], [ -112.706360443034256, 30.176522824552311 ], [ -112.705555652381193, 30.176899826843378 ], [ -112.704786697687396, 30.177473723004141 ], [ -112.704116038502832, 30.178102727499461 ], [ -112.703543675712055, 30.178786841793517 ], [ -112.703069610521453, 30.179526067115379 ], [ -112.702693844459262, 30.18032040445912 ], [ -112.702281748788536, 30.180889652924037 ], [ -112.701833325478574, 30.18123381213929 ], [ -112.701348577071585, 30.181352881662672 ], [ -112.700827506682558, 30.181246860980533 ], [ -112.700685293916877, 30.181154722193138 ], [ -112.700463823568128, 30.180856848047167 ], [ -112.700160192916002, 30.180184105994169 ], [ -112.699885139386865, 30.17928543301721 ], [ -112.699482731387619, 30.178529384419779 ], [ -112.698952969870746, 30.177915959031029 ], [ -112.698928632161284, 30.177898521920984 ], [ -112.698295854699978, 30.177445155342422 ], [ -112.697511384650525, 30.177116971507775 ], [ -112.696664446278874, 30.176930565914706 ], [ -112.695755036195649, 30.176885937490454 ], [ -112.694783150501138, 30.176983085084625 ], [ -112.6937487847852, 30.177222007469101 ], [ -112.69294297251291, 30.177542556787451 ], [ -112.692365714165575, 30.177944737233798 ], [ -112.692017011305012, 30.178428551760721 ], [ -112.691896866573757, 30.178994002079303 ], [ -112.691943283681425, 30.179811058625049 ], [ -112.692156267415285, 30.180879720959442 ], [ -112.692535825169557, 30.182199987883948 ], [ -112.693081966946096, 30.183771857439726 ], [ -112.693394726386074, 30.184980203269951 ], [ -112.693474090899599, 30.185825027697209 ], [ -112.693320053181296, 30.186306331542543 ], [ -112.692932611211432, 30.18642411412516 ], [ -112.692643957615118, 30.186625205356744 ], [ -112.692454092324482, 30.186909605887472 ], [ -112.692363015770084, 30.187277316121978 ], [ -112.692370728881016, 30.187728336219372 ], [ -112.692673851071476, 30.188372907970976 ], [ -112.693272389983591, 30.189211028983316 ], [ -112.694166356684619, 30.190242694715792 ], [ -112.695355765667486, 30.191467898480209 ], [ -112.696475955089468, 30.192440231797619 ], [ -112.697526914029055, 30.193159696958041 ], [ -112.6985086327186, 30.193626296073756 ], [ -112.699421102545102, 30.19384003107913 ], [ -112.700401867386816, 30.194250238137865 ], [ -112.701450933985285, 30.194856915423699 ], [ -112.702568309950934, 30.195660060954992 ], [ -112.703754003763365, 30.196659672594429 ], [ -112.704870932725015, 30.19743460824229 ], [ -112.705919087426324, 30.19798487008844 ], [ -112.706898459467268, 30.198310460156833 ], [ -112.707809041457892, 30.198411380305355 ], [ -112.708585924552665, 30.198288478121949 ], [ -112.70922910413897, 30.197941756157004 ], [ -112.709738577477182, 30.1973712164597 ], [ -112.71011434370071, 30.196576860577974 ], [ -112.710069223711571, 30.195844383939178 ], [ -112.709603226684905, 30.19517378577001 ], [ -112.708716360013327, 30.194565061301855 ], [ -112.707408629307693, 30.194018201771161 ], [ -112.706391987430678, 30.19341115083451 ], [ -112.705666431281358, 30.192743915385513 ], [ -112.705231956602205, 30.192016500417378 ], [ -112.705088557979522, 30.191228909023035 ], [ -112.705173274539945, 30.190494740626068 ], [ -112.705486101257776, 30.189813994992001 ], [ -112.706027033790363, 30.189186670665652 ], [ -112.706796068477885, 30.188612764971257 ], [ -112.707337958932115, 30.188041812772283 ], [ -112.707652709276402, 30.18747381673295 ], [ -112.707740323532846, 30.186908778338065 ], [ -112.707600805622093, 30.186346697893132 ], [ -112.707559117271501, 30.185811538184748 ], [ -112.707615256841791, 30.185303299375271 ], [ -112.707769222843424, 30.184821981401434 ] ] ] ] } },
{ "type": "Feature", "properties": { "VULNERABIL": 1.0, "fid": 4, "cat": 1, "CLAVE_ACUI": "2617", "NOM_ACUIF": "PUERTO LIBERTAD" }, "geometry": { "type": "MultiPolygon", "coordinates": [ [ [ [ -112.550527570629598, 29.728068731006069 ], [ -112.550696882774147, 29.728574307420214 ], [ -112.550895896245493, 29.728910348814082 ], [ -112.551124610249786, 29.729076855104047 ], [ -112.551253816996265, 29.729075340707418 ], [ -112.551383023732896, 29.729073826184745 ], [ -112.551611738885839, 29.729240331586197 ], [ -112.551810756762706, 29.729576371413732 ], [ -112.551980078157584, 29.730081945750914 ], [ -112.552119703604419, 29.73075705465962 ], [ -112.552277740661822, 29.731081701483557 ], [ -112.552419974918777, 29.731373883419131 ], [ -112.552880894427048, 29.731932430863541 ], [ -112.553502463875233, 29.732432695260336 ], [ -112.554284684428893, 29.732874674310306 ], [ -112.554745186374319, 29.733405021887691 ], [ -112.554883966069156, 29.734023741471503 ], [ -112.554701018077637, 29.734730834251486 ], [ -112.554196335170118, 29.73552629912788 ], [ -112.55382086037406, 29.736320245038378 ], [ -112.55357459681116, 29.737112672972714 ], [ -112.553457547573743, 29.737903583542391 ], [ -112.553469715724688, 29.738692976980804 ], [ -112.553642974632865, 29.739452281213612 ], [ -112.553977327723231, 29.740181495491811 ], [ -112.554472778105662, 29.740880618487726 ], [ -112.555129328574793, 29.741549648295049 ], [ -112.555591182365035, 29.742164568400963 ], [ -112.555858335216456, 29.742725381015312 ], [ -112.555930783459772, 29.743232087464353 ], [ -112.555808524016257, 29.743684688190466 ], [ -112.555783182894061, 29.744136149166863 ], [ -112.555854761399161, 29.744586470402286 ], [ -112.556023260820922, 29.74503565169265 ], [ -112.556288682432054, 29.745483692621082 ], [ -112.555874353060787, 29.745855135652238 ], [ -112.554780265788082, 29.746149974647892 ], [ -112.553006416308278, 29.746368192873646 ], [ -112.550552802932231, 29.746509762998766 ], [ -112.54871345375517, 29.746672296183426 ], [ -112.547488371820151, 29.746855817988706 ], [ -112.546877560531541, 29.747060345389261 ], [ -112.546881023657591, 29.747285886773163 ], [ -112.546982275653491, 29.747566680172451 ], [ -112.54718131751504, 29.747902725320312 ], [ -112.547478150554042, 29.748294021720138 ], [ -112.547872776398322, 29.748740568645431 ], [ -112.548525871173752, 29.749184089047542 ], [ -112.549437438053701, 29.749624578977006 ], [ -112.550607480093049, 29.750062032970256 ], [ -112.552036000227957, 29.750496444049563 ], [ -112.553303423511764, 29.750960928729995 ], [ -112.554409749090027, 29.751455491676353 ], [ -112.555354975793293, 29.751980136974886 ], [ -112.55613910213701, 29.752534868133324 ], [ -112.55721271302103, 29.753001593954448 ], [ -112.558575809262621, 29.753380307361478 ], [ -112.560228390080525, 29.753670999427868 ], [ -112.562170453094254, 29.753873659377504 ], [ -112.564115587442345, 29.754273637399336 ], [ -112.566063804702722, 29.754870932905632 ], [ -112.568015116545808, 29.755665545288725 ], [ -112.569969534735165, 29.756657473921077 ], [ -112.571530984502587, 29.757315671882672 ], [ -112.57269944296489, 29.757640154038327 ], [ -112.573474895046473, 29.757630931416791 ], [ -112.573857333479936, 29.757288011209077 ], [ -112.574172063884504, 29.756748513204975 ], [ -112.574419085680105, 29.756012437869305 ], [ -112.574598399130366, 29.75507978551699 ], [ -112.574710005342453, 29.753950556313054 ], [ -112.57501899016458, 29.75304455707731 ], [ -112.575525349967734, 29.752361786634303 ], [ -112.576229083777363, 29.751902242807002 ], [ -112.577130193273021, 29.751665922416791 ], [ -112.577932606342728, 29.75131798328297 ], [ -112.578636321483359, 29.7508584272456 ], [ -112.579241337855734, 29.750287255894353 ], [ -112.579747655284422, 29.749604470568318 ], [ -112.580546946037444, 29.749059170909351 ], [ -112.581639208265273, 29.748651351692782 ], [ -112.58302444245092, 29.748381005650554 ], [ -112.584702651409245, 29.748248123470997 ], [ -112.586033908662884, 29.748655131834379 ], [ -112.587018232240553, 29.749602040487989 ], [ -112.587655629301054, 29.751088856732231 ], [ -112.587946096132214, 29.753115585421757 ], [ -112.588067027287153, 29.754636794577294 ], [ -112.588018412171905, 29.755652485350229 ], [ -112.587800245636785, 29.756162657939853 ], [ -112.587412527977591, 29.756167311593309 ], [ -112.586962411932745, 29.756313699884277 ], [ -112.58644989532803, 29.756601822246534 ], [ -112.585874975486689, 29.757031678036178 ], [ -112.585237649229413, 29.757603266531468 ], [ -112.584699909254638, 29.758342843547009 ], [ -112.584261755302762, 29.759250410261771 ], [ -112.583923188140957, 29.760325967580776 ], [ -112.583684209563401, 29.761569516135033 ], [ -112.583569596031495, 29.762501403491729 ], [ -112.583579351661754, 29.763121629934847 ], [ -112.583713478383146, 29.763430195439991 ], [ -112.583971975936805, 29.763427099674367 ], [ -112.584265891141825, 29.763620961024788 ], [ -112.58459522597208, 29.764011779167344 ], [ -112.584959982871951, 29.7645995537174 ], [ -112.585360164756409, 29.765384284229562 ], [ -112.586017080723281, 29.76605314493337 ], [ -112.586930733326, 29.76660613193042 ], [ -112.588101123290883, 29.767043239885798 ], [ -112.589528249516817, 29.767364462028162 ], [ -112.590762394529577, 29.767744384804093 ], [ -112.591803558597519, 29.768183013609388 ], [ -112.592651741277905, 29.768680353018219 ], [ -112.593306941416671, 29.769236406783186 ], [ -112.593959469969121, 29.769623305351718 ], [ -112.594609323520515, 29.769841048914781 ], [ -112.595256498724424, 29.769889637649783 ], [ -112.595900992302816, 29.769769071720678 ], [ -112.596584059067013, 29.770042799191465 ], [ -112.597305707489937, 29.770710819107791 ], [ -112.598065947176437, 29.771773130379639 ], [ -112.598864788864219, 29.773229731781282 ], [ -112.599726044725784, 29.7745445860396 ], [ -112.600649713238511, 29.775717692059754 ], [ -112.601635792376527, 29.776749048669274 ], [ -112.602684279610571, 29.777638654618265 ], [ -112.603633139157665, 29.778360276823065 ], [ -112.604158086615726, 29.778702510763807 ], [ -112.604688429904641, 29.778962310372147 ], [ -112.604970394236616, 29.779028527050574 ], [ -112.605402528434354, 29.779093316436942 ], [ -112.605921960997208, 29.779109392224427 ], [ -112.606456057398319, 29.779933345079066 ], [ -112.607760756504931, 29.78111777668828 ], [ -112.607959154702925, 29.782170607005508 ], [ -112.608912882661073, 29.783061315505417 ], [ -112.609439342850294, 29.783650670554788 ], [ -112.61031677066596, 29.784398330243331 ], [ -112.612170840142511, 29.78699988608949 ], [ -112.612781221155856, 29.78737180891326 ], [ -112.613727290450413, 29.787135299995001 ], [ -112.614024866917958, 29.787934458929211 ], [ -112.613826506685214, 29.788333086155848 ], [ -112.61479549396347, 29.789223793712139 ], [ -112.61619174903835, 29.790415853820036 ], [ -112.616893694296991, 29.791148256491102 ], [ -112.617336243098904, 29.792279285668531 ], [ -112.617694843474624, 29.792573009655179 ], [ -112.618465444073578, 29.792851473102424 ], [ -112.618312873279407, 29.793692594719079 ], [ -112.618572290920127, 29.794068332505823 ], [ -112.618846973788663, 29.794671039309407 ], [ -112.619541276333536, 29.794886562735933 ], [ -112.620319503283852, 29.795021978924197 ], [ -112.621273233420538, 29.795992793517861 ], [ -112.622059105408752, 29.796732824709377 ], [ -112.622844971453134, 29.797245886839292 ], [ -112.622860252477707, 29.798075563465446 ], [ -112.623745317410908, 29.799122670420044 ], [ -112.624103934497626, 29.800019102016076 ], [ -112.624630400647462, 29.800833518711457 ], [ -112.624561753322766, 29.801592625673603 ], [ -112.625690961396998, 29.802399410936008 ], [ -112.626682814979858, 29.802441368490555 ], [ -112.626637035731292, 29.802387964562826 ], [ -112.627674654808487, 29.801924487214169 ], [ -112.62784252037379, 29.802471881953732 ], [ -112.627857800712732, 29.803274856549109 ], [ -112.627781519251783, 29.803810809304725 ], [ -112.628307967612528, 29.803946226231584 ], [ -112.628826796136906, 29.804472640160355 ], [ -112.628674234820281, 29.805674241892987 ], [ -112.628514028704785, 29.806280764804995 ], [ -112.628697155656994, 29.806873934795469 ], [ -112.628704804706771, 29.80763113411756 ], [ -112.629116818755918, 29.808142290827025 ], [ -112.628643804037821, 29.808987227316944 ], [ -112.628659082928664, 29.809734889534717 ], [ -112.629795933296052, 29.811073813373838 ], [ -112.631100620828406, 29.811808120795689 ], [ -112.63180256157095, 29.812330720254341 ], [ -112.631817844523411, 29.81323287420739 ], [ -112.632695284046122, 29.814421121005637 ], [ -112.633664269616887, 29.815241258653458 ], [ -112.634854503341131, 29.815641789225669 ], [ -112.636082883574147, 29.815960305277503 ], [ -112.637639333098406, 29.816093811768543 ], [ -112.637761423442001, 29.816706055202921 ], [ -112.638097154824251, 29.817739812753803 ], [ -112.638707544702257, 29.818479844460938 ], [ -112.639073783287373, 29.819080643580573 ], [ -112.640355565823583, 29.819217965709811 ], [ -112.641309268199095, 29.819126412322721 ], [ -112.642026493866084, 29.820623643061769 ], [ -112.642636878746345, 29.821138613123694 ], [ -112.642903968782306, 29.823156539282817 ], [ -112.642858208971234, 29.823843168851745 ], [ -112.643834847450364, 29.825563553059638 ], [ -112.64523110256745, 29.826746076988243 ], [ -112.646360302326514, 29.82726485946311 ], [ -112.647527668500345, 29.82845882766189 ], [ -112.648122809818574, 29.829570784028725 ], [ -112.648916317025751, 29.830533969428899 ], [ -112.649534350087023, 29.831735568903696 ], [ -112.649465706631702, 29.8326396305198 ], [ -112.649397054094408, 29.833164138755102 ], [ -112.649740395218103, 29.833455955371051 ], [ -112.65106797303342, 29.834253203871544 ], [ -112.651312127906124, 29.834493524132697 ], [ -112.651258741980669, 29.8352964980308 ], [ -112.650710166417241, 29.836205066925068 ], [ -112.65012796953016, 29.836056553283267 ], [ -112.649135311870907, 29.835777970283541 ], [ -112.64843395367032, 29.835612694823304 ], [ -112.647754469073234, 29.835592978407384 ], [ -112.647374376669703, 29.835740648613335 ], [ -112.647234766412851, 29.835884763273608 ], [ -112.647126638244004, 29.836121869570992 ], [ -112.647087626777449, 29.836343704660877 ], [ -112.647093488016836, 29.836700895027082 ], [ -112.646952819598255, 29.837087149727871 ], [ -112.646817540100571, 29.837234520431007 ], [ -112.646620028654482, 29.837411716775787 ], [ -112.646137315681727, 29.837558718614456 ], [ -112.645490614946183, 29.837566778867792 ], [ -112.645059078287758, 29.837774393970776 ], [ -112.644725198688391, 29.83822483860585 ], [ -112.644542734984526, 29.838932028471273 ], [ -112.644557516912826, 29.839834138413231 ], [ -112.644181495380252, 29.840571935011553 ], [ -112.64341466326394, 29.841145415236532 ], [ -112.642257017148452, 29.841554572429132 ], [ -112.640708557326803, 29.841799396301081 ], [ -112.639215552591125, 29.841479579373026 ], [ -112.637778027983899, 29.840595122513442 ], [ -112.636396007143219, 29.839146026454941 ], [ -112.635069512299779, 29.837132291793846 ], [ -112.633944879691313, 29.835595389639394 ], [ -112.633022083174183, 29.834535326427332 ], [ -112.632527784704251, 29.834135476098137 ], [ -112.631781924088756, 29.833845736354323 ], [ -112.631293706245231, 29.833654390424591 ], [ -112.630836450228955, 29.833378069856533 ], [ -112.630410156996433, 29.833016774927486 ], [ -112.630014827356533, 29.832570505895834 ], [ -112.62936220547985, 29.832212000668072 ], [ -112.628452292175837, 29.831941255402903 ], [ -112.627285086841127, 29.831758264802289 ], [ -112.625860587459954, 29.831663022111325 ], [ -112.624761249454082, 29.831676551472381 ], [ -112.623987069784491, 29.831798861137113 ], [ -112.623538047424958, 29.832029956869878 ], [ -112.623414183362485, 29.832369841947916 ], [ -112.623451987694366, 29.83270773962392 ], [ -112.623651462043483, 29.833043649698066 ], [ -112.624012607984255, 29.833377571377302 ], [ -112.624535427042559, 29.833709503275266 ], [ -112.624962159466349, 29.834099009057496 ], [ -112.625292804950448, 29.834546089660403 ], [ -112.625527362853518, 29.835050745821597 ], [ -112.625665832197896, 29.83561297807988 ], [ -112.62606206916297, 29.836115642635438 ], [ -112.626716076757916, 29.83655873706104 ], [ -112.627627857004228, 29.836942257452286 ], [ -112.628797410935434, 29.837266198427503 ], [ -112.629741540313034, 29.837649304786556 ], [ -112.630460244498366, 29.838091581390621 ], [ -112.630953522003338, 29.838593031974654 ], [ -112.631221370490181, 29.839153659147343 ], [ -112.631005098873487, 29.839776659957419 ], [ -112.63030469767078, 29.840462032363444 ], [ -112.629120155334888, 29.841209769062992 ], [ -112.627451458254455, 29.842019857491664 ], [ -112.626037775553428, 29.842601210649821 ], [ -112.624879121543984, 29.842953836258808 ], [ -112.623975507053714, 29.843077740671099 ], [ -112.623326939425382, 29.842972928869649 ], [ -112.622643756646312, 29.842727555089379 ], [ -112.621925961866694, 29.842341618660576 ], [ -112.621173558555384, 29.841815118866936 ], [ -112.620386550499788, 29.841148054945549 ], [ -112.619723438715795, 29.840141103917816 ], [ -112.619184226807903, 29.838794267389211 ], [ -112.618768916014417, 29.837107546660118 ], [ -112.618477505207849, 29.835080942725853 ], [ -112.617964313477316, 29.833339023643187 ], [ -112.617229347145994, 29.831881786773604 ], [ -112.616272608826321, 29.830709228467104 ], [ -112.615094097421164, 29.829821344062157 ], [ -112.613561305329029, 29.829022368117084 ], [ -112.611674236226833, 29.828312288160824 ], [ -112.609432891782305, 29.827691088937939 ], [ -112.606837271655678, 29.827158752408508 ], [ -112.604629662860376, 29.826621650754635 ], [ -112.602810060437662, 29.826079803658601 ], [ -112.601378459149089, 29.825533227384984 ], [ -112.600334853478174, 29.824981934781011 ], [ -112.599550809491888, 29.824483884722156 ], [ -112.599026322266042, 29.824039082032961 ], [ -112.598761387632095, 29.823647529975347 ], [ -112.598756002177311, 29.823309230248636 ], [ -112.598394077390068, 29.822918851223477 ], [ -112.59767561787956, 29.822476389784701 ], [ -112.596600629228064, 29.821981839887147 ], [ -112.595169117991475, 29.821435192556056 ], [ -112.593897932111304, 29.820802003488268 ], [ -112.5927870721452, 29.820082277281035 ], [ -112.592033198830393, 29.819442830860375 ], [ -112.591836537803772, 29.819276017974875 ], [ -112.591046327950764, 29.818383229053435 ], [ -112.590389020816772, 29.81771441227972 ], [ -112.590257917484365, 29.817603201914611 ], [ -112.589800842752169, 29.817326731687636 ], [ -112.589411105468997, 29.817218632662922 ], [ -112.589244295610868, 29.817051456496237 ], [ -112.589214453143853, 29.817051815498015 ], [ -112.58895135922802, 29.816773008497925 ], [ -112.588683808457574, 29.816212282781393 ], [ -112.588411803387359, 29.815369638166679 ], [ -112.588135346761788, 29.814245074434186 ], [ -112.587569725866231, 29.813236773590457 ], [ -112.586714947095984, 29.812344731723801 ], [ -112.585571014765719, 29.811568943091626 ], [ -112.584137931110249, 29.810909400120487 ], [ -112.582928935957156, 29.810106170366879 ], [ -112.581944029581223, 29.809159259941307 ], [ -112.581183210308197, 29.808068673874949 ], [ -112.580646474515447, 29.806834416119568 ], [ -112.58014651079543, 29.80588168866867 ], [ -112.579683313533323, 29.805210492249195 ], [ -112.579256877845424, 29.804820827499977 ], [ -112.578867199578823, 29.804712694971798 ], [ -112.578541287556504, 29.804547404958203 ], [ -112.578279142056246, 29.804324957918233 ], [ -112.578080763138388, 29.804045354225085 ], [ -112.577946150645829, 29.80370859416616 ], [ -112.57776902798139, 29.80351549702716 ], [ -112.577422752759745, 29.803320080888124 ], [ -112.5769684319459, 29.803212714170737 ], [ -112.576451230583416, 29.803218885271129 ], [ -112.576029678217893, 29.803139321676024 ], [ -112.575703775754931, 29.802974024267009 ], [ -112.575473523610967, 29.80272299373264 ], [ -112.575372572098701, 29.802470421376867 ], [ -112.575151452233584, 29.802802026008528 ], [ -112.5751591100816, 29.803290688279358 ], [ -112.575101528473766, 29.80374253174007 ], [ -112.574977528516229, 29.804082377537309 ], [ -112.574787109886216, 29.804310225510161 ], [ -112.574530272718278, 29.804426075375787 ], [ -112.574078598585544, 29.804487851175111 ], [ -112.573432087757297, 29.804495550897553 ], [ -112.57259074109497, 29.804449171646173 ], [ -112.57155456005232, 29.804348709637818 ], [ -112.570776544192924, 29.80421697353054 ], [ -112.570256693452009, 29.804053967894575 ], [ -112.569995007211489, 29.80385969580362 ], [ -112.569991484300246, 29.803634158834868 ], [ -112.569778955082484, 29.80340242876056 ], [ -112.569761244359, 29.803383117903635 ], [ -112.569304289214841, 29.803106571753514 ], [ -112.568620620985243, 29.802804517948086 ], [ -112.567710242078221, 29.802476952870936 ], [ -112.566862321366415, 29.80200765390472 ], [ -112.566076861714762, 29.801396622124734 ], [ -112.565353865483672, 29.800643858528144 ], [ -112.564693334529039, 29.799749364033971 ], [ -112.56428720688416, 29.799310928441301 ], [ -112.56364492895014, 29.79885945564056 ], [ -112.562208658461145, 29.797974123747949 ], [ -112.561541347379446, 29.797364118502887 ], [ -112.56142238278558, 29.797306677245814 ], [ -112.560536522366434, 29.796471216969667 ], [ -112.55967687708528, 29.795240676541702 ], [ -112.558843456828896, 29.793615055929777 ], [ -112.558036271083978, 29.791594355040722 ], [ -112.55710769253713, 29.79008263285521 ], [ -112.556057711347933, 29.789079887462453 ], [ -112.5548863143418, 29.788586116636353 ], [ -112.553593485008903, 29.788601317835017 ], [ -112.552556174384037, 29.788416122751478 ], [ -112.551774387595032, 29.788030537214503 ], [ -112.551248126700045, 29.787444565663133 ], [ -112.550977390687891, 29.786658211146435 ], [ -112.550611003278149, 29.785957570575821 ], [ -112.550148965410941, 29.785342643143782 ], [ -112.549591277537658, 29.78481342784956 ], [ -112.548937939621155, 29.784369923499131 ], [ -112.548412148849593, 29.783812131553482 ], [ -112.548378961657448, 29.783756125106258 ], [ -112.548013905054688, 29.783140053518963 ], [ -112.547914344961953, 29.782972033782677 ], [ -112.547544089922496, 29.782017650459782 ], [ -112.547268195999308, 29.780892975888552 ], [ -112.546963892188202, 29.780022411279766 ], [ -112.546940946150158, 29.779979897196611 ], [ -112.546601892354701, 29.779603682422874 ], [ -112.546079606079218, 29.779271419815124 ], [ -112.545620226362544, 29.778825629176019 ], [ -112.545223754025699, 29.778266311113608 ], [ -112.545207075688211, 29.778232668891075 ], [ -112.544890189477556, 29.777593466155743 ], [ -112.544619532714748, 29.776807094750097 ], [ -112.544160603639668, 29.77638949082559 ], [ -112.54351339924122, 29.776340652585329 ], [ -112.542677912520347, 29.776660577516626 ], [ -112.541654132489541, 29.777349262390565 ], [ -112.541019876019604, 29.778146190686151 ], [ -112.540775150705485, 29.779051367715212 ], [ -112.540784646720098, 29.779117821992482 ], [ -112.540919966512476, 29.780064795250816 ], [ -112.541454335776962, 29.781186471526819 ], [ -112.542018443488388, 29.782138612535803 ], [ -112.542612287394817, 29.782921218039309 ], [ -112.543235864982535, 29.783534287777062 ], [ -112.543889173476146, 29.783977821466959 ], [ -112.544253343008563, 29.784537520072469 ], [ -112.544328370217798, 29.785213386083068 ], [ -112.544114249667103, 29.786005420156322 ], [ -112.543610973844636, 29.786913621117698 ], [ -112.543431328390042, 29.787846239519933 ], [ -112.543575322271877, 29.788803276355257 ], [ -112.54404296482015, 29.789784730220873 ], [ -112.544834265726294, 29.790790597318548 ], [ -112.54543035154181, 29.791714149079457 ], [ -112.545831215440344, 29.792555388423846 ], [ -112.546036851522757, 29.793314317369617 ], [ -112.546047254817424, 29.793990937032131 ], [ -112.546284785238271, 29.794721294688927 ], [ -112.546749448114781, 29.795505388906715 ], [ -112.547441249454209, 29.796343217053408 ], [ -112.548360195941655, 29.797234775297685 ], [ -112.549086084361363, 29.7981849847204 ], [ -112.549618910737507, 29.799193848630015 ], [ -112.549958670382992, 29.800261369511606 ], [ -112.550105357898971, 29.801387549026845 ], [ -112.550380045834572, 29.802427633981004 ], [ -112.550782737294682, 29.80338162349738 ], [ -112.551313434719262, 29.804249516347465 ], [ -112.551972139883134, 29.805031310950973 ], [ -112.552435591233419, 29.805730803633178 ], [ -112.552703783569228, 29.80634799666182 ], [ -112.552776712617643, 29.806882891401532 ], [ -112.552654375033853, 29.80733548831358 ], [ -112.552659601857357, 29.807673796375042 ], [ -112.552792394303722, 29.807897815542006 ], [ -112.55305275271877, 29.808007545426545 ], [ -112.553440676578518, 29.808002985296756 ], [ -112.554124339018173, 29.808305117808203 ], [ -112.555103748880981, 29.808913938006889 ], [ -112.556378920466685, 29.809829438715358 ], [ -112.557949873532507, 29.81105161053182 ], [ -112.559195394538079, 29.812136616466223 ], [ -112.560115468062335, 29.813084466354209 ], [ -112.560710081261945, 29.813895167522471 ], [ -112.560979223871584, 29.814568724787968 ], [ -112.561151820786364, 29.815271619619487 ], [ -112.561227870177774, 29.816003852454301 ], [ -112.56120737003917, 29.816765423523709 ], [ -112.56109031818562, 29.817556332852988 ], [ -112.561231906329198, 29.81834418563756 ], [ -112.561632140501601, 29.81912898082707 ], [ -112.562291026615512, 29.819910715853045 ], [ -112.563208570464425, 29.820689386628619 ], [ -112.563964033774369, 29.821441772340041 ], [ -112.564557412413137, 29.822167875930806 ], [ -112.564988702475404, 29.822867699738268 ], [ -112.565257900282802, 29.823541245493598 ], [ -112.565654671903161, 29.824100489258505 ], [ -112.566179017967542, 29.824545429882768 ], [ -112.566830938236379, 29.82487606587226 ], [ -112.567610431599448, 29.825092395388914 ], [ -112.568262800147522, 29.825451216037106 ], [ -112.568788045458135, 29.825952529627266 ], [ -112.569186168037888, 29.826596337633077 ], [ -112.569457167322184, 29.827382641191509 ], [ -112.569757859952261, 29.827999407546368 ], [ -112.570088244793041, 29.828446636575986 ], [ -112.570448320448563, 29.828724328136982 ], [ -112.570838085261926, 29.828832482064321 ], [ -112.571132615054253, 29.829054556723385 ], [ -112.571331910262927, 29.829390552726938 ], [ -112.571435970685442, 29.829840470499601 ], [ -112.571444795479493, 29.830404310277792 ], [ -112.571579867855775, 29.830769267128531 ], [ -112.571841188266291, 29.830935340675207 ], [ -112.572228755701218, 29.830902530216303 ], [ -112.572742567688962, 29.830670834725467 ], [ -112.573258586017928, 29.830580097126607 ], [ -112.57377681283667, 29.83063031732058 ], [ -112.574297250340749, 29.830821495198673 ], [ -112.574819900772837, 29.831153630642646 ], [ -112.575209679237787, 29.831261771111642 ], [ -112.575466582718136, 29.831145917903786 ], [ -112.575590610028328, 29.830806071829279 ], [ -112.575581761814746, 29.830242233210399 ], [ -112.575835122502241, 29.829900843934322 ], [ -112.576350690918702, 29.829781902560857 ], [ -112.577128469374557, 29.829885405938889 ], [ -112.57816846366272, 29.83021134920611 ], [ -112.579026432641371, 29.831300784454339 ], [ -112.579702391328325, 29.833153714369686 ], [ -112.58019634723766, 29.835770140933761 ], [ -112.580508300378824, 29.839150065424022 ], [ -112.580905301915891, 29.841767646390352 ], [ -112.581387346552916, 29.843622884025173 ], [ -112.581954425941774, 29.844715778244225 ], [ -112.582606528682646, 29.845046328686692 ], [ -112.58306593862298, 29.845463777630144 ], [ -112.583332654700129, 29.845968127115071 ], [ -112.583406674820026, 29.846559378371456 ], [ -112.583287995857035, 29.847237531818674 ], [ -112.583396136011672, 29.847941162119533 ], [ -112.583731100139033, 29.848670268531002 ], [ -112.584292893384841, 29.849424849127562 ], [ -112.585081521185501, 29.850204900800957 ], [ -112.585643779069642, 29.85098766650006 ], [ -112.585979661925023, 29.851773149309526 ], [ -112.586089164546166, 29.85256135115068 ], [ -112.585972281634184, 29.853352272781308 ], [ -112.586082232302658, 29.854168666073111 ], [ -112.586419022178532, 29.855010530243941 ], [ -112.586982657179519, 29.855877863328892 ], [ -112.587773143514013, 29.856770662179947 ], [ -112.588275240966667, 29.857836108298415 ], [ -112.588488943362151, 29.859074205137802 ], [ -112.588414241496366, 29.860484954357133 ], [ -112.588051123135401, 29.862068355820654 ], [ -112.587944517057466, 29.863507685260405 ], [ -112.588094434502693, 29.864802942966907 ], [ -112.588500884458171, 29.865954127806422 ], [ -112.589163873657157, 29.866961237220718 ], [ -112.589634143189542, 29.868055255250962 ], [ -112.589911688204708, 29.869236184103038 ], [ -112.589996502818792, 29.870504025171815 ], [ -112.589888580114405, 29.871858779041069 ], [ -112.589911833882994, 29.873324739948046 ], [ -112.590066270192139, 29.874901907538042 ], [ -112.590351895983005, 29.876590281027514 ], [ -112.590768719070681, 29.878389859203882 ], [ -112.59127902590474, 29.879962732540037 ], [ -112.591882816856895, 29.881308900072273 ], [ -112.592580091093751, 29.882428360662129 ], [ -112.593370846576718, 29.883321112996438 ], [ -112.593869561093328, 29.884160995001857 ], [ -112.594076226602709, 29.884948010309689 ], [ -112.593990835898538, 29.885682160576046 ], [ -112.593613382609234, 29.886363445481624 ], [ -112.593333428275585, 29.887071748662624 ], [ -112.593150974797567, 29.887807070663939 ], [ -112.593066024223646, 29.888569411808074 ], [ -112.593078578750919, 29.889358772195255 ], [ -112.593284353893694, 29.890089405111507 ], [ -112.593683353413908, 29.890761309529044 ], [ -112.594275580357646, 29.891374483594049 ], [ -112.595061037054847, 29.891928924626576 ], [ -112.595619578345151, 29.892457909038257 ], [ -112.595951200325871, 29.89296143986628 ], [ -112.596055899384538, 29.89343951896349 ], [ -112.595933672198896, 29.893892146998226 ], [ -112.596037923054908, 29.894342034633198 ], [ -112.596317334302682, 29.894719796468053 ], [ -112.596368654969567, 29.894789181219803 ], [ -112.596925870866286, 29.895233584943689 ], [ -112.59755886098857, 29.895590309000529 ], [ -112.597709573574775, 29.895675242824666 ], [ -112.598331959631693, 29.896147047614427 ], [ -112.598793027449901, 29.896649001654374 ], [ -112.599092775123381, 29.897181106704188 ], [ -112.599231200427099, 29.897743363941863 ], [ -112.59939973118226, 29.898164271985767 ], [ -112.599575447391615, 29.898411573995226 ], [ -112.599598366962539, 29.89844383075879 ], [ -112.599827107114606, 29.898582040163824 ], [ -112.600085950758071, 29.898578900083852 ], [ -112.60028323753113, 29.898773883802171 ], [ -112.600418968315253, 29.899166991548309 ], [ -112.600493143313713, 29.899758223475342 ], [ -112.600505762051711, 29.900547579659893 ], [ -112.600712519302206, 29.901334579519375 ], [ -112.601113419583598, 29.902119221972921 ], [ -112.601708467345489, 29.902901505082838 ], [ -112.602497666968688, 29.903681426054497 ], [ -112.60309544400863, 29.904632849422253 ], [ -112.603501796443709, 29.905755777806689 ], [ -112.603716720286002, 29.907050213054454 ], [ -112.603740209580721, 29.908516156238218 ], [ -112.603953336888367, 29.909697825429529 ], [ -112.604356106577299, 29.910595219674381 ], [ -112.60494851986094, 29.911208337284233 ], [ -112.605730574797263, 29.911537175835946 ], [ -112.60625375752123, 29.911869163496554 ], [ -112.60651806565663, 29.91220430344158 ], [ -112.606523496704, 29.912542597323142 ], [ -112.606270048040628, 29.912884045269827 ], [ -112.606308291028668, 29.91325013607576 ], [ -112.606638228899797, 29.913640869363682 ], [ -112.60725986522344, 29.914056242803376 ], [ -112.608173203906787, 29.914496252111604 ], [ -112.609025909289713, 29.915190764632964 ], [ -112.609817986934488, 29.916139781272562 ], [ -112.610549441569148, 29.917343302857592 ], [ -112.611220277087824, 29.918801330137384 ], [ -112.611886590628231, 29.919977442475684 ], [ -112.612548375914116, 29.920871640300692 ], [ -112.613205626861259, 29.921483924002768 ], [ -112.613858337578009, 29.921814293934467 ], [ -112.614415328947928, 29.922230422521686 ], [ -112.614876601320887, 29.922732310953688 ], [ -112.615242154554906, 29.923319960226159 ], [ -112.615511988016067, 29.923993371141403 ], [ -112.616042100866125, 29.92474818033552 ], [ -112.616832500231212, 29.925584384373177 ], [ -112.617883194443507, 29.926501978225975 ], [ -112.619194193041253, 29.927500955272134 ], [ -112.620212107493458, 29.928390735422411 ], [ -112.620936926829742, 29.929171325927005 ], [ -112.621368641921421, 29.929842732004229 ], [ -112.621507245481652, 29.93040495684 ], [ -112.621839586981096, 29.930936601107057 ], [ -112.622365669110039, 29.931437663242548 ], [ -112.623085494162567, 29.931908140841731 ], [ -112.623999064036397, 29.932348030657849 ], [ -112.624751269235816, 29.93281809973967 ], [ -112.62534210832257, 29.933318350904248 ], [ -112.625771579538309, 29.933848786386388 ], [ -112.626039680804368, 29.934409407838558 ], [ -112.626403509796134, 29.934884257967649 ], [ -112.626863066842077, 29.935273335982377 ], [ -112.627418351778374, 29.935576640897921 ], [ -112.628069363948697, 29.935794171536052 ], [ -112.628625114519181, 29.936125661845889 ], [ -112.629085604558512, 29.936571112980751 ], [ -112.629450834492729, 29.937130525906067 ], [ -112.629720804105276, 29.937803901399345 ], [ -112.630053214818815, 29.938335521819983 ], [ -112.63044806608039, 29.938725386743876 ], [ -112.630905356830809, 29.93897349566927 ], [ -112.631425085504745, 29.939079848016753 ], [ -112.631816263300166, 29.939244182970093 ], [ -112.632078890334512, 29.939466501668562 ], [ -112.632212966264063, 29.939746804890387 ], [ -112.632218490283947, 29.940085093052794 ], [ -112.632387237927674, 29.940505948474662 ], [ -112.63271921169661, 29.941009370420506 ], [ -112.633214414881692, 29.941595357514661 ], [ -112.633872851563453, 29.942263907741228 ], [ -112.634561361104716, 29.942791099577164 ], [ -112.635279940925201, 29.943176932675229 ], [ -112.636028588217741, 29.943421406668492 ], [ -112.636807299948487, 29.94352452117046 ], [ -112.6376854310639, 29.943767377049369 ], [ -112.638662985925649, 29.944149972136049 ], [ -112.639739969747851, 29.944672303995986 ], [ -112.640916388597134, 29.945334369929149 ], [ -112.642058136505796, 29.945855875543014 ], [ -112.643165208046881, 29.946236821973148 ], [ -112.64423759811406, 29.946477210308352 ], [ -112.645275301921714, 29.946577041590782 ], [ -112.646185848331953, 29.94681943468542 ], [ -112.646969240500667, 29.947204392101913 ], [ -112.647442343066416, 29.947584700397741 ], [ -112.647625480507273, 29.94773191601378 ], [ -112.648154569354745, 29.948402008258608 ], [ -112.648378872904928, 29.948617082148267 ], [ -112.648711850020263, 29.948817979288751 ], [ -112.649199740235105, 29.948952854184252 ], [ -112.64971767547587, 29.948946369923654 ], [ -112.650140825531309, 29.949082051902234 ], [ -112.650272171858447, 29.949193191637775 ], [ -112.650469191896534, 29.949359900971352 ], [ -112.650600538953526, 29.94947104034722 ], [ -112.650899797208339, 29.949946626403595 ], [ -112.651169948135603, 29.950619949912589 ], [ -112.651600563251904, 29.951206672584085 ], [ -112.651699076317712, 29.951290026155977 ], [ -112.652417780448332, 29.9516757604638 ], [ -112.653329788367259, 29.952002672569105 ], [ -112.654047570167549, 29.952332016868795 ], [ -112.654571124140361, 29.95266379660919 ], [ -112.654822960219931, 29.952919374833417 ], [ -112.654998032031983, 29.953024984486277 ], [ -112.65522884093825, 29.953275850230572 ], [ -112.655232297311571, 29.953484458423915 ], [ -112.65536346823778, 29.953584316458091 ], [ -112.655884229469294, 29.953746948780349 ], [ -112.65659782455063, 29.953822565807542 ], [ -112.657504251887318, 29.953811164462099 ], [ -112.658412082654564, 29.953884327632565 ], [ -112.659321319169464, 29.954042055199281 ], [ -112.660231963767131, 29.954284347039 ], [ -112.661144018800613, 29.954611203024921 ], [ -112.662054203416432, 29.954825291681413 ], [ -112.662962514484434, 29.954926613175793 ], [ -112.663868948906355, 29.954915167669416 ], [ -112.66477350361582, 29.954790955317744 ], [ -112.665485700510658, 29.954781953193262 ], [ -112.666005542263619, 29.95488816432113 ], [ -112.666333030193684, 29.955109590928668 ], [ -112.666468164265837, 29.955446234445379 ], [ -112.666765163714274, 29.955780829863635 ], [ -112.667224030091617, 29.956113376026998 ], [ -112.667844764900423, 29.956443871182799 ], [ -112.668627369593182, 29.956772312982189 ], [ -112.669248584022171, 29.95713099123596 ], [ -112.669708407144384, 29.957519908268438 ], [ -112.670006837595025, 29.9579390658214 ], [ -112.670143873687422, 29.958388465054117 ], [ -112.670310927750137, 29.958696503274876 ], [ -112.670507999279522, 29.958863180404993 ], [ -112.670735087546248, 29.958888496346294 ], [ -112.670992191595317, 29.958772450981126 ], [ -112.671185962587288, 29.958741796731108 ], [ -112.671316401087807, 29.958796533855654 ], [ -112.671383507344004, 29.958936662532114 ], [ -112.671387281284524, 29.9591621828557 ], [ -112.671520551156732, 29.959386059976843 ], [ -112.671783317804781, 29.959608293469326 ], [ -112.672175582040651, 29.959828882525386 ], [ -112.672697344644206, 29.960047825955627 ], [ -112.673221470879938, 29.960407717265944 ], [ -112.673747963069076, 29.960908556319747 ], [ -112.674276823583256, 29.961550342970774 ], [ -112.674808054844618, 29.962333077063182 ], [ -112.67501696197823, 29.96320449610711 ], [ -112.674903537295293, 29.964164601906027 ], [ -112.674467771279964, 29.965213393958631 ], [ -112.673709652589082, 29.966350869458463 ], [ -112.673276700065315, 29.967568797936707 ], [ -112.673168924876492, 29.968867182141764 ], [ -112.673386339652438, 29.970246022349599 ], [ -112.673928958485575, 29.971705316363177 ], [ -112.674207838969139, 29.972886001251091 ], [ -112.674222968989937, 29.973788079281977 ], [ -112.673974340890027, 29.97441155093582 ], [ -112.673461951467658, 29.974756414903698 ], [ -112.672983827503401, 29.975213625425273 ], [ -112.672539967950186, 29.975783182895338 ], [ -112.672130372010159, 29.976465087667503 ], [ -112.671755039134709, 29.977259340054264 ], [ -112.671512525632295, 29.978249277098907 ], [ -112.671402834361032, 29.979434899354207 ], [ -112.671425969780415, 29.98081620689425 ], [ -112.671581937951771, 29.982393199314469 ], [ -112.67161263508649, 29.984225544993713 ], [ -112.671518055231928, 29.986313244070804 ], [ -112.671298190590505, 29.988656296371989 ], [ -112.670953031518721, 29.99125470141076 ], [ -112.670813466732952, 29.992867667234755 ], [ -112.670708791040013, 29.994077391370535 ], [ -112.670565477065992, 29.997124366271798 ], [ -112.670523098937352, 30.000395625828848 ], [ -112.670581667424756, 30.00389116944968 ], [ -112.670825133563596, 30.006820446961299 ], [ -112.67125350693847, 30.009183457596666 ], [ -112.671866791278731, 30.010980199909781 ], [ -112.672664984455963, 30.012210671775737 ], [ -112.673172147815578, 30.013473034934904 ], [ -112.673388271013394, 30.014767293140679 ], [ -112.673313343048747, 30.016093448235793 ], [ -112.672947352264288, 30.017451500151861 ], [ -112.673103431044211, 30.019028479243932 ], [ -112.673781605647548, 30.020824382514341 ], [ -112.674981908982744, 30.022839200462194 ], [ -112.676704380609962, 30.025072917080344 ], [ -112.677969588975657, 30.027086876412302 ], [ -112.678777497953362, 30.028881093233512 ], [ -112.679128077297932, 30.030455577298124 ], [ -112.679021302647584, 30.031810333336484 ], [ -112.679040789997003, 30.03296610758693 ], [ -112.679186543273303, 30.033922899929546 ], [ -112.679458564931622, 30.034680709921396 ], [ -112.679856855954654, 30.035239536796531 ], [ -112.680226558563874, 30.036024292822713 ], [ -112.68056767488396, 30.037034978092997 ], [ -112.680880206727593, 30.038271592674359 ], [ -112.681164155595468, 30.039734136607827 ], [ -112.681476228799269, 30.040942559131601 ], [ -112.681816424493519, 30.041896860231947 ], [ -112.682184740499352, 30.042597039865406 ], [ -112.682581174304488, 30.043043097958858 ], [ -112.682819895529065, 30.043744933592667 ], [ -112.682900902995115, 30.044702547605105 ], [ -112.682824193163199, 30.045915940331742 ], [ -112.68258976013189, 30.047385111605241 ], [ -112.682646470226075, 30.048822361280859 ], [ -112.68299433592091, 30.050227688519229 ], [ -112.683633369036059, 30.051601090567015 ], [ -112.684563580735329, 30.052942562756396 ], [ -112.685518104257454, 30.053804391409255 ], [ -112.686496925765198, 30.05418657668282 ], [ -112.687500031068836, 30.054089118648207 ], [ -112.688527405627752, 30.05351201729043 ], [ -112.689427544992924, 30.053077520792254 ], [ -112.690200454741657, 30.052785631581688 ], [ -112.690846139369015, 30.05263635175028 ], [ -112.691364602288033, 30.052629683053233 ], [ -112.691754407947798, 30.052681058878203 ], [ -112.692015556894347, 30.052790480349984 ], [ -112.692148049209152, 30.052957948231505 ], [ -112.692151884509158, 30.053183462923734 ], [ -112.692350144845207, 30.053406475091695 ], [ -112.692448316340034, 30.053461602387188 ], [ -112.692740913105254, 30.053514226502831 ], [ -112.693129763359352, 30.053509219437348 ], [ -112.693651109295942, 30.053671677437244 ], [ -112.694304954159179, 30.054001598787021 ], [ -112.695091302554516, 30.054498981306249 ], [ -112.696010160449006, 30.055163822349503 ], [ -112.696766044597325, 30.055774369157046 ], [ -112.697358950852831, 30.056330624719383 ], [ -112.697788875576009, 30.056832591398965 ], [ -112.69805581563466, 30.057280270930057 ], [ -112.69826035340202, 30.057869733187211 ], [ -112.698402488787238, 30.058600978434438 ], [ -112.698482221192208, 30.059474006858729 ], [ -112.698499549511354, 30.060488818570093 ], [ -112.698415807831168, 30.061279372599341 ], [ -112.69823099402366, 30.061845668902041 ], [ -112.697945107394432, 30.062187707125613 ], [ -112.697558148682617, 30.062305486609311 ], [ -112.697141187023988, 30.062564629510007 ], [ -112.696694220447313, 30.06296513560396 ], [ -112.696217246755069, 30.063507004648013 ], [ -112.695710263523338, 30.064190236379559 ], [ -112.695168463140718, 30.06473293809859 ], [ -112.694591847194928, 30.065135109340872 ], [ -112.693980417598198, 30.065396749594534 ], [ -112.693334176587172, 30.065517858300023 ], [ -112.692853813393924, 30.065862391229501 ], [ -112.692539326715533, 30.066430350227066 ], [ -112.692390717530699, 30.067221736400445 ], [ -112.69240798909992, 30.068236550121114 ], [ -112.692553939159808, 30.069193315782169 ], [ -112.692828571063274, 30.070092032845558 ], [ -112.693231887698531, 30.070932700410946 ], [ -112.693763891488871, 30.071715317215737 ], [ -112.69422772053916, 30.072301442532055 ], [ -112.694623370751728, 30.072691077285022 ], [ -112.694950838891444, 30.072884222245587 ], [ -112.695210122586047, 30.072880878030567 ], [ -112.695401220326147, 30.072681045102527 ], [ -112.695524131465334, 30.072284723769751 ], [ -112.69557885622018, 30.071691914186285 ], [ -112.695565395670201, 30.070902616351876 ], [ -112.695683496828082, 30.070224402766133 ], [ -112.695933157262388, 30.069657273195968 ], [ -112.696314375422787, 30.069201226973615 ], [ -112.696827150640004, 30.068856262996611 ], [ -112.697600637996658, 30.06859251622231 ], [ -112.698634837044864, 30.068409982062466 ], [ -112.69992974854506, 30.068308654324518 ], [ -112.701485374465776, 30.068288525211457 ], [ -112.702785589968698, 30.068497249820989 ], [ -112.7038304028883, 30.068934835428802 ], [ -112.704619817536326, 30.069601287934812 ], [ -112.705153834701548, 30.070496611863714 ], [ -112.705619173539759, 30.071167261873072 ], [ -112.706015829308896, 30.071613238935072 ], [ -112.706343798270964, 30.071834543856067 ], [ -112.706603077692193, 30.071831177276472 ], [ -112.706702243063177, 30.071942670847829 ], [ -112.706641294227424, 30.072169024934706 ], [ -112.706420229908446, 30.072510239353679 ], [ -112.706039047709822, 30.072966313373268 ], [ -112.705755093438626, 30.073421124432379 ], [ -112.705568368472029, 30.073874673109348 ], [ -112.705478874168776, 30.07432695976701 ], [ -112.705486611869162, 30.074777984552604 ], [ -112.705298916292293, 30.075175154807123 ], [ -112.704915785323749, 30.075518469781372 ], [ -112.704337217444376, 30.075807927827949 ], [ -112.703563211730241, 30.076043526401126 ], [ -112.702952708096717, 30.076361587833699 ], [ -112.702505706751438, 30.07676211439178 ], [ -112.702222208695346, 30.077245107696477 ], [ -112.702102215722746, 30.077810568723891 ], [ -112.701882571837587, 30.078236343575625 ], [ -112.701563276567498, 30.078522431791537 ], [ -112.701144330299243, 30.078668832643537 ], [ -112.700625734278844, 30.078675545135699 ], [ -112.700105691599305, 30.078597688251694 ], [ -112.699584203601248, 30.078435261919932 ], [ -112.699061271643714, 30.078188266065368 ], [ -112.698942095309121, 30.078112910477081 ], [ -112.69851171053665, 30.078279956592571 ], [ -112.69829108672829, 30.078649347773631 ], [ -112.698300719802901, 30.079213130489002 ], [ -112.697959592833726, 30.080119790313667 ], [ -112.697267693026106, 30.081369324887 ], [ -112.696717532608702, 30.082209539169842 ], [ -112.696479979228229, 30.082704679217304 ], [ -112.695595964634009, 30.084097662605437 ], [ -112.694454051366776, 30.085578552705826 ], [ -112.693599996844043, 30.086830160272594 ], [ -112.693096727053629, 30.087738898268054 ], [ -112.692755526588826, 30.088645546414565 ], [ -112.692765132131626, 30.089209329890515 ], [ -112.69293921970214, 30.089911970702506 ], [ -112.693277793638657, 30.090753467991139 ], [ -112.693780859657906, 30.091733820217211 ], [ -112.694448424855452, 30.092853025161631 ], [ -112.694788465515984, 30.093779084689711 ], [ -112.694800970346279, 30.094512001853737 ], [ -112.694485931807236, 30.095051777091651 ], [ -112.693843346114562, 30.095398408226675 ], [ -112.693267033392047, 30.095828768068191 ], [ -112.692756993143377, 30.09634285749592 ], [ -112.692313225213113, 30.096940677273285 ], [ -112.69193572978682, 30.097622228047388 ], [ -112.691723684565716, 30.098499014423819 ], [ -112.691677092986396, 30.099571037008698 ], [ -112.691795960464816, 30.100838295690945 ], [ -112.692080294396888, 30.102300789642197 ], [ -112.692201574058004, 30.103708992725679 ], [ -112.692159792214852, 30.105062905701431 ], [ -112.691954942142004, 30.10636252870005 ], [ -112.691587017621913, 30.107607861222576 ], [ -112.691671555133283, 30.108762779400543 ], [ -112.692208570036911, 30.109827281806634 ], [ -112.693198074996005, 30.110801362426173 ], [ -112.694640079974889, 30.111685010656377 ], [ -112.695916140239603, 30.112345223487313 ], [ -112.697026243877048, 30.11278200628227 ], [ -112.69797038126066, 30.112995363667761 ], [ -112.698748545051075, 30.112985299533069 ], [ -112.699398945083914, 30.113089665128069 ], [ -112.699921583321768, 30.113308462275238 ], [ -112.700316460844476, 30.113641692452433 ], [ -112.700583577848974, 30.114089356792903 ], [ -112.701142512901285, 30.114533240383622 ], [ -112.701993269661003, 30.114973339348516 ], [ -112.703135851621298, 30.115409647867612 ], [ -112.704570262108419, 30.115842158176783 ], [ -112.705778682339016, 30.116333978706432 ], [ -112.706761111484724, 30.116885115731346 ], [ -112.707517547852589, 30.117495574389157 ], [ -112.708047988884559, 30.11816535868028 ], [ -112.708899776824452, 30.118661787877986 ], [ -112.710072911575935, 30.118984855749527 ], [ -112.711567389597761, 30.119134553819631 ], [ -112.713383203903035, 30.11911087137095 ], [ -112.714812836366548, 30.119261378453281 ], [ -112.71585629345293, 30.119586087449328 ], [ -112.716513577430575, 30.120085007478128 ], [ -112.716784686370531, 30.120758144395598 ], [ -112.717052872380506, 30.121262148478444 ], [ -112.717318133911945, 30.121597019837058 ], [ -112.717580469490713, 30.121762758567989 ], [ -112.717839877717253, 30.121759364753942 ], [ -112.718031505335603, 30.121587687087608 ], [ -112.718155351782784, 30.121247725877598 ], [ -112.718211417224708, 30.120739481288226 ], [ -112.718199702556063, 30.120062953339467 ], [ -112.718482744484376, 30.119551738148477 ], [ -112.719060539636942, 30.119205833967914 ], [ -112.719933087528361, 30.119025236937695 ], [ -112.721100390560252, 30.119009941084844 ], [ -112.722082436984394, 30.119532770248803 ], [ -112.722879240510323, 30.120593727954255 ], [ -112.723490809232274, 30.122192817050511 ], [ -112.723917145629244, 30.124330039712291 ], [ -112.724434415114146, 30.126099530687156 ], [ -112.725015939881303, 30.127439808660274 ], [ -112.725541290813482, 30.128199609756962 ], [ -112.726197699246597, 30.128642099493096 ], [ -112.726724400403981, 30.129086291935025 ], [ -112.727121392651881, 30.129532188711458 ], [ -112.727388674323194, 30.129979791067097 ], [ -112.727526243717435, 30.130429099862592 ], [ -112.727372445811284, 30.130910437801234 ], [ -112.726927276183133, 30.13142380402406 ], [ -112.726190729747273, 30.131969195752735 ], [ -112.725162800754063, 30.132546608289282 ], [ -112.724066570106729, 30.132927545429954 ], [ -112.722902043329498, 30.133112005271038 ], [ -112.721669226814143, 30.133099985753962 ], [ -112.720368127819725, 30.132891484665425 ], [ -112.719395238896212, 30.132904231799593 ], [ -112.718750554038436, 30.133138234705147 ], [ -112.718434071584852, 30.133593498274777 ], [ -112.71844579421807, 30.134270024745582 ], [ -112.718389725913894, 30.134778268685935 ], [ -112.71826586577707, 30.135118230075808 ], [ -112.718074213641557, 30.135289908750806 ], [ -112.71781477007076, 30.135293304402133 ], [ -112.717064476863229, 30.135049366484456 ], [ -112.715823342918412, 30.134558086190989 ], [ -112.714091384295443, 30.133819448894279 ], [ -112.711868624213537, 30.132833434148178 ], [ -112.709715625088748, 30.132128422550263 ], [ -112.707632366994389, 30.131704418391024 ], [ -112.705618831308001, 30.131561425766662 ], [ -112.703675000710035, 30.131699448579514 ], [ -112.702019643392816, 30.13163633682381 ], [ -112.700652769458742, 30.131372101043411 ], [ -112.699574385462924, 30.130906749998214 ], [ -112.698784494413488, 30.130240290663519 ], [ -112.697964115217701, 30.129687001244893 ], [ -112.697113245450865, 30.129246881286697 ], [ -112.696231882498395, 30.128919930314396 ], [ -112.695320023555794, 30.128706147834492 ], [ -112.694442041425759, 30.128576507236254 ], [ -112.693597933758241, 30.128531009295578 ], [ -112.692787698385246, 30.128569654752287 ], [ -112.692011333320764, 30.128692444310119 ], [ -112.691374070835579, 30.131266420526181 ], [ -112.69087588430331, 30.136291584066814 ], [ -112.690516776930338, 30.143767931734772 ], [ -112.690296781763919, 30.153695456468874 ], [ -112.690175290597438, 30.161789018242128 ], [ -112.690152311517551, 30.16804862263696 ], [ -112.690227846840614, 30.172474273963527 ], [ -112.690401893098155, 30.175065975258356 ], [ -112.690634583465567, 30.177290383808408 ], [ -112.690925918035603, 30.179147499606806 ], [ -112.691275895798256, 30.180637322558884 ], [ -112.691684514640542, 30.181759852482248 ], [ -112.691932356592162, 30.18296904016972 ], [ -112.692019416617512, 30.184264886688108 ], [ -112.691945688816901, 30.185647392541789 ], [ -112.691711166426273, 30.187116557672525 ], [ -112.69163550668712, 30.188386307973037 ], [ -112.691718715798729, 30.189456643577554 ], [ -112.691960798071378, 30.190327564098769 ], [ -112.692361755925774, 30.190999068627807 ], [ -112.692826171212943, 30.191585167561716 ], [ -112.69335404374678, 30.192085860250693 ], [ -112.693945373018877, 30.192501145962112 ], [ -112.694600158198512, 30.192831023880618 ], [ -112.694933347294111, 30.193334225876061 ], [ -112.694944937407712, 30.194010754483983 ], [ -112.694634922185443, 30.194860609989053 ], [ -112.694003291816898, 30.195883790424755 ], [ -112.693565872380944, 30.196876264374797 ], [ -112.693322670184045, 30.197838033557463 ], [ -112.693273691129008, 30.198769098841204 ], [ -112.693418940714963, 30.199669460244454 ], [ -112.693692071495903, 30.200455389474705 ], [ -112.694093085394073, 30.201126885691234 ], [ -112.694621983444904, 30.201683947707142 ], [ -112.695278765796772, 30.202126573989318 ], [ -112.695740353519383, 30.202543527118038 ], [ -112.69600674387182, 30.202934809269209 ], [ -112.69607793437396, 30.203300421734497 ], [ -112.695953922806339, 30.203640364921323 ], [ -112.695958756876664, 30.203922251257836 ], [ -112.696092437652609, 30.204146080694997 ], [ -112.696354965733775, 30.204311852819647 ], [ -112.696746341251583, 30.204419566854387 ], [ -112.697107199095825, 30.204640454320494 ], [ -112.697437540352723, 30.204974515419437 ], [ -112.69773736591759, 30.20542175033378 ], [ -112.69800667649487, 30.205982159227204 ], [ -112.698469262413127, 30.20645547855041 ], [ -112.69912512505833, 30.206841706214714 ], [ -112.699974264762773, 30.207140839311929 ], [ -112.701016680804926, 30.207352874114473 ], [ -112.702032469106129, 30.207903584214876 ], [ -112.703021639983248, 30.208792969766012 ], [ -112.703984203383826, 30.210021030874774 ], [ -112.704920168886815, 30.211587767602229 ], [ -112.705850814516992, 30.212844423203961 ], [ -112.706776130713848, 30.213790998308912 ], [ -112.707696108164754, 30.214427493499969 ], [ -112.708610737805671, 30.214753909313821 ], [ -112.709363577020682, 30.215110623703865 ], [ -112.709954624909727, 30.215497639495489 ], [ -112.710383880245942, 30.215914958925747 ], [ -112.710651341475455, 30.216362583643516 ], [ -112.710981280035199, 30.216668418387258 ], [ -112.711373694993313, 30.216832462736363 ], [ -112.711828584906613, 30.216854716192813 ], [ -112.712345947820666, 30.216735178181256 ], [ -112.712793022044622, 30.216306414969331 ], [ -112.713169804539575, 30.215568427345687 ], [ -112.713476293729826, 30.214521215893011 ], [ -112.713712489503052, 30.213164780987928 ], [ -112.713692455415654, 30.212009059255561 ], [ -112.713416199967725, 30.211054050336525 ], [ -112.712883728521959, 30.210299752471499 ], [ -112.712095043304316, 30.209746162501318 ], [ -112.711340773191807, 30.209304897178569 ], [ -112.710620915105054, 30.208975957236724 ], [ -112.709935466217743, 30.208759343367397 ], [ -112.709284423956461, 30.208655056220412 ], [ -112.708759791272172, 30.208351754414739 ], [ -112.708361570341751, 30.207849439365098 ], [ -112.708089761857536, 30.207148112161917 ], [ -112.707944365027444, 30.206247773571384 ], [ -112.70809300087987, 30.205456382558879 ], [ -112.708535662659159, 30.204773938415208 ], [ -112.709272345471504, 30.204200438371682 ], [ -112.710303046284309, 30.203735877600266 ], [ -112.711175374873648, 30.20349893467435 ], [ -112.711889338482038, 30.20348961250345 ], [ -112.712444942215356, 30.203707913484578 ], [ -112.712842189043172, 30.204153839502453 ], [ -112.713401705612384, 30.204597643190191 ], [ -112.714123493964323, 30.205039322386149 ], [ -112.715007556088452, 30.205478874326484 ], [ -112.716053893922208, 30.205916295645075 ], [ -112.71693846144089, 30.206384022181105 ], [ -112.717661257352418, 30.206882057262099 ], [ -112.718222280037864, 30.207410403627705 ], [ -112.718621527551306, 30.20796906342963 ], [ -112.718950970340387, 30.208246690329776 ], [ -112.719210604911979, 30.208243285020856 ], [ -112.719400429081517, 30.207958848003219 ], [ -112.719520441973103, 30.207393379584826 ], [ -112.719708302762669, 30.206996189101794 ], [ -112.719964011472257, 30.206767276285994 ], [ -112.720287568855753, 30.206706640724605 ], [ -112.720678976398915, 30.206814281860026 ], [ -112.721210013527738, 30.207483982110077 ], [ -112.721880692641335, 30.208715739149458 ], [ -112.722691031376655, 30.210509549882296 ], [ -112.723641052611512, 30.212865410441527 ], [ -112.724418512587008, 30.214631445534849 ], [ -112.725023386657156, 30.215807659592329 ], [ -112.725455656863176, 30.216394055970046 ], [ -112.725715311936739, 30.21639063694932 ], [ -112.725944971099651, 30.216528585568433 ], [ -112.72614463525079, 30.216807901943106 ], [ -112.726314305061905, 30.217228586169696 ], [ -112.726453980977524, 30.217790638325301 ], [ -112.726756438654832, 30.21837873997903 ], [ -112.727221681205791, 30.218992889873878 ], [ -112.727849711969711, 30.219633086135492 ], [ -112.728640534513247, 30.220299326272166 ], [ -112.729335965783036, 30.221079598548197 ], [ -112.729936006145905, 30.221973904438077 ], [ -112.730440655317835, 30.222982245228096 ], [ -112.730849912363809, 30.224104622016274 ], [ -112.731221780835156, 30.224945545660351 ], [ -112.731556256242229, 30.225505016743792 ], [ -112.731853334857291, 30.225783035758514 ], [ -112.732113013714908, 30.225779603104804 ], [ -112.732508957309634, 30.226140897135135 ], [ -112.733041171666841, 30.226866916325999 ], [ -112.733709666019308, 30.227957658551986 ], [ -112.734514452808213, 30.229413121085617 ], [ -112.735248894711049, 30.230559370064228 ], [ -112.735912981882223, 30.231396407192168 ], [ -112.736324020938923, 30.231761826046206 ], [ -112.736700485560974, 30.231865276318175 ], [ -112.737028077284876, 30.232030100064144 ], [ -112.737291737830432, 30.232252159715912 ], [ -112.737336122049399, 30.232314225510841 ], [ -112.7374235685473, 30.232363189322594 ], [ -112.737687230869241, 30.232585248097571 ], [ -112.737702973807501, 30.232611575250477 ], [ -112.737719196983477, 30.232556629620227 ], [ -112.737767260842801, 30.231597380066866 ], [ -112.737771458328794, 30.229990239272119 ], [ -112.737731793146139, 30.227735206704384 ], [ -112.737766966893687, 30.226043070718983 ], [ -112.737828102927423, 30.225415506066533 ], [ -112.737845011110082, 30.224942450248069 ], [ -112.737881203124147, 30.224695569856991 ], [ -112.737913523315314, 30.22456491022448 ], [ -112.737951839846545, 30.224500728033085 ], [ -112.738032877577453, 30.224412181767821 ], [ -112.738081058878805, 30.224382049206802 ], [ -112.738164278004234, 30.2243553881293 ], [ -112.738168913649503, 30.224354627215725 ], [ -112.738217862069604, 30.224346592613269 ], [ -112.738260074212064, 30.224344859998901 ], [ -112.738306675983537, 30.224337620345789 ], [ -112.738387439627871, 30.224314307216321 ], [ -112.738496537135262, 30.224257258221645 ], [ -112.738564143971871, 30.224190385997364 ], [ -112.73861298569949, 30.224124608377867 ], [ -112.738661846210945, 30.224000874977047 ], [ -112.738702072851723, 30.223831494638723 ], [ -112.738696121071783, 30.223493239655436 ], [ -112.738593784636237, 30.223212652582532 ], [ -112.738395064149799, 30.222989733175989 ], [ -112.738099959873878, 30.222824480990759 ], [ -112.737708471726322, 30.222716895380845 ], [ -112.737379423906006, 30.222467508126222 ], [ -112.737112817437378, 30.22207631964497 ], [ -112.737025318035663, 30.221847895685269 ], [ -112.736908652834174, 30.221543330278241 ], [ -112.736766930099421, 30.220868540290137 ], [ -112.736394041887266, 30.21997125720641 ], [ -112.735789997228196, 30.218851478619897 ], [ -112.734954808289658, 30.217509200755924 ], [ -112.733888490375193, 30.21594441847293 ], [ -112.733310819762707, 30.214937055783917 ], [ -112.733118265598407, 30.214601267519484 ], [ -112.732644116502726, 30.213479753924432 ], [ -112.732466029591393, 30.212579881530885 ], [ -112.732583995326365, 30.211901651996975 ], [ -112.732768351941601, 30.211307128362328 ], [ -112.733019098614406, 30.210796310397043 ], [ -112.733336234865391, 30.210369197753977 ], [ -112.73371976055823, 30.210025789968807 ], [ -112.73459257421716, 30.209816879418568 ], [ -112.735954675750136, 30.20974245631864 ], [ -112.737806068802385, 30.209802505237882 ], [ -112.740146760754598, 30.209997005097847 ], [ -112.74206306708588, 30.21005613175209 ], [ -112.743554980117935, 30.209979904166033 ], [ -112.744622495475994, 30.209768337036316 ], [ -112.74526561208738, 30.209421440790127 ], [ -112.745942671485182, 30.209158672835557 ], [ -112.746653675065033, 30.208980032598564 ], [ -112.747398624405662, 30.208885519468701 ], [ -112.748177521268957, 30.208875132799147 ], [ -112.749153635117636, 30.209003082066879 ], [ -112.750326970613372, 30.20926936266374 ], [ -112.751697534057669, 30.209673969016727 ], [ -112.753265333391738, 30.210216894587553 ], [ -112.754928010961166, 30.210617558363136 ], [ -112.75668556045845, 30.21087595699446 ], [ -112.758537974777241, 30.2109920869507 ], [ -112.760485246012507, 30.210965944519405 ], [ -112.76217941052893, 30.211309703360346 ], [ -112.763620485430692, 30.212023372584628 ], [ -112.764808482282049, 30.213106960002023 ], [ -112.765743407107323, 30.214560472122066 ], [ -112.76650953115103, 30.215649725926685 ], [ -112.76710683987784, 30.216374725111205 ], [ -112.767290691079552, 30.216529512943861 ], [ -112.767533966096209, 30.216670502423504 ], [ -112.767794972796793, 30.216731970106196 ], [ -112.767993239744897, 30.216926655477728 ], [ -112.768130124414995, 30.217319528855381 ], [ -112.768205627034007, 30.217910590393984 ], [ -112.768219747148635, 30.218699840174409 ], [ -112.768165423407268, 30.219292653375465 ], [ -112.768042654710115, 30.219689029999024 ], [ -112.767851440830242, 30.219888969890285 ], [ -112.767591782413717, 30.219892472737651 ], [ -112.767432016382259, 30.220035599240912 ], [ -112.767372142544076, 30.220318349766579 ], [ -112.767412161573731, 30.220740724410319 ], [ -112.76755207501219, 30.221302722996914 ], [ -112.767464784531469, 30.221867786248275 ], [ -112.767150286203133, 30.222435913865297 ], [ -112.766608575993672, 30.223007104368133 ], [ -112.765839649764615, 30.22358135509598 ], [ -112.765264963446313, 30.224124790430984 ], [ -112.764884520890803, 30.224637412787981 ], [ -112.764698325542568, 30.225119223731777 ], [ -112.764706380438469, 30.225570223977062 ], [ -112.764872058379424, 30.226032771051571 ], [ -112.765110494207761, 30.226382414888285 ], [ -112.765506555802205, 30.226743604255091 ], [ -112.766031955260544, 30.227074854739573 ], [ -112.766595866162831, 30.227743915013633 ], [ -112.766997484255612, 30.228415161529362 ], [ -112.767198295415454, 30.22875078421913 ], [ -112.767599921962116, 30.229422028462416 ], [ -112.768173947799767, 30.230654829616078 ], [ -112.768472805250568, 30.231416403471496 ], [ -112.768831949271686, 30.232301734885102 ], [ -112.769204916212686, 30.233160874436564 ], [ -112.769477176250675, 30.233950639774488 ], [ -112.763882876962981, 30.234100483633441 ], [ -112.759214110692511, 30.23422553699913 ], [ -112.751008650006654, 30.234445321074045 ], [ -112.738831492003996, 30.234771487453877 ], [ -112.726055600990762, 30.235113690956528 ], [ -112.71681292687272, 30.235361256895658 ], [ -112.708546938106991, 30.228660046877135 ], [ -112.701460244240707, 30.222914887371015 ], [ -112.691050337674, 30.21447561021327 ], [ -112.653719057795541, 30.212974170154244 ], [ -112.607665652131416, 30.211121931807643 ], [ -112.547700775656736, 30.208710183055199 ], [ -112.479935272548147, 30.205984698118204 ], [ -112.440130383915175, 30.204383771106503 ], [ -112.41921251299371, 30.16745496097694 ], [ -112.395901259741777, 30.126300827821826 ], [ -112.381061200824377, 30.100101903460452 ], [ -112.366162056325848, 30.073798668282034 ], [ -112.299892639330153, 30.070088515478709 ], [ -112.245337649774555, 30.067034205412149 ], [ -112.206350016545201, 30.06485144776498 ], [ -112.171609550786656, 30.062906471601512 ], [ -112.140415824591855, 30.007526819732778 ], [ -112.127259479417503, 29.984169757127614 ], [ -112.109820660069559, 29.95320982183615 ], [ -112.099471661372419, 29.934836770105857 ], [ -112.10011899525918, 29.934960006059658 ], [ -112.159729932306249, 29.921438500256521 ], [ -112.238109699102409, 29.903659674355058 ], [ -112.302645888955524, 29.889020977014642 ], [ -112.345097173979127, 29.879391782688376 ], [ -112.391707391230938, 29.868819220768096 ], [ -112.455361604836114, 29.821593422447588 ], [ -112.485800582043225, 29.799010392711605 ], [ -112.511499783136856, 29.779943857770593 ], [ -112.536102331832183, 29.761690941945361 ], [ -112.529364166190859, 29.74725769095777 ], [ -112.527692339492219, 29.743676613312378 ], [ -112.525030078671591, 29.737974011051783 ], [ -112.523852091657929, 29.735450745354058 ], [ -112.522935890144069, 29.733488228089175 ], [ -112.521382984138029, 29.730161880335448 ], [ -112.520084718253699, 29.727380975508453 ], [ -112.519747876288278, 29.726659898208148 ], [ -112.519052966379391, 29.725170947653456 ], [ -112.518748440194969, 29.724518648038707 ], [ -112.519196756157413, 29.724541241656791 ], [ -112.519807764571709, 29.724599069124032 ], [ -112.520171652962205, 29.724642351984251 ], [ -112.520858839100072, 29.724709322289542 ], [ -112.521427296288451, 29.724747836174416 ], [ -112.522079523224477, 29.724761415914049 ], [ -112.522789287975485, 29.724696855993052 ], [ -112.523336270471347, 29.724549571916192 ], [ -112.523720470189815, 29.72431956571932 ], [ -112.524133559611215, 29.723863641939744 ], [ -112.524575535696528, 29.723181800374338 ], [ -112.525046395088395, 29.722274040792584 ], [ -112.525546134111465, 29.72114036293663 ], [ -112.52608157439866, 29.720231855550985 ], [ -112.526652718268664, 29.719548518198714 ], [ -112.527259568587198, 29.71909035037471 ], [ -112.52790212876711, 29.718857351505655 ], [ -112.528388746365692, 29.718992723798777 ], [ -112.528719426237998, 29.719496468785085 ], [ -112.528894169983829, 29.720368587506616 ], [ -112.528912975947534, 29.721609080516469 ], [ -112.528802582957837, 29.722851065609465 ], [ -112.528562986222099, 29.72409454263153 ], [ -112.528194180917851, 29.72533951105045 ], [ -112.527696162193024, 29.726585969955774 ], [ -112.527614635903376, 29.727602036940169 ], [ -112.527949614914149, 29.728387712408122 ], [ -112.52870110626931, 29.728942993010566 ], [ -112.529869111190294, 29.729267871644531 ], [ -112.531068140881573, 29.729507787118422 ], [ -112.532298192464282, 29.729662738697623 ], [ -112.533559262911538, 29.729732725628345 ], [ -112.53468176279857, 29.729719713783183 ], [ -112.534851349048424, 29.729717747137652 ], [ -112.535889312396193, 29.729987684198903 ], [ -112.536673160103845, 29.730542542517735 ], [ -112.536861588276878, 29.730841257900131 ], [ -112.537202895055316, 29.731382326453904 ], [ -112.537478515869125, 29.732507039021623 ], [ -112.53771624889022, 29.733265618886634 ], [ -112.537916090293066, 29.733658066497892 ], [ -112.53807803726383, 29.733684382183721 ], [ -112.538202088000617, 29.733344566151697 ], [ -112.538359731873072, 29.73308895304686 ], [ -112.538550968984978, 29.732917542753516 ], [ -112.538775799617284, 29.732830335121289 ], [ -112.539034224228047, 29.732827329965051 ], [ -112.53919444811963, 29.732740872976656 ], [ -112.539256471173601, 29.732570964514949 ], [ -112.53922029375893, 29.732317604699578 ], [ -112.539085916731992, 29.731980793410994 ], [ -112.539100599617768, 29.731815420041656 ], [ -112.539522655705241, 29.730960590975361 ], [ -112.540265178283107, 29.72880891471015 ], [ -112.541111469074821, 29.727107191823908 ], [ -112.54206153299414, 29.725855420442738 ], [ -112.543115378004259, 29.725053598260097 ], [ -112.544273015118321, 29.724701722536405 ], [ -112.545401800105694, 29.724575756408868 ], [ -112.546501740658357, 29.724675700351533 ], [ -112.547572844151262, 29.725001554810685 ], [ -112.548615117642811, 29.72555332020497 ], [ -112.54953123211169, 29.726303938723802 ], [ -112.550321190496078, 29.727253412828311 ], [ -112.550366969566952, 29.727332608257342 ], [ -112.550387960345489, 29.727393619633517 ], [ -112.550527570629598, 29.728068731006069 ] ], [ [ -112.698077349863823, 30.077524295277147 ], [ -112.698140728965583, 30.077438890180378 ], [ -112.698139765805266, 30.077382511891223 ], [ -112.698074460488911, 30.07735516040481 ], [ -112.697944813006302, 30.077356835625647 ], [ -112.697848058883679, 30.077386281106417 ], [ -112.697784198074189, 30.077443496921497 ], [ -112.697753230585974, 30.077528483117995 ], [ -112.697755156482316, 30.077641239715899 ], [ -112.6977885314205, 30.077697199263103 ], [ -112.697853355390336, 30.077696361737171 ], [ -112.697949628277556, 30.077638727095884 ], [ -112.698077349863823, 30.077524295277147 ] ] ] ] } },
{ "type": "Feature", "properties": { "VULNERABIL": 2.0, "fid": 5, "cat": 6, "CLAVE_ACUI": "2617", "NOM_ACUIF": "PUERTO LIBERTAD" }, "geometry": { "type": "MultiPolygon", "coordinates": [ [ [ [ -112.697949628277556, 30.077638727095884 ], [ -112.697853355390336, 30.077696361737171 ], [ -112.6977885314205, 30.077697199263103 ], [ -112.697755156482316, 30.077641239715899 ], [ -112.697753230585974, 30.077528483117995 ], [ -112.697784198074189, 30.077443496921497 ], [ -112.697848058883679, 30.077386281106417 ], [ -112.697944813006302, 30.077356835625647 ], [ -112.698074460488911, 30.07735516040481 ], [ -112.698139765805266, 30.077382511891223 ], [ -112.698140728965583, 30.077438890180378 ], [ -112.698077349863823, 30.077524295277147 ], [ -112.697949628277556, 30.077638727095884 ] ] ] ] } },
{ "type": "Feature", "properties": { "VULNERABIL": 1.0, "fid": 6, "cat": 7, "CLAVE_ACUI": "2617", "NOM_ACUIF": "PUERTO LIBERTAD" }, "geometry": { "type": "MultiPolygon", "coordinates": [ [ [ [ -112.697624385250791, 30.047191864525594 ], [ -112.698367708024634, 30.04706948370756 ], [ -112.699082476887796, 30.047173031533113 ], [ -112.69976869668082, 30.047502508272448 ], [ -112.700426371933318, 30.048057914169799 ], [ -112.700922524041658, 30.048643601582217 ], [ -112.7012571507274, 30.04925957242418 ], [ -112.701430249387798, 30.049905828025853 ], [ -112.701441817095827, 30.050582369132975 ], [ -112.701224634215222, 30.051149088405364 ], [ -112.700778697400921, 30.051605984860029 ], [ -112.700104004780684, 30.05195305625535 ], [ -112.699200555955215, 30.052190299091134 ], [ -112.698391426762385, 30.052257144660178 ], [ -112.697676621622549, 30.052153594540957 ], [ -112.697056144020834, 30.051879650133895 ], [ -112.696529996507039, 30.051435312661336 ], [ -112.696132505945144, 30.050932922313571 ], [ -112.695863671186331, 30.050372480293721 ], [ -112.695723490617084, 30.04975398744298 ], [ -112.69571196215945, 30.049077444240726 ], [ -112.695896290098929, 30.048482961490265 ], [ -112.696276471263118, 30.047970538507133 ], [ -112.696852503414576, 30.047540173690987 ], [ -112.697624385250791, 30.047191864525594 ] ] ] ] } },
{ "type": "Feature", "properties": { "VULNERABIL": 1.0, "fid": 7, "cat": 5, "CLAVE_ACUI": "2617", "NOM_ACUIF": "PUERTO LIBERTAD" }, "geometry": { "type": "MultiPolygon", "coordinates": [ [ [ [ -112.744744379404864, 30.087683471712108 ], [ -112.743711074598465, 30.087922749791684 ], [ -112.742744571440795, 30.088273913744228 ], [ -112.741844867513677, 30.088736965128842 ], [ -112.740943179193863, 30.089087256812686 ], [ -112.74003950946701, 30.089324788651098 ], [ -112.739133861352514, 30.08944956049341 ], [ -112.738226237903504, 30.089461572182923 ], [ -112.737385415995334, 30.089585474331098 ], [ -112.736611393125131, 30.089821268317493 ], [ -112.735904167255896, 30.090168955396269 ], [ -112.73526373681652, 30.090628536696308 ], [ -112.734588915938374, 30.090975788894859 ], [ -112.733879706461437, 30.091210711402535 ], [ -112.733136110477645, 30.091333303588264 ], [ -112.732358130330923, 30.0913435647794 ], [ -112.731708339120857, 30.091267546490368 ], [ -112.731186738356328, 30.091105250566049 ], [ -112.730793328869979, 30.090856678499016 ], [ -112.730528110818341, 30.090521831429548 ], [ -112.730134214360888, 30.09024506859582 ], [ -112.729611639796715, 30.090026388831792 ], [ -112.728960386958988, 30.089865790609579 ], [ -112.728180455215053, 30.089763272039296 ], [ -112.727462904944559, 30.089518953041214 ], [ -112.726807738868288, 30.089132834520047 ], [ -112.726214959199439, 30.088604917303922 ], [ -112.725684567643469, 30.087935202144415 ], [ -112.72496165302023, 30.087380792926101 ], [ -112.724046215770386, 30.086941686470059 ], [ -112.722938254970813, 30.086617878797608 ], [ -112.721637768334844, 30.086409365130251 ], [ -112.72056662768901, 30.086338811088098 ], [ -112.719724828356831, 30.086406222480878 ], [ -112.719112367540419, 30.086611603833511 ], [ -112.718729244320571, 30.086954958386247 ], [ -112.718414360652417, 30.087494785621974 ], [ -112.718352699800704, 30.087678860757581 ], [ -112.71835489361041, 30.087805710368965 ], [ -112.718488453773062, 30.088029524885307 ], [ -112.718523794186922, 30.088198233681592 ], [ -112.718460914282218, 30.088311836863063 ], [ -112.718299813809466, 30.088370334300443 ], [ -112.718140685037739, 30.088372415404198 ], [ -112.717989310576272, 30.089163859883946 ], [ -112.717879145632466, 30.090293107393752 ], [ -112.717699272618589, 30.091141314449668 ], [ -112.717449690888259, 30.091708480879394 ], [ -112.71743691933186, 30.091719925910734 ], [ -112.717418249318129, 30.091765282254762 ], [ -112.71713040109654, 30.091994606318877 ], [ -112.716741405199883, 30.091999690212326 ], [ -112.716349000017502, 30.091807451254816 ], [ -112.715953187965994, 30.091417889307099 ], [ -112.715553971563253, 30.09083100421114 ], [ -112.715277170884903, 30.090291861090556 ], [ -112.715151353428283, 30.090046795790101 ], [ -112.714875971004346, 30.089119949159933 ], [ -112.714727822162999, 30.088050465156108 ], [ -112.714707257482473, 30.086858845267525 ], [ -112.714408677413502, 30.084586618816648 ], [ -112.713949701062631, 30.080532493452203 ], [ -112.713339403266133, 30.077100631911453 ], [ -112.712577784794817, 30.074291032852923 ], [ -112.711664841311972, 30.072103694465458 ], [ -112.710600563375095, 30.070538614467868 ], [ -112.709754457688078, 30.068463170999525 ], [ -112.70912652547878, 30.065877367838663 ], [ -112.708716761601977, 30.062781207824546 ], [ -112.708525154542556, 30.059174692857372 ], [ -112.708245066729276, 30.056076841967808 ], [ -112.707876499653878, 30.053487655122883 ], [ -112.707419452485581, 30.051407132103922 ], [ -112.706873922072091, 30.049835272506449 ], [ -112.707108965293443, 30.048422450401009 ], [ -112.708124549454837, 30.047168662950117 ], [ -112.709920648674697, 30.046073893109273 ], [ -112.712497243878929, 30.045138109629452 ], [ -112.714457687888469, 30.044182116176234 ], [ -112.715801998724899, 30.043205939663231 ], [ -112.716530194713982, 30.042209598307934 ], [ -112.716642294482796, 30.041193101633286 ], [ -112.71685499393935, 30.0403726591002 ], [ -112.717168291576328, 30.039748270338741 ], [ -112.71758218712354, 30.039319934684681 ], [ -112.71809668154792, 30.039087651179486 ], [ -112.718448205402666, 30.03880110460333 ], [ -112.718636759612622, 30.038460296224109 ], [ -112.718662345608919, 30.038065226681429 ], [ -112.718524965328982, 30.037615895986566 ], [ -112.718292337095789, 30.037280591071806 ], [ -112.717964460986479, 30.03705931144178 ], [ -112.717541336433058, 30.03695205641414 ], [ -112.717022962222416, 30.036958825119523 ], [ -112.716632237325143, 30.036851144124849 ], [ -112.716369162753054, 30.036629014526287 ], [ -112.716233738638365, 30.036292437077005 ], [ -112.716225964233743, 30.035841412187132 ], [ -112.716155337676966, 30.035503989010486 ], [ -112.716021859300383, 30.035280167446889 ], [ -112.715825529021359, 30.035169947317272 ], [ -112.715566346342342, 30.035173328363708 ], [ -112.715299393759466, 30.034725683714175 ], [ -112.715024675318972, 30.033827013087055 ], [ -112.714742195595093, 30.032477316102533 ], [ -112.714451959689441, 30.030676592282507 ], [ -112.714330993376308, 30.02929659267933 ], [ -112.714379287201638, 30.028337318349038 ], [ -112.71459683624623, 30.027798769448719 ], [ -112.714983640124757, 30.027680945236593 ], [ -112.715336591227583, 30.027478975054212 ], [ -112.715655688906466, 30.0271928591938 ], [ -112.715940932694551, 30.026822597911615 ], [ -112.716192322306327, 30.026368191427952 ], [ -112.71646638922445, 30.025349579886818 ], [ -112.71676312898397, 30.023766763106092 ], [ -112.717082536846405, 30.021619740783574 ], [ -112.717424607800808, 30.018908512497056 ], [ -112.717572800008611, 30.016228009359374 ], [ -112.717527129165831, 30.013578231441901 ], [ -112.717287610562551, 30.0109591779723 ], [ -112.716854259083149, 30.008370847334977 ], [ -112.716722136965359, 30.006342494705891 ], [ -112.716891221859683, 30.004874122297515 ], [ -112.717361501957967, 30.003965729717741 ], [ -112.718132975989874, 30.003617313970121 ], [ -112.718709148056661, 30.003215053521224 ], [ -112.719090019756464, 30.002758950871478 ], [ -112.719275593279903, 30.002249007625288 ], [ -112.719265871409917, 30.001685224491094 ], [ -112.719193320622182, 30.001235044083458 ], [ -112.719057941434613, 30.000898466296974 ], [ -112.718859733950936, 30.000675490947533 ], [ -112.718598697860742, 30.000566117772266 ], [ -112.718462835844306, 30.000201350050318 ], [ -112.718452147737466, 29.999581188141896 ], [ -112.718566631534955, 29.998705632097227 ], [ -112.718806283390904, 29.997574681656548 ], [ -112.71891736144876, 29.99650180096738 ], [ -112.71889986997364, 29.995486990211521 ], [ -112.718753812766607, 29.994530249210069 ], [ -112.718479193164711, 29.993631577423468 ], [ -112.718302702187742, 29.992788015009996 ], [ -112.718224337000024, 29.991999562494264 ], [ -112.71824409508487, 29.991266220167248 ], [ -112.718361974244559, 29.990587988086236 ], [ -112.718737945250211, 29.989849995282459 ], [ -112.719372001649504, 29.989052239776786 ], [ -112.72026413598914, 29.988194718106776 ], [ -112.721414339814842, 29.987277425327132 ], [ -112.722600798099748, 29.986585212892258 ], [ -112.723823517827626, 29.986118079602655 ], [ -112.725082506550237, 29.985876024186854 ], [ -112.726377772387778, 29.985859045301364 ], [ -112.727383066861492, 29.985930445223591 ], [ -112.728098392377888, 29.986090230514947 ], [ -112.728326729818733, 29.986200751960222 ], [ -112.728448146809242, 29.986285583618155 ], [ -112.728559237997388, 29.986426627902453 ], [ -112.72865051954804, 29.986620383284247 ], [ -112.72877460436959, 29.986788724073339 ], [ -112.729054560113639, 29.98706451821344 ], [ -112.729710019587998, 29.987507035555019 ], [ -112.730625520781359, 29.98800252210501 ], [ -112.731801068786311, 29.988550972212977 ], [ -112.732842672242015, 29.989079417825526 ], [ -112.733385147604793, 29.989415892993456 ], [ -112.732686522058259, 29.996310780118144 ], [ -112.733960774067071, 30.000129197405744 ], [ -112.733884510702822, 30.001492918707182 ], [ -112.735898774199697, 30.003045456322063 ], [ -112.736356581986556, 30.004239425977435 ], [ -112.738103811221933, 30.005948363432733 ], [ -112.738233575877899, 30.008427855581562 ], [ -112.738302342573036, 30.012559071617517 ], [ -112.738798353191513, 30.016018915744855 ], [ -112.739645339854945, 30.019984194234862 ], [ -112.741438390074492, 30.02342686958043 ], [ -112.741484174953058, 30.023714872082078 ], [ -112.742003061799707, 30.026631135110378 ], [ -112.743262001576738, 30.028662408263802 ], [ -112.743307841512078, 30.031216285344819 ], [ -112.744414239923955, 30.035332239847829 ], [ -112.746466709930658, 30.039291792457803 ], [ -112.74956440062283, 30.0415443067997 ], [ -112.749816214199285, 30.043011021235717 ], [ -112.751952591204997, 30.046140897690229 ], [ -112.754775639719071, 30.04941382058659 ], [ -112.756805189086833, 30.052011560153044 ], [ -112.760002138383499, 30.057229929694895 ], [ -112.760948306487307, 30.061021644055106 ], [ -112.761421384077394, 30.062633312533215 ], [ -112.76178002876479, 30.064750416714428 ], [ -112.761207849091804, 30.066545189099951 ], [ -112.761749588362889, 30.067962313615251 ], [ -112.761558935489902, 30.07157474389421 ], [ -112.761040241944087, 30.076615744632779 ], [ -112.760506252585856, 30.080157605069736 ], [ -112.759853456179172, 30.082807554746136 ], [ -112.758989734312607, 30.083325267528654 ], [ -112.758306256781566, 30.083731070196269 ], [ -112.757522888353733, 30.08420446656449 ], [ -112.756237041724859, 30.084880026345555 ], [ -112.75485322427491, 30.085462414484162 ], [ -112.754013446316648, 30.085705429988785 ], [ -112.753605077677818, 30.085802001817513 ], [ -112.753176927233582, 30.085880292618935 ], [ -112.752559815876609, 30.085944144909053 ], [ -112.751650243262176, 30.085843494802582 ], [ -112.750872810461118, 30.08588205221761 ], [ -112.750227514490831, 30.086059819622573 ], [ -112.749714353489566, 30.086376799034259 ], [ -112.749333326716467, 30.086832992017857 ], [ -112.748755826543913, 30.087179019427918 ], [ -112.747981852642994, 30.0874148786944 ], [ -112.747011405965438, 30.087540566308153 ], [ -112.745844488743927, 30.08755607782097 ], [ -112.744744379404864, 30.087683471712108 ] ] ] ] } },
{ "type": "Feature", "properties": { "VULNERABIL": 1.0, "fid": 8, "cat": 8, "CLAVE_ACUI": "2617", "NOM_ACUIF": "PUERTO LIBERTAD" }, "geometry": { "type": "MultiPolygon", "coordinates": [ [ [ [ -112.717447928550214, 29.96759229913426 ], [ -112.717306788420558, 29.966917443858726 ], [ -112.717034209663439, 29.966131519321642 ], [ -112.716630196387513, 29.965234524510535 ], [ -112.716263895175288, 29.964647189170798 ], [ -112.715949384224928, 29.964381414245931 ], [ -112.71583866154765, 29.964398968561149 ], [ -112.715714974425168, 29.964738928000898 ], [ -112.715458880431754, 29.964911437908594 ], [ -112.715070380084626, 29.96491649750044 ], [ -112.714681879638633, 29.964921555947427 ], [ -112.714225725329854, 29.964758319679863 ], [ -112.713701919803938, 29.964426787878832 ], [ -112.713306649558817, 29.964037190524852 ], [ -112.713039913874468, 29.963589528797833 ], [ -112.712901711567994, 29.96308380351736 ], [ -112.712892040993665, 29.962520015142676 ], [ -112.712949053024772, 29.962068142366956 ], [ -112.713072746864242, 29.96172818515365 ], [ -112.713263122177864, 29.961500143341787 ], [ -112.713520179094203, 29.961384016646051 ], [ -112.713648223609198, 29.961297763704074 ], [ -112.713647256187699, 29.961241384875667 ], [ -112.713517277044645, 29.96121488015018 ], [ -112.713258286145077, 29.961218249146437 ], [ -112.713029251400698, 29.961080249481675 ], [ -112.712830173698805, 29.960800881270384 ], [ -112.712661053702192, 29.960380144607903 ], [ -112.712521891849079, 29.959818039570425 ], [ -112.712539764363768, 29.95897193551788 ], [ -112.71271466747217, 29.957841832444604 ], [ -112.713046594817186, 29.956427729853424 ], [ -112.713535537459535, 29.954729626755796 ], [ -112.713966977126361, 29.95345520607507 ], [ -112.714340920699385, 29.952604468308934 ], [ -112.714657373871404, 29.952177413859005 ], [ -112.714916341147202, 29.952174043030954 ], [ -112.715105727148469, 29.951889620254594 ], [ -112.715225531011029, 29.951324145834896 ], [ -112.715275753163155, 29.950477619885881 ], [ -112.715256395325397, 29.949350042330671 ], [ -112.715495027580673, 29.948162714120009 ], [ -112.715991640338402, 29.946915634199975 ], [ -112.716746223010006, 29.945608800035867 ], [ -112.717758764009133, 29.9442422076127 ], [ -112.718286729669032, 29.942938319390731 ], [ -112.718330140133602, 29.941697140445076 ], [ -112.717889013447405, 29.940518670572871 ], [ -112.716963365556168, 29.939402904294521 ], [ -112.71623968093256, 29.938735633040334 ], [ -112.715717945490937, 29.938516860813174 ], [ -112.715398150850788, 29.938746590384596 ], [ -112.715280294335798, 29.939424823295383 ], [ -112.715126683463168, 29.939906151002308 ], [ -112.714937318470035, 29.940190573406056 ], [ -112.714712200075255, 29.94027809034473 ], [ -112.714451329479417, 29.940168701593791 ], [ -112.714155675239425, 29.939918785862446 ], [ -112.713825238906324, 29.939528342841822 ], [ -112.713460022353999, 29.938997372175397 ], [ -112.713060027779008, 29.938325873458922 ], [ -112.712662453620794, 29.93779532089853 ], [ -112.712267298043045, 29.937405714616443 ], [ -112.711874559260878, 29.93715705472523 ], [ -112.711484235540908, 29.937049341327842 ], [ -112.711156714550924, 29.936828027995368 ], [ -112.71089199705402, 29.936493115157781 ], [ -112.710690083400337, 29.936044603166497 ], [ -112.710550973527006, 29.93548249229433 ], [ -112.71021719075253, 29.934894711808788 ], [ -112.709688738715741, 29.934281260078489 ], [ -112.708965621311748, 29.933642134597143 ], [ -112.70804784269184, 29.932977331983643 ], [ -112.707225244658943, 29.932198506200578 ], [ -112.706497828033051, 29.931305658969293 ], [ -112.705865592991941, 29.93029879182469 ], [ -112.705328539071203, 29.929177906115218 ], [ -112.704269841956645, 29.927838196485414 ], [ -112.702689529377338, 29.926279649139662 ], [ -112.700587635664334, 29.924502243801435 ], [ -112.697964201750011, 29.922505953716829 ], [ -112.695930060627788, 29.920896772102349 ], [ -112.694485160659596, 29.919674728554131 ], [ -112.693629463725259, 29.918839844158299 ], [ -112.693362945219519, 29.918392131495949 ], [ -112.693158287004209, 29.917774447559427 ], [ -112.69301548915297, 29.916986792595271 ], [ -112.692934551148653, 29.916029166774848 ], [ -112.692915471883339, 29.914901570194392 ], [ -112.693030121925105, 29.91402602064505 ], [ -112.693278498271269, 29.91340251797693 ], [ -112.693660600017964, 29.913031061526688 ], [ -112.694176428360009, 29.912911650117508 ], [ -112.695182886106593, 29.913096085813844 ], [ -112.696679984652178, 29.913584356887434 ], [ -112.698667744193614, 29.914376445739876 ], [ -112.701146193729969, 29.915472328900115 ], [ -112.703071703771315, 29.916406132192105 ], [ -112.704444250485409, 29.917177880889852 ], [ -112.705263815097936, 29.917787593087841 ], [ -112.705530383891229, 29.91823527969877 ], [ -112.705827392658861, 29.918569788074073 ], [ -112.706154840628571, 29.918791118051967 ], [ -112.706512726840089, 29.918899269452133 ], [ -112.706901050145177, 29.918894242075719 ], [ -112.70755306713842, 29.919167757424212 ], [ -112.708468785347705, 29.919719811251301 ], [ -112.709648216746857, 29.920550397520142 ], [ -112.711091377756446, 29.92165950840263 ], [ -112.712241387456444, 29.922659627165277 ], [ -112.71309823351875, 29.92355076202465 ], [ -112.71366190544876, 29.924332919160889 ], [ -112.713932394585441, 29.925006102717166 ], [ -112.714164727301124, 29.925341431664272 ], [ -112.714358900690385, 29.925338906361308 ], [ -112.714514912797625, 29.924998527054075 ], [ -112.714632762617327, 29.924320293875088 ], [ -112.71501482145807, 29.923948777573429 ], [ -112.715661089593667, 29.923883975877896 ], [ -112.716571572225021, 29.924125884695115 ], [ -112.717746279480238, 29.924674498109134 ], [ -112.718694948851805, 29.925254243977967 ], [ -112.719417577576266, 29.92586512729622 ], [ -112.719914162408855, 29.926507151911657 ], [ -112.720184699623147, 29.927180320525196 ], [ -112.720518026585566, 29.927739885662763 ], [ -112.720914143089956, 29.928185846878645 ], [ -112.721373048517407, 29.928518203648704 ], [ -112.721894741836309, 29.928736955370351 ], [ -112.722550260728056, 29.92920771792032 ], [ -112.723339612123112, 29.929930488978233 ], [ -112.724262805055218, 29.930905265707658 ], [ -112.725319850661975, 29.932132044755839 ], [ -112.726114112148295, 29.933136690707414 ], [ -112.726645576192553, 29.933919208936484 ], [ -112.726914232971765, 29.934479603084569 ], [ -112.726920076162202, 29.934817875060141 ], [ -112.726989188948153, 29.93507073078127 ], [ -112.727121571593528, 29.935238170145741 ], [ -112.727317224044469, 29.935320192969872 ], [ -112.727576145929319, 29.935316798988527 ], [ -112.727805138527017, 29.935454775412669 ], [ -112.72800420272425, 29.935734122356255 ], [ -112.728173339184053, 29.936154839914181 ], [ -112.72831254834577, 29.936716928162372 ], [ -112.728546419575139, 29.937136796080864 ], [ -112.728874952946626, 29.937414443183652 ], [ -112.729298147747372, 29.937549868803998 ], [ -112.729816002477179, 29.937543072094428 ], [ -112.730240174807307, 29.937734873154049 ], [ -112.730570666834765, 29.938125272792167 ], [ -112.730807479591135, 29.938714271645502 ], [ -112.730950613042452, 29.939501870178166 ], [ -112.731285508379443, 29.940145970780122 ], [ -112.7318121676457, 29.940646571938785 ], [ -112.73253059122078, 29.941003671360704 ], [ -112.733440777819908, 29.941217265971655 ], [ -112.734157743632352, 29.941489788504605 ], [ -112.734475238305436, 29.941690716536087 ], [ -112.735025947485354, 29.942160461686797 ], [ -112.735376896445459, 29.942470788452084 ], [ -112.735709494290063, 29.942820239100197 ], [ -112.736338286686561, 29.94353903178283 ], [ -112.736955098288959, 29.944154835792439 ], [ -112.7374066133562, 29.944539142467303 ], [ -112.737861852712399, 29.944892284573484 ], [ -112.738498401849498, 29.945354341176728 ], [ -112.738862526117074, 29.945652707199205 ], [ -112.73922378540658, 29.945923629972445 ], [ -112.739414550037267, 29.946823876898794 ], [ -112.740299626484202, 29.948237185330861 ], [ -112.74113127771632, 29.949002011910736 ], [ -112.741383098906283, 29.950630847659703 ], [ -112.741062696932218, 29.952217724620127 ], [ -112.741085621353335, 29.953568095330429 ], [ -112.741299309489108, 29.955750049573776 ], [ -112.741741856587197, 29.956789528168152 ], [ -112.741863969086154, 29.958223819514338 ], [ -112.74145200629863, 29.959654298489664 ], [ -112.741474922854664, 29.960709036743822 ], [ -112.741665694390832, 29.961834344417387 ], [ -112.741650460073203, 29.962772737576845 ], [ -112.740834117830232, 29.963877068415201 ], [ -112.740513706666704, 29.965153055386725 ], [ -112.740452701677754, 29.966362285622193 ], [ -112.740040740851001, 29.967867149340648 ], [ -112.739125242616481, 29.97006055048664 ], [ -112.738560697029968, 29.971872489807257 ], [ -112.736752611930214, 29.977155724683286 ], [ -112.734105310087315, 29.984041095568326 ], [ -112.733329364753686, 29.984185074901827 ], [ -112.732374089760299, 29.984295880394924 ], [ -112.731273358042117, 29.984272200701469 ], [ -112.729458064586581, 29.984183277526004 ], [ -112.727932737807564, 29.984005937267419 ], [ -112.726697380766751, 29.983740189902115 ], [ -112.725751994894779, 29.983386043547547 ], [ -112.725096579991728, 29.982943504461971 ], [ -112.724377871151219, 29.982586377554913 ], [ -112.723595867104834, 29.982314661848882 ], [ -112.722750566265773, 29.982128356284683 ], [ -112.72184196672886, 29.982027459721404 ], [ -112.721093326085068, 29.981811683636803 ], [ -112.720504646063858, 29.981481030688741 ], [ -112.720075927279481, 29.981035502989737 ], [ -112.71980716923099, 29.980475102106816 ], [ -112.719408895050634, 29.979916391942329 ], [ -112.71888110683166, 29.979359371235969 ], [ -112.718223806634299, 29.978804038345782 ], [ -112.717436996485645, 29.978250391248078 ], [ -112.716817424937318, 29.978004710541526 ], [ -112.716365085020229, 29.978066998895237 ], [ -112.716079972977795, 29.978437258177458 ], [ -112.715962088265869, 29.979115489455914 ], [ -112.715776049795693, 29.979597239410595 ], [ -112.715521857516435, 29.979882507789299 ], [ -112.715199512237447, 29.979971294185482 ], [ -112.714809015628347, 29.979863598038275 ], [ -112.714447025302917, 29.979529964490983 ], [ -112.714146891564582, 29.979026350790317 ], [ -112.714113543564437, 29.978970393660603 ], [ -112.713808572407288, 29.978184885638644 ], [ -112.713532113516763, 29.977173440491107 ], [ -112.713419006085189, 29.976244455947647 ], [ -112.713444125688426, 29.975821194311511 ], [ -112.713469245171339, 29.975397932652953 ], [ -112.713682826623582, 29.974633870608798 ], [ -112.714059747079617, 29.973952269174138 ], [ -112.714407189780729, 29.973440224433965 ], [ -112.71472515682882, 29.973097736572107 ], [ -112.71501365006894, 29.972924805751791 ], [ -112.715272671089366, 29.972921432115729 ], [ -112.715295069974729, 29.972894603273968 ], [ -112.715521518354592, 29.972326081876318 ], [ -112.715637947032121, 29.971563282500362 ], [ -112.715622444241021, 29.970661223532112 ], [ -112.715707947606688, 29.969983413837806 ], [ -112.71589445540009, 29.969529853345119 ], [ -112.716181967320395, 29.969300541673739 ], [ -112.71657048449498, 29.969295478135397 ], [ -112.716892309603011, 29.969178500316996 ], [ -112.717147441842187, 29.96894960873534 ], [ -112.717335880873208, 29.968608803782775 ], [ -112.717457626819836, 29.968156085727173 ], [ -112.717447928550214, 29.96759229913426 ] ] ] ] } },
{ "type": "Feature", "properties": { "VULNERABIL": 2.0, "fid": 9, "cat": 9, "CLAVE_ACUI": "2617", "NOM_ACUIF": "PUERTO LIBERTAD" }, "geometry": { "type": "MultiPolygon", "coordinates": [ ] } },
{ "type": "Feature", "properties": { "VULNERABIL": 1.0, "fid": 10, "cat": 10, "CLAVE_ACUI": "2617", "NOM_ACUIF": "PUERTO LIBERTAD" }, "geometry": { "type": "MultiPolygon", "coordinates": [ [ [ [ -112.724040956065878, 29.910522613330887 ], [ -112.723855103842212, 29.910326333373447 ], [ -112.723717504390223, 29.910221415156428 ], [ -112.723551708450131, 29.910126916677299 ], [ -112.723369487361836, 29.910039309648422 ], [ -112.723244349986075, 29.909951347101885 ], [ -112.723147254659537, 29.909837764439793 ], [ -112.723107238828462, 29.909757115239312 ], [ -112.723055673289508, 29.909520172603685 ], [ -112.723027154235325, 29.909285895697312 ], [ -112.723015656231837, 29.909121529729727 ], [ -112.723030924346276, 29.908251953363706 ], [ -112.723116807164345, 29.907264929966733 ], [ -112.723228892270541, 29.906119844039871 ], [ -112.723319032287222, 29.90522735535799 ], [ -112.725458787224227, 29.903543397591299 ], [ -112.727007598031392, 29.90329925814515 ], [ -112.728640330518175, 29.902906348966642 ], [ -112.730280699949674, 29.902805257388913 ], [ -112.732882422374246, 29.903375533102118 ], [ -112.734263393024008, 29.903583424856318 ], [ -112.735308665423361, 29.904020194072654 ], [ -112.73591141862191, 29.904462686833909 ], [ -112.7374678645552, 29.904441701595239 ], [ -112.738345284894152, 29.90488228613588 ], [ -112.739215081978244, 29.905546024928856 ], [ -112.740359565249491, 29.906957426082773 ], [ -112.741496399389334, 29.907619256677624 ], [ -112.742457759492609, 29.908590071257922 ], [ -112.742564588420748, 29.909112672464058 ], [ -112.742465427304438, 29.910007197989948 ], [ -112.743098695244683, 29.91030473510903 ], [ -112.743968491507218, 29.910970381318741 ], [ -112.744243180686027, 29.911796242356669 ], [ -112.744853568121314, 29.912393226831817 ], [ -112.745471580640213, 29.912835719548816 ], [ -112.746005681489933, 29.913802720547615 ], [ -112.746707633568576, 29.914767813638612 ], [ -112.747516422196085, 29.916507271613444 ], [ -112.747188365613937, 29.917171013913947 ], [ -112.74704345606736, 29.919204199720728 ], [ -112.746898523342011, 29.920333323209832 ], [ -112.747173216449184, 29.92130604721746 ], [ -112.747188497783426, 29.922133816431405 ], [ -112.745847698672122, 29.922397227324641 ], [ -112.744962343772713, 29.922456106061684 ], [ -112.743667912292622, 29.922473234985702 ], [ -112.742536757118415, 29.922572779826108 ], [ -112.741568876175791, 29.92275474487683 ], [ -112.740764268176406, 29.92301913378946 ], [ -112.74012293261795, 29.923365949573277 ], [ -112.739282032657215, 29.923405243437703 ], [ -112.738241575597897, 29.923137011266334 ], [ -112.737001572528413, 29.922561247848236 ], [ -112.735562038321206, 29.921677946878653 ], [ -112.734448088452268, 29.920903128768252 ], [ -112.7336597120281, 29.920236802257797 ], [ -112.733196900166703, 29.919678973584368 ], [ -112.733059645997741, 29.919229646481906 ], [ -112.73254022284506, 29.918596687276104 ], [ -112.732465450551402, 29.918560759162446 ], [ -112.732206572702424, 29.918564161027124 ], [ -112.731715321022463, 29.918232266204051 ], [ -112.730991702805341, 29.917565071757213 ], [ -112.730035730131505, 29.91656257328674 ], [ -112.729378287117498, 29.915898188379696 ], [ -112.7286400649634, 29.915231724907553 ], [ -112.727931639006499, 29.914672855171606 ], [ -112.726387926488982, 29.913367876147031 ], [ -112.72526927923434, 29.912311078540561 ], [ -112.724575675596455, 29.911502474156055 ], [ -112.724307100140209, 29.910942070405572 ], [ -112.724040956065878, 29.910522613330887 ] ] ] ] } },
{ "type": "Feature", "properties": { "VULNERABIL": 4.0, "fid": 11, "cat": 11, "CLAVE_ACUI": "2617", "NOM_ACUIF": "PUERTO LIBERTAD" }, "geometry": { "type": "MultiPolygon", "coordinates": [ [ [ [ -112.668941479802086, 29.900575853919502 ], [ -112.666498644205092, 29.900942628142605 ], [ -112.664614085007727, 29.901022091237479 ], [ -112.664590627057564, 29.901023117803486 ], [ -112.662905814466455, 29.900903391420787 ], [ -112.661347150877504, 29.900584679994854 ], [ -112.659818981896478, 29.900152780704271 ], [ -112.658321312440989, 29.899607694405571 ], [ -112.656854147239443, 29.898949421936891 ], [ -112.655417490830914, 29.898177964117867 ], [ -112.654205006835383, 29.897262696545862 ], [ -112.653216694837127, 29.896203625384192 ], [ -112.65245255246117, 29.895000755716843 ], [ -112.65218256200184, 29.894327424011234 ], [ -112.651912575373871, 29.893654091548648 ], [ -112.651468741674933, 29.89224982796366 ], [ -112.651121048254041, 29.890787966022398 ], [ -112.650973643855281, 29.889897616241271 ], [ -112.650869491663784, 29.889268506586134 ], [ -112.65071406811991, 29.887691450316943 ], [ -112.650698644717892, 29.886755520941403 ], [ -112.651073472622087, 29.885938772149046 ], [ -112.651433795448511, 29.884242474326626 ], [ -112.651477583382032, 29.882973085223533 ], [ -112.651204848221056, 29.882130604911922 ], [ -112.650615593827041, 29.881715031413613 ], [ -112.650939085737917, 29.881710983734113 ], [ -112.651937727030784, 29.881444715037535 ], [ -112.652599367229115, 29.881087394920669 ], [ -112.653307804248016, 29.880158712063892 ], [ -112.654196811652497, 29.879132496069474 ], [ -112.654571843438603, 29.878737450087485 ], [ -112.655002643842437, 29.878295294150654 ], [ -112.655253377538841, 29.878070401458118 ], [ -112.655483873153003, 29.877884843771842 ], [ -112.655715951297694, 29.877677642649786 ], [ -112.655912417026769, 29.877479638836466 ], [ -112.656176150748067, 29.877162028402733 ], [ -112.658490680394067, 29.881311404694284 ], [ -112.659706020049711, 29.883490206578294 ], [ -112.663079117670293, 29.8884349884279 ], [ -112.664482359679994, 29.890495715748994 ], [ -112.666450870897137, 29.892925614589171 ], [ -112.669144202141581, 29.895551962605957 ], [ -112.673910130488309, 29.899520337935247 ], [ -112.672892177669056, 29.899760108632663 ], [ -112.671810688361546, 29.89998280870255 ], [ -112.670219590679608, 29.900302868834384 ], [ -112.668941479802086, 29.900575853919502 ] ], [ [ -112.653457174832738, 29.885288594967527 ], [ -112.653209537993746, 29.885968413225104 ], [ -112.653090370550146, 29.886590228334637 ], [ -112.653099675065491, 29.88715404056104 ], [ -112.653688506942075, 29.887541410419548 ], [ -112.654856869300531, 29.887752330038936 ], [ -112.656604758796433, 29.887786784127105 ], [ -112.658932165618026, 29.887644749972047 ], [ -112.659489510976698, 29.887579667362314 ], [ -112.660269469785064, 29.887437062883947 ], [ -112.660606539501302, 29.887330738879488 ], [ -112.660884791683202, 29.887084157677666 ], [ -112.661061244286316, 29.886765185664288 ], [ -112.661116150865709, 29.886506564044311 ], [ -112.661093484113948, 29.886241582652563 ], [ -112.660869398241644, 29.885641844125193 ], [ -112.660742834946703, 29.885434822092591 ], [ -112.660272338209367, 29.884665212444975 ], [ -112.659590805926825, 29.883625234213508 ], [ -112.659343023272712, 29.883222673801676 ], [ -112.659230785194893, 29.883040324780278 ], [ -112.658878695320382, 29.882566864638974 ], [ -112.658558105755887, 29.882308626328534 ], [ -112.658258850408885, 29.882154915459363 ], [ -112.657780053479868, 29.882077800493413 ], [ -112.6571758878206, 29.882049101998025 ], [ -112.656583262143513, 29.882184902059233 ], [ -112.656154752136658, 29.882343347853183 ], [ -112.655645084138015, 29.882582492973729 ], [ -112.654941779384288, 29.88309885327719 ], [ -112.654337844142333, 29.883754946149317 ], [ -112.653833278043479, 29.884550772937128 ], [ -112.653457174832738, 29.885288594967527 ] ] ] ] } },
{ "type": "Feature", "properties": { "VULNERABIL": 5.0, "fid": 12, "cat": 13, "CLAVE_ACUI": "2617", "NOM_ACUIF": "PUERTO LIBERTAD" }, "geometry": { "type": "MultiPolygon", "coordinates": [ [ [ [ -112.659230785194893, 29.883040324780278 ], [ -112.659590805926825, 29.883625234213508 ], [ -112.660272338209367, 29.884665212444975 ], [ -112.660869398241644, 29.885641844125193 ], [ -112.661093484113948, 29.886241582652563 ], [ -112.661116150865709, 29.886506564044311 ], [ -112.661061244286316, 29.886765185664288 ], [ -112.660884791683202, 29.887084157677666 ], [ -112.660606539501302, 29.887330738879488 ], [ -112.660269469785064, 29.887437062883947 ], [ -112.659489510976698, 29.887579667362314 ], [ -112.658932165618026, 29.887644749972047 ], [ -112.656604758796433, 29.887786784127105 ], [ -112.654856869300531, 29.887752330038936 ], [ -112.653688506942075, 29.887541410419548 ], [ -112.653099675065491, 29.88715404056104 ], [ -112.653090370550146, 29.886590228334637 ], [ -112.653209537993746, 29.885968413225104 ], [ -112.653457174832738, 29.885288594967527 ], [ -112.653833278043479, 29.884550772937128 ], [ -112.654337844142333, 29.883754946149317 ], [ -112.654941779384288, 29.88309885327719 ], [ -112.655645084138015, 29.882582492973729 ], [ -112.656154752136658, 29.882343347853183 ], [ -112.656583262143513, 29.882184902059233 ], [ -112.6571758878206, 29.882049101998025 ], [ -112.657780053479868, 29.882077800493413 ], [ -112.658258850408885, 29.882154915459363 ], [ -112.658558105755887, 29.882308626328534 ], [ -112.658878695320382, 29.882566864638974 ], [ -112.659230785194893, 29.883040324780278 ] ] ] ] } },
{ "type": "Feature", "properties": { "VULNERABIL": 3.0, "fid": 13, "cat": 12, "CLAVE_ACUI": "2617", "NOM_ACUIF": "PUERTO LIBERTAD" }, "geometry": { "type": "MultiPolygon", "coordinates": [ [ [ [ -112.644747563857393, 29.886920082200394 ], [ -112.645033630044608, 29.886606353709226 ], [ -112.645219401194609, 29.886096499990067 ], [ -112.645304877918619, 29.885390521406446 ], [ -112.64529006205251, 29.884488418031626 ], [ -112.645471661262746, 29.883724847399225 ], [ -112.645849671611558, 29.883099808885831 ], [ -112.64642409077635, 29.882613300920351 ], [ -112.647194918049351, 29.882265320983976 ], [ -112.647999480203708, 29.882001504757469 ], [ -112.648837778936993, 29.881821851566233 ], [ -112.649709816126048, 29.881726360700164 ], [ -112.650615593827041, 29.881715031413613 ], [ -112.651204848221056, 29.882130604911922 ], [ -112.651477583382032, 29.882973085223533 ], [ -112.651433795448511, 29.884242474326626 ], [ -112.651073472622087, 29.885938772149046 ], [ -112.65044875620724, 29.887300019619769 ], [ -112.649559640818453, 29.888326213351444 ], [ -112.648406126467705, 29.889017348115232 ], [ -112.646988218565497, 29.889373416841231 ], [ -112.645857297461632, 29.889472121737057 ], [ -112.645013373056727, 29.889313469834722 ], [ -112.644456450830319, 29.888897466431779 ], [ -112.644186531840958, 29.888224115090786 ], [ -112.644080686125804, 29.887689700789736 ], [ -112.644138910525854, 29.887294224072328 ], [ -112.644190110283347, 29.887157105376996 ], [ -112.644361203246504, 29.887037684809695 ], [ -112.644747563857393, 29.886920082200394 ] ] ] ] } },
{ "type": "Feature", "properties": { "VULNERABIL": 1.0, "fid": 14, "cat": 14, "CLAVE_ACUI": "2617", "NOM_ACUIF": "PUERTO LIBERTAD" }, "geometry": { "type": "MultiPolygon", "coordinates": [ [ [ [ -112.594152304768869, 29.842933637776454 ], [ -112.594795920349313, 29.842728486303809 ], [ -112.595572917090877, 29.842775493216745 ], [ -112.596483300943078, 29.843074655931588 ], [ -112.597527079939766, 29.84362597135793 ], [ -112.598504397939024, 29.844065294860616 ], [ -112.599415250794664, 29.844392628090464 ], [ -112.600259634818912, 29.844607972576096 ], [ -112.601037546782607, 29.844711329724106 ], [ -112.601687007803832, 29.844872634498088 ], [ -112.602208018494395, 29.845091888771407 ], [ -112.6026005790076, 29.845369094057364 ], [ -112.602864689038142, 29.845704251509314 ], [ -112.603033136694762, 29.846125160771859 ], [ -112.603105921275628, 29.846631822224122 ], [ -112.603083041588846, 29.84722423605217 ], [ -112.602964495952193, 29.847902402249005 ], [ -112.602746228924772, 29.848412597278241 ], [ -112.602428239932351, 29.848754820698279 ], [ -112.602010529432889, 29.848929071792057 ], [ -112.601493098916634, 29.848935349567018 ], [ -112.601105925741052, 29.848996439573867 ], [ -112.600849009570055, 29.849112342972177 ], [ -112.600722350480268, 29.849283060518765 ], [ -112.600725948961056, 29.849508592567648 ], [ -112.600632078643955, 29.849707109427129 ], [ -112.600440739008121, 29.849878610910174 ], [ -112.600151929680734, 29.850023096607629 ], [ -112.599765650437135, 29.850140565888232 ], [ -112.599446746791415, 29.85042639958078 ], [ -112.599195217807249, 29.850880598190699 ], [ -112.599011063263092, 29.851503162082807 ], [ -112.598894283652285, 29.852294091481234 ], [ -112.598742465789428, 29.852916263322857 ], [ -112.598555609630225, 29.853369677528413 ], [ -112.598333715524333, 29.853654333965203 ], [ -112.598076784215209, 29.853770232447122 ], [ -112.59765769792584, 29.85385989610403 ], [ -112.597076456471697, 29.853923323395961 ], [ -112.596333059894988, 29.853960512175494 ], [ -112.59542750846451, 29.853971459687745 ], [ -112.594646391108355, 29.853670731049899 ], [ -112.5939897142337, 29.853058328203691 ], [ -112.593457482050255, 29.852134252782012 ], [ -112.593049696570262, 29.850898506108773 ], [ -112.592771280957621, 29.84966119696556 ], [ -112.592622230479122, 29.848422326346036 ], [ -112.592602540371686, 29.847181894863798 ], [ -112.592712205842332, 29.845939902752455 ], [ -112.592922016628947, 29.844894081449961 ], [ -112.593231970510075, 29.844044430638377 ], [ -112.593642066484051, 29.843390949711829 ], [ -112.594152304768869, 29.842933637776454 ] ] ] ] } },
{ "type": "Feature", "properties": { "VULNERABIL": 2.0, "fid": 15, "cat": 15, "CLAVE_ACUI": "2617", "NOM_ACUIF": "PUERTO LIBERTAD" }, "geometry": { "type": "MultiPolygon", "coordinates": [ [ [ [ -112.537202895055316, 29.731382326453904 ], [ -112.536673160103845, 29.730542542517735 ], [ -112.535889312396193, 29.729987684198903 ], [ -112.534851349048424, 29.729717747137652 ], [ -112.53468176279857, 29.729719713783183 ], [ -112.533559262911538, 29.729732725628345 ], [ -112.532298192464282, 29.729662738697623 ], [ -112.531068140881573, 29.729507787118422 ], [ -112.529869111190294, 29.729267871644531 ], [ -112.52870110626931, 29.728942993010566 ], [ -112.527949614914149, 29.728387712408122 ], [ -112.527614635903376, 29.727602036940169 ], [ -112.527696162193024, 29.726585969955774 ], [ -112.528194180917851, 29.72533951105045 ], [ -112.528562986222099, 29.72409454263153 ], [ -112.528802582957837, 29.722851065609465 ], [ -112.528912975947534, 29.721609080516469 ], [ -112.528894169983829, 29.720368587506616 ], [ -112.528719426237998, 29.719496468785085 ], [ -112.528388746365692, 29.718992723798777 ], [ -112.52790212876711, 29.718857351505655 ], [ -112.527259568587198, 29.71909035037471 ], [ -112.526652718268664, 29.719548518198714 ], [ -112.52608157439866, 29.720231855550985 ], [ -112.525546134111465, 29.72114036293663 ], [ -112.525046395088395, 29.722274040792584 ], [ -112.524575535696528, 29.723181800374338 ], [ -112.524133559611215, 29.723863641939744 ], [ -112.523720470189815, 29.72431956571932 ], [ -112.523336270471347, 29.724549571916192 ], [ -112.522789287975485, 29.724696855993052 ], [ -112.522079523224477, 29.724761415914049 ], [ -112.521427296288451, 29.724747836174416 ], [ -112.520858839100072, 29.724709322289542 ], [ -112.520171652962205, 29.724642351984251 ], [ -112.519807764571709, 29.724599069124032 ], [ -112.519196756157413, 29.724541241656791 ], [ -112.518748440194969, 29.724518648038707 ], [ -112.517928167426163, 29.722761611572015 ], [ -112.516718124328293, 29.7201696812653 ], [ -112.516104361453856, 29.718854992062735 ], [ -112.515577226067023, 29.717725860226626 ], [ -112.514813784716949, 29.716090557503851 ], [ -112.514474397470281, 29.715363584975417 ], [ -112.513668869411617, 29.713638131897085 ], [ -112.513124220241949, 29.712471485277721 ], [ -112.512662468966397, 29.711482407180124 ], [ -112.512089201081849, 29.710254458848034 ], [ -112.512329679927461, 29.710125578437285 ], [ -112.512488625155527, 29.709954574109112 ], [ -112.512536539354812, 29.709809853321104 ], [ -112.512548145701956, 29.709615516789928 ], [ -112.512508242356432, 29.709108406564059 ], [ -112.512394581985561, 29.708557615455863 ], [ -112.512482040908111, 29.707360422432281 ], [ -112.512569629537538, 29.706739063143853 ], [ -112.512909659068484, 29.705720045858936 ], [ -112.513409463254646, 29.704586409171842 ], [ -112.513781772041071, 29.70356702078416 ], [ -112.51402659044696, 29.702661881641689 ], [ -112.514038323734923, 29.702582792718044 ], [ -112.514143922625749, 29.701870992346628 ], [ -112.514133771865275, 29.701194353157639 ], [ -112.514027165028963, 29.700547014867112 ], [ -112.513824103843419, 29.699928977188073 ], [ -112.513524589858505, 29.699340239628324 ], [ -112.513128624447404, 29.698780801490404 ], [ -112.512824470421947, 29.697881935348249 ], [ -112.512612128846669, 29.696643641679476 ], [ -112.51249159908275, 29.695065920785648 ], [ -112.512462878788469, 29.693148772792281 ], [ -112.512602791957804, 29.691709067694937 ], [ -112.512911332390573, 29.690746805444231 ], [ -112.513388498956061, 29.690261985078017 ], [ -112.514034295592396, 29.690254604721346 ], [ -112.514774846768816, 29.690105146723642 ], [ -112.515610148893089, 29.689813609611214 ], [ -112.516540197591326, 29.689379991726614 ], [ -112.517564987707985, 29.688804291228763 ], [ -112.518624174896928, 29.688369179463912 ], [ -112.519717763015663, 29.688074655492596 ], [ -112.520845756234877, 29.687920718329483 ], [ -112.522008159038535, 29.687907366943264 ], [ -112.52287868516666, 29.687812766984493 ], [ -112.523457333616747, 29.687636924251763 ], [ -112.523744104715092, 29.687379842560649 ], [ -112.523739000116478, 29.68704152374368 ], [ -112.523637455312738, 29.686732512372526 ], [ -112.523439471078063, 29.686452808200954 ], [ -112.523145048010008, 29.686202410777636 ], [ -112.522754186529596, 29.685981319446149 ], [ -112.522458916520762, 29.685674533856755 ], [ -112.522259237930143, 29.685282054641661 ], [ -112.522155150218083, 29.684803882240129 ], [ -112.5221466523587, 29.68424001689845 ], [ -112.521977991217852, 29.683762586212882 ], [ -112.521649168548691, 29.683371589524214 ], [ -112.521160185264975, 29.683067025618108 ], [ -112.520511041441267, 29.682848892725151 ], [ -112.520022488264516, 29.682572517685262 ], [ -112.519694525366404, 29.682237902285504 ], [ -112.519527151800361, 29.681845047746954 ], [ -112.519520366041618, 29.681393954724673 ], [ -112.519836023896659, 29.680910964695659 ], [ -112.520474120353882, 29.680396075522371 ], [ -112.521434649682575, 29.67984928273367 ], [ -112.522717605432575, 29.679270579525095 ], [ -112.523741832952595, 29.678666641997356 ], [ -112.524507336417599, 29.678037476008839 ], [ -112.525014120320677, 29.677383085887239 ], [ -112.52517770510444, 29.676934928216678 ], [ -112.525241397666861, 29.676760435762365 ], [ -112.525384905820076, 29.676504445289734 ], [ -112.525599054864671, 29.676218237949318 ], [ -112.525802661958892, 29.675990291008922 ], [ -112.526022646535779, 29.675825073740896 ], [ -112.526187746715337, 29.675761020288803 ], [ -112.526391187745176, 29.675701218448662 ], [ -112.526735998300666, 29.675671365557104 ], [ -112.526980641834371, 29.67560372410988 ], [ -112.527172176533483, 29.675498493389775 ], [ -112.527508178662671, 29.675179893733603 ], [ -112.527752306741519, 29.674813706291783 ], [ -112.528062362483112, 29.673964186279317 ], [ -112.528303580931848, 29.67283347804652 ], [ -112.528580489969059, 29.671927942847546 ], [ -112.528808626332832, 29.671431412850012 ], [ -112.529092689596652, 29.670986720525701 ], [ -112.529287259145079, 29.670798186370142 ], [ -112.529546290022992, 29.670579926385855 ], [ -112.529758549411824, 29.670391454933309 ], [ -112.530071987094573, 29.670134542053233 ], [ -112.530576337119186, 29.670818639177515 ], [ -112.531140940375849, 29.671209634622731 ], [ -112.532476138333152, 29.671627329804007 ], [ -112.533628250693496, 29.672968160581274 ], [ -112.534765110056796, 29.674534054041054 ], [ -112.536169022817305, 29.676691210053527 ], [ -112.536275858868507, 29.67744840938256 ], [ -112.536817606639048, 29.679021933396029 ], [ -112.537496731569391, 29.682161353864235 ], [ -112.537908755146461, 29.682989122222416 ], [ -112.538282636249733, 29.684038138495808 ], [ -112.540434228620754, 29.685296951867073 ], [ -112.542997896517321, 29.689245063049665 ], [ -112.543959246675357, 29.689838231853614 ], [ -112.545172383619985, 29.690727031584579 ], [ -112.54639314773668, 29.691543354837538 ], [ -112.546744121348866, 29.691909555407971 ], [ -112.546667843850031, 29.692586649163616 ], [ -112.549895264873072, 29.695634510553361 ], [ -112.551123663146768, 29.696595788503799 ], [ -112.552245235250297, 29.697187048523705 ], [ -112.553458346993949, 29.697171786478396 ], [ -112.554045816030026, 29.696715939902194 ], [ -112.554732472686609, 29.696326847236392 ], [ -112.55620499439398, 29.696391691444315 ], [ -112.556975584990255, 29.696302045940442 ], [ -112.557914019443785, 29.69591867477633 ], [ -112.558944017661503, 29.695825213666048 ], [ -112.560256350059845, 29.697091660138838 ], [ -112.561354196723769, 29.69778900831167 ], [ -112.560902925614243, 29.697727716817027 ], [ -112.560528128257445, 29.69768217900025 ], [ -112.560045515516308, 29.697610353196044 ], [ -112.559686843625727, 29.697597824266722 ], [ -112.559472232720552, 29.69765825485424 ], [ -112.559263615676784, 29.697821119896155 ], [ -112.559076847756202, 29.698022246921912 ], [ -112.558938492869601, 29.69838289108052 ], [ -112.558810826266978, 29.698917953633945 ], [ -112.558742536719166, 29.699379678851844 ], [ -112.558590218274915, 29.699973626337155 ], [ -112.558402558705993, 29.700370604671519 ], [ -112.558179558576256, 29.700570613713978 ], [ -112.558020165495705, 29.700701561362724 ], [ -112.55791234299754, 29.700846003869454 ], [ -112.557843728052077, 29.701048471573049 ], [ -112.557803949212229, 29.701346194616818 ], [ -112.557812935656173, 29.701928423525288 ], [ -112.557962996969252, 29.703280154159511 ], [ -112.55824920336515, 29.705081447342987 ], [ -112.558593914053588, 29.706487281138234 ], [ -112.558997126617527, 29.707497655389194 ], [ -112.55945883748123, 29.708112569843976 ], [ -112.559979041910424, 29.708332024154956 ], [ -112.560436402591606, 29.708665008205447 ], [ -112.560830920531501, 29.709111522596817 ], [ -112.561162596326454, 29.709671567850794 ], [ -112.561431430162571, 29.710345144409356 ], [ -112.561763113603703, 29.710905187789102 ], [ -112.562157646463959, 29.711351697547901 ], [ -112.562615028146936, 29.711684673163905 ], [ -112.563135257645683, 29.711904114035583 ], [ -112.563789480634256, 29.712432145476907 ], [ -112.56457770535954, 29.713268765134163 ], [ -112.565499942645346, 29.714413970114929 ], [ -112.566556205893349, 29.715867756987766 ], [ -112.567478490170402, 29.717012946061118 ], [ -112.568266782075611, 29.717849540765652 ], [ -112.568921070783205, 29.718377543994425 ], [ -112.56944134804364, 29.718596958102417 ], [ -112.569866049611335, 29.7189020966747 ], [ -112.570195175783326, 29.71929296061219 ], [ -112.570428726369656, 29.719769550623305 ], [ -112.570566700693391, 29.720331867224047 ], [ -112.570767956910075, 29.720808839639304 ], [ -112.571032495334833, 29.721200467583937 ], [ -112.571360315967368, 29.721506750690601 ], [ -112.571751418491999, 29.721727688509688 ], [ -112.572113739644848, 29.722174548253282 ], [ -112.572447281634837, 29.722847330038572 ], [ -112.572752046356129, 29.723746033955841 ], [ -112.573028035388262, 29.724870660068479 ], [ -112.573207164014988, 29.725355217580219 ], [ -112.573419920758198, 29.725755760035725 ], [ -112.573513249565622, 29.725874415554753 ], [ -112.573644987549073, 29.725916565197586 ], [ -112.573726272630296, 29.725897797966464 ], [ -112.573800646890021, 29.725834966966016 ], [ -112.573934062224268, 29.725668618467946 ], [ -112.574011318545473, 29.725529033923575 ], [ -112.574129078642258, 29.725394150801353 ], [ -112.574273144541905, 29.725325192620225 ], [ -112.574521758989732, 29.725360456415387 ], [ -112.574913860232115, 29.725559504792542 ], [ -112.575437615468132, 29.726082696234482 ], [ -112.576097724651518, 29.726977160804125 ], [ -112.576787942114933, 29.727730274942523 ], [ -112.577508265454426, 29.728342038306568 ], [ -112.578258692039967, 29.728812450533223 ], [ -112.579039219015669, 29.729141511239646 ], [ -112.579883028235244, 29.729385219031581 ], [ -112.580790117925574, 29.729543572769142 ], [ -112.581760485997847, 29.729616571230341 ], [ -112.58191610004728, 29.729614711244487 ], [ -112.582794130047688, 29.729604213111191 ], [ -112.583600335467295, 29.729509975960621 ], [ -112.584179101141828, 29.729333863982074 ], [ -112.584530427018237, 29.72907588016221 ], [ -112.58471551910732, 29.728793164935812 ], [ -112.584832903123484, 29.728430051006463 ], [ -112.584862790274613, 29.728073830697937 ], [ -112.585541854971211, 29.729014128733532 ], [ -112.585312985799675, 29.72972936860317 ], [ -112.585244333326429, 29.73025578448593 ], [ -112.585686871166217, 29.730925247059982 ], [ -112.58620570038606, 29.731415422981311 ], [ -112.585870016311674, 29.732132569683785 ], [ -112.585801376384097, 29.73310720253636 ], [ -112.585755663728165, 29.735436020618774 ], [ -112.585610751576638, 29.737242238147168 ], [ -112.585809162036668, 29.738665085384447 ], [ -112.585984664443828, 29.7394203780262 ], [ -112.586350910326473, 29.740248146566042 ], [ -112.586885000065763, 29.740782189445454 ], [ -112.588082869094123, 29.741354377818674 ], [ -112.588334640353011, 29.741125500499479 ], [ -112.589372265884393, 29.740961469457858 ], [ -112.58929598838921, 29.74163665491545 ], [ -112.589486750769083, 29.742384317845698 ], [ -112.58924262557457, 29.743215903017116 ], [ -112.589509685697749, 29.744043671851472 ], [ -112.589692822261554, 29.744943918291298 ], [ -112.590295578640877, 29.745489405475507 ], [ -112.59082965445225, 29.745525643035521 ], [ -112.591356122285291, 29.746351503692118 ], [ -112.591829177214976, 29.746967562099339 ], [ -112.591539269428935, 29.747629397163688 ], [ -112.591905506676241, 29.74814818300154 ], [ -112.591989444871658, 29.748598306244865 ], [ -112.593011832977638, 29.749181937847023 ], [ -112.593294131398679, 29.749260136628966 ], [ -112.594286014182288, 29.750330130850273 ], [ -112.595216847943277, 29.7510415521669 ], [ -112.595918790367776, 29.751636628949555 ], [ -112.59627741233831, 29.75276002960539 ], [ -112.596803870604219, 29.753278813844439 ], [ -112.597414245599396, 29.7534237676057 ], [ -112.598016998326969, 29.753868166878071 ], [ -112.599024121384701, 29.754306843614049 ], [ -112.599588732245365, 29.754976305542684 ], [ -112.599787120978107, 29.755668655744039 ], [ -112.599695590360582, 29.756628029803249 ], [ -112.59970323131104, 29.757078153070999 ], [ -112.599207340623622, 29.75843615406195 ], [ -112.598978492721486, 29.760017309397295 ], [ -112.599184540545394, 29.761819710268977 ], [ -112.599794930307155, 29.762563556806409 ], [ -112.601191169343835, 29.763149094470613 ], [ -112.602663710722126, 29.763961600972461 ], [ -112.603716639035383, 29.765447387123643 ], [ -112.604426216636227, 29.766269432946022 ], [ -112.604517791867465, 29.767017094939181 ], [ -112.605280772171426, 29.767638873574366 ], [ -112.604113452882928, 29.768222511343122 ], [ -112.603793039690743, 29.769435557166208 ], [ -112.603640482327677, 29.770791650632887 ], [ -112.60383889227009, 29.772294604240138 ], [ -112.604372998325829, 29.773488574291925 ], [ -112.60525044165631, 29.774831313721801 ], [ -112.605982960869611, 29.777684636532502 ], [ -112.605731198783644, 29.778281623529981 ], [ -112.605921960997208, 29.779109392224427 ], [ -112.605402528434354, 29.779093316436942 ], [ -112.604970394236616, 29.779028527050574 ], [ -112.604688429904641, 29.778962310372147 ], [ -112.604158086615726, 29.778702510763807 ], [ -112.603633139157665, 29.778360276823065 ], [ -112.602684279610571, 29.777638654618265 ], [ -112.601635792376527, 29.776749048669274 ], [ -112.600649713238511, 29.775717692059754 ], [ -112.599726044725784, 29.7745445860396 ], [ -112.598864788864219, 29.773229731781282 ], [ -112.598065947176437, 29.771773130379639 ], [ -112.597305707489937, 29.770710819107791 ], [ -112.596584059067013, 29.770042799191465 ], [ -112.595900992302816, 29.769769071720678 ], [ -112.595256498724424, 29.769889637649783 ], [ -112.594609323520515, 29.769841048914781 ], [ -112.593959469969121, 29.769623305351718 ], [ -112.593306941416671, 29.769236406783186 ], [ -112.592651741277905, 29.768680353018219 ], [ -112.591803558597519, 29.768183013609388 ], [ -112.590762394529577, 29.767744384804093 ], [ -112.589528249516817, 29.767364462028162 ], [ -112.588101123290883, 29.767043239885798 ], [ -112.586930733326, 29.76660613193042 ], [ -112.586017080723281, 29.76605314493337 ], [ -112.585360164756409, 29.765384284229562 ], [ -112.584959982871951, 29.7645995537174 ], [ -112.58459522597208, 29.764011779167344 ], [ -112.584265891141825, 29.763620961024788 ], [ -112.583971975936805, 29.763427099674367 ], [ -112.583713478383146, 29.763430195439991 ], [ -112.583579351661754, 29.763121629934847 ], [ -112.583569596031495, 29.762501403491729 ], [ -112.583684209563401, 29.761569516135033 ], [ -112.583923188140957, 29.760325967580776 ], [ -112.584261755302762, 29.759250410261771 ], [ -112.584699909254638, 29.758342843547009 ], [ -112.585237649229413, 29.757603266531468 ], [ -112.585874975486689, 29.757031678036178 ], [ -112.58644989532803, 29.756601822246534 ], [ -112.586962411932745, 29.756313699884277 ], [ -112.587412527977591, 29.756167311593309 ], [ -112.587800245636785, 29.756162657939853 ], [ -112.588018412171905, 29.755652485350229 ], [ -112.588067027287153, 29.754636794577294 ], [ -112.587946096132214, 29.753115585421757 ], [ -112.587655629301054, 29.751088856732231 ], [ -112.587018232240553, 29.749602040487989 ], [ -112.586033908662884, 29.748655131834379 ], [ -112.584702651409245, 29.748248123470997 ], [ -112.58302444245092, 29.748381005650554 ], [ -112.581639208265273, 29.748651351692782 ], [ -112.580546946037444, 29.749059170909351 ], [ -112.579747655284422, 29.749604470568318 ], [ -112.579241337855734, 29.750287255894353 ], [ -112.578636321483359, 29.7508584272456 ], [ -112.577932606342728, 29.75131798328297 ], [ -112.577130193273021, 29.751665922416791 ], [ -112.576229083777363, 29.751902242807002 ], [ -112.575525349967734, 29.752361786634303 ], [ -112.57501899016458, 29.75304455707731 ], [ -112.574710005342453, 29.753950556313054 ], [ -112.574598399130366, 29.75507978551699 ], [ -112.574419085680105, 29.756012437869305 ], [ -112.574172063884504, 29.756748513204975 ], [ -112.573857333479936, 29.757288011209077 ], [ -112.573474895046473, 29.757630931416791 ], [ -112.57269944296489, 29.757640154038327 ], [ -112.571530984502587, 29.757315671882672 ], [ -112.569969534735165, 29.756657473921077 ], [ -112.568015116545808, 29.755665545288725 ], [ -112.566063804702722, 29.754870932905632 ], [ -112.564115587442345, 29.754273637399336 ], [ -112.562170453094254, 29.753873659377504 ], [ -112.560228390080525, 29.753670999427868 ], [ -112.558575809262621, 29.753380307361478 ], [ -112.55721271302103, 29.753001593954448 ], [ -112.55613910213701, 29.752534868133324 ], [ -112.555354975793293, 29.751980136974886 ], [ -112.554409749090027, 29.751455491676353 ], [ -112.553303423511764, 29.750960928729995 ], [ -112.552036000227957, 29.750496444049563 ], [ -112.550607480093049, 29.750062032970256 ], [ -112.549437438053701, 29.749624578977006 ], [ -112.548525871173752, 29.749184089047542 ], [ -112.547872776398322, 29.748740568645431 ], [ -112.547478150554042, 29.748294021720138 ], [ -112.54718131751504, 29.747902725320312 ], [ -112.546982275653491, 29.747566680172451 ], [ -112.546881023657591, 29.747285886773163 ], [ -112.546877560531541, 29.747060345389261 ], [ -112.547488371820151, 29.746855817988706 ], [ -112.54871345375517, 29.746672296183426 ], [ -112.550552802932231, 29.746509762998766 ], [ -112.553006416308278, 29.746368192873646 ], [ -112.554780265788082, 29.746149974647892 ], [ -112.555874353060787, 29.745855135652238 ], [ -112.556288682432054, 29.745483692621082 ], [ -112.556023260820922, 29.74503565169265 ], [ -112.555854761399161, 29.744586470402286 ], [ -112.555783182894061, 29.744136149166863 ], [ -112.555808524016257, 29.743684688190466 ], [ -112.555930783459772, 29.743232087464353 ], [ -112.555858335216456, 29.742725381015312 ], [ -112.555591182365035, 29.742164568400963 ], [ -112.555129328574793, 29.741549648295049 ], [ -112.554472778105662, 29.740880618487726 ], [ -112.553977327723231, 29.740181495491811 ], [ -112.553642974632865, 29.739452281213612 ], [ -112.553469715724688, 29.738692976980804 ], [ -112.553457547573743, 29.737903583542391 ], [ -112.55357459681116, 29.737112672972714 ], [ -112.55382086037406, 29.736320245038378 ], [ -112.554196335170118, 29.73552629912788 ], [ -112.554701018077637, 29.734730834251486 ], [ -112.554883966069156, 29.734023741471503 ], [ -112.554745186374319, 29.733405021887691 ], [ -112.554284684428893, 29.732874674310306 ], [ -112.553502463875233, 29.732432695260336 ], [ -112.552880894427048, 29.731932430863541 ], [ -112.552419974918777, 29.731373883419131 ], [ -112.552119703604419, 29.73075705465962 ], [ -112.551980078157584, 29.730081945750914 ], [ -112.551810756762706, 29.729576371413732 ], [ -112.551611738885839, 29.729240331586197 ], [ -112.551383023732896, 29.729073826184745 ], [ -112.551253816996265, 29.729075340707418 ], [ -112.551124610249786, 29.729076855104047 ], [ -112.550895896245493, 29.728910348814082 ], [ -112.550696882774147, 29.728574307420214 ], [ -112.550527570629598, 29.728068731006069 ], [ -112.550387960345489, 29.727393619633517 ], [ -112.550185050617458, 29.726803842796471 ], [ -112.550366969566952, 29.727332608257342 ], [ -112.550321190496078, 29.727253412828311 ], [ -112.54953123211169, 29.726303938723802 ], [ -112.548615117642811, 29.72555332020497 ], [ -112.547572844151262, 29.725001554810685 ], [ -112.546501740658357, 29.724675700351533 ], [ -112.545401800105694, 29.724575756408868 ], [ -112.544273015118321, 29.724701722536405 ], [ -112.543115378004259, 29.725053598260097 ], [ -112.54206153299414, 29.725855420442738 ], [ -112.541111469074821, 29.727107191823908 ], [ -112.540265178283107, 29.72880891471015 ], [ -112.539522655705241, 29.730960590975361 ], [ -112.539100599617768, 29.731815420041656 ], [ -112.539085916731992, 29.731980793410994 ], [ -112.53922029375893, 29.732317604699578 ], [ -112.539256471173601, 29.732570964514949 ], [ -112.53919444811963, 29.732740872976656 ], [ -112.539034224228047, 29.732827329965051 ], [ -112.538775799617284, 29.732830335121289 ], [ -112.538550968984978, 29.732917542753516 ], [ -112.538359731873072, 29.73308895304686 ], [ -112.538202088000617, 29.733344566151697 ], [ -112.53807803726383, 29.733684382183721 ], [ -112.537916090293066, 29.733658066497892 ], [ -112.53771624889022, 29.733265618886634 ], [ -112.537478515869125, 29.732507039021623 ], [ -112.537202895055316, 29.731382326453904 ] ] ] ] } },
{ "type": "Feature", "properties": { "VULNERABIL": 1.0, "fid": 16, "cat": 16, "CLAVE_ACUI": "2617", "NOM_ACUIF": "PUERTO LIBERTAD" }, "geometry": { "type": "MultiPolygon", "coordinates": [ [ [ [ -112.572265614525506, 29.704917291416255 ], [ -112.57303624673041, 29.706315343211397 ], [ -112.573158336317789, 29.706864646631995 ], [ -112.57376872415351, 29.707461630437731 ], [ -112.574905554786326, 29.707991857576779 ], [ -112.576462028737112, 29.709008446085619 ], [ -112.577507311494102, 29.709817139325864 ], [ -112.578781481735746, 29.710597223328548 ], [ -112.5798572843388, 29.711451691796409 ], [ -112.580139616929429, 29.71272004877185 ], [ -112.58025410541326, 29.714305017719433 ], [ -112.580620369941016, 29.715800342708327 ], [ -112.580719584313584, 29.716855081188854 ], [ -112.58116212218637, 29.717526451173573 ], [ -112.58144445388524, 29.718794807252131 ], [ -112.581711506499715, 29.719323129558479 ], [ -112.582237975992129, 29.720210023953413 ], [ -112.582253260781684, 29.721121715384673 ], [ -112.582108358074677, 29.723297949369279 ], [ -112.582566169858765, 29.724491920156435 ], [ -112.583512260539635, 29.725041221149393 ], [ -112.584038706289746, 29.725079366140879 ], [ -112.584305755769861, 29.725527581422298 ], [ -112.584450737467506, 29.726174156765261 ], [ -112.58458809702978, 29.727104921110826 ], [ -112.584862790274613, 29.728073830697937 ], [ -112.584832903123484, 29.728430051006463 ], [ -112.58471551910732, 29.728793164935812 ], [ -112.584530427018237, 29.72907588016221 ], [ -112.584179101141828, 29.729333863982074 ], [ -112.583600335467295, 29.729509975960621 ], [ -112.582794130047688, 29.729604213111191 ], [ -112.58191610004728, 29.729614711244487 ], [ -112.581760485997847, 29.729616571230341 ], [ -112.580790117925574, 29.729543572769142 ], [ -112.579883028235244, 29.729385219031581 ], [ -112.579047292468388, 29.729143843034425 ], [ -112.579039219015669, 29.729141511239646 ], [ -112.578258692039967, 29.728812450533223 ], [ -112.577508265454426, 29.728342038306568 ], [ -112.576787942114933, 29.727730274942523 ], [ -112.576626169690613, 29.727553762247151 ], [ -112.576097724651518, 29.726977160804125 ], [ -112.575437615468132, 29.726082696234482 ], [ -112.574913860232115, 29.725559504792542 ], [ -112.574521758989732, 29.725360456415387 ], [ -112.574273144541905, 29.725325192620225 ], [ -112.574129078642258, 29.725394150801353 ], [ -112.574011318545473, 29.725529033923575 ], [ -112.573934062224268, 29.725668618467946 ], [ -112.573800646890021, 29.725834966966016 ], [ -112.573726272630296, 29.725897797966464 ], [ -112.573644987549073, 29.725916565197586 ], [ -112.573513249565622, 29.725874415554753 ], [ -112.573419920758198, 29.725755760035725 ], [ -112.573207164014988, 29.725355217580219 ], [ -112.573028035388262, 29.724870660068479 ], [ -112.572752046356129, 29.723746033955841 ], [ -112.572447281634837, 29.722847330038572 ], [ -112.572113739644848, 29.722174548253282 ], [ -112.571751418491999, 29.721727688509688 ], [ -112.571360315967368, 29.721506750690601 ], [ -112.571032495334833, 29.721200467583937 ], [ -112.570767956910075, 29.720808839639304 ], [ -112.570566700693391, 29.720331867224047 ], [ -112.570428726369656, 29.719769550623305 ], [ -112.570195175783326, 29.71929296061219 ], [ -112.569866049611335, 29.7189020966747 ], [ -112.56944134804364, 29.718596958102417 ], [ -112.568921070783205, 29.718377543994425 ], [ -112.568266782075611, 29.717849540765652 ], [ -112.567478490170402, 29.717012946061118 ], [ -112.566556205893349, 29.715867756987766 ], [ -112.565499942645346, 29.714413970114929 ], [ -112.56457770535954, 29.713268765134163 ], [ -112.563789480634256, 29.712432145476907 ], [ -112.563135257645683, 29.711904114035583 ], [ -112.562615028146936, 29.711684673163905 ], [ -112.562157646463959, 29.711351697547901 ], [ -112.561763113603703, 29.710905187789102 ], [ -112.561431430162571, 29.710345144409356 ], [ -112.561162596326454, 29.709671567850794 ], [ -112.560830920531501, 29.709111522596817 ], [ -112.560436402591606, 29.708665008205447 ], [ -112.559979041910424, 29.708332024154956 ], [ -112.55945883748123, 29.708112569843976 ], [ -112.558997126617527, 29.707497655389194 ], [ -112.558593914053588, 29.706487281138234 ], [ -112.55824920336515, 29.705081447342987 ], [ -112.557962996969252, 29.703280154159511 ], [ -112.557812935656173, 29.701928423525288 ], [ -112.557803949212229, 29.701346194616818 ], [ -112.557843728052077, 29.701048471573049 ], [ -112.55791234299754, 29.700846003869454 ], [ -112.558020165495705, 29.700701561362724 ], [ -112.558179558576256, 29.700570613713978 ], [ -112.558402558705993, 29.700370604671519 ], [ -112.558590218274915, 29.699973626337155 ], [ -112.558742536719166, 29.699379678851844 ], [ -112.558810826266978, 29.698917953633945 ], [ -112.558938492869601, 29.69838289108052 ], [ -112.559076847756202, 29.698022246921912 ], [ -112.559263615676784, 29.697821119896155 ], [ -112.559472232720552, 29.69765825485424 ], [ -112.559686843625727, 29.697597824266722 ], [ -112.560045515516308, 29.697610353196044 ], [ -112.560528128257445, 29.69768217900025 ], [ -112.560902925614243, 29.697727716817027 ], [ -112.561354196723769, 29.69778900831167 ], [ -112.56165259834313, 29.697978551925431 ], [ -112.56286573641809, 29.698937922514453 ], [ -112.564788439757166, 29.700196736612224 ], [ -112.56644411460681, 29.701756906338407 ], [ -112.568794090186032, 29.703460122203943 ], [ -112.569717300020869, 29.704316498529927 ], [ -112.57140346200751, 29.704783782863743 ], [ -112.572265614525506, 29.704917291416255 ] ] ] ] } },
{ "type": "Feature", "properties": { "VULNERABIL": 1.0, "fid": 17, "cat": 17, "CLAVE_ACUI": "2617", "NOM_ACUIF": "PUERTO LIBERTAD" }, "geometry": { "type": "MultiPolygon", "coordinates": [ [ [ [ -112.495236798587825, 29.624652991792665 ], [ -112.496145334528151, 29.624981129013765 ], [ -112.496733683395007, 29.625482064848754 ], [ -112.497001843761211, 29.626155803583 ], [ -112.496949810853849, 29.627002347284293 ], [ -112.49657757655352, 29.628021695802627 ], [ -112.49645849818134, 29.628699804511392 ], [ -112.496592581747024, 29.629036673973285 ], [ -112.496979828230664, 29.629032303429391 ], [ -112.497620233582325, 29.62868669079921 ], [ -112.498424072555537, 29.628480221373064 ], [ -112.499391347289816, 29.628412892109679 ], [ -112.500522061271141, 29.628484699307464 ], [ -112.501816219332028, 29.628695638604327 ], [ -112.502784329800448, 29.628684672116954 ], [ -112.503426386746412, 29.628451807206933 ], [ -112.503742388486287, 29.627997048658042 ], [ -112.503732337582449, 29.627320398676051 ], [ -112.503951106554879, 29.626838543573932 ], [ -112.504398693217965, 29.626551482330676 ], [ -112.505075098025657, 29.626459212630984 ], [ -112.505980324071274, 29.626561730865127 ], [ -112.507135313353885, 29.626738649298755 ], [ -112.507381056376744, 29.627997831822313 ], [ -112.507678682728724, 29.630547896531773 ], [ -112.508281440282204, 29.631144880297324 ], [ -112.509250428683615, 29.63203749552434 ], [ -112.509525133160523, 29.633385958563601 ], [ -112.510661981830182, 29.634574205853948 ], [ -112.511791203546238, 29.635842559292861 ], [ -112.512455014508603, 29.637025085763391 ], [ -112.512867047869975, 29.638240036387959 ], [ -112.513874181115284, 29.638995325568303 ], [ -112.514515073372962, 29.639123113388575 ], [ -112.515392516444521, 29.640385745342677 ], [ -112.515743494502061, 29.640914067354839 ], [ -112.516987185216337, 29.64307503951855 ], [ -112.517506012982125, 29.643519439168792 ], [ -112.51804776064381, 29.645092963146887 ], [ -112.520062036111142, 29.64695639301144 ], [ -112.520847904703359, 29.647541932635075 ], [ -112.521717709649678, 29.648514655203936 ], [ -112.522511231491023, 29.649931779218868 ], [ -112.522663862178376, 29.651293593662761 ], [ -112.522320612392193, 29.654291876381585 ], [ -112.522335907358695, 29.655573584214871 ], [ -112.522107072802783, 29.657534293714793 ], [ -112.522641177822678, 29.658655786842925 ], [ -112.522831938088274, 29.659332878887636 ], [ -112.523114258215628, 29.660193071912005 ], [ -112.52354154798013, 29.661270697465969 ], [ -112.524243490448029, 29.66186768095465 ], [ -112.524754710196333, 29.663071188595676 ], [ -112.525151506703253, 29.665089114240626 ], [ -112.525533024436555, 29.666374635813764 ], [ -112.526471485789443, 29.666958268476051 ], [ -112.526997958401992, 29.6679634154833 ], [ -112.528295003819991, 29.668209454022371 ], [ -112.529172426105248, 29.668722516032418 ], [ -112.529698895962781, 29.669628483645575 ], [ -112.530071987094573, 29.670134542053233 ], [ -112.529758549411824, 29.670391454933309 ], [ -112.529546290022992, 29.670579926385855 ], [ -112.529287259145079, 29.670798186370142 ], [ -112.529092689596652, 29.670986720525701 ], [ -112.528808626332832, 29.671431412850012 ], [ -112.528580489969059, 29.671927942847546 ], [ -112.528303580931848, 29.67283347804652 ], [ -112.528062362483112, 29.673964186279317 ], [ -112.527752306741519, 29.674813706291783 ], [ -112.527508178662671, 29.675179893733603 ], [ -112.527172176533483, 29.675498493389775 ], [ -112.526980641834371, 29.67560372410988 ], [ -112.526735998300666, 29.675671365557104 ], [ -112.526391187745176, 29.675701218448662 ], [ -112.526187746715337, 29.675761020288803 ], [ -112.526022646535779, 29.675825073740896 ], [ -112.525802661958892, 29.675990291008922 ], [ -112.525599054864671, 29.676218237949318 ], [ -112.525384905820076, 29.676504445289734 ], [ -112.525241397666861, 29.676760435762365 ], [ -112.52517770510444, 29.676934928216678 ], [ -112.525014120320677, 29.677383085887239 ], [ -112.524507336417599, 29.678037476008839 ], [ -112.523741832952595, 29.678666641997356 ], [ -112.522717605432575, 29.679270579525095 ], [ -112.521434649682575, 29.67984928273367 ], [ -112.520474120353882, 29.680396075522371 ], [ -112.519836023896659, 29.680910964695659 ], [ -112.519520366041618, 29.681393954724673 ], [ -112.519527151800361, 29.681845047746954 ], [ -112.519694525366404, 29.682237902285504 ], [ -112.520022488264516, 29.682572517685262 ], [ -112.520511041441267, 29.682848892725151 ], [ -112.521160185264975, 29.683067025618108 ], [ -112.521649168548691, 29.683371589524214 ], [ -112.521977991217852, 29.683762586212882 ], [ -112.5221466523587, 29.68424001689845 ], [ -112.522155150218083, 29.684803882240129 ], [ -112.522259237930143, 29.685282054641661 ], [ -112.522458916520762, 29.685674533856755 ], [ -112.522754186529596, 29.685981319446149 ], [ -112.523145048010008, 29.686202410777636 ], [ -112.523439471078063, 29.686452808200954 ], [ -112.523637455312738, 29.686732512372526 ], [ -112.523739000116478, 29.68704152374368 ], [ -112.523744104715092, 29.687379842560649 ], [ -112.523457333616747, 29.687636924251763 ], [ -112.52287868516666, 29.687812766984493 ], [ -112.522008159038535, 29.687907366943264 ], [ -112.520845756234877, 29.687920718329483 ], [ -112.519717763015663, 29.688074655492596 ], [ -112.518624174896928, 29.688369179463912 ], [ -112.517564987707985, 29.688804291228763 ], [ -112.516540197591326, 29.689379991726614 ], [ -112.515610148893089, 29.689813609611214 ], [ -112.514774846768816, 29.690105146723642 ], [ -112.514034295592396, 29.690254604721346 ], [ -112.513388498956061, 29.690261985078017 ], [ -112.512911332390573, 29.690746805444231 ], [ -112.512602791957804, 29.691709067694937 ], [ -112.512462878788469, 29.693148772792281 ], [ -112.51249159908275, 29.695065920785648 ], [ -112.512612128846669, 29.696643641679476 ], [ -112.512824470421947, 29.697881935348249 ], [ -112.513128624447404, 29.698780801490404 ], [ -112.513524589858505, 29.699340239628324 ], [ -112.513824103843419, 29.699928977188073 ], [ -112.514027165028963, 29.700547014867112 ], [ -112.514133771865275, 29.701194353157639 ], [ -112.514143922625749, 29.701870992346628 ], [ -112.514038323734923, 29.702582792718044 ], [ -112.51402659044696, 29.702661881641689 ], [ -112.513781772041071, 29.70356702078416 ], [ -112.513409463254646, 29.704586409171842 ], [ -112.512909659068484, 29.705720045858936 ], [ -112.512569629537538, 29.706739063143853 ], [ -112.512482040908111, 29.707360422432281 ], [ -112.512394581985561, 29.708557615455863 ], [ -112.512508242356432, 29.709108406564059 ], [ -112.512548145701956, 29.709615516789928 ], [ -112.512536539354812, 29.709809853321104 ], [ -112.512488625155527, 29.709954574109112 ], [ -112.512329679927461, 29.710125578437285 ], [ -112.512089201081849, 29.710254458848034 ], [ -112.511952763026258, 29.709962206504375 ], [ -112.51008057620237, 29.705951954491677 ], [ -112.502768488822369, 29.690289354606737 ], [ -112.497717969226912, 29.679471066541531 ], [ -112.49016397796521, 29.663290304945303 ], [ -112.486310454895118, 29.65503600123451 ], [ -112.482850535298795, 29.64762480201669 ], [ -112.468144212074392, 29.631018164288417 ], [ -112.454796680070316, 29.615945897401836 ], [ -112.434485043037668, 29.593009641158663 ], [ -112.429140007487462, 29.586973933410881 ], [ -112.422214046829964, 29.579153017346112 ], [ -112.424439665964186, 29.574416837066337 ], [ -112.425684274481455, 29.571768275043816 ], [ -112.427137369275442, 29.568676048345157 ], [ -112.428089314285657, 29.566650282518722 ], [ -112.429159685907564, 29.566607558857175 ], [ -112.429931147780493, 29.566493408618125 ], [ -112.431219621067811, 29.566366731331577 ], [ -112.432447965030008, 29.566550881475795 ], [ -112.433616190776533, 29.567045860325578 ], [ -112.434724308434795, 29.56785166906818 ], [ -112.435772327150858, 29.568968308803548 ], [ -112.436655114130346, 29.569804735727583 ], [ -112.437159767430117, 29.570195927517162 ], [ -112.437605726057328, 29.570477431237176 ], [ -112.437940527223631, 29.570668828247538 ], [ -112.438189259856046, 29.570823777581076 ], [ -112.438906157975566, 29.571317871508143 ], [ -112.439163352095534, 29.571525921581404 ], [ -112.439685801879733, 29.571971444120539 ], [ -112.440311466936876, 29.572415844885445 ], [ -112.440467884050804, 29.5725269445824 ], [ -112.441509605294897, 29.573192418120598 ], [ -112.442298921195999, 29.574255412720674 ], [ -112.442835833853181, 29.575715932654507 ], [ -112.443120339574023, 29.577573980886278 ], [ -112.443152428872978, 29.579829559072465 ], [ -112.443370035390913, 29.581519138085149 ], [ -112.443773163462311, 29.58264271723959 ], [ -112.444361811594291, 29.58320029514331 ], [ -112.444397652382634, 29.583199905175928 ], [ -112.444688394889667, 29.583478731972018 ], [ -112.445331923435873, 29.583358930713082 ], [ -112.445908525171902, 29.583070661041809 ], [ -112.446418197897074, 29.582613923887493 ], [ -112.446860940110909, 29.581988720043174 ], [ -112.447236751013151, 29.581195050165558 ], [ -112.447710933243002, 29.580513102770297 ], [ -112.448283486236107, 29.579942876850577 ], [ -112.448954410084966, 29.579484371153367 ], [ -112.449723705538844, 29.579137584179282 ], [ -112.450593389966912, 29.579043487348354 ], [ -112.451563469471481, 29.579202078485604 ], [ -112.452633951729837, 29.579613355108791 ], [ -112.453804845994625, 29.580277314428102 ], [ -112.45490800826208, 29.58071641328528 ], [ -112.455943430258515, 29.580930653693017 ], [ -112.456603998464573, 29.580923406715861 ], [ -112.45725068415237, 29.580831183940237 ], [ -112.457811025160382, 29.580684566430172 ], [ -112.458228976975292, 29.580603518170605 ], [ -112.458869147810972, 29.580518106957356 ], [ -112.459308417808003, 29.580483112211425 ], [ -112.460228649930784, 29.58137584570628 ], [ -112.461350211403598, 29.581589460339615 ], [ -112.461785106090304, 29.581808799360861 ], [ -112.462914321774292, 29.58292647571044 ], [ -112.464135091846643, 29.583967859589407 ], [ -112.465348228674017, 29.584927229954189 ], [ -112.464840956427054, 29.58494981864839 ], [ -112.464519743883145, 29.585047359303644 ], [ -112.464330730614066, 29.585186761426549 ], [ -112.464201923007508, 29.585379852829615 ], [ -112.464142582693711, 29.585627997933347 ], [ -112.464100205763316, 29.585925719133741 ], [ -112.464085423372538, 29.586249080600318 ], [ -112.464105659079721, 29.586645601091295 ], [ -112.464158533178235, 29.587025687029712 ], [ -112.464232455671393, 29.587494435094545 ], [ -112.464437403604848, 29.588281743708446 ], [ -112.464705242429446, 29.588955562223763 ], [ -112.464793436715638, 29.589104983136362 ], [ -112.465238486599176, 29.590134030659332 ], [ -112.465543077945256, 29.591117629171126 ], [ -112.465618192706529, 29.591849970928131 ], [ -112.465463825122626, 29.592331056590844 ], [ -112.465079972876637, 29.592560885484062 ], [ -112.46489130524408, 29.592901354691559 ], [ -112.464828415760294, 29.593014844373691 ], [ -112.464734081278749, 29.59318507884657 ], [ -112.464677708997328, 29.593749678770585 ], [ -112.464722189833623, 29.594595154480945 ], [ -112.464867526993359, 29.595721505672881 ], [ -112.465041053678192, 29.596565556512477 ], [ -112.465242768820033, 29.597127307019004 ], [ -112.465472670984852, 29.597406757175076 ], [ -112.4657307583727, 29.597403906926715 ], [ -112.465925139406778, 29.597458157635131 ], [ -112.466055814330034, 29.597569509571183 ], [ -112.466122783170363, 29.597737962919979 ], [ -112.466126045740424, 29.597963517780801 ], [ -112.466612817798648, 29.598155531134658 ], [ -112.467583101361981, 29.598313997584349 ], [ -112.469036897249737, 29.598438906478641 ], [ -112.470974205082271, 29.598530241912243 ], [ -112.472462725398643, 29.598823921074697 ], [ -112.473502463976217, 29.599319958872577 ], [ -112.474093421065319, 29.600018365825896 ], [ -112.474235591387597, 29.600919148068449 ], [ -112.474407155467631, 29.601622211833796 ], [ -112.474608112721469, 29.602127557082262 ], [ -112.474838462272444, 29.602435183749417 ], [ -112.475098202951187, 29.602545091746151 ], [ -112.475356302303936, 29.602542222331749 ], [ -112.475381948047598, 29.602530657674613 ], [ -112.475612759469726, 29.602426575545451 ], [ -112.475867573615687, 29.602198151420559 ], [ -112.476120743937003, 29.601856949984313 ], [ -112.476504193188006, 29.601598894897766 ], [ -112.477017921237262, 29.601423985042366 ], [ -112.477661928586656, 29.60133221889053 ], [ -112.478436216371279, 29.60132359450558 ], [ -112.479211738376677, 29.601399548135458 ], [ -112.479988496555464, 29.601560079688213 ], [ -112.480766492876043, 29.601805189068426 ], [ -112.481545729322761, 29.602134876177214 ], [ -112.482190901149977, 29.602425954532194 ], [ -112.482839146895415, 29.602702413606451 ], [ -112.483522525191475, 29.603675968384195 ], [ -112.484735654844457, 29.604339706201873 ], [ -112.48629210918665, 29.604702089039037 ], [ -112.487545176919951, 29.605595623488927 ], [ -112.487284221638006, 29.606332644932419 ], [ -112.48703941592079, 29.607092793828052 ], [ -112.486794545724351, 29.607997896069854 ], [ -112.486647705476258, 29.60898649550705 ], [ -112.486599297875117, 29.610049804663355 ], [ -112.486598897810183, 29.61005859234173 ], [ -112.486648125844482, 29.611214186538707 ], [ -112.486795393182362, 29.612453277825448 ], [ -112.487334408199942, 29.613998162476516 ], [ -112.488265194132069, 29.615848834713507 ], [ -112.489587781284825, 29.618005284996155 ], [ -112.491302207038515, 29.620467500019942 ], [ -112.49281520839628, 29.622396183983287 ], [ -112.49412674884708, 29.623791345467726 ], [ -112.495236798587825, 29.624652991792665 ] ] ] ] } },
{ "type": "Feature", "properties": { "VULNERABIL": 2.0, "fid": 18, "cat": 18, "CLAVE_ACUI": "2617", "NOM_ACUIF": "PUERTO LIBERTAD" }, "geometry": { "type": "MultiPolygon", "coordinates": [ [ [ [ -112.493746509163003, 29.61378655401295 ], [ -112.494227205025382, 29.614845106066888 ], [ -112.497569038717216, 29.616828691698448 ], [ -112.49947646443961, 29.617484797707061 ], [ -112.502497818371921, 29.618198120202983 ], [ -112.504153475247577, 29.619163210689567 ], [ -112.505534463895174, 29.620050103304738 ], [ -112.506587384038554, 29.621165872581269 ], [ -112.507121496186443, 29.622514334830122 ], [ -112.507327555259579, 29.624614275453975 ], [ -112.50734283962548, 29.625516429748171 ], [ -112.506999520111549, 29.626042847336318 ], [ -112.507135313353885, 29.626738649298755 ], [ -112.505980324071274, 29.626561730865127 ], [ -112.505075098025657, 29.626459212630984 ], [ -112.504398693217965, 29.626551482330676 ], [ -112.503951106554879, 29.626838543573932 ], [ -112.503732337582449, 29.627320398676051 ], [ -112.503742388486287, 29.627997048658042 ], [ -112.503426386746412, 29.628451807206933 ], [ -112.502784329800448, 29.628684672116954 ], [ -112.501816219332028, 29.628695638604327 ], [ -112.500522061271141, 29.628484699307464 ], [ -112.499391347289816, 29.628412892109679 ], [ -112.498424072555537, 29.628480221373064 ], [ -112.497620233582325, 29.62868669079921 ], [ -112.496979828230664, 29.629032303429391 ], [ -112.496592581747024, 29.629036673973285 ], [ -112.49645849818134, 29.628699804511392 ], [ -112.49657757655352, 29.628021695802627 ], [ -112.496949810853849, 29.627002347284293 ], [ -112.497001843761211, 29.626155803583 ], [ -112.496733683395007, 29.625482064848754 ], [ -112.496145334528151, 29.624981129013765 ], [ -112.495236798587825, 29.624652991792665 ], [ -112.49412674884708, 29.623791345467726 ], [ -112.49281520839628, 29.622396183983287 ], [ -112.491302207038515, 29.620467500019942 ], [ -112.489587781284825, 29.618005284996155 ], [ -112.488265194132069, 29.615848834713507 ], [ -112.487334408199942, 29.613998162476516 ], [ -112.486795393182362, 29.612453277825448 ], [ -112.486648125844482, 29.611214186538707 ], [ -112.486598897810183, 29.61005859234173 ], [ -112.486647705476258, 29.60898649550705 ], [ -112.486794545724351, 29.607997896069854 ], [ -112.48703941592079, 29.607092793828052 ], [ -112.487284221638006, 29.606332644932419 ], [ -112.487545176919951, 29.605595623488927 ], [ -112.490038332860664, 29.607439058188099 ], [ -112.491343024337382, 29.608325950936354 ], [ -112.492296765345401, 29.60966868958365 ], [ -112.492930066154486, 29.61116973585202 ], [ -112.493197124485945, 29.611915490147876 ], [ -112.493548101133598, 29.612434275936817 ], [ -112.493746509163003, 29.61378655401295 ] ] ] ] } },
{ "type": "Feature", "properties": { "VULNERABIL": 2.0, "fid": 19, "cat": 19, "CLAVE_ACUI": "2617", "NOM_ACUIF": "PUERTO LIBERTAD" }, "geometry": { "type": "MultiPolygon", "coordinates": [ [ [ [ -112.464105659079721, 29.586645601091295 ], [ -112.464085423372538, 29.586249080600318 ], [ -112.464100205763316, 29.585925719133741 ], [ -112.464142582693711, 29.585627997933347 ], [ -112.464201923007508, 29.585379852829615 ], [ -112.464330730614066, 29.585186761426549 ], [ -112.464519743883145, 29.585047359303644 ], [ -112.464840956427054, 29.58494981864839 ], [ -112.465348228674017, 29.584927229954189 ], [ -112.468392497884594, 29.586626627490745 ], [ -112.469765840777754, 29.586983289532231 ], [ -112.472192085375895, 29.587786256920644 ], [ -112.474442856279282, 29.588888671353718 ], [ -112.476182444409432, 29.590069286981826 ], [ -112.477159080943636, 29.591638994687884 ], [ -112.478242554613701, 29.59404410128953 ], [ -112.478761411017885, 29.595535610815816 ], [ -112.479638853384913, 29.596798243566408 ], [ -112.48140137414731, 29.599569550563974 ], [ -112.482202530679416, 29.601209828757707 ], [ -112.48273664235802, 29.602556383533951 ], [ -112.482839146895415, 29.602702413606451 ], [ -112.482190901149977, 29.602425954532194 ], [ -112.481545729322761, 29.602134876177214 ], [ -112.480766492876043, 29.601805189068426 ], [ -112.479988496555464, 29.601560079688213 ], [ -112.479211738376677, 29.601399548135458 ], [ -112.478436216371279, 29.60132359450558 ], [ -112.477661928586656, 29.60133221889053 ], [ -112.477017921237262, 29.601423985042366 ], [ -112.476504193188006, 29.601598894897766 ], [ -112.476120743937003, 29.601856949984313 ], [ -112.475867573615687, 29.602198151420559 ], [ -112.475612759469726, 29.602426575545451 ], [ -112.475381948047598, 29.602530657674613 ], [ -112.475356302303936, 29.602542222331749 ], [ -112.475098202951187, 29.602545091746151 ], [ -112.474838462272444, 29.602435183749417 ], [ -112.474608112721469, 29.602127557082262 ], [ -112.474407155467631, 29.601622211833796 ], [ -112.474235591387597, 29.600919148068449 ], [ -112.474093421065319, 29.600018365825896 ], [ -112.473502463976217, 29.599319958872577 ], [ -112.472462725398643, 29.598823921074697 ], [ -112.470974205082271, 29.598530241912243 ], [ -112.469036897249737, 29.598438906478641 ], [ -112.467583101361981, 29.598313997584349 ], [ -112.466612817798648, 29.598155531134658 ], [ -112.466126045740424, 29.597963517780801 ], [ -112.466122783170363, 29.597737962919979 ], [ -112.466055814330034, 29.597569509571183 ], [ -112.465925139406778, 29.597458157635131 ], [ -112.4657307583727, 29.597403906926715 ], [ -112.465472670984852, 29.597406757175076 ], [ -112.465242768820033, 29.597127307019004 ], [ -112.465041053678192, 29.596565556512477 ], [ -112.464867526993359, 29.595721505672881 ], [ -112.464722189833623, 29.594595154480945 ], [ -112.464677708997328, 29.593749678770585 ], [ -112.464734081278749, 29.59318507884657 ], [ -112.464828415760294, 29.593014844373691 ], [ -112.46489130524408, 29.592901354691559 ], [ -112.465079972876637, 29.592560885484062 ], [ -112.465463825122626, 29.592331056590844 ], [ -112.465618192706529, 29.591849970928131 ], [ -112.465543077945256, 29.591117629171126 ], [ -112.465238486599176, 29.590134030659332 ], [ -112.464793436715638, 29.589104983136362 ], [ -112.464705242429446, 29.588955562223763 ], [ -112.464437403604848, 29.588281743708446 ], [ -112.464232455671393, 29.587494435094545 ], [ -112.464158533178235, 29.587025687029712 ], [ -112.464105659079721, 29.586645601091295 ] ] ] ] } },
{ "type": "Feature", "properties": { "VULNERABIL": 2.0, "fid": 20, "cat": 20, "CLAVE_ACUI": "2617", "NOM_ACUIF": "PUERTO LIBERTAD" }, "geometry": { "type": "MultiPolygon", "coordinates": [ [ [ [ -112.432447965030008, 29.566550881475795 ], [ -112.431219621067811, 29.566366731331577 ], [ -112.429931147780493, 29.566493408618125 ], [ -112.429159685907564, 29.566607558857175 ], [ -112.428089314285657, 29.566650282518722 ], [ -112.430041718195483, 29.562495511941108 ], [ -112.430903686533085, 29.560661219011291 ], [ -112.433188539361524, 29.555798987759861 ], [ -112.434439873346179, 29.55849209667085 ], [ -112.437064551467003, 29.561623881145689 ], [ -112.43985707935046, 29.564154875491162 ], [ -112.441505099301381, 29.565409865349519 ], [ -112.443076844710163, 29.566899464149479 ], [ -112.444473115510789, 29.568688510891459 ], [ -112.445953289809751, 29.569647880409516 ], [ -112.447593684740625, 29.57053095634377 ], [ -112.449760513539431, 29.571040200274467 ], [ -112.451141501087804, 29.571927091853222 ], [ -112.452270710426205, 29.572817799051293 ], [ -112.453064222267457, 29.573937383855316 ], [ -112.454109512333289, 29.575053153041953 ], [ -112.455246347499852, 29.575789369327627 ], [ -112.457779471211907, 29.578919246713589 ], [ -112.459308417808003, 29.580483112211425 ], [ -112.458869147810972, 29.580518106957356 ], [ -112.458228976975292, 29.580603518170605 ], [ -112.457811025160382, 29.580684566430172 ], [ -112.45725068415237, 29.580831183940237 ], [ -112.456603998464573, 29.580923406715861 ], [ -112.455943430258515, 29.580930653693017 ], [ -112.45490800826208, 29.58071641328528 ], [ -112.453804845994625, 29.580277314428102 ], [ -112.452633951729837, 29.579613355108791 ], [ -112.451563469471481, 29.579202078485604 ], [ -112.450593389966912, 29.579043487348354 ], [ -112.449723705538844, 29.579137584179282 ], [ -112.448954410084966, 29.579484371153367 ], [ -112.448283486236107, 29.579942876850577 ], [ -112.447710933243002, 29.580513102770297 ], [ -112.447236751013151, 29.581195050165558 ], [ -112.446860940110909, 29.581988720043174 ], [ -112.446418197897074, 29.582613923887493 ], [ -112.445908525171902, 29.583070661041809 ], [ -112.445331923435873, 29.583358930713082 ], [ -112.444688394889667, 29.583478731972018 ], [ -112.444397652382634, 29.583199905175928 ], [ -112.444361811594291, 29.58320029514331 ], [ -112.443773163462311, 29.58264271723959 ], [ -112.443370035390913, 29.581519138085149 ], [ -112.443152428872978, 29.579829559072465 ], [ -112.443120339574023, 29.577573980886278 ], [ -112.442835833853181, 29.575715932654507 ], [ -112.442298921195999, 29.574255412720674 ], [ -112.441509605294897, 29.573192418120598 ], [ -112.440467884050804, 29.5725269445824 ], [ -112.440311466936876, 29.572415844885445 ], [ -112.439685801879733, 29.571971444120539 ], [ -112.439163352095534, 29.571525921581404 ], [ -112.438906157975566, 29.571317871508143 ], [ -112.438189259856046, 29.570823777581076 ], [ -112.437940527223631, 29.570668828247538 ], [ -112.437605726057328, 29.570477431237176 ], [ -112.437159767430117, 29.570195927517162 ], [ -112.436655114130346, 29.569804735727583 ], [ -112.435772327150858, 29.568968308803548 ], [ -112.434724308434795, 29.56785166906818 ], [ -112.433616190776533, 29.567045860325578 ], [ -112.432447965030008, 29.566550881475795 ] ] ] ] } }
]
}
